Name	YT Scope Project	
File	C:\Users\Administrator\Documents\TcXaeShell\TwinCAT_260713\ScopeLog\2026-08-20_Scope_2000mms_B_re.csv	
Starttime of export	134316883781540000	Thursday, August 20, 2026	17:32:58.154
Endtime of export	134316884918540000	Thursday, August 20, 2026	17:34:51.854


Name	a	Name	b
SymbolComment	A coordinate.	SymbolComment	B coordinate.
Data-Type	REAL64	Data-Type	REAL64
SampleTime[ms]	10	SampleTime[ms]	10
VariableSize	8	VariableSize	8
SymbolBased	True	SymbolBased	True
IndexGroup	61462	IndexGroup	61462
IndexOffset	0	IndexOffset	0
SymbolName	MAIN.Xpmover[0].MCTOPLC.ACT.ActPos.a	SymbolName	MAIN.Xpmover[0].MCTOPLC.ACT.ActPos.b
NetID	169.254.116.218.1.1	NetID	169.254.116.218.1.1
Port	851	Port	851
Offset	0	Offset	0
ScaleFactor	1	ScaleFactor	1
BitMask	0xffffffffffffffff	BitMask	0xffffffffffffffff
Unit	(None)	Unit	(None)
Unit ScaleFactor	1	Unit ScaleFactor	1
Unit Offset	0	Unit Offset	0

0	-0,067239566341463664	0	-0,11753583851729633
10	-0,06218147925001867	10	-0,12659761081256329
20	-0,063832487243197414	20	-0,1276757681898531
30	-0,050050680368348713	30	-0,13430344002802352
40	-0,051270399716494858	40	-0,14244894028636929
50	-0,062592168795298886	50	-0,13230029940700411
60	-0,059038969416765577	60	-0,12602177824875913
70	-0,0627851764108002	70	-0,13703849578184132
80	-0,053192089462732441	80	-0,12602249299278631
90	-0,070338504092990417	90	-0,12608274659016075
100	-0,062086845409206178	100	-0,13510398273477106
110	-0,064906858811041621	110	-0,14198018578121924
120	-0,059675683285958424	120	-0,1308775240902556
130	-0,054316051973618294	130	-0,13550162436205634
140	-0,058056544853460311	140	-0,12656768865035417
150	-0,0576387418021234	150	-0,13178591719663488
160	-0,062756593468262178	160	-0,13139586467830577
170	-0,064913714314882048	170	-0,12869085638345074
180	-0,066991355624029969	180	-0,12103536893589705
190	-0,054232199322485443	190	-0,13929089250177934
200	-0,063134876982343491	200	-0,13084700526291435
210	-0,064881069088337781	210	-0,13016849552731277
220	-0,061036032109207154	220	-0,13481037518804814
230	-0,060125398825639068	230	-0,13162711181947898
240	-0,061547093602775625	240	-0,14502628523247091
250	-0,064150259818168173	250	-0,13149957590865444
260	-0,061395130412085094	260	-0,14128458910564828
270	-0,067910923061839309	270	-0,12399329102230695
280	-0,0560811777401039	280	-0,12706390682770025
290	-0,055108425310462138	290	-0,12010868535869421
300	-0,052497738222050304	300	-0,13887017472906432
310	-0,059441984859638593	310	-0,12402271906615288
320	-0,063977179038917448	320	-0,13466673740108384
330	-0,05276828965208661	330	-0,11487767841659552
340	-0,073004952220259725	340	-0,13097275270881589
350	-0,051708500185801677	350	-0,13999001880493062
360	-0,060447714056875858	360	-0,13324091632597376
370	-0,066733754839157985	370	-0,12556758648645036
380	-0,059394636400065121	380	-0,13838468696489809
390	-0,053323493240596688	390	-0,12928484838970111
400	-0,072150734630469143	400	-0,12185255505797291
410	-0,062040706213232821	410	-0,13277582510536423
420	-0,066180719019381634	420	-0,13304461916552271
430	-0,06209745908178884	430	-0,13144932949496435
440	-0,057831330731323759	440	-0,13369467305136837
450	-0,059661156589944919	450	-0,12859721667817756
460	-0,060326005655770641	460	-0,14039566035870338
470	-0,067609618832310245	470	-0,12027210634096403
480	-0,057397467887991868	480	-0,13705432059647082
490	-0,066406762025748745	490	-0,13150263076264149
500	-0,056027710170435487	500	-0,12996496820196368
510	-0,063028140416321835	510	-0,12772701209619586
520	-0,062989459693044231	520	-0,13402220824991065
530	-0,064548871344166217	530	-0,138166241726533
540	-0,0556461532185426	540	-0,13001703675885196
550	-0,060677172839373718	550	-0,13100878849543171
560	-0,063859502757575862	560	-0,13519405264238757
570	-0,058861202843073779	570	-0,13840628976286598
580	-0,059764209242081867	580	-0,13913291013574419
590	-0,061440487706575987	590	-0,12714797018786878
600	-0,056341202092282619	600	-0,13052181303986141
610	-0,062558413103829869	610	-0,13425186498922176
620	-0,056927483536418404	620	-0,13588075595634455
630	-0,0642607918159266	630	-0,12710379196472935
640	-0,054078940017368904	640	-0,12749113260391362
650	-0,063701841108320681	650	-0,1416425421581313
660	-0,064363794954835185	660	-0,133176886264452
670	-0,068222380272642713	670	-0,13707650163323815
680	-0,059454582505570876	680	-0,12922530409436139
690	-0,05454965486390409	690	-0,13383764617689117
700	-0,063071464825094542	700	-0,12987870183542616
710	-0,055448703698350324	710	-0,12185973331389929
720	-0,063774736895156822	720	-0,13636925237053343
730	-0,0636182627321317	730	-0,13362780961134846
740	-0,057918316527410162	740	-0,12728962185688436
750	-0,071542473534360079	750	-0,14588372274336525
760	-0,060445416466659151	760	-0,13018799337611717
770	-0,066247940466697477	770	-0,13845515893821919
780	-0,05865527003418617	780	-0,13520082431209721
790	-0,05838046262762045	790	-0,13956001567763912
800	-0,057083945044634085	800	-0,12874491126786833
810	-0,054955394468593766	810	-0,12722279593851396
820	-0,0524713318352538	820	-0,14132812219084934
830	-0,058362642035623087	830	-0,12749544880414884
840	-0,05847140827016372	840	-0,13292101819003047
850	-0,057275852557870641	850	-0,13384147879986735
860	-0,05739226303706299	860	-0,13350622108747207
870	-0,067002650121597881	870	-0,12463965009212726
880	-0,053819153470196245	880	-0,1358380859881119
890	-0,052725642153196264	890	-0,12116148189068383
900	-0,057324689402734254	900	-0,12936321507768497
910	-0,055142989205031245	910	-0,13179369828959525
920	-0,066303329581251583	920	-0,130476243136134
930	-0,051612751396639331	930	-0,13303610648309275
940	-0,061920161910657676	940	-0,13359326016962853
950	-0,056764443003958019	950	-0,12849136120026794
960	-0,0575363556700456	960	-0,13685163926904742
970	-0,061293930354502674	970	-0,12881716330143261
980	-0,061704507653978724	980	-0,14035827971494647
990	-0,06729680449822241	990	-0,11789916198105066
1000	-0,059296513964276647	1000	-0,13160574568421843
1010	-0,061104979692033962	1010	-0,13733503779955147
1020	-0,065416583106152129	1020	-0,13842627387850232
1030	-0,06776513873325489	1030	-0,1216913942111869
1040	-0,058245065499745854	1040	-0,1236233695783014
1050	-0,0647529981682436	1050	-0,13528710311359335
1060	-0,051377598465644408	1060	-0,12861067370823143
1070	-0,058164922323755967	1070	-0,143505080216356
1080	-0,06447567968856413	1080	-0,13118671928692621
1090	-0,056745939040734543	1090	-0,13058705547545058
1100	-0,069960997253878027	1100	-0,1383549651551638
1110	-0,051588284909908667	1110	-0,12849847990097349
1120	-0,064827806999590634	1120	-0,12564392648266823
1130	-0,062006750753082138	1130	-0,13332898084997655
1140	-0,055487373839333241	1140	-0,12297311389208737
1150	-0,0652953813679586	1150	-0,1394509800766599
1160	-0,06652909607103405	1160	-0,12368795373783467
1170	-0,059343772730159269	1170	-0,12670878762314139
1180	-0,067695956665358492	1180	-0,13400928916914098
1190	-0,0653327858733831	1190	-0,12949604618748087
1200	-0,058382954735114727	1200	-0,13307972749695854
1210	-0,070251298873766979	1210	-0,13648027228400611
1220	-0,0636614413344495	1220	-0,1303793890186386
1230	-0,062796644383847786	1230	-0,13856615544323941
1240	-0,051840845100903879	1240	-0,13140581563973736
1250	-0,063724431261591954	1250	-0,1294671714684266
1260	-0,064691930807229445	1260	-0,12824112186498227
1270	-0,068018792218110219	1270	-0,13190451334196651
1280	-0,057753617433703643	1280	-0,12512475080198332
1290	-0,063586883893508236	1290	-0,12624697802747062
1300	-0,057777332754352664	1300	-0,1321127236771068
1310	-0,058882092129873741	1310	-0,13242679169805702
1320	-0,061211267461863221	1320	-0,125787102416905
1330	-0,056747880953849361	1330	-0,12004590542758975
1340	-0,056949553302029526	1340	-0,12202261744158885
1350	-0,067345449509011113	1350	-0,13378405305627009
1360	-0,062687116502569057	1360	-0,13178831140968114
1370	-0,070641803764873237	1370	-0,14809423270855301
1380	-0,055124816872150387	1380	-0,12067081565837802
1390	-0,060029465724312704	1390	-0,13079783001765333
1400	-0,061318499024115562	1400	-0,13111633128204026
1410	-0,049354428827505889	1410	-0,12249686113736151
1420	-0,064378024504751719	1420	-0,12597208079690367
1430	-0,070272923017361877	1430	-0,12703481253074753
1440	-0,062810654363891175	1440	-0,13824575075785925
1450	-0,06490992653853446	1450	-0,12749892488742246
1460	-0,064842164504112385	1460	-0,12477881673653819
1470	-0,071733187512792146	1470	-0,13881613220934475
1480	-0,066693167641351414	1480	-0,13179991496950358
1490	-0,056519916292891548	1490	-0,12622663890861124
1500	-0,060487672755081275	1500	-0,13920236934572439
1510	-0,068363300855326811	1510	-0,13406844532358786
1520	-0,053469460736791832	1520	-0,121399685821529
1530	-0,0609162490324233	1530	-0,12437118323010558
1540	-0,068221726441916833	1540	-0,13246835601222673
1550	-0,063287287519121577	1550	-0,12051308489800384
1560	-0,058800839830905317	1560	-0,12852471530415666
1570	-0,057019160777736881	1570	-0,11234490096877482
1580	-0,06386389351615647	1580	-0,13636669872547388
1590	-0,062828373830361522	1590	-0,13287410146528383
1600	-0,051557018055539292	1600	-0,13576706606614925
1610	-0,063930783811251432	1610	-0,1220323186529142
1620	-0,056476415810983831	1620	-0,12821249881065491
1630	-0,057022093295425964	1630	-0,12473546209144859
1640	-0,06292816588620205	1640	-0,13245919933184092
1650	-0,066004561138674478	1650	-0,14229277244586505
1660	-0,06629635233159048	1660	-0,13498349855366776
1670	-0,066128307903186676	1670	-0,12546163927007059
1680	-0,063415839439143445	1680	-0,1291647908639573
1690	-0,072471320168904119	1690	-0,13416583670928264
1700	-0,059227558709118659	1700	-0,12630576741541508
1710	-0,064425627504507643	1710	-0,12754848252892947
1720	-0,056272620010093255	1720	-0,12738928340684408
1730	-0,053745794477421	1730	-0,1412650966744928
1740	-0,063846069888291876	1740	-0,12865504166410408
1750	-0,063501516526251245	1750	-0,12823532102559743
1760	-0,055988736672859238	1760	-0,14020606075028488
1770	-0,056252016876239055	1770	-0,12255219645666876
1780	-0,061311042121612064	1780	-0,13426958807545275
1790	-0,058651338637942405	1790	-0,127300427418665
1800	-0,061044558551396511	1800	-0,12481555175698485
1810	-0,057452396119057537	1810	-0,13570631654412302
1820	-0,059195862489199946	1820	-0,12784145353712739
1830	-0,058116857915743475	1830	-0,13028754557596597
1840	-0,067485528029729708	1840	-0,13201346738923833
1850	-0,0652933209481337	1850	-0,13325877136308134
1860	-0,049372460081725272	1860	-0,12761130938113427
1870	-0,071418087515133635	1870	-0,1376560648557853
1880	-0,060949129275617839	1880	-0,13597380850647123
1890	-0,069338029668554929	1890	-0,131561602947844
1900	-0,059701732836678317	1900	-0,14586652205469411
1910	-0,058859744736108666	1910	-0,13679334147761249
1920	-0,065601877417191021	1920	-0,13490869695491511
1930	-0,055608797664917435	1930	-0,14010944871492995
1940	-0,064000142157068327	1940	-0,12695022514257476
1950	-0,066520267894590784	1950	-0,12312073264212324
1960	-0,057156997889225319	1960	-0,13158313877810834
1970	-0,059665048881876424	1970	-0,1330563036687058
1980	-0,064888425410243256	1980	-0,12630968507902243
1990	-0,061017462703480227	1990	-0,13263678878500873
2000	-0,061258458863743648	2000	-0,13622663491393439
2010	-0,0715422557758328	2010	-0,12445189567906959
2020	-0,0689795900850156	2020	-0,12609264668804207
2030	-0,058827064666038625	2030	-0,1299051836613303
2040	-0,061615322337277324	2040	-0,13005441677202922
2050	-0,069625932790508091	2050	-0,12973987338047749
2060	-0,056011738865662596	2060	-0,12731512118553381
2070	-0,066231940022348057	2070	-0,12333684232561716
2080	-0,050661155317557154	2080	-0,1337043008134145
2090	-0,058774745067892056	2090	-0,13055204481886681
2100	-0,064252334809452721	2100	-0,1282232781173297
2110	-0,056351107287048209	2110	-0,12666926046067059
2120	-0,05372509078364103	2120	-0,13222236827464751
2130	-0,057144996505846923	2130	-0,12737588308006
2140	-0,063074346620789937	2140	-0,12471760875547661
2150	-0,061776483705217704	2150	-0,12480624078075783
2160	-0,063520219269278824	2160	-0,11572207068074808
2170	-0,0634910488135301	2170	-0,13198024342087519
2180	-0,053872428690913486	2180	-0,13024143783779096
2190	-0,068932384064036151	2190	-0,13341496072588924
2200	-0,054331992313725333	2200	-0,12455054093482405
2210	-0,06215804623986259	2210	-0,13457235775696483
2220	-0,0580396011001225	2220	-0,12675810631169449
2230	-0,066885370319885368	2230	-0,1411814250638386
2240	-0,053299560859616242	2240	-0,13013796710565509
2250	-0,063147083922475478	2250	-0,11802042226109245
2260	-0,055749330152293226	2260	-0,13844926214603853
2270	-0,066133062871693252	2270	-0,13323121749409378
2280	-0,066362524316179089	2280	-0,13294146852403793
2290	-0,06499310311990722	2290	-0,13188095673434977
2300	-0,055376754586118	2300	-0,13183908100042527
2310	-0,06739132918916832	2310	-0,1345519676261264
2320	-0,059313568008897637	2320	-0,12337287415814915
2330	-0,065719838282576118	2330	-0,12091996375512591
2340	-0,066312372738371164	2340	-0,13337089376825068
2350	-0,059800298717679765	2350	-0,12421649108071671
2360	-0,065571234347375149	2360	-0,12669218775969288
2370	-0,07322291713083158	2370	-0,11779036989025933
2380	-0,06121695043944142	2380	-0,12551924456747621
2390	-0,062298593083045285	2390	-0,13279142323515125
2400	-0,06710547388164835	2400	-0,13363916489444963
2410	-0,054217326543209911	2410	-0,13600075749533258
2420	-0,061725134849330406	2420	-0,13965259977029026
2430	-0,060069914191360561	2430	-0,12975234305666414
2440	-0,062915630935944392	2440	-0,14118591745392881
2450	-0,076095444383464661	2450	-0,13261789242130917
2460	-0,0553318813756273	2460	-0,12726452882785275
2470	-0,056164273914854304	2470	-0,13539279389296222
2480	-0,053698133936422116	2480	-0,12557269912069735
2490	-0,048316913714175735	2490	-0,14489229054138891
2500	-0,062203791717659711	2500	-0,12622796701289557
2510	-0,056950479808364492	2510	-0,11143580959493692
2520	-0,057239153536408661	2520	-0,14465807032706587
2530	-0,067927288805703145	2530	-0,13028249226611136
2540	-0,049223274482070652	2540	-0,1262136470580999
2550	-0,048999477415438371	2550	-0,1344799660952099
2560	-0,0657035358765298	2560	-0,13065200813068062
2570	-0,057406614222842323	2570	-0,13548214340969575
2580	-0,067034864524688431	2580	-0,12904573175631723
2590	-0,06182351987175317	2590	-0,12960190905982802
2600	-0,055857696045264651	2600	-0,12318740256379836
2610	-0,068946466380915408	2610	-0,13282174054390977
2620	-0,064308852945344774	2620	-0,13487229215491106
2630	-0,059185426935383242	2630	-0,13074356471332527
2640	-0,064946736331314314	2640	-0,12939482924591836
2650	-0,063322892206304562	2650	-0,12183908225701433
2660	-0,069306565222384917	2660	-0,136114866400307
2670	-0,066238032465577065	2670	-0,13418373601164624
2680	-0,063380039002189859	2680	-0,125904540130668
2690	-0,068822495969789246	2690	-0,12685706936348357
2700	-0,065977197660885292	2700	-0,13720638647245029
2710	-0,06516578642327521	2710	-0,12964323713898193
2720	-0,053827693499957904	2720	-0,12224788605196559
2730	-0,060741135319405851	2730	-0,12775960738916428
2740	-0,063935019367569831	2740	-0,13594025391324882
2750	-0,066688717925539251	2750	-0,12749653096960456
2760	-0,08021002439233646	2760	-0,12788136142027334
2770	-0,11693338362658147	2770	-0,14249214279250544
2780	-0,18271451476332526	2780	-0,11800056468381427
2790	-0,23529587203750066	2790	-0,1027849417233387
2800	-0,23536161748265727	2800	-0,093420566029536023
2810	-0,21965961533976422	2810	-0,081248199632197426
2820	-0,16233336027172018	2820	-0,095028209325101629
2830	-0,11675258375382677	2830	-0,099529320196086457
2840	-0,0884634574824685	2840	-0,11117521654513747
2850	-0,0753759885583935	2850	-0,1265738457584708
2860	-0,059897090879793259	2860	-0,12473622774267852
2870	-0,06892679576164551	2870	-0,12025783776075839
2880	-0,063796369920236892	2880	-0,13220642867467872
2890	-0,0783411989750072	2890	-0,13201634862543793
2900	-0,059230696536096895	2900	-0,1246468233553953
2910	-0,066527403637868368	2910	-0,1221739886463671
2920	-0,063781003656118565	2920	-0,1209980826283705
2930	-0,069479496761550422	2930	-0,11752993010175064
2940	-0,082669962230096872	2940	-0,12708500286961913
2950	-0,063016165959994055	2950	-0,12133059907297197
2960	-0,062599909877110657	2960	-0,12975354144847276
2970	-0,064187317915129063	2970	-0,12303051842200338
2980	-0,064759212610204	2980	-0,13422938618352659
2990	-0,06959585946283707	2990	-0,13032825659052935
3000	-0,071475921223670871	3000	-0,12900745727142987
3010	-0,055073791167783034	3010	-0,11916566843911686
3020	-0,0722774439544651	3020	-0,12007582289694699
3030	-0,055512054432876615	3030	-0,11539954797180531
3040	-0,0751986235229001	3040	-0,13419076744559194
3050	-0,064961692272769211	3050	-0,12417167686495496
3060	-0,073707685074464277	3060	-0,1127823295940515
3070	-0,066834797230663087	3070	-0,11054926724570292
3080	-0,0692469449093827	3080	-0,13367607792311834
3090	-0,077121071918561046	3090	-0,13660907615501286
3100	-0,047658528756852295	3100	-0,13475575846387705
3110	-0,074562188683680031	3110	-0,12442301367579299
3120	-0,070006301371616328	3120	-0,11884506079155419
3130	-0,067661596574791358	3130	-0,12796759826153931
3140	-0,067343511866000683	3140	-0,11721568497186105
3150	-0,079674807915083148	3150	-0,11339087842026545
3160	-0,0705583149751161	3160	-0,13251778392681038
3170	-0,072949844499441363	3170	-0,12585054906522961
3180	-0,062633699873747062	3180	-0,12165991665975189
3190	-0,076880282064282657	3190	-0,12336873265402841
3200	-0,078430250257368328	3200	-0,13468373297040978
3210	-0,076879597130046023	3210	-0,12862896287410724
3220	-0,06471480800075162	3220	-0,12522034226435019
3230	-0,068631981547915763	3230	-0,1305401520853004
3240	-0,0711780195147762	3240	-0,12487404248019986
3250	-0,06580590786474956	3250	-0,12185401427930508
3260	-0,072472455913932379	3260	-0,13117023364750058
3270	-0,074413154965876513	3270	-0,12480192170978802
3280	-0,071667470730231664	3280	-0,13579356423796438
3290	-0,070313527619437238	3290	-0,13764836530840433
3300	-0,07044934462676801	3300	-0,12881815907924907
3310	-0,0809602265444218	3310	-0,12688294721831919
3320	-0,08036447333556751	3320	-0,12912852508684963
3330	-0,08198568212202989	3330	-0,12864706829487374
3340	-0,072058544661981153	3340	-0,11878452184394962
3350	-0,067368299282050292	3350	-0,13070415838358707
3360	-0,083017606588736081	3360	-0,12357712258904821
3370	-0,074383465233060025	3370	-0,11446393784618658
3380	-0,074238872117054752	3380	-0,12242587853316427
3390	-0,074910559358632584	3390	-0,12601705184674109
3400	-0,070202638349072144	3400	-0,12918263363469396
3410	-0,082753869091089741	3410	-0,1280460062606392
3420	-0,070477343407150631	3420	-0,094202464959102589
3430	-0,077797814558227457	3430	-0,11571165498996786
3440	-0,077843869987348088	3440	-0,12640141564078991
3450	-0,0615728252168638	3450	-0,12177927229993876
3460	-0,0785424096600506	3460	-0,1234224787182024
3470	-0,081074973375921039	3470	-0,12923335992304513
3480	-0,070081694882577691	3480	-0,109573205183903
3490	-0,070498148057179286	3490	-0,10859452048651661
3500	-0,090959903189154673	3500	-0,12439614837279879
3510	-0,075516765624775439	3510	-0,125877654872646
3520	-0,07474969632028218	3520	-0,11343978603598209
3530	-0,058704936777361334	3530	-0,128117053023729
3540	-0,082055575565257263	3540	-0,12958868840826712
3550	-0,072059382146239415	3550	-0,12839382513892089
3560	-0,077008232598261561	3560	-0,12165388640431617
3570	-0,076641523882225518	3570	-0,11656262673075017
3580	-0,074920224477232733	3580	-0,12046572212842829
3590	-0,079384540175529913	3590	-0,12971273885632323
3600	-0,055488962499873673	3600	-0,12391440833560989
3610	-0,066226514251083612	3610	-0,13736768278785447
3620	-0,08212401176565591	3620	-0,12297772325709427
3630	-0,075622347746908541	3630	-0,12253655205582709
3640	-0,076289900158930071	3640	-0,12866043547485564
3650	-0,070610167977577631	3650	-0,1214973338326904
3660	-0,078142834346912729	3660	-0,12528807794215585
3670	-0,080951070014841642	3670	-0,13417197612332588
3680	-0,076355194963557291	3680	-0,12081165177478972
3690	-0,079080611629453124	3690	-0,13384429381811117
3700	-0,081295042098267128	3700	-0,13542163066927382
3710	-0,07418668097980366	3710	-0,10648625075964968
3720	-0,067006184539248823	3720	-0,12393958068912696
3730	-0,078473689089782653	3730	-0,12942396243858415
3740	-0,061994793089457392	3740	-0,12225680267420054
3750	-0,071297375578419475	3750	-0,12358140287184283
3760	-0,074054584725695233	3760	-0,12445104813342904
3770	-0,079461200877541188	3770	-0,1313792312939524
3780	-0,073190187933814987	3780	-0,12056642006939013
3790	-0,064818170072721323	3790	-0,12163134707784966
3800	-0,062355052466906154	3800	-0,13312445148103591
3810	-0,069470716797789114	3810	-0,13018378268274872
3820	-0,065121657538655564	3820	-0,12282348140225681
3830	-0,065839797471337086	3830	-0,12336644985119619
3840	-0,072085073540551867	3840	-0,13540976401874097
3850	-0,085732319383024211	3850	-0,11452801082293942
3860	-0,078855584205654389	3860	-0,13906133525937439
3870	-0,0746154488069261	3870	-0,12791885167221678
3880	-0,072094433941457564	3880	-0,12413261922428306
3890	-0,08402883948492143	3890	-0,12354774724407096
3900	-0,069610935928658149	3900	-0,12363348686162046
3910	-0,070200665340038632	3910	-0,11632403907153532
3920	-0,059456462325655164	3920	-0,1273387044939652
3930	-0,072200989960100145	3930	-0,11009289870494114
3940	-0,063995690994199411	3940	-0,13091492384316911
3950	-0,069872341053782525	3950	-0,11432532066480476
3960	-0,083039883252963145	3960	-0,13049517768052174
3970	-0,0841894912787367	3970	-0,1240466339576103
3980	-0,077377844536936316	3980	-0,12231955654476345
3990	-0,073384801575547332	3990	-0,12638887912172811
4000	-0,074877248555036718	4000	-0,11334134938981018
4010	-0,0742248722911326	4010	-0,13866641315567863
4020	-0,0615488302581128	4020	-0,12306828779752717
4030	-0,078721923172851191	4030	-0,11940992937009076
4040	-0,070414233865918524	4040	-0,1296317510045398
4050	-0,07989153529125298	4050	-0,12434976470661949
4060	-0,077860088069374125	4060	-0,13216425093009057
4070	-0,078880748767728	4070	-0,11751273285437018
4080	-0,070423557542467069	4080	-0,13323466021271857
4090	-0,064539590877752434	4090	-0,10563667292168603
4100	-0,072336495151352737	4100	-0,10183259855046263
4110	-0,069587657970474059	4110	-0,12275463651836505
4120	-0,06640217011441843	4120	-0,10714090447612941
4130	-0,061411416964694834	4130	-0,13309550065219139
4140	-0,0829839968246587	4140	-0,11385496392039003
4150	-0,067642893696543666	4150	-0,12801337156801346
4160	-0,075449305297095912	4160	-0,11480418976375538
4170	-0,069283866051236043	4170	-0,11825241545187772
4180	-0,072236561637674612	4180	-0,13224721751023061
4190	-0,057110178129858753	4190	-0,12811009772704557
4200	-0,07450115653829574	4200	-0,12230250103322592
4210	-0,079635825242792266	4210	-0,11664284445768867
4220	-0,068064808020359774	4220	-0,12070062760769203
4230	-0,083205641033598746	4230	-0,11055637253040659
4240	-0,069752136330933356	4240	-0,1282743201429303
4250	-0,078526756514912907	4250	-0,11596052308735885
4260	-0,0668430157176356	4260	-0,12480021811438738
4270	-0,061343986004207929	4270	-0,11490639779184629
4280	-0,066791144397127536	4280	-0,104992337001749
4290	-0,068152960317508837	4290	-0,12596286791902919
4300	-0,061540965545910362	4300	-0,11641271872193963
4310	-0,0711105632394235	4310	-0,12518477459709071
4320	-0,066825742064757943	4320	-0,12556449511752488
4330	-0,0677936252511773	4330	-0,11417011874702293
4340	-0,077352729389453992	4340	-0,11430092523174043
4350	-0,062701921921540865	4350	-0,12394285931829241
4360	-0,068369814100496543	4360	-0,12056216666775506
4370	-0,065942662711892225	4370	-0,11489353904275823
4380	-0,066033055116601944	4380	-0,11685959396102881
4390	-0,069636866472347722	4390	-0,11479348333003275
4400	-0,061261117058588312	4400	-0,12145117214038392
4410	-0,062066144300133366	4410	-0,11805105524054375
4420	-0,074985309989220636	4420	-0,12461013876075629
4430	-0,058360194605613272	4430	-0,11510537572633518
4440	-0,05311171999430514	4440	-0,1071232559530679
4450	-0,0698386803931225	4450	-0,11186261624758026
4460	-0,073334988912630017	4460	-0,12539027943946213
4470	-0,081274460714435379	4470	-0,1147475788214354
4480	-0,063444287780586278	4480	-0,11607868338601091
4490	-0,07060177725177523	4490	-0,11943324160543348
4500	-0,068571909004888562	4500	-0,11992742036028092
4510	-0,061785196371804643	4510	-0,124323320475703
4520	-0,073136927346601543	4520	-0,12300127652514878
4530	-0,081002540262898992	4530	-0,11474754511862417
4540	-0,076641806144957664	4540	-0,11848797962235959
4550	-0,077875214364565	4550	-0,12025469443059089
4560	-0,0784023995154708	4560	-0,12336621805216
4570	-0,078039604959837	4570	-0,12886469178705637
4580	-0,065682501690127015	4580	-0,13030085955612883
4590	-0,066694181066173044	4590	-0,11479252039759713
4600	-0,056828473971943849	4600	-0,11138159968135539
4610	-0,085649806905108886	4610	-0,12269468020929554
4620	-0,052407497696341732	4620	-0,11449960755248495
4630	-0,07102147123452987	4630	-0,12096463878061614
4640	-0,075233539545973963	4640	-0,12086645009531577
4650	-0,07440455923919799	4650	-0,11044185982636171
4660	-0,079746263094606362	4660	-0,10736464695619566
4670	-0,061875038516925648	4670	-0,13173750992723343
4680	-0,064605431248599493	4680	-0,13452997175099055
4690	-0,080591645798322287	4690	-0,099430817285729625
4700	-0,066862126957627666	4700	-0,12398527100575905
4710	-0,078010047932353638	4710	-0,12075873353127227
4720	-0,073839109564942634	4720	-0,11585454868699
4730	-0,062950158653040864	4730	-0,11348451028991281
4740	-0,0708676211967245	4740	-0,11820091242988812
4750	-0,062592450164999008	4750	-0,11839334800239565
4760	-0,07244162125281714	4760	-0,12082928887715171
4770	-0,05530287908403754	4770	-0,117849041231949
4780	-0,080168788703374724	4780	-0,1220675395024025
4790	-0,068968738380983663	4790	-0,11592298189973647
4800	-0,069134461003656666	4800	-0,12249248032325033
4810	-0,078995315085928289	4810	-0,11583891664856429
4820	-0,075813951120921472	4820	-0,12384577133275634
4830	-0,0830170526572675	4830	-0,12197847957691922
4840	-0,065038515335124045	4840	-0,11981474975298211
4850	-0,060605103860315764	4850	-0,11541517535884406
4860	-0,067251601457431281	4860	-0,11523343304464367
4870	-0,085554142616314721	4870	-0,12182852216539283
4880	-0,063354960944573838	4880	-0,11122087873119962
4890	-0,0688297070859814	4890	-0,10966658027523418
4900	-0,0799801400793754	4900	-0,11773305782546806
4910	-0,064586314932817052	4910	-0,11777546798647651
4920	-0,077741224641068682	4920	-0,12746382266110984
4930	-0,069277417087027379	4930	-0,11380755202674123
4940	-0,058154313763359278	4940	-0,11020807923029995
4950	-0,072943635919657579	4950	-0,10771306860225252
4960	-0,0635571074043052	4960	-0,12010567690613985
4970	-0,071684606928574854	4970	-0,12108411188906705
4980	-0,07262441576705779	4980	-0,12376102962650991
4990	-0,056809670223672622	4990	-0,11713397654380185
5000	-0,052268582586449813	5000	-0,10992735012511772
5010	-0,076495082759617139	5010	-0,12971006308655875
5020	-0,053468060205309677	5020	-0,12328010050310308
5030	-0,0760263560173621	5030	-0,112180360009117
5040	-0,082660540964259469	5040	-0,11715108871696293
5050	-0,077526561079055381	5050	-0,12075498257474047
5060	-0,071750165364717913	5060	-0,12300964158898309
5070	-0,062894075781753767	5070	-0,1075137303156411
5080	-0,066760331856124719	5080	-0,11821996817299946
5090	-0,05988567769911305	5090	-0,11855111977243067
5100	-0,077329446005600849	5100	-0,10679284513965108
5110	-0,063623162541779021	5110	-0,1195601754213879
5120	-0,073113802187002169	5120	-0,12701368953546721
5130	-0,056482704654670979	5130	-0,1097960778558654
5140	-0,06199921211131644	5140	-0,11117297359985855
5150	-0,0734839030935677	5150	-0,11002748156679933
5160	-0,0640063470717992	5160	-0,1124937358788083
5170	-0,06098473411889075	5170	-0,12494015524851958
5180	-0,067418988520416473	5180	-0,09930214267183346
5190	-0,07363041412315996	5190	-0,11628093298750873
5200	-0,060765986627226536	5200	-0,11996473848924244
5210	-0,078579094056416027	5210	-0,12955226410516935
5220	-0,069636229642936143	5220	-0,11444526306338938
5230	-0,062029261542421957	5230	-0,1228430444426369
5240	-0,058973696082717048	5240	-0,1114583374306841
5250	-0,092790032998205929	5250	-0,1238384073236094
5260	-0,079419178675972382	5260	-0,11679019311899273
5270	-0,074499783395266639	5270	-0,12710590406200914
5280	-0,07493568703223541	5280	-0,11309798775546799
5290	-0,06605188364358186	5290	-0,10969480245653246
5300	-0,069072617395640759	5300	-0,1020760270890244
5310	-0,062055570228643241	5310	-0,10644654382602146
5320	-0,070485281974772759	5320	-0,12534489942828178
5330	-0,081390891327579359	5330	-0,11155773442666397
5340	-0,077743359332465886	5340	-0,11662990375801415
5350	-0,057264478108620925	5350	-0,12213690081027231
5360	-0,060129816393403882	5360	-0,13071073954536733
5370	-0,0524391480614498	5370	-0,10818356885728778
5380	-0,070586609920604448	5380	-0,10758089784296468
5390	-0,055028538770487349	5390	-0,11613950192341037
5400	-0,065599359550755784	5400	-0,11761123479675706
5410	-0,061917347236887472	5410	-0,10431321543083864
5420	-0,055651658269236362	5420	-0,1181221181976662
5430	-0,064236975625699466	5430	-0,12541414261245248
5440	-0,064249124492488915	5440	-0,11865727583144337
5450	-0,064841613523519193	5450	-0,12253809564137673
5460	-0,069804606434017036	5460	-0,11439401545147225
5470	-0,077381655580420372	5470	-0,12374969440873532
5480	-0,065602154860970721	5480	-0,1216710479819124
5490	-0,0703807439571944	5490	-0,11237015700494327
5500	-0,071770366062283777	5500	-0,10469342061865775
5510	-0,077011733810445182	5510	-0,12949011228134363
5520	-0,069964798606955689	5520	-0,11894843840860897
5530	-0,0629897806424538	5530	-0,13424100429906882
5540	-0,076153590371501337	5540	-0,1168309526760536
5550	-0,048170936676066894	5550	-0,11432799194730024
5560	-0,067954818417085713	5560	-0,11256912309480724
5570	-0,071420342456214	5570	-0,10289455577205905
5580	-0,066378466304288258	5580	-0,12749727827406468
5590	-0,064964247098674349	5590	-0,11858227404126502
5600	-0,064884084694224964	5600	-0,12755583201705678
5610	-0,062382214653801241	5610	-0,10972728323912806
5620	-0,068690307425616812	5620	-0,11011972715255056
5630	-0,082799805426221632	5630	-0,1233303559969009
5640	-0,071858687448782668	5640	-0,12823491248112409
5650	-0,060620725950658108	5650	-0,11401617771558871
5660	-0,071952632774274883	5660	-0,12118442163679141
5670	-0,079418885590467586	5670	-0,11603048897688499
5680	-0,050277931045945731	5680	-0,12555500273132286
5690	-0,06642789598033419	5690	-0,11131782721481015
5700	-0,070180687385169943	5700	-0,11836548511274588
5710	-0,079718036501591857	5710	-0,12422327457677232
5720	-0,064937710158383483	5720	-0,10097379466624903
5730	-0,06505654279914487	5730	-0,11252505552997948
5740	-0,060392246347317081	5740	-0,114737485832562
5750	-0,077881067690238032	5750	-0,11946024593265429
5760	-0,066529993093365242	5760	-0,13047128542677025
5770	-0,066938129935142587	5770	-0,12310662980052409
5780	-0,075921675425119725	5780	-0,11944306028216831
5790	-0,070009985991776075	5790	-0,11620985289826442
5800	-0,073149619575119465	5800	-0,11361564126981311
5810	-0,059937034677268713	5810	-0,10762803396941426
5820	-0,069064599543598351	5820	-0,11884874022149691
5830	-0,071438260812347623	5830	-0,12809003811872396
5840	-0,072258237978577361	5840	-0,13091752675227952
5850	-0,07507953690946248	5850	-0,11450091346490411
5860	-0,063128901904603685	5860	-0,11174856938078451
5870	-0,0858865474079759	5870	-0,10697444329496031
5880	-0,0497627003633275	5880	-0,11464747475192885
5890	-0,082846578829052719	5890	-0,11403215041294865
5900	-0,066643335298495227	5900	-0,11383594082832783
5910	-0,072210683536670289	5910	-0,099978663409205984
5920	-0,063917076431900838	5920	-0,11071274015257586
5930	-0,0679304966919625	5930	-0,12189563808375843
5940	-0,0858522447504143	5940	-0,12253198003149173
5950	-0,0795685727612307	5950	-0,1203216607363428
5960	-0,076602582452362067	5960	-0,11994728792893222
5970	-0,057053306606428544	5970	-0,11811619643964169
5980	-0,075361868301871873	5980	-0,12545155985243298
5990	-0,073665399042765742	5990	-0,11480736039542681
6000	-0,0651869293799156	6000	-0,12678010461881975
6010	-0,076676299885834354	6010	-0,11104087440214125
6020	-0,075192402865651556	6020	-0,1134194615931567
6030	-0,068026510834496082	6030	-0,11562105208355927
6040	-0,058913781651278148	6040	-0,11938932468012677
6050	-0,073588705974707388	6050	-0,11449304264949553
6060	-0,064927724627685243	6060	-0,12402620298439013
6070	-0,0629998320101393	6070	-0,11293030672896097
6080	-0,0792473475034965	6080	-0,12313493626365468
6090	-0,067404830401120219	6090	-0,11008703977947762
6100	-0,073656720207586332	6100	-0,11060572665910183
6110	-0,067057315728490149	6110	-0,11780987422145459
6120	-0,054721987189511524	6120	-0,12170295112580458
6130	-0,061862277918228313	6130	-0,12034862157657841
6140	-0,0688131942555349	6140	-0,12762328942087753
6150	-0,0713950669462016	6150	-0,12011229639087694
6160	-0,065961688172504265	6160	-0,10333274124790853
6170	-0,066641769856324251	6170	-0,12420952998997474
6180	-0,078856884069985755	6180	-0,12731123672247391
6190	-0,066125611704968321	6190	-0,11395129712489685
6200	-0,061717316149129273	6200	-0,10373567380561033
6210	-0,075109945510506343	6210	-0,11877586133132183
6220	-0,067428701022233681	6220	-0,13152662507595564
6230	-0,068443694032013488	6230	-0,11296042274644977
6240	-0,078535505206567741	6240	-0,11257082462896736
6250	-0,069595008465610758	6250	-0,11351067723437006
6260	-0,0656663053487247	6260	-0,11714424529705231
6270	-0,071594981123290671	6270	-0,12246597143095633
6280	-0,067101585340696074	6280	-0,11661317511811717
6290	-0,074644651373003315	6290	-0,11693867706802832
6300	-0,072629331746929829	6300	-0,11584602905702215
6310	-0,067497231481022046	6310	-0,12902014771552645
6320	-0,078862581185768388	6320	-0,12003146674121193
6330	-0,0560926351279155	6330	-0,12182478323558987
6340	-0,071740841114022041	6340	-0,10733021697728008
6350	-0,060973425260532947	6350	-0,11893896022477073
6360	-0,076935560068320447	6360	-0,11668599556598323
6370	-0,078168063003054747	6370	-0,12472031465644545
6380	-0,0750741725940582	6380	-0,1134709545337492
6390	-0,051447146484464391	6390	-0,12875407902235861
6400	-0,077180622168640078	6400	-0,1411398714502681
6410	-0,064867097543884922	6410	-0,11989001443138014
6420	-0,061333590975365365	6420	-0,1059946630810861
6430	-0,084028673396357209	6430	-0,12667326853504241
6440	-0,067958330166063771	6440	-0,12067979131297289
6450	-0,063170430754434181	6450	-0,10470457247794422
6460	-0,0699785273146249	6460	-0,11863353208097607
6470	-0,071958123435296853	6470	-0,1105901783681356
6480	-0,069826773074178408	6480	-0,11633405275485968
6490	-0,072468243330614107	6490	-0,11742676080593316
6500	-0,0674313608538573	6500	-0,11218190305017277
6510	-0,06291598036225754	6510	-0,12788176355733644
6520	-0,069936973620467024	6520	-0,1038583329775337
6530	-0,076098531591679133	6530	-0,098778414349359731
6540	-0,060699075659069394	6540	-0,087656455393437818
6550	-0,064973079806235567	6550	-0,065759547924860176
6560	-0,060082323298251437	6560	-0,067608146269183073
6570	-0,054959938282239787	6570	-0,045511385727198796
6580	-0,0696951798608775	6580	-0,027123502055318934
6590	-0,071416915246620527	6590	-0,013753334371174561
6600	-0,069917375156170747	6600	-0,0028613503588314627
6610	-0,076358782219310015	6610	0,0048262692353886628
6620	-0,069855977598165836	6620	-0,0024662110476934181
6630	-0,07689783976349826	6630	-0,0031090766623280038
6640	-0,0735824604283396	6640	-0,00056658124624210042
6650	-0,064160839102631248	6650	-0,012858820260588278
6660	-0,055862150029841941	6660	-0,01428899274452509
6670	-0,063597556005819178	6670	0,0038269369365144315
6680	-0,065400630858522019	6680	-0,0029183719630622553
6690	-0,08359100803312286	6690	-0,0013782289081430538
6700	-0,068648427185626	6700	-0,010432655297683542
6710	-0,079986887086485256	6710	-0,0063714656943404105
6720	-0,054669125584799028	6720	5,2825137251986391E-05
6730	-0,076339183851990913	6730	0,012736760174438446
6740	-0,078464489085760661	6740	0,0091276636624285663
6750	-0,0563391887501252	6750	-0,005172063023270731
6760	-0,063593157841883061	6760	-0,0025183529576429877
6770	-0,058015130921372	6770	-0,0090750154156541262
6780	-0,060286690307988534	6780	-0,010280231463077
6790	-0,082324574031404557	6790	-0,0052283497057646917
6800	-0,071297808536884333	6800	-0,0071588651747068735
6810	-0,086078390059943929	6810	0,011100540273264013
6820	-0,058596788192848706	6820	0,0046364388648297136
6830	-0,070441631833599347	6830	-0,013873427877712959
6840	-0,0768377490589149	6840	0,0080356931970093654
6850	-0,071170584287955016	6850	0,0019556643893120116
6860	-0,061885229751661559	6860	0,011878066235452815
6870	-0,063165952552917959	6870	-0,0028268390876701908
6880	-0,062891643219333868	6880	-0,0017852803906712438
6890	-0,079393739728875354	6890	0,01045940714633138
6900	-0,0743393902779467	6900	-0,0052706746947638588
6910	-0,065352459347671255	6910	-0,0055084764815440885
6920	-0,064043263385039725	6920	0,0030770089174820088
6930	-0,071387213466592464	6930	-0,0038636205208091106
6940	-0,0695133641962768	6940	0,010155993809929187
6950	-0,06522201039084001	6950	0,017296217392590178
6960	-0,05754009592675606	6960	0,010404273539197633
6970	-0,079887792758385465	6970	-0,0052976997220399568
6980	-0,077807617809972363	6980	-0,0048875497161018876
6990	-0,06638258825015031	6990	0,010419747524165779
7000	-0,065984944039460883	7000	-0,0034614983909562872
7010	-0,069998921196367608	7010	-0,0024898947834508666
7020	-0,068335490420519077	7020	0,011999798389968541
7030	-0,063970803415093772	7030	0,0091543849050891735
7040	-0,056586175245345122	7040	-0,010920202369070679
7050	-0,082524138035069347	7050	0,002766372815502377
7060	-0,078772742542577392	7060	0,007465328477849649
7070	-0,05314519583576429	7070	0,012884697233459063
7080	-0,054550868846131216	7080	-0,0057451395428244293
7090	-0,027216850137435786	7090	-0,0042427454855556877
7100	-0,036667554812443492	7100	0,00041289534457130864
7110	-0,029715097197900754	7110	0,0062983420333135526
7120	-0,025690931002933022	7120	-0,0050466659802172438
7130	-0,00885526444481405	7130	-0,0086131750166471271
7140	-0,0022640189264119446	7140	0,0049135254445862994
7150	0,00058027907506459663	7150	0,012437090853465617
7160	-0,00060612291539173622	7160	-0,0064302154903351947
7170	-0,0040131347478943044	7170	-0,0031443643215827185
7180	0,0083242046552171583	7180	0,0081484725422856
7190	-0,0185163610720514	7190	-0,013280901730731386
7200	-0,0022280510027357708	7200	-0,00072943535017938631
7210	-0,0028334706210623108	7210	-0,00077491367190737741
7220	-0,0061592788648291794	7220	-0,0065382958106650381
7230	-0,010104198463596425	7230	-0,0071667879988180413
7240	0,0050607939490807767	7240	0,0034658786646123469
7250	-0,015391184937961893	7250	-0,0050694638043859552
7260	-0,0082022358685503935	7260	0,016381109881550119
7270	0,0025562921568102774	7270	3,5686032244552504E-05
7280	-0,0029638930406245207	7280	0,020232852119118457
7290	-0,008847041948141213	7290	-0,0061264286170356341
7300	0,0020555817435905827	7300	0,00015310901003764236
7310	-0,0077154164701115913	7310	-0,0076416359712516866
7320	0,0060128848295024117	7320	0,0014482966881372559
7330	0,0067029453852256483	7330	-0,0026725633152538887
7340	0,011616422468600717	7340	0,0038399725508610305
7350	0,0090217835664688842	7350	0,013573251535477487
7360	-0,0010835215056278287	7360	0,00082367643586426609
7370	-0,00037407966326850276	7370	-0,0047836136277927153
7380	0,0013760427491135777	7380	-0,0027744617869472107
7390	0,0021152318218928532	7390	0,00033298890976866431
7400	-0,0041951597045092187	7400	0,0060443533889145461
7410	-0,016876458139122592	7410	-0,0020174657283304363
7420	-0,008522189132382502	7420	0,0057239475978505894
7430	-0,0019487424902997325	7430	-0,014347708254080971
7440	-0,0025963164294626711	7440	0,0070446699293989249
7450	0,013888047827671569	7450	0,011309806375258663
7460	0,012837253677973308	7460	-0,00058344495960569
7470	0,0051931179138748982	7470	-0,010076393613403118
7480	0,0053111251249653105	7480	0,01728558745167736
7490	0,0094446473903692617	7490	0,013577569339143388
7500	0,0096825733023529047	7500	-0,0071937696934686792
7510	-0,0065036048150267619	7510	-0,011644528343515401
7520	0,0044753101879760554	7520	0,0017561523592506993
7530	0,0013114866109437643	7530	0,0056017415200833769
7540	0,0041700435839535695	7540	-0,0038245182784511552
7550	0,014222191649596389	7550	0,0024747104960239196
7560	0,0034258834622326031	7560	-8,793178145944866E-05
7570	-0,0051211773628305184	7570	-0,0018140323698346652
7580	0,0091088645338084345	7580	-0,014221945509026694
7590	-0,0033274845456984685	7590	-0,007151355683029873
7600	-0,012926625949532696	7600	-0,00052192889269121431
7610	0,0025489906797435975	7610	0,010799855690767251
7620	-0,0023901009847993953	7620	0,0018167704763752447
7630	0,0053371430558569006	7630	-0,0058852593848872023
7640	-0,0033663615241294664	7640	-0,0052091155921853939
7650	-0,00013494394400119942	7650	-0,0013367902752196314
7660	0,022420245921590778	7660	-0,00010514566615400765
7670	0,0033800013084842474	7670	0,0080817020728145162
7680	0,0077003224712762532	7680	-0,0016231979071232546
7690	-0,0117812029236704	7690	0,015582529304400482
7700	-0,0020801370361467788	7700	0,00014951246256272521
7710	-0,0081264055983562913	7710	0,0075296157085220613
7720	-0,0047645178358083125	7720	0,0050371742309816732
7730	0,0011005718943963452	7730	0,011755414115600689
7740	0,0065840827157502843	7740	0,0045582914388416357
7750	-0,0095738620856496912	7750	-0,015462336507238482
7760	0,00094789898275697386	7760	0,0072705697677531121
7770	0,00927742721082359	7770	0,0014038553805713239
7780	0,0073403288606424281	7780	-0,006628293888811634
7790	0,0060827371551975071	7790	0,0038967288488434893
7800	-0,0020619048168778182	7800	-0,0066026387119489825
7810	-0,0088600169184379282	7810	-0,0075912089761819889
7820	0,0021786490019752463	7820	-0,0041847218060242775
7830	0,0077571525003322095	7830	-0,00013295828674218224
7840	-0,0066095573638901648	7840	0,0087310711723002817
7850	0,00095903111209516589	7850	0,015978681302640015
7860	0,0020904357076147917	7860	-0,0023194079482376077
7870	0,0069128025252840038	7870	-0,0021351965499882028
7880	-0,0037838158993730568	7880	0,0040854836331813754
7890	-0,014416056806576464	7890	-0,00075299958946042336
7900	0,0066780582909890624	7900	0,0017505536523517748
7910	0,0047853013108350483	7910	-0,0099845586189289074
7920	0,0013696780754338179	7920	0,0100360343730101
7930	-0,012704243909672093	7930	-0,0071544401619479505
7940	-0,0014405088405917007	7940	0,0066817859255721224
7950	0,0073578041750624549	7950	0,012301355016665076
7960	0,00066874357028327478	7960	0,010665787474588646
7970	0,0070644694643421414	7970	0,0036533730402454417
7980	0,0054316128884832364	7980	-0,0023263818575100341
7990	0,0018126819961971777	7990	0,00077768321138788022
8000	0,015574765845768062	8000	0,00053926270292252009
8010	0,00241304419494946	8010	0,0093101108016280885
8020	-0,00010073277456171668	8020	-0,013974279791024332
8030	0,0025401223234321991	8030	0,003028030486239279
8040	0,001824119896718375	8040	-0,0013856179349672889
8050	0,002047636467016454	8050	0,0011391673194036142
8060	-0,0049424865034312588	8060	-0,0043905158490926913
8070	-0,0047677091943427756	8070	0,0039288867665028225
8080	0,00026027176369744948	8080	0,0029838438695020076
8090	0,00846206627461381	8090	0,0069050737497733721
8100	-0,0012538175315273477	8100	0,0036237260072669048
8110	0,017878143332848633	8110	-0,011095137397750057
8120	0,00026007817382098805	8120	-0,0079716653971890622
8130	0,0077561167878031339	8130	0,0047526694908578962
8140	-0,010842429884506691	8140	-0,0040085066964098848
8150	0,0013781094233787676	8150	0,014099888742518489
8160	-0,0015315348545227165	8160	-0,010070149952269351
8170	-0,002089835887285482	8170	-0,00268424095985348
8180	0,0075295937094713473	8180	-0,0017930309525401908
8190	-0,0076024613682403284	8190	-0,0034505191724787045
8200	0,011475251175258749	8200	0,000791068255225296
8210	-0,0049710775863756372	8210	-0,0046555922457421472
8220	0,001025939650212737	8220	0,00401879389740236
8230	-0,00604012012761706	8230	0,0035925296784999794
8240	0,01033487377951417	8240	0,0036727642697342152
8250	0,0010072474265145908	8250	0,0045444516440780614
8260	0,010811793666969546	8260	0,0073694914688564967
8270	0,0067975482189137374	8270	-0,00019854988802886907
8280	-0,0111822182781616	8280	0,0062033105187048769
8290	-0,00207515515368099	8290	0,010961556294852863
8300	0,0011699670671770979	8300	-0,0045311337602191616
8310	-0,0045180277119639244	8310	-0,0020740933494884017
8320	-0,006328386938999668	8320	0,006365377463516249
8330	-0,0045450439370430086	8330	0,0029646935972431204
8340	0,012575760414948022	8340	0,0039388535086656937
8350	-0,011278570705243678	8350	0,00080025724019785213
8360	-0,0067168127409821263	8360	0,0052936758990412064
8370	-0,012766033920378405	8370	0,024739719744990552
8380	-0,0083049822549688124	8380	-0,00055845732486386915
8390	3,3884197156127141E-05	8390	-0,0029534188697700591
8400	0,0019085414791691609	8400	-0,006808455789015358
8410	0,012203464833216833	8410	0,0004824703038767452
8420	0,0029317438060403379	8420	-0,0038690620005157775
8430	-0,0039974124755943119	8430	0,0046987875115697695
8440	-0,0050986907510022	8440	0,00029141419830768845
8450	0,0090299105700320757	8450	-0,0083860777539720328
8460	-0,0001085313396487491	8460	0,011571253700852047
8470	-0,014333836604312811	8470	0,00766224462290496
8480	0,0090876507871627613	8480	-0,0010690343293013375
8490	-0,0016257002910671002	8490	-0,010072110083173149
8500	0,0097354927032529768	8500	-0,012496177440388938
8510	0,0065078391108426784	8510	-0,0069445502256690822
8520	-6,8769432726856875E-05	8520	0,0025502145267315085
8530	-0,011882606147965111	8530	-0,0067926834654677736
8540	0,0021367969424753424	8540	-0,0024301973593635891
8550	0,0085868750721890749	8550	0,018681143466305838
8560	0,0044487463605098771	8560	-0,0099828078026817282
8570	-0,0020717636075993236	8570	-0,0022662799363613127
8580	-0,016235747513170022	8580	0,0066709521807400149
8590	0,0057752211752395187	8590	0,0025678093830769858
8600	-0,011757968756720166	8600	0,0036278952242096802
8610	-0,0036784738044072117	8610	0,0059378773485720977
8620	0,0085266153539738914	8620	0,0013087819838717906
8630	-4,9208989906071131E-06	8630	-0,00024784041474457439
8640	0,00073060267368658743	8640	0,00814411832249066
8650	-0,0065972433263800758	8650	0,0021722098126900793
8660	-0,0083200096476621771	8660	-0,019064956010277339
8670	0,0074697143697265867	8670	0,0012950995459493156
8680	-0,017649398815767665	8680	-0,012141467588731464
8690	0,00014326186019871987	8690	0,00475627604235699
8700	-0,0057902026554537966	8700	0,0094611730396815148
8710	0,0042412529021213568	8710	-0,00058349762014292149
8720	0,0010151456709296149	8720	0,01183036228507477
8730	-0,0061130419214298314	8730	-0,0017449936332592938
8740	-0,00479267365484895	8740	-0,010962407961878839
8750	0,0029393224063068509	8750	-0,0077922483638905617
8760	-0,00090301084006807813	8760	0,007072572145195616
8770	-0,012019860049377997	8770	-0,0020125233421529648
8780	0,00791018844413943	8780	-0,00088465584532057128
8790	-0,0084543384403467682	8790	0,0018499890615007902
8800	-0,0025643425139639108	8800	-0,014340851939805869
8810	-0,011997895606064013	8810	0,011025433315148875
8820	0,017190442805378608	8820	0,0082144759650604922
8830	-0,013297571069624955	8830	-0,002422952877923077
8840	0,00417590923010472	8840	-0,012709535661789766
8850	0,013415209380620045	8850	0,006202578697072858
8860	-0,0030307411392879618	8860	0,0079959483300722188
8870	-0,0040629472180300913	8870	-0,0062427145651919869
8880	0,0058655281022705315	8880	0,0013946093367373554
8890	0,012841371362202396	8890	0,00086589281171227926
8900	-0,013992174557898821	8900	0,0066285730202150957
8910	0,0059959347719906551	8910	0,00411302652669126
8920	0,00592579058593581	8920	0,00043550163348763765
8930	-0,0016589216234012226	8930	-0,0057439346433677775
8940	0,0017190499700248042	8940	0,0093949452410447
8950	-0,015839478744628165	8950	-0,0067117022151359619
8960	0,0020817737811720592	8960	0,01007014015040931
8970	0,011147723853608906	8970	0,0045724584681568429
8980	-0,010140340232813992	8980	-0,0027175515381866471
8990	0,0019412245812116538	8990	-0,0031740919958496002
9000	-0,0040850897703841767	9000	-0,01131124445807977
9010	-0,0036026396783860057	9010	0,0066680270243920994
9020	0,0073171091462704814	9020	0,014447919768596074
9030	0,00074231946222585933	9030	0,0097127267722625279
9040	-0,0025222385581863825	9040	-0,0050751268803437581
9050	0,010233031115546567	9050	-0,006684611852727361
9060	0,015221902320581517	9060	-0,0080230394423117038
9070	-0,00088385270520712584	9070	-0,00876057090661245
9080	-0,0037617508674602312	9080	0,0093378951586838826
9090	0,0047805328344668885	9090	0,009118942371319546
9100	-0,00076828804010130693	9100	-0,019329820914516009
9110	-0,0017523548102445124	9110	0,00035008154864480951
9120	-0,0031497713355551739	9120	0,0031499452312991802
9130	0,00747940486137108	9130	-0,00034064034877266333
9140	-0,0068391307090219112	9140	0,0089652624746173176
9150	0,0047115278731425739	9150	-0,013875145388523068
9160	-0,0046384480965723437	9160	0,0099783906716812542
9170	-0,0061208110151652019	9170	-0,0063883720844218539
9180	0,0081622232694658989	9180	0,0057964991411312179
9190	-0,0031417707394794832	9190	0,0099803931144302836
9200	-0,0047257627919736556	9200	-0,015423775565216926
9210	-0,0052619812630537036	9210	0,0044104754177623521
9220	0,0073457066124806691	9220	-0,00341521815409059
9230	0,0059989501563409387	9230	0,00096846853690460584
9240	-0,0061454589421224524	9240	-0,012154543572485129
9250	0,0022086335310885219	9250	0,0045041200547586563
9260	0,0010059328126336569	9260	-0,00037618201341024245
9270	-0,001974051577692832	9270	0,0073489828719871756
9280	0,0015396021456618749	9280	0,0018696613114926974
9290	0,0091776898576434972	9290	0,00032979772533523762
9300	-0,0053992105697992709	9300	0,0037201451261474356
9310	-0,0038447748278444215	9310	0,00048890849999061437
9320	0,022955021910204935	9320	-0,011577770918560852
9330	2,4414004658895394E-05	9330	-0,0094189709798734832
9340	-0,0014169956613006515	9340	0,0013383184228688511
9350	-0,0069577651980398227	9350	-0,0017052394402878521
9360	0,0041977457532490214	9360	-0,0049847912598960445
9370	-0,014061088491164643	9370	0,0026176691588015969
9380	0,0052618996950304277	9380	0,003853603303918012
9390	0,00813071835191259	9390	0,0076150925520387354
9400	-0,0096909795021714179	9400	-0,0039476108440577055
9410	0,003871376893749813	9410	0,0036344713501355107
9420	-0,0062215820883318868	9420	-0,00041924433991837409
9430	0,010911978834403991	9430	-0,0077537810225964451
9440	-0,009130251115015647	9440	-0,0021978336356904831
9450	-0,0012917660830983656	9450	0,012194999227598232
9460	0,014570296337788623	9460	-0,0011435392525132415
9470	0,0053472055747063457	9470	0,025582907691449625
9480	-0,0050039419813230407	9480	0,0070082864835363749
9490	0,004244631804721676	9490	-0,014891058914588107
9500	-0,0041955272501900155	9500	-0,015424230199994074
9510	0,013687988892327084	9510	0,00063882165316307173
9520	0,00071570810797457439	9520	0,006788990591553975
9530	-0,0050195633170597139	9530	0,019147804174898843
9540	0,002530416952945582	9540	-0,0023218767619141429
9550	-0,00043311764042721225	9550	-0,0014553329772180564
9560	0,0056596455181326961	9560	-0,0063192560963527857
9570	0,0033221149465017114	9570	0,015881275663707162
9580	-0,0072969213833316733	9580	-0,0082591587526826028
9590	-0,0083325479248517274	9590	0,0013320986874395466
9600	-0,0007438594650523646	9600	0,013157543951749111
9610	0,00043693823492325912	9610	0,0069584234357336471
9620	0,014345201223092472	9620	0,0091189224563257929
9630	-0,0067384372137922642	9630	-0,0099079046421231345
9640	-0,0059160094580133823	9640	0,0041178124757441873
9650	0,00400767797842124	9650	0,0023331199482628006
9660	0,0035087583897120264	9660	-0,014449293087371157
9670	0,002294311549740372	9670	-0,00083260201225731625
9680	-0,0073976245786532722	9680	-0,01204107921885585
9690	-0,0017590586468776127	9690	0,00288131698447964
9700	0,0058520157526469356	9700	0,0085639982763809526
9710	-0,0054854550729488936	9710	-0,010156158419727787
9720	0,0062870316309267633	9720	0,0022052595468023089
9730	-0,0087075045134953118	9730	-0,0013502252428413007
9740	0,0017341783755429371	9740	-0,007537995680839675
9750	0,010608563067376228	9750	-0,00049160589154936471
9760	0,0046639119921689336	9760	0,0042667031198052588
9770	-0,0088509302595299374	9770	0,010671813738298574
9780	-0,0040393383057776757	9780	-0,005241499097391202
9790	0,0056199052020340064	9790	-0,013509420644060485
9800	-0,01093849131919381	9800	-0,0094840483285640528
9810	0,0081720919309669036	9810	-0,0020811634145744694
9820	0,0032598515798183069	9820	0,01513873447216686
9830	0,0048718787935493023	9830	0,009501037560579911
9840	0,016605339676376	9840	-0,0070421696490111894
9850	-0,0099520169730004018	9850	-0,0091887938692458149
9860	0,0058051641690939071	9860	-0,0045919865489130029
9870	-0,00734171194904099	9870	0,016473543110849413
9880	-0,0021002310064643483	9880	-0,0072770283852453292
9890	-0,00019103089110972298	9890	0,00630417628467971
9900	-0,00028235784652684776	9900	-0,0053688759095385334
9910	-0,0048978231511361678	9910	0,0011258462961277035
9920	0,016932087927709859	9920	-0,015174898607649883
9930	0,0011627574600014392	9930	0,0015304337332513931
9940	-0,0048479944311565345	9940	-0,0011902562041985045
9950	0,0034962157901598265	9950	-0,0028194481662294694
9960	0,0074135391329121373	9960	0,01020389718501699
9970	-0,0041549541187029535	9970	-0,0031857346157192828
9980	-0,0070563551731368888	9980	-0,00819304340885242
9990	0,00046806537494115238	9990	-0,000326607889421241
10000	0,0020756949503855184	10000	0,011530051458095218
10010	-0,0087147534187730219	10010	-0,0027273908020526288
10020	0,0012320700547650576	10020	0,0062179474507815706
10030	-0,010674608329442087	10030	0,0049705039958637363
10040	0,005110935725969927	10040	-0,006695746825494237
10050	0,0032340007860223782	10050	-0,00035926416776925642
10060	-0,0060870564225750908	10060	0,0038667460123524614
10070	-0,0022083147812938394	10070	0,0071994531857001781
10080	0,0040606856625972068	10080	-0,011627914506838344
10090	-0,0084938399163127527	10090	-0,0048200669971379673
10100	0,018419782167235967	10100	0,0002350752368595382
10110	-0,013875007670709254	10110	-0,00298173116400372
10120	-0,0005001515387870497	10120	0,015510673406080283
10130	-0,00010565583815309174	10130	-0,016161130279324542
10140	0,00884730928739981	10140	-0,00088543507836255305
10150	-0,012864332904011346	10150	-0,012245955240207464
10160	0,016901506544431337	10160	0,0091410181547985012
10170	-0,012945586692225281	10170	0,0080208087577270746
10180	-0,010577424521833825	10180	0,0043789603428813365
10190	-0,0079288728548419368	10190	-0,0063247232403052175
10200	-0,0037655532661718008	10200	0,0075571178705553981
10210	0,003825487097461291	10210	0,0084255603368549262
10220	0,00034671451408404766	10220	0,00871594568270952
10230	-0,0016748427219804758	10230	-0,0090821354361211824
10240	0,0043490031175477274	10240	0,0072148413884377391
10250	-0,0029832598493403596	10250	-0,0035666894725852644
10260	-0,002580866359036147	10260	-0,0064564075870708823
10270	-0,0030010069171861873	10270	0,00049775279178655913
10280	0,0080801554791417231	10280	0,0087760942765862521
10290	0,0015566517173879694	10290	-0,0079513590594999742
10300	0,0076318912084202611	10300	-0,0020919715115591464
10310	-0,0091826668504319236	10310	0,010102427057739919
10320	-0,00882021572085021	10320	0,00371235735475256
10330	0,0050707711109464768	10330	-0,0026581140295232129
10340	0,00055468789850787888	10340	-0,0031259557983901666
10350	0,00077397378770231468	10350	-0,0016110454122356245
10360	-0,00322091023220052	10360	-1,1315035158258079E-05
10370	-0,0018453388185074289	10370	-0,00558852034386195
10380	0,014267113373737726	10380	0,01278406575659732
10390	0,0033163579401039264	10390	-0,0064555038662281045
10400	0,0043133939948993855	10400	-0,00036436946102344486
10410	-0,015655936601009404	10410	0,00080922149009463192
10420	0,0079390537511484557	10420	0,0082870520809786158
10430	-0,000950230845144826	10430	-0,0088667839125562958
10440	0,0021593575896802046	10440	-0,0018976770307184056
10450	-0,0029422751663036296	10450	0,010857847821175845
10460	-0,004576563096303392	10460	-0,0086478432620327762
10470	0,00052385144373359477	10470	-0,0022112292429085352
10480	0,0129348064966884	10480	-0,015083592706139966
10490	-0,0063510378701048626	10490	-0,014049557089446406
10500	0,0016042851119721512	10500	-0,00030057261812037821
10510	-0,0011693659823333979	10510	-0,0058384957846951118
10520	0,0063263897432797676	10520	0,0044281023195588505
10530	-0,00024347921360437196	10530	0,00052250400429936861
10540	-0,0061153670508196489	10540	0,0018379939893854896
10550	-0,0062444120307241962	10550	0,0056174627827778366
10560	0,00242511941921877	10560	0,016961082473471178
10570	-0,013538658167735987	10570	0,013207149141779487
10580	0,0186496032846727	10580	-0,0027296159727591995
10590	0,0062136419026640943	10590	0,0030082979670110564
10600	0,0060280233678434306	10600	-0,007354779913969333
10610	-0,012826418825586624	10610	-0,0052495750070553149
10620	0,0031291428324869671	10620	-0,0041132328192788389
10630	-0,0076280024259253818	10630	0,00075381438181416416
10640	0,0071782398773813033	10640	0,0021661090400404339
10650	-0,0046252180861531909	10650	0,01745032418909219
10660	0,0045794779473196726	10660	-0,010982737436585281
10670	-0,0067572958373365438	10670	0,0018621531105675793
10680	-0,008587056027863544	10680	-0,0047362365188941572
10690	-0,0032300522653969611	10690	-0,0012243513992846438
10700	0,0051150152335287984	10700	-0,0075508255100264852
10710	-0,0047913187998996024	10710	0,0069699153009695845
10720	-0,0033667219912529838	10720	-0,001515185655906907
10730	-0,01079490744403868	10730	-0,0027626418418098897
10740	0,0024400338205728413	10740	-0,0022952810594106927
10750	0,0054951649031335309	10750	-0,0087113273386444055
10760	-0,0093336418928663487	10760	-0,0012599368739686363
10770	0,0021391296779164097	10770	0,015039046123300936
10780	0,0021145272222229095	10780	0,0022089728145903887
10790	0,0029137062951355274	10790	-0,0099995160124270628
10800	-0,0060715226015916751	10800	0,0053338175857315685
10810	0,0075150796564800977	10810	0,0037898380730552925
10820	0,0059289655148843509	10820	0,0035702087666645579
10830	-0,0024656108686928759	10830	0,0012314553504118818
10840	-0,0070929737709523695	10840	-0,0021954330710739346
10850	0,0076211188235072586	10850	-0,0032972047447226596
10860	-0,00509174913563232	10860	-0,008776830927889126
10870	0,013255461766743458	10870	0,0082546867359662469
10880	0,01030024884532503	10880	-0,00633918910592845
10890	0,0097507458541448416	10890	-0,0022555275949626519
10900	0,0053519390098739333	10900	0,0001658627344194738
10910	-0,012490873858387047	10910	-0,013551883481541823
10920	-0,00028623124581595994	10920	-0,0041505688931775808
10930	-0,0067136239563745847	10930	-0,0062789800859182334
10940	0,015084510902535783	10940	0,0013073156090776285
10950	0,0020775124517388361	10950	-0,0041261904629260673
10960	-0,020736339327424889	10960	0,0038022320995640389
10970	0,0031319063799406721	10970	-0,0040036537951338973
10980	0,0073343642977736776	10980	-0,0025346489291648913
10990	0,013265724335292361	10990	0,0060821822663069992
11000	-0,0099268313532036509	11000	0,0028147943752924371
11010	-0,0048909178171618606	11010	-0,0088428217204058381
11020	0,00073889742338268262	11020	0,012101697710192743
11030	-0,012074846112634482	11030	-0,0033734614304701434
11040	-0,0027318983458462258	11040	0,0039970011914249662
11050	0,0022040623093914284	11050	-0,01783827481516374
11060	-0,006690488657686065	11060	0,0091450938549987072
11070	-0,0024330877768343772	11070	0,0033465544219118803
11080	-0,0042268175194200746	11080	-0,00995095026055507
11090	-0,0035225121338285179	11090	0,012384982234198773
11100	0,00598264442062269	11100	-0,013068102920027582
11110	-0,0075730029896690539	11110	-0,0016234166104990967
11120	-0,012193078176252953	11120	0,00032191759793120673
11130	0,0040297490953759727	11130	-0,0032930716013486985
11140	-0,012546153838681394	11140	0,0014158775417898192
11150	0,0032994256824598078	11150	0,0038165657169034412
11160	0,0077234912605845946	11160	0,020515925758807771
11170	-0,0026099949413310956	11170	-0,0081682173254324312
11180	0,007907524769427219	11180	-0,013339515582912263
11190	0,011048621791183129	11190	0,0040148574830995154
11200	-0,0027824478239816693	11200	0,013097393819310108
11210	0,0065582874891973548	11210	0,0041838425626773484
11220	-0,013802950139790628	11220	-0,0048948460022247833
11230	-0,0012662113447518767	11230	0,00382699769841262
11240	-0,00047057854765345008	11240	0,002905008844097372
11250	-0,0054471757647783564	11250	0,014914387650873301
11260	0,006793578854715045	11260	0,0062278532596592691
11270	0,0065954141099840956	11270	-0,010297985822752395
11280	-0,0083663073574963345	11280	0,0071913693934018271
11290	-0,006875453828001428	11290	-0,0005065604633234049
11300	0,00042099892039082942	11300	-0,0053437683688532557
11310	-0,0071560147954510623	11310	-0,0041429554989558873
11320	0,001304938473824836	11320	-0,0018472083189165879
11330	0,00552544826623866	11330	0,0016549073135567899
11340	0,007264229249483784	11340	0,024759208972883147
11350	-0,0011814283550622628	11350	-0,004246796033577839
11360	-0,0058163879487477211	11360	-0,0007019897602031645
11370	0,006673628598781645	11370	0,00511914351432633
11380	0,002198604347149503	11380	0,0023502465850595618
11390	0,012193778292413053	11390	0,0020202594342621483
11400	-0,011267845693236234	11400	-0,0023933534633112262
11410	0,0060227037882382385	11410	0,0066612375351056676
11420	0,004837395493124722	11420	0,00403911893516538
11430	-0,0084467891929935219	11430	0,008944699866685446
11440	0,010698780272499169	11440	0,00028069016135883005
11450	-0,0025557888760824998	11450	-0,0067478666329839889
11460	0,0088014507094379985	11460	-0,001228429740534952
11470	-0,00041437252419455043	11470	0,016513715539868804
11480	-0,0003493369661844063	11480	-0,0024249946191396291
11490	-0,00090733771882675759	11490	-0,001238832249518177
11500	0,0033007070077586006	11500	0,0068690138577369806
11510	-0,0031386818094393432	11510	0,01135257041656996
11520	0,011855129836878068	11520	0,0025892888547461796
11530	-0,0059155298349679976	11530	-0,0058534247930981612
11540	0,0019993003973082643	11540	0,0043030732723131054
11550	0,017219949871067824	11550	0,0047400421073331917
11560	0,013717785276346105	11560	-0,009260125685430616
11570	-0,0020635096191772163	11570	0,00516666345449574
11580	-0,004628451607469687	11580	-0,012015186342236556
11590	0,00485263093730336	11590	-0,014765191544980209
11600	-0,0021195368294181392	11600	-0,00195355390963939
11610	-0,011067990983641854	11610	-0,0051694404545404287
11620	-0,0016787987032584469	11620	-0,0052923849212565795
11630	-0,0067059460360909063	11630	-0,0066789280438694348
11640	0,00044695339704912035	11640	-0,0040578670193530926
11650	0,00074658509163049022	11650	-0,00083663370985449261
11660	0,00080116144943840608	11660	0,0056445084428297584
11670	0,009056376275155837	11670	-0,0034463369336567317
11680	0,015957711565861978	11680	0,0014268931672514452
11690	-0,0085218163424973375	11690	-0,0065032295380066186
11700	0,0074381748129497228	11700	-0,0044750681908484443
11710	0,0062588804705673547	11710	0,00067559819208010314
11720	-0,0010091385005368189	11720	0,0056341679799074172
11730	-0,00096080301595528623	11730	-0,015952084168550318
11740	0,0065253736672732411	11740	-0,00076274155607638724
11750	-0,0050514514892424679	11750	-0,00087349819400832319
11760	0,0052624571683304892	11760	-0,0030845703998605136
11770	-0,002152967858500672	11770	0,0044596147593123168
11780	-0,014179971482373929	11780	-0,013900635154027233
11790	0,01081526386396519	11790	0,001528338918693019
11800	0,0022793022283338731	11800	0,0044424778610643069
11810	-0,014186941610666748	11810	0,012181875495004111
11820	-0,013276474784231801	11820	-0,0049205761979196679
11830	-0,0052923144379355882	11830	0,00462017053238744
11840	-0,0058046769794338777	11840	0,011488244894160152
11850	0,00030119535040903586	11850	-0,0077731781302217947
11860	-0,00319409476361353	11860	-0,003078499446417558
11870	0,01012020471309767	11870	-0,014320936058552471
11880	-0,0059581391763814566	11880	0,0060018760662994631
11890	0,0030354509942290093	11890	-0,0064716001518766754
11900	-0,0050474040646360675	11900	0,0036482270625912716
11910	-0,0044339182408897433	11910	0,0074360878156522949
11920	-0,0096408526666033854	11920	0,0023418574369025716
11930	0,010936698184530557	11930	0,007829776338955232
11940	0,00049330656840291121	11940	0,005219129410427817
11950	-0,003950393242142052	11950	-0,0042868183513307869
11960	-0,0013188390420219574	11960	-0,00030299327555056673
11970	-0,0014653027493362213	11970	0,00091655355062401781
11980	0,0058354034191689429	11980	0,0079889210551157188
11990	-0,01071273919203933	11990	0,0019977829220733778
12000	-0,006855709946791415	12000	-0,0079712685534286086
12010	0,0046237236805702223	12010	0,0048658855241920122
12020	0,0054035799481543072	12020	-0,0017597644717326313
12030	-0,0052008890621359936	12030	-0,011131403519576545
12040	0,00714534055843312	12040	-0,0051930700274267676
12050	-0,0035963200381501103	12050	-0,010631951465523423
12060	-0,013163737436835132	12060	-0,0030449745841987044
12070	0,0092553377392445013	12070	0,008989100462351499
12080	-3,2340593174324904E-05	12080	0,0080308243845880513
12090	0,0088881746458615522	12090	0,0084511831094732891
12100	-0,0079164142997030732	12100	-0,0124330182583357
12110	-0,00033140172517792573	12110	-0,012100158801779625
12120	-0,01038596449079692	12120	0,0072177409176285168
12130	0,0072277164225573124	12130	0,0054552043122452513
12140	0,0031112590320654028	12140	0,00076616203701894154
12150	0,0075208729491667153	12150	8,0994104873775345E-05
12160	-0,012541918504344028	12160	-0,0070213854987620436
12170	0,001233276333599179	12170	-0,018187952683248167
12180	0,0029968084342914272	12180	-0,00645305424359921
12190	0,0089868582463432031	12190	0,0015472008359561815
12200	-0,0043574930003417341	12200	-0,013255217948618923
12210	-0,0082410028890834135	12210	-0,000269366778292939
12220	-0,006412931452128753	12220	0,0097383324633418863
12230	-0,0016647672509536092	12230	0,0014393886280576924
12240	-0,0070556587397926787	12240	-0,01121530640731786
12250	-0,0052619578452943461	12250	0,0032345992490687811
12260	0,0023487517492640632	12260	0,0021330436305717839
12270	-0,0046766614433659918	12270	0,0022691150976959311
12280	0,003416647853319652	12280	0,0042346767948359355
12290	-0,01026007608829551	12290	-0,0097024871139426323
12300	0,0022298226561123444	12300	0,0023198637138035082
12310	0,0046895604612664007	12310	0,004857801503205271
12320	-0,0011378997954583799	12320	-0,0018651927929698399
12330	0,000998318183870945	12330	9,7275998985056888E-05
12340	0,0061532891900165521	12340	-0,00044077437384661057
12350	0,012706601311819795	12350	-0,010167985849176626
12360	0,016444503310215613	12360	-0,00078255326037158038
12370	-0,015970008704501323	12370	0,0022342812779125882
12380	0,0062844851084580917	12380	0,011709675331516709
12390	-0,014253316367428055	12390	-0,0066101640091799337
12400	0,011990609370728576	12400	-0,0053561603863830666
12410	-0,014008042198780598	12410	-0,0021207010059173278
12420	0,0022936273842646469	12420	0,0044075780907445227
12430	0,0013591904467752792	12430	0,00422775252008695
12440	0,0065654339364283271	12440	0,0009011520526796186
12450	0,012390955492089016	12450	0,016643607647178794
12460	-0,0010390525177183996	12460	-0,0015884388614569708
12470	0,022325989637489326	12470	-0,00039438405684094212
12480	0,0060805446220073	12480	0,0056058356523451215
12490	-0,0068054504890700564	12490	-0,0099080797752643043
12500	-0,0017272244604329913	12500	-0,0020068485140202741
12510	0,0075731568201502127	12510	0,0079126249226118932
12520	-0,002663667269798841	12520	-0,0048699103948713273
12530	0,0078747746653106687	12530	0,011132634993317533
12540	0,01349497433039281	12540	0,005193704348512301
12550	-0,011566546171769027	12550	-0,011957005611789221
12560	-0,00062964258603816084	12560	-0,0043698001237710516
12570	-0,00054141239298189617	12570	-0,0011748967008744682
12580	-0,000469367471538379	12580	0,000989886680183821
12590	0,00077842311529235529	12590	-0,00086648880932823854
12600	-0,006470492056095593	12600	0,0026924972507675841
12610	-0,000667564969987147	12610	0,0027495590097494009
12620	0,0062682716571715652	12620	-0,015911780236854349
12630	-0,0025230472820917896	12630	0,0024249672136620946
12640	-0,01421641383151174	12640	-0,013716759743931122
12650	0,013253621987111762	12650	0,00674527065120754
12660	-0,0034371513629071425	12660	0,014296103822873746
12670	0,0067981980148771144	12670	0,0020798076969111823
12680	-0,0019714370567509693	12680	0,00089955327623097688
12690	0,0095796578384322022	12690	0,001022714778655132
12700	-0,0021246106690723907	12700	0,0041789473264897256
12710	-0,0003127233628344876	12710	0,0027196972797152914
12720	-0,012774032945600674	12720	-0,0077473137303821753
12730	0,000142974036973493	12730	0,0041105140946748019
12740	-0,011167853341032581	12740	0,0022601096616596326
12750	0,0072658167163368653	12750	-0,006503854092148465
12760	0,0081977906327794486	12760	0,015054245812445017
12770	0,0040611549877432335	12770	0,0044420262605192147
12780	-0,0029040635718612755	12780	0,0021532328472928216
12790	-0,0046639600057969818	12790	0,0039139989035962726
12800	-0,0057327471788802768	12800	0,014316124017443791
12810	0,016719082505313117	12810	-0,0024101801654349548
12820	-0,0023359174741748503	12820	0,0036617858095212832
12830	-0,017269189713294657	12830	-0,0013927112603422849
12840	-0,00078538420064688786	12840	0,012782179315018788
12850	-0,0055978080353223719	12850	0,006045408523025088
12860	-0,0029533459992941965	12860	0,0074374804359918023
12870	0,013849328998594397	12870	0,0022916074301153528
12880	-0,00016065159283011743	12880	-0,00093298219794827133
12890	-0,0034506981458726129	12890	-0,0076953064390861735
12900	-0,009426385942934986	12900	0,00076602423619377745
12910	-0,0080756814189716676	12910	0,0055369876179297908
12920	-0,0014328484095441363	12920	0,0049376991489243427
12930	0,00073486269911016307	12930	-0,0014511503912891033
12940	0,0076777343673231991	12940	0,013033534778469819
12950	0,00073955759610141482	12950	-0,010793233672233841
12960	-0,0061430869234050528	12960	-0,0069346988839633656
12970	0,011646181720573441	12970	0,00081749914703099032
12980	-0,00045830041237091213	12980	-0,0037438879442738431
12990	-0,018635527010269826	12990	4,9358822585625907E-05
13000	0,0089306893108442864	13000	-0,0060191652977871525
13010	-0,0093782798081403339	13010	0,0017279983350028882
13020	0,0021158646089432507	13020	0,0029700510985729974
13030	0,011864691427138412	13030	0,0090163513271176721
13040	-0,018385070868860393	13040	0,0016165956889136804
13050	0,00897775394826699	13050	-0,0051513551358801932
13060	0,00033566685802648648	13060	0,0008869182223661769
13070	0,00413424267179315	13070	0,0032378190482870591
13080	-0,00425125894657398	13080	0,000849839831802809
13090	-0,0090774026947075346	13090	0,00037663849951797803
13100	-6,77177390159887E-05	13100	0,0057939556041457785
13110	-0,00554797058799475	13110	0,010572696085204114
13120	-0,0084917280509305172	13120	-0,0072520953473384575
13130	0,0008936144710044783	13130	0,0079536729805057688
13140	0,0054493160256734825	13140	3,1281696067860354E-05
13150	-0,00575744460761644	13150	0,0091140009692900672
13160	-0,0065716736805997841	13160	-0,017810257718846163
13170	-0,0053080523687890476	13170	0,011407613712879006
13180	0,00061062059061585514	13180	-0,0022655080936026108
13190	-0,0041250350424341569	13190	0,00040557574487458538
13200	0,00814648502656237	13200	0,015529609526745576
13210	0,00975981102436105	13210	-0,0076284551798847609
13220	0,0016239958073156484	13220	0,0045381300746119282
13230	-0,01049462352606146	13230	0,0022392288420640381
13240	-0,0008586649735548823	13240	0,0051170477721368427
13250	0,0058118832370924363	13250	-0,01658833101740859
13260	0,010346875450270444	13260	-0,012825546055054635
13270	0,0024622466119360907	13270	0,0022876188805218147
13280	0,0025193156193882185	13280	-0,012078543621337553
13290	-0,00026119003065593	13290	0,0015338273776081828
13300	-0,011832607905146559	13300	-0,0048324846666245487
13310	0,0034922858533790679	13310	-0,0099955342896148151
13320	0,0010232312367594715	13320	0,0076566182043558565
13330	0,0028800611394661996	13330	-0,0044827682654358884
13340	-0,0075611034960406838	13340	0,0013255071026142473
13350	0,0035553576750367221	13350	0,0090945269632753713
13360	-0,0049045769375743982	13360	0,00094986750333577558
13370	-0,0015816243348108839	13370	0,00905553293150746
13380	-0,0021169132730852859	13380	0,00073244557160678163
13390	0,015270510640725474	13390	-0,0096207832147896175
13400	-0,00329084801061895	13400	-0,011457123630840369
13410	-0,0043865805616978967	13410	0,0065876822744689312
13420	0,0048405956350211733	13420	0,0048493488440173576
13430	0,0024397600223924794	13430	-0,0022728738476086433
13440	-0,0010910584540856172	13440	-0,0067076151738927848
13450	0,0032337858289862068	13450	-0,00208727365442943
13460	0,012403310087438663	13460	0,0046714867359314016
13470	0,0145834081885037	13470	0,0061256202009830635
13480	0,0038278059312938559	13480	0,0012166366285797352
13490	-0,0050474157977778555	13490	-0,0066497357348368827
13500	0,0080259946569987868	13500	-0,0081338713463633017
13510	0,011595955743455975	13510	0,00080056142500290145
13520	0,019114450871414529	13520	-0,0022027448780662993
13530	-0,0043943481155404506	13530	-0,0012472209537108267
13540	-0,012426630631697544	13540	-0,0095053812579252214
13550	0,012072186970701298	13550	0,011737045132387682
13560	0,018689172118194056	13560	-0,0040700922258014071
13570	-0,010743168232090386	13570	-0,0075478310697669714
13580	-0,01135279277521559	13580	-0,0063666795644896036
13590	0,005745354526552812	13590	0,010993685748506968
13600	0,0077381382917317059	13600	0,00053700094711404392
13610	-0,0014967756237670633	13610	-0,0201599592853717
13620	0,005102621970604816	13620	-0,0040205064074400609
13630	-0,0074886266058615154	13630	0,0066010407292538863
13640	-0,014473245206261403	13640	0,00052732438221638638
13650	0,0044396360497425593	13650	0,00864338662605191
13660	0,0098144689986664931	13660	-0,0065561621560352107
13670	0,0033437505412010843	13670	0,010404872971906372
13680	0,0022664288692979878	13680	0,000730242923404745
13690	0,016882284886938385	13690	0,00211132077012589
13700	-0,0089631659184540389	13700	0,0045260990101499031
13710	0,0049781262860472842	13710	-0,00931911856027482
13720	-0,0068177290688899187	13720	-0,00036757074785345
13730	-0,0083427062068624457	13730	-0,0025803502442967412
13740	0,0073168912946883049	13740	0,0051721074462355854
13750	0,0011829570623992016	13750	0,0040894381577166955
13760	0,0099765800347190719	13760	0,0036841394161741415
13770	-0,0063624592043006484	13770	0,010027441893109751
13780	-0,00861683912551644	13780	-0,0061414912794211908
13790	-0,0012344518131645367	13790	0,0123667136449556
13800	-0,0050689917938858383	13800	0,0032806310499539806
13810	-0,0052217594780749549	13810	-0,011604157610949037
13820	0,0056732439279622267	13820	0,00076989751587815374
13830	0,0027615732393607606	13830	0,015247397397056788
13840	-0,00043221352145053719	13840	-0,006397944886606422
13850	0,0054459710976912726	13850	0,0018852983272034866
13860	-0,0053046561957932536	13860	-0,0064265483161544948
13870	-0,0046662646039056788	13870	0,0021662746478787616
13880	-0,0061292964752312417	13880	-0,0019458971376750888
13890	0,0026750387137177887	13890	-0,003631523782995355
13900	0,0050285895685314675	13900	0,0061159872739389156
13910	-0,005838258440830941	13910	-0,012169538003981481
13920	-0,00019729449492831297	13920	0,0045578294771847355
13930	-0,0010066832227293627	13930	-0,0051004136899154917
13940	0,0094888419754362088	13940	0,0016904603789406358
13950	0,010632980307900041	13950	0,0043006148182507782
13960	0,0028720131399540246	13960	-0,0019032643557485404
13970	-0,024182122162707119	13970	-0,0071241952683810247
13980	0,0078486663951639023	13980	0,0082134557305736013
13990	-0,0035453053752707224	13990	0,0033809816160693669
14000	0,00778931341443271	14000	-0,0025957959561753326
14010	-0,00021408832828195091	14010	0,026445896392655096
14020	0,00068281791532830843	14020	0,062433973276089128
14030	0,0040445817792239113	14030	0,12246006810514616
14040	0,014945002587421027	14040	0,19090287240207615
14050	0,00900055284859743	14050	0,28479877900758122
14060	0,014514566608455983	14060	0,32811414119991683
14070	0,045571645141017858	14070	0,39828376560225925
14080	0,053445017944737223	14080	0,45160017208561692
14090	0,011114549087100911	14090	0,44287862255031973
14100	0,063054287096367873	14100	0,37200914599773566
14110	0,10389025337473537	14110	0,28807344060383883
14120	0,03574714929721505	14120	0,32214736838660324
14130	-0,0072512246813101408	14130	0,1569536866087711
14140	-0,0075447271633878226	14140	0,031578314367254945
14150	-0,0328026406270581	14150	0,2057365437572897
14160	0,055473273050803483	14160	-0,14967648638425887
14170	-0,037505734238475773	14170	-0,37831488292642496
14180	-0,0599555200626649	14180	-0,57929851724388537
14190	-0,032659812983345873	14190	-0,47618421308259895
14200	-0,0478510672720893	14200	-0,1264425726971484
14210	0,12091790266300505	14210	-0,59708485270261835
14220	-0,13770841979662515	14220	-0,45267614814332141
14230	0,10681478096149226	14230	-0,56400916925978528
14240	-0,06320069048536274	14240	-0,096782787612185589
14250	0,16764030149371084	14250	-0,57422670148646349
14260	-0,042409347877209867	14260	-0,47741824399975397
14270	0,02108702027746508	14270	-0,55961608795591777
14280	-0,047862936505946981	14280	-0,2877565785940901
14290	-0,0625200056525688	14290	-0,17665147363401298
14300	0,016845828329722944	14300	-0,403181273009682
14310	-0,01886847955708849	14310	-0,43311932917033696
14320	-0,046112734272446831	14320	-0,42821643912180207
14330	-0,0496163561979436	14330	-0,39044415482210687
14340	0,005018850613149317	14340	-0,23576362302358805
14350	0,016912422393019756	14350	-0,11201294370989964
14360	0,03421549015604302	14360	0,054267855673291211
14370	0,031563556596256113	14370	0,20439113780662771
14380	0,052355674162383889	14380	0,29577967848729331
14390	0,017673981239839816	14390	0,32555642515352462
14400	0,020476022553303646	14400	0,33453831258503597
14410	0,0055921546942495921	14410	0,36952764734471205
14420	-0,022013048376503246	14420	0,36666156420311374
14430	-0,024985332847547038	14430	0,34464130780481417
14440	-0,027461682521666111	14440	0,34993016503093655
14450	-0,017822150639412969	14450	0,31086106742662561
14460	-0,0018194954166915697	14460	0,25722131102653306
14470	-0,0062452624564496972	14470	0,20635018885832152
14480	0,0080986672479782338	14480	0,139397978343965
14490	0,0033348068227845619	14490	0,10135197923877601
14500	-0,0027022603810658188	14500	0,061185547786415412
14510	-0,00979997032005294	14510	0,031909460302973126
14520	-0,0049740807068473988	14520	0,018714081958766747
14530	0,0030139104773843706	14530	0,026472594901138905
14540	0,022133271821916777	14540	0,02470600743993696
14550	-0,00060472007907345666	14550	0,038447134709157088
14560	0,010735964356876083	14560	0,026025970014043186
14570	-0,023621909867304135	14570	0,03899902293860022
14580	0,008556592300147315	14580	0,035687499362733646
14590	-0,0042082033712679085	14590	0,011084901404393586
14600	-0,0014767196423833835	14600	0,011449019031016717
14610	0,0036674661667373356	14610	0,0049348784031790181
14620	0,00969749508723092	14620	0,019113471471817082
14630	-0,0049733216378306539	14630	-0,0094388955975282674
14640	-0,00098879429979342173	14640	0,0013240122535331817
14650	0,0048895310076461	14650	0,0017861490369356914
14660	0,0040266454514501079	14660	0,0029613244771035624
14670	-0,0068514217330819466	14670	0,0094283773691956809
14680	0,018448605449436273	14680	0,0031281370965006343
14690	0,0044020564689077517	14690	0,0010615120564582054
14700	-0,0087751386623116032	14700	0,0063704048464424245
14710	-0,0087140857509709433	14710	0,0020825759865235808
14720	0,0072725890411200434	14720	0,011424456077837774
14730	-0,010044856155938298	14730	0,0078564232981882427
14740	-0,0013127040934252667	14740	-0,014673680485122735
14750	0,019266755422260445	14750	0,002587194154143848
14760	0,00139229639761984	14760	0,0098362648696116179
14770	-0,0078323756371570918	14770	0,0075021099379786642
14780	-0,0022572180277285509	14780	0,0003831086908408548
14790	-0,0094327141382992662	14790	-0,0052390683010015487
14800	0,010429407058598272	14800	0,0056898998478654341
14810	-0,0043339210660786826	14810	-0,0036973692176219758
14820	-0,003081645338706179	14820	-0,00456838484942882
14830	0,016584784287955956	14830	0,011151288871821426
14840	-0,0013912919320818724	14840	0,0093810910171755382
14850	-0,012765412428447242	14850	-0,0032752586676185321
14860	-0,010247202659727768	14860	0,0041296168830899692
14870	0,00468277167344417	14870	0,013516895605484067
14880	0,0023115811995171537	14880	0,0066165013249970921
14890	0,0028557467419764297	14890	0,0013772035149357226
14900	0,0074783588901608739	14900	0,001200983927147637
14910	0,0027043457525858989	14910	0,0059195528216837122
14920	-0,0097478396163345436	14920	-0,004109431223520814
14930	-0,013300975186096475	14930	0,010237505314666514
14940	-0,0056493691783337874	14940	0,0021685760080415108
14950	0,0085200890734172426	14950	-0,0044725124515593078
14960	0,007716657768871673	14960	0,0059564417080166876
14970	-0,00397624893028943	14970	-0,0044341353429744245
14980	0,011309745023391398	14980	0,0049562477900826586
14990	0,0048207990858847105	14990	0,0049269281077814232
15000	0,0063780537871524793	15000	-0,0040360409648201295
15010	-0,005366678153288851	15010	0,0036347488623043908
15020	-0,0042270905025663255	15020	0,0034352259067201543
15030	0,010734323238931719	15030	-0,011048773479316066
15040	0,011805653314599134	15040	-0,0067391582324401594
15050	0,00012807300036597714	15050	0,01032433124039645
15060	-0,00079273895390840341	15060	0,0026132144266678859
15070	-0,0063700462376432591	15070	0,0047881685123351289
15080	0,0020385635991465039	15080	-0,019750772866822027
15090	-0,0026872195345111717	15090	0,0095353899038565886
15100	-0,0070279001029111823	15100	0,014556548774186225
15110	0,010397868579811129	15110	-0,0050752106814957437
15120	-0,020048384131098447	15120	-0,0015949484269667453
15130	0,0041753599176041064	15130	0,0079546923795982445
15140	0,0017703899250593085	15140	-0,0090629858710794767
15150	0,0024125431730134261	15150	-0,0052912404933396807
15160	0,0022200865729396	15160	-0,009360460387968
15170	-0,0046163795461850524	15170	0,0082940090235109464
15180	-0,0054024343627691526	15180	-0,018853065696048325
15190	-0,00040150529244947905	15190	0,010040128493509236
15200	0,0095780484934455384	15200	-0,0002796655138930341
15210	0,0036548656529987716	15210	0,0016113249250052379
15220	0,0025212831901988511	15220	-0,0040802604356491058
15230	0,0025619026350446805	15230	-0,009952827018807342
15240	0,0015457281639665254	15240	0,00026639366316114733
15250	0,0045688673511951484	15250	0,0055932016380961748
15260	0,0025112999797467523	15260	0,009247910225553168
15270	-0,0057627962915608568	15270	-0,0098319156156171823
15280	0,0049611861341479222	15280	0,004908154405737896
15290	0,013742888951724467	15290	0,0038069784228223725
15300	0,00059592217171930808	15300	-0,0087178646913898053
15310	-0,0015468762639746509	15310	-0,00067333923333241623
15320	0,010758170530291116	15320	-0,00094478268983253964
15330	-0,00241091632299999	15330	0,0050000261970108845
15340	-0,0073128560297979813	15340	-0,00056012512773229151
15350	-0,00908205015304123	15350	0,0097316951597450491
15360	0,0067532379684384193	15360	0,00978744581132693
15370	0,0010187601354239818	15370	-0,0024785770044528383
15380	-0,0065301290267514465	15380	0,0064455058035355105
15390	-0,0068782491695399675	15390	-0,0052379055618925934
15400	-0,0061421776028847347	15400	-0,007964335906113465
15410	-0,016346714522886673	15410	0,0092618749562341559
15420	0,0018637991480531374	15420	0,0089172283783960846
15430	0,013821853763771822	15430	-0,00082675706222229927
15440	-0,001931478518158503	15440	0,00036596557319707818
15450	0,0035611302628131059	15450	-0,005532852938519431
15460	-0,0033479082242988218	15460	-0,00015911014060572432
15470	0,0051684986804383347	15470	0,00537840910610786
15480	0,0021686206372171853	15480	0,0045888983841229428
15490	-0,0075349409237465744	15490	0,0084050776286553677
15500	1,757427615446255E-05	15500	-0,0077835068275100153
15510	0,0050105659751051431	15510	0,0073028478217025943
15520	0,0055421256054373879	15520	-0,001482987190379031
15530	0,0071278939620760462	15530	-0,00092772466528047816
15540	0,0057324201528279823	15540	0,010887190550316015
15550	-0,0039636628625248031	15550	0,0069795016821356335
15560	0,011704937356945371	15560	-0,0068968833869853677
15570	-0,0046446367934387988	15570	-0,010513039710810848
15580	-0,0084935505712648244	15580	0,0019129197481279575
15590	0,00258778903653111	15590	0,0097557532360930382
15600	0,0012113359023032636	15600	-0,011786296895535854
15610	-2,0584310111017752E-06	15610	0,0017997984909393918
15620	0,0056722122995977	15620	-0,00029157717973080912
15630	0,0011450206208890679	15630	-0,0020705618684900033
15640	0,012530638575393955	15640	0,0077165617650717779
15650	0,0068823097840550991	15650	0,0037291833888376427
15660	-0,00524787274639069	15660	-0,00717168278896827
15670	-0,002740184187077623	15670	0,0023714676752303152
15680	0,00053223364551405184	15680	-0,0062627144844082131
15690	-0,0061607908928973856	15690	-0,00658390454177837
15700	-0,0040058906269508044	15700	-0,0024702462428797612
15710	-0,00067483653102679215	15710	-0,00089035973269080068
15720	-0,0033770014414521796	15720	0,0048392022910396853
15730	0,00054855865270183549	15730	0,01252684707904103
15740	-0,0047573521777202477	15740	-0,005022851086072623
15750	0,0030494218992906832	15750	-0,0040521990000232282
15760	-0,013148652821203517	15760	0,001948741727474427
15770	-0,0037065213006562086	15770	-0,0063388485654862848
15780	0,0061700922666559476	15780	-0,0059708326437543438
15790	-0,017650901352269977	15790	0,0056243804649196245
15800	0,010773843430927898	15800	-0,00400360442943785
15810	0,0023928256095903937	15810	-0,013066560390443885
15820	-0,015768649194032449	15820	-0,0012807710540488515
15830	-0,0085162488649461413	15830	-0,0038584980732659225
15840	-0,0092608406031099363	15840	0,0020075760251774257
15850	-0,0056166940322912723	15850	-0,00025951842571030997
15860	-0,016725899593201591	15860	-0,0022654012496121116
15870	0,0024068184397033248	15870	-0,0013890678282802483
15880	-0,010947060261442191	15880	-0,0013124164380653915
15890	-0,0064428107390640385	15890	-0,0040077266460841268
15900	0,0082546383318225034	15900	-0,0017880864078329243
15910	6,2999746393378986E-05	15910	-0,0044529706324061852
15920	-0,0030649586777778248	15920	0,0038846875336198705
15930	-0,0094658991683004116	15930	0,0035804864986435777
15940	-0,0061214997372686314	15940	0,007732344350088835
15950	0,010329070852803301	15950	0,0113568280745244
15960	0,0022094255926025422	15960	-0,0065560356809920691
15970	-0,00020622193531076748	15970	0,0081606564443435434
15980	0,019924110396519118	15980	-0,0059258563230840449
15990	-0,0043139519655447846	15990	-0,0095652799636527369
16000	0,0093543071512429462	16000	-0,0065085518265085192
16010	-0,0036585756289328327	16010	-0,0015859897100752535
16020	-0,0047944314340156585	16020	0,001931773801517288
16030	-0,0026643720622001629	16030	-0,0025139978599654032
16040	0,00804203682502366	16040	-0,0006020963123937131
16050	0,01110077026108326	16050	-0,0091737241461469082
16060	0,0069136472095309926	16060	0,011050312922527254
16070	-0,0007290762991101203	16070	-0,0048896331515080787
16080	0,0037682185935952704	16080	0,013487491205198985
16090	0,00082131203127418651	16090	-0,008306304132482966
16100	0,0026893041983801686	16100	0,00015464618716540382
16110	-0,0078379391806820443	16110	0,0030578357359333183
16120	-0,0022832629537509279	16120	-0,0019250123236098952
16130	-0,0048467564040846657	16130	-0,0019887045296768597
16140	-0,0070030207563154308	16140	0,0036806837347608768
16150	0,00023434013421059813	16150	-0,011987535143192488
16160	-0,0041716977266564384	16160	0,0036065653450276822
16170	0,0039199701386522642	16170	0,0070089941077248223
16180	0,0075372029509852808	16180	0,007456629798902859
16190	-0,0066619573098779224	16190	-0,0022461986756885407
16200	0,0023409538049163274	16200	0,0030201656284368061
16210	0,0069088801505517092	16210	0,00565912718841522
16220	-0,0050393679189118567	16220	-0,004808926624553401
16230	-0,016919869703572746	16230	0,0015821051225316297
16240	-0,01210658482297276	16240	0,00664448937925476
16250	0,012651262844356668	16250	-0,011579120735153384
16260	-0,0069985277173132869	16260	0,0010058923143873076
16270	0,01880957515469146	16270	0,00092411547731982731
16280	0,002181027747810193	16280	0,0029817784404835854
16290	0,0085891149291675156	16290	0,0080705958073000027
16300	-0,004590873272332755	16300	-0,0046404100355715676
16310	-0,0012603857321931767	16310	0,0064400308300100653
16320	0,00086354070015533778	16320	0,0038738225280511704
16330	0,0039752629887523129	16330	-0,00581418110396105
16340	-0,0027706408998543651	16340	-0,0077756049219098837
16350	0,0013257249060913453	16350	-0,004506908250934227
16360	0,00084418261456997614	16360	0,0066482145348437877
16370	-0,0012745763974983111	16370	0,018516943743015754
16380	-0,00012904726506114811	16380	-0,0080643791528574264
16390	0,0032111018740930961	16390	-0,0084824307541703971
16400	0,017667820339593961	16400	-0,00597634235195641
16410	-0,020461358816929339	16410	-0,015540575780193223
16420	0,0020291696708071932	16420	0,0037885934753073948
16430	-0,015090216023231268	16430	-0,0029301823987351048
16440	0,011410422586945249	16440	-0,00016160745606713444
16450	-0,01603675995610062	16450	-0,0090950894844891023
16460	0,012337306295263251	16460	-0,0046314089306586023
16470	0,011677783746320079	16470	-0,01449681017233548
16480	0,0060012031106114489	16480	0,014869173727629545
16490	0,007699108984688164	16490	0,010494672232791902
16500	0,00841765919767649	16500	0,0020473469524686719
16510	-0,014134384340990847	16510	-0,012294773600908122
16520	-0,022745221283974562	16520	0,01046508023246738
16530	-0,0030718923992044769	16530	-0,013741709595013094
16540	-0,0098361980804372168	16540	-0,0030488997320766279
16550	0,0076959162454988761	16550	0,004839222068906363
16560	-0,0014794851223387678	16560	0,0014520432593093647
16570	0,014856794510169106	16570	0,0061388363483984914
16580	-0,0047678219653609763	16580	3,948071757850359E-05
16590	-0,0050078210192569918	16590	-0,0041670395029430431
16600	-0,00757438284021494	16600	0,00527583920003499
16610	0,00375763828528972	16610	-0,0013303062747634785
16620	-0,0034213896754498887	16620	0,0045521693033981373
16630	-0,0089104605717222722	16630	-0,006294487166068073
16640	-0,0033248462063350122	16640	0,013791539640666079
16650	-0,0068877157074080436	16650	-0,011876146384837284
16660	-0,0012392025042463203	16660	0,010591107353166367
16670	0,0022347314769005917	16670	0,00976535970204777
16680	0,0059164307707925655	16680	0,006177133708464567
16690	-0,0060632881781994717	16690	-0,013099543089444169
16700	-0,0038161015086896188	16700	0,00027023871206555974
16710	-0,00073127096654899482	16710	0,011606242443623483
16720	0,0010424905209848409	16720	0,0048091825036655524
16730	0,010004402829897976	16730	0,011104883989483103
16740	-0,00100255030038601	16740	-0,0081806909225825147
16750	-0,005945949381995338	16750	-0,0030252128771707785
16760	-0,0037363592399575134	16760	-0,0097762103161479433
16770	-0,013758064797211467	16770	-0,0026114339567152485
16780	-0,00066502681322308781	16780	-0,0022270714639167502
16790	-0,014585020826065376	16790	0,0097067819148351237
16800	0,004602733941978283	16800	-0,0022255102335505248
16810	0,0041545702144494224	16810	0,00065588545011816153
16820	0,00354323358491457	16820	-0,00012601368686776656
16830	-0,0018654908631703002	16830	-0,0080841432397911941
16840	-0,015465557826681412	16840	-0,0041083503043856827
16850	-0,00023737380244219749	16850	0,0016464594833862766
16860	0,0084253030713393687	16860	-0,0036787104949803861
16870	0,021429284571540141	16870	-0,0099374742986188518
16880	-0,013123890562982203	16880	0,0049056654937004044
16890	0,00440875091022601	16890	0,0022321625209967629
16900	-0,004178619208579132	16900	0,00079021414673197555
16910	0,0045922897063748695	16910	-0,0073503413585951933
16920	0,0031956615936118925	16920	-0,01427587339085315
16930	-0,01786711221431124	16930	0,0024378465492890396
16940	-0,011395422985849607	16940	0,0016286202827801536
16950	-0,0067625192769816996	16950	0,000934846616275916
16960	-0,00023692494576493277	16960	0,0011011268635607579
16970	-0,00025069153929743439	16970	0,00059605941450764351
16980	-0,027914301605677275	16980	-0,0013470066376103246
16990	-0,0025530706708808315	16990	-0,00099535913931045913
17000	0,00012880383927638432	17000	-0,00093179658838683115
17010	-0,0020697886726047544	17010	0,0044390470873069817
17020	0,00503564742737239	17020	-0,0038121835950752181
17030	0,0014957811448434641	17030	0,010872423806967785
17040	-0,0055158742003938895	17040	-0,014750027542587033
17050	-0,0019039545780228603	17050	-0,00940473069493933
17060	-0,0070349847272095463	17060	0,0091721703626878055
17070	-0,0032893114386571905	17070	0,00085194408545388278
17080	0,0011833106096160891	17080	-0,0048430978759626776
17090	-0,00074924372376795174	17090	0,0048251374155008032
17100	0,0061848784418674025	17100	0,0036962005864580633
17110	0,0042873702823200618	17110	0,017010775812355418
17120	0,0057740831264537686	17120	0,013978624535681153
17130	0,0053523116863251306	17130	-0,0078350164849781447
17140	0,0033170142380543116	17140	0,0021270035835844994
17150	0,011843529601941405	17150	-0,006957487774518446
17160	-0,012436538849008466	17160	-0,00070469347261455518
17170	0,019868469990850363	17170	-0,00072442153148258531
17180	-0,0070950348221190136	17180	-8,76436428761916E-05
17190	-0,010704588422201745	17190	0,013705122950172266
17200	-0,0021935718462581869	17200	-0,0035129308243947721
17210	-0,0087126756030123809	17210	0,00438192687051861
17220	-0,00728702385010098	17220	-0,012169469084876242
17230	-0,0035997814714978072	17230	-0,01367481798383742
17240	0,0011689677953457293	17240	0,014176718787546692
17250	0,010573533243159326	17250	-0,0034820526159668923
17260	-0,0073803582218084363	17260	-0,0008038347356419122
17270	0,0010655840050450207	17270	-0,01350708817929173
17280	0,01070198816655378	17280	0,0082575805384605579
17290	-0,0077382268595563566	17290	0,0092205930530976938
17300	0,0050401443414689485	17300	0,0054298533006433272
17310	-0,012214593173582559	17310	0,0056944718605657684
17320	0,0067811989303369537	17320	-0,0078839571837127486
17330	0,0024635583086790266	17330	0,0013717257573882451
17340	0,0037972655449329978	17340	0,0067786387123963546
17350	0,00010829170241589365	17350	-0,0045447465048982288
17360	0,0093877944127293365	17360	-0,010801167661322664
17370	0,014193221787879374	17370	-0,0020206638534452179
17380	-0,0059420608278065888	17380	-4,2998119149007437E-05
17390	-0,0017317015336563617	17390	0,006998571356960151
17400	0,0014305393229997068	17400	-0,0032994070541302019
17410	-0,0025136724963840183	17410	0,0019221154132636133
17420	0,008677016554213943	17420	-0,0062958562789833207
17430	-0,0021790348577421961	17430	0,0039171661569303989
17440	-0,020838724367007091	17440	-0,00090446753426283953
17450	0,011582854861545608	17450	0,0077566976741901949
17460	-0,012405453152053289	17460	0,0022911297852491407
17470	-0,0028646308630029481	17470	0,00065007536255455676
17480	-0,00098471515479391612	17480	0,013151228311409477
17490	0,0064903379466490245	17490	-0,0032241424057017822
17500	0,0042026729800509694	17500	-0,0052010017509900534
17510	0,017914759686327039	17510	-0,0031690850491905777
17520	-0,00866278859710941	17520	0,00584727445273924
17530	-0,00865453490634469	17530	0,00193241788305445
17540	0,0082486426811539826	17540	0,021437870973583281
17550	-0,0026189334234654844	17550	-0,0021086268489899163
17560	0,0047234930858795522	17560	-0,0022653015245228439
17570	-0,00086651089003679873	17570	-0,0085215010948053345
17580	-0,012184383139633286	17580	0,002035742003903919
17590	-0,012738547515972542	17590	0,0089827794006701947
17600	0,014359913453411213	17600	-0,0058446403757008714
17610	0,011671774447942486	17610	0,0065338140461963356
17620	0,0099718453947572009	17620	0,0012339347189316973
17630	-0,01992838535204906	17630	-0,0069968735522353935
17640	-0,010610882953637404	17640	0,0079854610165773776
17650	0,0086628591600663146	17650	0,0075269958740835866
17660	-0,0063288831461490109	17660	0,0019183371118948393
17670	0,0036153737730140944	17670	-0,014111547692880446
17680	-0,0043141740273395816	17680	-0,0019556659183261448
17690	-0,001024567613848357	17690	-0,00076864388280562977
17700	-0,0045274026652368854	17700	0,0093828556370411063
17710	0,0010700513978676063	17710	0,0069906391971283769
17720	0,0082036953844876522	17720	-0,010382107217342344
17730	-0,0012437379885957929	17730	0,0060656723030463114
17740	-0,0008443363572977708	17740	0,0050865778577050564
17750	0,014461888043147112	17750	-0,00695968429723901
17760	-0,00981191415653946	17760	-0,0074163201749064466
17770	-0,0059405969043158811	17770	-0,0025733077995550124
17780	-0,0012234262567079252	17780	0,0031967977791338966
17790	0,012949371190444316	17790	-0,0017660650231419311
17800	-0,0060365216800691724	17800	-0,014035845933020496
17810	-0,00279895907480243	17810	0,0040449535651090728
17820	0,006370849867796821	17820	-0,00024204717107918479
17830	0,0067651846657656358	17830	0,016550138640137504
17840	0,004764586189396282	17840	-0,0093468404691166677
17850	0,0062384704778422921	17850	0,0024103021297463812
17860	-0,0088326257692263217	17860	-0,0022394267698689096
17870	-0,008375271442472635	17870	-0,00447244268668064
17880	-0,0075777335846394884	17880	-0,0044260920568585053
17890	-0,0026211635906615771	17890	0,0006199905289224429
17900	0,0099295288914912315	17900	0,003682245780114527
17910	-0,0075146522902748434	17910	-0,0026320798669522152
17920	-0,0031581980190547956	17920	-0,0080665851738827687
17930	0,0033955198434894177	17930	0,0059657193436397421
17940	-0,0078723460245674615	17940	-0,00518292230667828
17950	0,00078376928203179009	17950	0,011283195508942074
17960	0,0028042729405364872	17960	-0,0060857813152836856
17970	-0,0077392284335934449	17970	-0,0099442863225092815
17980	-0,019995215917932057	17980	-0,00512627998061536
17990	0,0025198366243548527	17990	-0,0017043343053623895
18000	0,0072135904364482454	18000	0,00175603452256981
18010	0,004626166721047759	18010	0,008700716534303949
18020	0,0091242826862320252	18020	-0,010291979577186214
18030	-0,0049161406494694845	18030	-0,0049245317658205444
18040	0,011525488374141951	18040	-0,00624376671762783
18050	-0,0014569672513647738	18050	0,013069989575194155
18060	-0,0070617868209976384	18060	0,0084210335738032632
18070	0,0060232836616215309	18070	-0,0058963367330299729
18080	-0,0186600308212296	18080	0,00046308040776488793
18090	0,0022931626761361493	18090	-0,007898057765550439
18100	0,0047925058921578232	18100	0,0070366574829233133
18110	-0,0066436075624988385	18110	-0,0037332186237145882
18120	-0,0011548906334234999	18120	0,008043852566446047
18130	-0,0089198345515344134	18130	-0,0064117710668879207
18140	0,0061806904932567523	18140	-0,0073977224476437778
18150	0,010487768813949397	18150	-0,014037437397815681
18160	0,0088061357412678089	18160	0,0039652501564101748
18170	0,00048785518154671607	18170	0,0010118337857844546
18180	-0,00060015043242160149	18180	-0,00010116106024869914
18190	0,0015815687450323719	18190	-0,002369066675175099
18200	-0,0048380372667011073	18200	0,0071254446852159073
18210	-0,0049712836964113556	18210	0,00436272610562035
18220	-0,00092307111153790383	18220	-0,0063927945426658509
18230	-0,00855468834110212	18230	-0,012752319353730326
18240	-0,012393141805567731	18240	-0,0019180434074683092
18250	0,015652200847146153	18250	0,0055787409319575359
18260	-0,0086906981910913339	18260	0,0044942121623380571
18270	0,0072474530467980429	18270	0,005959549248819293
18280	0,0039100940501363051	18280	-0,0030004581864645705
18290	0,017170837112393592	18290	0,010821728622598533
18300	-0,0064978697977030172	18300	0,0024555511578237786
18310	-0,0075703367420831271	18310	0,0037923084131517627
18320	-0,0023709642413533077	18320	-0,014187010615997081
18330	0,0040049096766195382	18330	0,0069038787901801422
18340	-0,004977350984787742	18340	-0,0031216670647710647
18350	0,0055553399634273677	18350	-0,0021667905570251574
18360	-0,0043209381837802626	18360	0,0027111852345012063
18370	-0,002141874806473799	18370	0,0051298880968051758
18380	-0,011034475478616641	18380	-0,0027527936937753452
18390	-0,0063262379501383519	18390	0,0089886536212014818
18400	0,00224701758918571	18400	-0,00096107253393015876
18410	0,0086173372273824662	18410	-0,0033601578197390942
18420	0,019981362990793835	18420	-0,006796902060300614
18430	-0,016212561881667156	18430	0,0038415888690059908
18440	-0,0050378504973814468	18440	-0,0035090196347794629
18450	-0,0069176907313435914	18450	-0,0093991517419068187
18460	-0,00097303968615665263	18460	-0,0054793959947981924
18470	-0,00784256271959278	18470	-0,023846497010606395
18480	0,0091666086561649346	18480	0,00774069834392705
18490	-0,0021237137716090342	18490	0,0076324490960520859
18500	-0,0012597830527180341	18500	-0,011409320566031871
18510	-0,0064181422734701675	18510	-0,00043071873757919029
18520	-0,0077808904103725367	18520	0,0087277427318097015
18530	-0,0037684445463828796	18530	-0,010157019229978873
18540	-0,01132446578531777	18540	-0,00320313185127117
18550	-0,0043404633877571546	18550	0,0084071922547947417
18560	-0,0083710811601989572	18560	0,0036061304024241929
18570	0,00073290695945840841	18570	-0,0078823421931968878
18580	-0,0044666793608356854	18580	0,0126984095371024
18590	0,013409573340970205	18590	-0,00064270100317436482
18600	-0,0094280718986661568	18600	-0,0055313508496385643
18610	-0,0047073430378856487	18610	-0,0077403646424553775
18620	-0,0030057704254953825	18620	-0,0015862698175795041
18630	-0,0011700375674057058	18630	-0,0045264661121133132
18640	0,001749678039627497	18640	0,00022675089274322278
18650	-0,0037423135597702949	18650	0,0048893029421719055
18660	-0,0063721413663290621	18660	0,0063877381220684946
18670	-0,004551881792964064	18670	-0,0068635438226335478
18680	-0,0075625410895332609	18680	0,0013098279145833701
18690	0,012650455493096954	18690	0,0021016126869030237
18700	0,0015813820434899461	18700	-0,0081790195473768409
18710	-0,011686213731234532	18710	0,0075352206868638406
18720	0,0094021978728758421	18720	0,0036041258797656411
18730	0,0056048417559416931	18730	-0,0067432015771576046
18740	-0,000993570252227806	18740	-0,0008795362778062874
18750	-0,0022864430206028154	18750	0,0039441488199329329
18760	-0,010283506749816077	18760	-0,001683042967331022
18770	0,0046718300933414371	18770	-0,004427572156554465
18780	0,010118968657367328	18780	-0,0092391051536370884
18790	0,01399718483921852	18790	0,0059650429880883475
18800	0,0041803568325911762	18800	-0,0033948219763292806
18810	0,00095130063868297584	18810	0,018521610685728093
18820	-0,0070431515855234684	18820	-0,01060498722972782
18830	0,002728607961076972	18830	-0,010936728635000982
18840	-0,00088931370436656787	18840	-0,007239997276390138
18850	0,024450286406315382	18850	-0,010573474613702746
18860	0,00063725811188708524	18860	0,012451663206925737
18870	0,010269702396900216	18870	-0,0023629013156325311
18880	-0,003097840980420442	18880	0,00015105228126257979
18890	-0,0030596482826720085	18890	-0,000672989291425758
18900	0,0058815210717856241	18900	0,0051052589570663408
18910	0,0033434626253078027	18910	0,012902398937588697
18920	0,011281060895513792	18920	-0,0026932137566010811
18930	-0,011131529270952279	18930	-0,001128987206531568
18940	0,0072919797130273842	18940	0,018789260095142906
18950	0,0076445704272460708	18950	-0,0018743125473807125
18960	-0,00850099737153138	18960	0,0011913186543335778
18970	0,0082150434603830529	18970	-0,0003608085052873217
18980	0,0031903449743253135	18980	0,0015894373295130724
18990	-0,016595111961975464	18990	0,01281628254067267
19000	0,025707640605062206	19000	-0,0056019404464168285
19010	-0,012586784568089357	19010	-0,0020431408553498167
19020	0,0037303701814654627	19020	-0,00968357522821454
19030	0,0060340394710400626	19030	0,00083186192239834676
19040	0,012423260968301229	19040	0,014366062777577604
19050	0,0059445985948868652	19050	0,0010642145613421296
19060	-0,024207063315700585	19060	0,0037053113568680704
19070	0,014941744251398881	19070	-0,0022076047766412289
19080	-0,0097046666321843264	19080	-0,00383494178125643
19090	0,0088933147748937787	19090	-0,0015994906589818102
19100	-0,0071884706205910479	19100	0,0013608485812926204
19110	-0,0081989811512519929	19110	0,0074405487194697589
19120	-0,0059302422343813456	19120	-0,0018119997575606365
19130	-0,0014252097568031371	19130	0,0021520430830741311
19140	-0,008054761290322553	19140	-0,0081274309608354474
19150	0,0064748007370685938	19150	-0,0047093480318088606
19160	-0,0066348800225246975	19160	0,00044783465748755023
19170	0,01461161620718468	19170	0,00087924020302549886
19180	-0,0041155224278503766	19180	0,011238887976065376
19190	-0,0057936940896911194	19190	0,0029880365059049953
19200	-0,0050555682189665149	19200	-0,013848444316903063
19210	0,0026346089665210781	19210	0,0023664336753684697
19220	-0,0078555476273573319	19220	0,0033272767793582334
19230	0,0011625213112185179	19230	-0,0053046885056730114
19240	-0,011832495970777488	19240	0,00037970926830174637
19250	0,001354407197655186	19250	0,0092971510099578557
19260	-0,00736348681737568	19260	-0,00586310644407735
19270	0,0065126596779860393	19270	-0,0052363719716292641
19280	-0,016211812655793977	19280	-0,00049773046673561418
19290	0,0026636728617801956	19290	0,00536016027101127
19300	0,0141409928848857	19300	0,0023171755213489409
19310	-0,0044483651703141648	19310	0,0091733816016209488
19320	0,016869211918124429	19320	0,0019970737214940575
19330	-0,01206177129157932	19330	-0,0069468895482816418
19340	-0,012324491334949448	19340	0,0042545392152656706
19350	-0,0098139748050984684	19350	-0,0077114293991195773
19360	0,0027867517929594278	19360	-0,011888211235417751
19370	-0,0015243078128763508	19370	0,010013268607503777
19380	0,0099836966273753342	19380	0,007362735063185721
19390	0,0051572932084952561	19390	-0,012007235844755007
19400	0,010464318239295603	19400	-0,000274874479885873
19410	-0,0098584038494886617	19410	-0,0035457153302649747
19420	-0,0018785338943458907	19420	0,0041250450153641829
19430	-0,011579541243726094	19430	-0,0064976286671896153
19440	-0,0060365603885280611	19440	-0,000649060868304417
19450	0,007335057184793714	19450	0,0008475967809443998
19460	-0,010262344063820029	19460	-0,018475000251363512
19470	-0,0026423705001490114	19470	0,0060981844181117956
19480	0,0088108845365693616	19480	-0,0031934144063532591
19490	-0,0036127319500845654	19490	-0,00078018113326849792
19500	-0,00673395244435687	19500	-0,00028361183260414168
19510	0,008118301496566253	19510	0,00383682814969204
19520	0,0041897795946398454	19520	0,0040128421008131581
19530	0,0047896909400164988	19530	0,0052676150391226754
19540	0,0027617034791009693	19540	0,0087859869765230456
19550	0,0053613852057219566	19550	-0,0038068919176621977
19560	-0,001522204073020493	19560	0,0064262279010601185
19570	0,0066833010891001474	19570	-0,0053201853478818438
19580	-0,014763837933998479	19580	0,0019972965151542461
19590	0,0022450034778009379	19590	0,0048903121413924654
19600	0,0061718087013353318	19600	0,00015587283144049283
19610	-0,0090920797278583078	19610	-0,012291166017096362
19620	-0,0025771858203965806	19620	0,010833506672331609
19630	-0,0013334658499617716	19630	-0,0051104074132957422
19640	-0,0030355441196360873	19640	-0,014501550352472147
19650	-0,012249221901376083	19650	4,3665325633513551E-05
19660	-0,011501661287318601	19660	-0,0045435082403355266
19670	-0,013373779737384742	19670	-0,00079122269581808952
19680	0,0024590812362010718	19680	-0,0081188203842526771
19690	0,0025532990158447545	19690	0,011547880828782279
19700	0,0081619232296958558	19700	0,0046505370357896722
19710	-0,0036750871417962805	19710	0,006666911626153826
19720	0,0036367815898060004	19720	-0,014085019380389564
19730	-0,0065400802130821719	19730	0,010072437089177485
19740	0,0022782839669757303	19740	0,016975033652348051
19750	0,00464270269829789	19750	0,0072522400902962454
19760	-0,0016643473312155015	19760	-0,0022232885320320477
19770	-0,0080852643953118856	19770	0,0081370133482193668
19780	-0,0064493061793039781	19780	-0,0070424686605628515
19790	0,019126426286708961	19790	0,025914153485590622
19800	-0,000827278940473532	19800	4,6101704745029659E-05
19810	0,00024497513329670064	19810	-0,00631325395209002
19820	-0,0014775777029723107	19820	0,0027344427046060876
19830	-0,00073757606031083552	19830	-0,00051358366055708632
19840	-0,0053149614079924636	19840	0,013757447246975408
19850	0,0028799196081519154	19850	-0,008699244561221519
19860	0,011148059886595261	19860	0,0055778821509478767
19870	-0,0030699101212433586	19870	0,0088135600814341
19880	-0,010900492999726431	19880	0,00597181233522154
19890	0,0055581505640272836	19890	0,0125973436465297
19900	-0,00974259513196823	19900	-0,00027938009131432082
19910	0,0014379358275953972	19910	-0,008488770533300407
19920	0,0028751602311207084	19920	-0,0037105566653303453
19930	-0,023046245500750812	19930	0,0031921746367485626
19940	0,00042500401031359426	19940	0,0070294426241173033
19950	0,0060131377623578583	19950	0,00029957048981485874
19960	-0,00669602172923185	19960	-0,0011042922944943133
19970	0,0068999083843369891	19970	-0,000585024888330814
19980	0,0069816309980860105	19980	0,002368078217146095
19990	-0,0043539988790662126	19990	-0,015428478548414441
20000	0,0026548186100847073	20000	-0,0056314774900471515
20010	0,00088319500459577279	20010	0,0029191028746103458
20020	0,0024445647663611848	20020	-0,0030563765276114276
20030	-0,0062980978786749669	20030	0,0061564363402369475
20040	0,00085223712760250142	20040	0,00040319997167741748
20050	0,0088716985498099032	20050	-0,0067529838920076142
20060	0,0023485235698839121	20060	0,0043283321061868369
20070	0,0041743364248812784	20070	0,0037515232859729962
20080	0,0030897611995651941	20080	-0,004056169296876435
20090	0,0048932005530606783	20090	0,010801176666611755
20100	-0,001849811386436446	20100	-0,018174487961620921
20110	0,0020157377717606793	20110	-0,00382382154041245
20120	0,00063365958955720878	20120	-0,0018068014505217373
20130	0,00720448699370327	20130	0,0088675201895446164
20140	-0,0039734147250534207	20140	0,0023924652677151108
20150	-0,0089360322198381581	20150	0,0031114840374928949
20160	-0,00071088498890429868	20160	0,011740063519625118
20170	0,020528338096125778	20170	0,0016701258292326959
20180	-0,004128880926066318	20180	-0,0063211549463701045
20190	0,0077381443316403226	20190	0,0066087049610523054
20200	0,014020026929784924	20200	0,00058360508959476017
20210	-0,0047832604506742966	20210	-0,0067973526195778356
20220	-0,0058808210243775742	20220	0,0031719648566929264
20230	0,0016620706639061029	20230	-0,0036749947977414367
20240	0,0063741138088225652	20240	0,0012214133498543393
20250	-0,0056754800811343233	20250	0,002239829366288523
20260	-0,021777123060408927	20260	0,0025450588252453584
20270	0,0044929927913384847	20270	0,0073805514002815951
20280	0,004465657198597801	20280	-0,0010319993878250065
20290	0,004995429224207623	20290	0,0028491595903526626
20300	0,011761773342470697	20300	0,0088739643515391847
20310	0,0013284878652721974	20310	0,0068481819235951917
20320	0,0044412824054190642	20320	0,0010073169887453454
20330	0,0015354613670666977	20330	0,0011554905205496322
20340	0,0034743494092665823	20340	-0,012847297430365418
20350	0,0047714332087741406	20350	0,00924576502021036
20360	-0,0043657785537001472	20360	0,007075976189263024
20370	0,0024403084036242612	20370	-0,0054476551371461512
20380	-0,022714138299396308	20380	0,013657904668368935
20390	0,0062338923948183677	20390	-0,0076218047095774994
20400	0,010426752199874639	20400	0,014285337176030186
20410	0,0026039364568102067	20410	0,00634456425753854
20420	0,0013186316526284942	20420	-0,0011161411253686371
20430	-0,0035515757103809537	20430	0,0017262147731101673
20440	-0,00139033875917932	20440	9,1380447257218321E-06
20450	0,017369777907992493	20450	0,011411080628889521
20460	0,0093190636516915313	20460	0,0032805778902004349
20470	-0,0068240857773460561	20470	0,017352413101309534
20480	-0,0084323062689195417	20480	-0,0007122518661525014
20490	-0,0098833120917099417	20490	0,00073148489007704507
20500	0,0089965469672410765	20500	0,010510826544129463
20510	0,0024897981455677992	20510	-0,0090801394452897678
20520	0,017107879589308417	20520	-0,0014073343172426186
20530	0,0036052325990581107	20530	0,0020082017211673821
20540	0,0031743401812463845	20540	0,0059480916574138638
20550	0,0062098106293986856	20550	-0,0069723647566655462
20560	-0,0091640237540686811	20560	0,0064092676316285235
20570	-0,0047491496065198095	20570	-0,010752020943975387
20580	0,0045117500370627523	20580	-0,0053124725143742493
20590	0,0061784348575752738	20590	0,0044538767437184443
20600	-0,007895709386207506	20600	-0,0043747537315017493
20610	-0,0020551376653311286	20610	-0,00449730879873632
20620	0,0015788673169188432	20620	-0,014878089218342034
20630	-0,0013264562474907525	20630	0,0094135465256053128
20640	0,01678119742709442	20640	-0,0066597772363090127
20650	-0,012986360350201886	20650	-0,010699685904824821
20660	-0,013903795289547006	20660	-0,0041536761223982281
20670	0,012239563672909355	20670	0,0064045712382117719
20680	0,0045545121315054933	20680	0,0048453588382639115
20690	-0,011821112940391019	20690	-0,006171738116278914
20700	-0,0058128843812636239	20700	-0,014095603169978791
20710	0,018892024439620448	20710	0,0078081470756507423
20720	-0,012865012574536377	20720	-0,0055375570246932911
20730	-0,0080990895260353024	20730	-0,004271318244624905
20740	-0,003622505888819088	20740	-0,00059879570568102647
20750	0,0041424776559387038	20750	0,0093344365628185537
20760	-0,0024645756051704334	20760	-0,000272420516870914
20770	-0,014303822271895118	20770	-0,0037532178692538339
20780	-0,00020603648516177511	20780	0,0061632767752690647
20790	0,00261740858038734	20790	-0,0045114002604621332
20800	-0,0043245521527118117	20800	0,0088758957900432287
20810	-0,0056414747322643946	20810	0,0062564775838727512
20820	-0,0085467135897294225	20820	0,010217845740540067
20830	0,0061846316749638473	20830	0,011323869320367134
20840	0,0096367155238512338	20840	-0,003097645150410798
20850	0,011946716936749273	20850	-0,0096233185781221791
20860	-0,00136379729561745	20860	0,00813585346985012
20870	-0,0070214839641318675	20870	-0,013852643362601814
20880	0,0012355940076682872	20880	0,011005819907374467
20890	0,000791596741552228	20890	-0,0091171953289219069
20900	-0,0016412879517527285	20900	0,0089490846492310556
20910	0,010250874682738888	20910	0,0085193195433372
20920	0,001859290629593042	20920	0,014426995415494928
20930	-0,002227073420762352	20930	-0,00428018508483657
20940	-0,005868561312918753	20940	-0,016371214732345974
20950	-0,0037797921566973818	20950	0,00527503014955349
20960	0,013111933288181303	20960	0,0098017008726071081
20970	-0,0020768601703387052	20970	0,0023902223072679411
20980	-0,00060072558621682311	20980	0,0096560823276741689
20990	-0,0032007756311878749	20990	-0,0016691452451521027
21000	0,017539314930575981	21000	-0,0066625987516620118
21010	0,002689979507390161	21010	0,0028738563270133194
21020	0,0033149579389327257	21020	0,0024093776705686851
21030	0,0052960452404292946	21030	-0,0084507470657436985
21040	0,0032881485896547342	21040	-0,0031809072097040043
21050	0,00563366040904571	21050	0,0036593924891279305
21060	0,0016668182529454281	21060	0,0063692966474448382
21070	0,00084868561662834708	21070	-0,00096012466794846447
21080	0,0049126979193452871	21080	0,0082983379904697785
21090	0,00015534324066995118	21090	0,0061419112331684549
21100	0,0065921109790550445	21100	-0,0017377530698230895
21110	-0,0031836091702629344	21110	0,0077206141053336921
21120	-0,0086193751159495523	21120	-0,013600111977155559
21130	-0,014590887251983254	21130	0,0046821623885218815
21140	0,0071249866695757905	21140	0,0024725958724024582
21150	4,1032315160268725E-06	21150	0,0014459875845500665
21160	-0,001685875301349812	21160	-0,00054840812599108075
21170	-0,0016249122046404223	21170	-0,0075141730078626835
21180	-0,011259162831537443	21180	0,0094739468670786645
21190	-0,0021156940466491043	21190	0,001393813159450011
21200	-0,0050774350979407535	21200	-0,0038365493279687354
21210	-0,0097753965179715723	21210	0,0077756546042227325
21220	0,0061779399212959826	21220	-0,0019436437896526251
21230	0,011085811458572898	21230	-0,0034074124673595736
21240	-0,0080795277788532436	21240	0,0058602129516178878
21250	-0,0097683699810839578	21250	0,0095742630760405831
21260	-0,013337525230272441	21260	-0,0094642708669291867
21270	0,013728698758977186	21270	-0,0056552980886554333
21280	0,0039430746567415582	21280	0,01169903685689427
21290	0,003346773053075981	21290	-0,011451779339807629
21300	0,01190040482218026	21300	0,0051550453507954305
21310	-0,011723734649762766	21310	-0,011094780035812832
21320	0,018013314721925883	21320	0,012182683100168257
21330	0,0030849084880658914	21330	0,0077030552704410223
21340	0,0037119949654203371	21340	-0,0030029355743989555
21350	0,010323773434722166	21350	0,0046427225992622771
21360	0,0050995547946178629	21360	-0,008606811013903537
21370	-0,00066547215274839928	21370	0,0029613206841743464
21380	-0,0054684736901244851	21380	-0,00055553311900674411
21390	-0,013151780116432857	21390	-0,012198646194277631
21400	-0,016580601692912374	21400	0,00097884276500575574
21410	0,010188860329899263	21410	0,022883671796440963
21420	0,0034288431087085166	21420	-0,003112589729133081
21430	0,0066735622818247	21430	0,0054589523905058633
21440	0,0008451003370015444	21440	-0,01500425946447728
21450	0,0067974069936169576	21450	0,0053343408691746749
21460	0,0063331973648242676	21460	0,010322201288431568
21470	0,0059767943082845373	21470	0,012227384613462554
21480	-0,0037029708739886444	21480	-0,0084621716623202638
21490	-0,006802438596592378	21490	-0,001796571480918495
21500	-0,0046103797643386561	21500	0,0012736655132853157
21510	-0,0061783702848935461	21510	0,000905419941430124
21520	-0,017223063230286838	21520	-0,00943004379938697
21530	-0,0041320094252851923	21530	0,0075230076679822918
21540	0,00048543389624860291	21540	-0,0068998873066921113
21550	0,002553954777933794	21550	-0,011928782449666739
21560	-0,0062886975287252964	21560	-0,012079444370002144
21570	0,0036600940666515537	21570	0,00046833708926376217
21580	-0,004391273586329663	21580	0,0086251322831772739
21590	0,0076088174739041845	21590	-0,011911776536308266
21600	0,0096149641372432083	21600	0,0072552240713213137
21610	0,0027440336236309319	21610	-0,0044074193655300091
21620	0,0038653246349333284	21620	0,0084708756586332149
21630	0,0078825177107890061	21630	0,00866543608663127
21640	0,0033520637302792062	21640	5,8331893844480814E-05
21650	0,0026189723430777934	21650	-0,0021065771109297924
21660	-0,0091628379522098319	21660	-0,0060058103575940346
21670	0,0018301090202897897	21670	-0,0078052579431850573
21680	0,001772655768167659	21680	-0,0047170963606569987
21690	0,0027945794992676387	21690	0,007607683620483181
21700	0,0044087590639223908	21700	-0,0077197702676509335
21710	-0,0057938494840996651	21710	-0,0086483141415355947
21720	0,001531659936090032	21720	-0,0032450123970662252
21730	0,0039612554323342009	21730	0,0025254407580287191
21740	-0,0040551958610846777	21740	0,011586353334355521
21750	0,0077938046365004848	21750	0,0070475360306444679
21760	0,0010076016700945128	21760	-0,0033440229304171512
21770	0,0058475700048230238	21770	0,0016126767229737277
21780	-0,001431214136921497	21780	-0,0012292765367450686
21790	-0,017657363540712411	21790	0,0024778819835140622
21800	-0,0061462575173621154	21800	0,015210497052758714
21810	0,0056083250321061059	21810	0,0006830128689267567
21820	0,0088354155367323748	21820	-0,0031331639384871266
21830	-0,0068849147548163854	21830	0,0019487525062327846
21840	-0,024137761305043842	21840	-0,00012313015678658339
21850	0,012083437502668343	21850	-0,0012949386574329443
21860	0,0073208718456051845	21860	0,000425253027639105
21870	0,0047798062919831774	21870	-0,007211882893049997
21880	-0,014141438280240753	21880	0,0036769157451973251
21890	-0,0049607177909287894	21890	-0,0023862422847950116
21900	0,00091770386404750744	21900	0,0037840102152405654
21910	-0,011495571792668875	21910	0,0030609474137153997
21920	-0,0090888656095929731	21920	-0,0019388009151754832
21930	-0,0077983756223475821	21930	0,0083345181693061984
21940	-0,00072820270247826832	21940	0,0061790285047542805
21950	0,0029978681914510706	21950	-0,000871709227978002
21960	0,0068481921214668265	21960	0,0018395894905832192
21970	0,011074521196343496	21970	0,009288515282427353
21980	-0,00038997538742615228	21980	0,00014183790386056465
21990	0,006860510139627172	21990	0,0074342471322678978
22000	-0,007214212253640705	22000	-0,00034250173726851137
22010	0,015234263949095609	22010	0,012845271017823944
22020	-0,0074848451424624277	22020	-0,0025740216687033688
22030	-0,0067503764028612294	22030	-0,0074888546123667993
22040	0,0011763097583237865	22040	-0,00061724359824187668
22050	0,010113462395577349	22050	0,015870671853071203
22060	-0,0048730735234527034	22060	-0,016209384014905206
22070	-0,0096910369792787086	22070	0,0026901746576903749
22080	-0,010595180469062077	22080	-0,010765621020012694
22090	0,010155125129291419	22090	0,0072515737104583309
22100	0,0098230179827438532	22100	0,0052915759668163221
22110	-0,0118908638865043	22110	-0,0085662817925153938
22120	0,00637153470288047	22120	-0,0096898877743830259
22130	0,002078301645496473	22130	0,0039882167225884484
22140	-0,0031944378542611974	22140	-0,003506449095025602
22150	0,005846802722099826	22150	0,0027751290243630605
22160	0,0062241731971807027	22160	0,003410111786951363
22170	-0,0040299899720213509	22170	-0,013606948158200823
22180	-0,0044657734126093088	22180	0,0024390880165140461
22190	-0,0073247524780120574	22190	-0,016844358973094289
22200	0,0075805115598842274	22200	-0,0060182237054176718
22210	-0,0075392912632231031	22210	-0,014639833520490458
22220	0,00949200147958826	22220	-0,00948326759842841
22230	-0,015295147869602127	22230	0,0070623280454487746
22240	0,0076412947378058163	22240	0,013901197044139805
22250	0,01475093826969336	22250	-0,0075665282296847733
22260	-0,028302448589345556	22260	0,0021346193180853436
22270	0,0066641964265315183	22270	0,0020568455653121815
22280	0,0022420952299358481	22280	-0,010738219437587536
22290	-0,0004583649231732702	22290	0,0007822050040423267
22300	0,00655019149537835	22300	-0,004177777867694985
22310	0,0032291976688484303	22310	0,0174842858675967
22320	-0,00719380864419636	22320	-0,0047335795398902791
22330	-0,0018062498250442304	22330	0,0059474548186698693
22340	0,0018823384878670576	22340	-0,0063709957266784457
22350	-0,010624381791990161	22350	-0,0047566659374835008
22360	0,023663276202652617	22360	0,0042263612137175173
22370	0,00052876032590975564	22370	-0,0010135367394095505
22380	0,0021232483805183819	22380	0,0016170393551676323
22390	-0,0077775582284774691	22390	-0,0037662488510034433
22400	0,0012575429320966442	22400	-0,0050048171139539304
22410	-0,0021211036229849393	22410	0,012398905532355347
22420	0,00047047225138553158	22420	-0,00571178499159341
22430	-0,00058807567635620452	22430	-0,0019768206892866835
22440	-0,0077606254480357423	22440	-0,011589797061201473
22450	0,0036380918368384735	22450	-0,0017028793255535275
22460	-0,0024958177285423987	22460	-0,010218865427064088
22470	0,0045464370491218511	22470	0,004664690880992816
22480	-0,0028762985404018615	22480	-0,014540403657393631
22490	0,0063666157391522923	22490	0,01022088141827838
22500	-0,0063232990780808934	22500	0,0080683310466286816
22510	-0,010393756999287173	22510	-0,0064673910055435121
22520	0,0055276318247674434	22520	-0,0053547598560288335
22530	0,0053433610428169761	22530	0,0053593378985817078
22540	0,0021765214759743067	22540	0,007747380238418821
22550	0,0011868905970349459	22550	-0,00035913227530525647
22560	0,0063856407489735261	22560	0,012700965106510306
22570	-0,001932717593551342	22570	-0,0062357470042476108
22580	-0,0099322664419145331	22580	-0,0054206757955067636
22590	-0,00712853343146875	22590	0,0054741279742691711
22600	0,0041167828721108508	22600	-0,0028270736795257463
22610	0,0083807626391711222	22610	0,0041305824622445819
22620	0,00040497209031215952	22620	-0,0032015473752820584
22630	-0,00023741724869231836	22630	0,0040130274676055191
22640	0,0032288532547541508	22640	0,0018921625972714851
22650	0,0064870299509807092	22650	-0,020277328760106038
22660	0,011303890028969251	22660	0,00864926436593256
22670	0,0013238425700367387	22670	0,0024281390967717037
22680	-0,019303371829052635	22680	0,0030581442020722696
22690	-0,0039218311803351892	22690	-0,0087275140492097184
22700	-0,0018139773972092579	22700	-0,0047946463720166714
22710	0,0033153122804283498	22710	-0,0060515073233022585
22720	0,010545622477365828	22720	0,0014230708523460356
22730	-0,015583436236228512	22730	0,0097326525643514541
22740	-0,015800879918295145	22740	-0,0062080099555923461
22750	0,011707925856756491	22750	-0,0059779445511151247
22760	0,0059000129939042606	22760	0,013513487919150939
22770	0,0029304041124721346	22770	-0,000316025006464532
22780	-0,0032905275013694183	22780	-0,0083019480227184382
22790	-0,0016027242338648047	22790	0,0089263933052602159
22800	0,002555240994248724	22800	0,0010710785818573326
22810	0,0009618833584857995	22810	0,0042370311637680291
22820	-0,0032986741820039754	22820	-0,0076669114917598206
22830	0,0099590340043063975	22830	-0,012753383971789753
22840	-0,0050533601312932469	22840	0,0067577278560732026
22850	0,0039709147195417065	22850	0,0079724075648656221
22860	0,011065301058175447	22860	0,0002260796299855369
22870	0,0076514447489176192	22870	0,012100862219788081
22880	-0,00064953871633990478	22880	-0,0029386217553663183
22890	-0,0020223671173083269	22890	0,00043805690539232837
22900	-0,007115159766763266	22900	0,0057706755928301863
22910	0,0044579697171306127	22910	0,0084131966952842065
22920	-0,0012004670413705149	22920	-0,00057348969778512335
22930	-0,0079122882182770925	22930	-0,004404314962295171
22940	-0,0057862103608664886	22940	-0,00419027100539637
22950	-0,0060458790518062066	22950	-0,0040127247275977274
22960	0,0063071132993792519	22960	0,00941451938928112
22970	-0,0078108517163203352	22970	-0,0098749862300736777
22980	-0,0017718993312977837	22980	0,0063674375538508819
22990	0,0083508422835764061	22990	-0,0011157144915534905
23000	0,0083599951695837917	23000	0,010537970936740625
23010	0,0018063518400126229	23010	0,008953922498956754
23020	-0,012277821408340021	23020	0,0033915032426677853
23030	-0,016931297925124097	23030	0,0039978291932661406
23040	0,0078454668308594686	23040	-0,006139792487589218
23050	0,0051801847153164736	23050	0,0034094290766091776
23060	-0,019493555710241969	23060	0,003819873604459529
23070	0,0057800237090502547	23070	0,0061636081416974759
23080	0,0035476524528375354	23080	0,0093012401171198387
23090	0,0022251716827199641	23090	-0,0010054748079179269
23100	-0,0029985627364615803	23100	-0,004561533887168818
23110	-0,014042077374790031	23110	-0,0047666449017424216
23120	0,0069071436791621693	23120	-0,0090911638753493288
23130	-0,0028228294044755262	23130	0,0045461735491412218
23140	-0,012507976587099193	23140	0,013102945348229178
23150	0,0094875185523966132	23150	-0,0037803956749527818
23160	-0,0083857288410802075	23160	0,01055996643100816
23170	0,01153887561625185	23170	0,0028854506282195579
23180	-0,0051675591263791757	23180	-0,00061944236943862021
23190	-0,0029837133331809722	23190	-0,019650460853566358
23200	0,0013918265591753775	23200	0,007642986938888794
23210	0,003583813729401115	23210	0,0036289109191862345
23220	-0,01527876854286989	23220	-0,0033363993629335637
23230	0,0079486819607328171	23230	-0,0060741282066462971
23240	-0,00890134077212237	23240	-0,0047881074415853228
23250	0,007045204666568221	23250	0,011069209716882479
23260	-0,012804514059727289	23260	0,00094450005523054835
23270	0,024238860512797108	23270	0,006485328244584824
23280	0,007291368467872969	23280	-0,001182030246869222
23290	-0,0059389304601279707	23290	-0,018802802910783487
23300	-0,013013448661305983	23300	-0,00073658845640156936
23310	-0,0088212618749473632	23310	0,0022373404123829797
23320	-0,0085194071061439076	23320	-0,016670055739977378
23330	-0,0095507304987455383	23330	-0,0065034641712289655
23340	-0,0030844330521061121	23340	0,0051499743868395438
23350	0,0070452474183591539	23350	-0,0088625701917913174
23360	0,0183004341142531	23360	0,0026525521173578026
23370	0,0086951036740198287	23370	0,0032588261706010249
23380	-0,013464566363045605	23380	0,0031868992123142009
23390	0,0092856077420019126	23390	-0,013450398763538226
23400	0,0071788322008222109	23400	-0,010079522340886275
23410	0,0017792660026361617	23410	0,0010885034316724055
23420	-0,0071577882170593072	23420	0,0027815369824902166
23430	0,00070697740890597659	23430	0,0021841835578408617
23440	-0,0056146396259768158	23440	-0,00037379979204554191
23450	-0,015715973602528851	23450	-0,0047151304283326112
23460	0,00887616975797443	23460	-0,00832121210737787
23470	0,0025270074412207322	23470	-0,0067972317222016925
23480	-0,027932806296483002	23480	0,0050445889913047293
23490	-0,0064627586440103328	23490	0,0077565815126906289
23500	0,025208281306303922	23500	0,017866287584149688
23510	-0,00865707896790833	23510	-0,023636633083194129
23520	-0,00056464215760109457	23520	-0,0048274910480817146
23530	-0,0041533638343079961	23530	0,0046240945180553977
23540	-0,0054860572353202961	23540	0,00072759226215862738
23550	-0,01114277023201665	23550	0,0001147959359338317
23560	0,0159490146463759	23560	0,0012999135921929043
23570	-0,0038469000879641268	23570	-0,0021426334441750979
23580	-0,0029039997338637961	23580	0,011450744844502628
23590	0,001092274269924825	23590	-0,0063336347259589252
23600	-0,0044910257293296479	23600	0,0073483326694244681
23610	-0,0071791063311115949	23610	0,0016781668069546791
23620	0,00861885399920958	23620	0,011007814683520523
23630	-0,025364564689210202	23630	-0,0016685498171387979
23640	-0,0065481102112030475	23640	-0,0082873229536387909
23650	-0,0094820528046188641	23650	-0,0038980491719179436
23660	-0,020495409981218959	23660	0,0071475316918099552
23670	0,0054573741936875409	23670	-0,012845882333918698
23680	-0,002141580954055556	23680	-0,0014958361615387329
23690	0,014823137478793727	23690	-0,0057113445444478784
23700	-0,01158730662627557	23700	-0,0062851113690822373
23710	-0,0082026733417377585	23710	-0,0022329287432888791
23720	-0,0029356752787334851	23720	0,0084182717151182734
23730	0,0045819224210904208	23730	0,0034291427846137078
23740	-0,0092555407721297885	23740	0,0002308637387030294
23750	-0,0037136058001232442	23750	-0,0027890845985861445
23760	-0,00027511216679494259	23760	0,0081650366305967715
23770	0,0088726957434102551	23770	0,0041156242062687729
23780	-0,0033829469606193544	23780	-0,013094564110517187
23790	0,0072223466821842277	23790	0,011491067282452677
23800	-0,0018461855865321978	23800	-0,0017006766925089492
23810	-0,0032536995068453722	23810	-0,010995757244666071
23820	-0,0042227342494557691	23820	0,00090881769135074306
23830	-0,023656831865213258	23830	0,019917987445076495
23840	-0,0062952018104220075	23840	-0,010651813167964961
23850	0,016749268146630861	23850	0,010657315505917711
23860	0,0086259522770275078	23860	-0,0057497701137385606
23870	-0,0068659593941285133	23870	0,0026373474935351849
23880	0,0043539045877034645	23880	-0,0030451018002534496
23890	-0,0063789703332195087	23890	-0,0030541487679794695
23900	-0,0054302190773728165	23900	0,0019644382236216036
23910	0,014055064351540329	23910	0,0046354409562366595
23920	-0,0051446490467329416	23920	-0,0028919010783160018
23930	-0,0048971796935690318	23930	0,0075103467930814566
23940	-0,011273671466541527	23940	-0,010129058526299728
23950	0,0097690038443778836	23950	-0,0024808023392421576
23960	-0,012118442345846402	23960	0,0013620489038551485
23970	0,016555188617929404	23970	-0,00039709398142532474
23980	0,0017916779984636249	23980	0,014223891080943631
23990	0,0050711881769548543	23990	0,0069794636096361167
24000	0,0013408650941495242	24000	0,016567739463705797
24010	0,0072156270164670791	24010	-0,0091126222924259419
24020	0,012392816524844067	24020	-0,010661941448252421
24030	-0,019856997807382093	24030	-0,0065518271552066987
24040	0,00092104452155828331	24040	0,00841352935794966
24050	0,010106763461986584	24050	-0,0020499078370253862
24060	-0,019492714895901996	24060	-0,0010536619308764888
24070	0,001908394829142212	24070	-0,0057368185681717981
24080	0,00047809410362812044	24080	0,0010117892214487876
24090	0,0090214451658138569	24090	-0,000959844452767816
24100	0,0056046703629705919	24100	-0,001868069912764276
24110	0,00058762782619507445	24110	0,0063145218239480261
24120	6,2686133109941109E-05	24120	0,012444530067764368
24130	-0,010769677125713655	24130	0,0085558427644327716
24140	-0,0032920809831243768	24140	-0,013507817937531089
24150	-0,0037333830079401952	24150	-0,00983204594080994
24160	0,00036263649403729887	24160	-0,0090155808320306844
24170	0,014606244742682753	24170	0,01054115426681459
24180	-0,010450912676764092	24180	0,00091325345986582656
24190	0,0032901775771462718	24190	-0,00044868626814788
24200	0,0010325244572822686	24200	0,013261474254106617
24210	-0,0033465145159255793	24210	-0,018643593257118486
24220	0,00095206805109911412	24220	-0,0061142291670714779
24230	0,0033836955697193615	24230	-0,0074788099895162974
24240	0,0287538662297502	24240	0,0052498940840794367
24250	-0,0038267540728921627	24250	0,0040507574954651848
24260	-0,0059176008412150458	24260	-0,0037248689148955067
24270	-0,0092584852307197266	24270	-0,015102047389578125
24280	-0,015125359913196577	24280	-0,0041807279352189348
24290	-0,00032130159537812171	24290	0,0053080567170363429
24300	0,0012540861065897396	24300	-0,00054739340855671154
24310	-0,002164720369033651	24310	-0,0039937339593506061
24320	0,010957582756923	24320	-0,0041995517011316858
24330	0,0024353805130520037	24330	-0,0081841461064866856
24340	0,0010091230434321134	24340	-0,0010479621535733103
24350	0,0024676838505442076	24350	0,015501118005842368
24360	-0,010320074484220307	24360	-0,00097368833311433332
24370	-0,001192968157671132	24370	-0,0049296716683919087
24380	-0,010366853515841561	24380	0,0081502751578147251
24390	-0,0029493418379787067	24390	0,002239770149363544
24400	-0,0051720626248473161	24400	-0,0010416035919078874
24410	-0,0043296302739843475	24410	-0,00068956496923101341
24420	0,017652171753727353	24420	-0,012213126246001843
24430	-0,021833803494386215	24430	0,00033843715782207569
24440	0,015021429148149721	24440	0,000837467595288089
24450	0,0044647684948034005	24450	-0,0089649791617903412
24460	-0,0011116629351539795	24460	-0,0051357214373369481
24470	0,0084680185971777837	24470	0,0060170363637354011
24480	0,0088529718099392314	24480	-0,0029574594393941968
24490	0,0044128467859170578	24490	-0,0096130157721518936
24500	-0,017872068231933002	24500	0,0030511492934287804
24510	0,003976458211781107	24510	0,0052970639949101788
24520	-0,0075794764690913282	24520	0,0090339317210005442
24530	-0,0062037733851815187	24530	-0,0081647326499632682
24540	0,00066337030867937247	24540	-0,011086753403152811
24550	0,011163557791128051	24550	0,007816222006751394
24560	0,0058358828621539122	24560	0,0024839792093762159
24570	0,010857255813417613	24570	0,0015924615552886424
24580	-0,0017002572725584593	24580	-0,0039856894927297968
24590	-0,010896081732539321	24590	0,0040458837184874363
24600	0,0080436145263148018	24600	-0,0087580835075570622
24610	-0,0121078589130617	24610	0,010567125252140402
24620	-9,7838426139551767E-05	24620	-0,006219273585750416
24630	-0,025212738957574077	24630	-0,0017522062337693518
24640	-0,011362494301420431	24640	0,0045006703745119631
24650	0,00870010565080159	24650	-0,0023578231806454693
24660	0,0030549155725756471	24660	-0,0023364432154119952
24670	0,00064914610928087913	24670	0,0041186494159488078
24680	-0,00820303924034507	24680	-0,0031817177475330651
24690	0,014879622100553184	24690	0,0036207558430439279
24700	0,021146223087680258	24700	0,010364951679010116
24710	-0,013566512679469346	24710	-0,0057208055948254361
24720	0,00066299672263525546	24720	-0,01107696646216356
24730	-0,010825289485949664	24730	0,0023549509126952867
24740	-0,0067031197247327482	24740	-0,00077519507411839144
24750	0,00803505101842222	24750	0,0030869914100609039
24760	-0,012983621055674842	24760	-0,01030770468167593
24770	-0,0037304670835365912	24770	-0,00061896328983135341
24780	0,0047145839723446489	24780	0,0021624772769664644
24790	-0,004379334618206554	24790	0,013957733181192847
24800	0,0039250324919508691	24800	-0,00781504059695407
24810	-0,019900665062360639	24810	-0,0081843399326200564
24820	-0,00034896366833048691	24820	-0,0063180918336492942
24830	-0,0015511441314321843	24830	0,0070303881363254651
24840	0,018482055674799425	24840	-0,01052531915002749
24850	-0,00037201247417359824	24850	0,007479400657160188
24860	-0,0060003581417487385	24860	-0,0087449327562134516
24870	-0,0027015071939978639	24870	-0,0075411404331545105
24880	-0,0027130550361068742	24880	-0,00082768417824799284
24890	-0,0073136650650500942	24890	0,0081975075585128052
24900	-0,010193784889526198	24900	7,3451114740273027E-05
24910	0,0012174543010806281	24910	0,0035388116286812249
24920	0,0052091105306653809	24920	-0,0086300573575136
24930	0,0015541972178602205	24930	-0,00041773398571433946
24940	0,0012641302241392606	24940	-0,000500800498370158
24950	-0,010026720261028233	24950	0,0021899307646896355
24960	0,0046701654473465994	24960	0,010218805372111242
24970	0,0046426924458787292	24970	0,0030468812322528606
24980	-0,0050863165020247313	24980	-0,00153075482383872
24990	-0,0018069054934831961	24990	-0,0009305689958363537
25000	0,0013033647729405098	25000	0,0010107783176659636
25010	0,0055414944319582965	25010	-0,0025995431513749193
25020	-0,015240665593945723	25020	0,010981631789316351
25030	-0,001656877236483195	25030	-0,0068467047431692287
25040	-0,0039873074819834591	25040	0,0034975078839397391
25050	-0,004398274306246586	25050	0,0021302163174458911
25060	-0,00291281945217	25060	0,0057375410937653675
25070	0,011790200438394806	25070	0,0019888886845949687
25080	-0,0017420975297297756	25080	0,0039267866111749742
25090	0,00095926152379030777	25090	0,0069499470873534783
25100	0,0089309101751147875	25100	0,0066391149891874678
25110	-0,007115272007152661	25110	0,0059242773770392344
25120	0,00642000891624142	25120	0,0032901452650178735
25130	-0,0061485265899870068	25130	0,014775413612279614
25140	-0,0053732826208820654	25140	-0,010399560091594786
25150	-0,0060006152237818237	25150	-0,01478290930830376
25160	-0,018888197397939045	25160	0,0059585914647402169
25170	0,0046330798439817977	25170	-0,011104583031274106
25180	-0,0034546102124679624	25180	0,0064658111789975886
25190	-0,0048912489483361144	25190	0,016418794993566403
25200	0,00012522711738162276	25200	-0,010163376805638457
25210	-0,0010624817520144465	25210	0,0054090329383072169
25220	0,0054561047811646519	25220	0,0055782293114805476
25230	-0,011494062946769515	25230	0,00078394868372743
25240	0,0003503047379201053	25240	0,0010928289063785377
25250	0,00910367238329887	25250	0,00074360228262468255
25260	-0,012093796721735304	25260	-0,0054208408974928722
25270	-0,0038259444047025327	25270	0,0043497370933288423
25280	-1,9916837549029453E-05	25280	0,0058375461752364849
25290	0,003459708852590641	25290	-0,004633140729371623
25300	-0,013859722060567004	25300	0,0014096898090596992
25310	0,0064827564336101592	25310	-0,010773858852729279
25320	-0,00240632653539633	25320	0,017304501773423072
25330	0,010972742789738097	25330	-0,00091254698033403636
25340	-0,0047945854566825612	25340	-0,0017164909911281008
25350	-0,0026018541508791054	25350	-0,00045716394587447484
25360	0,0049690108355817707	25360	0,0023084899904942239
25370	-0,0044177297129117379	25370	-0,013284242196516824
25380	0,014303522952000094	25380	0,0034502538131734053
25390	0,0030646657660556909	25390	-0,012054460356682301
25400	0,00053330728247517672	25400	0,006516252743052251
25410	0,0044166784287634313	25410	-0,000905351949169489
25420	0,00429932430029172	25420	-0,015426964259899699
25430	-0,0042029558395616758	25430	0,00412986175522836
25440	0,0084838100178131239	25440	-0,00038761702562321659
25450	0,01749586006351659	25450	0,00044395903626224289
25460	-0,0068767138925873586	25460	-0,012278220954546833
25470	0,00045201785625393546	25470	-0,0029567417986152513
25480	-0,013860499125660897	25480	0,0022974855006454931
25490	0,016354706983244049	25490	-0,0048731246768586346
25500	-0,010263718587564228	25500	0,0021271612164590879
25510	0,0034499507477452219	25510	-0,0082192944386844762
25520	0,00887536815530775	25520	0,0051142120425340517
25530	-0,011208091525730959	25530	-0,0010987690766646931
25540	-0,0011933999915331364	25540	-0,0062307863776354146
25550	-0,0029658674675617949	25550	0,00399883816137149
25560	0,0065831423783020921	25560	-0,0004389655962746832
25570	-0,0025987345094409474	25570	0,0062276251813024857
25580	-0,010926201926009094	25580	-0,0075399697536227585
25590	0,0062478790105373909	25590	0,0024282444806955641
25600	0,0012721674182833748	25600	-0,0048292870918508419
25610	-0,0030049438536415003	25610	-0,0045353814742030516
25620	0,0074036633101266965	25620	0,00017687941141477298
25630	-0,015101783982103842	25630	-0,0074982841169221968
25640	-0,017492664257779355	25640	0,0088171696180613483
25650	0,014956522075419849	25650	-0,0051101313170616794
25660	-0,0055075791827232934	25660	-0,014020759214325381
25670	0,0075760337456467364	25670	-0,0043424163754471725
25680	-0,0022728541310805973	25680	-0,0065881685939859205
25690	-0,0063316632689187	25690	0,0057047241009726022
25700	0,0027925246233761461	25700	-0,01291580179955629
25710	0,00677343882332528	25710	-0,0024936526409937323
25720	0,0009250158396782	25720	-0,015319395805740314
25730	-0,014392091284419178	25730	0,00015002614673630715
25740	-0,015255644527908875	25740	0,0032193491583535046
25750	-0,0010219471695644771	25750	-0,00866198278278005
25760	0,019263651188233633	25760	0,0033596555673746109
25770	-0,0046446951231064668	25770	0,001242823660642132
25780	-0,0036244376193801369	25780	0,0051462493102485043
25790	0,0050694006278789849	25790	0,0040287931111463405
25800	0,014253678217561615	25800	0,00936465388368743
25810	0,0084249766324749811	25810	0,0043041312261103068
25820	0,0073355792418317786	25820	0,011484454278582119
25830	0,010750737569409705	25830	0,0086621677649763359
25840	-0,005594632517625377	25840	0,00047075757373797996
25850	-0,0022043665831550938	25850	-0,0083958638970646551
25860	0,011750827147392545	25860	0,00786951887383421
25870	-0,0046201833186459585	25870	-0,0047300883772492877
25880	0,0076257306176093463	25880	0,0086530745386942717
25890	-0,0099403399252427672	25890	0,0060031582873592967
25900	0,0023151840306215705	25900	0,012378315032796719
25910	0,000622282823323022	25910	-0,0047552746520953763
25920	0,0049454364431461622	25920	0,0051047957767545605
25930	-0,0071050768424460869	25930	-0,0034449091554421538
25940	0,0045697654127612774	25940	-0,013284247309131587
25950	-0,0059465816777528324	25950	-0,013180726186559209
25960	0,0043786045924023177	25960	-0,01160395885547909
25970	0,00018996721020272855	25970	0,008378274291521208
25980	-0,0045287675015623667	25980	0,00094819654746149682
25990	0,013554525936343983	25990	0,00659192845017438
26000	0,0063883013585629821	26000	-0,0095880525051216057
26010	0,00092329561322474483	26010	-0,0033945130743071122
26020	-0,00864595518009435	26020	-0,0011724208198108112
26030	0,0086558514194537157	26030	-0,0023069002732469
26040	-0,0056951679174814147	26040	-0,012775776721955253
26050	0,010316331665833166	26050	-0,0089020753670602283
26060	-0,015696128101169486	26060	1,2488931121818237E-05
26070	0,0030473285930918514	26070	0,00057684773926336029
26080	-0,0022129216928072175	26080	0,014942389525280077
26090	-0,0084409929147784678	26090	0,0031611007142481515
26100	0,0023917379618991611	26100	-0,012672175705754886
26110	0,029679969596380952	26110	0,00814931035005346
26120	-0,010894664557010367	26120	-0,0029690527460415062
26130	0,0023543402278305638	26130	-0,0042052815776682075
26140	-0,014466508052948102	26140	-0,0043376325960293137
26150	-0,008811734048898923	26150	0,010861341028824505
26160	-0,0053472162578424819	26160	0,003302929157349279
26170	-0,00090205048826320737	26170	-0,0010477369894294941
26180	0,00069646842173869453	26180	-0,015275692245043875
26190	0,0089775793266563889	26190	-0,0052577352171537537
26200	-0,00071060711049863621	26200	0,0032594798085714589
26210	-0,011385544355049264	26210	0,0064715994332473241
26220	0,011533058124625351	26220	-0,0011195306081017589
26230	0,0047332934524535819	26230	-0,00437063960133712
26240	-0,0055451434430193675	26240	-0,00028161307596780182
26250	0,012921626557612564	26250	0,0046583287373239256
26260	-0,004929310116620636	26260	-0,020197516409844067
26270	-0,0025773943285021688	26270	0,0010641082435544692
26280	-0,01268775143169446	26280	0,0040730697744646074
26290	0,0051983509818442266	26290	-0,0041452195844393228
26300	-0,0041027735879909169	26300	-0,0049089821521654574
26310	-0,0095675999078789088	26310	0,00717693582655089
26320	-0,0017087842812774725	26320	0,0010281535686065253
26330	0,00966192730266828	26330	0,0082693507709318617
26340	0,001114074626969098	26340	-0,0076544322163704971
26350	0,0022456730521104216	26350	-0,0044350235813115559
26360	0,0025753956536651054	26360	0,002575863745835379
26370	0,0039451230638110043	26370	0,0027464461732869222
26380	0,010038598528777388	26380	0,0091311131846437809
26390	0,00890722836007676	26390	-0,0079373164613143789
26400	-0,003995401724135342	26400	0,0043408854776522824
26410	-0,0024015407420772479	26410	-0,010082280614628297
26420	-0,0011666716531125176	26420	-0,0014992180185779997
26430	0,0058100773775895944	26430	0,0037915730249967849
26440	0,0017742042911127411	26440	0,0010441902214733915
26450	-0,013543944205951061	26450	-0,0072266066294122029
26460	-0,0013687834982284745	26460	0,0051568118074665275
26470	0,014472592975693959	26470	0,0035250477051584498
26480	0,0050055523676300088	26480	-0,0046894544471571794
26490	0,020758653233693646	26490	0,008668101351390161
26500	0,0096841003460402652	26500	0,0050534460302506991
26510	-0,0002021775990604866	26510	-0,0065288148368030131
26520	0,0044676888551145764	26520	-0,0034671684602361396
26530	-0,010711512629091185	26530	-0,0023228348924273167
26540	0,0016663605036614404	26540	-0,01007740547881252
26550	-0,0019439362359955689	26550	-0,0017792606440063124
26560	0,0030641850584176207	26560	0,0053708018036906762
26570	-0,0092513715045767237	26570	-0,015994038500091318
26580	-8,2793268162384691E-05	26580	-0,006069036118600447
26590	-0,0032674808724207486	26590	-0,0015337707301332903
26600	-0,0091647847800093	26600	-0,019152977307806754
26610	-0,00015280197262552926	26610	0,0040242723035805745
26620	0,0026093321470716077	26620	0,0024234740750536453
26630	-0,028308392646907373	26630	0,0038008375655748366
26640	0,015460569933333846	26640	-0,018460967324723482
26650	-0,0077460505927924228	26650	0,0088560500654583825
26660	0,0050713888093925985	26660	0,0023506387048148796
26670	0,0023915798614456362	26670	0,010133236373893585
26680	-0,0064511001812448026	26680	-0,0084874185112827679
26690	-0,0084166233072632459	26690	0,0053929883726153037
26700	-0,00076042007504714736	26700	0,0050715080155977858
26710	-0,014090938446364991	26710	-0,0053380518010263589
26720	0,0079393757309127472	26720	-0,000367212399488016
26730	0,0041565689632016229	26730	0,0077672406730719531
26740	0,021238473699006818	26740	-0,01102917704850364
26750	0,0026854797228827634	26750	-0,00014235379589511914
26760	-0,0038333150719958562	26760	-0,0046670243896228718
26770	-0,0194704303231765	26770	0,010009883853944513
26780	-0,0071542717170186218	26780	0,0097855949920429147
26790	-0,0031535770347292116	26790	-0,00875182315207555
26800	-0,0061669576438784946	26800	-0,0033285207586567309
26810	0,0033266105160725768	26810	-0,0087688140194278758
26820	0,00034305606375117524	26820	-0,0074757651044433694
26830	-0,0056315503787026456	26830	-0,003797387962804849
26840	0,01048399456237145	26840	-0,0065685687154981741
26850	-0,0087960620254551539	26850	0,0097324351635627356
26860	-0,0031456073601281	26860	0,0017205328108500419
26870	0,022397060326549024	26870	0,00076733076616644961
26880	0,0050244378515174647	26880	0,0095914578575606556
26890	0,0028680202983473748	26890	-0,02562007334012224
26900	-0,004632496623019673	26900	0,00934825586747748
26910	-0,0018673064310403326	26910	0,0067242811918342069
26920	0,0055629479617330365	26920	0,0045386115115425936
26930	0,007534518974215307	26930	-0,010583732382191896
26940	0,004906639782219533	26940	-0,00859302375670301
26950	-0,0048118366172628987	26950	-0,0031611983327195525
26960	-0,00039861881697406874	26960	-0,0018503497037373781
26970	-0,0049130621348373238	26970	-0,0048870053367112689
26980	0,0013718917653232504	26980	0,011417760207817863
26990	0,0097057651327025415	26990	0,0082768214904151288
27000	-0,000337555680833865	27000	0,010259265908415114
27010	-0,0172669472310441	27010	-0,0041989114440427449
27020	0,00079487004241797206	27020	-0,010611493275870907
27030	0,0049935174846366471	27030	0,00433321900474332
27040	0,0029511907464034484	27040	0,002242938925484439
27050	-0,0056338175715395173	27050	-0,010404132227215646
27060	-0,0013293901053088441	27060	0,0055899830781235794
27070	0,0030374351984594639	27070	-0,0034800999155565494
27080	-0,0062842149395228092	27080	0,0063003033328704831
27090	0,010943708210475909	27090	0,005710582181856827
27100	-0,0060033265430244316	27100	0,012641915383372037
27110	-0,012822517777252058	27110	-0,00041326132392425851
27120	0,0044142625685788667	27120	-0,018887459465217742
27130	-0,00074081785548013015	27130	-0,0016045062120036784
27140	0,0059270575160734204	27140	-0,0029701136041544751
27150	-0,00697168617065443	27150	0,0019500374066488968
27160	0,00704199426425101	27160	0,018034865780280337
27170	0,0018070672583600225	27170	0,0056135021488766942
27180	-0,021933878978591267	27180	-0,0053447178545954982
27190	0,015902083918700956	27190	-2,6371307139676562E-05
27200	-0,0053158747634565861	27200	-0,0095783430309728385
27210	0,0097204310886456168	27210	0,0077291564009581409
27220	-0,007051365747353629	27220	-0,019975051861720314
27230	-0,01571696313340519	27230	-0,0040794498236867245
27240	0,00096432318673283471	27240	0,00080664017087312074
27250	-0,018272595876883242	27250	0,0028185542545830942
27260	0,0018489154718582029	27260	0,0043050998455226013
27270	0,0023334929041943309	27270	-0,0016072626335224207
27280	0,012800212427433325	27280	-0,0015766826286679591
27290	-0,0091894103859172273	27290	-0,0020094170591219611
27300	-0,0092431556526232535	27300	0,0051248777427806164
27310	-0,011521992612787054	27310	-0,006053564505808174
27320	0,0044884880098595434	27320	-0,0063436135982703054
27330	-0,0051254636927713232	27330	0,0051859970151953583
27340	0,01723778802893838	27340	-0,00061746578682680953
27350	-0,0037799903586348917	27350	-0,0028187064945696329
27360	0,0043984204915229457	27360	0,0085786600562319636
27370	0,01307486659041034	27370	-0,0035115771408890106
27380	-0,021971325140365656	27380	-0,0010782637919881082
27390	-0,01458829492238857	27390	0,0076204459489751571
27400	0,0056890316425096971	27400	-0,00028533628107158064
27410	0,0061514636696172915	27410	-0,0054034105034414777
27420	-0,00015296903371604279	27420	-0,00849749641008976
27430	0,0014014409384180569	27430	-0,0028852961043656857
27440	0,012622064664734426	27440	0,0027880403197579834
27450	-0,022260713515231713	27450	0,0046632436436929176
27460	0,0071102483048581288	27460	0,0052980414151883879
27470	-0,0028795699606038784	27470	0,0062149861227423974
27480	-0,0051319082924161825	27480	-0,012813096437678478
27490	0,0012541515867060924	27490	-0,0060182701077739964
27500	0,0042232367079791831	27500	0,0076759649194913515
27510	-0,00095846698261559452	27510	0,0050532178562112092
27520	0,00023011934655916888	27520	-0,0029493206009208644
27530	-0,013617716544540554	27530	0,0081356031865263446
27540	0,009092450964899499	27540	-0,010319543336711069
27550	-0,0046275241047766379	27550	0,0093979756035301679
27560	-0,0022644018278815017	27560	-0,0080060390594709659
27570	-0,0038001030321971013	27570	-0,0065833871750401105
27580	-0,020681836589831203	27580	0,0024402723384990602
27590	0,0078917495120183617	27590	-0,0050844925054064826
27600	0,010372507575734111	27600	-0,0054813646066498656
27610	0,0051542828189720322	27610	0,00949128384112727
27620	-0,0059143352674621424	27620	-0,0085085287285634036
27630	0,0031262887045164379	27630	0,010506403379206377
27640	0,0116023729582234	27640	-0,00025844122191928236
27650	-0,01133869329249102	27650	-0,0034251897173785874
27660	-0,003766169169640613	27660	-0,0084800587260239688
27670	-0,0007663633493220685	27670	-0,00986466220453525
27680	-0,00069014018863991825	27680	0,0023421863555202517
27690	0,0048498500278308142	27690	-0,010917581640006845
27700	-0,0024912946320873584	27700	-5,43866807415623E-05
27710	-0,0010942299555744314	27710	0,014947708963739984
27720	-0,022281252048742622	27720	-0,00038031513142436363
27730	0,004742783885007552	27730	0,0039206648026018044
27740	-0,007650589488425447	27740	-0,010181338838248913
27750	0,0023695355341919748	27750	-2,9693958636737596E-05
27760	0,015138342002462092	27760	0,00697884018530167
27770	-0,00097999000670180971	27770	9,4546324357512379E-05
27780	0,013742635786911511	27780	0,0036967294373185496
27790	-0,0074116319712231706	27790	-0,0023815072953455863
27800	-0,010660776738019018	27800	0,0059437471753362968
27810	-0,0028965659207849481	27810	-3,4099172464817506E-05
27820	0,0077578223189589757	27820	0,0079254491082835221
27830	-0,0088392298484561184	27830	-0,010029589653331415
27840	0,0024286400030841277	27840	0,010668215309345384
27850	-0,018372425886192392	27850	-0,005106071013891874
27860	-0,0024443105042823311	27860	-0,017720918218022772
27870	0,024156643030994754	27870	0,0054560827601037249
27880	-0,01165795873807576	27880	-0,0057228982344084533
27890	-0,014360753311102594	27890	-0,0039651907328875973
27900	0,016236125985088362	27900	-0,00091420285540754788
27910	0,0029735748887678537	27910	-0,009637230188386612
27920	-0,00020696468907641213	27920	-0,0011552016312168149
27930	0,0021228161920669605	27930	0,00023919036961660267
27940	-0,00056176914068314444	27940	-0,0094826925271924191
27950	0,0021625614615966818	27950	0,0024789985815610598
27960	-0,0097468707738164323	27960	-0,0035090118893366796
27970	0,0087479621242896512	27970	-0,01220462912700449
27980	-0,010773371627193822	27980	0,0087411269471875767
27990	0,0019871994194107009	27990	-0,0046496411302939444
28000	0,010569562092661477	28000	0,0096116201032350676
28010	0,0073388505348064969	28010	-0,0076468335723653951
28020	0,010474987373543824	28020	0,0033933890209711507
28030	-0,0092510727742392	28030	0,0069530748554950316
28040	-0,00973163421415387	28040	-0,0049248213141157206
28050	-0,019467179741545316	28050	-0,012733218669378278
28060	0,0029115000598115767	28060	0,0004563886742907168
28070	0,0026040587840919171	28070	0,00856102773478655
28080	0,0033065593498648768	28080	0,0060240334610110885
28090	-0,0026894713041509693	28090	0,010556007174530009
28100	-0,0031140810532690861	28100	0,0070728391442844854
28110	0,015193504574532965	28110	0,00013981926472499207
28120	-0,0063485199043763936	28120	-0,0081597169711536063
28130	-0,00023714998701498095	28130	0,0023197234054966086
28140	-0,0019549168588939231	28140	-0,0051687322646518739
28150	-0,0005668592311544123	28150	-0,0033216732656261216
28160	0,0043612962823504475	28160	0,0023796171595434875
28170	-0,0045281745200951712	28170	-0,0027475727559416394
28180	0,0017638201483572518	28180	0,0031669828862961667
28190	-0,0079417345888931762	28190	0,006356616412597548
28200	0,0054511752519270694	28200	-0,026543165179386454
28210	0,013770142448263287	28210	-0,014497699556376031
28220	-0,012355325931219709	28220	0,0099297274728336517
28230	-0,0090288357941111664	28230	0,0081957147325984123
28240	0,018046881286271663	28240	0,0044354716602953608
28250	-0,0014878545514198371	28250	-0,0047313915754598965
28260	0,003669787131925535	28260	-0,0023363496829351387
28270	0,00598806222327201	28270	-0,0022698517061191378
28280	-0,0065839310457751791	28280	-0,0013894562244758709
28290	0,000691653704867016	28290	-0,015364032290057325
28300	-0,0041954013300223485	28300	-0,0065559885140431262
28310	0,0019484425261832384	28310	-0,00062838769142024289
28320	0,0010511035609788561	28320	0,00091657337118821521
28330	-0,0016385072769080898	28330	0,015358682542932203
28340	-0,00974647718663033	28340	-0,00281449968122256
28350	-0,0037604311845376892	28350	-0,003284891946980137
28360	-0,0056954646067535215	28360	-0,00863828626981742
28370	-0,011552319500879092	28370	0,0090367095196194954
28380	0,012647947665554354	28380	-0,0023094668076946837
28390	-0,011790187770292952	28390	0,013537837477684214
28400	0,0011716375281965157	28400	-0,0035594318203122544
28410	0,0044074208489500652	28410	-0,0010024501689912817
28420	0,0028048519492592482	28420	0,012737422929179367
28430	-0,023127974226093195	28430	-0,0044287574884322774
28440	-0,0026510594642553831	28440	-0,02134342507062326
28450	0,0011482464557869435	28450	0,011560962277564542
28460	0,00092204086130718069	28460	-0,0058972653300950351
28470	-0,0009723053908041729	28470	-0,001241360845713901
28480	0,010778069396148336	28480	-0,0040772590758485407
28490	0,009452063524591315	28490	0,007998163365623796
28500	-0,009148180666630177	28500	-0,0023748619873534575
28510	-0,00014803710245222176	28510	-0,0037077942495206467
28520	-0,0044310246227948786	28520	-0,0054953490029845528
28530	-0,010842428999483426	28530	0,014036021403215948
28540	-0,001943173886971974	28540	0,005749526594747585
28550	-0,0060660268413116371	28550	0,0011842285387077961
28560	0,01422825224182692	28560	0,0025915406696404258
28570	0,0044186054228611375	28570	-0,01555920219272715
28580	-0,002956276631048946	28580	-0,00049229585698602253
28590	0,0076608539148097041	28590	-0,006584968126689311
28600	-0,026844986976740096	28600	-0,0013883549876355721
28610	0,0067753740643051686	28610	0,0026506180866491483
28620	-0,007411944216722856	28620	-0,0033836401956771826
28630	0,0073732277168564505	28630	0,010234367102685734
28640	0,013334629856198937	28640	-0,0017752183848825476
28650	-0,0022322105126235622	28650	0,0016954574451966491
28660	0,0039587846834563938	28660	0,0052065967908902
28670	-0,00414205807188687	28670	-0,0074337786678521419
28680	0,0023014075529772661	28680	0,00042514242115956679
28690	0,0067787250447634093	28690	0,00412050565967171
28700	-0,0036899936340277109	28700	0,0029744354943329189
28710	0,011187214115610291	28710	0,0092170123168050216
28720	-0,0089176582254187117	28720	-0,010454300852401094
28730	-0,0012834817238048626	28730	0,003711910737790329
28740	0,0036202150327589548	28740	0,013036687133933217
28750	0,0015568751169182146	28750	-0,0020604939229679976
28760	-0,005412389511894624	28760	0,0024456987271153675
28770	0,016562550905196417	28770	0,00071917747940270177
28780	-0,010192813754323073	28780	0,0060501098837213727
28790	-0,0029400241966676312	28790	-0,0038340035622606503
28800	-0,012660635103790795	28800	0,000592897463357849
28810	0,0042909297367129812	28810	-0,0123452905568933
28820	-0,016341997661359679	28820	0,0076045416347515519
28830	0,00903131903083949	28830	0,0094534567573934629
28840	-0,0071845215030674125	28840	-0,0060976678261161288
28850	-0,015224453274201442	28850	-0,0056174296727353615
28860	0,016428159823421808	28860	0,0071560459652459515
28870	-0,0034704361124640987	28870	-0,0043593159974905735
28880	-0,01908371676362608	28880	0,0053077761769962841
28890	0,010367010490615759	28890	0,0055923166917645779
28900	-0,011229625546979313	28900	0,0015663243209306976
28910	0,015779610377083943	28910	-0,0047777205681495778
28920	-0,0021083792428657493	28920	0,0038187660235143653
28930	-0,0079756077891689845	28930	0,012987613127286374
28940	0,0036115952860103539	28940	0,0043208943723024949
28950	0,0047499406552266518	28950	-0,0074092759343861144
28960	-0,00055903389207355946	28960	0,002203492643182964
28970	-0,013223189577617138	28970	0,0093972505591787946
28980	-0,015034922289946242	28980	-0,013229937082324499
28990	-0,00079834515730869352	28990	-0,012345168679432786
29000	-0,016741067771660467	29000	0,00013112434334900492
29010	-0,016083970414759709	29010	-0,0031704811773440784
29020	0,0024105261407875982	29020	0,0046033623051587565
29030	-0,0095643534956341928	29030	0,0042115412056366493
29040	-0,001867680866780492	29040	0,00064752850690503235
29050	0,021889838853266431	29050	-0,0040963917049710967
29060	-0,0022624674397816414	29060	0,0045345999636791966
29070	-0,0042576338851818048	29070	-0,00031163439818669708
29080	-0,0078321387457351791	29080	-0,0070193879505331186
29090	0,0057234907504225725	29090	0,0018358398732361931
29100	0,0089905108278564572	29100	0,0077012461673318733
29110	0,0060805456854107392	29110	-0,013158011764326136
29120	-0,013310001350623869	29120	-0,010805905335701617
29130	-0,0012857649742482053	29130	0,000439445608489886
29140	-0,0031823333857470969	29140	0,02444000169026711
29150	0,00711395274252828	29150	0,0015043618606370695
29160	-0,00071197619930317413	29160	0,0017639581574165079
29170	-3,9468375025964353E-05	29170	0,0076743917691162551
29180	0,0038856029224169906	29180	0,010449325755166796
29190	0,002632049616721868	29190	0,0032371945045684722
29200	-0,0074642162527307878	29200	-0,0028874534218728508
29210	-0,0022101289893876439	29210	-0,002528050719708453
29220	-0,0054401075558492516	29220	0,0087325717274093217
29230	6,3035431547809012E-05	29230	0,0054103412934603723
29240	-0,0071436665386479439	29240	-0,00817085676902531
29250	0,016174261173372905	29250	-0,0032986952650252881
29260	-0,00093535442593268854	29260	0,00029257067627321942
29270	0,0068331335875522255	29270	0,014200608506109907
29280	-0,00073713424635024876	29280	0,0010231123750880985
29290	0,00068455555358083785	29290	0,0039295814753092483
29300	0,0017537504740859236	29300	0,00068425230346289814
29310	-0,0029237593996875419	29310	-0,0020762408263765605
29320	0,0035641474628403478	29320	-0,002586760087407072
29330	0,0041833809229139965	29330	0,0056001328174598254
29340	-0,00097237659900911624	29340	-0,0039767312759572959
29350	-0,0023841507765586098	29350	0,016766632391582527
29360	-0,001579852384848277	29360	-0,012000062613889518
29370	0,0041085497134949909	29370	-0,00345902584797327
29380	-0,02232083224154905	29380	0,0012612695397801212
29390	0,00057466641858948885	29390	-0,00978989643389788
29400	0,0085732400383244714	29400	0,011996764893112119
29410	0,0024344066615593681	29410	0,0026084258792905815
29420	-0,016075489810120785	29420	-0,0039058680849930983
29430	0,00017061559364333956	29430	0,0060657256327790957
29440	0,0015490740900295315	29440	0,0016424647895157667
29450	-0,0031564993783779328	29450	-0,0068275137468310826
29460	-0,0025154678622263432	29460	0,01702879147986687
29470	0,014023886274488166	29470	0,013642932745523851
29480	-0,016161483610451478	29480	0,014462112679959567
29490	-0,0094100383597323228	29490	-0,012357884128579844
29500	0,0024971199525020953	29500	0,013762429378853519
29510	-0,022511358470887019	29510	-0,0050469444438066315
29520	0,0038768440290324929	29520	0,0038164611817441238
29530	0,011605955592139793	29530	-0,0067406708810300092
29540	0,0060717639199371	29540	-0,0063610209391876567
29550	0,015106505481888962	29550	0,0011622505645876293
29560	0,002157201475657114	29560	0,005409488178972556
29570	-0,0026549861440139139	29570	-0,00812168569758233
29580	-0,0061654207803745458	29580	0,012429393309050412
29590	0,0086021827299359536	29590	0,00061703869090546509
29600	0,011229768408186612	29600	-0,010830492347907349
29610	-0,012424357312620576	29610	0,016070245509192203
29620	0,011845524989588421	29620	-0,0026401314994028207
29630	0,0034706754744672319	29630	0,0025234705158579626
29640	0,007888085072501147	29640	-0,0029939386789693623
29650	-0,01568180031578225	29650	0,00038134013817819109
29660	0,009628041231602524	29660	-0,0029206903953122123
29670	0,0017383327379496872	29670	0,0031035659951830141
29680	0,000986245205054994	29680	0,0015282525546699399
29690	0,0050139760063367053	29690	0,006313805160476622
29700	-0,0085377275596538339	29700	0,0013479354224982152
29710	0,021098757846633426	29710	0,006785223180532947
29720	0,0093213629874911615	29720	7,9284357546648113E-05
29730	-0,00089621003828034942	29730	-0,009288927942623728
29740	-0,006730648854425118	29740	-0,0010156920579811604
29750	0,00072877258117243324	29750	-0,0023331138053963845
29760	0,0086988964387781139	29760	0,012475396192571309
29770	-0,002965282228522461	29770	0,0045055284859292586
29780	0,0012309375113309419	29780	-0,011126206481887984
29790	0,0024986847651534772	29790	-0,001704965727625426
29800	-0,0097210249432900953	29800	-0,00034180269833153213
29810	-0,015426186503724093	29810	0,00818464569254797
29820	-0,01191405597430484	29820	-0,009747558326394061
29830	0,0027508519339370595	29830	0,0094878515950286377
29840	0,0069039576410403905	29840	0,011074856134038386
29850	-0,0021162783382335944	29850	0,0057801213528862853
29860	0,019778201544189182	29860	-0,0084050089304413319
29870	-0,0064763198167626769	29870	-0,0021121393343053172
29880	-0,0025803426606729241	29880	-0,013120120977010463
29890	0,0028935480973644786	29890	-0,058665649628968426
29900	-0,017274474324850735	29900	-0,12084887148582905
29910	-0,034352005027010732	29910	-0,20563051327347087
29920	-0,0034611662137744863	29920	-0,3120235384437991
29930	0,010035107137267298	29930	-0,38776341613558385
29940	0,0098227163284318065	29940	-0,40720750849909743
29950	0,012831234290099969	29950	-0,39679508609248548
29960	0,0043132424365386595	29960	-0,37679073937944363
29970	0,00022269841419371488	29970	-0,3181865845646446
29980	0,038361946300186717	29980	-0,30108624483884222
29990	0,065087192324537566	29990	-0,24034831549142655
30000	0,026508313910193315	30000	-0,15015958799149556
30010	-0,0016824518168685051	30010	-0,3648185370408924
30020	-0,0058567797765808295	30020	-0,32907816061366929
30030	-0,063672484270035412	30030	-0,17531095364251362
30040	0,10388131367342789	30040	0,047455578867202274
30050	0,045463591706979223	30050	-0,099924591840129653
30060	-0,13014835406786537	30060	-0,084485343211473357
30070	0,055453556687788987	30070	0,424971146820508
30080	-0,11231429390943143	30080	0,87880186365785429
30090	0,033096464185319328	30090	0,75111214438389473
30100	-0,16994276180251491	30100	1,433708943561423
30110	0,087890288620117357	30110	1,5589341019786247
30120	-0,015371928958808385	30120	1,339930734732564
30130	0,1004788176639636	30130	0,87290477579198622
30140	0,04791052257667773	30140	0,676969231611031
30150	0,027239373833657769	30150	0,46447350363708928
30160	0,078795566203713016	30160	0,22882443671817121
30170	0,064826953558776379	30170	0,044828287247099634
30180	0,023451858534642336	30180	-0,074827115067118866
30190	0,0021028886349600149	30190	-0,13968169482615869
30200	-0,040097220750663631	30200	-0,10219642560352264
30210	-0,018782372220556735	30210	-0,070945715152169991
30220	-0,048302513834792483	30220	-0,054701248744648705
30230	-0,048093432142189391	30230	-0,254820645741662
30240	-0,064219848179289746	30240	-0,52262179676649667
30250	-0,047759925064318448	30250	-0,66788924161817664
30260	-0,028275103614794357	30260	-0,7278700252405057
30270	-0,028450832900854428	30270	-0,713852758143788
30280	-0,022180145109300397	30280	-0,61810948300302537
30290	0,0022228608142083987	30290	-0,46885877727277664
30300	-0,0079272221808446459	30300	-0,3150708636296804
30310	-0,02186132044826385	30310	-0,18483168949166043
30320	-0,036332449736571709	30320	-0,07403815334427459
30330	-0,038606104543241343	30330	-0,02034440168902384
30340	-0,028995202218938244	30340	-0,00988082748516839
30350	-0,04279635411589449	30350	-0,026146469655284277
30360	-0,028398856473532456	30360	-0,077839338553849141
30370	-0,044287716554710657	30370	-0,099059135011578647
30380	-0,032618535206110404	30380	-0,108263319488889
30390	-0,030569048892454757	30390	-0,13320453610254027
30400	-0,03807891395437224	30400	-0,1052423027057746
30410	-0,035490271148130442	30410	-0,1095750638545933
30420	-0,026357833193469241	30420	-0,091541394508236312
30430	-0,028450638074262478	30430	-0,066822353227738843
30440	-0,017089989180198627	30440	-0,076623372924671043
30450	-0,042594808436847216	30450	-0,055950969518613863
30460	-0,020925532252492215	30460	-0,049150049398798246
30470	-0,03687293665337172	30470	-0,065403858611663312
30480	-0,047435027376082232	30480	-0,06999890803722407
30490	-0,0215952173180464	30490	-0,057854645942939806
30500	-0,034520654599414349	30500	-0,061717038271760165
30510	-0,033360653518519412	30510	-0,054236692608772723
30520	-0,032023064307533843	30520	-0,070001151170055481
30530	-0,028047527180471724	30530	-0,061741829477923761
30540	-0,026566616689488093	30540	-0,064922762823990177
30550	-0,033212577006938519	30550	-0,056498426917366541
30560	-0,034915396287160776	30560	-0,061496281393030074
30570	-0,034282306269937925	30570	-0,0621213068468132
30580	-0,025066342337723688	30580	-0,05991576523536591
30590	-0,035820776782520304	30590	-0,060849451009120141
30600	-0,039244145334518241	30600	-0,044301498409687876
30610	-0,01306035903758921	30610	-0,060736802472541096
30620	-0,025632284745960774	30620	-0,051661640153648734
30630	-0,014523897095769851	30630	-0,058247281623655785
30640	-0,040756235636921712	30640	-0,062760115491019813
30650	-0,043774653404068345	30650	-0,044001780644326471
30660	-0,017170757002612592	30660	-0,044269275579425622
30670	-0,040279134737836286	30670	-0,053153316310601433
30680	-0,03944328055638182	30680	-0,06301928860458357
30690	-0,025249048214897422	30690	-0,068101016238645687
30700	-0,024909234619021357	30700	-0,055962102918870486
30710	-0,019975191333586315	30710	-0,0694455124119235
30720	-0,047786182331677966	30720	-0,044273231914164393
30730	-0,024550956842193196	30730	-0,051535075499970773
30740	-0,02158084977593018	30740	-0,0654593631249778
30750	-0,033459715046151563	30750	-0,059618909945147243
30760	-0,032397706818731234	30760	-0,045874186176136686
30770	-0,030549108846239986	30770	-0,056221113535436094
30780	-0,014596667669759705	30780	-0,05309316936400206
30790	-0,027652848596452295	30790	-0,056884955244820908
30800	-0,032030637105254063	30800	-0,05502145624032645
30810	-0,021286731216006917	30810	-0,070593892883032847
30820	-0,030872670504242018	30820	-0,058208086682105947
30830	-0,029849462464657923	30830	-0,050261010278185685
30840	-0,011213518230425594	30840	-0,054821314176254896
30850	-0,032916796986958534	30850	-0,055237230216380127
30860	-0,027199558770498695	30860	-0,053045842462876552
30870	-0,038769465176731265	30870	-0,058059697811316695
30880	-0,028990506374332526	30880	-0,055791659625098557
30890	-0,025559985892209543	30890	-0,061652626818476282
30900	-0,037114344264938114	30900	-0,060760134899148756
30910	-0,024284998623704639	30910	-0,062231264394606162
30920	-0,033873588091190607	30920	-0,047156959432130469
30930	-0,018310017043614107	30930	-0,060879527627478634
30940	-0,035144926569957845	30940	-0,066241228124673715
30950	-0,030904546163393089	30950	-0,053249510173123737
30960	-0,029854460081357372	30960	-0,061031614175906211
30970	-0,029663705594462738	30970	-0,046884981197124385
30980	-0,045165036404322227	30980	-0,053055793960636435
30990	-0,030013456277391638	30990	-0,063006130737062238
31000	-0,034856163351974757	31000	-0,055942504002516005
31010	-0,034186877255464633	31010	-0,071759297769525873
31020	-0,019167094728540571	31020	-0,048084891174985961
31030	-0,025850659367807984	31030	-0,060513298647400793
31040	-0,030169127371512994	31040	-0,061616149450498585
31050	-0,024240037794946583	31050	-0,057455446300198838
31060	-0,021812721528234172	31060	-0,049846802626285776
31070	-0,029255182629702361	31070	-0,059597982257862205
31080	-0,025900443790544583	31080	-0,063201812698720675
31090	-0,024928723978408542	31090	-0,060683679692360749
31100	-0,03807122579258667	31100	-0,065106337781925358
31110	-0,019245089603538629	31110	-0,053057580154782576
31120	-0,029804081958354968	31120	-0,061817638939760347
31130	-0,026009777728793853	31130	-0,060899065278862692
31140	-0,041670565805260157	31140	-0,053641875635428986
31150	-0,039139872188329684	31150	-0,060149198609106183
31160	-0,0234805136441431	31160	-0,073906785394003527
31170	-0,040108548676989472	31170	-0,063398607928919937
31180	-0,037374752189745175	31180	-0,05375208721039966
31190	-0,04103590116452252	31190	-0,05694183423540735
31200	-0,028250368626771959	31200	-0,047234822244757523
31210	-0,02996704600594326	31210	-0,061808485082131895
31220	-0,019596881844565286	31220	-0,055592817614104589
31230	-0,023086373026411245	31230	-0,0602214205937151
31240	-0,032644527965953463	31240	-0,0669905894834718
31250	-0,045267280302845742	31250	-0,060302048609194088
31260	-0,02503390389476658	31260	-0,050769848147191252
31270	-0,039299976087371485	31270	-0,0529997969511476
31280	-0,022138936060424348	31280	-0,055364870586562212
31290	-0,030342996656632055	31290	-0,065304053483184632
31300	-0,04470312464193385	31300	-0,062827165712911359
31310	-0,029857586265140609	31310	-0,065507623265767215
31320	-0,035756987014501578	31320	-0,048263447967033628
31330	-0,03625919721678058	31330	-0,062125697885231014
31340	-0,033453193354032358	31340	-0,062336490037576582
31350	-0,040562209536176577	31350	-0,0742815927629551
31360	-0,030039752700827673	31360	-0,070696450297325825
31370	-0,044229727467293735	31370	-0,049908315236479033
31380	-0,0257074112638123	31380	-0,049000956729917
31390	-0,0291039656159405	31390	-0,0573251895636035
31400	-0,034630557635446362	31400	-0,061256453431967263
31410	-0,03224622481303635	31410	-0,063864550658368643
31420	-0,030597276333764249	31420	-0,052123998978165206
31430	-0,027546037061646638	31430	-0,059279885080608538
31440	-0,022688713653112598	31440	-0,056958157011755585
31450	-0,037369345703058186	31450	-0,0558692259330689
31460	-0,019544018104885038	31460	-0,062799787574006963
31470	-0,036763925454138639	31470	-0,0509258354367389
31480	-0,014838619825245014	31480	-0,053203889903266723
31490	-0,026848084186944756	31490	-0,0567926542979191
31500	-0,033708919106801259	31500	-0,024352401064727029
31510	-0,019486043865765544	31510	-0,065311419642608184
31520	-0,038466108624657658	31520	-0,058513270293169412
31530	-0,02468143523698978	31530	-0,045650663668590566
31540	-0,028101781750957143	31540	-0,073130632540639146
31550	-0,045603525745818177	31550	-0,045775599290518471
31560	-0,029481890975116297	31560	-0,05951986736661611
31570	-0,035646558784646391	31570	-0,059916136778952259
31580	-0,021344246350439407	31580	-0,053177425727632954
31590	-0,02589949845647441	31590	-0,06905626566377332
31600	-0,029266919545867246	31600	-0,0661281450152384
31610	-0,022130412440178254	31610	-0,0518094906172257
31620	-0,029409332935277678	31620	-0,049533190905941188
31630	-0,03901201171635349	31630	-0,0696858431400161
31640	-0,034695044398408627	31640	-0,069792087650309
31650	-0,028831535323739083	31650	-0,043416130319806387
31660	-0,033587098672080713	31660	-0,062513640144314
31670	-0,028105103422645168	31670	-0,069476063326147447
31680	-0,036811507567978366	31680	-0,063737551626710479
31690	-0,036893286766414964	31690	-0,056229479001082758
31700	-0,0346496798865642	31700	-0,062324573618463754
31710	-0,017922646813056352	31710	-0,066891521239447624
31720	-0,052037025043899225	31720	-0,072981853601995453
31730	-0,010046878824581551	31730	-0,050585512778573163
31740	-0,029531196642831211	31740	-0,073227503744730513
31750	-0,034440673698049686	31750	-0,049737086532011143
31760	-0,025652397181480248	31760	-0,073550285362140422
31770	-0,029810818127738878	31770	-0,061060908269532053
31780	-0,030276815159288661	31780	-0,06032767120887339
31790	-0,041811308646703904	31790	-0,05785764623462445
31800	-0,031907507521632607	31800	-0,043753117061881619
31810	-0,019494960655441689	31810	-0,051917305287880446
31820	-0,025261410091424394	31820	-0,050493681514162253
31830	-0,023938446830902065	31830	-0,058810667743153827
31840	-0,032793042748811285	31840	-0,055578141627603606
31850	-0,02092732416243084	31850	-0,04745324941785297
31860	-0,020050719411390552	31860	-0,068210355414980758
31870	-0,045024556887714028	31870	-0,054507051230663982
31880	-0,024545447748942822	31880	-0,043387360449268692
31890	-0,040885871963878953	31890	-0,062936529132483279
31900	-0,024646610529670668	31900	-0,037838994446920772
31910	-0,032068730743254531	31910	-0,070068048861525845
31920	-0,037983910612371462	31920	-0,053256227834122344
31930	-0,020747337991270241	31930	-0,06022326048392164
31940	-0,017262039857807651	31940	-0,057081859784965439
31950	-0,0406408544413994	31950	-0,068627180055919987
31960	-0,022128971639862261	31960	-0,071042640923391284
31970	-0,033718096142029738	31970	-0,041261567045632115
31980	-0,027328505562745319	31980	-0,068580321405678088
31990	-0,031582016999902325	31990	-0,066668498646512891
32000	-0,0449310446033991	32000	-0,058249210895111238
32010	-0,028448235797378995	32010	-0,0498347404976092
32020	-0,023631104833199156	32020	-0,049004500363327909
32030	-0,019582648077992107	32030	-0,054862441850642908
32040	-0,023778623953824216	32040	-0,051376298884816533
32050	-0,0226549696934277	32050	-0,0508388352419911
32060	-0,026787608845409094	32060	-0,060200980367918058
32070	-0,03233455552139225	32070	-0,061643717646878406
32080	-0,0095514883827159842	32080	-0,044402182934668043
32090	-0,016974182621167618	32090	-0,060930086144044937
32100	-0,037716601418815894	32100	-0,060154901434994794
32110	-0,025310215234700367	32110	-0,058533134369444607
32120	-0,032771228196353246	32120	-0,058360811620887791
32130	-0,030389191863004372	32130	-0,051360990389227736
32140	-0,035204109021459359	32140	-0,077043405764748163
32150	-0,031749755959939847	32150	-0,057143743695181222
32160	-0,017994818646336109	32160	-0,062526991943418958
32170	-0,035023471800102443	32170	-0,059812877874075035
32180	-0,038403277843072708	32180	-0,043976530946291947
32190	-0,028312712158240227	32190	-0,055460224069372663
32200	-0,024126534684222246	32200	-0,032355935353815528
32210	-0,033423493663272158	32210	-0,064302333632186862
32220	-0,028528157126439944	32220	-0,060625897063588653
32230	-0,023828790533034477	32230	-0,060915827405345888
32240	-0,016763048658521545	32240	-0,063600110619239411
32250	-0,025347434126878371	32250	-0,051467461462939186
32260	-0,029552873433091386	32260	-0,066517512579517421
32270	-0,031857241318768929	32270	-0,059989995960830156
32280	-0,040271934199778148	32280	-0,056967869674469367
32290	-0,030637951593405023	32290	-0,054922849031171138
32300	-0,020661227764363518	32300	-0,055960450425395492
32310	-0,031691262422255548	32310	-0,0661513793237283
32320	-0,0473176436604977	32320	-0,05526861308416689
32330	-0,043757408132815957	32330	-0,068202096441096371
32340	-0,037955633316947228	32340	-0,0508742798294529
32350	-0,033101768288689562	32350	-0,051387016035059574
32360	-0,018016152620383336	32360	-0,051779477084179223
32370	-0,020426481498898166	32370	-0,052197723498920642
32380	-0,030550023711110173	32380	-0,060870945669938309
32390	-0,019248612706694892	32390	-0,05771027006380517
32400	-0,025590924672563572	32400	-0,054128694723211648
32410	-0,026757603434745286	32410	-0,055835345094066006
32420	-0,032786836220292333	32420	-0,060552331803327225
32430	-0,02195760893678244	32430	-0,062099869964534496
32440	-0,025479239003082077	32440	-0,052118764628258242
32450	-0,035138541468000793	32450	-0,048845983461605264
32460	-0,023293539865030431	32460	-0,060605726005491356
32470	-0,026329401266783414	32470	-0,057441733707121481
32480	-0,03231106398132403	32480	-0,069038236946766848
32490	-0,021611725611380715	32490	-0,056440562697552425
32500	-0,035427042442849978	32500	-0,035485935012529793
32510	-0,036792148708187387	32510	-0,046476429816015317
32520	-0,030955278513895366	32520	-0,065765527233621057
32530	-0,014537770219162142	32530	-0,043273864814722465
32540	-0,01771468026358131	32540	-0,05244422613513
32550	-0,033044071776330876	32550	-0,053184443574902047
32560	-0,015870335243519655	32560	-0,0670393409809026
32570	-0,031289207625827667	32570	-0,057633012429573742
32580	-0,032970261685909573	32580	-0,042706115887231673
32590	-0,026025269309945313	32590	-0,0456692602818917
32600	-0,024827606961086546	32600	-0,055108363714385683
32610	-0,036640275843567154	32610	-0,061961442264226986
32620	-0,035872717195961981	32620	-0,061769147617334534
32630	-0,034575544589471909	32630	-0,05673360809758303
32640	-0,026822072216246554	32640	-0,050813258170666439
32650	-0,032777902936260012	32650	-0,056385983324326108
32660	-0,020218801543502314	32660	-0,058565014594957623
32670	-0,034241687380089869	32670	-0,055536420764048008
32680	-0,027210344417278053	32680	-0,044818433919639404
32690	-0,030306280784678428	32690	-0,047272713827967633
32700	-0,04084662236296769	32700	-0,057630103354580922
32710	-0,012158840471798839	32710	-0,056511509950937684
32720	-0,028095695811154491	32720	-0,057746856003526713
32730	-0,034209755476464515	32730	-0,050277074873681868
32740	-0,024731084492866755	32740	-0,052235604608642384
32750	-0,037623313738977253	32750	-0,058987484027437684
32760	-0,021091578716015989	32760	-0,053247839717626214
32770	-0,039204614595617485	32770	-0,062611071631442472
32780	-0,023378175051975095	32780	-0,057406778244007813
32790	-0,021878815030545676	32790	-0,064520630204899787
32800	-0,027720602380438778	32800	-0,061477544406388557
32810	-0,028367308262489347	32810	-0,049179687084807931
32820	-0,025678545672227847	32820	-0,044284412700763109
32830	-0,032517013081166057	32830	-0,054456714236157035
32840	-0,02644869238563639	32840	-0,057731143126256046
32850	-0,034569473112289466	32850	-0,063560501037740538
32860	-0,023520910100430174	32860	-0,076221142815403334
32870	-0,026309781485740969	32870	-0,05743989461910505
32880	-0,018924780527103679	32880	-0,052994427798325729
32890	-0,012646574625329922	32890	-0,044840434725606469
32900	-0,036929254091792318	32900	-0,060986404183616554
32910	-0,021298886825130207	32910	-0,070426742631233219
32920	-0,025940562151876081	32920	-0,0497073958696786
32930	-0,034456129637398851	32930	-0,060315730332655519
32940	-0,042561145295505483	32940	-0,061821641919196736
32950	-0,034153563009944987	32950	-0,067678771901978227
32960	-0,034037331878373864	32960	-0,050185585969926519
32970	-0,021683365462989487	32970	-0,052249456340128481
32980	-0,0058976626912051978	32980	-0,039361485786847172
32990	-0,036735925713751158	32990	-0,060950674008968
33000	-0,032550548549394764	33000	-0,060231806523162283
33010	-0,038476340875211783	33010	-0,069654397352855543
33020	-0,030252459360405638	33020	-0,050124858881505273
33030	-0,025624013087430023	33030	-0,061457001418821142
33040	-0,02651299319349459	33040	-0,059180567426652592
33050	-0,041645823385802666	33050	-0,050107875513919896
33060	-0,027830671733667139	33060	-0,065508811397635189
33070	-0,033083467596761944	33070	-0,059137104667404204
33080	-0,030814899862644719	33080	-0,068556204690467457
33090	-0,033049027039360621	33090	-0,068090873906135385
33100	-0,041100903611751317	33100	-0,05924488820376022
33110	-0,022258818138694951	33110	-0,067234439063868986
33120	-0,027021037037184881	33120	-0,050741551169330892
33130	-0,040576777643680638	33130	-0,060552775557299605
33140	-0,020593300679315016	33140	-0,053084092175869027
33150	-0,02927757712757063	33150	-0,059740068622163453
33160	-0,020192555884534828	33160	-0,063421091234636656
33170	-0,035243681978833367	33170	-0,04801678254178704
33180	-0,027079571131203732	33180	-0,06650424530388406
33190	-0,025720425339183593	33190	-0,064754670812287932
33200	-0,032483866796384223	33200	-0,062381612361841594
33210	-0,03009513179341762	33210	-0,059027590084578953
33220	-0,026997437171812542	33220	-0,045500346826234252
33230	-0,032521729934169394	33230	-0,074407229246155157
33240	-0,025523812011061468	33240	-0,059584702062039287
33250	-0,041453412860530878	33250	-0,055777654125292779
33260	-0,014739365010453127	33260	-0,06097959275765525
33270	-0,034034552338417706	33270	-0,045531065198462159
33280	-0,027589981996131684	33280	-0,056316740640459821
33290	-0,036325840348996663	33290	-0,051335625993504094
33300	-0,039105717115646893	33300	-0,059942096599599239
33310	-0,026233690748383855	33310	-0,082854173798459552
33320	-0,044326166379521262	33320	-0,052920214705229958
33330	-0,031955656398344696	33330	-0,0601691457464885
33340	-0,032183612030052662	33340	-0,055765685177271464
33350	-0,028683422993690241	33350	-0,051928904915293138
33360	-0,026816443426943965	33360	-0,064258505565842464
33370	-0,030520825310883445	33370	-0,046863113305222241
33380	-0,024043001121483554	33380	-0,052771443694760126
33390	-0,038694837193196309	33390	-0,0646462795361447
33400	-0,029882256514181457	33400	-0,053295492146418072
33410	-0,030660081875972706	33410	-0,045952497053377422
33420	-0,038559933467756324	33420	-0,04531075536514919
33430	-0,032255340786416849	33430	-0,0607377023031295
33440	-0,028723451044283935	33440	-0,060356409580392408
33450	-0,042207205093598286	33450	-0,04354118396483149
33460	-0,027295431700929382	33460	-0,064700937893159338
33470	-0,03726245686268613	33470	-0,062111551686845366
33480	-0,018154079876880461	33480	-0,044319287461586608
33490	-0,032626951298032073	33490	-0,062617804112164263
33500	-0,04059915955652605	33500	-0,049436241514164252
33510	-0,025868471701985248	33510	-0,046217222284148277
33520	-0,031712379180294584	33520	-0,05038334101947467
33530	-0,018253455795413643	33530	-0,065763595900309821
33540	-0,0322123397587303	33540	-0,046839671566621076
33550	-0,028162523562373715	33550	-0,053344438804425034
33560	-0,036010472581387135	33560	-0,066030530486985817
33570	-0,041572120493028372	33570	-0,05604511710713609
33580	-0,026077583641282154	33580	-0,061465472041515264
33590	-0,023952136783910817	33590	-0,06961323931231031
33600	-0,040206188824590948	33600	-0,0484888915030892
33610	-0,030476764641691943	33610	-0,070109818043088121
33620	-0,032506281793191982	33620	-0,049151189639607983
33630	-0,024836876677075098	33630	-0,055502352341290216
33640	-0,029179520395108106	33640	-0,058671329942582763
33650	-0,029135904099182843	33650	-0,039607443440130882
33660	-0,013822324961433033	33660	-0,072362437100401064
33670	-0,049718811711336179	33670	-0,05597383553148301
33680	-0,029701773237214041	33680	-0,079547934242522572
33690	-0,030679929228788622	33690	-0,045619266298930469
33700	-0,041743524979273194	33700	-0,057886510368340777
33710	-0,026352599617663269	33710	-0,047808751521972788
33720	-0,015827089747532514	33720	-0,04943589228937157
33730	-0,024641474422339122	33730	-0,062536497293929613
33740	-0,021238611952079465	33740	-0,065955082295638345
33750	-0,035100244601738079	33750	-0,055652046657680782
33760	-0,029659204394994077	33760	-0,057739137202958569
33770	-0,027728675150354088	33770	-0,055122374319733387
33780	-0,024872251346803553	33780	-0,048974020230515738
33790	-0,02211477913613611	33790	-0,053118373830013388
33800	-0,03820063962880637	33800	-0,054075787933389172
33810	-0,02031546446907417	33810	-0,0677162039710274
33820	-0,036616611600181266	33820	-0,055995961775709251
33830	-0,039899850022103805	33830	-0,061567483423891192
33840	-0,035115320088495189	33840	-0,058899967424625617
33850	-0,032367456658887628	33850	-0,061556287647845882
33860	-0,029358270326789854	33860	-0,066016727241610937
33870	-0,033965691530807085	33870	-0,046198823935604545
33880	-0,025102019660819503	33880	-0,061510851383004432
33890	-0,035340960652948249	33890	-0,060637868172056464
33900	-0,042444394578162771	33900	-0,05713878343459141
33910	-0,035764042224277821	33910	-0,058699695313923272
33920	-0,0365559380803263	33920	-0,06800313691235714
33930	-0,028829067389800875	33930	-0,04950786198503361
33940	-0,0345693786853233	33940	-0,077897504988019908
33950	-0,03804049471761433	33950	-0,051339198972288509
33960	-0,02588104079435578	33960	-0,061667945622566452
33970	-0,029713459520826789	33970	-0,056531601588308007
33980	-0,032238177406816913	33980	-0,069763247226388436
33990	-0,034873516281241454	33990	-0,065428828478966528
34000	-0,026642685488759147	34000	-0,056331662617665625
34010	-0,024761361224817778	34010	-0,054201519190225096
34020	-0,020147175246012974	34020	-0,054396389754595272
34030	-0,03070310147406654	34030	-0,063091138351664022
34040	-0,025944302406292946	34040	-0,057982439335346359
34050	-0,030225249925864832	34050	-0,050023696858796256
34060	-0,027605541573463954	34060	-0,057913051306883637
34070	-0,04697326660750839	34070	-0,05994292009045879
34080	-0,028736032878171214	34080	-0,053371819570463108
34090	-0,027197850355660292	34090	-0,056155478804851007
34100	-0,012306825925908808	34100	-0,0492589310194206
34110	-0,027359872872066492	34110	-0,064616887851303567
34120	-0,018629573876201334	34120	-0,047741272413910844
34130	-0,025223576291737295	34130	-0,070853302406065743
34140	-0,043529463103816314	34140	-0,064216372562200308
34150	-0,01994404821656379	34150	-0,049549528242968981
34160	-0,042012874337430305	34160	-0,056214848065542111
34170	-0,021452096406921015	34170	-0,0633978007325958
34180	-0,03349089776572426	34180	-0,060471564183225537
34190	-0,035395711156223406	34190	-0,06244842658548156
34200	-0,01779477083877451	34200	-0,0457496405673419
34210	-0,025182191167370502	34210	-0,057202470628477262
34220	-0,036756496398433772	34220	-0,062557328480736779
34230	-0,046207149249707286	34230	-0,068259851690910672
34240	-0,021543172770433026	34240	-0,066348230894479623
34250	-0,024052186096051191	34250	-0,04212864052453083
34260	-0,013250639028469256	34260	-0,069935349936846442
34270	-0,046230751788641576	34270	-0,070519510711558847
34280	-0,018125116115478259	34280	-0,054044191283404111
34290	-0,024362731329695859	34290	-0,042884774902232491
34300	-0,018612750399984418	34300	-0,045536745910953726
34310	-0,024333445825905759	34310	-0,056882287466489309
34320	-0,037030954800904056	34320	-0,0577173818954488
34330	-0,028714651025617467	34330	-0,059383609293984695
34340	-0,02171002220501108	34340	-0,062342065334971136
34350	-0,041020066692795468	34350	-0,059901412065649064
34360	-0,030388547174717322	34360	-0,062245804310677243
34370	-0,032831540534111234	34370	-0,059506332105074271
34380	-0,013508005582464401	34380	-0,045349732015106267
34390	-0,018926522449206257	34390	-0,067994985125287566
34400	-0,026696168948918655	34400	-0,046450820654263938
34410	-0,018877042313989602	34410	-0,058226665371122151
34420	-0,028715016906178725	34420	-0,045256367216784138
34430	-0,033342326371767865	34430	-0,05977101195631572
34440	-0,027213794456449704	34440	-0,0656157784389466
34450	-0,021662461324793127	34450	-0,059419462191243937
34460	-0,0230842223577151	34460	-0,063474431674539547
34470	-0,020327260048435245	34470	-0,043661316381996808
34480	-0,025640720368358821	34480	-0,058158740787435576
34490	-0,037843750802554511	34490	-0,058584061002379242
34500	-0,025908091617060026	34500	-0,070198366582168992
34510	-0,0268724733972562	34510	-0,056421761028538069
34520	-0,049961116541612213	34520	-0,0491729498023472
34530	-0,025851230090675893	34530	-0,0538062312127572
34540	-0,029284838172888097	34540	-0,0670961494732717
34550	-0,042809432585908885	34550	-0,060587190824898121
34560	-0,032430912330370869	34560	-0,053898209122148523
34570	-0,022604816738339979	34570	-0,06181462499803736
34580	-0,032976392761315962	34580	-0,066546631302554
34590	-0,045113529157332868	34590	-0,057142623843033778
34600	-0,036164287983636717	34600	-0,060984282137593819
34610	-0,031523547027244074	34610	-0,062203330720096005
34620	-0,031568925230861779	34620	-0,051520978562061448
34630	-0,032073913027895445	34630	-0,06041247883239681
34640	-0,015395856851902662	34640	-0,059730348389397295
34650	-0,029877813149583009	34650	-0,055857343308673993
34660	-0,03254618691027731	34660	-0,068209768489123884
34670	-0,037529065819919896	34670	-0,061474394850972475
34680	-0,029504654057044728	34680	-0,04083673348269385
34690	-0,021372847535656589	34690	-0,047884594702775847
34700	-0,037407504402315196	34700	-0,049830757792465839
34710	-0,033719704807972137	34710	-0,068137871331339916
34720	-0,023978215696309098	34720	-0,045482864608727643
34730	-0,019282775865871835	34730	-0,053681887768501295
34740	-0,027208085417123988	34740	-0,055178025922807718
34750	-0,036608855730107012	34750	-0,064611093670964362
34760	-0,016361298452721166	34760	-0,058673501215400735
34770	-0,02843827767360722	34770	-0,05282990222398206
34780	-0,023373404891822568	34780	-0,058614772848654781
34790	-0,047810226417970739	34790	-0,060743973580473634
34800	-0,030504425793199518	34800	-0,048723295178305912
34810	-0,038253534853187672	34810	-0,069257193835066885
34820	-0,039171231816171242	34820	-0,0737848878275352
34830	-0,025748611104770447	34830	-0,053110954373560879
34840	-0,037495333746272383	34840	-0,0646385313053343
34850	-0,020234990553930646	34850	-0,044411844371308053
34860	-0,010700538378741435	34860	-0,059913300295973096
34870	-0,047609619608052357	34870	-0,065066105699133125
34880	-0,024958084258275202	34880	-0,050728294771722061
34890	-0,02203449686450374	34890	-0,057218553296352191
34900	-0,0494896845577204	34900	-0,066153602669863157
34910	-0,021184779286085059	34910	-0,060745064151503318
34920	-0,033637175890502004	34920	-0,063035038266792534
34930	-0,037744388084087269	34930	-0,063628817158179488
34940	-0,030740707492602024	34940	-0,05888913461575504
34950	-0,032427918482279695	34950	-0,052593516046856935
34960	-0,023197583268834275	34960	-0,0697765937404942
34970	-0,02727197466008717	34970	-0,057512977107498905
34980	-0,01117041859962439	34980	-0,041938226133099506
34990	-0,02813401148584033	34990	-0,046029315655439829
35000	-0,015540393908032855	35000	-0,055873706958590841
35010	-0,027894274634638248	35010	-0,057998259640480915
35020	-0,025689262230632066	35020	-0,044803741909127205
35030	-0,03064682771941616	35030	-0,050777322554143078
35040	-0,036133979163877984	35040	-0,05916001644840492
35050	-0,037765084581554753	35050	-0,065868269257539622
35060	-0,02019668261770521	35060	-0,054334052945216212
35070	-0,042661685421664881	35070	-0,056299662890517646
35080	-0,027994550753436126	35080	-0,042303043335080864
35090	-0,031186096012463166	35090	-0,047440204618793717
35100	-0,03037128946025305	35100	-0,058466903284507939
35110	-0,023184502592166204	35110	-0,054559992029488788
35120	-0,035813473299800953	35120	-0,06211200542625573
35130	-0,017835409718642788	35130	-0,061498526503309489
35140	-0,02755007674386779	35140	-0,057917751039763717
35150	-0,03569783149031671	35150	-0,051093123938377713
35160	-0,022683057503139165	35160	-0,052099400072297956
35170	-0,027329465553156719	35170	-0,051513628985547184
35180	-0,022528998082835608	35180	-0,035741635244574611
35190	-0,037292583143144174	35190	-0,058434263563727364
35200	-0,03999999473425029	35200	-0,066045772650816736
35210	-0,027810105410153215	35210	-0,06293799090988754
35220	-0,04132087479106155	35220	-0,042533011736210172
35230	-0,03372075205992181	35230	-0,056448247417048639
35240	-0,023134238222766897	35240	-0,058395842728043476
35250	-0,038518039702147559	35250	-0,051234752222253731
35260	-0,043108084338666294	35260	-0,061421856853985664
35270	-0,027518587717808352	35270	-0,04374857898559055
35280	-0,018305154783380004	35280	-0,051817408246923713
35290	-0,021292189690080777	35290	-0,044103701063021507
35300	-0,035102318124283619	35300	-0,0526507696713177
35310	-0,024356424794742534	35310	-0,0591884314369283
35320	-0,023788804120280217	35320	-0,049004853954760189
35330	-0,028153149277101268	35330	-0,067463066248224554
35340	-0,040991654765566515	35340	-0,053457036869862924
35350	-0,034396269304142579	35350	-0,049577972377631112
35360	-0,023061197007853518	35360	-0,056102232498196992
35370	-0,038573994648074469	35370	-0,051394527136531337
35380	-0,034620480333241638	35380	-0,066511479599835263
35390	-0,017177672960569809	35390	-0,056826701309721249
35400	-0,032413383502825972	35400	-0,040381357898803857
35410	-0,03289517636752954	35410	-0,069867404306327985
35420	-0,030490526092625	35420	-0,052242776986436687
35430	-0,043110042951316735	35430	-0,0684672386445874
35440	-0,038163489745893127	35440	-0,064716461922729646
35450	-0,02460294263075603	35450	-0,05522206726219183
35460	-0,013768923203690896	35460	-0,058614080236275908
35470	-0,0256665719646104	35470	-0,056041119320854253
35480	-0,03211559625905213	35480	-0,058400384398949651
35490	-0,017506531806388829	35490	-0,03862521113958356
35500	-0,023738939515858686	35500	-0,055479213259896659
35510	-0,011029977321631055	35510	-0,051066697500952288
35520	-0,039512129128903194	35520	-0,05056570711959793
35530	-0,0284187912691032	35530	-0,053552996635363524
35540	-0,023954499162733345	35540	-0,061007099830173793
35550	-0,046466218276588707	35550	-0,056734655597352419
35560	-0,023150593515577921	35560	-0,068777918096126156
35570	-0,034862708726007254	35570	-0,05017585345077287
35580	-0,020500073432953139	35580	-0,057104698625122456
35590	-0,032854490891305821	35590	-0,073810442647002039
35600	-0,017904846713640871	35600	-0,063443646334622184
35610	-0,022664479966428751	35610	-0,0792603058462621
35620	-0,022020071769887246	35620	-0,06098900273175871
35630	-0,0077575918432345493	35630	-0,06155547008510974
35640	-0,033854084905523912	35640	-0,084158362510262485
35650	-0,022615366496590808	35650	-0,061622165063864746
35660	-0,019829134946137479	35660	-0,070370454952777717
35670	-0,017992926697745933	35670	-0,070586204912239367
35680	-0,023397629615962225	35680	-0,075365540677561987
35690	-0,033628485287157513	35690	-0,06550002293212033
35700	-0,022244759820545447	35700	-0,072132217583327982
35710	-0,013055292248186589	35710	-0,088286728304206641
35720	-0,02017051928558437	35720	-0,055618745620989694
35730	-0,025793549296959883	35730	-0,084220223344288692
35740	-0,01997822754681898	35740	-0,055493847801384978
35750	-0,031155315676078116	35750	-0,075582489930073174
35760	-0,014673526520627618	35760	-0,061517049243042285
35770	-0,0065132491260854212	35770	-0,058042743255801943
35780	-0,0030985120285491928	35780	-0,065182776253067676
35790	-0,026080262393214457	35790	-0,046760018151855008
35800	-0,030541094883768626	35800	-0,0711417149661064
35810	-0,0204198751773438	35810	-0,060699659728108257
35820	-0,025458950748073344	35820	-0,055935658179286196
35830	-0,021149227746218302	35830	-0,072501616126544044
35840	-0,020438100317890028	35840	-0,05273328023377135
35850	-0,022692199491004473	35850	-0,0643461141178278
35860	-0,0319057087551736	35860	-0,068140900869221116
35870	-0,029173963560544202	35870	-0,05430525261263331
35880	-0,0094479461133812181	35880	-0,071252319252616991
35890	-0,023813531373942067	35890	-0,073017052024410972
35900	-0,012060814981659477	35900	-0,073328491460489073
35910	-0,017030467519082611	35910	-0,07825551516368906
35920	-0,012870068742555849	35920	-0,053687176928111743
35930	-0,026181468077366224	35930	-0,05610181757103716
35940	-0,01275858283500593	35940	-0,069537614562842853
35950	-0,028530253942420453	35950	-0,06675000754643233
35960	-0,015355303140246369	35960	-0,0642684551729582
35970	-0,027143764363016753	35970	-0,060257424811199313
35980	-0,021156050230717767	35980	-0,077366393907592
35990	-0,023080772125077993	35990	-0,064017589290581531
36000	-0,018777996342028355	36000	-0,0578764731646276
36010	-0,017754462941187443	36010	-0,0828279756933387
36020	-0,015892937785639046	36020	-0,05934242276594056
36030	-0,015622845851399057	36030	-0,057805252980250459
36040	-0,026245301651314876	36040	-0,074171715612382935
36050	-0,016052020568593069	36050	-0,050299129295526539
36060	-0,021124892580921196	36060	-0,057538957374591804
36070	-0,017078152095085942	36070	-0,073061042696441966
36080	-0,016922071528740933	36080	-0,075241534799015034
36090	-0,019222800282461518	36090	-0,067282776493810856
36100	-0,017134807021567146	36100	-0,054295124096062457
36110	-0,0127266770925235	36110	-0,064486447493339427
36120	-0,021475880334972254	36120	-0,055425714061678531
36130	-0,014885084066594306	36130	-0,075511232181707175
36140	-0,027037542534659741	36140	-0,062182092889245394
36150	-0,024789953768149443	36150	-0,058768977293050355
36160	-0,0091942335243540979	36160	-0,05946688980293386
36170	-0,036208411609695269	36170	-0,058504959366355226
36180	-0,020758186756827036	36180	-0,081471222051472572
36190	-0,027825979391471	36190	-0,054635190717049462
36200	-0,018945656881470783	36200	-0,060595673727937831
36210	-0,018585011273153894	36210	-0,071455580065060489
36220	-0,024304973713407181	36220	-0,06237991043536089
36230	-0,024810225806895719	36230	-0,065816029785626021
36240	-0,034650396141709568	36240	-0,077330129150643565
36250	-0,022113339046286592	36250	-0,063074970890207374
36260	-0,018360852058732852	36260	-0,062127256845600373
36270	-0,034085869282358024	36270	-0,0794588246048526
36280	-0,016054950247921505	36280	-0,052428198868823113
36290	-0,02133255795729741	36290	-0,0626509858628606
36300	-0,019187849273164335	36300	-0,068295072008974889
36310	-0,021814000058254526	36310	-0,065222116247938985
36320	-0,015416316593315483	36320	-0,071933804852617508
36330	-0,0057659103764195847	36330	-0,068407580973067136
36340	-0,03196388129870717	36340	-0,070188316230409456
36350	-0,0025788977421752194	36350	-0,062307856520716715
36360	-0,014660278191129297	36360	-0,0770511184122327
36370	-0,029500996510777078	36370	-0,0610950633819922
36380	-0,017664985400616447	36380	-0,059286272515427507
36390	-0,0064096438087437408	36390	-0,058319361760284377
36400	-0,0088117427440598632	36400	-0,065877530502419027
36410	-0,020328459059236619	36410	-0,0782110511574583
36420	-0,029529295855585516	36420	-0,068421486102006449
36430	-0,02082653422460902	36430	-0,0533758355579145
36440	-0,00905151652331807	36440	-0,069504948843970765
36450	-0,017936239938613693	36450	-0,073498213232017981
36460	-0,011765083152211671	36460	-0,064269166400825251
36470	-0,031458982389755148	36470	-0,080307423089267291
36480	-0,018168917507194304	36480	-0,068929900403507216
36490	-0,020527500358957784	36490	-0,054863831612453451
36500	-0,022964141680323624	36500	-0,075654824232313359
36510	-0,034681086487822248	36510	-0,070045483878144577
36520	-0,022704140270598631	36520	-0,063228102058186755
36530	-0,0163391243592288	36530	-0,072506276646145146
36540	-0,024039522900733749	36540	-0,058305488648551625
36550	-0,016788925729199822	36550	-0,062910919134560969
36560	-0,023281806276464385	36560	-0,070165658394829022
36570	-0,022608702928072474	36570	-0,046872062392304382
36580	-0,025700461864629633	36580	-0,063068576131564927
36590	-0,013239309570015642	36590	-0,059506657648182533
36600	-0,028854089371891635	36600	-0,075381335720877074
36610	-0,018469928995133153	36610	-0,066068907494220355
36620	-0,017311538575130028	36620	-0,0490014235077676
36630	-0,022117494564629997	36630	-0,0668163582210262
36640	-0,033518549154960914	36640	-0,06120852946136951
36650	-0,041184763323583409	36650	-0,073017798457406108
36660	-0,0099560002817939957	36660	-0,082801553299605674
36670	-0,014984576385737096	36670	-0,050438104734986056
36680	-0,023630914832345643	36680	-0,074605368536474745
36690	-0,010158177280968635	36690	-0,066565770492854254
36700	-0,02417656964311651	36700	-0,063481234633097364
36710	-0,018420402881380669	36710	-0,073427254093484343
36720	-0,030473391567026907	36720	-0,061239804520780809
36730	-0,014824755863672063	36730	-0,072659153111050784
36740	-0,024739819597725726	36740	-0,068957302067112758
36750	-0,020176870892249312	36750	-0,064581094826116778
36760	-0,012049779834468689	36760	-0,0815255989434672
36770	-0,032657356506996069	36770	-0,064690569520783558
36780	-0,023837259893306054	36780	-0,073186922575027749
36790	-0,024813131840408884	36790	-0,0815844229697783
36800	-0,00060448979505586169	36800	-0,070351910715319835
36810	-0,01470870265833143	36810	-0,078738772957383185
36820	-0,018308764773796411	36820	-0,059652382557301861
36830	-0,0060917523185160718	36830	-0,0739160371344266
36840	-0,031093231012022073	36840	-0,072552534126825122
36850	-0,012353912050091908	36850	-0,0730911011085692
36860	-0,018080190563653543	36860	-0,07914089688613532
36870	-0,014479040850919216	36870	-0,064223475439495914
36880	-0,0017097897316410917	36880	-0,090254449551034524
36890	-0,010837355538679086	36890	-0,094907232401500938
36900	-0,016191689673410281	36900	-0,066495258668477275
36910	-0,012234574357116709	36910	-0,064314631088071048
36920	-0,02228665074628125	36920	-0,073874666704257935
36930	-0,0064327545665085837	36930	-0,071107773118422188
36940	-0,015649841461234045	36940	-0,073737824739771723
36950	-0,01075834549159118	36950	-0,071828400169851744
36960	-0,015535438412658654	36960	-0,0849597188958739
36970	-0,012136975562419262	36970	-0,084570535019987458
36980	-0,023207265437303896	36980	-0,0769759423247445
36990	-0,015257885770385393	36990	-0,075081479762579575
37000	-0,015307061863000938	37000	-0,0823427788642586
37010	-0,010167282255736179	37010	-0,072919441941417321
37020	-0,021399834337792245	37020	-0,058814668557758722
37030	-0,013475234688862759	37030	-0,07993566514752784
37040	-0,019486237241236961	37040	-0,082487129630893
37050	-0,016668074088055481	37050	-0,063835073755061741
37060	-0,017451026783119366	37060	-0,075145596237163728
37070	-0,021802371131830919	37070	-0,080391322445312385
37080	-0,0074388589493996262	37080	-0,065841405525595448
37090	-0,022322030082631127	37090	-0,076868242057182956
37100	-0,016161675241104189	37100	-0,075031643237571569
37110	-0,0011206632995016301	37110	-0,080322486896343234
37120	-0,014576179954833329	37120	-0,073529825316638542
37130	-0,007926539782408	37130	-0,070173527156256119
37140	-0,021035603117686878	37140	-0,062797520943220692
37150	-0,0087798029761326189	37150	-0,06989278419569378
37160	-0,022633409249552119	37160	-0,07287977209391186
37170	-0,022065605312782496	37170	-0,072630849029460764
37180	-0,0010580450955878281	37180	-0,055707195895077985
37190	-0,017060949401273878	37190	-0,072112718780180038
37200	-0,010496334255418261	37200	-0,053823916402933054
37210	-0,011776011314137611	37210	-0,032305205087075912
37220	-0,01241065690675488	37220	0,0014913777409665951
37230	-0,012100016292194447	37230	0,0288507583152293
37240	-0,018798010259272396	37240	0,051012026433996695
37250	-0,025463059165310879	37250	0,08188350887832968
37260	-0,030248992092092256	37260	0,079862926005185492
37270	-0,024732001684630515	37270	0,075515735312725485
37280	-0,016617681310801991	37280	0,0704739110128171
37290	-0,020934730688948834	37290	0,071646331467388621
37300	-0,020848235686143135	37300	0,077996843510172942
37310	-0,033623381364102006	37310	0,073610705412252966
37320	-0,017885731853549504	37320	0,08793480591856459
37330	-0,018499247593264129	37330	0,082304705065993716
37340	-0,020192012249807774	37340	0,076865882436479807
37350	-0,028971460415775682	37350	0,097971114927338121
37360	-0,022070657299412232	37360	0,07831338961206627
37370	-0,028704130232221122	37370	0,084780097527738227
37380	-0,015303747765860775	37380	0,137633698728161
37390	-0,019919243059629489	37390	0,12740405258797033
37400	-0,029803321832040167	37400	0,11461031042470711
37410	-0,01183568406394857	37410	0,11690284147675979
37420	-0,025295627028828503	37420	0,10764068476742121
37430	-0,019012692918856766	37430	0,10870696806722878
37440	-0,017140680021581773	37440	0,1014918666553772
37450	-0,0278059093865009	37450	0,11091044398441956
37460	-0,025526734455397281	37460	0,10212070724627302
37470	-0,033503620972330526	37470	0,10344661290278477
37480	-0,017171305663487946	37480	0,10511472215024441
37490	-0,023701036317646407	37490	0,0941961367512785
37500	-0,011599784722395911	37500	0,097431079387049757
37510	-0,02059082752272591	37510	0,08672371615524968
37520	-0,019489109232919216	37520	0,099182555378235171
37530	-0,035784568745120489	37530	0,095343191514531522
37540	-0,01643201562504704	37540	0,098457481216852438
37550	-0,025166268360744024	37550	0,096021078077303881
37560	-0,02639051526913308	37560	0,091724695770906431
37570	-0,019134365324964295	37570	0,087810236003269371
37580	-0,0242997464401545	37580	0,096602944926884191
37590	-0,030202280949539174	37590	0,093894826574249218
37600	-0,024241644099480715	37600	0,0996615040351717
37610	-0,021692679994521617	37610	0,078962753325880944
37620	-0,028934009417799205	37620	0,091551728388584816
37630	-0,022974099507235432	37630	0,092427603004015
37640	-0,016299695218719594	37640	0,09800205075412069
37650	-0,016602207604501412	37650	0,092721623291591448
37660	-0,015312362632000767	37660	0,10275593304428916
37670	-0,024830962600119917	37670	0,09034886086571127
37680	-0,019497650020682284	37680	0,092138326539826981
37690	-0,01110668205130573	37690	0,082434773477481391
37700	-0,022721117160759641	37700	0,087012720238142008
37710	-0,010067933919205987	37710	0,09418676844012594
37720	-0,020260687447959023	37720	0,085585462754568048
37730	-0,023424260957800591	37730	0,10048095241204894
37740	-0,012773566237152395	37740	0,08589314871204852
37750	-0,020138463689044171	37750	0,086004890433185308
37760	-0,0059818763377946426	37760	0,10185343403875453
37770	-0,025430071818236592	37770	0,090611149097804544
37780	-0,019512022274295396	37780	0,10109664755437693
37790	-0,017430853241228825	37790	0,090055946413632723
37800	-0,023661491893549564	37800	0,093190702540026482
37810	-0,01955108769624082	37810	0,10428190384408674
37820	-0,028454677718331545	37820	0,09232038872913817
37830	-0,013311405652041138	37830	0,097272913290047433
37840	-0,026714184341804424	37840	0,084665016380178676
37850	-0,026800750114874317	37850	0,096596939384387778
37860	-0,016806611225122031	37860	0,081321949401844257
37870	-0,021262510002574946	37870	0,089977767054920568
37880	-0,035759583960192048	37880	0,10457271852580548
37890	-0,017309127330786506	37890	0,0923835568613128
37900	-0,018970687430735014	37900	0,08512728864306357
37910	-0,020636001397632314	37910	0,09590891093914837
37920	-0,022766247574955354	37920	0,090469902479562991
37930	-0,02397297963365181	37930	0,084493644880725985
37940	-0,019858956561694986	37940	0,1044854314178196
37950	-0,013162982840530737	37950	0,10023409446998845
37960	-0,024985280381425154	37960	0,10047698305972252
37970	-0,013908400649050832	37970	0,10038796142222892
37980	-0,020286439572404644	37980	0,094421424807210844
37990	-0,022811293508531959	37990	0,092803339580625449
38000	-0,036022184112592337	38000	0,098449040385107434
38010	-0,014351756967148351	38010	0,086656682689063416
38020	-0,023888865320756045	38020	0,099373042308190079
38030	-0,014010141986005004	38030	0,088243275705194746
38040	-0,021531398738859526	38040	0,090203236350042917
38050	-0,020759745392044785	38050	0,0963383671386805
38060	-0,014605167785010184	38060	0,092780121530282353
38070	-0,019049073290862192	38070	0,096009308364836482
38080	-0,021498461576962138	38080	0,09146153866109695
38090	-0,012782321591968406	38090	0,097372770316564966
38100	-0,019360745667669547	38100	0,091660897605875938
38110	-0,016588868691008514	38110	0,092121501022034591
38120	-0,015729853771295377	38120	0,090436019245578481
38130	-0,013367441477567436	38130	0,097494395700312667
38140	-0,021404771697653417	38140	0,088960543238305143
38150	-0,027056051521099543	38150	0,09033591413699224
38160	-0,022347576745443035	38160	0,095729892468842587
38170	-0,019685208737406576	38170	0,088049543187541449
38180	-0,013272212259026502	38180	0,099216219722919913
38190	-0,029825427380867547	38190	0,0820109201147966
38200	-0,016866008490332287	38200	0,083434912286277141
38210	-0,0089582936417405348	38210	0,085462233254041051
38220	-0,013132344180485579	38220	0,086472015029418647
38230	0,020568110229295014	38230	0,074176400275203225
38240	0,021469035829332642	38240	0,073254293384010447
38250	0,014773704457776943	38250	0,079397156620431342
38260	-0,016598249632051424	38260	0,088115082231001368
38270	-0,043350297968367653	38270	0,084876480264557519
38280	-0,05996225418561818	38280	0,097244998982424086
38290	-0,057981069873227167	38290	0,10557272535581169
38300	-0,070018523406134861	38300	0,1139893865829137
38310	-0,061675821003014643	38310	0,12039014159347151
38320	-0,060848289548155084	38320	0,12245433013265869
38330	-0,043144512273889324	38330	0,10310138197566843
38340	-0,051897944086541754	38340	0,1005130544642724
38350	-0,022146117488343824	38350	0,10292510716621114
38360	-0,032665127220152419	38360	0,097706502483109331
38370	-0,0293183206896166	38370	0,098562442168430783
38380	-0,018714882262756059	38380	0,081622087917116115
38390	-0,024993698378731985	38390	0,097529959423741014
38400	-0,0267232744989693	38400	0,097233251194683554
38410	-0,032469947190387774	38410	0,084126459735315059
38420	-0,041468527742968234	38420	0,099196769416254632
38430	-0,021780796917668384	38430	0,11036447605914319
38440	-0,029573333055067184	38440	0,1026707464973083
38450	-0,030365634300245949	38450	0,094822460220500976
38460	-0,026771634923019129	38460	0,10845496416122696
38470	-0,03285342321339816	38470	0,1116253382831004
38480	-0,021829048021888287	38480	0,10620401157315464
38490	-0,031164462188871315	38490	0,085177047385640386
38500	-0,022946719451164079	38500	0,10676749904998341
38510	-0,040023475158261289	38510	0,10572278090629518
38520	-0,020749159859962812	38520	0,10736376074554926
38530	-0,011827549719635034	38530	0,090288127765632761
38540	-0,02353793870761019	38540	0,10965495086785157
38550	-0,020742165075997444	38550	0,11001880093001756
38560	-0,019265402601730285	38560	0,099028404859238209
38570	-0,028828909691633237	38570	0,09434163729876989
38580	-0,026918015703856279	38580	0,10483902789314678
38590	-0,040130170552200778	38590	0,1053761219192683
38600	-0,0095131675691348758	38600	0,1131554335849697
38610	-0,019013453541257348	38610	0,0905357209621159
38620	-0,035691077832822007	38620	0,10106162652423137
38630	-0,026404362274384516	38630	0,091933091982912607
38640	-0,035692745164189063	38640	0,082149790267713449
38650	-0,040286872494484517	38650	0,10273089205980254
38660	-0,0207061321968129	38660	0,091476621074198669
38670	-0,021458804478089805	38670	0,092818521904010215
38680	-0,021533771383727876	38680	0,095874738806642032
38690	-0,030279552939816608	38690	0,10365860144551074
38700	-0,027874855951541315	38700	0,089874845068623546
38710	-0,025443578695165149	38710	0,089365206959952717
38720	-0,040051362937474945	38720	0,10282266947339985
38730	-0,010471281984930782	38730	0,099658252042862133
38740	-0,027506026532862545	38740	0,0796623620692324
38750	-0,027970077955455142	38750	0,092850729899950413
38760	-0,024319744668039645	38760	0,087742206673832132
38770	-0,025789386134387905	38770	0,099924914016058242
38780	-0,01200053438937679	38780	0,0835710493502373
38790	-0,00839428770684432	38790	0,095921430010482728
38800	-0,020699959747345023	38800	0,10020463936182786
38810	-0,021001744125983286	38810	0,086323802423715817
38820	-0,035655889947110352	38820	0,10397066536650727
38830	-0,029732842022586581	38830	0,10172138737026118
38840	-0,021679115280863893	38840	0,099912075113449642
38850	-0,011102030821097293	38850	0,09028994728202544
38860	-0,0329662175757554	38860	0,096917445748950337
38870	-0,01244264540408976	38870	0,10004614296960752
38880	-0,021426468766865488	38880	0,0973481505330476
38890	-0,035877903278377539	38890	0,089790777252230683
38900	-0,017695803276881347	38900	0,078015452493614981
38910	-0,014471841678717111	38910	0,093110256072045872
38920	-0,024278126692766674	38920	0,0933832833269398
38930	-0,021776713743883881	38930	0,096132689950060107
38940	-0,025945831533739163	38940	0,0992010619723206
38950	-0,018789573902751142	38950	0,094683484654904559
38960	-0,021787999105084187	38960	0,1026405989005704
38970	-0,014896921872604793	38970	0,1002981891659136
38980	-0,021398130789071563	38980	0,10092931548888623
38990	-0,022057813542896834	38990	0,096581347208146331
39000	-0,027838646209300762	39000	0,0941653025379655
39010	-0,027078102285551447	39010	0,091991111569955542
39020	-0,018237381940350468	39020	0,097265104407567388
39030	-0,025793055778852145	39030	0,0832100036678678
39040	-0,021370861936044656	39040	0,087809520958878243
39050	-0,026226139824995942	39050	0,0893580050808861
39060	-0,0038709212607936205	39060	0,0958309846293927
39070	-0,028217708237076856	39070	0,10103145562865333
39080	-0,017481955533623323	39080	0,10018343652006895
39090	-0,027710010193354513	39090	0,091879157200435949
39100	-0,025805973445569813	39100	0,092910631682335473
39110	-0,030932348664935192	39110	0,084753774883867858
39120	-0,017691544878815971	39120	0,10663392902718197
39130	-0,012559255218377233	39130	0,0922987612169217
39140	-0,023871310183056264	39140	0,10852373334949667
39150	-0,02464628967003803	39150	0,083368320464492662
39160	-0,027613590732768117	39160	0,0938776532734562
39170	-0,020818235883340884	39170	0,093095465074610473
39180	-0,018240990634499316	39180	0,08651085096899834
39190	-0,021451833286525269	39190	0,10256628073678466
39200	-0,030949551519638414	39200	0,097505366169549371
39210	-0,021123813171584755	39210	0,088016473469016226
39220	-0,028756670581319092	39220	0,10090361584218215
39230	-0,010511476101105647	39230	0,10084695440485615
39240	-0,02032061766757989	39240	0,08683465414054474
39250	-0,026425634994504364	39250	0,095698625626836453
39260	-0,021937481807627258	39260	0,099161173322790966
39270	-0,026979174626521406	39270	0,088877539837976707
39280	-0,02722530881056982	39280	0,09534750974651722
39290	-0,014152445859001175	39290	0,1048023120952819
39300	-0,023134660161617537	39300	0,10084779027151168
39310	-0,020540577059608718	39310	0,093666200646991576
39320	-0,0369063151591903	39320	0,097457778302126291
39330	-0,016596684918424011	39330	0,11022458759358589
39340	-0,02922728697070644	39340	0,094923744229812146
39350	-0,038175978164813225	39350	0,094815827817070292
39360	-0,0073690023340401032	39360	0,082921097152278037
39370	-0,021637338343905486	39370	0,097963312735977581
39380	-0,024867170372576925	39380	0,09363946373575345
39390	-0,02957356972138948	39390	0,097841134304001126
39400	-0,020316375650898298	39400	0,10365669248993864
39410	-0,023384359720565413	39410	0,08575475408637305
39420	-0,030630623209115332	39420	0,096793724601369244
39430	-0,014026479543122344	39430	0,090648725960530876
39440	-0,0162705838677036	39440	0,0956561932353839
39450	-0,023937537539729284	39450	0,093205915716609189
39460	-0,010275383872605398	39460	0,096991582665201276
39470	-0,034657065517093445	39470	0,096692674408523763
39480	-0,029926295947351304	39480	0,090962330480537687
39490	-0,018467278025529	39490	0,0964043826543414
39500	-0,025551077954699228	39500	0,10198765982549034
39510	-0,0082946430764479773	39510	0,0923665016889559
39520	-0,02518376434681022	39520	0,092333861244517354
39530	-0,030865778660205442	39530	0,10792766102841087
39540	-0,028846569862624877	39540	0,090759268976591187
39550	-0,024686700820443889	39550	0,086922523172066682
39560	-0,036547314620825513	39560	0,074365220560338369
39570	-0,032143744372717047	39570	0,0835741795248395
39580	-0,015235242111987733	39580	0,081115583941289357
39590	-0,027324097768730505	39590	0,10013604651273859
39600	-0,016467089138449579	39600	0,0869958224795773
39610	-0,02320957455709512	39610	0,081020790559890865
39620	-0,023847458681959244	39620	0,095125624452996868
39630	-0,012342194129778415	39630	0,0883293033152558
39640	-0,026032041652947886	39640	0,086240909779249128
39650	-0,030145826361785866	39650	0,08142940454476133
39660	-0,011522690222947871	39660	0,0863689306133067
39670	-0,030065035737153502	39670	0,094030063599824631
39680	-0,03329044909809354	39680	0,087431010036163478
39690	-0,0243364525587967	39690	0,072581677616340448
39700	-0,043493945476109644	39700	0,08639966210272236
39710	-0,033730262790091718	39710	0,0905195838422072
39720	-0,024428065692264349	39720	0,074085007839440248
39730	-0,015997915452108567	39730	0,07025183484032721
39740	-0,017112871029841596	39740	0,097981368356990672
39750	-0,031550592549558755	39750	0,081832249686638936
39760	-0,032038385382204305	39760	0,084166806818544146
39770	-0,031448387090575923	39770	0,099480807031684368
39780	-0,021612592029284318	39780	0,090778901821025271
39790	-0,028062244755577333	39790	0,078509130508099476
39800	-0,00889249884674832	39800	0,10373958655429513
39810	-0,016133329719497481	39810	0,094873235631104655
39820	-0,04029853941654335	39820	0,091769944377642562
39830	-0,030670005288903103	39830	0,067776551926843578
39840	-0,036579241501315592	39840	0,080524636861493651
39850	-0,01988242746955261	39850	0,0865234456692684
39860	-0,028293008310246191	39860	0,093226199730700871
39870	-0,039144183030999757	39870	0,091873388975257236
39880	-0,025782071332711765	39880	0,0836847606524648
39890	-0,025982173141933382	39890	0,096838199519567722
39900	-0,03116065768868519	39900	0,092792272107174112
39910	-0,031035299875800077	39910	0,085379320698082031
39920	-0,024791061301776909	39920	0,10396862448306012
39930	-0,00963257507636317	39930	0,071466070193110062
39940	-0,041524183995127757	39940	0,09942616537768599
39950	-0,037495662551449711	39950	0,083122376688022179
39960	-0,0083511982399780554	39960	0,095351554801820934
39970	-0,018622642749788736	39970	0,094232850621706457
39980	-0,026968164224446568	39980	0,10338886038021235
39990	-0,024039379637185419	39990	0,087641451035961326
40000	-0,031600652559513651	40000	0,094459736605747482
40010	-0,041986919114984492	40010	0,077263945988472554
40020	-0,027138552717476158	40020	0,092397245102779829
40030	-0,0046244630644554233	40030	0,076693295824099811
40040	-0,027225710335999333	40040	0,085935611223928884
40050	-0,01617161277817138	40050	0,099093666894436411
40060	-0,036649861084870686	40060	0,07192766509894917
40070	-0,037657918836081064	40070	0,079030839382257453
40080	-0,027167190313490568	40080	0,0792765243705466
40090	-0,0254351445360984	40090	0,10016650654262999
40100	-0,018551973782593063	40100	0,10810583304953196
40110	-0,040268586009797491	40110	0,080971788611150133
40120	-0,029282291132106734	40120	0,085040596153952722
40130	-0,010206884614793162	40130	0,086987878988485381
40140	-0,03731605198382601	40140	0,093437484647831873
40150	-0,029964353784493036	40150	0,0795657152694383
40160	-0,031620247296458737	40160	0,093527109465844749
40170	-0,038843810672739384	40170	0,085737537772288361
40180	-0,018969831154320008	40180	0,092234160978034316
40190	-0,0274490661590924	40190	0,097012771972831036
40200	-0,043622513911779841	40200	0,079119418310623538
40210	-0,026659711359841836	40210	0,083478530166350137
40220	-0,024214911500687789	40220	0,088494041972378409
40230	-0,029701287897668294	40230	0,098624856099491787
40240	-0,024233004821056107	40240	0,086363680170827253
40250	-0,014029861044230185	40250	0,069197857268701077
40260	-0,027331175768996293	40260	0,10444938793870075
40270	-0,046908277429265247	40270	0,086923303974122693
40280	-0,019406005860529558	40280	0,076328054317509664
40290	-0,011158823818155779	40290	0,077098640939372257
40300	-0,029572549578779622	40300	0,096359680462107328
40310	-0,030475882644211659	40310	0,094414945923702046
40320	-0,020146977052311416	40320	0,088608629235496478
40330	-0,039589005908335591	40330	0,078729444012971259
40340	-0,046019239115185309	40340	0,10167632398977687
40350	-0,01792651352584378	40350	0,096389944808281974
40360	-0,018796477824984888	40360	0,096649947707944162
40370	-0,027997156810781312	40370	0,10219235093609783
40380	-0,030311724649553114	40380	0,082223597296285769
40390	-0,028494352447498136	40390	0,090077683370049039
40400	-0,033612622902994528	40400	0,075324482152266947
40410	-0,018059882465702646	40410	0,089896864670455087
40420	-0,029437219612794739	40420	0,089240571284182738
40430	-0,023312324780786795	40430	0,087591955302788072
40440	-0,019700539609468978	40440	0,079845043207783628
40450	-0,00869611445806746	40450	0,082340346146260665
40460	-0,027633540816005144	40460	0,088685490516960813
40470	-0,029029259155375603	40470	0,0881686668754842
40480	-0,021078409014245441	40480	0,089999088572843125
40490	-0,035753623840444754	40490	0,083232098439325358
40500	-0,018076472674663405	40500	0,080963112443913521
40510	-0,025660476090434783	40510	0,083464291388404777
40520	-0,040349512087088216	40520	0,088132954152934845
40530	-0,025234424992704875	40530	0,081834278093030385
40540	-0,029379999351475759	40540	0,08523780015703894
40550	-0,024821785138499326	40550	0,10068102011938951
40560	-0,027709210288630094	40560	0,0765609819364002
40570	-0,016810070192577808	40570	0,091185083946203616
40580	-0,020225371408999007	40580	0,085514568386060322
40590	-0,03340100120719771	40590	0,076827288836640292
40600	-0,024946613620968085	40600	0,0905853227801907
40610	-0,028633222138512663	40610	0,07861444180279159
40620	-0,030352451638089153	40620	0,093571410454026685
40630	-0,027557462398671191	40630	0,088074011191172613
40640	-0,033843896903637212	40640	0,083588301879974181
40650	-0,030430597425078008	40650	0,099388536781508566
40660	-0,022177811861588521	40660	0,084524765595119913
40670	-0,034091026703766972	40670	0,10577805164597064
40680	-0,018615725290697663	40680	0,083520324000194476
40690	-0,017037966474046744	40690	0,089106826443535778
40700	-0,023023387582874071	40700	0,089714922585211729
40710	-0,023329256093212829	40710	0,092249145823068063
40720	-0,040471487743741555	40720	0,0830713114935275
40730	-0,029515527248976648	40730	0,090916468184647131
40740	-0,036654418778397806	40740	0,084325959683703183
40750	-0,027495130552747351	40750	0,0874610136800429
40760	-0,040170493484911848	40760	0,085946383434210419
40770	-0,034444367793444119	40770	0,085832485410080553
40780	-0,023217323403873471	40780	0,072552475646517026
40790	-0,028111062093382815	40790	0,09474133325759998
40800	-0,017050726863355278	40800	0,090432724188914321
40810	-0,025417685646366466	40810	0,089787015927654062
40820	-0,037414668590944347	40820	0,087806523501750028
40830	-0,019725689304695947	40830	0,081746074556459464
40840	-0,019669754462111812	40840	0,084234900660296222
40850	-0,022045952929665439	40850	0,078929887911629
40860	-0,016012535444253129	40860	0,10049062970748111
40870	-0,023841848001433269	40870	0,094432677240070026
40880	-0,022459847159787015	40880	0,08233251924432608
40890	-0,030276943946502627	40890	0,090487003345792155
40900	-0,023236592200599322	40900	0,0799082603089742
40910	-0,027034667664862125	40910	0,089363245604106065
40920	-0,0249100788939628	40920	0,090421070831007672
40930	-0,017257509826979562	40930	0,0852549701586379
40940	-0,03397928721938686	40940	0,092843734709063527
40950	-0,024794196200902414	40950	0,096840769397085621
40960	-0,039182358193252019	40960	0,0767873300227998
40970	-0,02819611326209838	40970	0,085949619986082679
40980	-0,029998061699464985	40980	0,092413041628956832
40990	-0,022392352335307907	40990	0,1124529420666652
41000	-0,028118547164178019	41000	0,081611682228727042
41010	-0,029573286499436763	41010	0,079085006162050914
41020	-0,034960405632203921	41020	0,089533402943659621
41030	-0,0054417842391723684	41030	0,086095343344850639
41040	-0,024049449031749309	41040	0,099495056225037681
41050	-0,014955811054187286	41050	0,090701366797213731
41060	-0,044695190232075438	41060	0,0921785443792884
41070	-0,024995758190165317	41070	0,083010489286233446
41080	-0,016621287861687976	41080	0,096219862832589029
41090	-0,011746322069612136	41090	0,10021622887747818
41100	-0,035452304595371048	41100	0,082964317361919018
41110	-0,030195901484997772	41110	0,0899040470731136
41120	-0,036982684551049735	41120	0,082869375301514045
41130	-0,023439778716474544	41130	0,078030455626750789
41140	-0,027302584210637366	41140	0,093441414985262553
41150	-0,027548680387147539	41150	0,088565491992225034
41160	-0,0197600541309618	41160	0,077173433238265865
41170	-0,027626284552708807	41170	0,092593904550780315
41180	-0,019816209282657853	41180	0,085209500690973938
41190	-0,029482290048986861	41190	0,0775021763392292
41200	-0,035720351445207688	41200	0,08866573157965571
41210	-0,028686348301697324	41210	0,07598164286578199
41220	-0,036339381819786354	41220	0,0873716479473066
41230	-0,020187888034851061	41230	0,083504573967619913
41240	-0,026750458788332893	41240	0,10532146178294921
41250	-0,031975294412581935	41250	0,07437558393023054
41260	-0,032320473816143648	41260	0,094020245597215266
41270	-0,03438101721493203	41270	0,096780999667537393
41280	-0,022813546360394028	41280	0,075168400470142671
41290	-0,031817369486185104	41290	0,068060236618878334
41300	-0,019189889375701093	41300	0,090695484255543038
41310	-0,0029096318897396767	41310	0,078396437369468414
41320	-0,0400868233296274	41320	0,088786652625766641
41330	-0,031469378701033765	41330	0,087017879995262712
41340	-0,02960681742865421	41340	0,086548561137686164
41350	-0,029482125078469285	41350	0,097612861179029148
41360	-0,02712911114411409	41360	0,069919975651508981
41370	-0,036876378144648878	41370	0,0890935353008915
41380	-0,012909953488535539	41380	0,083573460841997238
41390	-0,027162632148757943	41390	0,08166462958683865
41400	-0,037814840995404636	41400	0,086157445732993429
41410	-0,023769890722347871	41410	0,086648719319894665
41420	-0,035814290553004717	41420	0,099330104749514078
41430	-0,011384622846611374	41430	0,086717569333480335
41440	-0,0357973049178476	41440	0,099955947883340487
41450	-0,029891730523636535	41450	0,091305322590477841
41460	-0,026834230840331749	41460	0,08958863524540811
41470	-0,018091484807668305	41470	0,092778844955339931
41480	-0,0074220194591824631	41480	0,08286133016873426
41490	-0,030885269312793322	41490	0,091106101290493915
41500	-0,017905851262162726	41500	0,083484110771497214
41510	-0,020522574877109102	41510	0,086223949044323067
41520	-0,034907402855663232	41520	0,097888573873638168
41530	-0,023766808867615008	41530	0,086882398871074976
41540	-0,019857767665471218	41540	0,097480472314727312
41550	-0,026073900250140725	41550	0,099528676025556886
41560	-0,010703133373841076	41560	0,076499080204232323
41570	-0,024738709856153673	41570	0,09774251445056735
41580	-0,030270899593672233	41580	0,086801843644230145
41590	-0,022072266284352209	41590	0,0918089214040089
41600	-0,030170684281212681	41600	0,080902461619334537
41610	-0,016376360639071403	41610	0,098930399049103751
41620	-0,040759815927008704	41620	0,086821354513990326
41630	-0,0067428449413028417	41630	0,095632637237121773
41640	-0,030975219505155617	41640	0,068877379374134323
41650	-0,031944720421797843	41650	0,085727731996647225
41660	-0,027709566786178138	41660	0,10919117833254119
41670	-0,022429106551707181	41670	0,085697340260239924
41680	-0,016800718103234351	41680	0,09206893025617191
41690	-0,031952257079949087	41690	0,096833203132253354
41700	-0,035321455463874031	41700	0,085695844802266427
41710	-0,025245392946281558	41710	0,079982783363896068
41720	-0,041801955179352514	41720	0,094836877320225818
41730	-0,021089589233908527	41730	0,091429800727559324
41740	-0,031005538662114928	41740	0,096317577221646286
41750	-0,027194144226149814	41750	0,077132446298458765
41760	-0,024760887047014728	41760	0,083104308986707551
41770	-0,029843279910684431	41770	0,091378113160881264
41780	-0,025306148829557316	41780	0,091545311384929148
41790	-0,012337929807379315	41790	0,098306867388259569
41800	-0,016892230462198038	41800	0,096671230831820776
41810	-0,022971209147808293	41810	0,076916002843053541
41820	-0,0350927524473208	41820	0,090157952807933081
41830	-0,027406019633223873	41830	0,081895642906845478
41840	-0,023748974566501616	41840	0,099001287595547272
41850	-0,02851908841420784	41850	0,083818788448678447
41860	-0,016064300470107061	41860	0,090254601125113312
41870	-0,015277192052813414	41870	0,092805035472133951
41880	-0,0193705787625192	41880	0,086726783920550068
41890	-0,043661073918068206	41890	0,093702014399258723
41900	-0,021678854786225787	41900	0,08841052703794873
41910	-0,017441597490595595	41910	0,08078426717139163
41920	-0,037056258812016851	41920	0,091518734099283461
41930	-0,028221956312575874	41930	0,092851922845949814
41940	-0,034919511732316014	41940	0,08685922925354625
41950	-0,027512534975003767	41950	0,068081202672915481
41960	-0,026898594354174594	41960	0,07838941864138739
41970	-0,029156423017559649	41970	0,0896932019978371
41980	-0,043346657798919427	41980	0,088229391641847385
41990	-0,023373765631877503	41990	0,0861400608937528
42000	-0,020941522458520476	42000	0,085070170965774058
42010	-0,031299172978590528	42010	0,085092012069068065
42020	-0,020872815256381218	42020	0,095289710025136753
42030	-0,0256679935246054	42030	0,082055541348126412
42040	-0,014697148173307469	42040	0,0944989430794041
42050	-0,024820103289509485	42050	0,093381635364664067
42060	-0,024778680891148864	42060	0,082668832131354592
42070	-0,024423069875889204	42070	0,076011199576607749
42080	-0,010186809084506218	42080	0,0848959267230706
42090	-0,044970521201280429	42090	0,09063488980475376
42100	-0,026918303601821608	42100	0,078242895132407425
42110	-0,024186216053169021	42110	0,0843408297557672
42120	-0,022807360285737037	42120	0,092730143883785587
42130	-0,017442069527230535	42130	0,08470496360863744
42140	-0,019983989729212979	42140	0,0934334955939043
42150	-0,020039677997317821	42150	0,094081980394850051
42160	-0,0349096778349554	42160	0,072397955807649239
42170	-0,016688607711405439	42170	0,0827742571779285
42180	-0,025887761451135811	42180	0,080910228123868375
42190	-0,035774149221689137	42190	0,094802326858065084
42200	-0,031305261522252374	42200	0,10084014006082766
42210	-0,034502053599683884	42210	0,096104082032327329
42220	-0,024210100250652813	42220	0,087708863552275043
42230	-0,045894566287994619	42230	0,076519040785285652
42240	-0,018822398185005727	42240	0,089226212567456484
42250	-0,030144580444805433	42250	0,092004060723350989
42260	-0,025541907168939178	42260	0,082792783326115421
42270	-0,023485066580291987	42270	0,084090872966570251
42280	-0,007443375372318769	42280	0,0942471670011686
42290	-0,043025632197182487	42290	0,1037016454451327
42300	-0,027492005732394503	42300	0,084988584671351314
42310	-0,027381965052698878	42310	0,068819194995402164
42320	-0,029019799572390603	42320	0,088442891278207
42330	-0,029609611922135536	42330	0,081175419505106719
42340	-0,02041016100280791	42340	0,0975057479997659
42350	-0,032158104026195865	42350	0,089300302282357538
42360	-0,030257445826862607	42360	0,10322240596925453
42370	-0,027569578589619937	42370	0,094761895399590068
42380	-0,014301962312411079	42380	0,090657751407243026
42390	-0,034424100925809109	42390	0,085772158126799836
42400	-0,036066470969226626	42400	0,076773503661104053
42410	-0,018107106335023194	42410	0,082286140808064068
42420	-0,025740625369202963	42420	0,091026000766071341
42430	-0,032003342618129885	42430	0,088461683731439325
42440	-0,0443438831380379	42440	0,090892218707311609
42450	-0,025258308262204075	42450	0,097731554800158327
42460	-0,014386209152879971	42460	0,087635595750909276
42470	-0,031010531716791856	42470	0,0883881864638694
42480	-0,029242643014349798	42480	0,075938109456192754
42490	-0,033031902792418008	42490	0,092378957272071321
42500	-0,026640091702726309	42500	0,074914353615861129
42510	-0,037408965827603349	42510	0,098818726345307639
42520	-0,025279522633419517	42520	0,078270881928068053
42530	-0,047302693892372488	42530	0,079923045995851635
42540	-0,021976520963312721	42540	0,09371924758049241
42550	-0,02485377075766456	42550	0,094164742758005071
42560	-0,026694086754298078	42560	0,097762692126872122
42570	-0,037173180276537654	42570	0,08438285236417177
42580	-0,018090383593051831	42580	0,090796870906517183
42590	-0,026765271191709503	42590	0,099047865154404016
42600	-0,023633420917135474	42600	0,086781855464540272
42610	-0,043827648931919365	42610	0,0829671634068382
42620	-0,027912223222647563	42620	0,099258100364632326
42630	-0,027157159130674274	42630	0,0726168526980243
42640	-0,035255699406849132	42640	0,092485381550649781
42650	-0,027159144246340493	42650	0,08050550315678523
42660	-0,037372348940957409	42660	0,090136910347398444
42670	-0,018779847644075677	42670	0,070380488301040017
42680	-0,028569042535226238	42680	0,096556926482009239
42690	-0,037342448947085737	42690	0,10586413319646384
42700	-0,026102835442235035	42700	0,072864461725399121
42710	-0,023621236156039446	42710	0,10025737021652188
42720	-0,019663638674596196	42720	0,08093816842130247
42730	-0,02039432419713566	42730	0,092527266556891183
42740	-0,035489131006597792	42740	0,096612084108375546
42750	-0,015354219109673101	42750	0,078441298366463019
42760	-0,035815086252302314	42760	0,084697150758663464
42770	-0,040297166866291513	42770	0,08813946709736542
42780	-0,0047565287955534958	42780	0,088920076433355075
42790	-0,029817640501037468	42790	0,089268726226575154
42800	-0,01562667347392065	42800	0,0976238958326087
42810	-0,035948571072591515	42810	0,084815112905166135
42820	-0,014968415617595234	42820	0,080423253527331581
42830	-0,030263822018519081	42830	0,078135709614035417
42840	-0,02945463177476795	42840	0,099972562832676762
42850	-0,027456278990217735	42850	0,07006311189221559
42860	-0,029193987420492229	42860	0,083193629331811542
42870	-0,041881828681216725	42870	0,0920535062088938
42880	-0,012334917046452001	42880	0,0938760027770211
42890	-0,033265000936017072	42890	0,085817676050250272
42900	-0,029768769903051863	42900	0,075061986170550335
42910	-0,02976271321644041	42910	0,074530915904888681
42920	-0,027214953434053016	42920	0,092940488055519133
42930	-0,027974652020857155	42930	0,078746707884055023
42940	-0,024960388407427592	42940	0,088709240092258029
42950	-0,014132941776015061	42950	0,093681138703971045
42960	-0,0442539236964619	42960	0,074112845951397527
42970	-0,028846012406301802	42970	0,099385031193691992
42980	-0,018735761862091485	42980	0,079642676482080482
42990	-0,024014784027696121	42990	0,089418139681954778
43000	-0,020259039421981938	43000	0,093864030782067565
43010	-0,021474264254358354	43010	0,094185181003681048
43020	-0,035212815360166995	43020	0,09261475327387772
43030	-0,027880391088060924	43030	0,077005688726826158
43040	-0,020514190777793824	43040	0,10762173538115941
43050	-0,027630490901187979	43050	0,069450244069348882
43060	-0,030467878319201572	43060	0,08109321818048941
43070	-0,032129488711452041	43070	0,085258982602405178
43080	-0,031597621148044985	43080	0,086187350663281245
43090	-0,027137499686051211	43090	0,093538524772469087
43100	-0,021521918905852588	43100	0,079617292163293968
43110	-0,026047363794819808	43110	0,092543049053649476
43120	-0,022769897260516477	43120	0,098122860970762768
43130	-0,030949530874897366	43130	0,073540406836140937
43140	-0,02907355668462825	43140	0,090035231246563832
43150	-0,020673037378022015	43150	0,084573276252133484
43160	-0,03534947540282124	43160	0,078203772915453176
43170	-0,024297379345546377	43170	0,098759980044360207
43180	-0,029286915908632926	43180	0,084296227550732059
43190	-0,025420000743560486	43190	0,093307582699123343
43200	-0,015253514571416818	43200	0,086749006599819281
43210	-0,027699795977409587	43210	0,077673793973043789
43220	-0,029316689248012069	43220	0,0865099296921677
43230	-0,028160745388235306	43230	0,094892150377034176
43240	-0,039736707086647248	43240	0,092351449148204146
43250	-0,01703168553792779	43250	0,090168130833319635
43260	-0,032418223815954966	43260	0,077174391711083076
43270	-0,0483270431999056	43270	0,076922057666176089
43280	-0,022827343191497859	43280	0,082172359580649376
43290	-0,031603390266176257	43290	0,10095155893418165
43300	-0,027258986542214109	43300	0,084459084314179991
43310	-0,012346415273232061	43310	0,084665668160719451
43320	-0,026413639432182581	43320	0,10043754555960667
43330	-0,021045934639191223	43330	0,078108301390064555
43340	-0,028671338487761672	43340	0,076584032342956021
43350	-0,030957475742221484	43350	0,0804561607740307
43360	-0,028083475042632651	43360	0,092953427867945512
43370	-0,035590222082709524	43370	0,079533505094911416
43380	-0,03257854139326976	43380	0,090483413016374428
43390	-0,021844787737497477	43390	0,10200662084153331
43400	-0,010595106245298389	43400	0,085884324723401989
43410	-0,030592252045940523	43410	0,092674674771602641
43420	-0,035155088247784252	43420	0,099283556065308212
43430	-0,022330778864103774	43430	0,089570829931825025
43440	-0,019882624569207502	43440	0,094960671848116879
43450	-0,029842899217002065	43450	0,066508594246212457
43460	-0,020034438352110738	43460	0,086583322983249028
43470	-0,014350988356557652	43470	0,089621313794577537
43480	-0,015662273537248167	43480	0,0788372166519278
43490	-0,038261204996400913	43490	0,091951382601926229
43500	-0,024988579996874614	43500	0,092446632235333615
43510	-0,033860751613820246	43510	0,091213392806376345
43520	-0,025355135418863656	43520	0,088966895690887657
43530	-0,018158138146520817	43530	0,091484035115707962
43540	-0,03856320607116695	43540	0,095036668348547751
43550	-0,039411392832645213	43550	0,0715122954485602
43560	-0,023719392349977192	43560	0,091329090038987662
43570	-0,024860754654081652	43570	0,091998133291265674
43580	-0,014853119229189759	43580	0,079550455389807928
43590	-0,0329074692690318	43590	0,096619033941014593
43600	-0,013607088166928643	43600	0,0829617058192648
43610	-0,022985265833821503	43610	0,099818113337649
43620	-0,025109476423144306	43620	0,07450140937140276
43630	-0,02132524199952144	43630	0,075732203383729435
43640	-0,015753961773350283	43640	0,10282818010225031
43650	-0,018440692804305575	43650	0,089994858045305021
43660	-0,038368016062575387	43660	0,096961332874695522
43670	-0,030351647944548369	43670	0,085748531987844823
43680	-0,027001680908715252	43680	0,088957565962362067
43690	-0,026782699512012502	43690	0,0727241722868255
43700	-0,00364773965096311	43700	0,078143252650927267
43710	-0,027199798761446774	43710	0,096205037354876052
43720	-0,032005938294739307	43720	0,094952155942883629
43730	-0,030394154797609131	43730	0,083928135185451849
43740	-0,02447944557777916	43740	0,0910666887729538
43750	-0,014860182867276164	43750	0,08833698514426605
43760	-0,035338445242760357	43760	0,0852986293262151
43770	-0,025201197461446456	43770	0,087867906343551946
43780	-0,015518183546524199	43780	0,077998396019372834
43790	-0,03759111285334326	43790	0,095537944091576649
43800	-0,014133572597069273	43800	0,084769048086599214
43810	-0,039357224246495216	43810	0,087302350814393068
43820	-0,028297840407509756	43820	0,092787862551765091
43830	-0,027141801948507786	43830	0,087906924135532638
43840	-0,02972961233398053	43840	0,07775023061859479
43850	-0,017692673414170825	43850	0,08103831367961388
43860	-0,038688264076883166	43860	0,0887072946165237
43870	-0,019787854939406494	43870	0,09428852409878602
43880	-0,034338129228987622	43880	0,091326181910751453
43890	-0,033230372497557358	43890	0,089528729371375723
43900	-0,025437799439234833	43900	0,073381532897406079
43910	-0,020425353833979445	43910	0,083082233783101617
43920	-0,02230375154075457	43920	0,080457926119880036
43930	-0,021975635511553369	43930	0,084029256059206567
43940	-0,037502388484011377	43940	0,091663608198049112
43950	-0,030544954361419897	43950	0,080366079227144921
43960	-0,021647518652080696	43960	0,090868958863845661
43970	-0,019962547121781818	43970	0,079721858234532816
43980	-0,024339574848094049	43980	0,0846164431898171
43990	-0,0397184750252345	43990	0,10172486442046104
44000	-0,014762455534282666	44000	0,069982703179525277
44010	-0,026378135143397926	44010	0,084697593512749164
44020	-0,032341390769197953	44020	0,084717327200426851
44030	-0,037918403432229	44030	0,08966748788838011
44040	-0,033808750618026677	44040	0,084931597194326441
44050	-0,013170667480970729	44050	0,0767332810347997
44060	-0,03395983043807501	44060	0,092891997161758083
44070	-0,025219459396611181	44070	0,086801395188066371
44080	-0,018317361779900256	44080	0,0696634823773451
44090	-0,033175638871284482	44090	0,10384888574188739
44100	-0,024044271076065583	44100	0,084351875918984673
44110	-0,024511686925180246	44110	0,09326403601709074
44120	-0,031887469028804911	44120	0,099522213474110929
44130	-0,023627747717616457	44130	0,08582525881581253
44140	-0,029252922894889625	44140	0,098669378050692869
44150	-0,023271006536159475	44150	0,087584207614717788
44160	-0,037456521579638052	44160	0,086669108869218775
44170	-0,027550169206088979	44170	0,094128512983534432
44180	-0,021160923447571849	44180	0,09000439293364
44190	-0,035621661114817342	44190	0,082464823430081741
44200	-0,02762227524749691	44200	0,0785620894773133
44210	-0,031878182178570968	44210	0,088932536742450843
44220	-0,026263527852753571	44220	0,098012438573166882
44230	-0,02378295229159956	44230	0,088571607233565428
44240	-0,036133616107648	44240	0,091829894597531617
44250	-0,0093466767764929654	44250	0,10025903982469601
44260	-0,017402856372049393	44260	0,10021567597174082
44270	-0,039269891247891209	44270	0,077968013560548
44280	-0,017659150236996941	44280	0,08355915895652484
44290	-0,023213028400043335	44290	0,088759207808387558
44300	-0,020585029392041928	44300	0,095450074657997111
44310	-0,029361597969042582	44310	0,083062591697623575
44320	-0,029928239908258603	44320	0,092477858080899047
44330	-0,023552308698995158	44330	0,067489991599004415
44340	-0,02222697340562136	44340	0,093749762371109963
44350	-0,038001095746662793	44350	0,09060802277414591
44360	-0,028093992468542977	44360	0,10605493102874745
44370	-0,016817414185972431	44370	0,091774787624171184
44380	-0,020430174478381954	44380	0,077285232716111818
44390	-0,02948682469916928	44390	0,082622548403964477
44400	-0,034562710772272742	44400	0,096959449259430272
44410	-0,025570877844660955	44410	0,096188474316528869
44420	-0,033553486042256893	44420	0,094686736981870023
44430	-0,018221319030814517	44430	0,080058423789800867
44440	-0,02540896302408693	44440	0,10053967917314763
44450	-0,020990607168888016	44450	0,0729709461082301
44460	-0,029846912920501931	44460	0,07475805560024347
44470	-0,032762720287252647	44470	0,090051564825320937
44480	-0,01857865657597952	44480	0,091073435624456675
44490	-0,033473651504939424	44490	0,090327259358509548
44500	-0,0075117702188050185	44500	0,079469700261465076
44510	-0,020128433107526985	44510	0,092672944809016236
44520	-0,03778431959569481	44520	0,086106732995798727
44530	-0,028791891556261384	44530	0,090318965866589163
44540	-0,024711854215265255	44540	0,08979290756191001
44550	-0,024785075840152236	44550	0,09031479736635771
44560	-0,024312739309320378	44560	0,093219841587056623
44570	-0,028314271575113487	44570	0,082027969402946918
44580	-0,022101702663772746	44580	0,077754456619226753
44590	-0,033543308697281095	44590	0,099405501668375584
44600	-0,020938258382944844	44600	0,085811304224813936
44610	-0,028646550986301995	44610	0,098405814235887984
44620	-0,030484475802337069	44620	0,086858641432531039
44630	-0,015127746502516908	44630	0,072816756392604348
44640	-0,031329445174904193	44640	0,11409511540515221
44650	-0,017145572008930698	44650	0,072101919398394929
44660	-0,035058437970278869	44660	0,099686838462295868
44670	-0,030684956923062702	44670	0,085401548841793046
44680	-0,019458690086793774	44680	0,083243106882801315
44690	-0,024314685441656412	44690	0,095825008758802357
44700	-0,012801765642668224	44700	0,089522844327060855
44710	-0,019008058641532988	44710	0,085375493632972574
44720	-0,023192116676369369	44720	0,0875642292865173
44730	-0,0189405748370673	44730	0,07898083142565647
44740	-0,04066232940598493	44740	0,071563024358476626
44750	-0,020341640108847165	44750	0,089822035300271788
44760	-0,040904259269761073	44760	0,078280880804780031
44770	-0,042209181290606745	44770	0,098152369889157751
44780	-0,01771354879208515	44780	0,096872619066391358
44790	-0,030002794349206517	44790	0,081979128368438445
44800	-0,01262909471419651	44800	0,10394796907999362
44810	-0,032409118976154755	44810	0,093950946654749762
44820	-0,034330563993212479	44820	0,0848242032552266
44830	-0,028321093535871367	44830	0,077163439680462284
44840	-0,0256446066417557	44840	0,10293459133882815
44850	-0,017118709965225559	44850	0,093753616470894363
44860	-0,0307336448511206	44860	0,079944863657443008
44870	-0,019860083914156171	44870	0,0902533430970874
44880	-0,024945625918721362	44880	0,078628953623547909
44890	-0,037997534386065047	44890	0,096100677037528753
44900	-0,016061464175289458	44900	0,089189973871676362
44910	-0,029824424265276355	44910	0,0841829189783702
44920	-0,031936352990505457	44920	0,0968111346544701
44930	-0,027644255124843066	44930	0,077713252146493869
44940	-0,031714173845944077	44940	0,10115120390034184
44950	-0,02966074414700081	44950	0,096258799014047658
44960	-0,036515729573258326	44960	0,085405877813374109
44970	-0,023293980498623724	44970	0,093249541593575222
44980	-0,023585852144209087	44980	0,076221539999731774
44990	-0,040238383521281292	44990	0,08560753890094791
45000	-0,020073889957742182	45000	0,080156900316432092
45010	-0,034559569288151105	45010	0,093576006007650009
45020	-0,023972839353573031	45020	0,085964554459986756
45030	-0,017899920118024625	45030	0,081396507063686188
45040	-0,023598529594245524	45040	0,10616744136339247
45050	-0,023445573258893661	45050	0,087285466116301655
45060	-0,029560648223517384	45060	0,099046799161232213
45070	-0,023538787797511382	45070	0,083040006150428225
45080	-0,02442119354094055	45080	0,084703929104056011
45090	-0,02018428162378403	45090	0,099024253121074809
45100	-0,024194737032325012	45100	0,1015536629707028
45110	-0,030255122702915426	45110	0,083533982006048058
45120	-0,031758988581213628	45120	0,0941522306898848
45130	-0,027128171786355366	45130	0,08583370917055301
45140	-0,024836709870984412	45140	0,082098676179680835
45150	-0,0160064758135371	45150	0,079956835503185331
45160	-0,027161079901378012	45160	0,078553446466259141
45170	-0,0223268806019958	45170	0,0907817785789315
45180	-0,033389401816167966	45180	0,0781457171559768
45190	-0,01956106693727587	45190	0,0860105763696938
45200	-0,034033022247752953	45200	0,076639106525472969
45210	-0,023805068876273875	45210	0,09065075503054025
45220	-0,039960040350157905	45220	0,0902283391907663
45230	-0,024027107739582814	45230	0,09080444511966819
45240	-0,030535456366460975	45240	0,10023597368477724
45250	-0,019018969176509876	45250	0,0762692095409127
45260	-0,029397671698039037	45260	0,0736726470993146
45270	-0,039576869176115269	45270	0,091091366276590258
45280	-0,026128788342865993	45280	0,088404498348632066
45290	-0,028155572510452562	45290	0,090686043439572123
45300	-0,030808928902216298	45300	0,090728342717266375
45310	-0,023520768923954695	45310	0,076721216308843682
45320	-0,01514737832472121	45320	0,0868435832703891
45330	-0,026194301667841861	45330	0,092051167542893386
45340	-0,021075218785276361	45340	0,0948729821681979
45350	-0,035469048930526693	45350	0,0841674990787942
45360	-0,033932781879317551	45360	0,083527769002839716
45370	-0,011959114197731624	45370	0,0846323395240456
45380	-0,019556600406649503	45380	0,079440142260572222
45390	-0,026015450606370834	45390	0,086054245064148133
45400	-0,0085496589086913443	45400	0,078823960797815187
45410	-0,03433171470580651	45410	0,082278622698611
45420	-0,033854121116389593	45420	0,10169243034251682
45430	-0,033164187100364548	45430	0,093366129092027211
45440	-0,034269284789833786	45440	0,089700901784973155
45450	-0,0098486201000116749	45450	0,091774850310925027
45460	-0,026840726657373241	45460	0,081583204505176116
45470	-0,030740416894852688	45470	0,099442629025853616
45480	-0,01615099822466811	45480	0,071363573200437291
45490	-0,032930377569554324	45490	0,082198353456896175
45500	-0,025822057766009848	45500	0,091845163721839526
45510	-0,02419994414116395	45510	0,097370627676894375
45520	-0,024663526056607453	45520	0,088902443271413847
45530	-0,036365034620013857	45530	0,084617401422079186
45540	-0,03617551529094748	45540	0,1080379593929138
45550	-0,026407534675845213	45550	0,074760587410045112
45560	-0,035538467563662759	45560	0,093067808402935479
45570	-0,013908820150286213	45570	0,081871094793627849
45580	-0,025851451515193372	45580	0,083548678780518373
45590	-0,028795154754689137	45590	0,09929604701747835
45600	-0,02605097533082814	45600	0,086351000840237238
45610	-0,031361928384715972	45610	0,090645614493123444
45620	-0,022147523031575859	45620	0,085809804201703532
45630	-0,025645510068873636	45630	0,079470892838437543
45640	-0,022964609090274257	45640	0,090287696508250873
45650	-0,024339408982584698	45650	0,087976119219967022
45660	-0,029254556105883241	45660	0,0863422776220168
45670	-0,028334312616381221	45670	0,090971592810374174
45680	-0,030153552816617218	45680	0,085862115357839663
45690	-0,027226859557877788	45690	0,11135688502334344
45700	-0,026684467599127879	45700	0,087874275641572949
45710	-0,036712036026828675	45710	0,092205101969168632
45720	-0,031321906627668455	45720	0,093696854312281516
45730	-0,012932408847898242	45730	0,08329077133441655
45740	-0,040358991978529567	45740	0,083534618871852678
45750	-0,025678639197152464	45750	0,0852877299598022
45760	-0,030442887398456703	45760	0,094077749106073139
45770	-0,0390519752139776	45770	0,08976175259677821
45780	-0,0198300911876125	45780	0,071852655138989474
45790	-0,050170122248263019	45790	0,085647899955255416
45800	-0,0065265530730890245	45800	0,091746918552304518
45810	-0,020291256666804588	45810	0,087066621067822661
45820	-0,026734981064706238	45820	0,0850831893302122
45830	-0,027932155278252959	45830	0,078862535361534467
45840	-0,039344478978874053	45840	0,09050443508398831
45850	-0,040012192212736164	45850	0,077489903730546747
45860	-0,021398841326144381	45860	0,088781779038110825
45870	-0,029865127020822939	45870	0,085029631747102763
45880	-0,019435783688699297	45880	0,09314294031600194
45890	-0,03637603139105159	45890	0,098057684246922155
45900	-0,014395282442704802	45900	0,084747232268293837
45910	-0,036999176985930984	45910	0,075622087146092656
45920	-0,029425027660521356	45920	0,0842732011497767
45930	-0,037737287173551855	45930	0,088354615985370047
45940	-0,040748242129328968	45940	0,071121270316469393
45950	-0,012067086459127574	45950	0,096097829790559072
45960	-0,032605808685773889	45960	0,0765284883608561
45970	-0,027603413745583227	45970	0,088304200285698936
45980	-0,024639325534758377	45980	0,0903292333836688
45990	-0,02429129174796666	45990	0,095788630502175065
46000	-0,012634997943162193	46000	0,07640972972340597
46010	-0,043196317721576269	46010	0,0931416740900301
46020	-0,023590985732041443	46020	0,096444535799996844
46030	-0,030859039954891858	46030	0,089077565501350472
46040	-0,031670663447456171	46040	0,086397455397524692
46050	-0,021674906931540158	46050	0,083118407805624
46060	-0,022755025972781669	46060	0,10645876101819421
46070	-0,026013012119825943	46070	0,0887152538573828
46080	-0,008330275168063608	46080	0,0835710332947508
46090	-0,028599251940539878	46090	0,1033286453130042
46100	-0,016841221880333785	46100	0,0822818697846709
46110	-0,039858250397944744	46110	0,10038228695307551
46120	-0,02925428326482251	46120	0,088419502924870386
46130	-0,010102270111951767	46130	0,086487637927992175
46140	-0,012619180874707554	46140	0,082268382516354557
46150	-0,028146384804899224	46150	0,087199063406358024
46160	-0,029649796393024192	46160	0,080928403092710266
46170	-0,034114386822939595	46170	0,084687638740408175
46180	-0,026079043071188742	46180	0,091128566547612214
46190	-0,017993619656844907	46190	0,08162956568963349
46200	-0,013197595450393547	46200	0,076828152543209807
46210	-0,019413616013224812	46210	0,08112125342815435
46220	-0,02460910301031766	46220	0,090092773791128067
46230	-0,02906802038908847	46230	0,070480308168383465
46240	-0,044798556104822682	46240	0,098922805938895852
46250	-0,012123053363899341	46250	0,082435593189256667
46260	-0,02382473312052406	46260	0,10065938533439618
46270	-0,030010378596268115	46270	0,078709679857830242
46280	-0,016982057123544832	46280	0,10505406041123461
46290	-0,0424692374237518	46290	0,091609599628142413
46300	-0,036415839047912561	46300	0,072040958687732165
46310	-0,011955602248979354	46310	0,0899900493087409
46320	-0,028665809814695426	46320	0,089836745443564722
46330	-0,02940601728087739	46330	0,086641447533686577
46340	-0,027571487190471321	46340	0,086363345819711057
46350	-0,011469647901528298	46350	0,083215920514417022
46360	-0,03695102823441189	46360	0,094252273327926753
46370	-0,035568215684288328	46370	0,08798630456717077
46380	-0,026396187321324208	46380	0,10033361557620477
46390	-0,020151263480932404	46390	0,10069623968517243
46400	-0,016427855586437192	46400	0,080506249753995243
46410	-0,037381076996383357	46410	0,072504950409343322
46420	-0,036518770336769153	46420	0,087830882659738235
46430	-0,013316332503169159	46430	0,0851605665188422
46440	-0,018927514773454418	46440	0,088735671416392631
46450	-0,022296789145693222	46450	0,079956257913156442
46460	-0,035021110437291711	46460	0,089746278127017687
46470	-0,037464778681608885	46470	0,078170893999728069
46480	-0,03010720918598064	46480	0,10244985734782304
46490	-0,035713755551352623	46490	0,097692086725827382
46500	-0,030655649275655165	46500	0,080928529273949681
46510	-0,027586764181774588	46510	0,0864545474406815
46520	-0,020810561798686792	46520	0,084868071082637234
46530	-0,028638272549649721	46530	0,093911182643293969
46540	-0,040962181980476305	46540	0,09870183434618085
46550	-0,021519720559625248	46550	0,083029332601487357
46560	-0,033072946947068443	46560	0,095183144987081914
46570	-0,021400432405321895	46570	0,096013202204669579
46580	-0,03889623665353837	46580	0,07973656622983441
46590	-0,029107188981237379	46590	0,076847424770283557
46600	-0,0167465660068612	46600	0,075351813517104252
46610	-0,019664995372017661	46610	0,10079564945256744
46620	-0,018950186829925914	46620	0,092485795807420987
46630	-0,034182852588778741	46630	0,080426203933534932
46640	-0,022202679488972223	46640	0,094991604573335386
46650	-0,023384940790089341	46650	0,087929411122644033
46660	-0,035147263590470781	46660	0,088792350970813963
46670	-0,030204693770264825	46670	0,090392240381739042
46680	-0,024035650665483289	46680	0,079772067004165129
46690	-0,021234307527387756	46690	0,1040504389756496
46700	-0,01364945652623401	46700	0,07190695748819971
46710	-0,035281491946461914	46710	0,08620321157624683
46720	-0,0251861654788167	46720	0,1053321530865083
46730	-0,015218872569434907	46730	0,087369057227148952
46740	-0,023264469406983512	46740	0,088155392705756508
46750	-0,0305542388285568	46750	0,090234159368236574
46760	-0,033373138574872292	46760	0,10092253659688749
46770	-0,030632563391843604	46770	0,073917538179736716
46780	-0,026938870458467393	46780	0,087353355887432677
46790	-0,017589708913723249	46790	0,092297862490729354
46800	-0,031160522525352105	46800	0,097960349211781469
46810	-0,035129188984487691	46810	0,087815409943389849
46820	-0,02403899986333927	46820	0,073381473835910246
46830	-0,019396843364887058	46830	0,0978371495669883
46840	-0,03437851411734482	46840	0,096051804004745028
46850	-0,027003899944302707	46850	0,086643279672574736
46860	-0,027931953232166455	46860	0,083198541682585156
46870	-0,032958107530122273	46870	0,085947131957427536
46880	-0,031197228234183732	46880	0,0783732212659461
46890	-0,025558190602169056	46890	0,088089567753149869
46900	-0,0055470650266080659	46900	0,091509915296022218
46910	-0,024660023552881841	46910	0,095928298029677936
46920	-0,031713974283828709	46920	0,069385015826816526
46930	-0,023958844170173587	46930	0,07743894056714791
46940	-0,0411006030639237	46940	0,090317912205599829
46950	-0,0269900647145672	46950	0,078082062605879257
46960	-0,027016570747995409	46960	0,07597862492531908
46970	-0,033733336290792483	46970	0,098147978483095408
46980	-0,023321117224756726	46980	0,087817501739639037
46990	-0,028372962654474348	46990	0,0912131080395993
47000	-0,018650764976486517	47000	0,089121171763788851
47010	-0,019427435729823507	47010	0,096014249075724492
47020	-0,026494452905237512	47020	0,089738233885026247
47030	-0,027933222974835942	47030	0,10068961018247262
47040	-0,037027242769413313	47040	0,098538133224551891
47050	-0,011343034788025421	47050	0,066042763016422576
47060	-0,026917144447815827	47060	0,090054477367309343
47070	-0,034299455776344467	47070	0,10180948571877256
47080	-0,025030219676123958	47080	0,084963319673857757
47090	-0,021013524927292773	47090	0,097772486101150691
47100	-0,028662137195927709	47100	0,0825149963854205
47110	-0,022923838037747061	47110	0,09408160382906075
47120	-0,02119529619923036	47120	0,094622447808261539
47130	-0,021962903536145415	47130	0,080915828760733763
47140	-0,02588971397366694	47140	0,088160060534680548
47150	-0,022315659940776948	47150	0,092337802651396211
47160	-0,018323968395922974	47160	0,10434903556061058
47170	-0,019039095116805068	47170	0,084021611013957262
47180	-0,030363082673602479	47180	0,071827011214939937
47190	-0,027584730689649	47190	0,096822567317153913
47200	-0,029583375326980393	47200	0,081299839347767036
47210	-0,01355715590733492	47210	0,098731635105547944
47220	-0,016075399854251809	47220	0,086997619815192356
47230	-0,031766125872263677	47230	0,092414736242409257
47240	-0,034754751054397515	47240	0,096638568263856556
47250	-0,023043456772032695	47250	0,079155167011258062
47260	-0,0335119612959101	47260	0,087342552157683689
47270	-0,031840499178293721	47270	0,079135672290011
47280	-0,041759450360708668	47280	0,084839417552653812
47290	-0,025996943302584122	47290	0,092295890617428239
47300	-0,0150332351473667	47300	0,083138249277923154
47310	-0,022431048688103934	47310	0,086136243112880456
47320	-0,028611688575674987	47320	0,092588920487679818
47330	-0,023118367713753515	47330	0,086077199746431812
47340	-0,035306723943570331	47340	0,099446526320986592
47350	-0,0060474887446234412	47350	0,0833292753849266
47360	-0,017539000443849938	47360	0,0958206087380649
47370	-0,033168752516699741	47370	0,090664419017290429
47380	-0,030783977872910557	47380	0,0850170088139692
47390	-0,029150567512954421	47390	0,093213726424456855
47400	-0,031394646758393416	47400	0,086615043089319749
47410	-0,0346380721318749	47410	0,10074638659093856
47420	-0,023050989855243741	47420	0,0837024286061816
47430	-0,01649763371415245	47430	0,10203699979335477
47440	-0,032563328165690984	47440	0,092067672081084018
47450	-0,011182198870358468	47450	0,089050707944568486
47460	-0,030575484969607793	47460	0,086847730974365267
47470	-0,026425733957005912	47470	0,089973461609437991
47480	-0,020417287609150819	47480	0,090543095002798071
47490	-0,035227872470159696	47490	0,0937068744217157
47500	-0,026783961181254992	47500	0,077148209667128334
47510	-0,029838725670647152	47510	0,097059827468065935
47520	-0,022332993892805748	47520	0,090885474005904923
47530	-0,0014697676657360538	47530	0,078581987857196375
47540	-0,032174219857016455	47540	0,0876533888427678
47550	-0,026852900965756685	47550	0,0913812209562833
47560	-0,019279424606944727	47560	0,090675003537444926
47570	-0,037862978777317	47570	0,086106361786104868
47580	-0,023639765132429172	47580	0,10401720027410909
47590	-0,030080886511109108	47590	0,085507563527538175
47600	-0,032587283532978711	47600	0,071057159821293778
47610	-0,028518297857343597	47610	0,089784974779047941
47620	-0,011488143276188747	47620	0,087728173462882225
47630	-0,037576412889654465	47630	0,0846798141678744
47640	-0,034167117908562541	47640	0,096991852881756921
47650	-0,01987485719404164	47650	0,09471926753235696
47660	-0,033175541721754867	47660	0,077655651929640232
47670	-0,019520749736243629	47670	0,091745496330101026
47680	-0,029162723321000766	47680	0,098952928733638854
47690	-0,029535145118677	47690	0,088010359317694312
47700	-0,019685538746242879	47700	0,08401821556379524
47710	-0,029575847095923428	47710	0,10012187618566594
47720	-0,025664673649308953	47720	0,091477729612966921
47730	-0,023048469881919057	47730	0,09460576225139479
47740	-0,041960941989831239	47740	0,088387792285599731
47750	-0,021739161376574091	47750	0,079902121518115168
47760	-0,036885430317880823	47760	0,081264913486526508
47770	-0,040107594254720311	47770	0,0692678441037306
47780	-0,015863082481067294	47780	0,098874539754693472
47790	-0,019877520968450569	47790	0,092910705172208882
47800	-0,032714103937555528	47800	0,079411743826829251
47810	-0,02825283646217501	47810	0,087086697990649192
47820	-0,02323323033253611	47820	0,0956125308704891
47830	-0,020646800246191244	47830	0,0883890225860178
47840	-0,044195339497272695	47840	0,079079937996511279
47850	-0,019531790716267081	47850	0,10217399481950845
47860	-0,025120649494767344	47860	0,078872518587950149
47870	-0,036540545921576295	47870	0,081098947708869148
47880	-0,0054462148642448263	47880	0,0862197616737994
47890	-0,0349715324023873	47890	0,10116884361027111
47900	-0,030611022065384932	47900	0,098383380657148314
47910	-0,046299645593934687	47910	0,088264817440342785
47920	-0,023844791949057365	47920	0,094790570173047484
47930	-0,017656836348937568	47930	0,10367017273718292
47940	-0,0340783936165445	47940	0,091073266217958637
47950	-0,017453049131567703	47950	0,075839942531877258
47960	-0,018372001561963763	47960	0,1017564528062653
47970	-0,021198047146125196	47970	0,09088532703927675
47980	-0,023160843374080097	47980	0,07962849993776823
47990	-0,031028724568877713	47990	0,087123184837029438
48000	-0,0260699067703494	48000	0,080395161105314764
48010	-0,043898683138648927	48010	0,097368168768249649
48020	-0,02581899622205135	48020	0,10008528411652777
48030	-0,025561646591070863	48030	0,086184038655653827
48040	-0,032921456822568036	48040	0,0979921616788174
48050	-0,013754566541309908	48050	0,085462720044363213
48060	-0,029923482947381189	48060	0,099501429560840432
48070	-0,022143085188851511	48070	0,077320330801576326
48080	-0,031910980111219116	48080	0,0896931566016945
48090	-0,030599494455489394	48090	0,10299812171932642
48100	-0,028116940863040129	48100	0,091321759578381054
48110	-0,031147542253408447	48110	0,077495159383012088
48120	-0,02230115913652848	48120	0,10390576367846204
48130	-0,022427609902994524	48130	0,083229326543796028
48140	-0,029910267799462126	48140	0,08485296936368622
48150	-0,022716046299932437	48150	0,092180640486811086
48160	-0,040607444841762361	48160	0,081742122257371375
48170	-0,01854662290360878	48170	0,086587031388449892
48180	-0,021107125580073795	48180	0,081044808562537526
48190	-0,022178043043363981	48190	0,093913847601938591
48200	-0,016897641874237573	48200	0,081587101814089236
48210	-0,028114157730728857	48210	0,098139165871268044
48220	-0,019281371989405098	48220	0,092028614636058326
48230	-0,02707102806574856	48230	0,075612832557239593
48240	-0,02249433649957502	48240	0,094788388544064864
48250	-0,022848225826406884	48250	0,069330591002129335
48260	-0,032790050580513784	48260	0,088601866750382632
48270	-0,025081016141349732	48270	0,10356794965370313
48280	-0,032518841224969931	48280	0,097069511755419113
48290	-0,03814942150371408	48290	0,087877645034794574
48300	-0,028947615922955191	48300	0,081335054519622849
48310	-0,026256522741913833	48310	0,082372989443464148
48320	-0,021652055388002831	48320	0,092625350644459578
48330	-0,026760673641946682	48330	0,096327213137462286
48340	-0,03665709397423781	48340	0,07818472036232621
48350	0,001876401417091065	48350	0,07511172227428814
48360	-0,0326855934462932	48360	0,085909549350081563
48370	-0,025243780512567142	48370	0,085818031182131854
48380	-0,037500797627316847	48380	0,082508317720573085
48390	-0,031329298745269019	48390	0,088011842253345837
48400	-0,0320439443311872	48400	0,077456185693588031
48410	-0,032526283423013148	48410	0,10736019190440221
48420	-0,020421287482329027	48420	0,083761135422099661
48430	-0,038583912552714643	48430	0,096028431508237089
48440	-0,031503090120652728	48440	0,082332120518658417
48450	-0,014688986565647964	48450	0,074076252525109035
48460	-0,033472820721187853	48460	0,086929871118103824
48470	-0,037366060777354805	48470	0,0858469832641624
48480	-0,019505639497237097	48480	0,087186054927123682
48490	-0,012467311474791477	48490	0,09288122071243575
48500	-0,0208264393692548	48500	0,086257769168613441
48510	-0,033284237299351642	48510	0,095296193276610291
48520	-0,029522368335882537	48520	0,080601680541894788
48530	-0,01624885822631562	48530	0,092688889346496092
48540	-0,026752246885185373	48540	0,0873628490626361
48550	-0,027220949660093127	48550	0,080423879868384632
48560	-0,039225929657245112	48560	0,091315559724133633
48570	-0,031258221805035943	48570	0,07760628203090042
48580	-0,010697031061853369	48580	0,082502997477220619
48590	-0,029962017558499768	48590	0,080723817718691721
48600	-0,029481506153410105	48600	0,089928037512803635
48610	-0,02038992214807547	48610	0,10380385721780708
48620	-0,021846829728131231	48620	0,086192711762146629
48630	-0,027387293744505839	48630	0,0981018392725987
48640	-0,034609488481887239	48640	0,079972444515594862
48650	-0,030475906071267808	48650	0,096601463744502375
48660	-0,032246116038022778	48660	0,10333196189791273
48670	-0,04521922451809747	48670	0,087847543935490616
48680	-0,023835625040040363	48680	0,084858425340923416
48690	-0,024333846323675055	48690	0,094883824776335349
48700	-0,032005872882947935	48700	0,089521353670146311
48710	-0,024032334782972169	48710	0,091793866670982077
48720	-0,020011924815135605	48720	0,10230305580258527
48730	-0,023335126673236568	48730	0,096579855616269666
48740	-0,033528738244804929	48740	0,078781030501913749
48750	-0,02175387409130557	48750	0,09444551322008797
48760	-0,026794786095371309	48760	0,081294442948506615
48770	-0,025999350787682052	48770	0,08470537432021763
48780	-0,012327347887090768	48780	0,093459099360048939
48790	-0,033944485984018356	48790	0,0929334101651336
48800	-0,012996561215079647	48800	0,079597376108601833
48810	-0,031696531814814272	48810	0,091662084624995269
48820	-0,030761855305299107	48820	0,091081988297474145
48830	-0,036002349006832461	48830	0,081059971723852417
48840	-0,048155800357323586	48840	0,084281723673541087
48850	-0,02140382051350654	48850	0,092461775087287076
48860	-0,022821322359179462	48860	0,09057479187935967
48870	-0,032613214292964918	48870	0,077773592355745658
48880	-0,029790542331454957	48880	0,087789305597183426
48890	-0,036306637337381271	48890	0,075912927815024234
48900	-0,023996165073338679	48900	0,094192735415858583
48910	-0,035904411753336335	48910	0,0923015131642823
48920	-0,022636761632171792	48920	0,10243805916160033
48930	-0,032444061295466876	48930	0,089104909621534931
48940	-0,02933941145482491	48940	0,081832750440558114
48950	-0,021986399925350619	48950	0,086964916556915184
48960	-0,032370122438039439	48960	0,096502324443433249
48970	-0,021496036782939043	48970	0,0736277780248997
48980	-0,023457896538359835	48980	0,071979139799937156
48990	-0,040968039618695884	48990	0,085109322788363959
49000	-0,0083164586823781632	49000	0,093867545142057654
49010	-0,034605446321898069	49010	0,089195478559989924
49020	-0,034614706017488908	49020	0,085717225756548457
49030	-0,022015714407760602	49030	0,079505879517235
49040	-0,035370496124749067	49040	0,098733476774174489
49050	-0,02611292438465268	49050	0,083844997529827575
49060	-0,033920426895109157	49060	0,067504837604750081
49070	-0,024438870826542593	49070	0,089703549740817554
49080	-0,012612796924679582	49080	0,091914166092553387
49090	-0,032942091858218017	49090	0,098904743223080488
49100	-0,021243143917777981	49100	0,063510475390575888
49110	-0,029255375957942371	49110	0,095489754936577312
49120	-0,030938922669847123	49120	0,085951247462793159
49130	-0,018509121037205731	49130	0,085854614474231178
49140	-0,030234788371821079	49140	0,072935834888690876
49150	-0,02411557952272576	49150	0,077575963449875648
49160	-0,023287000893127751	49160	0,09159830478202502
49170	-0,025001403542414827	49170	0,091879773196620232
49180	-0,02109560755677134	49180	0,075590503010937365
49190	-0,035897663639947952	49190	0,079235283288936115
49200	-0,025732582455604131	49200	0,10391103900825385
49210	-0,0266315154246829	49210	0,092558574155549023
49220	-0,022540453269890605	49220	0,092738088075356509
49230	-0,023224188386350368	49230	0,07839623214747897
49240	-0,041726834470394589	49240	0,097417225605564178
49250	-0,01154778725260271	49250	0,0880937977778099
49260	-0,028133718415092053	49260	0,080487306492274716
49270	-0,031022518653474988	49270	0,076963746088462917
49280	-0,021671515482563106	49280	0,094650651987419288
49290	-0,038031147319931735	49290	0,080265228868043326
49300	-0,019409426257606704	49300	0,088664265623467575
49310	-0,014111301012448901	49310	0,082792396538360957
49320	-0,015055974450641996	49320	0,074902506300949578
49330	-0,030071089520191576	49330	0,097267298287893045
49340	-0,0286950266864636	49340	0,099145526065039222
49350	-0,02821166571032524	49350	0,081063955680295258
49360	-0,035343173903033043	49360	0,078176248932790182
49370	-0,022241832732167403	49370	0,087341182278625279
49380	-0,012432966986907922	49380	0,095161720468243116
49390	-0,02200407763508486	49390	0,0850782187313721
49400	-0,015624600906613939	49400	0,081573927000425858
49410	-0,031109569201759953	49410	0,090421801139196678
49420	-0,025616231340515338	49420	0,0913695706535386
49430	-0,039947139842865347	49430	0,079048070700583062
49440	-0,030633014298108451	49440	0,0992949362721096
49450	-0,012508101411018342	49450	0,084673467002654185
49460	-0,015343726566852034	49460	0,0953912760329246
49470	-0,02082838560214037	49470	0,086150341960709254
49480	-0,019134979347250718	49480	0,090290168965329848
49490	-0,02660602589504962	49490	0,081143247682459188
49500	-0,015545604949499406	49500	0,081111591834866575
49510	-0,036751644099112246	49510	0,096471669625597556
49520	-0,019067034485897749	49520	0,096259359049939791
49530	-0,030517335698188104	49530	0,084423765360386718
49540	-0,026294041872349766	49540	0,087185797995471742
49550	-0,017989800416606565	49550	0,076186077007894218
49560	-0,029685692344818836	49560	0,094946921050295938
49570	-0,025037475428836629	49570	0,09381049060674343
49580	-0,0347365051430029	49580	0,08776166861843579
49590	-0,033345833107028267	49590	0,0931794064965169
49600	-0,027758859161215663	49600	0,077838750758940284
49610	-0,033861151854180989	49610	0,095642628253021028
49620	-0,023499778588865382	49620	0,088984800240607412
49630	-0,022184219474739638	49630	0,080094673463265931
49640	-0,027339335277853729	49640	0,10287142700853443
49650	-0,021646561446188057	49650	0,074188770403198392
49660	-0,020064254131263781	49660	0,077441146989812776
49670	-0,0077968483466829544	49670	0,086145341517876589
49680	-0,00826961271672697	49680	0,094529638637769045
49690	-0,025065772171256911	49690	0,10359737878932436
49700	-0,023289992662665553	49700	0,069599121068576353
49710	-0,025582875019781362	49710	0,0901820052512693
49720	-0,014989841134921455	49720	0,0782389610146669
49730	-0,017467293381041086	49730	0,080719604735010775
49740	-0,028121245358369549	49740	0,089708485598729154
49750	-0,033590108764099194	49750	0,086067179050406811
49760	-0,0329173217518652	49760	0,080341947153630758
49770	-0,026702147415642991	49770	0,10840907391189728
49780	-0,028011923102288245	49780	0,075115436586119452
49790	-0,028209078915665528	49790	0,089019501021518038
49800	-0,018596619789076459	49800	0,088769733086664179
49810	-0,031947984049965232	49810	0,084883029124989726
49820	-0,031501912347483896	49820	0,097905789014049338
49830	-0,01920234651004386	49830	0,078364630313269623
49840	-0,024063241234404294	49840	0,098498587237684468
49850	-0,023310525646833002	49850	0,088734364595040763
49860	-0,041922106471154116	49860	0,084455782439364843
49870	-0,016762524355636837	49870	0,082288030321432754
49880	-0,020034463524782862	49880	0,093000407621553455
49890	-0,029057191495159909	49890	0,0876371267500752
49900	-0,016800649102994471	49900	0,080325001421489267
49910	-0,013953471610440537	49910	0,091105303615228242
49920	-0,026802057542388586	49920	0,10364768824566344
49930	-0,034293348492380173	49930	0,085168146590242938
49940	-0,032766486566954925	49940	0,082922120017000542
49950	-0,0055408562588180306	49950	0,0789269683174495
49960	-0,020803260329495626	49960	0,0945004334696091
49970	-0,018644113497075405	49970	0,090773788585773937
49980	-0,036346913983478869	49980	0,090342364826812585
49990	-0,0351786961820031	49990	0,090094980753200687
50000	-0,010584362950768511	50000	0,08038165223301405
50010	-0,021768540034574017	50010	0,0764986223072523
50020	-0,024118165575723372	50020	0,1118001576132613
50030	-0,044203673511781942	50030	0,085338981115589629
50040	-0,015231626639039996	50040	0,088830439554102233
50050	-0,034508429809489337	50050	0,084950032542724249
50060	-0,029446089718997093	50060	0,086594886358776046
50070	-0,027687215720713306	50070	0,090741430807491627
50080	-0,032186113261478431	50080	0,079581576471543472
50090	-0,0261774326836045	50090	0,0939823172996317
50100	-0,016073786105984797	50100	0,10012003999014107
50110	-0,036579405949587057	50110	0,10394658046644216
50120	-0,025925244990371771	50120	0,094232755522452707
50130	-0,023214914834763685	50130	0,082103129584982823
50140	-0,028377611616456709	50140	0,092084193083825275
50150	-0,019885810399677569	50150	0,094466059813109821
50160	-0,031064752204154708	50160	0,086214155675751289
50170	-0,025971900986678755	50170	0,084462228499133971
50180	-0,031326897435648857	50180	0,095973736652353564
50190	-0,036687018616475726	50190	0,099665220488591888
50200	-0,026937393958733964	50200	0,082781985610314232
50210	-0,028480378190875698	50210	0,085329304906725023
50220	-0,02241229197943884	50220	0,097641970206731765
50230	-0,032017413667911429	50230	0,089697600592623467
50240	-0,027384116958032431	50240	0,084377754893294937
50250	-0,018284429755465407	50250	0,081691491395734978
50260	-0,030241847135705449	50260	0,0881919403974029
50270	-0,032606035921195313	50270	0,096119584847767572
50280	-0,03216407223942138	50280	0,0761660425660542
50290	-0,027234611393821176	50290	0,093024937933943452
50300	-0,024831822167432613	50300	0,091531670176225127
50310	-0,030265449120572416	50310	0,074547913380998185
50320	-0,037226079738406623	50320	0,088553278604819111
50330	-0,028750006577749312	50330	0,072871513542293
50340	-0,036707654222748604	50340	0,09029139131280646
50350	-0,026322096100224249	50350	0,082960017432072153
50360	-0,025484653336379205	50360	0,097368558713141984
50370	-0,014519478098062182	50370	0,10793119557419924
50380	-0,033471578661075849	50380	0,0724715447630341
50390	-0,039160776164127963	50390	0,0714205741768367
50400	-0,033343612721545152	50400	0,086036689208228323
50410	-0,028270497370090821	50410	0,07605472754342428
50420	-0,019081269307866276	50420	0,08670883704459155
50430	-0,031703686517404163	50430	0,090879534406004325
50440	-0,02868426271094918	50440	0,087319549519260534
50450	-0,011324440259019243	50450	0,080740480553418453
50460	-0,030938697085786265	50460	0,09554838549692321
50470	-0,032475935274300656	50470	0,086401447204936518
50480	-0,04534061116026912	50480	0,090494520428136882
50490	-0,03301628121260098	50490	0,085974916645752186
50500	-0,018318598151196342	50500	0,0924447417785448
50510	-0,037623563095934655	50510	0,099932965273995616
50520	-0,028688172170415676	50520	0,072505344410133218
50530	-0,0036195428147995615	50530	0,084411963409679686
50540	-0,0326398554039947	50540	0,0891472115440184
50550	-0,02678847927667356	50550	0,088638114387148387
50560	-0,034005525449638162	50560	0,086962400118628547
50570	-0,02303696828502402	50570	0,077250120093539584
50580	-0,025406038866680598	50580	0,079191577514778441
50590	-0,036741344047645626	50590	0,086275459061241663
50600	-0,014811017861425326	50600	0,096413281813508639
50610	-0,032090281879336706	50610	0,081595084734098086
50620	-0,010528144460305859	50620	0,078772203092628848
50630	-0,039002860700823976	50630	0,085798601143993333
50640	-0,023848940263372975	50640	0,10019675950691188
50650	-0,024870351484134912	50650	0,085109374083526645
50660	-0,029612464791657162	50660	0,078044411925863144
50670	-0,036428710073049854	50670	0,11440925343561553
50680	-0,016659714646306577	50680	0,063666103302330634
50690	-0,012986835457494309	50690	0,088568370775917962
50700	-0,01005533779561806	50700	0,096466625398101941
50710	-0,033594967326836672	50710	0,089343846576191085
50720	-0,020575901501227716	50720	0,093600781180778372
50730	-0,015958536016573013	50730	0,096296108779490366
50740	-0,033697439470122006	50740	0,085475061929135
50750	-0,016944909853798217	50750	0,074679622431049017
50760	-0,02925148862955523	50760	0,094632525084624636
50770	-0,028996086558434088	50770	0,081432347622934026
50780	-0,023524696839701213	50780	0,080272673159190455
50790	-0,028481915106058	50790	0,07791239233483277
50800	-0,035895874135236851	50800	0,086479649891828755
50810	-0,025260046908339079	50810	0,098143681356814158
50820	-0,015822570631791131	50820	0,089808543758995135
50830	-0,028294585899529868	50830	0,09220587005471724
50840	-0,028543015616592931	50840	0,0936536281815551
50850	-0,018386800092665564	50850	0,07615572512925288
50860	-0,027422170268596835	50860	0,07882038390443448
50870	-0,026873286280157817	50870	0,093739640738501426
50880	-0,02568395645780874	50880	0,091703852700334931
50890	-0,022164840717768596	50890	0,088964228404475293
50900	-0,02359100768048376	50900	0,0618677856538032
50910	-0,042197857927973891	50910	0,099164721413775872
50920	-0,02240608210062929	50920	0,084930158674043785
50930	-0,019567288576025802	50930	0,074792699245284922
50940	-0,032284595042821822	50940	0,0992166679120862
50950	-0,023640214887143775	50950	0,0874525098751014
50960	-0,02361126665202196	50960	0,092602506034078449
50970	-0,039062027763948473	50970	0,076433982538233122
50980	-0,017554192641269326	50980	0,090260108213720436
50990	-0,04032018843425924	50990	0,089941346779885828
51000	-0,020289085616419313	51000	0,0900615291555944
51010	-0,027649866842280768	51010	0,083475328182332872
51020	-0,023952593259286337	51020	0,079340141544251147
51030	-0,020035488237785223	51030	0,088246270676997571
51040	-0,027749350953282348	51040	0,091068613248298458
51050	-0,019860251009349333	51050	0,078784504743256017
51060	-0,035325390582826015	51060	0,097520642410719283
51070	-0,023377029706486474	51070	0,0832651335377234
51080	-0,018463150009127915	51080	0,094284789743289271
51090	-0,034308671791984026	51090	0,10255641918682017
51100	-0,027770971771546544	51100	0,068161553357448945
51110	-0,039365956972716269	51110	0,090130791010977276
51120	-0,02767842531348744	51120	0,095201550098387017
51130	-0,0262624734824657	51130	0,077087203173160285
51140	-0,039747443754424794	51140	0,069901690607389821
51150	-0,032599242636496231	51150	0,074705667750026877
51160	-0,012407547033102914	51160	0,094005064958602461
51170	-0,031567683811555738	51170	0,085494295848253063
51180	-0,029897649726033166	51180	0,092020859295481691
51190	-0,034988454840218786	51190	0,09550225998992759
51200	-0,022327614325516824	51200	0,077098768853732763
51210	-0,031914950880026625	51210	0,096011197668980156
51220	-0,034260577480321859	51220	0,076328184320903825
51230	-0,016304310262373251	51230	0,0895936549455021
51240	-0,023480910721588574	51240	0,10057806366289415
51250	-0,025455856271240997	51250	0,071420657830580145
51260	-0,022882858741138861	51260	0,11048650240695322
51270	-0,023260420397970688	51270	0,08215873840016541
51280	-0,045570486463239274	51280	0,081926227621054143
51290	-0,030888150292629139	51290	0,088305184275978763
51300	-0,012847829481388465	51300	0,084297327539894953
51310	-0,025021845181268862	51310	0,092670966446691816
51320	-0,024305985299505287	51320	0,082572417631103331
51330	-0,016356398269803136	51330	0,079929674560100528
51340	-0,027213791685773425	51340	0,08255723058336345
51350	-0,030341214428148123	51350	0,072089282552283931
51360	-0,015595484959973573	51360	0,094921425215949956
51370	-0,028751755882075389	51370	0,0780327548445266
51380	-0,0337437336320122	51380	0,085551514569535692
51390	-0,032460266415591084	51390	0,10746990854525136
51400	-0,015837488707792145	51400	0,0806957487863661
51410	-0,029671351733310303	51410	0,091283891807053333
51420	-0,025069775713882334	51420	0,091599341164083178
51430	-0,029292537000785549	51430	0,077634032368497058
51440	-0,040578075927414636	51440	0,082795308001841844
51450	-0,013618152369922316	51450	0,0800861779068755
51460	-0,027388153629174843	51460	0,098733095146209773
51470	-0,022070906518465789	51470	0,089822266220173946
51480	-0,03305322786383285	51480	0,0707634624003579
51490	-0,033121813706145219	51490	0,09054764359811783
51500	-0,03196094111770556	51500	0,0790685689742255
51510	-0,02012754119253948	51510	0,090674148500870119
51520	-0,031373016252869208	51520	0,098591856640510914
51530	-0,031514216939612025	51530	0,083849460196440032
51540	-0,02724544003936711	51540	0,076282637031510572
51550	-0,031865273583900865	51550	0,091147001621730075
51560	-0,031769630909595385	51560	0,099972486519671833
51570	-0,028802188407722647	51570	0,084483700181024787
51580	-0,02981779973403496	51580	0,075157787292237974
51590	-0,035527647921165695	51590	0,081887939391086878
51600	-0,020671361255569416	51600	0,0881204078824883
51610	-0,043529228878463333	51610	0,0867841317910884
51620	-0,029889040901220486	51620	0,083864706704807182
51630	-0,04213102792964285	51630	0,092486990376501141
51640	-0,017718391460828802	51640	0,089814781815051717
51650	-0,01023233296217765	51650	0,070480049838921185
51660	-0,031827647679499034	51660	0,089304749474841363
51670	-0,033352684791784423	51670	0,075172089726227839
51680	-0,027947848375726121	51680	0,08643611154546374
51690	-0,023502207449940752	51690	0,082514442589982709
51700	-0,015712323820815277	51700	0,0829259197786295
51710	-0,035893114476072262	51710	0,081983338535445219
51720	-0,019447367208416375	51720	0,092576031180649054
51730	-0,024325302321446817	51730	0,089031910802342379
51740	-0,027910119667689977	51740	0,092487938690106575
51750	-0,020040028449586678	51750	0,085986919150893626
51760	-0,025136061920874142	51760	0,094507596378196168
51770	-0,022233263874879543	51770	0,088464887098888376
51780	-0,026802379826158712	51780	0,076143013012968386
51790	-0,02439366826407649	51790	0,10172777375322738
51800	-0,033960479820863	51800	0,071156311175262332
51810	-0,034620465852732464	51810	0,090245137901372577
51820	-0,022134905534862137	51820	0,094485916664918984
51830	-0,029736407417773083	51830	0,0917794019462181
51840	-0,030308289411040173	51840	0,076436348426552017
51850	-0,023612330238708009	51850	0,0849216425545909
51860	-0,032894633299414486	51860	0,086655180536545112
51870	-0,035944541376402489	51870	0,1001228911054127
51880	-0,0323788456822114	51880	0,077629168750165331
51890	-0,028349485738767503	51890	0,089812921212439278
51900	-0,03880589319004879	51900	0,068480945503547441
51910	-0,030926863138803107	51910	0,085334502833785
51920	-0,014878285063563812	51920	0,09638863680828752
51930	-0,0294630734883894	51930	0,089932849168586043
51940	-0,0453657337035636	51940	0,0841794805623557
51950	-0,013007504861783332	51950	0,086176831861421069
51960	-0,034761139427838976	51960	0,0853740634646259
51970	-0,025775374755799912	51970	0,093362899138676847
51980	-0,028171989635350177	51980	0,086673531499024348
51990	-0,020140755653528485	51990	0,087746187856108659
52000	-0,016210260330856645	52000	0,0697443308764315
52010	-0,022803051434289158	52010	0,086120664590390555
52020	-0,024948960055559823	52020	0,090605714301851478
52030	-0,033588548779175831	52030	0,084181610063105
52040	-0,026475713616082159	52040	0,0833051720204144
52050	-0,025632316745279667	52050	0,083139453542047576
52060	-0,025450381557109578	52060	0,098947297779085813
52070	-0,022493502616792439	52070	0,078157940194615291
52080	-0,028884523378778656	52080	0,0808719919144175
52090	-0,024414030762194859	52090	0,09337809762923624
52100	-0,027697376854916952	52100	0,10049311484439637
52110	-0,045124723775676487	52110	0,081850331584837149
52120	-0,029828127671648573	52120	0,076443945563185275
52130	-0,034830429801208582	52130	0,070256090964456383
52140	-0,02070509682132049	52140	0,10895687387790966
52150	-0,013213735619142629	52150	0,087330107546429031
52160	-0,023803451969559405	52160	0,10333745345823556
52170	-0,031567404859597352	52170	0,07614703374571638
52180	-0,017744638000479429	52180	0,083063944191767117
52190	-0,037192135009050359	52190	0,099785221140463384
52200	-0,027247292914931311	52200	0,087257120754694509
52210	-0,034771025273216752	52210	0,075790489509977646
52220	-0,028706083571908375	52220	0,099698416221888575
52230	-0,020589979003601558	52230	0,075950877460567875
52240	-0,033160195879828006	52240	0,096777747313110507
52250	-0,023719040596984587	52250	0,079604530317297209
52260	-0,033445706413335934	52260	0,087375680016743576
52270	-0,034621027854270375	52270	0,07859103526834639
52280	-0,01676958172901994	52280	0,10050322302073228
52290	-0,03203678792573892	52290	0,087002381704644485
52300	-0,02068754150891991	52300	0,083716971362846046
52310	-0,022681122723586279	52310	0,081486964971269629
52320	-0,032059653100293385	52320	0,073138117887475235
52330	-0,024569597872239814	52330	0,084737654021977124
52340	-0,029509293976439224	52340	0,093801895685989928
52350	-0,012945155669916943	52350	0,076016583655231423
52360	-0,037557240874470994	52360	0,090251421115848038
52370	-0,00792089647626721	52370	0,087073646946095373
52380	-0,016848279817626381	52380	0,089568687393751165
52390	-0,033710766374562308	52390	0,091913714392522952
52400	-0,016743014105010626	52400	0,0921432089716626
52410	-0,037667089422683118	52410	0,094046938855307585
52420	-0,033460953134450126	52420	0,081218840865748571
52430	-0,046633216556724172	52430	0,077036709167524545
52440	-0,014754599996912943	52440	0,10551553594593315
52450	-0,021082510595117631	52450	0,14157811671459131
52460	-0,042407957844214382	52460	0,22339116885888793
52470	-0,015644239767212454	52470	0,28266891164676267
52480	-0,014044255750521281	52480	0,35956566248791572
52490	-0,028533587151961526	52490	0,44478946494026789
52500	-0,019609691708388471	52500	0,46781552723814473
52510	-0,0065833305913832541	52510	0,47011470770601932
52520	0,016453888413880687	52520	0,42378618829188713
52530	0,016164013857212244	52530	0,46534045443920291
52540	-0,0065127262485877337	52540	0,45061587689558513
52550	-0,022684288253175637	52550	0,273052869462329
52560	-0,037984417232665296	52560	0,3481311507703872
52570	-0,074234258396108033	52570	0,47760458627496438
52580	0,019049213893315518	52580	0,056882635410163772
52590	-0,052332921770318973	52590	-0,22094874793288907
52600	-0,12366572338073034	52600	-0,4598914018894022
52610	-0,044823248356964614	52610	-0,46429976343399154
52620	-0,12241249192461601	52620	-0,049602875413650341
52630	0,12625829456420637	52630	-0,569499688759895
52640	-0,16302965898396485	52640	-0,33986529775984048
52650	0,060423060648008939	52650	-0,53715258862833348
52660	-0,07714335109130091	52660	0,010920709443275365
52670	0,1118843707472589	52670	-0,321851058004336
52680	0,027102968073693421	52680	-0,43241486219885988
52690	-0,059857084565261183	52690	-0,40683333322900256
52700	-0,028609554188967122	52700	-0,32898995871671821
52710	-0,10844638497009014	52710	-0,021264059550860862
52720	-0,024523481882781986	52720	-0,26015328108762414
52730	-0,021408857024432053	52730	-0,38862269885120093
52740	-0,042071198976416965	52740	-0,34991727549545726
52750	-0,07904457508355818	52750	-0,33826523850386719
52760	-0,015623808586225522	52760	-0,22650755096889813
52770	-0,03293199094467171	52770	-0,074402500791629092
52780	-0,011457584343170405	52780	0,061691719042027249
52790	0,0075258704000074287	52790	0,24316641259176167
52800	0,022558229377142018	52800	0,33363776995932359
52810	-0,00032332712945486256	52810	0,39501764520679883
52820	-0,01119522458223291	52820	0,424365186296871
52830	-0,022584407054107629	52830	0,43429810257035439
52840	-0,051110402530430331	52840	0,45262209071270776
52850	-0,02875719468567731	52850	0,44840421120700091
52860	-0,045273017216698512	52860	0,44246240704639184
52870	-0,064764549768091276	52870	0,41563353523948482
52880	-0,035269465790143326	52880	0,36102415654998427
52890	-0,037448976821336383	52890	0,31751547858992346
52900	-0,019582549731008723	52900	0,25523594414512457
52910	-0,022811695028726573	52910	0,20851693511245398
52920	-0,014376901560467099	52920	0,16028234641341196
52930	-0,017190686585620223	52930	0,13372578071147603
52940	-0,019509029600108661	52940	0,10879982864119173
52950	-0,020521009190183896	52950	0,10177702820363223
52960	-0,013258201357648653	52960	0,11720616433141914
52970	-0,055109961291199522	52970	0,1155101048950974
52980	-0,0049650723151356563	52980	0,11950912768920932
52990	-0,034582428876105117	52990	0,11138156065867602
53000	-0,031443102351206655	53000	0,10673963656778635
53010	-0,044187255014001725	53010	0,11065924555750252
53020	-0,03223974387294562	53020	0,10673857623838583
53030	-0,018207518664975653	53030	0,088151398257210412
53040	-0,016992866183711704	53040	0,1052032815766534
53050	-0,033544159867129109	53050	0,082634416768819718
53060	-0,0220749720441381	53060	0,095765719004602984
53070	-0,03356646420080682	53070	0,087882473684909451
53080	-0,01530225134412515	53080	0,082176457802706854
53090	-0,014750021925846226	53090	0,093486911444002008
53100	-0,036485010433646742	53100	0,0793939382203644
53110	-0,019734521482260632	53110	0,0920005460422793
53120	-0,013333967142587297	53120	0,094186166110335534
53130	-0,026809083981499154	53130	0,10110302499594166
53140	-0,033438595169374932	53140	0,086063691828888525
53150	-0,036393257001926353	53150	0,10435106531098261
53160	-0,035501181224198208	53160	0,091585807619181253
53170	-0,025980803628444554	53170	0,0883682867643525
53180	-0,023960718198940346	53180	0,094012520908536554
53190	-0,029040823149768087	53190	0,090095215553532421
53200	-0,027090584901317719	53200	0,08010479467195962
53210	-0,021156670752797476	53210	0,077851066581945419
53220	-0,031042944111145304	53220	0,0910196975518862
53230	-0,019802175269537758	53230	0,099436161273817977
53240	-0,019589845631869562	53240	0,089955388594979258
53250	-0,026465271082214529	53250	0,082327056415967645
53260	-0,048209525952769956	53260	0,090724360400239692
53270	-0,015398088806033002	53270	0,0935322922821923
53280	-0,036997030269717915	53280	0,085272990393493384
53290	-0,021657885123614575	53290	0,095967698480425773
53300	-0,015743326484924783	53300	0,084090861891366137
53310	-0,020915403541831273	53310	0,0880855661650472
53320	-0,015614258743869519	53320	0,076333052080142044
53330	-0,025675801439666027	53330	0,0793279789149708
53340	-0,035420734750130051	53340	0,10959385791367854
53350	-0,021790785846136574	53350	0,091421282601518411
53360	-0,021367258687391356	53360	0,099194343067106658
53370	-0,016128054063600142	53370	0,083448878410152125
53380	-0,023306340612177744	53380	0,0842636973691234
53390	-0,042123482279054977	53390	0,095454816353043
53400	-0,018252310084739293	53400	0,096044375651487032
53410	-0,023356593363643541	53410	0,095565930293334184
53420	-0,013134064050650414	53420	0,07730944395023373
53430	-0,030839003439793518	53430	0,0839946675889866
53440	-0,027302902885201808	53440	0,1021483934727677
53450	-0,028782312334230311	53450	0,085414759702641924
53460	-0,016224095642209526	53460	0,0844616176918251
53470	-0,040814836338474617	53470	0,077448448420443392
53480	-0,020674522956871094	53480	0,092284875497803787
53490	-0,031361386688199468	53490	0,093500595312932089
53500	-0,037921686367104024	53500	0,086044909868975741
53510	-0,026293593368362619	53510	0,093214399259123809
53520	-0,018944741085662964	53520	0,083747147718301287
53530	-0,02841619882061729	53530	0,08626068917708607
53540	-0,027514323628113225	53540	0,0814618133178529
53550	-0,010294983904964613	53550	0,074221205900288439
53560	-0,030785084259175782	53560	0,088910624030659316
53570	-0,034308311250414877	53570	0,0863601582134
53580	-0,025199170943509531	53580	0,093167061470739151
53590	-0,037445140153861842	53590	0,089328198752338078
53600	-0,017954178258001607	53600	0,081118939510786553
53610	-0,032289345696050527	53610	0,092756365894731879
53620	-0,034159606576303125	53620	0,0804604696062315
53630	-0,02985005398484096	53630	0,082801888909499063
53640	-0,013962661144382809	53640	0,093849126990227669
53650	-0,019979794556083424	53650	0,089044512429737169
53660	-0,012752895325801877	53660	0,0911291766057476
53670	-0,034983773379877695	53670	0,09186378742604448
53680	-0,021053074927761997	53680	0,087118078604572033
53690	-0,033259682019015122	53690	0,090273686587302865
53700	-0,025750854476197821	53700	0,090836039853829612
53710	-0,025029767775536175	53710	0,097190006032313855
53720	-0,012652855409491711	53720	0,068703346701216791
53730	-0,0247177888199371	53730	0,089231045092034736
53740	-0,027439369776574577	53740	0,091816574017186015
53750	-0,020403791050753649	53750	0,086540645017679232
53760	-0,025003217054504402	53760	0,094827997716261492
53770	-0,037154090321162021	53770	0,0846797816249587
53780	-0,025883479944268574	53780	0,0943164212949444
53790	-0,041674477002635421	53790	0,087683622799033439
53800	-0,033650157399011359	53800	0,10347519684652333
53810	-0,034481401341408029	53810	0,091268853753155757
53820	-0,0091990897021081847	53820	0,089881655263420956
53830	-0,034389493231765177	53830	0,09225857578366925
53840	-0,01371188138109871	53840	0,077631010454849811
53850	-0,025886761946078928	53850	0,092784914128626508
53860	-0,012336388542466223	53860	0,084304161727999927
53870	-0,013281759054981209	53870	0,092112602816430092
53880	-0,029228337787218728	53880	0,091791656003661667
53890	-0,040492524191622518	53890	0,098950983789386868
53900	-0,030422412461047144	53900	0,098285483473308413
53910	-0,035770084484507546	53910	0,082276811675558781
53920	-0,02946443009187601	53920	0,08583290579645958
53930	-0,012386703160275337	53930	0,087592757086176878
53940	-0,023240649618018128	53940	0,0851642621067793
53950	-0,0170403954046676	53950	0,086299865878088966
53960	-0,027700530074059426	53960	0,085708251648252923
53970	-0,027992988248824076	53970	0,080752586462198434
53980	-0,023687824372779356	53980	0,098977143655567271
53990	-0,04871252216002997	53990	0,077758343764745039
54000	-0,023448059175305052	54000	0,087728733398178466
54010	-0,019454644305193454	54010	0,08235325700839001
54020	-0,030420282592597565	54020	0,081229914424229888
54030	-0,036771128265433245	54030	0,091801230244012821
54040	-0,024244070504461084	54040	0,093134549967615443
54050	-0,00892992185700764	54050	0,072665490311771344
54060	-0,016374674372165006	54060	0,084617391223732449
54070	-0,038090800541707541	54070	0,086134678290728892
54080	-0,0321966269846315	54080	0,089314091461938971
54090	-0,023840860994575108	54090	0,092515896143070417
54100	-0,025449777213825953	54100	0,073383972228772312
54110	-0,020269444509835938	54110	0,10309862376394845
54120	-0,050320621676872526	54120	0,08542030248519758
54130	-0,02153285147433702	54130	0,095618675814175769
54140	-0,0191268003170674	54140	0,075786077335020824
54150	-0,040229070594964354	54150	0,065776030315496087
54160	-0,020231581756654234	54160	0,096490654856891872
54170	-0,024744827391526905	54170	0,085435419350820441
54180	-0,015309517914369087	54180	0,094089916709574076
54190	-0,038225847078298382	54190	0,087737677414163953
54200	-0,0289016561039221	54200	0,10421793186343582
54210	-0,013871726647965854	54210	0,080861552634067885
54220	-0,012172112243275825	54220	0,091584974322023227
54230	-0,024707051268879367	54230	0,0862665891865411
54240	-0,046642232782390471	54240	0,0855674803262039
54250	-0,011804962657258373	54250	0,082023283947453909
54260	-0,027740529891366324	54260	0,092609076395170492
54270	-0,01868632105448231	54270	0,095228400209400446
54280	-0,03331811595122397	54280	0,081744514253323339
54290	-0,038123787723473315	54290	0,093521791718823827
54300	-0,023078354226684753	54300	0,076065968983279317
54310	-0,019337847906762795	54310	0,0964714618245746
54320	-0,030586904228939917	54320	0,084942905434348778
54330	-0,0349748863632676	54330	0,098692310247915221
54340	-0,01770818714057756	54340	0,089950485461157581
54350	-0,020736686445034496	54350	0,09318348187862803
54360	-0,043246824755937177	54360	0,092879370912478762
54370	-0,041420184774793214	54370	0,098093536038515686
54380	-0,034921690192296649	54380	0,08356349017259751
54390	-0,028200915302449316	54390	0,0867308517299937
54400	-0,016324979833524159	54400	0,088912329070609919
54410	-0,022139019978529392	54410	0,0967750773097297
54420	-0,03788907194347188	54420	0,072835512842178013
54430	-0,025486127556200302	54430	0,068973345496201557
54440	-0,037411216635776144	54440	0,10026093512900917
54450	-0,016160009049531087	54450	0,099342383266895345
54460	-0,038333658842973024	54460	0,087430513072905308
54470	-0,018655237855780733	54470	0,093473708451400989
54480	-0,029449242393339018	54480	0,084284608977172
54490	-0,028544104886813765	54490	0,08927783965038677
54500	-0,027923652047030949	54500	0,0840258004643464
54510	-0,031257590216462794	54510	0,088740614543777491
54520	-0,025119740913513395	54520	0,090969932683418825
54530	-0,041423937308255186	54530	0,08328605901013221
54540	-0,0089673467785029281	54540	0,10054845327858691
54550	-0,030867261952766616	54550	0,090083675969913055
54560	-0,026543228785640166	54560	0,092723870564552183
54570	-0,036730401083125849	54570	0,094965717433996261
54580	-0,026834268748637174	54580	0,10218134760188338
54590	-0,038712314788746614	54590	0,099655889565412811
54600	-0,027233815384217319	54600	0,076055268503983017
54610	-0,022626598931443687	54610	0,084945416551175532
54620	-0,029675656230905539	54620	0,084394034421634526
54630	-0,026367162485713816	54630	0,084006190997499217
54640	-0,019596833067902414	54640	0,097677746945862051
54650	-0,0282072638121526	54650	0,08743528576202568
54660	-0,028456011015003332	54660	0,09157383607471753
54670	-0,023360382042825319	54670	0,0931747097879485
54680	-0,027620013840291328	54680	0,089937209795582632
54690	-0,038472237784123793	54690	0,082391715864842466
54700	-0,018518325307948367	54700	0,07678577876104
54710	-0,032522462173279858	54710	0,091511118197101532
54720	-0,021911653578943598	54720	0,085784601004871883
54730	-0,028394366913829787	54730	0,082556682526546091
54740	-0,026455211071541983	54740	0,096956715441439661
54750	-0,012293500035122728	54750	0,083341492397736014
54760	-0,035588748534065365	54760	0,10071852579416514
54770	-0,024809895462475366	54770	0,085637744111490333
54780	-0,021061755425649954	54780	0,0832271453138217
54790	-0,027905005168796432	54790	0,087894330550952762
54800	-0,021928763948804234	54800	0,095141799386264173
54810	-0,036783108780837161	54810	0,08598499152980886
54820	-0,044627610576129267	54820	0,085482103122250949
54830	-0,020639074735941974	54830	0,088151041286351275
54840	-0,0092315045519941359	54840	0,087493992117025507
54850	-0,020473015716888792	54850	0,089425590451139514
54860	-0,029604628857138313	54860	0,068574020169632766
54870	-0,039782167451557153	54870	0,0830293332884747
54880	-0,0084515642072724544	54880	0,092862717201116426
54890	-0,038491419129361548	54890	0,091148318521606486
54900	-0,012877531741366828	54900	0,091270524490424151
54910	-0,023566591678304206	54910	0,087326547756903933
54920	-0,029587073053094388	54920	0,091485218680006211
54930	-0,013030995320718811	54930	0,0952451409769091
54940	-0,031063711066998057	54940	0,094373361426609237
54950	-0,042048583271525941	54950	0,086286583314457224
54960	-0,037657647695182275	54960	0,086890748635087445
54970	-0,022234149190535814	54970	0,094722316500496284
54980	-0,019003897884441921	54980	0,090330627589465182
54990	-0,030508001921635639	54990	0,078954008458783614
55000	-0,031519266772663826	55000	0,091660163586303467
55010	-0,018194766187268462	55010	0,090234327558948182
55020	-0,027301695477676691	55020	0,10009010926070691
55030	-0,041239985398560206	55030	0,092363738677610135
55040	-0,033957280293666382	55040	0,0858887858629952
55050	-0,013145364304054812	55050	0,088358893981293887
55060	-0,041141957980034949	55060	0,09054412203054972
55070	-0,033253390917271926	55070	0,070830893861596092
55080	-0,021459464459196539	55080	0,085492512114663258
55090	-0,037078483976957684	55090	0,09211911134046237
55100	-0,028115849423788027	55100	0,077097894136777617
55110	-0,020170860514799733	55110	0,080231821243523252
55120	-0,020555205582763268	55120	0,088541712717983972
55130	-0,018492460369620649	55130	0,10539220202393099
55140	-0,032020908817087364	55140	0,08841555462505582
55150	-0,0029435773283400094	55150	0,088415651582170962
55160	-0,04479227252488098	55160	0,080297842583068477
55170	-0,028703534291263783	55170	0,08299677935337535
55180	-0,0074342861074843886	55180	0,10334542373558121
55190	-0,034640244605106334	55190	0,092393080862672949
55200	-0,028666150658473256	55200	0,072911370846514639
55210	-0,035916707306725977	55210	0,086877427856795114
55220	-0,031530818847259549	55220	0,068751065928920177
55230	-0,0087928265762552346	55230	0,095327525756699977
55240	-0,020693484302339443	55240	0,08789452265559726
55250	-0,02737185155272534	55250	0,092119518074967224
55260	-0,03607351581906526	55260	0,084788965842816061
55270	-0,02829237446588867	55270	0,091383428056290475
55280	-0,026219742659223676	55280	0,0828046536336706
55290	-0,017137458713033998	55290	0,088396402107046315
55300	-0,03427542130691822	55300	0,080032576377420117
55310	-0,02238048980786617	55310	0,084313735623816152
55320	-0,018901738904140458	55320	0,088494818525122615
55330	-0,020488883422856367	55330	0,091230627414576534
55340	-0,023598856390765095	55340	0,098776739471333239
55350	-0,023286524320538043	55350	0,088587833683990008
55360	-0,022564977720210197	55360	0,0857469166987599
55370	-0,020465859010245613	55370	0,078247654732969768
55380	-0,029782977244412416	55380	0,089783345113648355
55390	-0,016936004401625258	55390	0,077956964320267191
55400	-0,021630694828033092	55400	0,096077929506368315
55410	-0,02976959558180093	55410	0,094150483825065176
55420	-0,031023429717760592	55420	0,088052470533943467
55430	-0,0336741770732302	55430	0,084653106422904356
55440	-0,030395732418585255	55440	0,09916001829403337
55450	-0,033833899825767719	55450	0,075566489738176659
55460	-0,026244381568543185	55460	0,0800736991245179
55470	-0,023521522725494494	55470	0,090051546043614317
55480	-0,026821714681942506	55480	0,080272998855168656
55490	-0,04067268334907826	55490	0,08359733805098632
55500	-0,024468468266807462	55500	0,081887588107454418
55510	-0,021069318271015356	55510	0,081967569553415415
55520	-0,0026140454848930369	55520	0,10216696260078387
55530	-0,024835018468773173	55530	0,088442891083110528
55540	-0,03819864644612992	55540	0,082183608014690032
55550	-0,021523176433139134	55550	0,082533029257020718
55560	-0,042739037472702752	55560	0,09216563385236122
55570	-0,040098699285424359	55570	0,095775367350819041
55580	-0,031776184963367947	55580	0,077493719071902278
55590	-0,037161568191821953	55590	0,089113279493184788
55600	-0,02061046972994238	55600	0,09093712508909825
55610	-0,030784425669786848	55610	0,0911446022998611
55620	-0,030269799239125667	55620	0,071605047137018429
55630	-0,023951874000902162	55630	0,080750401114532772
55640	-0,040625139468054926	55640	0,091491127036717745
55650	-0,0059951848621010006	55650	0,08231936167378226
55660	-0,038238321481039859	55660	0,0925435920368026
55670	-0,022898954244960655	55670	0,10308148597384625
55680	-0,010872129544013891	55680	0,092958996433528313
55690	-0,031633882628502231	55690	0,091294559399236128
55700	-0,029876288697080092	55700	0,080001118570234661
55710	-0,025527051138641395	55710	0,081492657075734526
55720	-0,021565522238985498	55720	0,092459070681495878
55730	-0,025056625685649647	55730	0,079638812275309681
55740	-0,028630392520824909	55740	0,087992804091928223
55750	-0,018053902190991129	55750	0,098988624178338966
55760	-0,020922896947927629	55760	0,095674600878817642
55770	-0,027750348769311584	55770	0,085164450302955261
55780	-0,033452533146423734	55780	0,088005909365518192
55790	-0,028786820656551151	55790	0,089822841280712148
55800	-0,020588590135598873	55800	0,089814504154309735
55810	-0,00979368958823249	55810	0,096784885108697455
55820	-0,039355842724811428	55820	0,081200874144664217
55830	-0,012687683771899546	55830	0,081341286444818528
55840	-0,019081863266891957	55840	0,090855066414681593
55850	-0,019874370819626109	55850	0,0759410700015998
55860	-0,034634519666273095	55860	0,093877839202837848
55870	-0,031161312100537339	55870	0,087238795157654148
55880	-0,02426064699026995	55880	0,098343614724060377
55890	-0,031393153325346444	55890	0,083839516337378142
55900	-0,0093177479597423372	55900	0,074886116001846345
55910	-0,024390661918273396	55910	0,088014371684365558
55920	-0,018037002180034113	55920	0,074319985451009582
55930	-0,0133271364253469	55930	0,081431618444197856
55940	-0,033829025005613786	55940	0,089348465613445435
55950	-0,015671468265345063	55950	0,10423106165339145
55960	-0,024806295531336467	55960	0,0780273187686291
55970	-0,029529069990999333	55970	0,097819723669631847
55980	-0,031204059759249936	55980	0,07658102041940977
55990	-0,020512953612905123	55990	0,084528726631382126
56000	-0,033977751897503489	56000	0,080773874914215574
56010	-0,021898270924498683	56010	0,079350787104536
56020	-0,021483516455472671	56020	0,092235931127555654
56030	-0,035837578787778233	56030	0,0876268814589496
56040	-0,035899972322305788	56040	0,094163613169660168
56050	-0,023929736132412987	56050	0,10472665486772564
56060	-0,017718408657210853	56060	0,087328101448133272
56070	-0,018910186817288226	56070	0,078958293970344845
56080	-0,02553170290185558	56080	0,088394548085774682
56090	-0,025597074095107895	56090	0,09490151780959355
56100	-0,014091257239023812	56100	0,095677668579566277
56110	-0,023590006746690609	56110	0,085871656633645474
56120	-0,028089461572404086	56120	0,09261440808545407
56130	-0,020673029636743674	56130	0,081635417085542936
56140	-0,023246529523228789	56140	0,099289695792203175
56150	-0,020075865023226863	56150	0,085945261418136229
56160	-0,028629171154872426	56160	0,089475044209104154
56170	-0,022994854260797275	56170	0,098240385956455289
56180	-0,011938892689747462	56180	0,091867373031011779
56190	-0,040766073186808124	56190	0,09560032516368662
56200	-0,016185867930231031	56200	0,094465350934959516
56210	-0,017539737335311712	56210	0,091428361201226022
56220	-0,035941639952701235	56220	0,085213749434899538
56230	-0,017232302650058352	56230	0,094578688210589457
56240	-0,028982095098165551	56240	0,085494964637610152
56250	-0,029578941844771483	56250	0,089982492915717471
56260	-0,033483060503135438	56260	0,094668970817296832
56270	-0,01312746546267516	56270	0,10091756213869391
56280	-0,0287182156009007	56280	0,086808372849522752
56290	-0,034264459625979973	56290	0,087941002703621651
56300	-0,031156445488501761	56300	0,089403179383857792
56310	-0,021444450524715636	56310	0,084107790047124389
56320	-0,029613107033156005	56320	0,078824208022025069
56330	-0,009596091043014553	56330	0,097017629374078068
56340	-0,033144540665798833	56340	0,10439114230188568
56350	-0,0349365420544847	56350	0,09160933546794417
56360	-0,021455714099855396	56360	0,098341133843373993
56370	-0,026663782347528954	56370	0,093605714670945236
56380	-0,010396938918481639	56380	0,083710995632894955
56390	-0,022059710709989484	56390	0,079968924708751526
56400	-0,024889019426334636	56400	0,093103961252222353
56410	-0,036938204481370411	56410	0,09143735668711514
56420	-0,01775521452710822	56420	0,078086797231529753
56430	-0,025143631448284267	56430	0,0913555396217348
56440	-0,034416582452382959	56440	0,091068534329902182
56450	-0,024881212561562723	56450	0,086701253487405872
56460	-0,020882817752939622	56460	0,095333131953813155
56470	-0,031415277220412978	56470	0,0846885564489589
56480	-0,02769314927976833	56480	0,088699186381386408
56490	-0,028531770151963464	56490	0,08898492903097785
56500	-0,023915111936266997	56500	0,072262879022250856
56510	-0,026003081852222373	56510	0,088895909608465412
56520	-0,035721348192990658	56520	0,072086670579368781
56530	-0,020905441626007666	56530	0,08043123909467105
56540	-0,030986923247232536	56540	0,0947089914375777
56550	-0,030862820278479204	56550	0,088364632972450424
56560	-0,02253744743496967	56560	0,088652635304663191
56570	-0,019550210306891493	56570	0,0735663048827421
56580	-0,014625119814060162	56580	0,08626017252082302
56590	-0,0473416547319274	56590	0,084959968088223758
56600	-0,039113769965791127	56600	0,076314547622302414
56610	-0,027592801269590891	56610	0,089495786695151791
56620	-0,023204503705527024	56620	0,080852423071791552
56630	-0,022528380355648466	56630	0,0865391647543832
56640	-0,019940701504835304	56640	0,081856153360121559
56650	-0,01570797487912453	56650	0,087558662907533336
56660	-0,040917865020993996	56660	0,096895077676810937
56670	-0,034040727676511083	56670	0,065146078021707757
56680	-0,036768055911460908	56680	0,09977596731795671
56690	-0,013582913741993675	56690	0,094688700096408493
56700	-0,024806961727782444	56700	0,098116529698519236
56710	-0,016195570087927463	56710	0,0836792822082587
56720	-0,024634916399799419	56720	0,082898902748026929
56730	-0,038309764200779535	56730	0,077866470734213933
56740	-0,027962942191677716	56740	0,089976102005543929
56750	-0,031813126640699636	56750	0,080234951706134414
56760	-0,012986938515989251	56760	0,091197412387130972
56770	-0,026350541082078471	56770	0,10753685372688615
56780	-0,027938352397361765	56780	0,088534821366908587
56790	-0,032945667352313544	56790	0,0911338599404255
56800	-0,027401066475573721	56800	0,0745606711561279
56810	-0,009188434702768946	56810	0,089244648118643174
56820	-0,010513323313166494	56820	0,083987250252259588
56830	-0,022334747203507005	56830	0,087374656614351481
56840	-0,021909779832072093	56840	0,093939689303030718
56850	-0,020851985987899634	56850	0,092107573575489252
56860	-0,03215834328322055	56860	0,095130298536983182
56870	-0,036983848718932455	56870	0,089783380289412268
56880	-0,01806780893197377	56880	0,091922594617422776
56890	-0,020407039790587278	56890	0,08807768324453992
56900	-0,035513356512367755	56900	0,08367532423695892
56910	-0,035993951548118915	56910	0,10156058198396102
56920	-0,032405443660470129	56920	0,0845160610302883
56930	-0,025998270185941866	56930	0,0854021225255201
56940	-0,019732606296772426	56940	0,090330574255236162
56950	-0,027547875830025655	56950	0,092494933136829063
56960	-0,01880141207146949	56960	0,077358395143069678
56970	-0,0047857279712490873	56970	0,093010353639595283
56980	-0,039794718238886535	56980	0,0935188893732615
56990	-0,037339597466350044	56990	0,10268232790698467
57000	-0,012191549595777054	57000	0,089544096945811141
57010	-0,022414508804359235	57010	0,080826982644086137
57020	-0,033043753953698435	57020	0,083305295192661249
57030	-0,045358752622682748	57030	0,088030066028472187
57040	-0,028394584862083024	57040	0,0836319131126205
57050	-0,03237142193804439	57050	0,10652872976463416
57060	-0,0343325516479957	57060	0,084478570180035281
57070	-0,026206392381791149	57070	0,095963231805685639
57080	-0,013056989012683318	57080	0,08731070144222014
57090	-0,04972284695337241	57090	0,092687166793195289
57100	-0,011592769425348955	57100	0,082196168943733786
57110	-0,021475460318674252	57110	0,083134229799917456
57120	-0,022426230367125644	57120	0,074979073467575388
57130	-0,035770127769691032	57130	0,082795709482341329
57140	-0,0184631691554246	57140	0,094143302739141732
57150	-0,030936143327266533	57150	0,0821071932684003
57160	-0,031427388391652267	57160	0,084651575102592
57170	-0,02379296224857445	57170	0,097836062893232781
57180	-0,031600055033806834	57180	0,092486923171392663
57190	-0,022879079393578427	57190	0,088621461283246272
57200	-0,021129812222166491	57200	0,090559194912445365
57210	-0,03238632258561823	57210	0,075383182258416823
57220	-0,016868535216714688	57220	0,094064422508589082
57230	-0,039996916212259967	57230	0,082481273933599539
57240	-0,025689352663442262	57240	0,080762364304071146
57250	-0,00940815178432266	57250	0,086862284852580282
57260	-0,01359722175717145	57260	0,08914632409926794
57270	-0,021824744472005542	57270	0,096266831024495292
57280	-0,019677569995270171	57280	0,0782256780008182
57290	-0,035805250816010221	57290	0,099573517492956967
57300	-0,024974491039165242	57300	0,091036311128790251
57310	-0,027414297041451315	57310	0,095993207440019462
57320	-0,0279078489629364	57320	0,082797104060807522
57330	-0,014823383845979452	57330	0,0906872736185131
57340	-0,03771394897819081	57340	0,083664514441538024
57350	-0,00786569489514806	57350	0,0934112218118241
57360	-0,030607259945611896	57360	0,093021408447606979
57370	-0,025643349077320538	57370	0,079282863900968018
57380	-0,028261073703548356	57380	0,07996871781134729
57390	-0,034912025573343955	57390	0,0800736089013781
57400	-0,040454196351174455	57400	0,084413684138176931
57410	-0,028106372355060451	57410	0,097491673824866565
57420	-0,03590665293796054	57420	0,096746601934288454
57430	-0,015105354169250056	57430	0,091432959555728457
57440	-0,033885762926992705	57440	0,08025965988424047
57450	-0,016465948366846513	57450	0,0738133495738897
57460	-0,024674760663416343	57460	0,080228369003609079
57470	-0,033664533715281317	57470	0,0831917505096203
57480	-0,020800844651655541	57480	0,087880543547782852
57490	-0,026350556444538834	57490	0,084390596849946861
57500	-0,0168998233609667	57500	0,084040429611576553
57510	-0,027416996944773862	57510	0,10222212445142638
57520	-0,0183920840126237	57520	0,093155428021693923
57530	-0,008878590270462507	57530	0,088003705273525967
57540	-0,029750671611771935	57540	0,082257014493134065
57550	-0,013323462393438694	57550	0,089152004861123318
57560	-0,034983265517644316	57560	0,081521503967553033
57570	-0,031682451848953463	57570	0,084286345935809179
57580	-0,023802742185509443	57580	0,083306849228936941
57590	-0,023433734927570397	57590	0,078427193492882172
57600	-0,0055319847768841978	57600	0,081017114340154
57610	-0,036460117865173454	57610	0,090212526827309777
57620	-0,023921372291545163	57620	0,0946430878929252
57630	-0,04053346485758836	57630	0,086647464524982828
57640	-0,010133036596525013	57640	0,093103333592210111
57650	-0,033830787779324488	57650	0,0970511360993077
57660	-0,017679747205738595	57660	0,096234646003606289
57670	-0,031626927902793617	57670	0,076622769107519542
57680	-0,0079699499951678739	57680	0,097167941751886
57690	-0,027271039666612741	57690	0,10409123522976625
57700	-0,037190080546829145	57700	0,080493798324305033
57710	-0,017227966486106534	57710	0,0848969634302248
57720	-0,040586336778115593	57720	0,083274498873302835
57730	-0,026701230636009866	57730	0,083706137010104126
57740	-0,015989237728311387	57740	0,097049236534212921
57750	-0,025983795338132186	57750	0,08216425197543116
57760	-0,018621839267840657	57760	0,095010282756758671
57770	-0,016138158751832592	57770	0,097706329538392936
57780	-0,0340504184696065	57780	0,089673466487244627
57790	-0,035089886535400364	57790	0,091163888166886656
57800	-0,011990773961040258	57800	0,0925746698318693
57810	-0,023754728269443075	57810	0,080078554892423909
57820	-0,0088533996697400235	57820	0,10399093810884615
57830	-0,024768867698947591	57830	0,09017074528212847
57840	-0,029764080703147507	57840	0,092390171967712861
57850	-0,025654310877772903	57850	0,07531496860782079
57860	-0,0321120761069631	57860	0,085251964225531524
57870	-0,031153995463412361	57870	0,099653843489117253
57880	-0,0068085399832018114	57880	0,09956452563958347
57890	-0,02912965194016039	57890	0,0901908920088125
57900	-0,023096924423932321	57900	0,0805216471506705
57910	-0,033203077801232606	57910	0,089736337513419764
57920	-0,03352301330024883	57920	0,087004052157491352
57930	-0,0266103816108344	57930	0,084344038103818963
57940	-0,036564503251616337	57940	0,082175426267443508
57950	-0,015031256103370975	57950	0,086846411794084283
57960	-0,034718445032171336	57960	0,082745934827881187
57970	-0,016903530657228577	57970	0,084028202194936591
57980	-0,031677002484365363	57980	0,097641819964680743
57990	-0,021853089600538833	57990	0,084628826010552133
58000	-0,021783602978275862	58000	0,085316335960113121
58010	-0,021215575426796557	58010	0,088184533460236386
58020	-0,038415645157134172	58020	0,079455871337698
58030	-0,03386675153180696	58030	0,086582531880600652
58040	-0,035029319959939048	58040	0,083904755066857434
58050	-0,0077456305602721324	58050	0,094625120114878378
58060	-0,028719237078125511	58060	0,0741082215357467
58070	-0,022201689999738622	58070	0,074965962644689757
58080	-0,018063867739923377	58080	0,070414610124879554
58090	-0,023834448073029018	58090	0,074817027809626971
58100	-0,027928360124543833	58100	0,0750670756214305
58110	-0,033890905402004068	58110	0,086979683292179186
58120	-0,025118113132678439	58120	0,06357922341831157
58130	-0,01947441265870507	58130	0,085494411374426635
58140	-0,019047767017583577	58140	0,081643159639137819
58150	-0,028946726589676369	58150	0,07434304674213503
58160	-0,02354660293444278	58160	0,080703504968566209
58170	-0,019886022166623576	58170	0,077607347870070037
58180	-0,026039145655855817	58180	0,071681915954240269
58190	-0,017448813674627021	58190	0,086460127707891132
58200	-0,025260988755743483	58200	0,074893184733694718
58210	-0,014694007642742439	58210	0,0905650271925422
58220	-0,013959113230372383	58220	0,08542797267688837
58230	-0,021173705633260747	58230	0,075666876529176835
58240	-0,034016347061079033	58240	0,080146270104317463
58250	-0,029758984759367512	58250	0,073672334389088878
58260	-0,022604863401743433	58260	0,066512614193163622
58270	-0,021333331746922694	58270	0,0874518397867452
58280	-0,036996042256160384	58280	0,072161171261020007
58290	-0,022574549605945772	58290	0,070477508545504816
58300	-0,0068915597312627077	58300	0,082211029233462962
58310	-0,011978839612880207	58310	0,077796620323240431
58320	-0,025427873364343198	58320	0,080507242725010988
58330	-0,025896235510042456	58330	0,078110935068191625
58340	-0,031052347649793446	58340	0,07971750924396781
58350	-0,011328198981772578	58350	0,064527161743402825
58360	-0,025887539759270484	58360	0,080226715547418767
58370	-0,014164266384166603	58370	0,072916826907918508
58380	-0,015182305746915179	58380	0,092061159987809144
58390	-0,016033601126273393	58390	0,069554684729649444
58400	-0,027427181387422193	58400	0,06721941644663379
58410	-0,022121275035127935	58410	0,079893400690280392
58420	-0,014254042233388718	58420	0,0746681910714655
58430	-0,014125111974916815	58430	0,069481621881971781
58440	-0,025205159372144209	58440	0,075631661106837569
58450	-0,013567510358647611	58450	0,069859644195588766
58460	-0,025937536033074079	58460	0,061235627568172066
58470	-0,032148403226040068	58470	0,066090899215317911
58480	-0,024489923401339025	58480	0,043594955477655691
58490	-0,041251742009835481	58490	0,026576666504785948
58500	-0,030345575114555465	58500	0,0043361437678971736
58510	-0,022595281278174596	58510	-0,024481495674375631
58520	-0,024361971285562934	58520	-0,048569994731338016
58530	-0,012082434455493039	58530	-0,054942791653847044
58540	-0,019219175650484796	58540	-0,059673506637477509
58550	-0,020502592551984517	58550	-0,058794302292704409
58560	-0,010312572461012927	58560	-0,053574355388282334
58570	-0,029689959089801373	58570	-0,057655696902419354
58580	-0,028416163926494493	58580	-0,057294704840320607
58590	-0,016879023447895481	58590	-0,047638751795186923
58600	-0,020725131933162597	58600	-0,058146873107433536
58610	-0,019583873228424035	58610	-0,060693268156256211
58620	-0,012036672449016645	58620	-0,059054681976300608
58630	-0,018199196715447681	58630	-0,046967132009885157
58640	-0,028201272505980847	58640	-0,059584538487397261
58650	-0,030195478683079157	58650	-0,10933078637866851
58660	-0,03452601104670952	58660	-0,10911287974546269
58670	-0,018898930849575356	58670	-0,0942026329710344
58680	-0,031050251141556955	58680	-0,096881770193417913
58690	-0,02125517450772501	58690	-0,087726058415474387
58700	-0,026000488428332188	58700	-0,0847875545599772
58710	-0,02250232174856583	58710	-0,0833906975703799
58720	-0,012769057839738477	58720	-0,081641747261176317
58730	-0,021847911965498498	58730	-0,0754740998013312
58740	-0,0087632701381033622	58740	-0,070413979735648932
58750	-0,022962538069013074	58750	-0,0675957802247742
58760	-0,027947124866932078	58760	-0,0726478511165095
58770	-0,011555127308404139	58770	-0,072430662270804635
58780	-0,017011466961339532	58780	-0,07350405767918794
58790	-0,02875324100163356	58790	-0,0732953386147339
58800	-0,027261700408666548	58800	-0,076151018835434334
58810	-0,022008461759005116	58810	-0,079100732371861313
58820	-0,0057532849560586784	58820	-0,074192247308499062
58830	-0,025225227363038952	58830	-0,058759426400207378
58840	-0,022003806860926612	58840	-0,063870646853135329
58850	-0,023913965541160962	58850	-0,072319178775296825
58860	-0,023601769794303888	58860	-0,079037711055243487
58870	-0,021689522256938827	58870	-0,065645784412251065
58880	-0,020826712166078742	58880	-0,0767765534459151
58890	-0,028507210922799103	58890	-0,075633243479067774
58900	-0,027241120015810565	58900	-0,081475954994187236
58910	-0,014519967284072484	58910	-0,064836603762008088
58920	-0,02309998116360093	58920	-0,076653668229394262
58930	-0,018680763147657323	58930	-0,070925226169018488
58940	-0,02329254465986294	58940	-0,0722199366539238
58950	-0,027214304879749983	58950	-0,077345920964328255
58960	-0,01857093834973831	58960	-0,0802707480590334
58970	-0,026511632179124483	58970	-0,0724473978792991
58980	-0,014350140064492471	58980	-0,063771671935882054
58990	-0,01438303417190686	58990	-0,069908372039669736
59000	-0,021515005445665009	59000	-0,076840644974589631
59010	-0,021394011596419911	59010	-0,069032241361411936
59020	-0,02317064356175242	59020	-0,079979286682521369
59030	-0,023946890137089522	59030	-0,0690353851716825
59040	-0,028719702683523512	59040	-0,074049764544723493
59050	-0,026195098186596807	59050	-0,071209564450560092
59060	-0,029219137664885365	59060	-0,069911423936926911
59070	-0,0074443453235957706	59070	-0,072643381315198041
59080	-0,020576461912272782	59080	-0,07269823907471229
59090	-0,032379575850570969	59090	-0,0671028528827686
59100	-0,015138644948866332	59100	-0,073519574537578541
59110	-0,01121635132349458	59110	-0,0762127873806085
59120	-0,018148096299292451	59120	-0,060816567367093559
59130	-0,00936934549978617	59130	-0,086075578928836036
59140	-0,015684449916638442	59140	-0,0748482399765035
59150	-0,016499803737098886	59150	-0,064964474119263552
59160	-0,018395932703695397	59160	-0,066296954504538555
59170	-0,018780828282668721	59170	-0,058515425974155336
59180	-0,020434525945399632	59180	-0,074017540168880541
59190	-0,021491446387194742	59190	-0,069905592422476251
59200	-0,026676261104959593	59200	-0,062056758601553227
59210	-0,024384583801286757	59210	-0,079960361106285766
59220	-0,026610088209064742	59220	-0,071621296514782551
59230	-0,021884437691265472	59230	-0,060938930722272217
59240	-0,014732065441316498	59240	-0,066846297522894879
59250	-0,027845642056493609	59250	-0,079794364304809393
59260	-0,01723489778107631	59260	-0,065234916029176512
59270	-0,027325805964911194	59270	-0,06961086022592361
59280	-0,023789818773377144	59280	-0,0714621006737464
59290	-0,018589741470933487	59290	-0,056719988041461077
59300	-0,022506450922306034	59300	-0,070220843892128793
59310	-0,025718751502675323	59310	-0,064920357312719279
59320	-0,028605624459639833	59320	-0,072016018901234935
59330	-0,022045615803035032	59330	-0,0657232383505247
59340	-0,02546498378972278	59340	-0,065777231907867537
59350	-0,019663330726469041	59350	-0,076120303685183646
59360	-0,021194879296348515	59360	-0,07348762858859402
59370	-0,029748444369979275	59370	-0,091585268231233224
59380	-0,022111797146753848	59380	-0,065470890423933642
59390	-0,011436143006830988	59390	-0,068584852034108537
59400	-0,016496964270221126	59400	-0,081168049251508279
59410	-0,015512928694923595	59410	-0,074228131104855349
59420	-0,016281894736657063	59420	-0,067230203397111887
59430	-0,025647862215552115	59430	-0,065430490344914674
59440	-0,017480067887778467	59440	-0,072032607656881367
59450	-0,01466983481073629	59450	-0,072473789056112237
59460	-0,023956700821428287	59460	-0,0694135710045728
59470	-0,017712535019815741	59470	-0,06827261009727395
59480	-0,018938702895906271	59480	-0,0747960447611369
59490	-0,019933604144248041	59490	-0,0700749089064873
59500	-0,025615613688341358	59500	-0,072640892289465617
59510	-0,023774987403470376	59510	-0,060454559076292796
59520	-0,019949692297692834	59520	-0,063176253987059575
59530	-0,024839183181713721	59530	-0,067451504485056768
59540	-0,013043018703400522	59540	-0,059715251008488644
59550	-0,026562544843594386	59550	-0,071264674221700616
59560	-0,033350542334104546	59560	-0,0760951086319885
59570	-0,026230460701718264	59570	-0,0743192480739674
59580	-0,018580206079780393	59580	-0,079306802305793581
59590	-0,0252661775098602	59590	-0,060748798453339581
59600	-0,021427371045624335	59600	-0,0681890510332052
59610	-0,02016465687789885	59610	-0,071744310865865815
59620	-0,023499493960030666	59620	-0,065929217315863389
59630	-0,025707018619547869	59630	-0,074728034546439684
59640	-0,017467901615581795	59640	-0,068810866674136009
59650	-0,019581068469820193	59650	-0,07643839992337334
59660	-0,010986888110547575	59660	-0,072474900973755169
59670	-0,026869511690420317	59670	-0,071654663250726974
59680	-0,02850660739896399	59680	-0,072137082789688181
59690	-0,028032996511713315	59690	-0,073211433805661669
59700	-0,015186649853561374	59700	-0,072019476115968886
59710	-0,036276980793471761	59710	-0,0668442987697548
59720	-0,020209988149607925	59720	-0,083211030084585524
59730	-0,020228223910405411	59730	-0,074959891526483524
59740	-0,018373380321895748	59740	-0,064496010650468547
59750	-0,019491996056916327	59750	-0,075993473068334427
59760	-0,021722778120123087	59760	-0,075409023914284223
59770	-0,022990131836757743	59770	-0,06707803322327556
59780	-0,024792480338590245	59780	-0,070473901755820328
59790	-0,018602979323491257	59790	-0,073175004132096183
59800	-0,020399875555364683	59800	-0,077251704132447183
59810	-0,022443557145115086	59810	-0,074718555676486664
59820	-0,028587129554131282	59820	-0,073071812628051264
59830	-0,018990106947989017	59830	-0,058168856492362427
59840	-0,01544190460941703	59840	-0,065645821325381409
59850	-0,033159860060630778	59850	-0,076430123991325344
59860	-0,019479993892536612	59860	-0,076107380856930751
59870	-0,018656899262450548	59870	-0,07928321790766045
59880	-0,024082567192248484	59880	-0,077372800584479262
59890	-0,0206717301828004	59890	-0,078877450822791545
59900	-0,013230184040728208	59900	-0,06628274904001201
59910	-0,027221036130859105	59910	-0,065286107919739461
59920	-0,012244264074102012	59920	-0,075871241380266283
59930	-0,027094548634309889	59930	-0,072124800431628583
59940	-0,018547818550183792	59940	-0,078395596226075337
59950	-0,010125041747546247	59950	-0,070417743654840881
59960	-0,02471945030085735	59960	-0,0754163408619369
59970	-0,020003885358995617	59970	-0,06857449366909657
59980	-0,031305808267427675	59980	-0,071078813040710245
59990	-0,016049039276022758	59990	-0,069029942447249734
60000	-0,0054871797656885421	60000	-0,058793386426441517
60010	-0,016674666499480937	60010	-0,079191040019152489
60020	-0,02282904417775378	60020	-0,067669001809889065
60030	-0,022876139454563186	60030	-0,073800917839903779
60040	-0,031726729632165017	60040	-0,066897986569635914
60050	-0,020357803433485571	60050	-0,06843520779768586
60060	-0,022346833760997189	60060	-0,074818311049755948
60070	-0,026436979268637455	60070	-0,070224616762546543
60080	-0,021316276809656202	60080	-0,0726768340985894
60090	-0,013044660305435213	60090	-0,081480267280678809
60100	0,0019462713852206354	60100	-0,0836286267384682
60110	-0,0066716608197030956	60110	-0,094232456220979519
60120	-0,0074201762891517292	60120	-0,0990560667599985
60130	0,001724663775248406	60130	-0,0829793912601182
60140	-0,023115494944960676	60140	-0,09238641295736677
60150	-0,0255488829192184	60150	-0,06969767578018
60160	-0,034177495430971983	60160	-0,076321690252320884
60170	-0,010979154106416098	60170	-0,078350747627677617
60180	-0,031125421873775413	60180	-0,078656065049518734
60190	-0,021934252915661593	60190	-0,0851538417437627
60200	-0,016092083953308873	60200	-0,074979397329321448
60210	-0,012494600201538791	60210	-0,072027062224020277
60220	-0,0049159244037764813	60220	-0,07491919400935014
60230	-0,021989578105740776	60230	-0,089585694875402841
60240	-0,023017905528973724	60240	-0,0708672751677503
60250	0,0020210137210114644	60250	-0,07973711184100965
60260	-0,015325301828016714	60260	-0,0769545041637179
60270	0,011241674553542341	60270	-0,080888874337524244
60280	-0,019400568463547214	60280	-0,074188224476733317
60290	-0,014295709232460227	60290	-0,076960526848352917
60300	0,004410480298255217	60300	-0,085826158799333072
60310	-0,015431357405305778	60310	-0,0762028396034961
60320	-0,003284842528602709	60320	-0,07150253951623034
60330	-0,0045216190931991153	60330	-0,080635812148063077
60340	-0,0021326055346452674	60340	-0,084537061331219354
60350	-0,0040736145127611466	60350	-0,073837735561671891
60360	-0,025294238047232857	60360	-0,081752499333462042
60370	-0,0018170421966327934	60370	-0,084521040374876483
60380	-0,0082222522817743636	60380	-0,080206905740382153
60390	-0,0073107608807534436	60390	-0,075543847768464609
60400	-0,0048848129894391908	60400	-0,071840867832833652
60410	-0,009613072121738014	60410	-0,069737997831185464
60420	-0,00092982663145939153	60420	-0,077136632471887
60430	-0,007486593432867391	60430	-0,08903880202737384
60440	-0,0027074288477154538	60440	-0,070944022245720467
60450	0,0047926452390388355	60450	-0,08249698301171
60460	-0,01362180649769088	60460	-0,066907202890384876
60470	-0,014826136316826187	60470	-0,074632734152526775
60480	-0,013764881203097648	60480	-0,077993162501271349
60490	-0,015421168088583816	60490	-0,061285198001257965
60500	-0,00050789055113235687	60500	-0,087175188347471774
60510	-0,026837054489081257	60510	-0,088162516629690532
60520	-0,0034114833034515437	60520	-0,077617914431687141
60530	0,0026569818800028918	60530	-0,088250745941174311
60540	-0,018397173448535184	60540	-0,07621815041388233
60550	-0,00020194562934189281	60550	-0,078371157350904982
60560	-0,010959789041999438	60560	-0,077506732227570652
60570	-0,0039227298401229189	60570	-0,072906428683621946
60580	0,00086964261456433563	60580	-0,067378369788697767
60590	-0,0021879788124569578	60590	-0,064788869281897074
60600	-0,000519065283709407	60600	-0,088328365562246852
60610	0,00029613198597328228	60610	-0,074922915074355362
60620	-0,02231121572100201	60620	-0,070672890737605326
60630	-0,011750654092204636	60630	-0,067347586035755913
60640	-0,005400731624079301	60640	-0,086437089521770052
60650	-0,0061723668805528141	60650	-0,079009258976330446
60660	-0,0096101169016270162	60660	-0,076007643673745878
60670	-0,0045599463353308538	60670	-0,082286386051469568
60680	-0,0064405132635584044	60680	-0,074689086527426049
60690	-0,0076602240657275044	60690	-0,068799691689226963
60700	0,0054563315250681322	60700	-0,077811691558208912
60710	-0,012551812366092766	60710	-0,0718371331899443
60720	-0,012832476574200386	60720	-0,085179780078757344
60730	-0,01417800408584078	60730	-0,066450285536755055
60740	-0,02408424363170969	60740	-0,085877244338364814
60750	-0,0034231217391066005	60750	-0,079139504658612025
60760	0,0054410988763648445	60760	-0,077023131623578933
60770	-0,0068635323389483723	60770	-0,090971382422230573
60780	-0,00571883787884494	60780	-0,081399222349617856
60790	-0,010849330620575524	60790	-0,068700610643612436
60800	-0,0077089139580618343	60800	-0,080357349478584014
60810	-0,00810443687052428	60810	-0,079702049190200464
60820	-0,00573945644531398	60820	-0,080357009719047759
60830	0,0082628832590407875	60830	-0,070201253385281617
60840	-0,017144079294086061	60840	-0,073651934938477839
60850	-0,020296964449826753	60850	-0,078485096569562374
60860	-0,013161248215484785	60860	-0,079498369817292372
60870	-0,0083548380806609153	60870	-0,0879555940813042
60880	-0,010717817282397122	60880	-0,070243623898403773
60890	-0,0058042447793420658	60890	-0,063795449049781933
60900	-0,0054768642093624654	60900	-0,075651527907099031
60910	-0,0125566466791839	60910	-0,080650392690828368
60920	0,0097056837438431152	60920	-0,082176946782248309
60930	-0,019004859343186711	60930	-0,0903695586544681
60940	-0,00035016461761510465	60940	-0,072751697643841873
60950	-0,0091889817029011823	60950	-0,061607621711988678
60960	-0,0080449557664092324	60960	-0,083248852554534319
60970	-0,019106011472106131	60970	-0,091817570867968573
60980	-0,0041769214587278492	60980	-0,07826188505976453
60990	5,3349683842576377E-05	60990	-0,068332578924698212
61000	-0,0081304433783010166	61000	-0,075518032937629528
61010	0,0012795366230772718	61010	-0,0872606841878855
61020	0,0061550750033967727	61020	-0,078672889727809392
61030	0,00040535214625287379	61030	-0,095182631489937455
61040	-0,0010400551213681269	61040	-0,07459701384042712
61050	0,0050802227187924367	61050	-0,0702932579834368
61060	-0,0053325947725387035	61060	-0,072430467382141928
61070	-0,0089481891979130874	61070	-0,078339368649791241
61080	-0,014703144955485531	61080	-0,074115102706037411
61090	-0,00927420329883146	61090	-0,076879706783612681
61100	0,0071696122888932051	61100	-0,067517486376731731
61110	-0,020306817596002422	61110	-0,081817588447326492
61120	-0,016461132255777677	61120	-0,07901504669613911
61130	-0,00029455683596557136	61130	-0,064173488365194029
61140	-0,0016755374010284758	61140	-0,08193908961524532
61150	-0,0020022852151465589	61150	-0,076180162237693819
61160	-0,023422224764765638	61160	-0,076502319313532408
61170	-0,00397567980514521	61170	-0,0785149657500141
61180	0,0026840480866350217	61180	-0,088430797413292142
61190	-0,0068302060424727459	61190	-0,072486347455468739
61200	0,011933940447072628	61200	-0,075209726852115286
61210	-0,023279447816671375	61210	-0,071315906900229972
61220	0,0035021695893189576	61220	-0,070705955357869124
61230	-0,012517368625480772	61230	-0,079893961097633
61240	-0,0076552984657039568	61240	-0,078531743070567428
61250	-0,0094601966075584625	61250	-0,081113877153874275
61260	-0,020114931707096755	61260	-0,07558343963884627
61270	-0,017327036941448451	61270	-0,0849336127763086
61280	-0,0083014860589836516	61280	-0,077762486803039974
61290	-0,011570312791633175	61290	-0,073211842615786518
61300	-0,015243971484214	61300	-0,077821734712705523
61310	-0,013334737968014951	61310	-0,079862413061439277
61320	-0,00595232815016378	61320	-0,079069946328419349
61330	0,0049047782302781145	61330	-0,084646659666349544
61340	-0,00040594174504684447	61340	-0,071544548206118955
61350	-0,00039052890421006664	61350	-0,08365053852924767
61360	-0,0096658396330819955	61360	-0,067454657637017426
61370	-0,0032177880997474877	61370	-0,075275891411614157
61380	-0,015336463366140815	61380	-0,079400195763857762
61390	-0,024591390599721093	61390	-0,0803012721745582
61400	-0,0045993591296944816	61400	-0,082796670777728315
61410	0,005413636825610608	61410	-0,070316942535828819
61420	0,0043360931877576151	61420	-0,098120079070179986
61430	0,0073044492237697113	61430	-0,080263615077242167
61440	-0,0056826382009076172	61440	-0,08077119753248542
61450	-0,000549275777042368	61450	-0,098023885392678048
61460	-0,014778420832889591	61460	-0,071819295723906662
61470	-0,0081164906618981219	61470	-0,084447149174358721
61480	-0,015938702370069065	61480	-0,096372032436464
61490	-0,0033968238213636288	61490	-0,098583862078954865
61500	0,0037078742477794869	61500	-0,093529411332588977
61510	-0,0069014882856597388	61510	-0,086437095612697551
61520	-0,013976414624851297	61520	-0,096614717371305253
61530	-0,016248858027513309	61530	-0,087135392825460942
61540	0,0022765340438634226	61540	-0,096973574268956933
61550	0,00078075882049331478	61550	-0,094691201593369856
61560	0,0013361323226799369	61560	-0,088523274366098442
61570	-0,023022735129919602	61570	-0,092086559406032012
61580	-0,014749587224051586	61580	-0,083943334232136582
61590	0,01026677614724554	61590	-0,077689349625673462
61600	-0,015973535627039778	61600	-0,087051064171773176
61610	-0,010420991489425763	61610	-0,088684178981670109
61620	-0,011361767462412433	61620	-0,093088649615670926
61630	-0,010091156007197641	61630	-0,08944550975689268
61640	-0,012945073107329359	61640	-0,088690922676295608
61650	-0,0021248718930936277	61650	-0,11277781108447918
61660	-0,0097075751522387472	61660	-0,0918855980967942
61670	-0,010016785842237141	61670	-0,083681125060488665
61680	-0,012437017645064276	61680	-0,097527892827572973
61690	0,0072416699871732373	61690	-0,0853610960312559
61700	-0,013817815485243237	61700	-0,095716955813689372
61710	-0,0027941262792011493	61710	-0,091453160275348
61720	0,0017105251253430257	61720	-0,078251805517399339
61730	-0,0058494367236417589	61730	-0,087021041093201093
61740	-0,008929987593925208	61740	-0,089549512965958575
61750	-0,00821372985569048	61750	-0,093842385035253523
61760	-0,011430919639531805	61760	-0,0880240750135843
61770	0,010168551237530268	61770	-0,093172867804481668
61780	-0,011424521679596563	61780	-0,094274924562604154
61790	-0,011802607953451205	61790	-0,084395681554072233
61800	0,0035812992842889362	61800	-0,090029777372079789
61810	-0,0054197417366106462	61810	-0,086222768462471025
61820	-0,016008003857670341	61820	-0,093608153669854338
61830	-0,011088474532088459	61830	-0,083592864920912779
61840	-0,00867899130951513	61840	-0,0787538795242709
61850	0,0080230061795924668	61850	-0,0890951924671513
61860	-0,014755590687469318	61860	-0,098337221110203155
61870	-0,0032782141174536252	61870	-0,0941872664500705
61880	0,0018471102106744129	61880	-0,088276117510976013
61890	-0,00592398352026759	61890	-0,085880193665323762
61900	-0,011191206417252228	61900	-0,090351756605678485
61910	0,009999712812488749	61910	-0,088663027368852426
61920	-0,0081911191430325426	61920	-0,0794850341648483
61930	0,0025310985594534	61930	-0,10813406594380727
61940	-0,00904956881072211	61940	-0,079173152945802433
61950	-0,010792011443097209	61950	-0,079430440120386511
61960	-0,0026145728677021527	61960	-0,09458953390599828
61970	-0,015980544968915458	61970	-0,0986395889848819
61980	-0,0064565847833189518	61980	-0,088020714697903527
61990	-0,0060391664646983782	61990	-0,079478732937738591
62000	-0,0013933418363282048	62000	-0,08555978774606593
62010	-0,0070042295549813689	62010	-0,099773632154033981
62020	-0,0016740826052350445	62020	-0,084121257927501358
62030	-0,0054894988320723622	62030	-0,07378719148477
62040	-0,001792074271879818	62040	-0,089367382052102776
62050	-0,00018589969331976554	62050	-0,092723010659349125
62060	-0,0046184943215076624	62060	-0,085101571459909445
62070	-0,01072173184185634	62070	-0,092183427958332828
62080	-0,00171447769094522	62080	-0,092679891786325685
62090	-0,018997407938754873	62090	-0,084470730364114663
62100	-0,01329053069631319	62100	-0,09333234630942952
62110	-0,0043982922023342152	62110	-0,092557152656692815
62120	0,0054135110356495165	62120	-0,08097883461986817
62130	-0,016956421524458289	62130	-0,070485012939399225
62140	-0,0042516626325218125	62140	-0,08598741582901584
62150	0,000751397164270593	62150	-0,095453601672313232
62160	-0,00924239331670845	62160	-0,093207754752245742
62170	-0,0099218126581802069	62170	-0,095019271074107764
62180	-0,0097823913079503489	62180	-0,092502205983736263
62190	-0,01513751773430394	62190	-0,089906280316823559
62200	-0,014536696447722926	62200	-0,09198849391380283
62210	-0,0029564335209313589	62210	-0,098660343342508242
62220	0,013154971528557016	62220	-0,078336194512589871
62230	-0,0085909499365702333	62230	-0,080352062073122135
62240	-0,0085527748775121332	62240	-0,080646793731732253
62250	-0,010871368032063917	62250	-0,10044778357612465
62260	-0,0037475819889682418	62260	-0,0844105353422822
62270	-0,0033561841766764915	62270	-0,082708012122496843
62280	-0,0047283479198752133	62280	-0,0924168290285734
62290	-0,024455765223373914	62290	-0,0855459138085577
62300	-0,0022846474899479922	62300	-0,084515120271239239
62310	0,0084608984551177088	62310	-0,082373520107779985
62320	-0,0018524749199732148	62320	-0,090486492085316492
62330	-0,012940822796218891	62330	-0,085940897392126181
62340	-0,011045883361649304	62340	-0,087993759304644911
62350	0,0045727410811976215	62350	-0,09370136564539587
62360	-0,0075923508884402505	62360	-0,077326129106912153
62370	-0,0045613721546272287	62370	-0,0895884365376805
62380	-0,011842119811202994	62380	-0,077308316861516249
62390	-0,0043476323868759589	62390	-0,083499279899735129
62400	-0,018673132853408034	62400	-0,083147912266842344
62410	0,011693657113549996	62410	-0,08667178205597291
62420	-0,011295450907130723	62420	-0,085785991645807441
62430	-0,015811322530294884	62430	-0,092053421241320557
62440	0,0038737931957103268	62440	-0,088746918524814367
62450	0,0056109233543818089	62450	-0,092027688475529612
62460	-0,017455246187134715	62460	-0,09741041107349295
62470	0,007626021831762358	62470	-0,099331072213953528
62480	-0,0090318901670337019	62480	-0,094058608289142864
62490	-0,015230847839064594	62490	-0,07278182816260359
62500	-0,0035619778995582352	62500	-0,096882758299330782
62510	-0,013806176956568998	62510	-0,086892725427054451
62520	-0,022439705445924593	62520	-0,093589352052704841
62530	-0,01445778643498577	62530	-0,10226735976157146
62540	-0,0027080571589284618	62540	-0,09316713930877972
62550	-0,01465422587652614	62550	-0,089172081449357288
62560	-0,014935785219011557	62560	-0,083740456774432648
62570	-0,0079242590615907771	62570	-0,088235616911517836
62580	-0,0052634499406834095	62580	-0,10169532851345431
62590	-0,0053827003674005039	62590	-0,094923402497448045
62600	-0,013363228278919849	62600	-0,090167924673565908
62610	-0,0021187601063619812	62610	-0,079362046437918748
62620	-0,01086093064765521	62620	-0,075135455843078486
62630	-0,0048417341415749639	62630	-0,093015204647562938
62640	-0,011365904625324223	62640	-0,097079056448901455
62650	-0,0066604642819246412	62650	-0,09233358698828803
62660	-0,0091122561955704479	62660	-0,091700451970666411
62670	-0,011464044946488892	62670	-0,0926199646113545
62680	-0,0089137114255194629	62680	-0,092229569380805926
62690	-0,010849847456947569	62690	-0,075619480496373861
62700	-0,0046045932827619013	62700	-0,0917070062999079
62710	-0,016428009476363213	62710	-0,1007842856249177
62720	0,00069528838418301349	62720	-0,082403237762821671
62730	-0,010934015067029299	62730	-0,10501405678974889
62740	-0,0099438600909047218	62740	-0,072757748870648356
62750	0,0027121919819660884	62750	-0,093981094690646472
62760	-0,0146118577559532	62760	-0,085242239641597356
62770	-0,0035002956296302482	62770	-0,092230621569922761
62780	0,0058471524282839174	62780	-0,10120408872795648
62790	0,0060175082425837426	62790	-0,092340322055141616
62800	-0,013777123156041921	62800	-0,10423579829880514
62810	-0,015458139807644948	62810	-0,082198334362902137
62820	-0,014032326034553778	62820	-0,095029163865472166
62830	0,0081170227879929866	62830	-0,10204762493156085
62840	-0,0191213675501968	62840	-0,079465179519906254
62850	-0,014329897319576871	62850	-0,083136571322078121
62860	-0,014891583824803276	62860	-0,090600310103152365
62870	0,0069539889547330066	62870	-0,1008589290439821
62880	-0,0026274705027693273	62880	-0,092405257450200118
62890	-0,0073303822815828324	62890	-0,09940479246216867
62900	-0,0019789954937105294	62900	-0,084137714192447657
62910	-0,0077373700882564164	62910	-0,085028432841442736
62920	-0,0022379173642414429	62920	-0,083004146731836245
62930	-0,015619062314931438	62930	-0,083918534923560148
62940	-0,0046473398481323216	62940	-0,094543726613935244
62950	-0,0060119903158629868	62950	-0,097974778200786
62960	-0,025833139458848426	62960	-0,093500299444634852
62970	0,0023052870304537711	62970	-0,0847049502786607
62980	-0,0063792735701106822	62980	-0,091391228316299658
62990	-0,024765153453591982	62990	-0,083496370999156508
63000	0,0030208030235762693	63000	-0,080825248621019113
63010	-0,007220332776714973	63010	-0,075283086882625957
63020	-0,0042980541424737645	63020	-0,088507735869370122
63030	-0,0009858715583667332	63030	-0,076426887324533122
63040	-0,016362726069267045	63040	-0,097131908014638876
63050	-0,0015051282047151488	63050	-0,0982372050755497
63060	-0,00952450278309085	63060	-0,0833862836949428
63070	0,0011912697742531761	63070	-0,0914789546038008
63080	-0,018686579474256098	63080	-0,085910063641855078
63090	-0,012411037786716921	63090	-0,09495186617404297
63100	0,010046920417316085	63100	-0,0817606055824048
63110	0,0061015169378845066	63110	-0,087936474384969612
63120	-0,0022223118471316186	63120	-0,089615555110713715
63130	-0,02140259365671059	63130	-0,083454606759905375
63140	-0,017990336128651797	63140	-0,081571911490491492
63150	0,000869591730466509	63150	-0,087869131745187817
63160	-0,0087889678028166551	63160	-0,0847989956901213
63170	-0,003147063873815525	63170	-0,10209409675152549
63180	0,002177776374735897	63180	-0,095808463949741435
63190	-0,020159120692508734	63190	-0,07973057845731614
63200	-0,017549807346184162	63200	-0,092134954874853792
63210	-0,00882275863945982	63210	-0,078898448185178
63220	0,005058717590162568	63220	-0,096230307405807181
63230	-0,014744272275916086	63230	-0,0817526966229034
63240	-0,010984379531071021	63240	-0,096121294419367509
63250	-0,011363536193877108	63250	-0,085817008293506275
63260	-0,018694219845756747	63260	-0,0999372770469043
63270	0,0033447468949391441	63270	-0,081679928547262637
63280	-0,0077083746295570554	63280	-0,090823123547092058
63290	-0,011958077103015557	63290	-0,09195629628458106
63300	-0,0080792936678556783	63300	-0,08825295962057389
63310	-0,020436338066527174	63310	-0,082331222491535017
63320	-0,0072641125693781927	63320	-0,088714004902723576
63330	-0,015831463660331769	63330	-0,09194717123676921
63340	-0,025052963202956979	63340	-0,091499594265936221
63350	0,0026280160292019646	63350	-0,089408316671821961
63360	0,00027160352298167683	63360	-0,095347404268382382
63370	-0,011610330852664393	63370	-0,080250028300774559
63380	0,0085131493779247568	63380	-0,084446014125433053
63390	-0,0013416133090512511	63390	-0,096616893748452878
63400	-0,017495073002836582	63400	-0,10789890692978775
63410	-0,0049820622315631426	63410	-0,084318213865766559
63420	-0,013958800042969769	63420	-0,086668841795751184
63430	0,0025587398646533229	63430	-0,083543730275682
63440	-0,0087923829684934847	63440	-0,084221831562275
63450	-0,0087898121546657309	63450	-0,086496376373316114
63460	-7,9504704074947151E-05	63460	-0,083736572738342577
63470	-0,013442851277465692	63470	-0,10068615630496859
63480	-0,0010936056390032673	63480	-0,0969126920091256
63490	-0,003167908872854217	63490	-0,073393377884012484
63500	-0,0013900952171771706	63500	-0,078361864075470286
63510	-0,012349663206501728	63510	-0,10286318844409793
63520	-0,011406536008344329	63520	-0,097439108414235212
63530	-0,012698057704400165	63530	-0,0859366950788575
63540	-0,000736514056149702	63540	-0,084116911592655691
63550	-0,014174761367049591	63550	-0,10093415850788601
63560	0,0018082786612095324	63560	-0,091648272146459361
63570	-0,0046892897114828927	63570	-0,093901262138635755
63580	-0,0095965189366332762	63580	-0,086283288512020578
63590	0,0060283296391275935	63590	-0,0737604149908856
63600	-0,0079405393606996368	63600	-0,09051908209295205
63610	-0,013517408946014315	63610	-0,08697147840832381
63620	0,0037783576682422024	63620	-0,089846733297333087
63630	-0,0095898223264187822	63630	-0,08657271926654185
63640	-0,0059626915749194558	63640	-0,0777086301225493
63650	-0,0074543261368127537	63650	-0,092300876757357
63660	-0,0043373983039217152	63660	-0,076215441091191827
63670	-0,0076654503169563135	63670	-0,086178739090244177
63680	-0,012541339233433167	63680	-0,090151714657059276
63690	-0,016145929825087488	63690	-0,095421913166414227
63700	0,011895406435021077	63700	-0,098636403913695714
63710	-0,0010993231335905817	63710	-0,10984617473803678
63720	-0,015792710103442714	63720	-0,10031432889292175
63730	-0,012599887686822433	63730	-0,079267313348965723
63740	-0,0039476509114951689	63740	-0,090790479153848483
63750	0,012378620317858916	63750	-0,087942684660086645
63760	-0,010078992032727881	63760	-0,079590142298752428
63770	-0,010113053336283789	63770	-0,096515489174140268
63780	-0,0089712713566975928	63780	-0,090597298957628039
63790	-0,014351847043672985	63790	-0,091189583034218522
63800	-0,021515236604590184	63800	-0,0903432848327464
63810	-0,012993861405018551	63810	-0,091780299117576541
63820	0,0010789060681687481	63820	-0,089902411611299263
63830	-0,0069188896367668564	63830	-0,0850876349170788
63840	0,0031349035054655987	63840	-0,0746819341420091
63850	-0,0010972571233740904	63850	-0,092685419625909218
63860	-0,0205424308373082	63860	-0,093775847760885725
63870	-0,009793373517616822	63870	-0,099740114073215633
63880	-0,0030248072554613587	63880	-0,0926582523638111
63890	0,0040317082610268227	63890	-0,082836421589362164
63900	-0,0014756966177167583	63900	-0,094000400992694938
63910	-0,013588247729601457	63910	-0,09427070837688413
63920	0,00048662805509470524	63920	-0,10262929572320109
63930	-0,010221505662596367	63930	-0,079952530263462038
63940	-0,016712082463038572	63940	-0,0858272963997596
63950	-0,01059571785374365	63950	-0,093194206970926244
63960	-0,018748213249092906	63960	-0,082729753122781968
63970	-0,011105626620377508	63970	-0,076159970502431285
63980	-0,0069711414535889617	63980	-0,077354495384625244
63990	-0,027692537236596679	63990	-0,059895007508264965
64000	-0,00643051573084317	64000	-0,058420410440224939
64010	-0,008664297023339769	64010	-0,047554081001190004
64020	0,0075168091953717606	64020	-0,028965130717706081
64030	-0,010187283648930935	64030	-0,013625226375620738
64040	-0,011627926769461521	64040	-0,0016751082537662916
64050	-0,0015431941578449016	64050	-0,0074280965808052966
64060	-0,015236706897102902	64060	-0,016409284688950466
64070	-0,011745331916293381	64070	0,0011302153640524015
64080	0,0024801507067118804	64080	-0,015586032598167555
64090	-0,0075787818309780127	64090	0,010408828721839229
64100	-0,021584882020018063	64100	0,0048347066172986014
64110	-0,011967226722597058	64110	0,00018396118051634914
64120	-0,0020001677420331452	64120	-0,011789635434565748
64130	-0,010101244583043085	64130	0,0046788448989391164
64140	-0,0047488718276585051	64140	0,0041146560441169006
64150	-0,0019363228037741463	64150	-0,0024278775974171836
64160	-0,0059534270290394677	64160	0,0031414109463143093
64170	-0,00812685295294604	64170	-0,0072347644205555889
64180	-0,0098970400677967276	64180	0,0030977539108555368
64190	0,0020643661521171481	64190	-0,0038411588363892754
64200	0,0032407383353394055	64200	0,0062850173020152647
64210	-0,021928726953033304	64210	0,011699434500655694
64220	0,003047076584252319	64220	0,0023104060959784
64230	0,00043770103676204759	64230	-0,010697165319784851
64240	-0,00941877800327206	64240	-0,0041644396857034877
64250	-0,0055323841260932014	64250	-0,0051224429410043591
64260	0,0042490461023891824	64260	-0,0024751127842992967
64270	-0,017876305225949241	64270	-0,0097128576276908352
64280	-0,006838847354847662	64280	0,0045971600570588371
64290	-0,027459227131993811	64290	0,00071808897950448878
64300	-0,011952994843053547	64300	-0,0029681567834446152
64310	-0,0053618959862155374	64310	-0,000231371083327772
64320	-0,007850140773259363	64320	-0,0076170655954955618
64330	-0,010661078636113285	64330	0,0032723458010917735
64340	-0,0032088438185673982	64340	-0,00079357155145627417
64350	0,0008760589565329662	64350	0,0021556486245703269
64360	-0,0070208685194211732	64360	0,0096709521286119232
64370	0,013969876011529296	64370	0,0036559844019430328
64380	-0,0077035995162913554	64380	-0,0053234107805879413
64390	0,00758934518396113	64390	0,0046665618177356332
64400	-0,0018644734540650334	64400	-0,0025967113897802105
64410	-0,014151758674504888	64410	-0,0014829921480315241
64420	0,00325698849281531	64420	0,0076896630888184381
64430	-0,013264977049470141	64430	-0,0021155069587014325
64440	-0,017301506041293092	64440	0,0041664046505456966
64450	0,0012091572598294125	64450	-0,010052092501458094
64460	-0,00778836245315122	64460	0,013220529465588998
64470	0,0042130066590722656	64470	0,0015932887359425224
64480	-0,00055822820143092372	64480	-0,0076797987063469512
64490	-0,023386068188494206	64490	-0,009096162552996126
64500	-0,026200693222753473	64500	0,00013001778556700989
64510	-0,0079769176551413665	64510	-0,00715015942156498
64520	0,0074097960569834637	64520	-0,0057155493739375236
64530	-0,005305802386311489	64530	-0,0028176205644718159
64540	-0,0073946035589985215	64540	-0,0053041601313719268
64550	0,00922335852294672	64550	0,0026905460277155888
64560	0,00060957939183859842	64560	-0,0051434850639316765
64570	0,00059002667920177762	64570	0,00909714586158227
64580	-0,012170110773500205	64580	-0,0037856843573250303
64590	0,001624116551163689	64590	-0,0090696298763467548
64600	-0,012198395968107694	64600	-0,0020132253899607
64610	-0,0091950879959606935	64610	0,011981208724877675
64620	-0,0066904449278518893	64620	0,018678557124376445
64630	-0,011587338901172046	64630	-0,0088386573222758672
64640	-0,0068255106529017786	64640	0,0020956482488538705
64650	0,014625200653053585	64650	0,0029028170866624995
64660	-0,014917309215083141	64660	-0,00439848820381813
64670	-0,0036377743223342442	64670	-0,01431810231792178
64680	-0,0087351186899354023	64680	0,0038937977782088355
64690	-0,0034549189080187014	64690	-0,0034318406230050115
64700	-0,0045754473145751462	64700	0,005620687125301815
64710	-0,00424217228673452	64710	0,0010929640757162476
64720	-0,0013078927576372667	64720	0,0020835355162756516
64730	0,014332634211211032	64730	0,0016510455409468224
64740	-0,010339154503541352	64740	0,0067966409728297513
64750	0,003587476199622268	64750	-0,013692889982866436
64760	0,0063732009458799532	64760	0,009898969369379982
64770	0,0038956169699903044	64770	-0,00042761286566943177
64780	0,00666642272096964	64780	-0,00600042948005903
64790	0,00086288684786185342	64790	0,0012990804879823459
64800	0,020868041710770245	64800	-0,0018952294267305359
64810	-0,0051884647208310765	64810	0,00497459504895924
64820	0,0039478566913937717	64820	0,0042965388302272194
64830	-0,015972884143255355	64830	-0,0033341602640631668
64840	0,0096807731405749945	64840	-0,0093239290480860819
64850	0,00017865007528883363	64850	-0,0054936623635023036
64860	-0,0078674415074418465	64860	0,008706474715796721
64870	0,00030764741332465426	64870	0,0054977077736405137
64880	0,013229954062189396	64880	0,0069313474104802427
64890	-0,002017508988063734	64890	-0,0024178605574520541
64900	0,018243812605712381	64900	0,002141162645621318
64910	0,0032020650029389581	64910	-0,0042955251464952054
64920	0,0010011301558833113	64920	-0,015930804334324571
64930	0,0079935906821077211	64930	-0,0035504245368033773
64940	0,012201755875515113	64940	-0,0026047835516375519
64950	-0,00436194567423712	64950	0,0024957542509065206
64960	0,0045865261066272336	64960	0,0087373276682271052
64970	-0,011600505126364935	64970	0,0015676872420679693
64980	-0,0036552047947822986	64980	0,003116282983256754
64990	0,012152864745531766	64990	0,0074352530224734547
65000	0,011638549861754577	65000	-6,9768518927298329E-06
65010	0,0048508910226225492	65010	-0,0051795267313851914
65020	-0,0038061677213159584	65020	-0,00089460235878314532
65030	0,016059557122147738	65030	0,0005615746032003354
65040	-0,006863459759358299	65040	-0,0085264535575211246
65050	-0,0026574075709346365	65050	0,0048846656870294037
65060	-0,0099944333044759883	65060	0,0019975974462940567
65070	0,0016763058664077274	65070	-0,0037882679753911993
65080	-0,0011146576089966038	65080	0,010380968008088694
65090	0,001705260258863614	65090	-0,00088803820489721146
65100	-0,012870434582220335	65100	-0,017715668226526437
65110	0,0053393582130704508	65110	0,0024875119403793677
65120	0,0033637975870684216	65120	0,012621774557723885
65130	0,012405239696525197	65130	-0,0076923622362479087
65140	-0,010966403535328838	65140	0,00034200648243300143
65150	-0,0029230059457147632	65150	-0,00052919653537002208
65160	0,0027234545032883885	65160	0,0031102761532596887
65170	-0,005958275809015705	65170	-0,021160006036083871
65180	0,0029531216217900582	65180	0,01163648208478738
65190	-0,008531465176217801	65190	0,00205008118766103
65200	-0,007121837247686497	65200	0,0029259689307922637
65210	0,0085669006431332156	65210	-0,0030718493268682488
65220	0,0081047360234924645	65220	4,07027684637012E-05
65230	-0,011839680640507473	65230	0,011618325415554536
65240	-0,0061508237626827916	65240	-0,0030245896900651238
65250	-0,0026555494575506776	65250	-0,0020090058709333297
65260	-0,000620790722898114	65260	-0,0042775488038925662
65270	-0,01965823058668062	65270	-0,0024227514147603618
65280	0,0033909838413366945	65280	-0,0025076345613036727
65290	-0,00293122203123753	65290	0,006074106844790054
65300	0,0014725535827146443	65300	-0,0099243364015293156
65310	-0,015880889394184684	65310	0,011626275500738824
65320	0,0078936514622870036	65320	-0,0074635784797585777
65330	0,0066958457571485745	65330	0,0098800307030993944
65340	0,0030610287956742421	65340	0,024142446891022028
65350	0,0073211428623318241	65350	-0,0030417060407598568
65360	0,0085759191308135575	65360	0,0036785702243728909
65370	0,0017864672238927177	65370	-0,0014212898590975427
65380	0,015854016019330876	65380	-0,019785864201297913
65390	-0,0081356604960228247	65390	-0,010600238079806038
65400	0,013711412095751448	65400	-0,013621510395086106
65410	0,0036370251872382526	65410	0,0037143769230049573
65420	0,00908769211742033	65420	0,0015651086156771
65430	-0,022880965532481957	65430	-0,0011968818019100988
65440	-0,019072923494255649	65440	0,0039881403276213513
65450	0,021757964458225646	65450	-0,0066573423070972922
65460	-0,00916682301293654	65460	-0,00011317930862868615
65470	-0,0026598050174874007	65470	-0,002505237522425317
65480	0,022433977982821762	65480	-0,012077333232521255
65490	-0,014787602386380997	65490	-0,0082222529154642454
65500	-0,0056583796816952739	65500	-0,00588965676901525
65510	-0,00841671949078993	65510	-0,0055023629091935592
65520	0,0079363755968634569	65520	0,0051681028359222437
65530	-0,019439061684102452	65530	-0,0080997862267687525
65540	-0,0077487879947210885	65540	0,022101538071176836
65550	0,0068828487401825528	65550	-0,0019901909013205865
65560	-0,0023844428345722113	65560	-0,0087908176474567369
65570	-0,0033008040758066488	65570	-0,0081798968689179921
65580	0,010089804632434696	65580	-0,0015197462715932607
65590	0,0039824948132494136	65590	-0,0052233666172187294
65600	0,012741894226041807	65600	0,0066548555862085091
65610	-0,027525669661161888	65610	-0,00942994098715427
65620	0,0019040760602900984	65620	0,00050468710244852761
65630	0,00076751437990178479	65630	-0,0021447394211265773
65640	5,1538794995391377E-05	65640	-0,0156225829923735
65650	0,00068339106884140121	65650	-0,0025755471804988685
65660	-7,4871321436413343E-05	65660	0,0046569040144196269
65670	0,010404929283284833	65670	-0,00052461601087747708
65680	-0,009442496959818223	65680	0,00723575736862796
65690	0,00743718390891979	65690	-0,00182871542913415
65700	-0,012231697604123504	65700	-0,0036572323869523051
65710	0,0047468181367432668	65710	0,0053309620230234285
65720	-0,00079327548252096152	65720	0,0046664623829674248
65730	0,017528266855735022	65730	0,0027691723489885883
65740	0,004919605023913	65740	-0,0020805125837483306
65750	-0,0030184230521651144	65750	-0,020265053354464477
65760	-0,0087097821040216135	65760	-0,0022937336588778686
65770	0,0014569783886471111	65770	-0,0010149305811236247
65780	0,0016215857764873512	65780	0,0066352416348727837
65790	0,00654152893710643	65790	0,011396668283456798
65800	0,01032642390276573	65800	-0,005271455593415385
65810	-0,016818199398161138	65810	0,0024930386989080043
65820	-0,003670645947443177	65820	0,00458060162529659
65830	-0,00079052997524315912	65830	-0,0058503271462857723
65840	-1,9533516709506004E-05	65840	-0,010817753420075274
65850	-0,0049443360125021778	65850	-0,011363292301620203
65860	-0,021249353776578356	65860	0,0035343375955588386
65870	0,010040584036624006	65870	-0,0011989043653659673
65880	0,005553310136743074	65880	-0,0077175200643182524
65890	-0,006817095460592928	65890	-0,011757176236313295
65900	-0,008985043834001262	65900	-0,0069730991655668848
65910	-0,010921528940057441	65910	0,0014337192616600256
65920	0,0035999442848768434	65920	0,019362626844214966
65930	0,015167922585622377	65930	-0,0058780081810660108
65940	-0,0065443664042611344	65940	-0,00015432397721701211
65950	0,014374590935643172	65950	0,0032474841294450945
65960	-0,010043670969535916	65960	-0,00044129042797524704
65970	0,0062244238316383283	65970	0,0096590772706657332
65980	-0,000469716503776802	65980	0,014810517198032717
65990	0,0016873717580744155	65990	0,003700824881995564
66000	-0,00031810722133074359	66000	-0,0033692913490633684
66010	-0,030443759561186178	66010	0,0039791890888446063
66020	0,0034128753677824309	66020	-0,0070706807063894584
66030	-0,024585149617735311	66030	-0,0030152581291313127
66040	0,011570334866552219	66040	-0,007090805759742083
66050	-0,0027225493650285472	66050	-0,0085256312272329951
66060	-0,0028783033725752233	66060	0,013905715975576436
66070	0,028116472800330673	66070	0,0058658979428399443
66080	-0,0043035101576970819	66080	-0,0041013449183461984
66090	0,00077153742589845624	66090	-0,0043169990227182719
66100	-0,011977740523122022	66100	0,0039388446909566065
66110	0,0022076166041561564	66110	0,0090417114456036052
66120	0,012370026882818765	66120	-0,00076762242466226751
66130	-0,0075720959848193884	66130	-0,0034124813885468672
66140	-0,0014219581160430591	66140	-0,0057457891806637984
66150	0,0023500819358561603	66150	-0,0030276083560511076
66160	-0,013727156135498676	66160	0,0047963985056228087
66170	0,011973465912031465	66170	0,0057534296422698189
66180	-0,0071433514216828328	66180	-0,00050902295404618378
66190	0,0008811894101109027	66190	0,0024315093480838704
66200	0,0089677814554516063	66200	-0,009523237157902209
66210	0,0048377829536155013	66210	0,002689210089954968
66220	-0,0027808837322862556	66220	0,011739881316539264
66230	0,001266924921095268	66230	0,0016069871330537766
66240	-0,0023319674372116036	66240	-0,0056393140273282277
66250	0,00065540622853375787	66250	-0,00022828553178247854
66260	0,010652762677014885	66260	0,00048074341763067939
66270	0,024872429937625243	66270	0,0075174289436559273
66280	0,011289775180057294	66280	-0,0080449830645969462
66290	0,00020719775393115311	66290	0,0030397654951078716
66300	0,011585179638218193	66300	0,016982489242216865
66310	-0,0012422119054260686	66310	-0,0042874851649489622
66320	-0,002336005332453278	66320	-0,0027904265253283775
66330	0,0024091182914100615	66330	0,011629809463500297
66340	0,00987717783687434	66340	-0,011031019202343218
66350	-0,0038720974055748568	66350	0,0045554545927820331
66360	0,0019557631408810921	66360	0,0139374232416348
66370	0,0088207803906257942	66370	-0,0016165276014957909
66380	0,0042281216785747949	66380	0,0031318316258055379
66390	-0,00018554176083398374	66390	-0,0093873779206766865
66400	0,0055658569711702294	66400	0,0023199170807631665
66410	-0,011167659546938078	66410	-0,001847311086835463
66420	0,013077836775522862	66420	-0,0070156887001073314
66430	-0,006175496925066421	66430	-0,0026573970561048232
66440	-0,012784086169759727	66440	0,013468254059447753
66450	0,0084262189506687547	66450	0,0010632090288584814
66460	-0,001047800991682443	66460	-0,0031505651990779279
66470	0,008357960102936917	66470	-0,011771500471168804
66480	-0,0099369867999090609	66480	0,0026724217547817375
66490	0,005592738837579909	66490	0,006093703593626632
66500	0,00811352458984264	66500	-0,00015470835745848009
66510	-0,0030304945218372448	66510	-0,0043908668265668863
66520	0,011793774609894754	66520	-0,0031395429895675667
66530	-0,0048593329530870607	66530	0,014310827306327913
66540	-0,0043805714103629673	66540	-0,020975432022647948
66550	-0,013926777028180671	66550	-0,0033540004844628945
66560	-0,0074426823506996923	66560	-0,00082857487269339921
66570	-0,00054399336204426815	66570	-0,0055443961281064543
66580	-0,0024929040116135697	66580	0,00050437324650248131
66590	-0,01618129957708531	66590	0,0029344718973453436
66600	0,0045685466245607249	66600	0,0053186893713186995
66610	-0,0064146223351983014	66610	-0,0052552621944159314
66620	0,012439466943895857	66620	0,00010724421653758488
66630	0,0042868778905024111	66630	0,00939232901386277
66640	-0,0051070610019971876	66640	-0,0010071103047239885
66650	-0,0050675661117580055	66650	0,0072496587340403623
66660	-0,014664329103598123	66660	-0,0083604502120833719
66670	-0,003459651423653965	66670	4,8079028240771482E-05
66680	0,0030014024565317206	66680	-0,0072129518983928918
66690	0,0027771773088946169	66690	0,0059606646484598709
66700	-0,007326556206693393	66700	0,004981553649158782
66710	-0,0068959023295102678	66710	-0,0096915214926880273
66720	0,0029184018193119015	66720	0,0027760909306945789
66730	-0,0072831609966685406	66730	-0,014927402620382134
66740	0,00521487916828139	66740	0,011165862517626864
66750	-0,020267148098650385	66750	-0,0095740466794919064
66760	0,01527912419518682	66760	0,0019275506999214486
66770	0,0049673834982147782	66770	0,0014235156483904438
66780	-0,012394687989837245	66780	0,0013731972020736122
66790	0,0053498532589540664	66790	0,0049649816656038145
66800	-0,0087220502162251544	66800	0,0072666566622704007
66810	-0,0069080810452150981	66810	-0,00240911590613402
66820	0,0257839477536254	66820	-0,0061407921719447761
66830	-0,0090842461546587448	66830	-0,0026059272942491234
66840	-0,014236528363516805	66840	-0,0035098926455652021
66850	-0,0024814866036674478	66850	-0,003177523771936155
66860	-0,021753625739544452	66860	-0,000677786848490696
66870	0,003393800482802971	66870	0,0062141118782333251
66880	0,01688576763652708	66880	-0,00886748704018012
66890	-0,0062759420277051755	66890	-0,0022100497318041693
66900	0,0080557040734677114	66900	0,011423376213597597
66910	-0,0080595185563245245	66910	-0,00096076085011622217
66920	-0,005357208095822426	66920	-0,0070704422260863186
66930	-0,0086212870285466356	66930	0,0068630660408331157
66940	-0,0048269981636392826	66940	0,00827905169199601
66950	-0,0013935132285871183	66950	-0,0027504539242728773
66960	-0,0017383101815648561	66960	0,0059835983715899755
66970	-0,0026565872342242257	66970	0,00085989744128383194
66980	0,0024264905192384924	66980	-0,0048958901006156243
66990	-0,0069038355464534542	66990	-0,0038318984043715426
67000	-0,000567282724903534	67000	0,00064938213067004032
67010	0,0055931829769040667	67010	-0,012365276062682748
67020	-0,0044295241583841728	67020	-0,007113918273633303
67030	-0,0105114113184895	67030	-0,0044037216819647774
67040	-0,0023482936769380781	67040	0,0042695459455164278
67050	-0,0071592847364981569	67050	-0,0034498805704840717
67060	0,0071106900481734637	67060	0,0035082853332629163
67070	0,0161420515051284	67070	-0,00527713865663576
67080	-0,012292760840711424	67080	-0,00556259077133836
67090	-0,010068457171595669	67090	-0,0045245997375692147
67100	0,0055003530560866756	67100	-0,0056998316252963605
67110	0,010082361161304997	67110	0,0032644027125410349
67120	-0,010026976123026552	67120	0,0021123449985167055
67130	-0,0015351448774023797	67130	-0,0019807917529640678
67140	-0,0036827883570039921	67140	0,0037777673888427809
67150	-0,012429679358875949	67150	-0,0067626833304214005
67160	-0,010211751012005344	67160	-0,0012882351016079436
67170	-0,0036379576006159492	67170	-0,0054098198557931869
67180	0,00088737344500254827	67180	0,010689271521468233
67190	0,00937991794856168	67190	-0,0045851954672742482
67200	0,01360990448915202	67200	-0,011945215728830257
67210	-0,0099444892613851	67210	-0,0071137512013608661
67220	0,00312176553047556	67220	0,0012609496742650433
67230	-0,015482424705429421	67230	0,002402782572505873
67240	-0,0026300492503520817	67240	-0,0039135659027357992
67250	0,002383016889167261	67250	0,004608275777355471
67260	-0,01261021862462885	67260	-0,0038678347352954848
67270	0,00897801213665756	67270	0,00013091248991872463
67280	-0,0014288084950340142	67280	-0,00844242037525481
67290	0,0066613633423002108	67290	0,0052359158524455949
67300	-0,0067244897130824214	67300	-0,01427148559864669
67310	-8,088988295488529E-05	67310	-0,0012616786942389983
67320	-0,0020520481829783459	67320	-0,014720351849794046
67330	-0,0035886571296566863	67330	0,0032687846932399818
67340	0,010810486968911372	67340	0,026248965493870575
67350	-0,0067449271445385378	67350	-0,0025608369439464392
67360	-0,00099289421771824233	67360	0,0094005867503159871
67370	0,0048435860065088356	67370	-0,0012922588173709384
67380	0,0035072789634178359	67380	-0,0088651640595415922
67390	0,00052911728163468135	67390	-0,0020775601620045291
67400	0,0010034611586351473	67400	0,00095207973394647932
67410	-0,02283073401686497	67410	-0,0056456316016290572
67420	0,0070549903942317155	67420	0,0089385271018023477
67430	0,00698797788463234	67430	0,015837842018926931
67440	-0,01105379226505683	67440	0,0027628978261619954
67450	0,011143172634387607	67450	-0,012707088528667677
67460	0,0066024872043509378	67460	-0,01377573069135591
67470	-0,011857105698811373	67470	0,0061933112370850963
67480	-0,0027628632983687125	67480	-0,013250411076122898
67490	0,01471463275254435	67490	0,0052257216038426226
67500	-0,0049529845278014064	67500	0,0075781136314772724
67510	-0,015490421724087905	67510	0,00099099036236496483
67520	0,0053175225205109467	67520	-0,0024736962899027286
67530	-0,006182258807521171	67530	-0,00072422918184370086
67540	-0,00074817819980773856	67540	9,5714894930782745E-05
67550	0,0011824425717432638	67550	-0,0054668214184520258
67560	-0,010425665378333558	67560	-0,012753651964023749
67570	0,0046925557428525166	67570	0,012125792189903254
67580	0,016893415850362161	67580	-0,00908319210809306
67590	-0,010307628712725284	67590	0,0025527122877653462
67600	-0,0070787644800973069	67600	0,0097024334301084054
67610	0,00013067175637157264	67610	0,0082801108721110676
67620	0,011899000350533132	67620	-0,0024280429677735475
67630	0,007356141253151989	67630	-0,00862122995249012
67640	0,0032096487470239907	67640	0,0033081011175284613
67650	-0,004380738132683925	67650	-0,0037505962377092383
67660	-0,00086773545647216412	67660	-0,0051718911669754852
67670	0,007642640437181083	67670	-0,0030895735049645684
67680	-0,0008625986800833024	67680	0,00053997128512553265
67690	-0,0038190711713253708	67690	-0,011969745580095833
67700	-0,0041815328066210338	67700	-0,00013989371133526707
67710	0,006308749274868632	67710	-0,011453653416885094
67720	0,0076754413494813717	67720	0,0023705135939347593
67730	0,0074453479199084859	67730	-0,0041020429469930085
67740	-0,00802330911822359	67740	-0,0027196700017358064
67750	-0,007311334375942914	67750	-0,005459547802869117
67760	0,0029035042907643847	67760	-0,003994446133779259
67770	-0,0046485605062154	67770	-0,0043079405097626138
67780	-0,014363063281275361	67780	-0,0048872128583796141
67790	-0,0084163855719893363	67790	0,00892453802463182
67800	-0,006149421927279651	67800	-0,0026345783014177239
67810	-0,0015735005381427776	67810	0,010861266921722575
67820	-0,0017526460006643528	67820	-0,013544362779327768
67830	0,016912176845789429	67830	-0,0058152370705353354
67840	-0,00047028784692351624	67840	-0,0035603173733994987
67850	-0,0095185823691394025	67850	-0,0012058718537948027
67860	-0,00023844905204738591	67860	0,014899302131640134
67870	0,0078998221997647038	67870	-0,0018350427530512187
67880	-0,0033951428640948025	67880	0,00081065710817882159
67890	-1,320150519840952E-05	67890	0,0047975437756011992
67900	-0,012893788376827656	67900	0,0014649416097675854
67910	-0,0079683318429436059	67910	-0,0092859876876988656
67920	0,0037781995858118451	67920	-0,012730973939010485
67930	-0,0053596699040470049	67930	-0,011165576469786167
67940	0,0076681594796877721	67940	0,00738557442199365
67950	-0,0063088824701798057	67950	0,0082067547778825
67960	-0,00636961631616545	67960	0,0023169891994759594
67970	-0,0055242005790479545	67970	-0,0098875270525864353
67980	-0,00983336500790879	67980	-0,010809978444410805
67990	-0,0002581000184374557	67990	0,0081137721224365852
68000	0,0140055915135969	68000	0,010183180467533125
68010	-0,0223949291475352	68010	-0,017829481867512275
68020	0,01085372537653638	68020	-0,0036246506609257387
68030	-0,0036104263608644337	68030	0,0017707807671403658
68040	-0,00955518966130135	68040	0,0078020102727312047
68050	-0,0012650634848633184	68050	0,0045014919056974474
68060	-0,0085254795057400582	68060	0,008221556310547825
68070	-0,015281255133091549	68070	-0,0094777020997754
68080	-0,0014443307846249941	68080	-0,00073071402635945708
68090	-0,01040756990943062	68090	-0,0041908966349060656
68100	0,0045210005937513413	68100	-0,00049777899950355646
68110	0,00535554180337837	68110	-0,010576901013499881
68120	-6,7666884900386635E-05	68120	0,018280362314437686
68130	0,0074748151389163733	68130	0,002329058885741764
68140	0,016039139419976541	68140	0,0087187619670748649
68150	-0,0063970668535980107	68150	-0,011280203799829828
68160	-0,003169804501083028	68160	0,011684317220298288
68170	0,017809619270132165	68170	-0,0011568892822938347
68180	-0,00069737832310834858	68180	0,0045229877481089871
68190	0,011848758986420481	68190	-0,0055758515869829394
68200	-0,008361805569007414	68200	-0,010216271462437736
68210	0,00074731298968261383	68210	0,012186535257861812
68220	0,0077791407010976811	68220	0,01201089793311653
68230	-0,0028420051229470387	68230	0,0050145942181218121
68240	0,00076965801311678207	68240	0,00566168806932484
68250	-0,0034225354911861937	68250	0,0024786703750546103
68260	-0,010595010513717477	68260	-0,0061949704261477171
68270	0,0013776664749181678	68270	-0,0063039092809866124
68280	0,00091004431441375582	68280	0,0041368656374240372
68290	-0,012247239672871536	68290	-0,010880945793085515
68300	0,015030031363089913	68300	0,0032214508768473962
68310	0,0078167575669496666	68310	0,00821334291591431
68320	0,0010848258005451302	68320	-1,1922630923735852E-05
68330	-0,00048631591218600145	68330	-0,012232269899119231
68340	-0,0032076540410966264	68340	-0,0091681408612269578
68350	0,0090002885742150214	68350	0,0051191257708937087
68360	0,013829986381644087	68360	0,0042476254990397276
68370	-0,0024811931367766603	68370	0,01242046926768974
68380	-0,0053647562881590375	68380	-0,00833146190371982
68390	0,0068190988100381763	68390	0,00206876355092339
68400	0,011921228041215273	68400	-0,002793761639555302
68410	-0,0023892759145742082	68410	-0,0014656458213927238
68420	0,013218002337836321	68420	-0,01096446390046452
68430	0,0079512704949847683	68430	-0,001258848670889326
68440	-0,00057175875761022467	68440	0,0060822384162368221
68450	0,0062752652048178193	68450	0,010765348077761002
68460	-0,01301179986676137	68460	-0,00412884324552348
68470	0,0098191032683955255	68470	0,0020691679075938683
68480	0,0056665161928586118	68480	0,0071820060825628241
68490	0,016873957642318686	68490	-0,0010453775279143983
68500	-0,00026240743992151912	68500	0,0013483238274203512
68510	-0,00062464710919670754	68510	0,0037067176385932521
68520	0,0083877502384433443	68520	0,0018456735365438676
68530	-0,0012475928764792753	68530	0,0038570866777789463
68540	0,0025195982142344536	68540	0,0034698292213275589
68550	-0,0011702835255676925	68550	-0,0047464291575268483
68560	-0,0033130463774468442	68560	-0,0016237223905857365
68570	0,0051956581118821	68570	-0,012305164567038625
68580	-0,020209343849574089	68580	0,017805007854300437
68590	-0,016117549754986773	68590	-0,0041318948495747965
68600	-0,014241565695096591	68600	-0,001347756130776377
68610	-0,01722851517863731	68610	0,015414495014898718
68620	0,010567148917307591	68620	-0,010101946550092746
68630	-0,0076578854115582524	68630	0,014542977449903655
68640	0,0095468325313312324	68640	-0,0037281171843989661
68650	-0,0049731994362402958	68650	-0,0042562110670948672
68660	0,003312799014756613	68660	-0,00090416863802710414
68670	0,0094286545209240676	68670	-0,000881967874001939
68680	0,0027454258043885468	68680	-0,0079539075270124351
68690	0,0056990210731560085	68690	0,017432420082871918
68700	0,0039697785219113242	68700	-0,0075033767761216895
68710	-0,007833976276157421	68710	0,013993749028441827
68720	-0,0079912852354771576	68720	0,0070388910025847313
68730	0,023248939058109312	68730	0,00096397016280686107
68740	0,0042072754783418391	68740	0,00395428351087869
68750	-0,013754596849543362	68750	-0,004928692404847705
68760	-0,0022684041862612485	68760	-0,0026727250931466804
68770	0,012852169336639685	68770	-0,0077343274706021441
68780	-0,00545618048818288	68780	0,0022158414460243612
68790	-0,0049817459125889533	68790	-0,0060204666139421267
68800	-0,002043945258447903	68800	-0,0011332116917533608
68810	0,011058511802064642	68810	0,0058673478394373818
68820	0,0029639380886084961	68820	-0,00058783962266369019
68830	0,014171654608317817	68830	0,011551273193619066
68840	-0,00700770769211579	68840	-0,0065886838534792158
68850	0,0033829909110578123	68850	0,013270230678203406
68860	-0,0031592455590954685	68860	-0,0031274296631706154
68870	0,0063127971341012425	68870	-0,0045588271543910344
68880	-0,020675389184976672	68880	0,0037366939370682786
68890	-0,0048234723855057277	68890	-0,008041137654015245
68900	0,0075347461215922095	68900	-0,00583899949728819
68910	0,00018951050205676139	68910	-0,0019578287480250495
68920	-0,0056243477241496283	68920	-0,01176247520625587
68930	-0,0087858481035147651	68930	0,0052161508762425543
68940	-0,012407920167807424	68940	0,0099620857482406767
68950	-0,0010671922131360219	68950	-0,0032466676024939549
68960	-0,0083638836023482918	68960	0,0047449012706070239
68970	-0,0037029647999084125	68970	-0,012355462267283181
68980	-0,0054306780226325837	68980	0,00054144762040164122
68990	0,0082772430390623975	68990	0,0085564792013034414
69000	0,00397375797889354	69000	-0,0091213441107910031
69010	-0,0057383170734726522	69010	-0,01142272230040879
69020	-0,00087643068288879682	69020	-0,061586309948515404
69030	0,0071263716605040684	69030	-0,11978499824737547
69040	-0,046070359571536365	69040	-0,1865476449411331
69050	-0,0066360830729368181	69050	-0,31681195393416411
69060	0,015148318332239378	69060	-0,38896395959942587
69070	0,025658123741273183	69070	-0,3982341510681297
69080	0,010830985219886815	69080	-0,4112391155340962
69090	0,014307215329687678	69090	-0,370791839550876
69100	-0,0064070109512645778	69100	-0,32384689098971148
69110	0,040839041621433307	69110	-0,30713574060136251
69120	0,051287871017875138	69120	-0,2573333027724985
69130	0,017312091790469143	69130	-0,14493360450349518
69140	0,0054351870031703513	69140	-0,34765024011071216
69150	-0,0083225614209940287	69150	-0,34427179843909028
69160	-0,052307750896038452	69160	-0,19852685729500286
69170	0,11600285167285457	69170	0,047090988782752981
69180	0,053573374641254716	69180	-0,12064816240687806
69190	-0,12572570183702261	69190	-0,067697392318601765
69200	0,054365120618015766	69200	0,43038541256570118
69210	-0,10938388479085497	69210	0,86167148570870211
69220	0,011850627065368193	69220	0,78883437175889481
69230	-0,1607718589234988	69230	1,4473845263730305
69240	0,075100479138341988	69240	1,558903481674494
69250	-0,026947988923365907	69250	1,3339518344845374
69260	0,10519335514076182	69260	0,882545056690264
69270	0,038136968182109876	69270	0,67186329918510013
69280	0,035754588231295029	69280	0,45544099696963192
69290	0,089651441628614326	69290	0,21229407383604151
69300	0,081280492215889649	69300	0,027148074842301449
69310	-0,0010280842747571268	69310	-0,0917387699952905
69320	0,0036088305097523605	69320	-0,12063886852370806
69330	-0,028050744804317688	69330	-0,10947725398392574
69340	-0,020320770596153819	69340	-0,078574466641610427
69350	-0,050534338133034214	69350	-0,050625487202486191
69360	-0,073199244979184619	69360	-0,25270727596248982
69370	-0,063917292421896088	69370	-0,51594797568486128
69380	-0,036186318643142111	69380	-0,670861334633289
69390	-0,043330204657045263	69390	-0,728775644048779
69400	-0,042435973686135574	69400	-0,7024016232886322
69410	-0,020682185528856215	69410	-0,61451283492823128
69420	-0,02011844335196418	69420	-0,46272158800745522
69430	-0,017905954977143757	69430	-0,30103793233509946
69440	-0,020869934049329748	69440	-0,16757885761023797
69450	-0,0371536571907218	69450	-0,076054309231732661
69460	-0,043065306801536724	69460	-0,015853344127169884
69470	-0,052637892621755195	69470	0,010069429429287595
69480	-0,058054827406862873	69480	-0,031966810166095122
69490	-0,040081471675582535	69490	-0,062318130828729688
69500	-0,045908654057285447	69500	-0,075147022981227427
69510	-0,038881093296567575	69510	-0,11673696930372331
69520	-0,030638407969909069	69520	-0,11322556126326884
69530	-0,048386238605442729	69530	-0,12906767973448682
69540	-0,021240349145644426	69540	-0,10054912415728196
69550	-0,029112982204384276	69550	-0,10045468295432469
69560	-0,049323209231204507	69560	-0,054468535020513756
69570	-0,027688649415488559	69570	-0,060589464268804884
69580	-0,036314708324622968	69580	-0,046936922326613277
69590	-0,038987215242466407	69590	-0,03628718771675675
69600	-0,045024740318024462	69600	-0,052853739952141321
69610	-0,024239499771622888	69610	-0,046960106187227138
69620	-0,027321345586678286	69620	-0,047231453501721886
69630	-0,0384065973251716	69630	-0,054209581580571639
69640	-0,023983451115447568	69640	-0,071114695889371429
69650	-0,035826197736456913	69650	-0,061304563744401422
69660	-0,043817789061378586	69660	-0,052685134389682836
69670	-0,038745331263222334	69670	-0,068660599006637985
69680	-0,041090572904157664	69680	-0,059812125142503704
69690	-0,026780533536557273	69690	-0,065580730981682253
69700	-0,0281894192069421	69700	-0,048496648001810333
69710	-0,0392651374358626	69710	-0,04693012295549516
69720	-0,040463595256732418	69720	-0,058095763100086142
69730	-0,032111113993937526	69730	-0,050602338936412146
69740	-0,026754626951953148	69740	-0,048021342444467173
69750	-0,026057343684032057	69750	-0,05916442335700365
69760	-0,036965517284984588	69760	-0,056572317364875939
69770	-0,042617744423406427	69770	-0,064663521814313285
69780	-0,029195724481311087	69780	-0,040076993084377635
69790	-0,02785172733994936	69790	-0,076859910794012359
69800	-0,019031345061956095	69800	-0,042442306488308067
69810	-0,0411996054047222	69810	-0,036710509136974566
69820	-0,028475393573389469	69820	-0,06971246956867129
69830	-0,03797657061670337	69830	-0,055964168783219921
69840	-0,034106591442397166	69840	-0,041870057084332925
69850	-0,035719924787418346	69850	-0,054063305979574483
69860	-0,035708598656398048	69860	-0,047488040398122662
69870	-0,029611461256243185	69870	-0,051944031049806418
69880	-0,035519674914800271	69880	-0,051929453756942523
69890	-0,043124596360132904	69890	-0,056709146034365707
69900	-0,022661279907678224	69900	-0,056534354461341432
69910	-0,056861935388088945	69910	-0,054442206483164286
69920	-0,033501560780756577	69920	-0,049373660794648166
69930	-0,030691242039525706	69930	-0,058294739617630827
69940	-0,038070475047436166	69940	-0,0459864410714837
69950	-0,034388027303735157	69950	-0,058687686669510492
69960	-0,038418822228757137	69960	-0,048584384857412316
69970	-0,033455658348016309	69970	-0,050589007279058948
69980	-0,026644311976079957	69980	-0,040896525056621606
69990	-0,039664463357964586	69990	-0,058354054359347547
70000	-0,022111050482117263	70000	-0,062236968096744061
70010	-0,052746403188543955	70010	-0,042131555739975693
70020	-0,047320797737068356	70020	-0,057670439022861605
70030	-0,033258874943789013	70030	-0,053609295272345057
70040	-0,031905676640339262	70040	-0,044010129176388149
70050	-0,042464222891120645	70050	-0,067216690273345758
70060	-0,035227880448773653	70060	-0,0471164181309589
70070	-0,043193878638172915	70070	-0,046856660789300439
70080	-0,027471523907361677	70080	-0,051322188926932695
70090	-0,032134790544885723	70090	-0,046634447004071516
70100	-0,0387730555631812	70100	-0,042113621201301868
70110	-0,036360459768304106	70110	-0,05944526958634147
70120	-0,02424919991862827	70120	-0,065823880670476287
70130	-0,043661898377180715	70130	-0,049647650753983259
70140	-0,018899286050948264	70140	-0,04445265909207554
70150	-0,032199478125548277	70150	-0,057266543606920635
70160	-0,028590407194937766	70160	-0,050432704871459552
70170	-0,03943272899740765	70170	-0,057454344191918388
70180	-0,042944482753301025	70180	-0,063386168791977518
70190	-0,031210458423205831	70190	-0,048396782587738725
70200	-0,037915046988110837	70200	-0,049544822234861181
70210	-0,031715756642637025	70210	-0,034930581488646154
70220	-0,039302499726126365	70220	-0,066607736539107856
70230	-0,045157055005677571	70230	-0,047771898963413079
70240	-0,030611719057443334	70240	-0,046296015722287726
70250	-0,036848324722798649	70250	-0,044653667234071451
70260	-0,034013113815545941	70260	-0,044573516591507212
70270	-0,028417691476238727	70270	-0,060956966369107274
70280	-0,052842743618334485	70280	-0,05584537231211234
70290	-0,0329707454238856	70290	-0,051252584846856165
70300	-0,025731622901538468	70300	-0,0513146621598078
70310	-0,033834139584789751	70310	-0,048195549018403609
70320	-0,032152118314187565	70320	-0,045971324467574154
70330	-0,041257098211671631	70330	-0,045723265627092689
70340	-0,048743267476915993	70340	-0,054219528246247796
70350	-0,043643130262430885	70350	-0,05145774366088262
70360	-0,046502343474972688	70360	-0,042538511691307707
70370	-0,027892069668346991	70370	-0,0586023920976433
70380	-0,028229243264293245	70380	-0,043817105503865181
70390	-0,037218566305244435	70390	-0,050615709734082671
70400	-0,027787514958360557	70400	-0,05643368405325877
70410	-0,041509948993946583	70410	-0,04698887358848311
70420	-0,037060083081485243	70420	-0,056650345665398207
70430	-0,024614586645899387	70430	-0,038631641663759417
70440	-0,035698213507982	70440	-0,054964322624764882
70450	-0,040396251247404633	70450	-0,065339370222319212
70460	-0,041813085631819714	70460	-0,051232436324645483
70470	-0,027722859696844921	70470	-0,058390073128085682
70480	-0,042977122495553473	70480	-0,055876665998129016
70490	-0,037290498376130916	70490	-0,046967396190718526
70500	-0,035769714244967582	70500	-0,040955667169950645
70510	-0,032779834988506271	70510	-0,0509741669992551
70520	-0,026013698401037715	70520	-0,056229420670779358
70530	-0,039380487366835477	70530	-0,051063033351221913
70540	-0,022992349539979914	70540	-0,054980767682472592
70550	-0,042430610287613947	70550	-0,05722679958915531
70560	-0,035999327045619978	70560	-0,049418479305016673
70570	-0,024726964366569043	70570	-0,05441305321023094
70580	-0,034001362898713673	70580	-0,050533718158493841
70590	-0,0266665416416707	70590	-0,048451794515193859
70600	-0,032055342360434516	70600	-0,049363458952982026
70610	-0,032876062313446745	70610	-0,0434321246079236
70620	-0,033842709251411522	70620	-0,044677781182900028
70630	-0,032385226003573561	70630	-0,053148978979604578
70640	-0,048839329602200762	70640	-0,0619492610887115
70650	-0,046384825830038952	70650	-0,061619598690551079
70660	-0,038135581003134085	70660	-0,0440202288104597
70670	-0,023003371170600195	70670	-0,047755044377952055
70680	-0,023777250750051864	70680	-0,046479675617221709
70690	-0,03931600283185447	70690	-0,051755035335159738
70700	-0,034226457661784913	70700	-0,064729077898981635
70710	-0,0369697479446854	70710	-0,03458939955780229
70720	-0,028614543577742842	70720	-0,052537593815809462
70730	-0,045700641472850446	70730	-0,055150356346633934
70740	-0,026626485534473349	70740	-0,049551757598441271
70750	-0,036537436508468364	70750	-0,071170610244455451
70760	-0,042252766709171566	70760	-0,052394138522716231
70770	-0,044728008190178449	70770	-0,048686822287501458
70780	-0,037100404677344635	70780	-0,051225806181559336
70790	-0,032931337718016186	70790	-0,064099492645653136
70800	-0,033679907603535966	70800	-0,0547911232422849
70810	-0,035260126014989755	70810	-0,050553858682239342
70820	-0,01344163591743483	70820	-0,045608846498435766
70830	-0,024929785145494297	70830	-0,035335355056870583
70840	-0,028017791937723028	70840	-0,049629266819233568
70850	-0,035928015684747606	70850	-0,064950242565024865
70860	-0,048008052402663856	70860	-0,040147197234274859
70870	-0,031309685921916887	70870	-0,057080499992541146
70880	-0,0310027490738126	70880	-0,042351541382539694
70890	-0,039404800060420152	70890	-0,0501163877359562
70900	-0,038079151727561295	70900	-0,044272810602754696
70910	-0,043771706296300485	70910	-0,05579121305367056
70920	-0,025501534451981809	70920	-0,048637994394509429
70930	-0,024303905636255726	70930	-0,068811525146342881
70940	-0,041707093443993558	70940	-0,047991478887382963
70950	-0,029057308075519948	70950	-0,05026664780111862
70960	-0,0341287304116816	70960	-0,037726724908295269
70970	-0,053603405096432626	70970	-0,049486177171971554
70980	-0,023072412550304022	70980	-0,042929482657089992
70990	-0,033104497541432618	70990	-0,066064993367961664
71000	-0,028630520178745338	71000	-0,046941086379101063
71010	-0,040335856929430314	71010	-0,060302901433752013
71020	-0,025787754994883002	71020	-0,047630169908113688
71030	-0,043465848025518151	71030	-0,046990402491359842
71040	-0,035402927607769717	71040	-0,045438010200055494
71050	-0,031076370188746583	71050	-0,051020176708154584
71060	-0,038784664731317094	71060	-0,053050560446783017
71070	-0,034717156875846832	71070	-0,062021171050470038
71080	-0,034149924624878432	71080	-0,051808707662712276
71090	-0,021202249970644193	71090	-0,057943057892886146
71100	-0,037915233276184374	71100	-0,061249864219168115
71110	-0,036928715349702455	71110	-0,049686170100745039
71120	-0,034372504919555263	71120	-0,056630921831278089
71130	-0,04273808057137498	71130	-0,04235937057675046
71140	-0,022043252598477593	71140	-0,055926599872637962
71150	-0,019505567451739571	71150	-0,0632030304148941
71160	-0,051418056961292417	71160	-0,052063610152223758
71170	-0,012964726460313051	71170	-0,049199017785016376
71180	-0,032618790557471931	71180	-0,044985635409940765
71190	-0,0214505648539816	71190	-0,052963451977433129
71200	-0,0450863137112093	71200	-0,053494700848982182
71210	-0,043687408240736615	71210	-0,035460404544717529
71220	-0,029212662720632061	71220	-0,0671538868545611
71230	-0,015355143995610745	71230	-0,0361287826123256
71240	-0,032486963338088891	71240	-0,0434041452150342
71250	-0,038764655175094226	71250	-0,062841387694535691
71260	-0,048155425174750341	71260	-0,056102723218658487
71270	-0,036959200512891338	71270	-0,064254437624812574
71280	-0,024226706832333741	71280	-0,052745690777596332
71290	-0,037090115349498944	71290	-0,058790497508817055
71300	-0,0243176453667645	71300	-0,048947719138025432
71310	-0,031859554138420065	71310	-0,052968471454920424
71320	-0,031681221904728413	71320	-0,055759684099523144
71330	-0,021146430513788408	71330	-0,043393572481207746
71340	-0,037717877098486147	71340	-0,057533123052377545
71350	-0,038791100340474817	71350	-0,045383870462395171
71360	-0,04023515624609135	71360	-0,054045180492343088
71370	-0,028734747264848547	71370	-0,065022171558170347
71380	-0,034899636995894413	71380	-0,046744623831791891
71390	-0,046507166534018152	71390	-0,062354541962269729
71400	-0,032492768995942327	71400	-0,045368780426337775
71410	-0,03960585258744919	71410	-0,063745403841786938
71420	-0,01583769337545303	71420	-0,056686810173686111
71430	-0,037140121229874604	71430	-0,048281063875779857
71440	-0,034076018195171955	71440	-0,059888416467835888
71450	-0,017075226839464629	71450	-0,03783844744721953
71460	-0,038258810932448248	71460	-0,046066563822647996
71470	-0,021001784122003826	71470	-0,063416516249409124
71480	-0,04799900721844666	71480	-0,049531480388985055
71490	-0,02409777356489852	71490	-0,044624998564430446
71500	-0,037011560626389738	71500	-0,051872691153055372
71510	-0,043279215909866789	71510	-0,055175237500868474
71520	-0,022857780320386163	71520	-0,064327896978050039
71530	-0,031219845816559351	71530	-0,040503077446140533
71540	-0,040120533079117518	71540	-0,05983019009028
71550	-0,031770452233664481	71550	-0,057775599842113626
71560	-0,038804154213627685	71560	-0,060063588439045738
71570	-0,035551773199202066	71570	-0,059191687515315165
71580	-0,028288157942192697	71580	-0,0344633443247785
71590	-0,035122489081601815	71590	-0,060154587503326383
71600	-0,040644276139665376	71600	-0,057835960740270996
71610	-0,033664918201150869	71610	-0,053858811388199687
71620	-0,0407813530036791	71620	-0,059817593225000139
71630	-0,0332404129687272	71630	-0,047012860658873959
71640	-0,036669309912667383	71640	-0,057935247513027838
71650	-0,036518651309224756	71650	-0,055364104109517559
71660	-0,0411793145379454	71660	-0,046751450971273624
71670	-0,019717407358372224	71670	-0,048192523982312135
71680	-0,049961970425763835	71680	-0,051074784632975254
71690	-0,024629327038269828	71690	-0,048889939242730135
71700	-0,02615462574328253	71700	-0,046418677629261246
71710	-0,051585082942030777	71710	-0,0395570346411829
71720	-0,036687945554060769	71720	-0,057409131830328489
71730	-0,038530774824629105	71730	-0,053777283076250681
71740	-0,033549292801154484	71740	-0,051386025805208187
71750	-0,022514799522963983	71750	-0,054316562031984122
71760	-0,026515337408373675	71760	-0,050028505707909135
71770	-0,019374238447550762	71770	-0,066598284235673849
71780	-0,0361668231699116	71780	-0,050265542730780446
71790	-0,029736120478277891	71790	-0,0513347169543617
71800	-0,036415777771389872	71800	-0,050280492030529665
71810	-0,040798004817772071	71810	-0,053316158357155995
71820	-0,038836208308778875	71820	-0,064099959020098365
71830	-0,047447164774398573	71830	-0,051955719525114248
71840	-0,025527528474453862	71840	-0,042906575486561849
71850	-0,016803807170807084	71850	-0,063952207292735472
71860	-0,040952368931152935	71860	-0,060503071236922362
71870	-0,026736790348749425	71870	-0,0349264018012122
71880	-0,033446521258398594	71880	-0,047967013889989953
71890	-0,037224779564563312	71890	-0,04542769720131723
71900	-0,036506105544314937	71900	-0,048099479194922669
71910	-0,040915328546422172	71910	-0,055202176725676205
71920	-0,026337561401146431	71920	-0,051290684491579773
71930	-0,041448768352278606	71930	-0,052290274976005031
71940	-0,029310609710570961	71940	-0,055186253712492354
71950	-0,040246510453183115	71950	-0,058959703401109238
71960	-0,037868542640188338	71960	-0,05447640986829267
71970	-0,017126258589564465	71970	-0,040517827540448116
71980	-0,013488441005716495	71980	-0,047833536010437785
71990	-0,043212426134157711	71990	-0,057241832643258855
72000	-0,031919574696338257	72000	-0,050139886573773766
72010	-0,023332861741925781	72010	-0,037885884850511788
72020	-0,0414233834627957	72020	-0,058304088390100546
72030	-0,038234982667741987	72030	-0,041426733234723068
72040	-0,042856810812518846	72040	-0,064160128416260884
72050	-0,034761004619295724	72050	-0,057657590951604269
72060	-0,03558770375775018	72060	-0,04456026042151074
72070	-0,02865483043585906	72070	-0,062550351660080591
72080	-0,045027353498259141	72080	-0,0442808023508849
72090	-0,0337489288656418	72090	-0,041968929267861547
72100	-0,025991677532409517	72100	-0,057503226478395737
72110	-0,025554103170787112	72110	-0,051781502638784976
72120	-0,0386685054183656	72120	-0,052695281697538426
72130	-0,029756079134486597	72130	-0,043673403072777131
72140	-0,033897715046694483	72140	-0,041781409343905271
72150	-0,018467402911603908	72150	-0,05273482503431455
72160	-0,039194445709451249	72160	-0,048231074250481988
72170	-0,038989364546286674	72170	-0,0495678505430404
72180	-0,03434700893272101	72180	-0,048044435485378942
72190	-0,016875573914021412	72190	-0,068525527372250664
72200	-0,028811674246956177	72200	-0,059529429075597204
72210	-0,035936818647033991	72210	-0,044984701694953992
72220	-0,036353361198038225	72220	-0,049190796221136666
72230	-0,032322332821545695	72230	-0,040219091126459612
72240	-0,028664010811558331	72240	-0,05280071040466601
72250	-0,035424328208446147	72250	-0,059296570381787851
72260	-0,034669363912468894	72260	-0,045666374079027468
72270	-0,027479546567050935	72270	-0,057616542475797949
72280	-0,029373778516595006	72280	-0,0573348728981088
72290	-0,030175102961509898	72290	-0,057861268905168739
72300	-0,037993287040731294	72300	-0,043305940556433858
72310	-0,043453410323430142	72310	-0,054444972434214395
72320	-0,031868521151189134	72320	-0,058004438716901918
72330	-0,04117059653811219	72330	-0,051593679213893795
72340	-0,020444114412420923	72340	-0,039744123425462477
72350	-0,0330349592433701	72350	-0,059062933908273774
72360	-0,029062622689692494	72360	-0,054694826027296646
72370	-0,023488008249568072	72370	-0,06112550362238231
72380	-0,033561203826420631	72380	-0,05339270171155646
72390	-0,036907676706579615	72390	-0,0425449338922894
72400	-0,027615636777518864	72400	-0,07247050627392021
72410	-0,053504621523869672	72410	-0,044295036841159235
72420	-0,020809977997285584	72420	-0,059112295746712021
72430	-0,042809358905069574	72430	-0,047236756915606609
72440	-0,037088949342304951	72440	-0,048437096492991549
72450	-0,015718789272076629	72450	-0,042196146448001029
72460	-0,038222243156177386	72460	-0,049647749433515936
72470	-0,03461246754542241	72470	-0,047993734470486805
72480	-0,03324434090557981	72480	-0,048898676245718975
72490	-0,050474096537560249	72490	-0,061154790388209264
72500	-0,02586254133338213	72500	-0,055466606098352876
72510	-0,054031821238903946	72510	-0,046465976794214187
72520	-0,027366447013925772	72520	-0,062705842707906981
72530	-0,0369680061305332	72530	-0,04996134920092523
72540	-0,0341277628261453	72540	-0,0576436048929271
72550	-0,030293708233925916	72550	-0,059065846827651022
72560	-0,037955739621555552	72560	-0,042404051403976808
72570	-0,036999899736563251	72570	-0,052400792147325584
72580	-0,028970336545449241	72580	-0,034451676387046687
72590	-0,027210976344477396	72590	-0,052951604722093044
72600	-0,022988048086091589	72600	-0,062693015293859539
72610	-0,032681940587728484	72610	-0,037776236607786104
72620	-0,029733241117923716	72620	-0,053705337444180656
72630	-0,051711466433780447	72630	-0,06318713561624377
72640	-0,024855243232184097	72640	-0,05390189608999954
72650	-0,03889316245177691	72650	-0,049355612063328079
72660	-0,039073405444199266	72660	-0,047145758945510263
72670	-0,01465862124222349	72670	-0,056243062690717209
72680	-0,033035536200157853	72680	-0,048324402373082082
72690	-0,038166034753835967	72690	-0,055884911980680275
72700	-0,016221955911167672	72700	-0,0513332861756513
72710	-0,038431860334926515	72710	-0,043193145548211027
72720	-0,028697619434102994	72720	-0,069753491620394209
72730	-0,039404262075161969	72730	-0,052430129796938132
72740	-0,01674754033373262	72740	-0,060557132189188304
72750	-0,030365919560683755	72750	-0,034226886531401941
72760	-0,059187455955663618	72760	-0,037681460415123616
72770	-0,034721790343178537	72770	-0,058521854121462019
72780	-0,038031058747219106	72780	-0,050313531402085422
72790	-0,026012573699743771	72790	-0,052422982810439056
72800	-0,0360886522229438	72800	-0,052201465806536493
72810	-0,0413988148403962	72810	-0,059730116741855493
72820	-0,025462129091302046	72820	-0,046632586026725466
72830	-0,036581416371865814	72830	-0,041589137995816976
72840	-0,047127912553999118	72840	-0,042535363000107795
72850	-0,028076817640336562	72850	-0,044294102193165069
72860	-0,030416001583493429	72860	-0,046047029538458517
72870	-0,041361044091809171	72870	-0,054709718770718035
72880	-0,045657527983543965	72880	-0,032887374327061583
72890	-0,015981054733104638	72890	-0,063933199103262076
72900	-0,029297951604986175	72900	-0,05036991950385953
72910	-0,033726797120397063	72910	-0,0424507258536852
72920	-0,041894243666916374	72920	-0,051889457120622651
72930	-0,035273934646644085	72930	-0,048180065363163209
72940	-0,0324483453175221	72940	-0,064436536557111818
72950	-0,026573390382717787	72950	-0,061612696945550029
72960	-0,036855105059681509	72960	-0,0510929863199692
72970	-0,034105794755318587	72970	-0,047522574405345457
72980	-0,030382242646461732	72980	-0,062102913248234068
72990	-0,029908387286994496	72990	-0,032764274526384841
73000	-0,034490351022165883	73000	-0,0498715099555843
73010	-0,03058683189149208	73010	-0,055274113944712537
73020	-0,035805937850438674	73020	-0,06333342975881559
73030	-0,030978962882662102	73030	-0,042370024065241881
73040	-0,033936816357423211	73040	-0,044129507645538579
73050	-0,033484719532834474	73050	-0,040203786614421956
73060	-0,034398730893785034	73060	-0,03930364708701678
73070	-0,035283140771762721	73070	-0,052228575334863345
73080	-0,043568045255258717	73080	-0,057840171327385816
73090	-0,0404639919240058	73090	-0,04446307179433831
73100	-0,02423714798403788	73100	-0,067035173760338546
73110	-0,027473619270826075	73110	-0,046016095178339468
73120	-0,04942611216964727	73120	-0,065289302631472673
73130	-0,031704474531654224	73130	-0,038534477911571191
73140	-0,0335355932579748	73140	-0,05717440274440997
73150	-0,028160672180835688	73150	-0,05927489475973409
73160	-0,025947266817389368	73160	-0,0519948060986593
73170	-0,024035627386244814	73170	-0,04894247745451933
73180	-0,034192204170749509	73180	-0,039711665844604491
73190	-0,031800271365341137	73190	-0,052350853835558979
73200	-0,028393179794552668	73200	-0,064995185425978541
73210	-0,033345672260053506	73210	-0,050019178195780008
73220	-0,022848816468437522	73220	-0,0599802955877751
73230	-0,029929869202084888	73230	-0,047559362356265955
73240	-0,052218586985876538	73240	-0,051973573549935329
73250	-0,032424716639515357	73250	-0,059898311452060718
73260	-0,053179504665919024	73260	-0,04832796625790383
73270	-0,031135487701489457	73270	-0,068086970525221474
73280	-0,032641913190454848	73280	-0,050740030187887739
73290	-0,018843947003130572	73290	-0,0516811932432038
73300	-0,024971749361233718	73300	-0,062206160550254484
73310	-0,037483499678331755	73310	-0,0595284677665766
73320	-0,044152651163812513	73320	-0,064471932877332258
73330	-0,0455810320702895	73330	-0,025684846627781276
73340	-0,029504583758156303	73340	-0,055057724341887888
73350	-0,043845741628317413	73350	-0,048714428206620995
73360	-0,031123536139537545	73360	-0,051429421133382558
73370	-0,023020362337870234	73370	-0,071896014242411058
73380	-0,040870467289529346	73380	-0,040233907152433912
73390	-0,030687917844394983	73390	-0,05295690708851232
73400	-0,021549697909347028	73400	-0,057334633775532655
73410	-0,051904357171900554	73410	-0,060115981207777634
73420	-0,021543405908740026	73420	-0,052850242794777853
73430	-0,032463538745031821	73430	-0,039361903412450161
73440	-0,033344071129003054	73440	-0,053238883129670109
73450	-0,041121259668082388	73450	-0,046781208276956351
73460	-0,0335330202648995	73460	-0,056878436436626073
73470	-0,02151305621692054	73470	-0,059340788957964012
73480	-0,043603901006763611	73480	-0,041248137068742426
73490	-0,027718999582693384	73490	-0,052584225098482776
73500	-0,031997985120636882	73500	-0,056061758767172454
73510	-0,040345763395946553	73510	-0,057061040660623182
73520	-0,019108977526525208	73520	-0,051196510370854334
73530	-0,036051652437906381	73530	-0,04892075114712293
73540	-0,048516163291822539	73540	-0,060715920109345879
73550	-0,030907156491148752	73550	-0,045043752447104832
73560	-0,052937217073265645	73560	-0,06302829893867487
73570	-0,025941156094986085	73570	-0,067127380132140979
73580	-0,029277760289180527	73580	-0,037025544559857675
73590	-0,025882100839527262	73590	-0,044748630687509588
73600	-0,032307912656971374	73600	-0,049049961810004053
73610	-0,043085051840919181	73610	-0,047510191502942181
73620	-0,032166101318372241	73620	-0,063790841157585154
73630	-0,044007463919175621	73630	-0,041306765270451858
73640	-0,034399952523499755	73640	-0,058229366018728329
73650	-0,034230706263560624	73650	-0,053888743308088564
73660	-0,039197527728876067	73660	-0,045757479477150427
73670	-0,023015821541023624	73670	-0,040696100374520296
73680	-0,032388531412078148	73680	-0,046227808646855766
73690	-0,025952325043162913	73690	-0,046040871507147613
73700	-0,025463686028889671	73700	-0,053751265319735175
73710	-0,044516625158604	73710	-0,073368143237792754
73720	-0,032505233027195886	73720	-0,052405219595773565
73730	-0,031008402094078315	73730	-0,042403027688130389
73740	-0,023764992187169341	73740	-0,0562671832399125
73750	-0,041266879604841128	73750	-0,054826844489956554
73760	-0,030647028960702104	73760	-0,054881384917877557
73770	-0,043672481534227661	73770	-0,053789239417503604
73780	-0,033040572792365247	73780	-0,04180266426083639
73790	-0,040140651298952515	73790	-0,058454518157859528
73800	-0,019206648461054111	73800	-0,044084356358464249
73810	-0,031906855365367762	73810	-0,05231351415376595
73820	-0,043343377305466807	73820	-0,06221150500222182
73830	-0,034016587761062346	73830	-0,051624754731375455
73840	-0,036049126314067328	73840	-0,054513181682949621
73850	-0,034729903110149361	73850	-0,061438025572817
73860	-0,037446342906022889	73860	-0,052366515217952832
73870	-0,038682742323937654	73870	-0,039005580113195014
73880	-0,033306015151585516	73880	-0,039734515471268814
73890	-0,013300260375486733	73890	-0,030100124606331671
73900	-0,03408632739513516	73900	-0,04941139183511014
73910	-0,046346750170651062	73910	-0,052170751961423512
73920	-0,03213808620395707	73920	-0,073789624248750671
73930	-0,034008492418136416	73930	-0,051562894961627248
73940	-0,0369530520315885	73940	-0,050163568839138792
73950	-0,034655519169241436	73950	-0,049611325003584873
73960	-0,0425697613407041	73960	-0,050775260301750905
73970	-0,032511637565851778	73970	-0,059349688185599971
73980	-0,044416988830963747	73980	-0,041327863209701686
73990	-0,034619899534067682	73990	-0,053898194291792371
74000	-0,030990087971603859	74000	-0,057195432986843132
74010	-0,030053186386805476	74010	-0,046601168428196796
74020	-0,026910258548799949	74020	-0,060766356776863553
74030	-0,054908188573251838	74030	-0,051630950138570539
74040	-0,033493021018903946	74040	-0,060791302392555667
74050	-0,035356199869548174	74050	-0,052490433832980771
74060	-0,039462282232137581	74060	-0,047356288144349043
74070	-0,034471047698457734	74070	-0,05802492644446125
74080	-0,032111491996356607	74080	-0,0442837529880266
74090	-0,034607540572897923	74090	-0,057421543450765146
74100	-0,0314209296401931	74100	-0,057779328006281952
74110	-0,036674497472439456	74110	-0,051856718166127115
74120	-0,027310631150351004	74120	-0,062529987781528532
74130	-0,035218386575512781	74130	-0,049041508710175631
74140	-0,0323045926581283	74140	-0,04326265290695467
74150	-0,039038424354589506	74150	-0,054655793476510624
74160	-0,034070519391807531	74160	-0,041805162442216444
74170	-0,03983314373968079	74170	-0,050704529554543229
74180	-0,040222005345112888	74180	-0,050581669766915582
74190	-0,035811749355778889	74190	-0,0534889737637749
74200	-0,047745372319720987	74200	-0,054184277435980088
74210	-0,014908247307424368	74210	-0,049314623321469263
74220	-0,030464874807422174	74220	-0,046507045382666062
74230	-0,045114065406637274	74230	-0,04385113823783808
74240	-0,031686537406543355	74240	-0,044256386996031065
74250	-0,038312213029418209	74250	-0,056022654962619038
74260	-0,019968127375774698	74260	-0,0524201891813343
74270	-0,027979221569222657	74270	-0,049079323850886487
74280	-0,02734327536262085	74280	-0,048108915935235246
74290	-0,028446711351130763	74290	-0,033802195653829727
74300	-0,03254358141028333	74300	-0,052775875172680953
74310	-0,042373232135417438	74310	-0,050799609928451339
74320	-0,030532775305204672	74320	-0,050497876750407338
74330	-0,026380570090788896	74330	-0,047468193263939452
74340	-0,027208211747888636	74340	-0,050467881689470105
74350	-0,029559711894439587	74350	-0,06095190854926353
74360	-0,0277190406345294	74360	-0,033617310189726586
74370	-0,035760294477843658	74370	-0,056035223958218493
74380	-0,05869568385941612	74380	-0,045271860115779355
74390	-0,040400143379860795	74390	-0,056197607632828162
74400	-0,0356562667650579	74400	-0,058200401234401948
74410	-0,037042733403270127	74410	-0,0436606286925809
74420	-0,02730569320259393	74420	-0,040264214087629834
74430	-0,047674562161220804	74430	-0,0461816965512088
74440	-0,023299593350129377	74440	-0,036657161223476835
74450	-0,032873334936087767	74450	-0,055535395062308757
74460	-0,040594054195700453	74460	-0,059948328480792228
74470	-0,040075838918697926	74470	-0,044799661559147962
74480	-0,048282398367291555	74480	-0,050089722147256203
74490	-0,03104453464520068	74490	-0,036727587329018756
74500	-0,02587725840974817	74500	-0,045156643990370907
74510	-0,036946860130847477	74510	-0,05206301353532454
74520	-0,033852475997202307	74520	-0,062367687630386318
74530	-0,0289662347851413	74530	-0,063853709229359609
74540	-0,038699335623568018	74540	-0,05040856566224855
74550	-0,040617288222890173	74550	-0,04671082504873994
74560	-0,045798840537913423	74560	-0,042438451155827214
74570	-0,027605730290568679	74570	-0,055839220925751672
74580	-0,042947737711455464	74580	-0,058330392181067933
74590	-0,041331217458026488	74590	-0,055387289188473694
74600	-0,0244684686070287	74600	-0,048042312816916545
74610	-0,026645470854400912	74610	-0,033397237179918979
74620	-0,029499253456692427	74620	-0,075207372103995918
74630	-0,051266659474319493	74630	-0,058110756769426973
74640	-0,027237762464917069	74640	-0,03835077499886181
74650	-0,04032447407163265	74650	-0,044673250368388831
74660	-0,025794638563783563	74660	-0,036363266920010427
74670	-0,033531105675190208	74670	-0,052291060398470611
74680	-0,051192673045253455	74680	-0,037981785974240651
74690	-0,037335646654714144	74690	-0,051824474349767891
74700	-0,048611221216627129	74700	-0,048353160631989384
74710	-0,039193790820204757	74710	-0,052015603306034809
74720	-0,037512906739847821	74720	-0,048263876579073266
74730	-0,040473952983525685	74730	-0,052634418528065524
74740	-0,018383477459780133	74740	-0,0614972839027256
74750	-0,023630452178155504	74750	-0,040908276766671012
74760	-0,033292544390202045	74760	-0,0499010200978401
74770	-0,039528935886264271	74770	-0,061403981257717219
74780	-0,041608652334970506	74780	-0,045377344871099554
74790	-0,012628021476314715	74790	-0,043690063882875253
74800	-0,027484881612802811	74800	-0,042611766104306843
74810	-0,040419640984579293	74810	-0,055022859714177613
74820	-0,030187461485643306	74820	-0,045090801107213405
74830	-0,030095210631425322	74830	-0,047094515991056726
74840	-0,03543142332632792	74840	-0,063541357560100459
74850	-0,034635651343219359	74850	-0,056350831711887782
74860	-0,038976164758908013	74860	-0,049123851057167767
74870	-0,023211935763629121	74870	-0,058641949849877681
74880	-0,037471427210253448	74880	-0,045719723683194893
74890	-0,030670169598434084	74890	-0,0727490166364305
74900	-0,032376801022887682	74900	-0,050197074412466611
74910	-0,046137126257575663	74910	-0,056626539966409574
74920	-0,03657328579626265	74920	-0,064208008677879111
74930	-0,030981729955880572	74930	-0,045562464743437593
74940	-0,037659348415794477	74940	-0,062013422159467389
74950	-0,027985164729508589	74950	-0,053515686938743263
74960	-0,030542992801237619	74960	-0,0459885762993119
74970	-0,03479048100491728	74970	-0,044492401895292459
74980	-0,044524825746904778	74980	-0,048648719677698952
74990	-0,022927002881202349	74990	-0,055134701222136734
75000	-0,044303389787270588	75000	-0,054576095083141
75010	-0,031807982116409943	75010	-0,04282424265347886
75020	-0,052295077547467962	75020	-0,060016169519179666
75030	-0,037436596760328428	75030	-0,065064648790528062
75040	-0,032706692499179693	75040	-0,039792562693561719
75050	-0,028928401630809297	75050	-0,053663310864279327
75060	-0,031664039276087463	75060	-0,061772987046831138
75070	-0,026243753816662479	75070	-0,061564486440159029
75080	-0,02386537856248315	75080	-0,033027868192934233
75090	-0,034473221088959491	75090	-0,067705342921595829
75100	-0,048839278470153812	75100	-0,055860110510624429
75110	-0,027985425194830691	75110	-0,051125666049842679
75120	-0,039124039172896613	75120	-0,058804594550646218
75130	-0,032881847552792824	75130	-0,053009365911827866
75140	-0,027188054366941054	75140	-0,050616238781250135
75150	-0,0402910428090457	75150	-0,04902908873112747
75160	-0,040306048611689675	75160	-0,048689262161021922
75170	-0,033193146135964691	75170	-0,066807253961500931
75180	-0,042356950748262581	75180	-0,057394180660395727
75190	-0,03390137247408561	75190	-0,061761033114303671
75200	-0,037880076579449654	75200	-0,045883167764154367
75210	-0,023870418639585098	75210	-0,062517512638571873
75220	-0,00974760201934047	75220	-0,049307193630463021
75230	-0,048457241828643541	75230	-0,047296336078200128
75240	-0,0336686806089092	75240	-0,0656697530263788
75250	-0,028356532009851672	75250	-0,039857495005654664
75260	-0,036757412524520507	75260	-0,04920643339262995
75270	-0,040105130871120123	75270	-0,055969515590169945
75280	-0,040704671975953635	75280	-0,038080413985079588
75290	-0,019422835522613164	75290	-0,039550794143455019
75300	-0,027371389605130553	75300	-0,068147119523798122
75310	-0,04104596898309934	75310	-0,043518361403205537
75320	-0,023032113813892589	75320	-0,049457852300814807
75330	-0,033834937259228336	75330	-0,044803287294089077
75340	-0,0359534058547653	75340	-0,057633920243627672
75350	-0,038909972286031033	75350	-0,054275467102134878
75360	-0,039290188714540993	75360	-0,0489075056137174
75370	-0,03658978671415461	75370	-0,059893187276973792
75380	-0,035532171063851842	75380	-0,0409577986938847
75390	-0,01778733907203001	75390	-0,063047585250770935
75400	-0,043450675787059412	75400	-0,049717140603131531
75410	-0,04229159370717013	75410	-0,042119822968775929
75420	-0,030156117625513949	75420	-0,0603353263131207
75430	-0,03131846689263524	75430	-0,044587206923698226
75440	-0,041513588163790874	75440	-0,052107913405733945
75450	-0,02292394717582534	75450	-0,043763701712320476
75460	-0,029036615402319738	75460	-0,057205650965918786
75470	-0,0326326460773897	75470	-0,062680026456917837
75480	-0,037227292038971113	75480	-0,056479462018193122
75490	-0,036104130554924632	75490	-0,063379128609807392
75500	-0,03268879450956759	75500	-0,04459048678932058
75510	-0,035465774508580704	75510	-0,056085109578353727
75520	-0,033429668286686011	75520	-0,047641307876200495
75530	-0,041620216428190568	75530	-0,05137582656474525
75540	-0,01906002730332616	75540	-0,0508009394723018
75550	-0,035707523450222219	75550	-0,065841123105447263
75560	-0,0312523133333397	75560	-0,047625156223155656
75570	-0,026865697401760633	75570	-0,057068554754703307
75580	-0,040256166839766183	75580	-0,0413842778547051
75590	-0,029326757478845732	75590	-0,072836182975760319
75600	-0,029704309544325121	75600	-0,047843731361828831
75610	-0,029860792284568026	75610	-0,054828188117469964
75620	-0,022918726048392422	75620	-0,033000912676637587
75630	-0,035938221430912395	75630	-0,043474004378950847
75640	-0,023357739316901219	75640	-0,067437077732811
75650	-0,04844695506867068	75650	-0,04621677122045463
75660	-0,031754697389753096	75660	-0,044423659735473596
75670	-0,03378454975477832	75670	-0,050431968865688348
75680	-0,046208921189660065	75680	-0,038011433322577858
75690	-0,033774977312161607	75690	-0,050889559288702639
75700	-0,036575481362349	75700	-0,038714920712045429
75710	-0,038713553809728629	75710	-0,033029182352918761
75720	-0,036679010243309225	75720	-0,053358283954245356
75730	-0,041432594622467137	75730	-0,047067097089549891
75740	-0,027556652886028044	75740	-0,065460318219159264
75750	-0,032567853892841586	75750	-0,03485458005061947
75760	-0,037229651241685355	75760	-0,053929661273549569
75770	-0,037659256590419153	75770	-0,0473202170142755
75780	-0,046822467467216224	75780	-0,055408837182270118
75790	-0,038105178235360776	75790	-0,050170800300668873
75800	-0,035529788483995448	75800	-0,039387716587923331
75810	-0,036679584368036262	75810	-0,051398557077893266
75820	-0,030895783996887478	75820	-0,053964465586036341
75830	-0,032595009938966454	75830	-0,042162615017458695
75840	-0,032515772947105288	75840	-0,058194621539199506
75850	-0,034660765327904082	75850	-0,04979499392239424
75860	-0,026541834668297657	75860	-0,051238741920473126
75870	-0,033111733027435988	75870	-0,062610340502931017
75880	-0,04301234617716921	75880	-0,052011619391607963
75890	-0,025158034410448803	75890	-0,055982087186380113
75900	-0,044775723245692817	75900	-0,050527488840401764
75910	-0,033857241987436205	75910	-0,053401891803847711
75920	-0,036698515396671856	75920	-0,0649519598142706
75930	-0,037006008484938929	75930	-0,047804295352260162
75940	-0,030833100512523415	75940	-0,055338337187473385
75950	-0,036469456206302951	75950	-0,048523660691974058
75960	-0,023534082231658506	75960	-0,039255489226934184
75970	-0,042538430441018377	75970	-0,069894268080776409
75980	-0,04090189486021676	75980	-0,045173086839602847
75990	-0,038173290328002443	75990	-0,061452557625740339
76000	-0,03443880539848454	76000	-0,054241622070951914
76010	-0,032582545705292461	76010	-0,04800304935715502
76020	-0,030503430182136259	76020	-0,046924982001283005
76030	-0,049099317790447405	76030	-0,049072334504615518
76040	-0,0382808242184342	76040	-0,044673377649823404
76050	-0,034631200497101743	76050	-0,048237524372684151
76060	-0,038651730541705565	76060	-0,0563284558307818
76070	-0,030881956642085085	76070	-0,0634401289637495
76080	-0,047841930177108388	76080	-0,050419889103244124
76090	-0,035196097653196055	76090	-0,059351527470109779
76100	-0,038844625994613649	76100	-0,049456112296270727
76110	-0,035020498509689531	76110	-0,062570231197893053
76120	-0,02998026075785655	76120	-0,0700152481659704
76130	-0,037900807738513745	76130	-0,042253704403050922
76140	-0,033290917523918218	76140	-0,047617893453221517
76150	-0,0225839804558449	76150	-0,05237159971713061
76160	-0,02663670359328045	76160	-0,052220200668163
76170	-0,034459111214190812	76170	-0,052550474898124054
76180	-0,049354154898123843	76180	-0,048404988619349464
76190	-0,035892923960385896	76190	-0,036618517102050024
76200	-0,036211019655974827	76200	-0,040430921462766348
76210	-0,046614281896002162	76210	-0,0660053139306656
76220	-0,035219210180950464	76220	-0,039441012065849289
76230	-0,043912039981567966	76230	-0,031882958736757075
76240	-0,036110674950578778	76240	-0,052673150856809729
76250	-0,035411480142407005	76250	-0,030561295890999519
76260	-0,040776018795768192	76260	-0,05941477180033148
76270	-0,044814566091250882	76270	-0,052091321804871089
76280	-0,040518157485442886	76280	-0,051881946870454533
76290	-0,03093816060025702	76290	-0,059328237224470073
76300	-0,039129836799257842	76300	-0,034905794172342859
76310	-0,028461997445024617	76310	-0,030706000013682316
76320	-0,035675272882120593	76320	-0,055080498641048442
76330	-0,035231410756323682	76330	-0,044292455814378247
76340	-0,038526454696283928	76340	-0,054845896950500163
76350	-0,039272233017423955	76350	-0,053404889265644379
76360	-0,031827448747025831	76360	-0,037170408746486569
76370	-0,031581802667442829	76370	-0,040720433571272835
76380	-0,049188221750802161	76380	-0,038739593344524106
76390	-0,039603406326296609	76390	-0,052378897829409528
76400	-0,046769034205852926	76400	-0,037394777671228722
76410	-0,039858063227066774	76410	-0,06249869088240588
76420	-0,054702042814182429	76420	-0,054729414281247758
76430	-0,056086794667963076	76430	-0,053248345119986461
76440	-0,030653184135739003	76440	-0,055453130307064336
76450	-0,052023615614277277	76450	-0,042445746135197568
76460	-0,052625550013584224	76460	-0,049704571006548653
76470	-0,0417618805532534	76470	-0,046315988026386326
76480	-0,03675233524111389	76480	-0,048403131183504977
76490	-0,040478719574508264	76490	-0,046844150463066121
76500	-0,047938007919782678	76500	-0,050138496969338087
76510	-0,034344771738637654	76510	-0,045926080871457685
76520	-0,041349752820608085	76520	-0,0435927753198878
76530	-0,043569572396780568	76530	-0,046287332529181907
76540	-0,03773624379725142	76540	-0,043008628806323584
76550	-0,055817371053787188	76550	-0,048936529759469757
76560	-0,048770593475774456	76560	-0,029469713286484331
76570	-0,048210719850167234	76570	-0,070545080789023593
76580	-0,048429081832788788	76580	-0,042913047429448806
76590	-0,022474778642147808	76590	-0,063731313649603188
76600	-0,047692132403309384	76600	-0,043859594964680143
76610	-0,057308658631346418	76610	-0,047221959963646046
76620	-0,027085067236533748	76620	-0,05430333409360269
76630	-0,048388953742839795	76630	-0,043299456976506417
76640	-0,034038481041640006	76640	-0,056088963462618706
76650	-0,034942634073114147	76650	-0,046695966215284657
76660	-0,041894763206397685	76660	-0,058244474528573446
76670	-0,04060336680625376	76670	-0,060819959997586562
76680	-0,057851155685233691	76680	-0,030653270449547968
76690	-0,030678898737977116	76690	-0,065646347193847182
76700	-0,036534405842084415	76700	-0,046830739128619174
76710	-0,041174941788679878	76710	-0,031098507984227787
76720	-0,041260918008189443	76720	-0,045983784349731917
76730	-0,0379632039930212	76730	-0,05399749240722209
76740	-0,046198219051299817	76740	-0,05048759193409956
76750	-0,036826262568889753	76750	-0,045426344258311456
76760	-0,033440699908324552	76760	-0,038227632640328406
76770	-0,026814469756815097	76770	-0,052687853899717169
76780	-0,045141068784577187	76780	-0,044235157209576548
76790	-0,043142545557541725	76790	-0,037792357820334133
76800	-0,035314439747699933	76800	-0,054480212336614611
76810	-0,033401393177089157	76810	-0,052116690962094009
76820	-0,041298153180991774	76820	-0,053492279972832305
76830	-0,042308702291793558	76830	-0,04218958835525756
76840	-0,032749435862774019	76840	-0,0582400247762517
76850	-0,045184387356076661	76850	-0,067089289558990378
76860	-0,030892780297199163	76860	-0,042554962248504476
76870	-0,040559862849104011	76870	-0,052673710778933479
76880	-0,040106993974194247	76880	-0,036505360173497481
76890	-0,032875908449029441	76890	-0,048050213861198
76900	-0,041271992209145465	76900	-0,040284667008064837
76910	-0,042145781060964609	76910	-0,05959858578660155
76920	-0,039651501153657384	76920	-0,046680113853205224
76930	-0,048589403508128653	76930	-0,043253139612317817
76940	-0,02367987886367404	76940	-0,054109276707115156
76950	-0,044547463454632369	76950	-0,041882591662256129
76960	-0,04077517089819295	76960	-0,051558911822225516
76970	-0,041998399986820728	76970	-0,029464644555165821
76980	-0,040724647693734461	76980	-0,051070160343926627
76990	-0,021766148658958179	76990	-0,054156162637597122
77000	-0,041762788290401268	77000	-0,049562020912688971
77010	-0,056609916123596261	77010	-0,050871501350048996
77020	-0,026760337885280639	77020	-0,0564624084954466
77030	-0,042746756976158484	77030	-0,049385328439645867
77040	-0,030931020801110598	77040	-0,054180066664578225
77050	-0,040186954472321262	77050	-0,049419950565152186
77060	-0,037388186316479104	77060	-0,063125941063981589
77070	-0,056863495713822168	77070	-0,046956531238106947
77080	-0,024712928415892736	77080	-0,041797321929642688
77090	-0,03158058072407368	77090	-0,060281648050734271
77100	-0,038360778190398494	77100	-0,052533850568302023
77110	-0,037226213938413376	77110	-0,048766223973500694
77120	-0,030325412772825723	77120	-0,06525197513935195
77130	-0,038501978599680922	77130	-0,054900826656760347
77140	-0,050346651842715209	77140	-0,059561132300334149
77150	-0,03561478941086705	77150	-0,065600481127472257
77160	-0,03650324426312121	77160	-0,037344951480898246
77170	-0,02420205984900016	77170	-0,050962282280287367
77180	-0,040156761718871906	77180	-0,044857669586192639
77190	-0,040559584595727734	77190	-0,063158872376631425
77200	-0,04729634143756304	77200	-0,045137262216638122
77210	-0,0337303092124208	77210	-0,0516810192048399
77220	-0,0437243120448235	77220	-0,057784704991976008
77230	-0,039470779227647787	77230	-0,059112517925876108
77240	-0,027093365987373712	77240	-0,050333252876717277
77250	-0,034620965281127854	77250	-0,055550513689780583
77260	-0,027358711266002811	77260	-0,051956552594145465
77270	-0,025052299139862587	77270	-0,065664638161892122
77280	-0,041608528868198415	77280	-0,07268673517158919
77290	-0,033701736719334907	77290	-0,055790218766912064
77300	-0,033960843170382685	77300	-0,057889935151997793
77310	-0,02473612932286785	77310	-0,054896273863462616
77320	-0,036210897144575496	77320	-0,057732798078023471
77330	-0,036454746589447286	77330	-0,05513018509226094
77340	-0,04536995304579617	77340	-0,063898576898141893
77350	-0,040245196525778765	77350	-0,054679192291581323
77360	-0,035826277733251817	77360	-0,062107080692812226
77370	-0,030944925904396174	77370	-0,053352760770968552
77380	-0,037953276569415842	77380	-0,054354472337468873
77390	-0,038377615996833508	77390	-0,06927099040454765
77400	-0,02400988526376276	77400	-0,051771770488844529
77410	-0,038550764011779814	77410	-0,049366287748763393
77420	-0,03597525877844731	77420	-0,063366120749815583
77430	-0,041187365743701229	77430	-0,06191771259276968
77440	-0,024017466989756535	77440	-0,047983590959918936
77450	-0,033692932126132384	77450	-0,054914477445314483
77460	-0,038415857130860577	77460	-0,052090838782531367
77470	-0,037728209491412576	77470	-0,042547299640541256
77480	-0,038750504464394472	77480	-0,049110932957887973
77490	-0,03096409731102711	77490	-0,023959149067420662
77500	-0,018646946897381306	77500	0,011335381687378169
77510	-0,012035442907392906	77510	0,03369878561420598
77520	-0,020099445711840698	77520	0,058081937712898206
77530	-0,017219054526228003	77530	0,076504460316908982
77540	-0,028362532602500035	77540	0,079258753449207714
77550	-0,023087379119575681	77550	0,073599773450164246
77560	-0,021378622512882285	77560	0,078936664823961847
77570	-0,016387457007350104	77570	0,0702890318852099
77580	-0,020910805425761594	77580	0,083731785079943388
77590	-0,024524425891622483	77590	0,085526064673738939
77600	-0,017197388479965214	77600	0,080544731940266581
77610	-0,02395131515731911	77610	0,068829728519040179
77620	-0,016363541414149831	77620	0,074395666395770249
77630	-0,02818799100460145	77630	0,079990670851408416
77640	-0,014441377103522812	77640	0,066925712867993925
77650	-0,028067122152880972	77650	0,081115947782363182
77660	-0,0098463731859655835	77660	0,12222246829587381
77670	-0,012470435911641526	77670	0,11495265121903964
77680	-0,015292295013774652	77680	0,12805287835061469
77690	-0,013930387707715299	77690	0,12224691253395674
77700	-0,013931302693326724	77700	0,11133358827475633
77710	-0,015466939051742628	77710	0,10853030045103579
77720	-0,019790291338847545	77720	0,10145787913376315
77730	-0,002648062051887909	77730	0,099400877251743625
77740	-0,0091203408716463985	77740	0,09680023986658913
77750	-0,024412378731094555	77750	0,092839163602940658
77760	-0,022801732103591876	77760	0,099957459166068782
77770	-0,017580014618558057	77770	0,093548770797925118
77780	-0,011652734621174474	77780	0,084976864164990368
77790	-0,019725954948835004	77790	0,093130237940279234
77800	-0,023482505394827193	77800	0,10161377179476772
77810	-0,023497919035629526	77810	0,087535040088781019
77820	-0,019449232836244067	77820	0,0973381663682855
77830	-0,015103890994957238	77830	0,09873987185043212
77840	-0,013972656979659893	77840	0,094610749502381936
77850	-0,026714316737757936	77850	0,0901049954853289
77860	-0,023271714253096088	77860	0,09470269694539156
77870	-0,025110319687146273	77870	0,084647740950710232
77880	-0,013767159666792881	77880	0,088762787212990565
77890	-0,017339217453273464	77890	0,0951495788343398
77900	-0,021303368145956146	77900	0,08515250979490728
77910	-0,025404870002350536	77910	0,087547133246247064
77920	-0,023317019396670895	77920	0,08853661507696424
77930	-0,023329716802371933	77930	0,091604687239443844
77940	-0,020019217825471485	77940	0,094233060726398921
77950	-0,020451881480741056	77950	0,09528825907849682
77960	-0,02175397880247042	77960	0,10066933326060931
77970	-0,022858687611575994	77970	0,098473935039672167
77980	-0,020564152418678049	77980	0,088379799094386924
77990	-0,024624455781134192	77990	0,085465944802687918
78000	-0,017188651872112295	78000	0,092116737342143346
78010	-0,015900572350639353	78010	0,0885805038102065
78020	-0,014838091925301406	78020	0,093083931598791109
78030	-0,01915835703368713	78030	0,088240996527838969
78040	-0,025667607881640773	78040	0,092257104592902012
78050	-0,016512919590734511	78050	0,075853023835226185
78060	-0,021947501249630828	78060	0,087475044504528893
78070	-0,021361431997042022	78070	0,086836776740516208
78080	-0,014366989393690851	78080	0,086727733869414861
78090	-0,01333672718842382	78090	0,09516861074949956
78100	-0,032105646604301694	78100	0,091157315461304136
78110	-0,023580787222433581	78110	0,079718547882479091
78120	-0,019177815024978253	78120	0,093927062034931535
78130	-0,021872344381769177	78130	0,088105138267169064
78140	-0,017767706234672546	78140	0,10165672154481119
78150	-0,025595465987316872	78150	0,10176927657070109
78160	-0,017024069372541816	78160	0,094359038294207109
78170	-0,024854268906431953	78170	0,090253926079264
78180	-0,016175908315365438	78180	0,084204810814719241
78190	-0,026428759991893619	78190	0,10351875902653668
78200	-0,011374575967582241	78200	0,083538211865036544
78210	-0,015098653359121944	78210	0,097404302232291309
78220	-0,026951939988804977	78220	0,0849291579320783
78230	-0,023077039561388474	78230	0,086731834974622071
78240	-0,022028557030010155	78240	0,091204929030204787
78250	-0,01136028037536603	78250	0,0920020160142656
78260	-0,018977891790830266	78260	0,090840500961113319
78270	-0,013512198967164071	78270	0,099708905407860884
78280	-0,026294819223147903	78280	0,087434838767469325
78290	-0,019444797749284603	78290	0,096636325915825508
78300	-0,015899474586124635	78300	0,0894014737675757
78310	-0,019074946536752624	78310	0,090498750347296014
78320	-0,022502392139807183	78320	0,086748479457025712
78330	-0,024301168334390746	78330	0,092201391941405447
78340	-0,014043013358901263	78340	0,086083468552272835
78350	-0,016265467682465482	78350	0,092810705012346381
78360	-0,024846989525729481	78360	0,090603511878520435
78370	-0,018413419827235773	78370	0,093401054704289263
78380	-0,021454188861691568	78380	0,1004810805070767
78390	-0,0197834222257121	78390	0,079059549731952589
78400	-0,021713224977400712	78400	0,10210722131323566
78410	-0,022280648889624173	78410	0,10251457760754462
78420	-0,031172504012209772	78420	0,092027586800411287
78430	-0,023300754237735855	78430	0,093056171957998923
78440	-0,020489595412705505	78440	0,10886587910790722
78450	-0,034590355295759691	78450	0,079297313038529077
78460	-0,018355591646532287	78460	0,086667820674529161
78470	-0,018926775627891055	78470	0,088430727644747423
78480	-0,028159313244992924	78480	0,095487119793811956
78490	-0,026896536956513388	78490	0,096918694673494218
78500	-0,027748993812298367	78500	0,081469555348883865
78510	-0,013859860633328031	78510	0,096147137305701028
78520	-0,026957593945141772	78520	0,095268412469398808
78530	-0,022501948871066726	78530	0,087021127291865216
78540	-0,014879088058646193	78540	0,086654844190797942
78550	-0,026085280908715522	78550	0,10176681074580475
78560	-0,02146096768088749	78560	0,084713249741523861
78570	-0,022845421284467822	78570	0,0817458989710869
78580	-0,018497451107328755	78580	0,0953136505167655
78590	-0,016131902155547738	78590	0,097218115011700135
78600	-0,014557949429750331	78600	0,08569090973242495
78610	-0,016305814239224403	78610	0,093756279668693862
78620	-0,021546594451787159	78620	0,0940599804519747
78630	-0,018703725354864718	78630	0,08640512173172113
78640	-0,017024521885735753	78640	0,082775660298426021
78650	-0,020948267760535971	78650	0,077879974087064083
78660	-0,021585324118777713	78660	0,088777002881344491
78670	-0,026873798497632582	78670	0,09678488261406229
78680	-0,0060709504382156594	78680	0,090315217193227451
78690	-0,018107952069982107	78690	0,092288808759701579
78700	-0,026191573682414766	78700	0,093333690589420482
78710	-0,021049734349333177	78710	0,08105490058019596
78720	-0,026825347908327954	78720	0,0799884607149057
78730	-0,025064290137558703	78730	0,089739302522029329
78740	-0,014237536866088352	78740	0,092149655683896992
78750	-0,026156244078207203	78750	0,09424481017968199
78760	-0,018415996122383385	78760	0,10619637674821099
78770	-0,018783860296093614	78770	0,09324414273476378
78780	-0,0097450694069439979	78780	0,084773580938879045
78790	-0,019919565201687622	78790	0,10153698211452404
78800	-0,025951737451540686	78800	0,080901923809582235
78810	-0,027231980989902607	78810	0,095372292845296275
78820	-0,019462224408327178	78820	0,0883769395601972
78830	-0,025897078436257992	78830	0,097920846072012471
78840	-0,020897206437601644	78840	0,087720802095691247
78850	-0,031318609141569358	78850	0,094202288970532386
78860	-0,011218962515774153	78860	0,083990727928606818
78870	-0,019354919754013541	78870	0,092288206018736968
78880	-0,017051149950446022	78880	0,07818734713973638
78890	-0,035638401346188446	78890	0,087193701941910409
78900	-0,023509428483173524	78900	0,094387365065732268
78910	-0,016047341756179476	78910	0,0919776478638338
78920	-0,021060642028534127	78920	0,097049745854360089
78930	-0,019923196049379088	78930	0,098031113054042163
78940	-0,0090460796578835361	78940	0,083128857183825164
78950	-0,020627114074890329	78950	0,092293526389639141
78960	-0,016376204504114641	78960	0,082958598317360341
78970	-0,031293293218689629	78970	0,090666452721483382
78980	-0,014655289457903467	78980	0,090770832355039854
78990	-0,023590616422360176	78990	0,081455032177675191
79000	-0,013298912356733835	79000	0,10312216180658405
79010	-0,029273893159011216	79010	0,088440332185701936
79020	-0,014494996442659903	79020	0,091935437309273532
79030	-0,023221200929349355	79030	0,097658003667472029
79040	-0,030232164974448156	79040	0,085503502689240965
79050	-0,02511056626953782	79050	0,095116516071072146
79060	-0,019650708371072443	79060	0,093193877527165
79070	-0,026038457383653971	79070	0,090029027392328626
79080	-0,015723161938828552	79080	0,090574327262637713
79090	-0,010951814479540408	79090	0,086718886336319245
79100	-0,01886954020595016	79100	0,093844035488101524
79110	-0,010598839048462896	79110	0,088390014405977213
79120	-0,028937448696220926	79120	0,084003361618365233
79130	-0,022952263079077422	79130	0,08376933167045883
79140	-0,01389327737103549	79140	0,088869080192778754
79150	-0,022015524558047776	79150	0,075902555350534376
79160	-0,031281336748049206	79160	0,083806049309078937
79170	-0,020361505866384636	79170	0,0896692500816309
79180	-0,019149363352375156	79180	0,07919516288075161
79190	-0,019493921192575869	79190	0,075647444648337059
79200	-0,024148932963414381	79200	0,083230756975525969
79210	-0,00467628641991415	79210	0,0941843164383952
79220	-0,019770200429317909	79220	0,084437806985826036
79230	-0,019715518957503259	79230	0,094595860315955488
79240	-0,02313734521227457	79240	0,082204980868433183
79250	-0,013377754375958638	79250	0,0892654626293338
79260	-0,019837420869818764	79260	0,10014784623092006
79270	-0,017295487110180648	79270	0,089045217375953348
79280	-0,017176692711874206	79280	0,087899281625786918
79290	-0,013860221094585099	79290	0,094291198201662652
79300	-0,0200483601303297	79300	0,0821117601637043
79310	-0,018533880859135078	79310	0,094686984516960351
79320	-0,010903722690957315	79320	0,081766587192798681
79330	-0,016812466911048936	79330	0,095191748458691314
79340	-0,028292198004302153	79340	0,097758859362935338
79350	-0,00996782331073355	79350	0,098311803155395047
79360	-0,025202706456915944	79360	0,097147717201787762
79370	-0,032851117141093275	79370	0,082527915748995484
79380	-0,031028237118066928	79380	0,088929412161097177
79390	-0,024431520827798755	79390	0,09553934572108054
79400	-0,025564536804936706	79400	0,078312770472979271
79410	-0,015362890696113284	79410	0,10018708849165214
79420	-0,0063840570664028774	79420	0,087445348247744345
79430	-0,024135086057271764	79430	0,08785889079037934
79440	-0,032714441691069157	79440	0,076036990128000109
79450	-0,015502626450567382	79450	0,10402320891883937
79460	-0,018471364369580173	79460	0,091570940489313815
79470	-0,026419996876380619	79470	0,092009263022020032
79480	-0,022517705817129148	79480	0,084417270924860108
79490	-0,026304131497220318	79490	0,090391225088890581
79500	-0,020203435351244279	79500	0,088119062156874053
79510	-0,022136894165830451	79510	0,096859259820457941
79520	-0,027486299750154666	79520	0,081577700529090511
79530	-0,02261083477695015	79530	0,099367301683875545
79540	-0,019278705015789037	79540	0,089361501117910844
79550	-0,0087686567712867442	79550	0,094162736406198017
79560	-0,016722053062434027	79560	0,085458971302172559
79570	-0,021052868638464929	79570	0,083968978889527868
79580	-0,01889896604474639	79580	0,084291492387448791
79590	-0,018931148386848472	79590	0,0929767903051608
79600	-0,017993309013585344	79600	0,081795793080581963
79610	-0,018039133617192536	79610	0,091558431939148949
79620	-0,032005113566742648	79620	0,087981535560785043
79630	-0,014054564001832333	79630	0,0972819755083028
79640	-0,025032560067238	79640	0,09192311626368338
79650	-0,022290623148882943	79650	0,097446370686443115
79660	-0,014807323366445444	79660	0,10636862244820874
79670	-0,0313809570906937	79670	0,091573176019353553
79680	-0,029797989318747709	79680	0,10161056969973462
79690	-0,016553983925497957	79690	0,099499360025554415
79700	-0,023026621621521491	79700	0,093289520093083458
79710	-0,015637715173874231	79710	0,091246879533305666
79720	-0,024620040873840895	79720	0,08719861485939627
79730	-0,015824598704636275	79730	0,095485253619181684
79740	-0,019804257625952143	79740	0,077149232567892315
79750	-0,025763768897527541	79750	0,090995106342437987
79760	-0,017284773981509002	79760	0,084530777097597432
79770	-0,028966739956141536	79770	0,090669848588044055
79780	-0,020679876768148725	79780	0,094217416527222139
79790	-0,021703155738841375	79790	0,10124766783999356
79800	-0,017948056423803684	79800	0,10176006385457416
79810	-0,019863236420932448	79810	0,098370899405104975
79820	-0,03288462091857982	79820	0,089490136647365728
79830	-0,022642657311919903	79830	0,096402302079559965
79840	-0,008613771418783913	79840	0,096586329634521573
79850	-0,028107788316074	79850	0,087855680455652341
79860	-0,018323882135536797	79860	0,091626779677600578
79870	-0,0086816177073807642	79870	0,097354382382270052
79880	-0,024570340836712178	79880	0,0771483617208456
79890	-0,020035199879119645	79890	0,093390799508963326
79900	-0,017976118922240995	79900	0,093059043648630033
79910	-0,026204588640939823	79910	0,09680914646385877
79920	-0,021194183348221658	79920	0,092757946007373471
79930	-0,017768373983860775	79930	0,080685257292636661
79940	-0,017868828382737536	79940	0,089563129462953639
79950	-0,02196420198193515	79950	0,086146698921470782
79960	-0,028790783039887149	79960	0,086411430880398044
79970	-0,015175542221744862	79970	0,08955314785214645
79980	-0,012358881258312335	79980	0,098037559926566875
79990	-0,017098598824799367	79990	0,086596224342354408
80000	-0,025508841132073409	80000	0,094899597353808027
80010	-0,022784537042364061	80010	0,089404889844910657
80020	-0,027500215608851485	80020	0,088308729640028644
80030	-0,022635286769579811	80030	0,0927303268521801
80040	-0,017424684961743195	80040	0,079988725714667863
80050	-0,025165229346034584	80050	0,0977215488463662
80060	-0,016411489113792636	80060	0,095967382222692091
80070	-0,031199478481267921	80070	0,098302484107145482
80080	-0,016177987210516765	80080	0,085293930707480134
80090	-0,024319949022139693	80090	0,095528789435894323
80100	-0,017783292197778581	80100	0,085917842834309574
80110	-0,021686099477638009	80110	0,0911749979305554
80120	-0,023437078532904311	80120	0,097182232095897
80130	-0,021199007722833625	80130	0,0876335034890156
80140	-0,01197286945728571	80140	0,089711279168337266
80150	-0,020581072702374664	80150	0,098576954563889221
80160	-0,026280998186764624	80160	0,085869473800841423
80170	-0,017062852313678278	80170	0,10085501386068436
80180	-0,030330234790239861	80180	0,091909844990615552
80190	-0,020516746371443885	80190	0,09966574505493099
80200	-0,018348028274564058	80200	0,093638330228791408
80210	-0,019258067335623581	80210	0,094459530124089072
80220	-0,01289340251778094	80220	0,09482234423463691
80230	-0,022900173189736906	80230	0,089065910529028042
80240	-0,026537842466869584	80240	0,077431715227738174
80250	-0,017275111474447609	80250	0,094125997655297167
80260	-0,020697860643753757	80260	0,0937108104091308
80270	-0,027196334741825662	80270	0,0964828453516663
80280	-0,025516166114701647	80280	0,096013040908563108
80290	-0,01017172230863962	80290	0,09986307127282211
80300	-0,015974950658875907	80300	0,097371537196980551
80310	-0,0070485685844695212	80310	0,082099382232942622
80320	-0,012521621573245144	80320	0,11017326922223342
80330	-0,022374021020866844	80330	0,084655799378854812
80340	-0,011060342632431719	80340	0,083157499648712191
80350	-0,023065067697211634	80350	0,087426789160797228
80360	-0,022533114706555488	80360	0,084231657197564772
80370	-0,01055171081615397	80370	0,09824693745495483
80380	-0,015830543776685971	80380	0,089988179611362032
80390	-0,024354549975872365	80390	0,1026244088909862
80400	-0,025895002121983906	80400	0,083875728161284246
80410	-0,023760301677866445	80410	0,09204719088718015
80420	-0,021489372961608924	80420	0,081530175580046216
80430	-0,017447199025628839	80430	0,099024025775891616
80440	-0,016937163890032979	80440	0,092117592595488462
80450	-0,024616232268836892	80450	0,096688159314302635
80460	-0,02222323879973246	80460	0,095537241427988542
80470	-0,025081571728335549	80470	0,1023151087720386
80480	-0,013366065758254688	80480	0,0860351443284265
80490	-0,023298373761002685	80490	0,084212837591705864
80500	-0,014511330188346813	80500	0,080899182641437237
80510	-0,010831793916784422	80510	0,098101660754207856
80520	-0,014719261316976795	80520	0,10151790215154503
80530	-0,02709501798583332	80530	0,085220114069352412
80540	-0,020905693649185104	80540	0,096751577463040014
80550	-0,020759290929558243	80550	0,085457457328948841
80560	-0,018886798297755549	80560	0,085641694220958089
80570	-0,013131651086179415	80570	0,098057312787251771
80580	-0,016224827346339253	80580	0,08717231099674097
80590	-0,021838770326865854	80590	0,087555254929926163
80600	-0,01274966500535627	80600	0,08945804052684829
80610	-0,026856783578030195	80610	0,099092197629597353
80620	-0,016320387593355464	80620	0,0974469429007786
80630	-0,021327169114936824	80630	0,077027496660274725
80640	-0,020006834335818072	80640	0,098846317579743992
80650	-0,021944587432437535	80650	0,092821161982827277
80660	-0,015907528553042644	80660	0,0921411909898493
80670	-0,025162055511081707	80670	0,091654674621874821
80680	-0,025928781475599644	80680	0,084526834713681054
80690	-0,022342000244438619	80690	0,0837345811920322
80700	-0,027714322716724818	80700	0,091516703069197083
80710	-0,032527914707734112	80710	0,091556574267214891
80720	-0,025027992232396157	80720	0,08579532282879937
80730	-0,019454303346015389	80730	0,087390915548912582
80740	-0,0057020190174588174	80740	0,099887982904759892
80750	-0,030247286536496529	80750	0,095374233527539945
80760	-0,013253152342416809	80760	0,090907434205059812
80770	-0,027714151067376413	80770	0,096126577059284457
80780	-0,019739619965315345	80780	0,086838606398232585
80790	-0,0079200685837326566	80790	0,091940231252980051
80800	-0,019990830482058596	80800	0,10271550559197296
80810	-0,011087800757199595	80810	0,092519431856951467
80820	-0,015755225674195909	80820	0,096346163110075461
80830	-0,031440868354206258	80830	0,084802862749178184
80840	-0,018381468256845928	80840	0,10219871037558827
80850	-0,020754119792527264	80850	0,08418037859852949
80860	-0,0040385533318467344	80860	0,090955625454740188
80870	-0,016964495464374348	80870	0,088081844778642393
80880	-0,024792901883947935	80880	0,096701696644973578
80890	-0,015418811031112697	80890	0,08713422727712003
80900	-0,018025095286205103	80900	0,086743198015093823
80910	-0,015289627899606298	80910	0,0804173667602572
80920	-0,02156069756264976	80920	0,10311514583685527
80930	-0,016708463991291809	80930	0,089816454243509619
80940	-0,013516014726887498	80940	0,091884726586769758
80950	-0,02536330303911967	80950	0,088959632049937759
80960	-0,010631124717261463	80960	0,10396129585193001
80970	-0,017268361043074307	80970	0,085699284802289971
80980	-0,02454785800914841	80980	0,098354616538202322
80990	-0,028266706290969095	80990	0,099523799918325523
81000	-0,019831423965710474	81000	0,10099342555590572
81010	-0,0087087814764212658	81010	0,095778905418431648
81020	-0,017045403305163822	81020	0,093646660405056786
81030	-0,021527017110369862	81030	0,0999895836456618
81040	-0,015595077876368747	81040	0,087597136550451843
81050	-0,027399784252044045	81050	0,087752038536136959
81060	-0,017094474393470727	81060	0,085859377615441976
81070	-0,023594097405781535	81070	0,086902393632557764
81080	-0,019034515902316657	81080	0,089821907874320123
81090	-0,033210434932969032	81090	0,09090716084374309
81100	-0,024729710508022262	81100	0,0929685677407378
81110	-0,0169803127671373	81110	0,084368095436169063
81120	-0,023050932986318461	81120	0,099432190018793332
81130	-0,020063680038205186	81130	0,081435991285168235
81140	-0,012136135053119106	81140	0,088722236795271192
81150	-0,015679925145457563	81150	0,08471847041824887
81160	-0,016590217865070218	81160	0,089794972420891725
81170	-0,0044198311630463923	81170	0,081833218653039844
81180	0,028676389184194809	81180	0,070944196983698943
81190	0,063674922569403089	81190	0,080694840863063416
81200	0,047357226698500877	81200	0,072973265263088755
81210	0,023977552809993224	81210	0,081925579121295528
81220	-0,0042151762391877869	81220	0,092473681138323632
81230	-0,030791208119623863	81230	0,093497326406852224
81240	-0,047001114233283146	81240	0,10519408097458052
81250	-0,0504595513781895	81250	0,11768672426371277
81260	-0,055220372082912257	81260	0,10738690788532433
81270	-0,053994400184844187	81270	0,11258413552436718
81280	-0,048638705043636911	81280	0,11029671784124567
81290	-0,032640946158965727	81290	0,1034198519163626
81300	-0,030002254814526504	81300	0,10046288246866601
81310	-0,013179272552428692	81310	0,09577747684402213
81320	-0,028452858223026088	81320	0,097588583819657848
81330	-0,018203276678288402	81330	0,096384047663876621
81340	-0,014756788465589475	81340	0,10166684755748323
81350	-0,025724461026261546	81350	0,10293948359251487
81360	-0,021826396906767881	81360	0,0769534854710574
81370	-0,018657155669586572	81370	0,092618041706051146
81380	-0,015743893146231244	81380	0,10493263251662226
81390	-0,0084950318196261778	81390	0,093163575366078721
81400	-0,015669196449055935	81400	0,10146877887955927
81410	-0,010171218589589677	81410	0,098287211067665789
81420	-0,011678994995088378	81420	0,10553580586754409
81430	-0,031536015828264929	81430	0,0972876355255443
81440	-0,0019782230082521939	81440	0,09175909306003345
81450	-0,034010717467169396	81450	0,09776384066853093
81460	-0,019363622002867974	81460	0,083273056117715585
81470	-0,01506253274895262	81470	0,1105545378940726
81480	-0,0047931925513122215	81480	0,095252661374579023
81490	-0,0058026938298464869	81490	0,10108793030562634
81500	-0,03069186811084294	81500	0,095384836042292323
81510	-0,017848311113099227	81510	0,087975031043404386
81520	-0,023112552433718035	81520	0,094984644878499849
81530	-0,020197451998780341	81530	0,099816959926464124
81540	-0,0078470934472999691	81540	0,097109295986638047
81550	-0,020536001877631778	81550	0,1176763441219769
81560	-0,0058847505313283956	81560	0,10265074121421043
81570	-0,022581166774696682	81570	0,10080161723666038
81580	-0,011002661237476704	81580	0,10345818808780388
81590	-0,0080066248877964825	81590	0,0888136110247842
81600	-0,015030189696126369	81600	0,097371231013778731
81610	0,00586566773766876	81610	0,099611138076766831
81620	-0,013139358482119732	81620	0,099034773027442111
81630	-0,0097645089119819846	81630	0,091794650012861148
81640	0,0098918644384082058	81640	0,093724040436233474
81650	-0,015937280755497565	81650	0,10094668448744019
81660	-0,013260082535438304	81660	0,089423233390311843
81670	-0,0044623710578558309	81670	0,10248626210832282
81680	-0,019210242657361657	81680	0,097605005482029328
81690	-0,013847606937629112	81690	0,091287542778996283
81700	-0,021170203468702586	81700	0,096954024527521512
81710	-0,00025633640184828346	81710	0,082801632334949263
81720	-0,022393028849287577	81720	0,098892112219930953
81730	0,011511566751876395	81730	0,096418468955439041
81740	-0,013282604619160306	81740	0,0899787608134506
81750	-0,021936665636126163	81750	0,082871193642513885
81760	-0,0077619594669846026	81760	0,09323929775866785
81770	-0,034533265277245935	81770	0,094625526595691373
81780	-0,0077302099118268207	81780	0,096971512137946331
81790	-0,016739435690007028	81790	0,083018953642564064
81800	-0,028087133044368193	81800	0,10524339916779751
81810	0,0024763113725502291	81810	0,076254415908765472
81820	-0,022073729281932825	81820	0,084686284600388462
81830	-0,015309503274472107	81830	0,095741890550409728
81840	-0,010838738132963406	81840	0,082453742121027476
81850	-0,020819401588403244	81850	0,089729870549795365
81860	-0,0221554270237736	81860	0,090980734604486677
81870	-0,018332881247898263	81870	0,096295699094976678
81880	-0,013959910914741093	81880	0,080194966349557875
81890	-0,008191759026966363	81890	0,0957754604558226
81900	6,8923677541648509E-05	81900	0,10038682289097273
81910	0,0069052110587578836	81910	0,10161474173327167
81920	-0,0078916574281371367	81920	0,091003772486035084
81930	-0,028774138106275462	81930	0,089546625307568448
81940	-0,011517205347948345	81940	0,10814732780111881
81950	-0,016083281333610124	81950	0,080792780268940018
81960	-0,013115305805376022	81960	0,084144192815879162
81970	-0,015397640375913266	81970	0,095464727095890115
81980	-0,018281740718475749	81980	0,095150948227748264
81990	0,0026314072856168011	81990	0,094541288623147826
82000	-0,01413556650893304	82000	0,10354200143963388
82010	-0,00077679734735784341	82010	0,089673059849034717
82020	-0,016962008838439232	82020	0,0968779634247898
82030	-0,0073762491753799758	82030	0,087548918922236763
82040	-0,0033402157256636833	82040	0,093333477736546627
82050	-0,023645869992253148	82050	0,086026371005250152
82060	-0,018056493228548194	82060	0,10813445148951342
82070	-0,0039178073514587143	82070	0,091651939125085624
82080	-0,015760736121127324	82080	0,0945871017400863
82090	-0,0079234064107780635	82090	0,084852574608714676
82100	-0,011129740774053928	82100	0,0833774995771464
82110	-0,0081247977799274364	82110	0,090045887180670484
82120	-0,021686863904555678	82120	0,092879365841677969
82130	-0,010518216500591848	82130	0,10345357817999379
82140	-0,0115077422807295	82140	0,10580563025617322
82150	-0,020344564866718859	82150	0,088131967046604073
82160	-0,0078989671252892614	82160	0,097081609542506331
82170	-0,022742848790133517	82170	0,077509271777214908
82180	-0,0094664885606072589	82180	0,09910106082464136
82190	-0,0044514555652580279	82190	0,081112718273336132
82200	-0,0085298929832140838	82200	0,10133207586368366
82210	0,0071625786361727683	82210	0,099039554783024328
82220	-0,021274880259765115	82220	0,095583743640703558
82230	0,00048173416486014305	82230	0,092037559359304078
82240	-0,017818021985700046	82240	0,094189965703242673
82250	-0,016963113647099355	82250	0,10800379119508657
82260	-0,0039343557304108556	82260	0,091110954665734267
82270	-0,0070235001077536214	82270	0,10192154531048231
82280	-0,019989723825679352	82280	0,090848997488485128
82290	-0,004466991040392717	82290	0,0821064726665702
82300	-0,028286762517771378	82300	0,096893403465251909
82310	0,0014039453492707848	82310	0,087769820908797383
82320	-0,011935097404000561	82320	0,098787284239465589
82330	-0,014501578854756685	82330	0,084122379801764818
82340	-0,021652482721640619	82340	0,10465927450449121
82350	-0,025976044430700503	82350	0,10220347500181977
82360	-0,0012655796476800511	82360	0,095008764445217733
82370	-0,022890843319994081	82370	0,10845361799851593
82380	-0,02055711701652457	82380	0,082539100889462411
82390	-0,0062540541670582433	82390	0,0902057828651994
82400	-0,018794671508960532	82400	0,083888991153225054
82410	-0,0030253023021275076	82410	0,088535536915999746
82420	-0,0015512687849662916	82420	0,099014467353044824
82430	-0,0095565928294856634	82430	0,08653193484970835
82440	-0,017450073750757605	82440	0,091181615157540363
82450	-0,018370583297271321	82450	0,08486966610746538
82460	-0,00083359419264077118	82460	0,093572625931935591
82470	-0,014438651719320553	82470	0,093278038156077867
82480	-0,026235293089435105	82480	0,10359529479714003
82490	-0,012351739111512855	82490	0,12126395603924546
82500	-0,021429452338420054	82500	0,1136463322652902
82510	-0,0035066393830267962	82510	0,11476329129013396
82520	-0,010474263211405429	82520	0,10283651472143704
82530	-0,010031917444516272	82530	0,12629780237625887
82540	-0,010947952469815737	82540	0,11988440101090389
82550	0,0019978284778486817	82550	0,11984401821564709
82560	-0,01381431059064535	82560	0,11339527025107006
82570	-0,013922481551333184	82570	0,11063180681442957
82580	-0,0012143982578922976	82580	0,1035545240336385
82590	0,0018616758533601988	82590	0,12497677571048306
82600	-0,0015761248459780022	82600	0,11179720193774652
82610	-0,004862005343755949	82610	0,11089008161310456
82620	-0,0134845743960367	82620	0,11720246377548335
82630	-0,014703563305013654	82630	0,11430579871517391
82640	-0,0084971221440274924	82640	0,12162576739479163
82650	-0,012417521531463662	82650	0,11499118877785436
82660	-0,0091812933114748963	82660	0,0991292056559927
82670	-0,00994074405520507	82670	0,12150932214102761
82680	-0,016671159096622413	82680	0,11971971732568515
82690	-0,01581348692958923	82690	0,093235649453031949
82700	-0,014673279509954288	82700	0,11555165825917722
82710	-0,00010396372277429044	82710	0,11735819996486673
82720	-0,019903746917841067	82720	0,1213365588477829
82730	-0,010796011162487964	82730	0,12189828048940513
82740	-0,025159870677857438	82740	0,10258286072872304
82750	-0,0026519774603015744	82750	0,11061418528395341
82760	-0,00997979749874893	82760	0,10805993278081474
82770	-0,013664887656365343	82770	0,12284488820868308
82780	0,0027140487152206121	82780	0,10397995549076497
82790	0,00032262622783990911	82790	0,1246210406008615
82800	-0,0034578896340494852	82800	0,12890771103917736
82810	-0,0060633307585061481	82810	0,11693057481889224
82820	-0,018947603610356512	82820	0,11648153496083581
82830	-0,021822379675296918	82830	0,11125687193503837
82840	-0,0035781225758869735	82840	0,10820339922402485
82850	-0,0046166380553276194	82850	0,10315515420857976
82860	-0,00981256206302193	82860	0,1052364320191763
82870	-0,011377464016032903	82870	0,12240255128688801
82880	-0,0013021018724577846	82880	0,11697882916852521
82890	-0,009699727049523009	82890	0,11765492827773266
82900	-0,02053267303760959	82900	0,10198231472749791
82910	-0,001935370177323836	82910	0,11959844393236715
82920	-0,02095258312968128	82920	0,10932183285538093
82930	-0,0016155497673438631	82930	0,12677956210324021
82940	-0,011019754148060218	82940	0,118137627373678
82950	-0,00094776911620381155	82950	0,12704461762494143
82960	0,0029855766320069578	82960	0,1173476690871376
82970	-0,011003862037508395	82970	0,11437175660903431
82980	-0,018033427555795876	82980	0,11955576074866982
82990	-0,013321754476829491	82990	0,11484468472266717
83000	-0,0015400018437610283	83000	0,12767387402979358
83010	-0,001359476490293027	83010	0,11893212526768482
83020	-0,019012482370599763	83020	0,12295692163840442
83030	-0,017681242516904921	83030	0,10335750065749556
83040	-0,0052046684979569846	83040	0,12568453530437307
83050	-0,015377490132143562	83050	0,12021798201766518
83060	-0,014384232373235691	83060	0,10939670761384893
83070	-0,017470891411062617	83070	0,11665463731763889
83080	-0,0036248675002904848	83080	0,11037862193634265
83090	-0,013239267455466068	83090	0,11783548389673104
83100	-0,018763849552418107	83100	0,10432994828226126
83110	-0,0097405437409702426	83110	0,10758807795060249
83120	-0,0089497882147909161	83120	0,11473270828919023
83130	-0,0076963273648148435	83130	0,11766989251528036
83140	-0,0021054364894692863	83140	0,1145990585030119
83150	-0,016273556844777371	83150	0,11660789202596879
83160	-0,01198083524022947	83160	0,10962985736426437
83170	-0,0058350163375983626	83170	0,12386057045896658
83180	-0,017283616313705782	83180	0,11330283604661001
83190	-0,0046066189462270982	83190	0,10257656739301313
83200	-0,0046044649497118152	83200	0,11704806470379639
83210	-0,0023477820105818944	83210	0,10918542743252462
83220	-0,013739380244454211	83220	0,10749881837862246
83230	-0,00690809903348083	83230	0,1074190003648161
83240	0,0074691680716209262	83240	0,10678424232300288
83250	-0,013970701664305524	83250	0,12221319922965548
83260	-0,010843574651301632	83260	0,11007445492429648
83270	-0,0094286309862324485	83270	0,12398751300538922
83280	-0,015981904705911175	83280	0,11213839894845501
83290	-0,002673945901422759	83290	0,11572275462503326
83300	-0,0027410262683228732	83300	0,11228292973086032
83310	0,0056249055657454734	83310	0,11975491914974863
83320	0,0038454745103618918	83320	0,1164148764915364
83330	-0,025062673482271654	83330	0,11304315149012166
83340	-0,004428157672222187	83340	0,11097645618227804
83350	-0,02004384501202008	83350	0,12672276208243186
83360	-0,0028577416949393669	83360	0,11856775152760657
83370	-0,0208496505466499	83370	0,10270588136762349
83380	0,0030261635849042987	83380	0,10861522299656519
83390	-0,0118015295664708	83390	0,094460783839616674
83400	-0,010413449944834681	83400	0,11240219585779052
83410	-0,011150637967645953	83410	0,10693155301008633
83420	-0,027560842439637152	83420	0,10346775848826512
83430	-0,0099159880551643338	83430	0,11467815757774243
83440	-0,0033352601877765517	83440	0,12117643801455238
83450	-0,010362500040473231	83450	0,12860388715941165
83460	0,010167045049111199	83460	0,11227134075780898
83470	-0,01274238864802615	83470	0,11105813043403284
83480	-0,015862493833736266	83480	0,09381263833321965
83490	-0,012567202500327817	83490	0,11420906985440406
83500	-0,014083786619780804	83500	0,124473884907594
83510	-0,016946444189276696	83510	0,11051983202842364
83520	-0,017950590534210602	83520	0,11629247862816353
83530	-0,015925195129051248	83530	0,10326970332484659
83540	-0,0020840271903973971	83540	0,12138083262215214
83550	-0,019345895394948444	83550	0,12151639407533446
83560	-0,0035480949704540508	83560	0,10921511576529938
83570	-0,015186414779408585	83570	0,11153733264099731
83580	-0,00819758843547413	83580	0,099087193598133227
83590	0,0042609972394497342	83590	0,11674497550655645
83600	-0,014647583801415875	83600	0,12640108924359994
83610	-0,00073582749966523333	83610	0,10638036666096169
83620	-0,016859146936285724	83620	0,1199429438035477
83630	-0,017783499220037097	83630	0,095578152160075952
83640	-0,017352846663367984	83640	0,12401226785368284
83650	-0,00850120994871063	83650	0,12504807600270618
83660	0,011692617812823561	83660	0,10552052004516792
83670	-0,0019303562265982714	83670	0,12029129553125945
83680	-0,0092980789214395284	83680	0,11538580655302955
83690	-0,006523041385185128	83690	0,11014632394061835
83700	-0,013094291743576007	83700	0,10469563537058498
83710	0,0027189024018977859	83710	0,099221049447833984
83720	-0,010344077781591143	83720	0,12171928029916113
83730	-0,01291187878048842	83730	0,11892112060790019
83740	-0,009439360970293598	83740	0,11807405288833646
83750	-0,015013911147688299	83750	0,11791420997886974
83760	0,016665974153299616	83760	0,089251082829519726
83770	-0,0094043069929124912	83770	0,10360421167173263
83780	-0,00477267597861786	83780	0,106567756770702
83790	-0,015864336273061212	83790	0,11229050706711098
83800	-0,0071999772780358606	83800	0,12605215980734111
83810	0,00056196914681090149	83810	0,1161487230847711
83820	-0,0121604809871379	83820	0,121394033187442
83830	-0,00064412766480722423	83830	0,1230509408333436
83840	-0,013515602742338317	83840	0,12546998760383959
83850	-0,0046212600594655656	83850	0,099141255214061808
83860	-0,000586149940038314	83860	0,096089231754931309
83870	-0,018430117328505916	83870	0,12497497744301984
83880	-0,0005920451539494139	83880	0,11971342737120096
83890	0,0046345152160641914	83890	0,10651353088951926
83900	-0,013299371764048889	83900	0,11078242195010099
83910	0,0025783622723247494	83910	0,11307399495151899
83920	-0,027231315699042073	83920	0,10615907995743305
83930	-0,025856003450672425	83930	0,125518110187247
83940	-0,0038281415601303381	83940	0,11690939640361199
83950	0,0052990566429758947	83950	0,11646995470502138
83960	-0,015533179751321045	83960	0,10663803518053201
83970	-0,0092872073408625556	83970	0,1272769095488383
83980	0,0035573761721315058	83980	0,10635520967231954
83990	-0,0056138194577274834	83990	0,10998887509939834
84000	-0,022571094228211491	84000	0,11925404891367421
84010	-0,00983533768025364	84010	0,10629941591942228
84020	-0,0066870920538237054	84020	0,10984537296418372
84030	-0,0017794075624579346	84030	0,10772279678954941
84040	-0,019029094088797049	84040	0,12287878089404571
84050	-0,0008248456847338131	84050	0,1222421053347183
84060	-0,0010255778792198568	84060	0,10296614661915671
84070	-0,015455876477630576	84070	0,12797889272813035
84080	-0,0041088063622195204	84080	0,11394278665903337
84090	-0,0089187029681963431	84090	0,1023033612076769
84100	-0,014965187665203985	84100	0,11652428866697208
84110	-0,014442853066070337	84110	0,11803190195617579
84120	-0,009370533632834405	84120	0,12864554101824904
84130	-0,0080938871740108727	84130	0,11508355352556805
84140	-0,011428148744583023	84140	0,096834295636003681
84150	-0,0045160555973079537	84150	0,11411562833876524
84160	0,0010593822574410607	84160	0,1055694154853881
84170	-0,020419514575293164	84170	0,11500298925795109
84180	-0,0081539997175912645	84180	0,10854363900208038
84190	-0,0085578373368734757	84190	0,11700862143366107
84200	-0,026782239707257387	84200	0,11142306638950236
84210	-0,004425985491226159	84210	0,10407281139342613
84220	-0,0089132256200309956	84220	0,13296288575793111
84230	-0,016892894348995619	84230	0,11397138416576493
84240	-0,0009656937411288511	84240	0,1362765273506942
84250	-0,0072380476066520906	84250	0,10132589045347862
84260	-0,01448664499429587	84260	0,12315722365735536
84270	-0,024317284670937106	84270	0,1144045365133793
84280	-0,011186245984368185	84280	0,11817603646844758
84290	-0,012527923633457937	84290	0,12276768376180713
84300	-0,0080893537461171217	84300	0,1074197460896615
84310	0,00035016544926129244	84310	0,11426354526851924
84320	-0,024251973273784172	84320	0,12467342956308217
84330	-0,010702870999431898	84330	0,1095570635706777
84340	-0,0017829298736580185	84340	0,13211456800549218
84350	-0,013007848679557812	84350	0,1118773707505057
84360	-0,011602926678200174	84360	0,11325692090364387
84370	-0,014873989178366099	84370	0,10916796903669111
84380	0,0057957087642714032	84380	0,113234969056458
84390	0,000128740263827795	84390	0,12742342818845232
84400	-0,014756317119802657	84400	0,10865084079679949
84410	-0,0061628692196921573	84410	0,10946576356911322
84420	-0,017642806596316396	84420	0,10544950228269552
84430	-0,016965913601038603	84430	0,11094039000307367
84440	-0,019061270147955073	84440	0,0956449339935003
84450	-0,02204305428501005	84450	0,12912358335233481
84460	-0,012564827262660687	84460	0,10591114318959936
84470	0,0017249315707182457	84470	0,12271296531072982
84480	-0,0068180810873131352	84480	0,11059597374625127
84490	-0,017718961197660223	84490	0,10996076092662549
84500	-0,0064051522716754286	84500	0,10600642220910106
84510	0,0018320664482011132	84510	0,1139517113546334
84520	-0,0052846810172024611	84520	0,12280185194320653
84530	-0,004339144841102466	84530	0,11476667867004171
84540	-0,019199839580625891	84540	0,1227784998969426
84550	-0,01493789267262337	84550	0,11049723374439605
84560	-0,023591337881454205	84560	0,11526696586870024
84570	-0,021906438042040798	84570	0,10452228522275738
84580	-0,018466397826343597	84580	0,1021553596166478
84590	-0,00374417841993245	84590	0,11639395871314964
84600	-0,017921365673114285	84600	0,11356651225121121
84610	-0,010976384187915824	84610	0,10186336816448312
84620	-0,030471638326273361	84620	0,1250396074423154
84630	0,002916713130107084	84630	0,10919793802154681
84640	-0,010384090178390652	84640	0,10995334291230742
84650	-0,015735835537598667	84650	0,12185720188711545
84660	0,00075838047002591339	84660	0,11352935889176524
84670	0,001189923441908344	84670	0,10642640306377899
84680	0,0069222418707606355	84680	0,10838063571533523
84690	-0,022997083534624509	84690	0,10929077913881237
84700	-0,011797835667438609	84700	0,13043275098753054
84710	0,0062181621629157791	84710	0,10706040480422298
84720	-0,0060134657950503172	84720	0,14013410575306598
84730	-0,011650669230243433	84730	0,12330690810421482
84740	-0,013030631987813089	84740	0,10317879444737541
84750	-0,011596667227809171	84750	0,10318097446418989
84760	0,0024329381946722023	84760	0,11260593039498448
84770	-0,0045610853142816678	84770	0,12467456693615157
84780	-0,012273246935992443	84780	0,11568421201719939
84790	-0,019753718200025253	84790	0,10526267064890058
84800	-0,019082703709781719	84800	0,12405978411751996
84810	-0,0058208366338301544	84810	0,1214550129015734
84820	-0,0029836141104057313	84820	0,12580883861352149
84830	-0,00966371615132602	84830	0,10621918650252753
84840	-0,018828306261129607	84840	0,11018210091979369
84850	-0,010630862577634835	84850	0,12263415543749431
84860	-0,0091956182979730343	84860	0,11564133112285766
84870	-0,0117256993470254	84870	0,10714199059942224
84880	0,00081352517456986719	84880	0,1110413141794937
84890	-0,010126512527655184	84890	0,10922849680052424
84900	-0,0078940401621570531	84900	0,10197269999377778
84910	0,0068645398302956536	84910	0,11282233847019256
84920	-0,019384812490949439	84920	0,12501908854518176
84930	-0,01090102607105577	84930	0,11559224206862344
84940	-0,016163282222795929	84940	0,11345882073565883
84950	-0,00071088042113724985	84950	0,12196592368950572
84960	-0,005095984010257063	84960	0,10923951025200568
84970	-0,025401152863536971	84970	0,11186077398765099
84980	0,0033813835166337423	84980	0,10863216438605797
84990	-0,015622470496404263	84990	0,12582746897017716
85000	-0,015240503620843162	85000	0,10909817182666379
85010	0,0047685158351497784	85010	0,094724758425567643
85020	-0,0082261501841854722	85020	0,1105919208294205
85030	-0,010603420521554007	85030	0,097327950806811961
85040	-0,013714713203328802	85040	0,12501077177677372
85050	-0,0080079019234943934	85050	0,10646615010699262
85060	-0,0070996863890279878	85060	0,11904745991358982
85070	-0,012905872342757337	85070	0,11023065661445655
85080	-0,012201907191888912	85080	0,1093296289189003
85090	-0,019907152318395148	85090	0,11754193956378453
85100	-0,0076353455093187642	85100	0,10988276691919011
85110	-0,010059907633675536	85110	0,11158684363858624
85120	-0,00674232611885947	85120	0,11077342068986991
85130	-0,023773795292627124	85130	0,11013701806429686
85140	-0,017009403260210488	85140	0,0938671506511727
85150	-0,0068832076421887142	85150	0,11512855626898086
85160	8,3971337653935071E-05	85160	0,11351914872906553
85170	-0,020527952026277094	85170	0,12273100862522293
85180	-0,014415757091584954	85180	0,1182904799682928
85190	-0,010037063797348101	85190	0,11776527674567489
85200	-0,010708610038118075	85200	0,10553876665235594
85210	0,010394369102534455	85210	0,11527955520065708
85220	-0,00912498268553899	85220	0,10591131185889491
85230	-0,012062822737545555	85230	0,1184804384739718
85240	-0,010056754506612399	85240	0,10828641182088084
85250	-0,0092330993550770457	85250	0,11220810318867382
85260	-0,020854772824435121	85260	0,117032446432378
85270	-0,0039920649662140472	85270	0,11569694091394168
85280	-0,00785152370299687	85280	0,11124526844451446
85290	-0,0094432824962467979	85290	0,114405180902115
85300	-0,0077729095885934263	85300	0,10979871688860714
85310	-0,012029647750890595	85310	0,098687376521611261
85320	-0,018438263459219961	85320	0,11707066483139228
85330	-0,01399268704081595	85330	0,12427540414441313
85340	-0,016378294749644303	85340	0,11716713642684073
85350	-0,020990184827326536	85350	0,11620118326709433
85360	-0,020752487292903125	85360	0,098185957559017267
85370	-0,012214601791474678	85370	0,11943626664922481
85380	-0,00033158297405577351	85380	0,12091280097504847
85390	-0,014606753512944595	85390	0,12382645087507385
85400	-0,0039827368361383892	85400	0,12257540391285809
85410	0,0029192998309629441	85410	0,11136960650973005
85420	-0,012777507790741232	85420	0,10495846791031729
85430	-0,0032637695114176067	85430	0,10967375403302515
85440	-0,019268520974863132	85440	0,12040123688643784
85450	-0,011220643598946596	85450	0,11120751895613745
85460	-0,0011894737663991704	85460	0,11595703502066647
85470	-0,022725654182252024	85470	0,11599284874242884
85480	-0,01059706772449859	85480	0,10703681291994235
85490	-0,0048250420534629024	85490	0,12690826759296131
85500	-0,024594615261270398	85500	0,11717202049869016
85510	-0,009088930634292695	85510	0,10515785321234283
85520	-0,023051699169571491	85520	0,11867185640484074
85530	-0,0014451868234229867	85530	0,10610529889094783
85540	-0,0081110436703823365	85540	0,11252020465202349
85550	-0,020096242728055647	85550	0,1167635634948964
85560	-0,00681255611378132	85560	0,097284093869561425
85570	-0,017049830688745504	85570	0,11125417438015245
85580	-0,0079025610184932	85580	0,11861059674343988
85590	-0,012934429516318284	85590	0,11785803651462591
85600	-0,0081432495420937466	85600	0,1128980925505029
85610	-0,0066854844241453007	85610	0,11716879163732573
85620	0,0030271823399194843	85620	0,11154593911007178
85630	-0,019411295558802198	85630	0,1067227364754194
85640	-0,017346175757413155	85640	0,125429745257571
85650	-0,0029814239706532626	85650	0,11521852293125959
85660	-0,021757509053852493	85660	0,11952235067672909
85670	-0,029683679234148545	85670	0,130702267249496
85680	-0,0010414555937118385	85680	0,10961685021277119
85690	-0,0215452676682068	85690	0,10963069607704569
85700	-0,0119242653757775	85700	0,11399897190605762
85710	-0,010978690462505837	85710	0,12293112592463712
85720	-0,0087454308496941538	85720	0,12461106127240487
85730	-0,023997311869461219	85730	0,10868364304289815
85740	-0,0045428749694570811	85740	0,10826231407790181
85750	-0,008567077157805766	85750	0,10897889013837332
85760	-0,0048194997123483232	85760	0,11294669049105179
85770	-0,013414613708647483	85770	0,13372476901873781
85780	-0,00058504412891470243	85780	0,10863652074623627
85790	-0,0033435345033631225	85790	0,12659493355188817
85800	-0,016247708559720353	85800	0,11007745787846386
85810	-0,0052853340554230551	85810	0,1070780372310166
85820	-0,0082571795102588056	85820	0,11607803873599254
85830	-0,017260530312807089	85830	0,096290310493080858
85840	-0,0019987729339246488	85840	0,13632792136292563
85850	0,0064427363440460531	85850	0,11397627187245565
85860	0,01338269794444445	85860	0,10861994451828928
85870	-0,039028120376741804	85870	0,126848919419705
85880	-0,0045217143135955849	85880	0,11877402726305125
85890	-0,0074817025681188634	85890	0,12311796339646283
85900	-0,017348386306790576	85900	0,099235589735763782
85910	-0,013471850194921657	85910	0,11992288893778866
85920	-0,011358188662375823	85920	0,10824003387521936
85930	-0,01099987093062601	85930	0,11371649758801074
85940	-0,0047720892147792614	85940	0,13542152673067193
85950	-0,019523697765764347	85950	0,1174819850349931
85960	-0,015243126274008962	85960	0,11208108218645349
85970	-0,013395149151673075	85970	0,12926021347641534
85980	-0,00029198558530120185	85980	0,10989784928290615
85990	-0,024436618837251831	85990	0,11721235901312975
86000	-0,0075459969864807653	86000	0,0998625266053029
86010	-0,00944138757480081	86010	0,096124500466924209
86020	-0,025933409732757821	86020	0,12132433510349162
86030	0,0099703463647137433	86030	0,10789877710599978
86040	-0,015057266180582779	86040	0,12260208588120995
86050	-0,023228378641118458	86050	0,10124841093411471
86060	-0,0071604364862222439	86060	0,11335295243169924
86070	-0,01622286892770268	86070	0,12430169759552893
86080	-0,003164763528847227	86080	0,12183050530047605
86090	-0,016834667252271094	86090	0,12627596182165185
86100	-0,015392048378655992	86100	0,11346872143120391
86110	-0,0015563075772031558	86110	0,1116389883632955
86120	-0,0022600715525532612	86120	0,13505579368714024
86130	-0,0037868117847553425	86130	0,099756311320733815
86140	0,0032904849165916383	86140	0,12363786065112369
86150	-0,019446059504137865	86150	0,10346640669660788
86160	-0,0011508865549096439	86160	0,11617159570437058
86170	-0,00903924523505865	86170	0,1218444502238303
86180	0,0067330718677496041	86180	0,11742673227835244
86190	-0,0077730737545899332	86190	0,12382549585126791
86200	-0,019010733809337418	86200	0,1040599848302126
86210	-0,0069465986905129853	86210	0,10994991303348799
86220	-0,0182917514415273	86220	0,1167032175231604
86230	-0,0049071825655019252	86230	0,11048509792666121
86240	-0,012322664161187406	86240	0,095834377924972652
86250	-0,023333640008455756	86250	0,1143206187829606
86260	-0,01644278787807614	86260	0,10703546684716218
86270	-0,023800234430314881	86270	0,10819521724758811
86280	-0,015564781009226611	86280	0,11204935995437211
86290	-0,015708914112991273	86290	0,10390993645588381
86300	-0,012984283824659274	86300	0,12078665708259802
86310	-0,0065634464836872974	86310	0,10785906790204453
86320	-0,019520576120695483	86320	0,11845139758344757
86330	0,0059460824018128635	86330	0,12629774762918369
86340	-0,0020212572158749857	86340	0,11500407306827962
86350	-0,00930151541781797	86350	0,11591472323428632
86360	-0,016042386035574185	86360	0,11891082111329675
86370	-0,017011260752754116	86370	0,11273555073141359
86380	-0,0013138676185787145	86380	0,11483598619916807
86390	-0,020308561545870688	86390	0,12020579502104532
86400	-0,027653734681561092	86400	0,092730914006677878
86410	0,012730995127254792	86410	0,11818632029648395
86420	-0,010358612882975066	86420	0,11814126664733446
86430	-0,010056707252819281	86430	0,11239101177100636
86440	-0,00099256885396017372	86440	0,12205835769071725
86450	-0,018185984064092515	86450	0,12083226954690264
86460	-0,013256698709590557	86460	0,10884251459401699
86470	-0,0066135945985428676	86470	0,11706237777000284
86480	-0,013417560296001527	86480	0,10656657531983892
86490	-0,00521625091506968	86490	0,12138922307755674
86500	-0,024626617763366762	86500	0,11175231236197332
86510	-0,01915829178208792	86510	0,10632731320412783
86520	-0,008174190007571103	86520	0,10946190231436377
86530	-0,00468519221521793	86530	0,10654604476276444
86540	-0,019643341051540326	86540	0,11247620966210073
86550	-0,021229882939028409	86550	0,12847322564472694
86560	-0,0052562258746701191	86560	0,10646737694718596
86570	-0,0098650117556456553	86570	0,11622507061343976
86580	-0,0048420895190117779	86580	0,11663578844217262
86590	-0,015913056954813664	86590	0,10772062935783393
86600	-0,0051875345506493305	86600	0,12410617716849123
86610	-0,0017888276983804182	86610	0,10886333147992748
86620	-0,0027849005332224045	86620	0,10419454069627691
86630	0,0041190036142775789	86630	0,11779774872543818
86640	-0,026085371165833413	86640	0,11303585462372874
86650	-0,0088673735859512923	86650	0,11712044994586257
86660	-0,019003576767797764	86660	0,13208411460669506
86670	-0,010859398523085923	86670	0,11399151037187927
86680	4,0780624011892088E-06	86680	0,11384161703739251
86690	-0,0075095207021183925	86690	0,11487044359077907
86700	-0,010158796362223267	86700	0,11726989483612614
86710	-0,0014005145655962585	86710	0,10716501336291318
86720	-0,012823398434724331	86720	0,11698873616818187
86730	-0,0033607828372788119	86730	0,10357770239831005
86740	-0,023180203000735353	86740	0,11040855622320689
86750	0,0014759822918505368	86750	0,11897214465787742
86760	-0,0047825491191674663	86760	0,112171598715522
86770	-0,018751679863330643	86770	0,12568152353757464
86780	-0,0080028156215035985	86780	0,12186462340495695
86790	-0,027512184286766786	86790	0,10219888648611861
86800	-0,018084266277446491	86800	0,11500928836765544
86810	0,015452968277648048	86810	0,11909590543873271
86820	-0,010858238416913017	86820	0,10287436518209722
86830	-0,00417790146186441	86830	0,11186533789441329
86840	-0,021218192677906228	86840	0,11484379237784056
86850	-0,0055807561360726081	86850	0,11902936125733703
86860	-0,014449204434702679	86860	0,11816422875736718
86870	-0,0088997007232888212	86870	0,10879895605092332
86880	-0,0032928065779962139	86880	0,11701640742135036
86890	-0,012966276321576499	86890	0,11849326219629371
86900	-0,0061576432218938444	86900	0,12251690244923437
86910	-0,0008720795911891843	86910	0,11916899786600545
86920	0,0040279992046174072	86920	0,11169068368447016
86930	-0,017919210390966021	86930	0,10373260302421368
86940	-0,012837580471479208	86940	0,12127318849299776
86950	-0,012822890122431738	86950	0,11291533082881639
86960	-0,013937903813186351	86960	0,10666733215817689
86970	-0,024979445095323648	86970	0,13230895019947658
86980	-0,0023148563453813205	86980	0,11728719040763039
86990	-0,017605425033036456	86990	0,11864440498346597
87000	-0,0055944383457512637	87000	0,11919656633611499
87010	-0,012573020770954652	87010	0,10516369345485675
87020	-0,005537210039679	87020	0,11652933057639321
87030	-0,0053544661246521762	87030	0,10435869966363168
87040	-0,0027797397483666202	87040	0,11337169092516897
87050	0,0012128460341385634	87050	0,12432507167927938
87060	-0,016565954436505576	87060	0,10501213482552305
87070	-0,022858698417820188	87070	0,10438358531544706
87080	-0,02057108173768693	87080	0,11621892268031313
87090	-0,020018620373825707	87090	0,12014670940546716
87100	0,00045053112920794588	87100	0,10507853184088889
87110	-0,0095973905733222949	87110	0,10730164574945741
87120	-0,031024682165607137	87120	0,12260230596678548
87130	-0,0062628002642524374	87130	0,12411031580973318
87140	-0,0096514525330023623	87140	0,11104997049974483
87150	-0,0094778903272628081	87150	0,11258797921655865
87160	-0,0035026521722197031	87160	0,11742742706134597
87170	-0,012039148978202026	87170	0,11548648197116387
87180	-0,018634284445107268	87180	0,1019124449934747
87190	-0,0073132501978659947	87190	0,12245079739042486
87200	-0,003389213540673459	87200	0,11524795532007549
87210	-0,011807775082847305	87210	0,11620451665403664
87220	-0,01129907637640163	87220	0,1189689797516332
87230	-0,001796724536238951	87230	0,10365525801109454
87240	0,0039031823241881432	87240	0,11323073843556131
87250	-0,015873450239199484	87250	0,1278018635494739
87260	-0,012381035374084333	87260	0,11554233062393597
87270	-0,0313131845413505	87270	0,10854916080978859
87280	-0,0088075386733148572	87280	0,098512039423674189
87290	-0,013337949425285982	87290	0,11440366906117747
87300	-0,010913189809448512	87300	0,11525235981321641
87310	-0,0014401517088033521	87310	0,11385017168538908
87320	-0,006161563830500834	87320	0,12419721522677243
87330	0,0021447604799216878	87330	0,11197004762463332
87340	-0,013686536320756176	87340	0,11809029834482808
87350	-0,017082642449206108	87350	0,11538399629467715
87360	-0,00991060672610515	87360	0,12111211178871868
87370	-0,0096148169850112358	87370	0,10919329381493652
87380	-0,0070905226623199352	87380	0,12880655117091427
87390	-0,0076515891535750081	87390	0,12004117366616345
87400	-0,019039604364655308	87400	0,10448189979643954
87410	-0,0089369002599455471	87410	0,12369140480020242
87420	-0,022899856498306292	87420	0,11353617289151183
87430	-0,010244383203347212	87430	0,10664636525959724
87440	-0,015425654258634606	87440	0,098543720290805589
87450	-0,01379294087847239	87450	0,11208959540687663
87460	-0,012404238678220171	87460	0,10935286355979516
87470	-0,011065351045946676	87470	0,13930255038162978
87480	-0,0021002491240167303	87480	0,10686984751421932
87490	-0,010641101842807279	87490	0,11089123659542106
87500	-0,0086388428195364082	87500	0,11141752405890087
87510	-0,0060189947974414494	87510	0,12026036037901533
87520	0,0041835773056242446	87520	0,12137835139421063
87530	-0,0013357104455527583	87530	0,11090969383504096
87540	-0,019064711817197148	87540	0,12104834995731653
87550	0,002307026889263329	87550	0,11473964990339676
87560	0,0084775917970015928	87560	0,107512945559833
87570	-0,024453494659722005	87570	0,11800110784061341
87580	-0,00435944082428557	87580	0,11751905230844736
87590	-0,022693227330444109	87590	0,12363398045703429
87600	-0,0086551520878510261	87600	0,11661518445320689
87610	-0,0095568982097326474	87610	0,12155855207727689
87620	-0,0026194667223602293	87620	0,11269766046260533
87630	-0,0073043100647385718	87630	0,10283095347408346
87640	-0,010241982133255083	87640	0,11602777087055895
87650	-0,014314575415744744	87650	0,10858513314134194
87660	-0,0055001956203461063	87660	0,11548019132124252
87670	-0,00968648065743337	87670	0,12323252072000202
87680	-0,010736370699821066	87680	0,10938213011573329
87690	-0,0055798732924824072	87690	0,0951488439199698
87700	-0,010752616342901956	87700	0,11364513470623963
87710	-0,011857255501927568	87710	0,11885877531691273
87720	-0,010302452206132426	87720	0,11596442331159142
87730	-0,010725905992306594	87730	0,0980185576579762
87740	-0,0051425635217559711	87740	0,1097620830486962
87750	-0,015155109079585477	87750	0,10627564582332917
87760	-0,0054681669007448953	87760	0,12379375244925794
87770	-0,0044649486282271472	87770	0,11597313954150146
87780	-0,014383252495063651	87780	0,110782574201282
87790	-0,0065381416018669746	87790	0,10324469943859249
87800	0,0017705178009885575	87800	0,1331881554728204
87810	-0,010916641936311913	87810	0,10913513463397892
87820	-0,00884180057672812	87820	0,11032234708839503
87830	-0,0036548928771673833	87830	0,10346097470772965
87840	-0,00090599158126588675	87840	0,10618850276684598
87850	-0,02859550346627672	87850	0,12600702314889589
87860	0,0078725574450786637	87860	0,11535550175614015
87870	-0,015722887898924127	87870	0,11898451894936807
87880	-0,0016669569819271442	87880	0,10685040810793517
87890	-0,0088085922868862063	87890	0,1173307404624496
87900	-0,010830066402806425	87900	0,10737588452548595
87910	-0,017677764207066883	87910	0,11322076898760609
87920	-0,0180167249133958	87920	0,13464605697397009
87930	0,011280127167295631	87930	0,11123166381637166
87940	-0,010589386495613392	87940	0,10251780622375964
87950	-0,02131870196584788	87950	0,11479552466837251
87960	-0,0058539555374581744	87960	0,10455402804019673
87970	-0,0096507507600469035	87970	0,12537930876480383
87980	-0,017254793099570325	87980	0,11064220658735167
87990	-0,022659190638763989	87990	0,098937182074933627
88000	-0,0033279646432771829	88000	0,12880811172882639
88010	0,0047517547179545712	88010	0,11631851647399313
88020	-0,010426409776711597	88020	0,11042460089398214
88030	-0,016388425815864388	88030	0,10376764567340169
88040	-0,016445110784935251	88040	0,11518721450778463
88050	-0,003263330436473325	88050	0,117174634682173
88060	-0,018228014948658795	88060	0,10531926195428273
88070	-0,030106359059522126	88070	0,11434007686512655
88080	-0,0082809600449087455	88080	0,10747253899742244
88090	-0,022021507005117579	88090	0,11338434734394659
88100	-0,004394404111432622	88100	0,11338515820966631
88110	-0,004530976613224681	88110	0,10999715929475575
88120	-0,01281550686444225	88120	0,11192801743404268
88130	-0,00029734672021114076	88130	0,11881837451369436
88140	-0,014031374211921294	88140	0,12237094677951491
88150	-0,020752846271303294	88150	0,10631995193039208
88160	-0,016508906711104058	88160	0,11106625554549811
88170	-0,011973596686693518	88170	0,11078411226728825
88180	0,0016611495607028516	88180	0,10586317919747765
88190	-0,016548338639542668	88190	0,11670598147141763
88200	0,0089473552043538643	88200	0,11837611976638214
88210	-0,012505861641477803	88210	0,12098046776812398
88220	0,0015981036991407301	88220	0,11816245777976635
88230	0,0053998276497297182	88230	0,11110022527388833
88240	-0,012195939809278368	88240	0,12047579097678401
88250	-0,013993381479061939	88250	0,11110003008003783
88260	-0,022353870620031687	88260	0,11591651170433671
88270	-0,025114564650566662	88270	0,11174094030140297
88280	-0,0089216521065479081	88280	0,10660888481242996
88290	-0,00024850995981359747	88290	0,12897146320660641
88300	0,0050180100168602656	88300	0,1006843841092446
88310	-0,012849017738197254	88310	0,1132187082773975
88320	-0,010737496105253272	88320	0,1173925155834427
88330	-0,00717174987742923	88330	0,1168511531161871
88340	-0,018453327857344437	88340	0,11194928039933759
88350	-0,010425875839007727	88350	0,12024731382911814
88360	-0,019875225058698112	88360	0,12580699864662556
88370	-0,0046263746619697168	88370	0,11184192543486651
88380	-0,0052331106959256973	88380	0,099550009932067252
88390	-0,014899441201645287	88390	0,11512852556344259
88400	-0,017320606975410109	88400	0,10962285577524744
88410	-0,010228313526443629	88410	0,11765854615332841
88420	-0,001273948284691881	88420	0,1180785596907383
88430	0,0020244963464203947	88430	0,10581721759923417
88440	-0,015162325846003532	88440	0,10215051127667238
88450	-0,013472140702952981	88450	0,11191927793182335
88460	-0,0087286224070629286	88460	0,11294733200292555
88470	-0,019946869678840639	88470	0,12205072904954782
88480	-0,0070577297153028365	88480	0,10649188548804969
88490	-0,018479262288686352	88490	0,12590697240504084
88500	-0,015984823992230217	88500	0,12160627794139568
88510	-0,010838615808147514	88510	0,11313509720748752
88520	-0,012176133752430554	88520	0,11795121299615807
88530	0,0088140550466237044	88530	0,11042193997527339
88540	-0,01308179888291895	88540	0,12792600726617195
88550	-0,0078407128544768154	88550	0,10941658516964262
88560	-0,00968793103198529	88560	0,12144395265337395
88570	-0,01979918696463041	88570	0,093208998296678169
88580	-0,0051439436122302307	88580	0,11012236974550076
88590	-0,022103954314176708	88590	0,1193757464024877
88600	-0,0055846092398548425	88600	0,10113872053828045
88610	-0,013451368323632307	88610	0,12264323225955717
88620	-0,023349319316218742	88620	0,10598436764175929
88630	-0,0073769061901353093	88630	0,10603221036137023
88640	-0,011625949013767036	88640	0,13739479490214179
88650	-0,007742715030316023	88650	0,11690970395269633
88660	0,0014834904839167392	88660	0,12104013465290213
88670	-0,0043236617352353087	88670	0,12480836844049457
88680	-0,0038847881734369832	88680	0,10507998333366071
88690	-0,010359454815755563	88690	0,099599783520531768
88700	-0,0073858640543363208	88700	0,11097885505724889
88710	-0,016966911082254617	88710	0,10281470870967205
88720	-0,023206419903481487	88720	0,11769254259661054
88730	-0,015891683152974075	88730	0,11348558616681705
88740	-0,010878104001718025	88740	0,12061016501448127
88750	-0,016014619838844908	88750	0,12648238184184535
88760	-0,018998792391905543	88760	0,11509433982477574
88770	-0,020286953667514419	88770	0,1251712527306732
88780	-0,0026010404521986685	88780	0,10259994521866067
88790	-0,018081135186170067	88790	0,11403895502801958
88800	-0,0036953607884642726	88800	0,10979299321978284
88810	-0,006238986590141775	88810	0,12073551143658667
88820	-0,018926269728492217	88820	0,11391432767953853
88830	0,0069997926659734391	88830	0,10675362051652279
88840	-0,012494672515006217	88840	0,11072855845586589
88850	-0,0055356964455358579	88850	0,12107131366695074
88860	-0,01369413305468707	88860	0,11305037363139177
88870	-0,008255576404269523	88870	0,10586108747348604
88880	-0,011753885322732889	88880	0,11702174595656804
88890	-0,0067567651813793131	88890	0,12216337884694525
88900	0,0025486631146796521	88900	0,095193424762044426
88910	0,0081391395392007328	88910	0,12520133218538718
88920	-0,018227462446731766	88920	0,10860276411581624
88930	-0,0077473589755123161	88930	0,12202110267555152
88940	-0,01564435849625536	88940	0,12091830381655512
88950	-0,0029006340357320207	88950	0,11009529883326426
88960	-0,0053585724910294973	88960	0,11100650113135914
88970	-0,0072172171766614317	88970	0,11188701619181338
88980	0,0033345107039488065	88980	0,1093046420542733
88990	-0,016975988292124686	88990	0,10856933075554039
89000	-0,0066410307619163694	89000	0,12960469423064913
89010	-0,025086768582228441	89010	0,10001184125370158
89020	-0,016548058661265082	89020	0,11437289726125328
89030	-0,012680445179424493	89030	0,092112787089607989
89040	0,0084663748984920642	89040	0,12840112787100788
89050	-0,0012866110698858434	89050	0,11031355306683537
89060	0,00068567529583070375	89060	0,12049813326142002
89070	-0,020918836494758404	89070	0,10464524850380644
89080	-0,003970062971818197	89080	0,11567132412725299
89090	-0,01119643137432243	89090	0,10967041065397912
89100	-0,011194854604974665	89100	0,11470030967158688
89110	0,0015642166624995786	89110	0,11101326886521458
89120	-0,0089639531178211038	89120	0,10095689214589178
89130	0,0031096681283646005	89130	0,12333056756928125
89140	-0,019406775107450317	89140	0,12072031995951951
89150	0,0020898749971652313	89150	0,11249948809606561
89160	0,00028842874204631504	89160	0,12338707656805427
89170	-0,014072831465224383	89170	0,1180643598577843
89180	-0,013019486006267759	89180	0,12115496216166019
89190	-0,0052829969227276554	89190	0,12084360813617673
89200	-0,011645986252109837	89200	0,11227877967363208
89210	-0,0032826882129860348	89210	0,1211437244728806
89220	-0,021620811445754572	89220	0,10133529113695285
89230	-0,001617880412936736	89230	0,12030539823238652
89240	-0,018741409751266223	89240	0,11686377637472761
89250	-0,0053679441783915085	89250	0,1114095219002056
89260	-0,0011761226980053642	89260	0,12171344557607873
89270	0,0014768950425204719	89270	0,11130625278089186
89280	-0,00891543519679732	89280	0,10682521098209687
89290	-0,013950739202339147	89290	0,1156796336168953
89300	-0,014527637356104748	89300	0,10521681700687506
89310	-0,01444714751226937	89310	0,11561812542881686
89320	-0,004349496300061555	89320	0,11014571714655463
89330	-0,0069729394845007356	89330	0,11304988289593265
89340	-0,0095083522000506248	89340	0,1174170834392792
89350	-0,01108984271079968	89350	0,1055293076529935
89360	-0,010841794014496198	89360	0,11398751083010801
89370	-0,024381493678166652	89370	0,11167490507790173
89380	-0,010136273729096978	89380	0,11907336766229235
89390	-0,00927860556962754	89390	0,11414101618884395
89400	0,0013655700858233176	89400	0,11392641690798684
89410	-0,0029685797287637788	89410	0,10521996633455699
89420	-0,013278125802998019	89420	0,10151227953881466
89430	-0,0033039109536552747	89430	0,11757309291343455
89440	-0,009439867358645113	89440	0,12232998725668964
89450	-0,00052874506851637753	89450	0,11545731692908555
89460	-0,0022666018354297905	89460	0,10566916494816202
89470	-0,014507720686105506	89470	0,11476803785872902
89480	0,0086594169883419773	89480	0,12355013022477768
89490	-0,014335008136461042	89490	0,12628749576777495
89500	-0,013242785597351897	89500	0,1088041604275692
89510	-0,0013441515176440724	89510	0,10977976923911043
89520	-0,019920603583181842	89520	0,12686221641468548
89530	-0,012336140982352719	89530	0,12529533366422987
89540	-0,021376400301596394	89540	0,11995156120344154
89550	0,00036491571540528297	89550	0,11146560481311338
89560	-0,0038371021450481564	89560	0,12579818318866146
89570	-0,012224916597695694	89570	0,11029069785341783
89580	0,0062153982693418453	89580	0,10437167358616696
89590	-0,015543350486210715	89590	0,10750437660342289
89600	-0,018033874121677295	89600	0,12456576798756061
89610	-0,01013079047149373	89610	0,11776343517215228
89620	-0,016044593890560295	89620	0,10348191092618012
89630	-0,0063937470873235295	89630	0,11380228140792961
89640	-0,010026164658988351	89640	0,13028523950942997
89650	-0,0056580577823777478	89650	0,10995159452621368
89660	-0,016202974702016388	89660	0,1095845852303952
89670	-0,004781554810261001	89670	0,11628425507744175
89680	0,0071156867057965856	89680	0,10349307661533984
89690	-0,013342202822804346	89690	0,12198951409112946
89700	-0,020423967703087791	89700	0,10057870210252425
89710	-0,010191911126647864	89710	0,1190145124079602
89720	-0,012676351936381496	89720	0,1145826759628539
89730	-0,0062767314431526628	89730	0,10485355284569961
89740	-0,0091873864992515122	89740	0,1201602403817994
89750	-0,00519314236229646	89750	0,11892257851022488
89760	-0,0019891048982650645	89760	0,10287994768049756
89770	-0,0002137780499932536	89770	0,12628137438041975
89780	-0,014608856614870392	89780	0,10032632209240011
89790	-0,015700456058613397	89790	0,1301028226544525
89800	-0,0039892153200984885	89800	0,10532735872082824
89810	-0,0088624449557522939	89810	0,11440234995879155
89820	-0,018425114698052539	89820	0,1168870427711637
89830	0,00796452446862978	89830	0,10372286457433493
89840	-0,0058393876244149873	89840	0,11779128533021885
89850	-0,01262285798589147	89850	0,12048122780685375
89860	-0,011490433395235271	89860	0,12854043261886775
89870	0,0014372100245298653	89870	0,10591578934498773
89880	-0,0014978824664320487	89880	0,11080487455606707
89890	-0,013496672909469928	89890	0,1053291657323588
89900	-0,0076563515330338675	89900	0,11190588467868468
89910	-0,013223287327312292	89910	0,11970181713475922
89920	-0,012082614011657882	89920	0,1174588330051709
89930	-0,010946043348258334	89930	0,11286593879659401
89940	-0,02134957112165152	89940	0,11907140892796563
89950	-0,0026281835382464687	89950	0,11803543188200821
89960	-0,011398435793715	89960	0,11236273830322745
89970	0,0016314383854100318	89970	0,10342398054734615
89980	-0,0080244691042374149	89980	0,1125022924296282
89990	-0,029990479015495584	89990	0,11533145694382539
90000	-0,0043160580391951656	90000	0,11658014087533304
90010	-0,0071214324054822116	90010	0,11611509140824497
90020	0,0099254214798699739	90020	0,111340994124882
90030	-0,0012250183543435474	90030	0,1034509029592888
90040	-0,016503883114848558	90040	0,11982637117591075
90050	0,0029685944000313641	90050	0,10352329096497205
90060	-0,00912755946144284	90060	0,11700631440666882
90070	-0,01859835888044142	90070	0,10805890949224997
90080	-0,0120779073329253	90080	0,11770318541922695
90090	-0,0037483998720480379	90090	0,12736382423069248
90100	-0,018073314693449177	90100	0,12341847826726009
90110	-0,0093694810754104164	90110	0,11113276459857223
90120	-0,016020222955500953	90120	0,11901175330948891
90130	-0,0026057973906062804	90130	0,10881568300533127
90140	-0,014562284340524019	90140	0,10880551189060214
90150	-0,014310209781624984	90150	0,12621100715944555
90160	-0,0053162874918865795	90160	0,12422160346361312
90170	-0,0027317846765759603	90170	0,13096067324944705
90180	0,0033157602732000724	90180	0,10857604077789393
90190	-0,0080569261448196448	90190	0,11474491483827734
90200	-0,016151067456898528	90200	0,10561717384073598
90210	-0,0095706919190616819	90210	0,10715059885780916
90220	-0,0061091395182055266	90220	0,1186171705400938
90230	-0,015966541756115643	90230	0,11282820243744494
90240	-0,013048346136528621	90240	0,10255750265965462
90250	-0,0052759145882991607	90250	0,10913989960117947
90260	-0,011552770867788897	90260	0,11297570907547629
90270	-0,0023924076834802438	90270	0,10702348991404127
90280	0,0035297921555483163	90280	0,11131712261697889
90290	-0,0080970942037406728	90290	0,12342749032728791
90300	-0,015525042853665658	90300	0,11899539698211116
90310	-0,013179894055190012	90310	0,11947514702334293
90320	-0,0024202751209319424	90320	0,11507228135984603
90330	-0,010182011712875562	90330	0,11250958701148836
90340	-0,0023386640729701241	90340	0,11048497083653018
90350	-0,0069975876405844288	90350	0,10133124043510079
90360	-0,0088869740289529639	90360	0,11820849959681282
90370	-0,013324221220824356	90370	0,10542984236050951
90380	-0,0060646498190598105	90380	0,10885408855112851
90390	-0,026206364260744894	90390	0,115832972480234
90400	0,00041652697016510631	90400	0,1124105816304337
90410	-0,00738703865464768	90410	0,11696750599547592
90420	-0,0011523290837008242	90420	0,11547811701799172
90430	-0,014529533554697738	90430	0,11725698920535796
90440	-0,018730880742303103	90440	0,11700013383098407
90450	-0,012131828362340291	90450	0,10553170916877223
90460	-0,015131538573406579	90460	0,11568456218094131
90470	-0,017205444689551923	90470	0,1232432887427433
90480	-0,0091182080994291828	90480	0,10763453230217794
90490	-0,0095582941638077661	90490	0,11263395578418951
90500	0,0010080674865741207	90500	0,11887453488229058
90510	-0,0093470336702340864	90510	0,1155442533970696
90520	-0,0042634867307188105	90520	0,11215122788558081
90530	-0,0085405323606285374	90530	0,12845101219773394
90540	-0,023350134818723028	90540	0,10137866640787487
90550	-0,0026259092144768547	90550	0,10909948624102159
90560	-0,010235446386406676	90560	0,12385660597865335
90570	-0,017131977300694743	90570	0,11889286401463607
90580	-0,016409144228892281	90580	0,11177346181337743
90590	-0,030728565940682222	90590	0,11039491055856461
90600	0,00032210913809938653	90600	0,12859059825829955
90610	-0,0045472108079582726	90610	0,11741560191086782
90620	-0,018838599389664472	90620	0,11715291322384565
90630	0,0038070496006205796	90630	0,10062938523285921
90640	-0,0064105144608256814	90640	0,12210399438723303
90650	-0,0052308210835180485	90650	0,11174049030246913
90660	-0,0087711084857437609	90660	0,11883242596882505
90670	-0,01772866392425566	90670	0,1301085580133847
90680	-0,00891448815303751	90680	0,12089654430738618
90690	-0,0071775987849193815	90690	0,11665545885464335
90700	-0,00926879660357243	90700	0,084325496204795347
90710	-0,0090554017181713846	90710	0,12235640099578148
90720	-0,014313314806584805	90720	0,11663783185146869
90730	-0,023890372607227452	90730	0,1147934283375415
90740	-0,0011283685482983317	90740	0,11875455457070568
90750	-0,018760322876847174	90750	0,10298741362095534
90760	-0,011325951862096397	90760	0,11749084590967591
90770	0,00098961075465580826	90770	0,11659558786924393
90780	-0,010080903398593322	90780	0,10595075358149329
90790	-0,0063740480490710643	90790	0,11741673214921106
90800	-0,0037672006576386771	90800	0,11431998280133197
90810	-0,0090837205723950671	90810	0,11853906510402766
90820	-0,01905021330654098	90820	0,11825162893500939
90830	-0,0099182115146675912	90830	0,11874519515000895
90840	-0,0099366155192135569	90840	0,13256599340897271
90850	-0,02342180132422151	90850	0,11053322016784928
90860	-0,014551310645542022	90860	0,11965137136181181
90870	-0,013521561739803872	90870	0,10498450406861434
90880	0,0091074942757305415	90880	0,1077292371482832
90890	-0,0019941739701738056	90890	0,12314262909095386
90900	-0,0097364064392444823	90900	0,10991336526340274
90910	-0,0085455868637241954	90910	0,1164460139687562
90920	-0,021636797867027834	90920	0,12441087344405852
90930	-0,0073682104705189233	90930	0,10969989717639268
90940	-0,00269359570082935	90940	0,13319354503005226
90950	-0,0046274593852756538	90950	0,12502041807786854
90960	-0,021834113803500078	90960	0,10830035119115418
90970	-0,0072065722542769186	90970	0,11475569200170423
90980	0,0016007477100363847	90980	0,10875721916785366
90990	0,0016091981596627204	90990	0,11649671294608174
91000	-0,010560260201215818	91000	0,095134725421265637
91010	-0,020284877577680389	91010	0,11559425171153639
91020	-0,0022122890218743423	91020	0,11139877959887967
91030	-0,013361088655378415	91030	0,10490290271559863
91040	-0,013873720311925811	91040	0,11850833681654452
91050	-0,0049000328754955141	91050	0,10008620523470033
91060	-0,0049129844597877613	91060	0,11690155733808745
91070	-0,00500464985142107	91070	0,12563970225699789
91080	-0,01383490712417754	91080	0,10479984587368582
91090	-0,014929080033930557	91090	0,11197140140110934
91100	0,0028837291717336878	91100	0,11189044449718054
91110	0,00095989252016818354	91110	0,10504473719366247
91120	-0,021145598908309721	91120	0,10369576451286357
91130	0,0014835304165665422	91130	0,11615218151609248
91140	-0,010870063896920468	91140	0,11458197717594808
91150	-0,018336530785689833	91150	0,11415891058053244
91160	-0,0047964277208281426	91160	0,11211223364509233
91170	-0,017424084250847072	91170	0,12709546392320784
91180	-0,012716487575488955	91180	0,11522645912656684
91190	-0,014748027542367854	91190	0,12455867184929657
91200	-0,010627700751187207	91200	0,10542105123658284
91210	-0,014729622915908217	91210	0,10825343248305688
91220	-0,018896211663819211	91220	0,10467427264448427
91230	-0,0067710088795301738	91230	0,13149646083419328
91240	-0,0094940057336626721	91240	0,11177464784085145
91250	-0,022639857643302008	91250	0,10806544376336916
91260	-0,018091635718768265	91260	0,09957875651591859
91270	-0,0164104506192498	91270	0,11769397563061107
91280	-0,0055672576912372193	91280	0,11790557701487861
91290	-0,013033718085663587	91290	0,1084244200138281
91300	-0,00414140438067904	91300	0,11707067249179186
91310	-0,015623410145435767	91310	0,11164680292010398
91320	-0,017885423212378765	91320	0,12852363709406309
91330	-0,0070224518293248821	91330	0,11087803396737832
91340	0,0022832899695300261	91340	0,11650225381035306
91350	-0,016972166026596232	91350	0,11041674654562497
91360	-0,014265840105699028	91360	0,11680254731951693
91370	-0,010916243498119654	91370	0,11469334619626842
91380	-0,010854973189220867	91380	0,11868862478509729
91390	-0,029089490383288175	91390	0,12514780248558388
91400	-0,0032109932739153003	91400	0,11956365050906151
91410	-0,012161994125112485	91410	0,10599494054329824
91420	-0,0010883365183744166	91420	0,11655027834964515
91430	-0,014641783139256749	91430	0,10908014151799392
91440	-0,018981750762717395	91440	0,10633444739359689
91450	0,0053404881854017027	91450	0,099444871106189339
91460	-0,0099864821698620234	91460	0,11918556253660942
91470	-0,02348729392710832	91470	0,10932281179994091
91480	-0,015697705067128025	91480	0,098219565381623949
91490	-0,00963525148217466	91490	0,09902593112845455
91500	-0,0070042885965840651	91500	0,11272283725361158
91510	-0,0075027981572594942	91510	0,11099621591737642
91520	-0,028837968250665327	91520	0,10898259462865927
91530	-0,00906506776149009	91530	0,13089896612301563
91540	-0,013151467326846069	91540	0,11404502887762341
91550	0,0043006101390625886	91550	0,1141411430358322
91560	-0,018744558254768558	91560	0,1243423533980573
91570	-0,020578745867333034	91570	0,1138555513311863
91580	3,8297337716156265E-05	91580	0,11316384438551957
91590	-0,018893752112605279	91590	0,10915590476150393
91600	-0,00114030015506171	91600	0,11199419231573203
91610	-0,0053691615363676637	91610	0,11132515448367716
91620	-0,0046565955826351115	91620	0,11758095348929064
91630	0,0077165337052726322	91630	0,11131089963807767
91640	-0,00774080844709614	91640	0,12841077103925563
91650	-0,02180296105234052	91650	0,11556431969037453
91660	-0,014519086904142714	91660	0,11525848095138452
91670	-0,0044884179864253526	91670	0,12400515383111234
91680	-0,00010511036250150452	91680	0,1172945728716322
91690	-0,010496014121851261	91690	0,11620549271016278
91700	0,0037556444343019653	91700	0,1121355777969832
91710	-0,014295623736542973	91710	0,11738164338924229
91720	-0,0054009405195331	91720	0,11150196952099375
91730	-0,027311275580156832	91730	0,11486702961855565
91740	-0,007817581087941998	91740	0,13086892068756281
91750	-0,0090306269560400821	91750	0,11851898028697559
91760	-0,0060415195616160275	91760	0,10055849702703677
91770	0,0024573873524265221	91770	0,11449820049086192
91780	-0,0252506989812755	91780	0,10456848174978245
91790	-0,0142192274536044	91790	0,11077308894497052
91800	-0,0022017903756293231	91800	0,11886053923454874
91810	-0,0066006665458076914	91810	0,13193620690197519
91820	-0,0061373714372687524	91820	0,12463300807459052
91830	-0,0084956771860519656	91830	0,10119436232228209
91840	-0,021827389735343337	91840	0,11547905737177054
91850	-0,0075297853319158583	91850	0,095884659893985355
91860	-0,012495585364317332	91860	0,11947028604340347
91870	0,0057957265907754556	91870	0,11411942533333097
91880	-0,024872746062072935	91880	0,11122874806445031
91890	-0,021493580899268311	91890	0,12253152715744169
91900	-0,0089429802249316841	91900	0,12331800098423128
91910	-0,013102151593759057	91910	0,10790487162236813
91920	-0,0080537612551200288	91920	0,10202579397374691
91930	-0,010594530754188676	91930	0,11890863659708703
91940	-0,012018923063875702	91940	0,11667109231007745
91950	-0,0062771939470472283	91950	0,12037588620888076
91960	-0,017632649745920739	91960	0,10984131451055836
91970	-0,0068003991198131277	91970	0,10029661350581542
91980	0,0017556647683033687	91980	0,11736440435956363
91990	-0,019511952891921154	91990	0,10697206845716269
92000	-0,015956326927906338	92000	0,12420292000798613
92010	-0,0094846575876142217	92010	0,10888707417457506
92020	-0,012596122909059648	92020	0,1292495404319822
92030	-0,00068637825880684289	92030	0,10004154690092712
92040	-0,016766221366726636	92040	0,13335739159399718
92050	-0,00098655414606675521	92050	0,10848508861651642
92060	-6,182708517032403E-05	92060	0,11209886795265948
92070	-0,011571477978798563	92070	0,11691830747409772
92080	-0,022934825370145941	92080	0,11731830774415017
92090	-0,015040360243449501	92090	0,11085878678900446
92100	-0,0072253027649283605	92100	0,11318094014148239
92110	-0,0056294762956842883	92110	0,12019286699483842
92120	-0,008960390049230894	92120	0,11796411521073533
92130	-0,001904509926170169	92130	0,11421553490586407
92140	-0,00046794517717150771	92140	0,10677834361954187
92150	-0,0060774348188388713	92150	0,10427215878588655
92160	-0,00945616628891714	92160	0,1228059623771245
92170	-0,01304506975900056	92170	0,11293982141771143
92180	-0,01078697320426397	92180	0,099919080224995016
92190	-0,0070362665867203557	92190	0,10844756922169646
92200	-0,0028906441569525516	92200	0,12239018222951581
92210	-0,0063031566923972765	92210	0,11242325467906553
92220	0,0018624191444067111	92220	0,12153030744160319
92230	-0,0025840486069625556	92230	0,098177316341601539
92240	-0,0094925451199531965	92240	0,10463280903138696
92250	-0,0037038714974720918	92250	0,11027951152399428
92260	-0,020670413077791827	92260	0,11983503683508556
92270	-0,0048688488433011861	92270	0,12030266135735407
92280	-0,0037622080372157656	92280	0,11872791200822568
92290	-0,0209691708774311	92290	0,10741619647118424
92300	-0,0029824253252729248	92300	0,10951154708660058
92310	-0,0077233649691237595	92310	0,11739594086833514
92320	-0,013935351540911582	92320	0,10773691687929066
92330	-0,0051168144636855682	92330	0,11158896560510272
92340	-0,013037231315311353	92340	0,11441295239766387
92350	0,0033765092727422313	92350	0,11273303037298377
92360	-0,00063194935743863655	92360	0,11889435297604498
92370	-0,011936911516627246	92370	0,10492042059331616
92380	-0,0058578741633151287	92380	0,12476619050893469
92390	-0,0044848825238985712	92390	0,10547383303399753
92400	-0,0025144271399342977	92400	0,10715346003162331
92410	-0,0037899591888154332	92410	0,11924500725053333
92420	-0,012995793939387318	92420	0,11143411157799041
92430	0,00038392830284309008	92430	0,10898964367937239
92440	-0,00857343578301807	92440	0,116466685543556
92450	-0,0057493090205563441	92450	0,10897416797779083
92460	0,0038030664219147483	92460	0,13745069379012642
92470	-0,0033360121129672373	92470	0,12116719329065173
92480	-0,018077711855975953	92480	0,095175999060874775
92490	-0,01265704428866456	92490	0,12768750487846622
92500	0,0024867153725895252	92500	0,12427793145272609
92510	-0,019143740433160989	92510	0,10646805410528759
92520	-0,016931685169586329	92520	0,11159058655521049
92530	-0,00016170800200228703	92530	0,10361980623597432
92540	-0,021125920858903153	92540	0,11629955479860882
92550	-0,008777057951254252	92550	0,11865475771530709
92560	-0,0064906791481363383	92560	0,10965996770105262
92570	-0,00693787064547192	92570	0,11918608655486462
92580	-0,0095381592062876788	92580	0,10869501772554878
92590	-0,01691993214811309	92590	0,11497530950714453
92600	0,00012344878605710855	92600	0,1258583465078105
92610	-0,0069563114606865937	92610	0,1115726816383236
92620	-0,0061657754986317054	92620	0,11512114394566872
92630	-0,0053073265969730042	92630	0,098945751290598252
92640	-0,011963321213636446	92640	0,11824810659923658
92650	-0,0051050908903268822	92650	0,10084069484207014
92660	-0,020053144123448295	92660	0,13193994962336725
92670	-0,00668586141239421	92670	0,11020227037055336
92680	-0,022843648471928553	92680	0,10176857596746528
92690	-0,00934891189657332	92690	0,10709929602886791
92700	-0,013258720801173095	92700	0,10742244337439
92710	-0,032331872235186791	92710	0,11640827278709756
92720	-0,0093475419177924436	92720	0,11810901499869332
92730	-0,0031111472342736763	92730	0,10739871925549495
92740	-0,013693098613651037	92740	0,12410236354791274
92750	-0,014004863446031227	92750	0,11379409116583232
92760	-0,015017382501439722	92760	0,11790159971624808
92770	-0,015178602384097016	92770	0,11656078475229074
92780	-0,020491026132716608	92780	0,10767620932385924
92790	-0,0095626978758157743	92790	0,11418524650191896
92800	-0,017578702401836142	92800	0,11162683125244757
92810	-0,019533319760355338	92810	0,11106287998665386
92820	-0,00688458204906389	92820	0,11927056931888798
92830	-0,007504835580939102	92830	0,12521362914811712
92840	-0,011698284125995074	92840	0,10709469898125007
92850	-0,012031011927267165	92850	0,100961852920617
92860	-0,019544804054434123	92860	0,10643560174807176
92870	-0,00565637718946882	92870	0,11379666145901922
92880	0,00035848671484094	92880	0,1233679410283732
92890	-0,0034134231755257958	92890	0,10793353367421521
92900	-0,016896644703786323	92900	0,10734511046797721
92910	-0,010342451712370174	92910	0,10529800241934439
92920	-0,016453528898010963	92920	0,11427970030421947
92930	-0,00687986421955255	92930	0,11548969697408973
92940	-0,01910248705264106	92940	0,1259686878717429
92950	-0,0044330416903992139	92950	0,11197112531655298
92960	-0,00336192834634595	92960	0,11058079184432104
92970	-0,0063933884530842765	92970	0,12003361205404757
92980	0,0011823828029208861	92980	0,11697217797423591
92990	-0,024373498097298336	92990	0,12177877330108836
93000	0,0087362440432331954	93000	0,096497353218188545
93010	-0,019923730432471184	93010	0,11851462686946428
93020	0,0040325086006852357	93020	0,12436835532633217
93030	0,0058710162853910204	93030	0,1156646478387072
93040	-0,01421321319551074	93040	0,12449652583772627
93050	0,002716952703181928	93050	0,11761610038987674
93060	-0,028738854823354691	93060	0,0917426875949728
93070	-0,019877507953910672	93070	0,13097350927712029
93080	-0,0088236384988439644	93080	0,10568304902492627
93090	-0,019783570442930797	93090	0,12611001160193233
93100	-0,0038475328484745227	93100	0,11161650576898667
93110	-0,010669865579510567	93110	0,12821734688217298
93120	-0,0038049520785842427	93120	0,10716967974660174
93130	-0,00392221841767567	93130	0,11292011179255358
93140	-0,010712155594457021	93140	0,1206361672671819
93150	-0,0072026229044595391	93150	0,1053971070537133
93160	-0,022886356323496154	93160	0,12397507776798879
93170	0,0096279641119476466	93170	0,11440540864276903
93180	-0,00780916731328791	93180	0,12125276092674032
93190	-0,016497343947453978	93190	0,1126357669164119
93200	-0,0092777495725653546	93200	0,10981098528810734
93210	-0,021837602280674294	93210	0,10875694494372093
93220	-0,0045361725647006836	93220	0,12606881698426606
93230	-0,0062089143033230883	93230	0,11317800915096526
93240	-0,018045787516030143	93240	0,10665173074797814
93250	-0,016552282160357094	93250	0,11270116198628942
93260	-0,0075363472583888143	93260	0,11434301724211268
93270	-0,00934870883483505	93270	0,10297724920109326
93280	-0,0005876136516696776	93280	0,12634987196813644
93290	-0,010767941509081107	93290	0,13519824557660368
93300	-0,0058563833859138562	93300	0,10268799397416203
93310	-0,013364356031963575	93310	0,11782983930836552
93320	-0,010140042380527408	93320	0,10291065476698039
93330	0,0012231972172166508	93330	0,11892150128305343
93340	-0,015956552869939508	93340	0,11016167381262826
93350	-0,0062532254822218643	93350	0,11584012812418577
93360	-0,023019490078687459	93360	0,12211196858021024
93370	-0,015187213012491091	93370	0,11387948300316268
93380	-0,0059790138931592636	93380	0,11498697166510508
93390	-0,019208329551307322	93390	0,10634285194244221
93400	-0,0037384977276592266	93400	0,11343790985821788
93410	-0,024694471990227115	93410	0,12416427665053526
93420	-0,0072752878742459439	93420	0,099105176341869217
93430	-0,0047966973979469991	93430	0,11673792885925161
93440	-0,012406352647480719	93440	0,11459725688243114
93450	0,002293682044816892	93450	0,12294792697000201
93460	-0,020822098565310188	93460	0,10086884605206868
93470	-0,001358593655378001	93470	0,10849783309184934
93480	-0,0026658106009289934	93480	0,1044078258310005
93490	-0,021627464900194841	93490	0,1120965193219983
93500	-0,02097881431441459	93500	0,11100620707166398
93510	-0,012651371219956102	93510	0,126097496622666
93520	0,00061333933020476486	93520	0,11827701053067871
93530	-0,0022643328530953994	93530	0,10502718994481672
93540	-0,01784561540196556	93540	0,12314080305050112
93550	0,0033190065498493486	93550	0,10361296316191516
93560	0,00022377679430473271	93560	0,12003449761505862
93570	-0,02180353236576146	93570	0,11361814459085273
93580	-0,011016783531866933	93580	0,10368333726085754
93590	-0,0006169505151376617	93590	0,10603841814650285
93600	-0,0015304528871580051	93600	0,1244030662210469
93610	-0,019928525416437994	93610	0,12643469346457881
93620	-0,010625515534400045	93620	0,10261284111844873
93630	-0,0018936715742907096	93630	0,11937870769104558
93640	-0,00868719682518837	93640	0,11994612559678103
93650	-0,011258528781706282	93650	0,12001813221688727
93660	-0,024584283500187078	93660	0,11664026363567245
93670	-0,0035096691125630578	93670	0,10469496329178195
93680	-0,00065688791995103558	93680	0,10932157611543514
93690	-0,0069368877270826355	93690	0,11016768405554027
93700	-0,0045475899876334094	93700	0,11746924149455162
93710	-0,023600342482774504	93710	0,11723594815908008
93720	-0,0025195905524307916	93720	0,11165865760999466
93730	-0,0078247055926280954	93730	0,12506334881955195
93740	-0,014026707906443272	93740	0,12081370319579642
93750	-0,016373972298460757	93750	0,10444289546407912
93760	-0,027799427406791179	93760	0,11484041833821405
93770	-0,012547160757965614	93770	0,11936814043125825
93780	-0,0098794590718923551	93780	0,1024326939006326
93790	-0,012957874217703102	93790	0,12862199623307719
93800	-0,010783130592082421	93800	0,10426234163830114
93810	-0,011111089291028286	93810	0,1169778387354434
93820	-0,023634029897592439	93820	0,1119734898089758
93830	-0,012871549026086318	93830	0,091710768416898569
93840	0,0027022725489325703	93840	0,11392414580247433
93850	-0,016190547215579838	93850	0,12179493884786373
93860	-0,016524425353922338	93860	0,12608572477480345
93870	-0,010363432358449661	93870	0,1050962490003057
93880	-0,0018079228152398374	93880	0,11313211102763128
93890	-0,024449738473736736	93890	0,12436354883850065
93900	-0,01252275260711477	93900	0,11030374015149071
93910	-0,020240830488041345	93910	0,11365726917670389
93920	-0,0074047457120768071	93920	0,11119745541812913
93930	-0,0021016266637658597	93930	0,10088526048767195
93940	-0,022790302124982294	93940	0,12499444681612815
93950	-0,015412365133705681	93950	0,10075087750562886
93960	-0,028310288026052424	93960	0,10887421709114512
93970	-0,0080133330926401829	93970	0,12622207814259928
93980	-0,022483101822461347	93980	0,10060012842762373
93990	-0,010586120988774792	93990	0,10753958594871262
94000	-0,0010821648883966252	94000	0,11884448123517191
94010	-0,01177130189994326	94010	0,11263674658670055
94020	-0,013203415082636161	94020	0,11958896143922848
94030	-0,0023219458153934296	94030	0,10634199740207759
94040	-0,0071687336838475307	94040	0,11582214557882943
94050	-0,011685903135976089	94050	0,10922454426652005
94060	-0,012419352134851111	94060	0,11579207941465355
94070	0,0078332414952911929	94070	0,1203186328552887
94080	-0,00097069817270993932	94080	0,11886778868139374
94090	-0,014008490151827079	94090	0,10615176844360418
94100	-0,0086272685685830214	94100	0,11988013598990692
94110	-0,015970561074469588	94110	0,13197554831647318
94120	-0,00071624859431220888	94120	0,10885647188552919
94130	-0,013609378478197936	94130	0,11714428782582424
94140	-0,003135699517717464	94140	0,11809748983300503
94150	-0,0099370314890151745	94150	0,093141609428169223
94160	0,002543998906655659	94160	0,1167513841430721
94170	-0,014823493639050158	94170	0,118812111430594
94180	-0,00686504670095257	94180	0,10063824265368049
94190	-0,022748131532583073	94190	0,11227731343296583
94200	-0,02014939259084312	94200	0,10354454331757523
94210	-0,0037377545596041293	94210	0,12058193609539392
94220	-0,00087731753871642072	94220	0,11555755156745065
94230	-0,010560501527362296	94230	0,10415585802282269
94240	-0,016302672352454108	94240	0,13417147103983157
94250	-0,0079247596707731141	94250	0,10521310441119787
94260	-0,012923769124114701	94260	0,11376844137039403
94270	0,00497047279761485	94270	0,12157124828548478
94280	-0,020630446549052297	94280	0,11879598383032564
94290	-0,011339644552311031	94290	0,1220967738163683
94300	-0,00057597365544155088	94300	0,10317672976702014
94310	-0,012134063648292682	94310	0,11541514766616243
94320	-0,0103086297384737	94320	0,11428420808929163
94330	-0,0058442986923748956	94330	0,12376453120766735
94340	-0,02718593378987413	94340	0,10267443760154035
94350	-0,0014644639418607598	94350	0,11766728811239263
94360	-0,020494828342310777	94360	0,10690541346206431
94370	-0,0062645714727112764	94370	0,12347710603754095
94380	-0,02278346062581714	94380	0,10973888738207079
94390	-0,012650162493983427	94390	0,10702450104397018
94400	-0,0030851882656415188	94400	0,11439302452213492
94410	-0,0035677691330398527	94410	0,11967641052467611
94420	-0,0075925439432506332	94420	0,13215906806094069
94430	-0,019649618167557503	94430	0,11648152548292166
94440	-0,0067765641964533914	94440	0,11091456571561865
94450	-0,0074447772375285442	94450	0,097755941006932939
94460	-0,018361721592218418	94460	0,11681140594066404
94470	-0,0023045583118608184	94470	0,12361530807575423
94480	-0,019926371844214089	94480	0,12451508962348762
94490	-0,0012154789186280129	94490	0,1135068033630327
94500	0,0063358399811456988	94500	0,10577828115175203
94510	-0,018706736584335439	94510	0,10947327511993721
94520	-0,019163448105644746	94520	0,11633327908337572
94530	-0,01577201445150193	94530	0,12379355314835161
94540	-0,014390133141566295	94540	0,131738517181644
94550	-0,00064022506794666318	94550	0,10501262994050066
94560	-0,00039723961704913669	94560	0,11429588206256616
94570	-0,0056325325325058987	94570	0,12987113858361074
94580	0,0029001575621064959	94580	0,12268571687977362
94590	-0,01022783545841756	94590	0,10683833516795052
94600	-0,0041870400811184188	94600	0,1043635173843416
94610	-0,0047544468799311269	94610	0,1153633683319962
94620	-0,015783144557517	94620	0,12373363411763494
94630	-0,00055033877938281907	94630	0,11780707257372748
94640	0,0017342860991428493	94640	0,12191866851714849
94650	-0,0046667841576164956	94650	0,10130381388352937
94660	-0,0054260937483566821	94660	0,10881830982295779
94670	-0,002380870882953186	94670	0,10512558535941453
94680	-0,017734534475797082	94680	0,12331692079135455
94690	-0,0185294266973015	94690	0,11829229788751064
94700	-0,0084972494856174561	94700	0,10322310079990106
94710	-0,024709593793357038	94710	0,11469123778710121
94720	-0,0084553518585791746	94720	0,10862683327394035
94730	-0,017364286844916373	94730	0,10563292837843138
94740	-0,0072033767509474995	94740	0,10257929590752662
94750	-0,0014546522747802158	94750	0,10961543844063312
94760	-0,01253262336965145	94760	0,12378149423132581
94770	0,00044579487450507546	94770	0,11367371718064634
94780	-0,017419217804929464	94780	0,10400793022043949
94790	-0,008557471347593399	94790	0,1154476309222062
94800	-0,015605924960722571	94800	0,1161206181179447
94810	-0,017767391699846154	94810	0,11486079121225509
94820	-0,008902752729363932	94820	0,10066728588880755
94830	0,0033439620027163881	94830	0,12474891266404142
94840	-0,011424102410947728	94840	0,13028801955242833
94850	-0,013432056308061387	94850	0,10618426276729533
94860	-0,016403524726008856	94860	0,11766491540952606
94870	-0,0056236185258132249	94870	0,12011136086348612
94880	-0,01950025549094396	94880	0,092492617670786967
94890	-0,011801378718715156	94890	0,12233792077263024
94900	0,0029168319777680266	94900	0,11353881949439069
94910	-0,016533278251578892	94910	0,11027458576608075
94920	-0,010515676899977632	94920	0,10743580351759559
94930	-0,0075189053298420731	94930	0,11018439987730924
94940	-0,012217963856614125	94940	0,12325535489397163
94950	-0,016298789732753484	94950	0,10036038879746477
94960	-0,015869809164776379	94960	0,11499764077235658
94970	0,0034108959443555878	94970	0,11764250232804828
94980	-0,015349132479014404	94980	0,12288517737492662
94990	-0,0074951693412982851	94990	0,11088605709927754
95000	-0,0017405480113264794	95000	0,11145789857254837
95010	-0,019074466304809835	95010	0,11500606757350583
95020	-0,0048294916698270705	95020	0,10645573281359383
95030	-0,007365560430819651	95030	0,11712880963347125
95040	-0,0087477222231730073	95040	0,12360531744979939
95050	-0,00084512695621051287	95050	0,10761858678102614
95060	-0,0084904805425227714	95060	0,1268180174049526
95070	-0,01192883871286558	95070	0,10951573855301422
95080	0,0066012414538619956	95080	0,12584678711829972
95090	-0,02024473944206847	95090	0,11816166852696372
95100	-0,004644200002736425	95100	0,10801550409710878
95110	-0,023920411290131043	95110	0,11352380362029386
95120	-0,0021969451192822443	95120	0,10654680525853917
95130	-0,010965437569120834	95130	0,10244543129763627
95140	0,0090905161815445779	95140	0,12557355433497852
95150	-0,020758705829249834	95150	0,10189997270006557
95160	-0,00010247878390852038	95160	0,12216364822581882
95170	-0,0082348469565384046	95170	0,12357293684892597
95180	-0,0050838857395777304	95180	0,11792291943046002
95190	-0,0073259299333735513	95190	0,10321611031731402
95200	0,016226723608470588	95200	0,11712070611374938
95210	-0,026965574488692929	95210	0,12501501874355359
95220	0,0024031482416742864	95220	0,11646979574140563
95230	-0,011066497924342268	95230	0,11171221316401821
95240	-0,015243280809790387	95240	0,12820458379902766
95250	0,0098905881367672838	95250	0,12530263137002221
95260	-0,01554098269177287	95260	0,12498393768298553
95270	-0,009285907171318334	95270	0,11062690644704988
95280	-0,0084817744127177984	95280	0,095421570340935624
95290	-0,014136272346371149	95290	0,11572303571674182
95300	-0,00054516675613285417	95300	0,13176822587759268
95310	-0,017068674951109829	95310	0,10829076070791806
95320	-0,00998483714324603	95320	0,11155552602961004
95330	-0,00599677468335021	95330	0,12090413744217428
95340	-0,0134397114306516	95340	0,10495110666963944
95350	0,00036944589200254213	95350	0,1134620830019327
95360	-0,011645408684678308	95360	0,12461518324167133
95370	-0,014019441644808912	95370	0,12489499702784242
95380	-0,0016309138553600472	95380	0,11795889044643002
95390	-0,013032194317537053	95390	0,11156270326150944
95400	-0,010462679226259314	95400	0,10633105107458035
95410	-0,0074035336919725881	95410	0,11184256570141651
95420	-0,0082868069266732475	95420	0,10388888454607424
95430	-0,011761686557157779	95430	0,12935784024209182
95440	-0,0028364603185650782	95440	0,12135973511782419
95450	-0,014239415109220424	95450	0,10921614224536758
95460	-0,010457052412175833	95460	0,11837142690497146
95470	-0,0051112960902647683	95470	0,11086357809066012
95480	-0,013717740581252131	95480	0,11428032587855902
95490	-0,017923985948259512	95490	0,10034581573759374
95500	0,00142088166149207	95500	0,09597194997563406
95510	-0,014438926283810317	95510	0,12558975815357296
95520	-0,0085527539510179846	95520	0,11216763178782822
95530	-0,0066190531535593074	95530	0,10830014063366263
95540	-0,012143296683111647	95540	0,11838865858643724
95550	-0,0043409093004930866	95550	0,11463112081830149
95560	0,0030321189932154637	95560	0,10478918534613883
95570	-0,0046836669124590193	95570	0,13724720412518715
95580	-0,020420118124913605	95580	0,11308430933384606
95590	-0,0065486357952777279	95590	0,10612372255799944
95600	-0,010820016874164585	95600	0,11664755803649141
95610	-0,00817219661963941	95610	0,11827402164643758
95620	-0,015816334487314405	95620	0,10633194656827542
95630	0,0001131217182028319	95630	0,12364582101669497
95640	-0,0099836443612778755	95640	0,11434855868503796
95650	-0,010830465550907765	95650	0,11253310761175185
95660	-0,020678286677482689	95660	0,12408934721763254
95670	-0,01129260753318073	95670	0,10412675243544571
95680	-0,0024837357737299234	95680	0,12193722833748782
95690	-0,015438199849616899	95690	0,11738584544324915
95700	-0,026730279377401796	95700	0,10087653280641495
95710	-0,0027898744397983019	95710	0,1034411475113496
95720	-0,010845124146294126	95720	0,1146987896908645
95730	-0,013921761951408271	95730	0,099202411260078033
95740	-0,013738960888267641	95740	0,11486173765978931
95750	-0,0080834262484783936	95750	0,11185182287004611
95760	-0,001204836313459301	95760	0,11034784578069262
95770	-0,010233696749659973	95770	0,12385903287192182
95780	-0,017134346718076284	95780	0,10787270235908532
95790	-0,011854975130279357	95790	0,11961806382266828
95800	-0,0057680884233648078	95800	0,11574572357035433
95810	-0,017499817072183545	95810	0,11717063907895151
95820	0,0060136309998805827	95820	0,11580153552683954
95830	-0,0023561535131406681	95830	0,11309157424477886
95840	-0,027413046428848412	95840	0,113515256591293
95850	-0,010370046732611082	95850	0,11721484140872221
95860	-0,01411485348714428	95860	0,10563331882912758
95870	-0,01573623352966573	95870	0,1047695719295163
95880	-0,0029340308919573416	95880	0,118547045268707
95890	-0,01190913840580749	95890	0,11387260305073815
95900	-0,0033510937917499918	95900	0,098150892787385619
95910	-0,02267077127837645	95910	0,11139407219957709
95920	-0,0085958521878507221	95920	0,11885916535520297
95930	-0,015023980597736185	95930	0,11765147640977026
95940	-0,016793253963415793	95940	0,12743801413175429
95950	-0,014272745326197611	95950	0,098930212803162471
95960	-0,01581945960846946	95960	0,12563775285726481
95970	-0,012108340059980466	95970	0,098263236503016563
95980	0,0046784239053045606	95980	0,1187947345114292
95990	-0,012280386448472533	95990	0,11077017652479815
96000	-0,0094171293487527886	96000	0,10227655139349369
96010	-0,018052857591243233	96010	0,11316155311975032
96020	-0,010280957166818127	96020	0,12031269869259349
96030	-0,01908643228176134	96030	0,11832947207147164
96040	-0,016897217856527764	96040	0,11688508572376703
96050	-8,9387399657068646E-05	96050	0,11930757114866855
96060	-0,021645972203513567	96060	0,13056966706898326
96070	-0,010716368475735831	96070	0,12095574382338453
96080	-0,0076630594382144819	96080	0,10946153976551859
96090	-0,0094631761322634643	96090	0,12518144323808983
96100	-0,013673064451230486	96100	0,099374443804708931
96110	-0,020703393367867442	96110	0,10286406739601178
96120	-0,00039708066989100715	96120	0,11246677609387949
96130	-0,026236260954649229	96130	0,12281370486605112
96140	-0,0076030218857186162	96140	0,11806857603893671
96150	-0,0046541112166045683	96150	0,098476257529872144
96160	-0,0043290702116664578	96160	0,12319662463212201
96170	-0,010364767302064286	96170	0,11634476907864391
96180	-0,02009765402572801	96180	0,10539607924143028
96190	-0,015110462757381388	96190	0,1012763993478622
96200	-0,012991157450082023	96200	0,12380287889401405
96210	-0,029336648472060241	96210	0,1214259010503571
96220	-0,00671570531846666	96220	0,11276642046740955
96230	-0,00085680598883938167	96230	0,10966769577364639
96240	-0,023968748866384896	96240	0,10504742244156851
96250	-0,0091188584799465153	96250	0,1055760145322194
96260	-0,013340059886099206	96260	0,12791023020645631
96270	-0,00045546028352919831	96270	0,11276765062012822
96280	0,0032291824674365709	96280	0,11647839428313619
96290	-0,013816339280453492	96290	0,12042767708281009
96300	-0,017728891477920485	96300	0,10273992454560893
96310	-0,015381949589232115	96310	0,11214766867657337
96320	-0,011097689306200193	96320	0,10756156124054149
96330	-0,008957590301995463	96330	0,12215952748206278
96340	-0,00024165245333739328	96340	0,11177792629663751
96350	-0,018894556411244462	96350	0,10885314806980781
96360	-0,032041785574085595	96360	0,1213628446412678
96370	-0,0027414872883683686	96370	0,10851661426310505
96380	-0,0017855242936389061	96380	0,1201076107205485
96390	-0,015483242769494579	96390	0,13109967590288774
96400	0,0066756921480407051	96400	0,10905706156168794
96410	-0,015869821406936348	96410	0,098263675093148622
96420	0,0025635993696875694	96420	0,11508215196521449
96430	-0,0076411849731862456	96430	0,10551195517368509
96440	-0,017196430936636687	96440	0,097873061008283149
96450	0,0070968608358005659	96450	0,11519617571816218
96460	-0,0099102624910519625	96460	0,12647019907253548
96470	0,0062742686098231221	96470	0,10940408377095276
96480	-0,0015148092233320859	96480	0,099017537503550981
96490	-0,0071020906455891005	96490	0,12194332700907257
96500	-0,026116134257385626	96500	0,10977402673583864
96510	-0,014783119639758568	96510	0,12588660392832743
96520	-0,0090655640142947285	96520	0,10847586972390047
96530	-0,0063334886326636445	96530	0,10653982965986944
96540	-0,019484737531850118	96540	0,12095602922331691
96550	-0,010445154478485243	96550	0,10212943307193488
96560	-0,016548217780605112	96560	0,10521832324107867
96570	-0,010274920816513225	96570	0,119790905994519
96580	-0,0073303869579674557	96580	0,10793888114831098
96590	0,0037674099441143589	96590	0,12587604829154417
96600	0,0048798886711140564	96600	0,12484181581024566
96610	-0,030713534283281347	96610	0,1116552943307402
96620	-0,013695687428286561	96620	0,10783330443515135
96630	-0,00636981151908398	96630	0,11277631622386633
96640	-0,0091811786113961541	96640	0,12485979388336846
96650	0,004150079806315949	96650	0,11981264992076263
96660	-0,02109462676988964	96660	0,12025327837256897
96670	-0,010545399630564575	96670	0,12422598890491493
96680	-0,0016584685780915926	96680	0,11196948985495771
96690	-0,0036243641440749552	96690	0,12568550181405658
96700	-0,018687097320920061	96700	0,12438666153093669
96710	-0,0066324333181148644	96710	0,10913200930130737
96720	-0,0218730150655248	96720	0,10950649308743557
96730	0,0067312254823537815	96730	0,11942974603113848
96740	-0,019014716538092832	96740	0,1056701367206815
96750	-0,0032213032550647827	96750	0,11028116155184169
96760	-0,018405389266195959	96760	0,12356394337655742
96770	-0,0098351797133336867	96770	0,11382672880516431
96780	-0,014485896781520326	96780	0,12796617760801771
96790	-0,020247405669454287	96790	0,13532488606335572
96800	0,0036306525311492403	96800	0,10478987211615387
96810	-0,0034523672630597428	96810	0,11023254479910018
96820	-0,00043799215300440711	96820	0,11193210703156539
96830	-0,0051992555234747139	96830	0,11790468545112051
96840	-0,0083793438324493881	96840	0,1244843874097549
96850	-0,010985965073149624	96850	0,12287588209378073
96860	-0,014742126767750089	96860	0,10632535108529365
96870	-0,019485934800039604	96870	0,11445235542930543
96880	-0,022257739600883678	96880	0,1130773931679705
96890	-0,0121291076876461	96890	0,12040598274568898
96900	-0,0022703854678548735	96900	0,10712383625727991
96910	-0,031329879119240525	96910	0,10647099383673292
96920	-0,012866166362741044	96920	0,10965345572370383
96930	-0,016359214317120771	96930	0,10443420334170868
96940	-0,0038332461772709794	96940	0,11913503667662308
96950	0,00045761182118721623	96950	0,11771697561244876
96960	-0,0067830985720354507	96960	0,10887952254161364
96970	-0,0041837379939158722	96970	0,11352357246656776
96980	-0,00380190749938216	96980	0,10598801417788233
96990	-0,028884177182311014	96990	0,11859171606725746
97000	-0,00079784065317910018	97000	0,10371769694831155
97010	-0,012015820984760093	97010	0,12520443315765761
97020	-0,0012311712452653173	97020	0,11134591411227536
97030	-0,014765056972197344	97030	0,11538010886047423
97040	-0,00909204345614484	97040	0,10926258592800028
97050	-0,016860339512466776	97050	0,11032120406202658
97060	-0,019041214470910294	97060	0,12093384123990233
97070	0,00013822642930332398	97070	0,0947776819384415
97080	-0,0028475860137332511	97080	0,12277451904054329
97090	-0,024408784062032521	97090	0,098626019923245739
97100	-0,0048254616416951125	97100	0,12438450731174724
97110	-0,0096099694217487361	97110	0,11574588549549572
97120	-0,0071643764078544482	97120	0,11680720719479278
97130	-0,014212884295890727	97130	0,09487940728081852
97140	-0,01735727731031542	97140	0,11832877444550356
97150	-0,0011302037290521576	97150	0,1037572105542353
97160	-0,018181497824607217	97160	0,11491762034042997
97170	-0,0063944797582402872	97170	0,09564366049659638
97180	-0,018382961078583181	97180	0,10824810172621582
97190	-0,00784268971380242	97190	0,11088719658449933
97200	-0,0042002732253456554	97200	0,11676317388054626
97210	0,0014257735015794425	97210	0,1250600948014213
97220	-0,0021353664459284778	97220	0,10202271943914006
97230	-0,001892028926110599	97230	0,11504538260542901
97240	-0,0071551879559272639	97240	0,11006410437647823
97250	-0,010419554693384712	97250	0,099915293525966425
97260	-0,029317214338546674	97260	0,12482019796012799
97270	-0,015381766727362715	97270	0,10989515775815008
97280	-0,0060315201690779	97280	0,10903950261792242
97290	-0,010685914705486127	97290	0,11905644187367584
97300	0,00926779434623344	97300	0,12017680849457774
97310	-0,018137816164752522	97310	0,11388292179041347
97320	-0,0033349314043038848	97320	0,11719275118152644
97330	-0,0200862023127085	97330	0,1016020766884175
97340	-0,0096537076943365441	97340	0,12577788562470221
97350	-0,0067565493231724659	97350	0,10368089091592249
97360	-0,016159008491639541	97360	0,11914657299209291
97370	-0,0099177284399489772	97370	0,11866642016480397
97380	0,0063796862878251308	97380	0,10961283737427408
97390	-0,0091936435063608643	97390	0,11260325125284688
97400	-0,0083853287142375572	97400	0,11593324042128246
97410	-0,019519670558895443	97410	0,11361132095090597
97420	0,006196883538962015	97420	0,11334588326043092
97430	0,0064272216123623027	97430	0,1147157163013327
97440	-0,011682334924100903	97440	0,1224722177295844
97450	-0,014072047618084026	97450	0,11627920159393987
97460	-0,020338947588149511	97460	0,10793239738705143
97470	-0,0089972552337120489	97470	0,11476060769143767
97480	-0,0046873815506985068	97480	0,11684774539839873
97490	-0,018089535220879509	97490	0,11598156972923546
97500	-0,0031823164344808807	97500	0,10135479523644882
97510	-0,023665001473781193	97510	0,12834908004845685
97520	0,0029849588060367419	97520	0,08975702416967804
97530	-0,012569982602338624	97530	0,10747408327659151
97540	-0,0023823694754521022	97540	0,13188575084179652
97550	-0,004178448863134468	97550	0,11549531144570727
97560	-0,012913061003510204	97560	0,12093840640706238
97570	0,0023023339348787072	97570	0,11508172627649183
97580	-0,026338307555415184	97580	0,11920548478582307
97590	-0,013380207311227764	97590	0,11814386063021284
97600	0,014650121690016301	97600	0,11339564218474539
97610	-0,018279530742463211	97610	0,11377500784161818
97620	-0,012429722863415831	97620	0,11187173024915365
97630	-0,017179110998255715	97630	0,1184759169011509
97640	-0,015682175383121374	97640	0,13332055378252675
97650	0,0037745132105001908	97650	0,11623903185010491
97660	-0,0080824794118668653	97660	0,12290529047312045
97670	-0,022798820611807324	97670	0,10375556018735366
97680	-0,016091636445049278	97680	0,11568637413437574
97690	-0,0040241336172691456	97690	0,11809856277483577
97700	-0,0013019225981703568	97700	0,10392882569274715
97710	-0,0017378142828997207	97710	0,12983421935442011
97720	-0,01837007145970642	97720	0,10900094393655678
97730	-0,0062457615631539816	97730	0,10003363806018463
97740	-0,021344313800377848	97740	0,12007702440534088
97750	0,001453824521567593	97750	0,11664898639835862
97760	-0,013444266709498739	97760	0,13035106040587319
97770	0,00268095313706306	97770	0,11479998963039413
97780	-0,017036275176392574	97780	0,1214500243721196
97790	-0,01011482581473089	97790	0,11197331248327812
97800	0,00548454298737494	97800	0,1205088790259083
97810	-0,017589969633562543	97810	0,11419876795788091
97820	-0,0084430116663357091	97820	0,11671480372943714
97830	-0,020110336509764678	97830	0,12046300249284124
97840	-0,0063706214963215905	97840	0,12853460852049076
97850	-0,016515507317722593	97850	0,10160285978028207
97860	-0,021756095051256381	97860	0,10881935108735776
97870	-0,0059215775777597878	97870	0,11031098647306299
97880	-0,014061134950613674	97880	0,11820011679684497
97890	0,0023168139319476636	97890	0,12201149099431441
97900	-0,018389800505198596	97900	0,12763932391251184
97910	0,0048894312540680527	97910	0,1161203417563574
97920	-0,015793271573580542	97920	0,10768877142104497
97930	0,00075721826045146252	97930	0,12414637675001256
97940	-0,015203520787259183	97940	0,11232366970136723
97950	-0,0042131838471017409	97950	0,10320622651036579
97960	-0,012315447780382122	97960	0,12780115858292471
97970	-0,0082003461891680448	97970	0,1033978727604821
97980	-0,0092528399976256788	97980	0,12571013175550186
97990	-0,014273444708346909	97990	0,10666255115598725
98000	-0,0030793046962700752	98000	0,11120512043762013
98010	-0,014533541622903762	98010	0,11439235449208668
98020	-0,00820414931621053	98020	0,11887139559415716
98030	-0,011145802014527462	98030	0,11401455846207488
98040	1,9838404403163872E-05	98040	0,11261309998101758
98050	-0,0041398491901489167	98050	0,11601788662320307
98060	0,00094609190015222048	98060	0,12833043208568018
98070	-0,0214802800448521	98070	0,099303109874241638
98080	-0,01371056414424263	98080	0,11247596411841376
98090	-0,0212628753747621	98090	0,10345193554884614
98100	-0,018067358921884814	98100	0,1143271733126922
98110	-0,008330612649319339	98110	0,1001329186487074
98120	-0,0043163934120790948	98120	0,10681266280052001
98130	-0,0096385098178823243	98130	0,11645967541664941
98140	-0,0089951022354732828	98140	0,10600115874292841
98150	0,0046177492291538122	98150	0,10036828044728482
98160	-0,0068119092242582679	98160	0,12010584982627348
98170	-0,00031904532509463806	98170	0,11473748288347149
98180	-0,014011058606876884	98180	0,10989333160732558
98190	0,0021962090035745458	98190	0,13250044819718257
98200	-0,0015018565009968811	98200	0,11300267643550137
98210	-0,0257827347751752	98210	0,12009197522962493
98220	-0,022300234756040052	98220	0,10685999949729205
98230	-0,0027039004643749755	98230	0,11247272385347255
98240	-0,011609660372780564	98240	0,10739708522440621
98250	-0,012027474652062617	98250	0,10669570164625461
98260	-0,0073905314404152161	98260	0,11906529758177785
98270	-0,006862862134694234	98270	0,087945401676953611
98280	-0,011524946524006948	98280	0,1071748260387568
98290	-0,0016519061408697662	98290	0,11293059104249539
98300	-0,0068054234403914374	98300	0,1042645208110517
98310	-0,012960627871155065	98310	0,1073257647205392
98320	-0,00593351461352474	98320	0,10847820276107267
98330	0,0044459122389783967	98330	0,10585937169399123
98340	-0,020511538047127693	98340	0,12417333257435444
98350	-0,0066404185518200865	98350	0,11550681215006198
98360	-0,0068773540822875756	98360	0,11811299450391265
98370	-0,016190733083637117	98370	0,10642920130172552
98380	-0,007896139798087615	98380	0,11644280942845728
98390	-0,0056511067242132089	98390	0,11934686478091119
98400	-0,015062129721263397	98400	0,11588039891443422
98410	-0,017926712839294662	98410	0,11582137412646565
98420	0,0060383768722508243	98420	0,12106869262690227
98430	-0,021460447554153966	98430	0,12795950054194724
98440	-0,01727422300256028	98440	0,12749923841539165
98450	-0,0078258683650665063	98450	0,10006004307128164
98460	-0,0094700303035299086	98460	0,10782058728308069
98470	-0,021344702677126813	98470	0,11183066347459192
98480	-0,017831656922673987	98480	0,12153331138760605
98490	-0,0032153400155334488	98490	0,10491933967069576
98500	-0,01880118399839616	98500	0,10591386944564192
98510	-0,011769594853451406	98510	0,12179190241791713
98520	-0,021858151096543911	98520	0,081086612642176911
98530	-0,022341667718897808	98530	0,12296054091998768
98540	-0,0062569808934686208	98540	0,12327584443430729
98550	-0,015302311718421216	98550	0,10545119196151587
98560	-0,013679970228087241	98560	0,11925719176157781
98570	2,2079832443420324E-05	98570	0,095295355465443515
98580	-0,01145792898199852	98580	0,12063462139660867
98590	0,0025723051967171482	98590	0,11645328997648084
98600	-0,0060638638977715993	98600	0,12268356377805795
98610	-0,0024265932102861217	98610	0,1170991105511604
98620	-0,00052756815998789041	98620	0,1152749695680733
98630	-0,019221443189346158	98630	0,12509597412621956
98640	-0,0052139425395269163	98640	0,1199770955724859
98650	-0,0088532804404391346	98650	0,11957017380362282
98660	-0,011048029180634867	98660	0,11496639850730868
98670	-0,015751653579517376	98670	0,10713560043315644
98680	-0,014717416335551705	98680	0,1182985952541418
98690	0,000874052440447288	98690	0,12218497779539803
98700	0,013670233419732066	98700	0,10401654474657397
98710	-0,014808125563779232	98710	0,12877333477256053
98720	-0,013173584756234622	98720	0,1027283379710249
98730	-0,0090563064010399791	98730	0,11378813491059348
98740	-0,014113373233149358	98740	0,11502481090470063
98750	-0,00017185487810773484	98750	0,10637566173554693
98760	-0,024551906294264528	98760	0,11984362391181548
98770	-0,0054351195830424559	98770	0,11464329594368246
98780	-0,0062432400239130362	98780	0,11471255125374613
98790	-0,017410204327482293	98790	0,10969128028638087
98800	-0,0073980096921276448	98800	0,11037635887303848
98810	-0,012799081434451498	98810	0,11456664282009382
98820	0,0039897525136677291	98820	0,1102474007645691
98830	-0,0038613359140082411	98830	0,10851890316136499
98840	-0,013142783469645277	98840	0,13281296865821582
98850	-0,027475924515422846	98850	0,11128407519879388
98860	-0,0022829909145711631	98860	0,11428345682445336
98870	0,00471221308697514	98870	0,10762175013735056
98880	-0,0025070156060404583	98880	0,11123016228844414
98890	-0,019100108701708019	98890	0,11987959998125225
98900	-0,0086281550630543224	98900	0,11608744306523564
98910	-0,012892194738182755	98910	0,11309875203946633
98920	-0,0092813245569418577	98920	0,1047114310376103
98930	0,011229661489668039	98930	0,11534354944701716
98940	-0,01383160109883632	98940	0,12099165844397219
98950	-0,0096987740430916382	98950	0,11159745219692246
98960	-0,010391137340403121	98960	0,11429151762966421
98970	0,0029433316893846743	98970	0,11144256454859217
98980	-0,013878486777119699	98980	0,12343952410360128
98990	-0,025419085527019537	98990	0,1163091993118358
99000	0,0056006046182557959	99000	0,094933829130627964
99010	-0,01589685004737457	99010	0,11663627138817483
99020	-0,00400961645974078	99020	0,1178314623042736
99030	-0,022869103903136168	99030	0,10026826656422243
99040	-0,0035438965596483311	99040	0,11320544121547778
99050	-0,012635768696938863	99050	0,099467017287886678
99060	-0,010957419258506492	99060	0,11457632554978922
99070	0,0019991777099240423	99070	0,11114656147673455
99080	-0,012765526094787184	99080	0,11528661685559405
99090	-0,0089837148411736	99090	0,12380398373138848
99100	-0,015815241793063452	99100	0,0937737596716547
99110	-0,0094967532013145572	99110	0,12763214431662817
99120	-0,021586841334410949	99120	0,1089562287229808
99130	-0,018089536985171829	99130	0,11395325110510746
99140	-0,0085607319070727227	99140	0,1053177501982349
99150	-0,016171881221796972	99150	0,10761256359405215
99160	-0,012973426389787272	99160	0,12715739844727206
99170	-0,010484163812732098	99170	0,10792047465264577
99180	-0,015065786675797947	99180	0,11992215832851824
99190	-0,0050115310098330142	99190	0,11025735440388984
99200	0,00067626492543496389	99200	0,1171345221290767
99210	-0,023957342574579318	99210	0,12661326844093748
99220	-0,012019620682475984	99220	0,11002669493223607
99230	-0,020435070773061621	99230	0,11397712389379153
99240	-0,0055075098513987031	99240	0,1113757799628041
99250	-0,0046536875924471088	99250	0,11181140520697819
99260	-0,019728249575685367	99260	0,12196936654504613
99270	-0,012780605141293285	99270	0,11178555136302561
99280	-0,018761379873171433	99280	0,10773704513058321
99290	-0,017977514288785669	99290	0,11956373259592919
99300	-0,012485748094538968	99300	0,11306886629489144
99310	-0,010210479040972558	99310	0,12008690252332015
99320	-0,007832408390182061	99320	0,10852379121115451
99330	-0,0049480685827189451	99330	0,10593282830650651
99340	-0,011302261847520503	99340	0,1089994241493636
99350	-0,018762783484473942	99350	0,12929465666745332
99360	-0,012673292845238465	99360	0,11399317105530858
99370	-0,0058335792930477182	99370	0,12004483459998333
99380	-0,0067744580479872077	99380	0,11814230147220772
99390	-0,004911594731067114	99390	0,11845572637009888
99400	-0,015940869667416497	99400	0,10847245436212273
99410	-0,01789715743761466	99410	0,11845930590346318
99420	-0,0096763703208488459	99420	0,09790593554021923
99430	-0,00051709317288613449	99430	0,12457097580661233
99440	-0,00031699041799456063	99440	0,11884784620219539
99450	-0,010108181020471174	99450	0,10236837434563159
99460	-0,008476496181182628	99460	0,10697576985035623
99470	-0,014976023039573527	99470	0,11819212469543157
99480	-0,0055708283709300843	99480	0,10763540042267175
99490	-0,011355612115187232	99490	0,11550094448462267
99500	-0,0070541439551107636	99500	0,119497060560267
99510	-0,016517181886968546	99510	0,1252481996985714
99520	-0,012891282268270705	99520	0,10362774734725094
99530	-0,010532404803197533	99530	0,12154600666146458
99540	-0,01950095651720701	99540	0,10616417347461231
99550	0,0035495614911685313	99550	0,12479232401936019
99560	-0,016361912088184809	99560	0,11035286158654598
99570	-0,013240825750873188	99570	0,10617660441589
99580	-0,0065413586416839462	99580	0,11573433745863081
99590	-0,016677164355889732	99590	0,1191242849500235
99600	0,0032101665108233827	99600	0,11340480305141033
99610	-0,017166514394631432	99610	0,11040706581320765
99620	-0,014562415823309031	99620	0,10624056159875622
99630	-0,006545673833302984	99630	0,12444704845334527
99640	-0,00903341944186315	99640	0,13314775698045789
99650	-0,016138671874270726	99650	0,10831615044072838
99660	0,0070738473074955129	99660	0,10911616872764228
99670	-0,010932427495575933	99670	0,12600739145721879
99680	-0,0079902077540611027	99680	0,11034758262710556
99690	-0,005175294161942426	99690	0,11244623074317026
99700	-0,013444630958530653	99700	0,12140728949399481
99710	-0,017895591828341068	99710	0,12029133915778988
99720	-0,011932907447409616	99720	0,10930079613128808
99730	-0,0052333689336619346	99730	0,12413315478635438
99740	-0,013585862977845113	99740	0,11675531612230509
99750	-0,0093735081120057788	99750	0,10866640355930717
99760	-0,015147515797221628	99760	0,11988751031752738
99770	-0,0086688868043767638	99770	0,09388204358831756
99780	-0,015392051214543002	99780	0,11514443298196098
99790	-0,012025189649192542	99790	0,10986196737924832
99800	0,0022624904606634217	99800	0,11786751621629264
99810	-0,017305966140919792	99810	0,12855237728553073
99820	-0,00872422388671129	99820	0,09961503384354907
99830	-0,012956532102204545	99830	0,11557767952808758
99840	-0,023634273522561138	99840	0,12157211760608927
99850	-0,00233498605584337	99850	0,11368862884639285
99860	-0,015054524778208692	99860	0,12524709827733888
99870	-0,0048893863118026478	99870	0,11232599420660529
99880	-0,01543582750883923	99880	0,11051089248847544
99890	-0,0031824418183355606	99890	0,10840938634149568
99900	-0,0050084848919580306	99900	0,11100384963311683
99910	-0,017840300055352757	99910	0,11893619080157382
99920	-0,0061708079181350631	99920	0,11402807481630686
99930	0,0003333086762874884	99930	0,11824918737131247
99940	-0,014067362803769369	99940	0,11827854311018105
99950	0,00051508538040250754	99950	0,11846843089075121
99960	-0,010135177046587552	99960	0,1126681085770543
99970	-0,000567143808145941	99970	0,11720747113799594
99980	-0,019334429037869534	99980	0,1069651511069212
99990	-0,012615292394855484	99990	0,10966735899945046
100000	0,0069758796062765983	100000	0,11879483078515012
100010	-0,016422559075618497	100010	0,11057737439009531
100020	-0,0011119714645144306	100020	0,12689448560114064
100030	-0,019791278484986415	100030	0,10950217418087781
100040	-0,010457163495332197	100040	0,1161949281454344
100050	-0,013810928375295992	100050	0,11755857570437968
100060	-0,021985670113857173	100060	0,12079734272609344
100070	-0,0059153251945787385	100070	0,10723932695402365
100080	-0,0032975900429326717	100080	0,12118276894402223
100090	-0,014168368029320448	100090	0,12278202293845048
100100	-0,0045193955272199993	100100	0,10648295191212254
100110	-0,011445902710168206	100110	0,11965743363480283
100120	-0,0052616781364869854	100120	0,11392410108089091
100130	-0,0078438943691478483	100130	0,11291381104418918
100140	-0,016111883695315809	100140	0,10856508380865268
100150	-0,023465043531532476	100150	0,10875128651816741
100160	-0,016381689339471997	100160	0,10614533090838742
100170	0,0026603440580713292	100170	0,097778541298098015
100180	-0,020217082957503931	100180	0,1137206502577134
100190	-0,0010657635651720818	100190	0,11177753195817805
100200	-0,018562430448436064	100200	0,11150696311603459
100210	-0,017408438368719376	100210	0,11659473448084415
100220	-0,0085324345017923579	100220	0,10018656752702847
100230	-0,011970400504843418	100230	0,12004840317087187
100240	-0,0028459252649887354	100240	0,12654703750382002
100250	0,000755796684160905	100250	0,1079202067745846
100260	-0,011678361396882509	100260	0,11225989673226521
100270	-0,017133247206025708	100270	0,12169390549119981
100280	-0,016695624707656863	100280	0,1089472334301678
100290	-0,01846356663049149	100290	0,10882206767263575
100300	0,00202414306977448	100300	0,10439043599502992
100310	-0,013410249195426814	100310	0,1150666175376637
100320	-0,0047606625266949174	100320	0,11680969768915969
100330	-0,0094906768238860583	100330	0,10810483331073446
100340	-0,022815506714679246	100340	0,099390079091275216
100350	-0,00996357812991016	100350	0,10492196348403582
100360	-0,024059898289979079	100360	0,1039610302778957
100370	0,0065573303746633621	100370	0,11186328548771868
100380	-0,019077651983933734	100380	0,1210652870907856
100390	-0,0086779533161506685	100390	0,12727389165943839
100400	-0,016922737246679139	100400	0,11392334909555868
100410	0,0018608060704667121	100410	0,11068921289620309
100420	-0,0015407469171480857	100420	0,11966855437747977
100430	-0,0030447848766327478	100430	0,11720208307671291
100440	-0,00034404137598797508	100440	0,12614538144981669
100450	-0,0075168209643901472	100450	0,11059163065970119
100460	-0,021668516280849582	100460	0,12696067221647836
100470	-0,0046598037306128624	100470	0,10949584904092845
100480	-0,0065548933643344159	100480	0,11232681374201087
100490	-0,021371206710576192	100490	0,12010220742309835
100500	-0,012217757445191419	100500	0,10876710958224854
100510	-0,010995578889151243	100510	0,12809544553457161
100520	0,005028809480450638	100520	0,1171479387954207
100530	-0,018942333619492165	100530	0,12353876915469317
100540	-0,010909047600597127	100540	0,1086829514134475
100550	-0,0090505556580698261	100550	0,11083978461354752
100560	-0,0066237886215670186	100560	0,10918475063076703
100570	-0,016309715668205646	100570	0,10984031783359836
100580	-0,0049127068272491435	100580	0,12408203315547656
100590	-0,022975721521198776	100590	0,11078792652359942
100600	-0,0072831991920621238	100600	0,11009906529138529
100610	-0,0066944244645484249	100610	0,11111830218697887
100620	-0,013156723162260136	100620	0,10953067322046102
100630	-0,011997496825434474	100630	0,12233933696180419
100640	-0,013310296474910862	100640	0,11645080017965101
100650	0,00027062720032303362	100650	0,11561802402813404
100660	-0,01488575673020935	100660	0,1098894563614361
100670	-0,017190769625021921	100670	0,10304878064470155
100680	-0,00085039143199760016	100680	0,12792583706449337
100690	-0,0087167273490204814	100690	0,13025039927399257
100700	0,0072154381127933053	100700	0,11665285224861399
100710	-0,0065307136724373875	100710	0,10699893065287926
100720	0,0065490485470233667	100720	0,1116004496792823
100730	-0,0155689357949423	100730	0,11870148148337065
100740	-0,00769032037786071	100740	0,097030918665405932
100750	-0,021199267883363723	100750	0,11756504167613856
100760	-0,016830025644985581	100760	0,12491565660807691
100770	-0,00040999753996937927	100770	0,106645046027695
100780	-0,022883310924872415	100780	0,10994302648210265
100790	-0,010752625518402045	100790	0,1131796196703037
100800	-0,0225402175023527	100800	0,10787307707299305
100810	-0,01481952016919097	100810	0,11816422894587403
100820	0,0050248700320787215	100820	0,1111496824939013
100830	-0,0026683293000749576	100830	0,11601704169037344
100840	-0,022256893843423189	100840	0,10982222029571542
100850	-0,0069069339275055069	100850	0,10551229705056246
100860	-0,027465908149285876	100860	0,10373666825311681
100870	-0,00018767037660603815	100870	0,09564322479125463
100880	-0,0078286193190927385	100880	0,13117475794149255
100890	-0,0089689214789788231	100890	0,11439465800690073
100900	-0,0013524617118228115	100900	0,1174276485351517
100910	-0,022171135028890492	100910	0,11342651774199623
100920	0,00570140647295392	100920	0,13264009403859731
100930	-0,017713211366152122	100930	0,17757767140426173
100940	-0,019272547220695189	100940	0,2543009170801816
100950	0,0040975864663098807	100950	0,310326765443022
100960	-0,012950512720709522	100960	0,37849566340586149
100970	-0,02095904573797517	100970	0,46172535599377
100980	0,0063334096894383362	100980	0,504472717647867
100990	0,019214775508209818	100990	0,46963131985743373
101000	0,013740375314387862	101000	0,4649167025348328
101010	0,045527544722072523	101010	0,49039109944244291
101020	-0,033465362364754114	101020	0,45719078094529475
101030	0,008609933927048485	101030	0,28778836228475424
101040	-0,030067762798378028	101040	0,3786653524230314
101050	-0,073071571337256613	101050	0,53097523423507231
101060	0,043349071247291211	101060	0,0997722718529903
101070	-0,034359195009141343	101070	-0,18430421839170419
101080	-0,0992525818111923	101080	-0,41394120469327267
101090	-0,040343325362650839	101090	-0,45779242038801543
101100	-0,12065892790309991	101100	-0,021103102021604557
101110	0,15016474023479562	101110	-0,550962065748251
101120	-0,149986622177523	101120	-0,32107337064107916
101130	0,078502674949802134	101130	-0,513016231027599
101140	-0,04498787007552	101140	0,021636722956970847
101150	0,11976174491489793	101150	-0,30119046906994718
101160	0,04500017184141674	101160	-0,41093767508377549
101170	-0,049088503655063967	101170	-0,37041632214175557
101180	-0,010032501968777863	101180	-0,285032646636535
101190	-0,10098905148708212	101190	-0,0039079965456599612
101200	0,0038736334076259361	101200	-0,23531468436350184
101210	0,026638724716825369	101210	-0,34822096118974033
101220	-0,074351373964773745	101220	-0,35657998853245482
101230	-0,02503203617789505	101230	-0,2983845533885594
101240	-0,019625682220489358	101240	-0,18513752280502044
101250	-0,024989776738470838	101250	-0,061242538298508925
101260	0,033065483612553175	101260	0,10669210862959444
101270	0,032620551023394964	101270	0,25500049897433141
101280	0,026166681485749028	101280	0,37507235819781043
101290	0,023641635090622566	101290	0,43408917678753889
101300	0,016994772459881052	101300	0,44606238099080847
101310	-0,013439461452982473	101310	0,45125386308706178
101320	-0,030843096369921785	101320	0,48646498125309495
101330	-0,023128803635167731	101330	0,49578132161568295
101340	-0,041257988082070526	101340	0,47750654814426591
101350	-0,038526354948636592	101350	0,42421309313265165
101360	-0,032846541911403418	101360	0,39962247684211166
101370	-0,022758644489976811	101370	0,32139199362300369
101380	-0,011148876782301035	101380	0,29165856584525529
101390	0,0038814170567895608	101390	0,24077999360058772
101400	0,0019762075139041321	101400	0,19412146353153434
101410	-0,012556764767660119	101410	0,17044979213571879
101420	0,00330239327718101	101420	0,13014601009984128
101430	0,0041816596322270224	101430	0,15550008682057512
101440	0,0032521228998331551	101440	0,15173047618909438
101450	0,0030674377804887133	101450	0,14752840726104127
101460	-0,0085246238021323712	101460	0,1331021011437277
101470	-0,014165244951740331	101470	0,12760809457111119
101480	-0,015601950280794993	101480	0,1505518908152351
101490	-0,015091411847865556	101490	0,13055068201319847
101500	0,0051815250272131044	101500	0,13140715274706719
101510	-0,027723318421748237	101510	0,11895719357219396
101520	-0,01714551150033114	101520	0,13355556108136776
101530	-0,014821178089779941	101530	0,10606792304134093
101540	0,00423825990975447	101540	0,12285169649418265
101550	-0,014175032315206733	101550	0,12314989801232416
101560	-0,014801036448847602	101560	0,11517559724411021
101570	-0,0068398668162074107	101570	0,11908625833060976
101580	-0,021607551624695208	101580	0,11486585253350107
101590	-0,0065536730155109271	101590	0,10757630511777439
101600	-0,013393110283673772	101600	0,12284653485764123
101610	-0,027311656280362414	101610	0,12390384006900064
101620	-0,0068289906501789593	101620	0,10557916183835343
101630	-0,021041427636425084	101630	0,11693666516840974
101640	-0,0036814187923178295	101640	0,11829548107871286
101650	-0,00934140303556885	101650	0,1125110359201581
101660	-0,0076426879592669927	101660	0,12338922016593822
101670	-0,011404959691400495	101670	0,10609377938964623
101680	-0,013806736506197851	101680	0,12018009074506642
101690	0,0109035745954205	101690	0,1103024088649559
101700	-0,01251464694123661	101700	0,12589534068590655
101710	-0,011276076926268173	101710	0,11273901698389621
101720	0,0012170995060648815	101720	0,11602075470243869
101730	-0,017127217058661891	101730	0,1092683657552163
101740	-0,011399965394505397	101740	0,11932309651714781
101750	-0,011558055245144095	101750	0,12935177219540084
101760	-0,013002991102979221	101760	0,11039497379659963
101770	-0,012284466918424688	101770	0,11231803405764158
101780	-0,022062395589162224	101780	0,1100490500064007
101790	-0,0016745454604859455	101790	0,10937821211486158
101800	-0,00064977384640665654	101800	0,10763222112841196
101810	-0,0078135495090913467	101810	0,11563564915956552
101820	-0,010020417092633632	101820	0,1154697508799466
101830	-0,016522386397530269	101830	0,12755881628333737
101840	-0,0086874285208622237	101840	0,10648857764917068
101850	-0,0089754363376841131	101850	0,10966639872993754
101860	-0,017767485846256814	101860	0,11346828374553167
101870	-0,00784077929161191	101870	0,10437000069606302
101880	-0,0051394055824514426	101880	0,11198327471868137
101890	-0,028000195312428731	101890	0,12735682089242245
101900	0,0078333710417951129	101900	0,10433212806930595
101910	-0,021119248198892583	101910	0,10343806475858745
101920	-0,018405339788732558	101920	0,12803492828872062
101930	-0,00739173068544228	101930	0,11958561801008497
101940	-0,0031570434569351612	101940	0,11842011593813043
101950	-0,02225964609201514	101950	0,1085707632988633
101960	-0,013637004103825302	101960	0,10629443046658751
101970	-0,0081422062501003527	101970	0,10419405363899188
101980	-0,015092670073064859	101980	0,12015897656064244
101990	-0,011427088535675171	101990	0,11682349920155766
102000	-0,01802970417830355	102000	0,12130871749993989
102010	-0,024037459513973878	102010	0,11501004323589108
102020	0,0058252487624855225	102020	0,09889210781722324
102030	-0,00375586401401843	102030	0,11425739395588146
102040	0,0073359986666510953	102040	0,12006754787438938
102050	-0,0060627110977305035	102050	0,11396131922080979
102060	3,1662052737748572E-05	102060	0,11442818703791852
102070	-0,00960637056761444	102070	0,11310089818228848
102080	-0,021745316093279354	102080	0,11397908394954946
102090	-0,013003686738433549	102090	0,11299615279538861
102100	-0,00896406390694036	102100	0,11197420729511767
102110	-0,0089861775825931939	102110	0,11928877393433252
102120	-0,010574801667852841	102120	0,11500302980574097
102130	0,00079725830008462763	102130	0,12070498538216162
102140	-0,021816266367587565	102140	0,11736715061451629
102150	2,3073493393463205E-05	102150	0,10441927466720964
102160	-0,013953984882683276	102160	0,10480935506534915
102170	-0,00076592694130077452	102170	0,11522989652940663
102180	-0,00304318859872058	102180	0,12993492350002239
102190	0,002043626239996264	102190	0,12464783602648447
102200	-0,00052568766320009916	102200	0,11107977625625597
102210	-0,0029742528127633745	102210	0,1306534478498988
102220	-0,0098291411102798647	102220	0,10247011601829667
102230	-0,010065303286090076	102230	0,11732558318299322
102240	-0,0033110921081562074	102240	0,10431997469668698
102250	-0,0084474008016139253	102250	0,11584190255140088
102260	-0,025828666412517555	102260	0,11613758160109883
102270	-0,010694136286345763	102270	0,10103118896364781
102280	0,003441935745770269	102280	0,12180266406383698
102290	-0,012695721437372486	102290	0,10704612190072987
102300	-0,0067965062841052774	102300	0,095173255851840208
102310	-0,0050739909315210205	102310	0,12757261756481947
102320	-0,017642928301292597	102320	0,11866715704968045
102330	-0,020964720654186451	102330	0,10618245914989943
102340	-0,011439985425152548	102340	0,11281844251415878
102350	-0,0086084672332304435	102350	0,10373035378150504
102360	-0,008829669701731829	102360	0,11538441249555079
102370	-0,0064112074530757006	102370	0,11495954306254404
102380	-0,019218908597480665	102380	0,12043528344248208
102390	-0,028795632544005703	102390	0,11970221225050834
102400	-0,0068231004593284923	102400	0,10750025428560894
102410	0,0036281431142656056	102410	0,11839901703830881
102420	-0,01395849109825931	102420	0,12701641219437507
102430	-0,01171934161095502	102430	0,11768583385623528
102440	-0,015567305458379956	102440	0,11511209947552976
102450	-0,014164038584219366	102450	0,11615604661279123
102460	-0,013151650466029601	102460	0,1245378976949208
102470	-0,0057856902157163333	102470	0,10650669368115549
102480	-0,0044210874774810215	102480	0,11248409050580679
102490	-0,0053106717903189582	102490	0,10606277007048577
102500	-0,000276238561260317	102500	0,10464869109811843
102510	-0,024639383834820817	102510	0,10932129062045795
102520	0,0028395115283414477	102520	0,11486835433612799
102530	-0,0016577672338319697	102530	0,12018597240210688
102540	-0,00653013386671556	102540	0,12222294643454315
102550	-0,0095611064840588744	102550	0,10674825480136271
102560	-0,0057904614723401325	102560	0,12825863813875035
102570	-0,0012521974276238287	102570	0,11118910312036881
102580	0,00020791492879207834	102580	0,12133566626674763
102590	-0,011757492247019422	102590	0,11131174015313042
102600	-0,014661609774386313	102600	0,10136533016786517
102610	-0,0171111736088484	102610	0,11630622064857712
102620	-0,0055977189927794877	102620	0,096203418117328882
102630	-0,0042345783970857611	102630	0,11204879523725886
102640	0,0082197190850278913	102640	0,11870099975994733
102650	-0,011349700589941041	102650	0,10456037621077645
102660	-0,017963406612496003	102660	0,11870462979997797
102670	-0,00823760500310946	102670	0,11817204696842724
102680	-0,0011803058146111212	102680	0,10851650663581661
102690	-0,025616699708968904	102690	0,12415655320772341
102700	-0,0052560841266853725	102700	0,11564639971111169
102710	-0,0067759083345991424	102710	0,12505597498734525
102720	-0,0061123805893944895	102720	0,10554404969674212
102730	-0,0046002750489676806	102730	0,11731012923900788
102740	0,0017706871421676019	102740	0,11468168163986289
102750	-0,0011919817757568643	102750	0,11105596547738136
102760	-0,024557378922566878	102760	0,10448032792467565
102770	-0,011997085941294918	102770	0,11584388439912151
102780	-0,025244550868479883	102780	0,10469093138375543
102790	-0,02618107706665	102790	0,10784974892885374
102800	-0,015838372388863955	102800	0,11983672567198424
102810	-0,025662017416834441	102810	0,11941749542540676
102820	0,0054228807566293067	102820	0,11095455921486774
102830	-0,01371928200858864	102830	0,1141256573961015
102840	-0,0053366632058588319	102840	0,10655098749117874
102850	-0,00049978045384984487	102850	0,12377384133753651
102860	-0,022979550708633244	102860	0,11993340442912377
102870	0,0049935387014780411	102870	0,12273143612048756
102880	-0,016740304953798565	102880	0,10290906274873041
102890	-0,021082827283629781	102890	0,11908518648588265
102900	-0,010123894525229023	102900	0,12471705212250947
102910	-0,0042453616095123586	102910	0,12412742858104177
102920	-0,0005987403696311491	102920	0,096768936603235475
102930	-0,015999002152518878	102930	0,10562675770552354
102940	-0,0044518310751534441	102940	0,11114846850663855
102950	-0,0047922115079491	102950	0,11330275520423047
102960	-0,0089922666351104456	102960	0,11937531154902394
102970	-0,011919990621640278	102970	0,11436163815880644
102980	-0,0060387246181290207	102980	0,11971302756767586
102990	-0,010623781293719544	102990	0,10773045924786069
103000	-0,0016403959757796051	103000	0,11234519509306011
103010	-0,010882473448146267	103010	0,10652504221800951
103020	-0,0032498559386543052	103020	0,113934852613497
103030	-0,00010053744812131792	103030	0,12013449363077056
103040	-0,024761268412409856	103040	0,11717113399439766
103050	-0,010346931008621493	103050	0,10891823941136623
103060	-0,017100033601527433	103060	0,10921265862500736
103070	-0,0094297243453345114	103070	0,11351061961598115
103080	-0,015203809521878177	103080	0,12681246558282092
103090	-0,0048422038460511282	103090	0,1139478006760168
103100	-0,017443017789866649	103100	0,12405967189654908
103110	-0,010774281226818318	103110	0,0998973840185992
103120	0,0031397390778314686	103120	0,11711897854010543
103130	-0,004439972706294263	103130	0,11549372834432238
103140	-0,019213124600298604	103140	0,11067057434040385
103150	-0,00035807893240645712	103150	0,10885804463859962
103160	-0,01741786747686571	103160	0,11489861095135795
103170	-0,008108314935626108	103170	0,11232557853015782
103180	-0,018825008124667295	103180	0,10848122100761583
103190	-0,010738000714315113	103190	0,11230924787609677
103200	-0,014743715593873935	103200	0,10967567060171973
103210	-0,028555354323519831	103210	0,11735547206911523
103220	-0,020071924932914872	103220	0,10800277339655691
103230	-0,0021833847222586019	103230	0,113109998697727
103240	-0,0059862841058119015	103240	0,11464892091326757
103250	-0,0083520518581047826	103250	0,11972780244854175
103260	-0,022001455208618452	103260	0,11697826229227479
103270	-0,0019962196138852387	103270	0,12012549391903794
103280	-0,014514745985334263	103280	0,11775790766379114
103290	-0,01394992662412555	103290	0,1053760544918888
103300	-0,0083024871015217553	103300	0,11544755785813304
103310	-0,024571415075590915	103310	0,12306144723996025
103320	-0,0051560180687895323	103320	0,12321416287591797
103330	-0,015498753325052458	103330	0,1123042475540236
103340	-0,022292953054102019	103340	0,10484555441016089
103350	-0,01085834904217035	103350	0,10473696574849856
103360	-0,021511294838001415	103360	0,11935261062634059
103370	-0,024825651623597431	103370	0,11908123677566754
103380	-0,0079821168615525386	103380	0,11511543802401367
103390	-0,0016842634671148324	103390	0,11795302312021215
103400	-0,015192731024469462	103400	0,10609962884303739
103410	-0,021051526617937234	103410	0,10626555927999308
103420	-0,00543595369044331	103420	0,10867248308726293
103430	-0,0093969425152593215	103430	0,11278545290983172
103440	-0,009791128651969478	103440	0,1137814184112666
103450	-0,0039533578836922333	103450	0,11003794366984154
103460	-0,0090096719879525188	103460	0,10467590404743724
103470	-0,0022294975824714569	103470	0,11044763567058025
103480	-0,0045695377991762992	103480	0,11566780830074254
103490	-0,00057045121889920121	103490	0,10918439778484383
103500	-0,011455693050738141	103500	0,12648662639510008
103510	-0,021508547423735633	103510	0,10718246291947688
103520	-0,00089336227730553268	103520	0,1248078637748654
103530	-0,0027617303761821796	103530	0,11939972744772094
103540	-0,02034162750963147	103540	0,10424903195993369
103550	-0,011490102740699859	103550	0,11575068586046611
103560	0,0013389067240333907	103560	0,13118060231643469
103570	0,0028744007560402127	103570	0,12041796218597665
103580	-0,0036022050342632266	103580	0,11471988897239693
103590	-0,0042118923769478974	103590	0,11284485751206483
103600	-0,0047668350889813246	103600	0,12152499369982582
103610	-0,012870112751428464	103610	0,12880454970339506
103620	-0,020432186027115509	103620	0,099003811733665029
103630	0,0017834634151477891	103630	0,1250533834776178
103640	-0,017251464721874044	103640	0,11573153355386504
103650	-0,018747216896006651	103650	0,11385324365157686
103660	-0,016108748717717159	103660	0,12974356711713012
103670	-0,01066611484904028	103670	0,1164346493782193
103680	0,0056464070212429518	103680	0,10195284734723292
103690	-0,011095094150212873	103690	0,1050713527711656
103700	-0,010504231758789059	103700	0,11753231450858093
103710	-0,010356541229499661	103710	0,1097708352744339
103720	-0,0080556676846761984	103720	0,11636770134198718
103730	-0,012303884026574776	103730	0,11451289774828934
103740	-0,0078165336968088941	103740	0,11213022530922011
103750	-0,0036235476824986457	103750	0,11996379639527728
103760	0,00048376403773178745	103760	0,12033949037810995
103770	-0,0074610006883893696	103770	0,12227639787301173
103780	0,00087554160196152986	103780	0,11486365196346883
103790	-0,0049296796705244729	103790	0,11320337094709847
103800	-0,0092808181186033057	103800	0,12658120541807866
103810	-0,023954344782846394	103810	0,10621112046456598
103820	0,00010281587473471938	103820	0,11809768937577693
103830	-0,0034723328592695603	103830	0,10416138285619483
103840	-0,0043481995740929777	103840	0,12035729174313885
103850	-0,023567955019380867	103850	0,10853452085160568
103860	-0,0011199179569677674	103860	0,11594464508918626
103870	-0,00942087210886144	103870	0,10810215798526233
103880	-0,0092324296572660267	103880	0,10284879638082289
103890	0,0017584259232500763	103890	0,11745971066214835
103900	0,0039480014056448376	103900	0,11256761948012024
103910	-0,017353310040249051	103910	0,12168303919462886
103920	-0,012324542176564583	103920	0,11591874359090591
103930	-0,0078570196241500388	103930	0,12134228952223007
103940	-0,010731844552623352	103940	0,10824498678167507
103950	-0,001819791184558695	103950	0,11057435597537484
103960	-0,017588255181775935	103960	0,11998345165731315
103970	-0,00250163533054557	103970	0,13018894234118369
103980	-0,010768036394868615	103980	0,10808047133875749
103990	-0,030452229762655939	103990	0,11313406206713153
104000	-0,019031809301846708	104000	0,1260349436276593
104010	-0,014105047648946498	104010	0,11798229823215442
104020	-0,01106054224598167	104020	0,12032044233283848
104030	-0,0044682516453768209	104030	0,10213774557584737
104040	-0,0017081944136108427	104040	0,11281035223869544
104050	-0,007532843027674937	104050	0,099714638361885211
104060	-0,00995269875020423	104060	0,13013640206219995
104070	-0,00096065951628275222	104070	0,12475163378712384
104080	-0,019274927774304975	104080	0,11237624756835744
104090	-0,01082661175699042	104090	0,099266404648710921
104100	-0,01131455526690814	104100	0,11112643742218642
104110	-0,0089920882643206822	104110	0,12065066714803502
104120	-0,011873442547289883	104120	0,1106485133528122
104130	-0,022428051353705528	104130	0,11227063875538194
104140	-0,018725008971012334	104140	0,10198766515091887
104150	-0,013241906718928123	104150	0,1170210577651418
104160	-0,0052116556036516356	104160	0,11569907226204267
104170	-0,0060784267625220243	104170	0,12310568218798809
104180	-0,0052308215033206752	104180	0,10598080966970863
104190	-0,023266252902729084	104190	0,10982718166419928
104200	-0,012081136202107235	104200	0,11695737881309419
104210	-0,035898712067548806	104210	0,12386447464613702
104220	-0,0015472937626394797	104220	0,11676998347396843
104230	-0,010129548087443645	104230	0,11218782383327849
104240	-0,0052460385733149881	104240	0,11222042361324223
104250	-0,0068645437580904071	104250	0,12376083391003412
104260	-0,00650381017019267	104260	0,12460864327174898
104270	-0,011472156178232943	104270	0,12095962189975915
104280	-0,012851999029627054	104280	0,11704227115620444
104290	0,0026486634210632857	104290	0,12138367988612411
104300	-0,0023101486979002581	104300	0,10408137028658489
104310	-0,022469301200164812	104310	0,114976001539986
104320	-0,011650577012597987	104320	0,1297445552134267
104330	-0,022848831413875139	104330	0,10679666105187383
104340	-0,025273102298928953	104340	0,095529048090458785
104350	-0,011451122047566743	104350	0,12682908491162875
104360	-0,0018626792541422894	104360	0,11082880458289079
104370	-0,0071848783670156657	104370	0,10922193054762742
104380	-0,0085736079400216356	104380	0,11358033052174343
104390	-0,0063540038258117076	104390	0,11674389556143867
104400	-0,0029241053717501057	104400	0,10865917047722322
104410	-0,017793574240061144	104410	0,10155134066628503
104420	-0,020128891116511838	104420	0,10199922167848162
104430	-0,029768424550072781	104430	0,11634489465856977
104440	-0,014706153487766806	104440	0,12196943079074715
104450	-0,017046839683910298	104450	0,10206520033155132
104460	-0,031662464865396873	104460	0,11036980125550883
104470	-0,01635768840031953	104470	0,1155470750382087
104480	0,010558422787968544	104480	0,11574274162781269
104490	0,00089244713081613168	104490	0,10814450275313262
104500	-0,017526654193650387	104500	0,11275580928130542
104510	-0,016684618732457121	104510	0,11087737440382679
104520	-0,020220663105342006	104520	0,10499106154396574
104530	0,0035969470759353536	104530	0,12586562042916666
104540	-0,0061317910807618748	104540	0,10623395408819289
104550	-0,009614635061105244	104550	0,11969728657130142
104560	-0,0191509130752012	104560	0,12185136158997677
104570	-0,028694240584547115	104570	0,11388522586369726
104580	-0,0042710428050963724	104580	0,11922605484027998
104590	-0,005994769772520378	104590	0,11167165777449649
104600	-0,0039029497689148348	104600	0,093627267923428834
104610	-0,012944778250074222	104610	0,11386669532914916
104620	-0,0024930515838496475	104620	0,10410437063089766
104630	-0,023503410059969719	104630	0,10885670547591948
104640	-0,0073263666024041317	104640	0,114544965399663
104650	-0,018253343246337782	104650	0,11336447231814102
104660	-0,016924886791975742	104660	0,12509231724827732
104670	-0,015630064366333355	104670	0,11069896205442455
104680	-0,014119095466969883	104680	0,12302554238199415
104690	-0,024801795054209538	104690	0,10826756144199287
104700	-0,0078692186510030786	104700	0,1198266339299548
104710	-0,018312213584305317	104710	0,11690341982274613
104720	-0,0071462989099206359	104720	0,10982560135794743
104730	-0,0023829004140551858	104730	0,10685405418387703
104740	-0,0080593746641474239	104740	0,12368534588847051
104750	-0,01044399305643981	104750	0,097219174424133775
104760	-0,024940732678902611	104760	0,11816249642208472
104770	-0,0058530511074580309	104770	0,11141648608273325
104780	-0,023745590860361893	104780	0,12574775272373906
104790	-0,032205035226818592	104790	0,11080582966422674
104800	0,013334052517314534	104800	0,12086736582756213
104810	-0,0030879954533533783	104810	0,096704974994164375
104820	-0,0087426470278234632	104820	0,10893259900420133
104830	-0,0010250560175986557	104830	0,11025930416401798
104840	-0,0074491256964483729	104840	0,13587188937469669
104850	-0,0069368117335226673	104850	0,11200060898448461
104860	-0,0099136559076347074	104860	0,10752244934849541
104870	-0,017895128135196278	104870	0,10137013608936468
104880	-0,00971653175576216	104880	0,10033131091953615
104890	-0,0089623807057202885	104890	0,13487310812043457
104900	0,011175808640528726	104900	0,11301412977175657
104910	-0,00916754816887702	104910	0,10825355487228348
104920	-0,0023269838960760466	104920	0,11771676815046257
104930	-0,01022890885263332	104930	0,11082170681154457
104940	-0,024508459958764224	104940	0,11275967593956576
104950	-0,008374891961251095	104950	0,12000682557363654
104960	-0,010253942122754451	104960	0,13128115948773406
104970	0,0015287171028712358	104970	0,11285365864549364
104980	-0,0067249472988173227	104980	0,11811636260156515
104990	-0,0072432675676676814	104990	0,11586092984517922
105000	-0,0062889411159421007	105000	0,11135028465794998
105010	-0,0076261334232827754	105010	0,11311974833093628
105020	-0,010344689177298005	105020	0,10705919751806597
105030	-0,023346958763484509	105030	0,10381364867807109
105040	-0,015910654690554461	105040	0,10807297297494049
105050	-0,009188162737968469	105050	0,11518476311501164
105060	-0,027433973158394756	105060	0,10990093242751245
105070	0,00983647874209906	105070	0,11367732911866706
105080	0,00035352170877313391	105080	0,12144739973113335
105090	-0,00853019671410278	105090	0,10777842037369385
105100	-0,014568555798766529	105100	0,12036321900789733
105110	-0,011350895737491559	105110	0,12730525254169006
105120	-0,012789010188195706	105120	0,11241072296343244
105130	-0,01456429385763953	105130	0,11166741022135258
105140	-0,018284560140544661	105140	0,11933451638094079
105150	-0,0080360946114918525	105150	0,11315338145979094
105160	-0,0095942473623049414	105160	0,11842444674043738
105170	-0,012964826800791857	105170	0,10476027490090363
105180	0,0016089695434164696	105180	0,11816433070400409
105190	-0,0059154009778733295	105190	0,10454357490726336
105200	-0,011374297746630841	105200	0,10624893225836317
105210	-0,010335228768939046	105210	0,1158442399497493
105220	-0,0091404196212485148	105220	0,11692467834788284
105230	-0,00692276652387268	105230	0,12894776471311376
105240	-0,0070355140489384614	105240	0,11252973187776835
105250	-0,00513506836881662	105250	0,11294390736064132
105260	-0,014598272829583299	105260	0,11809221994365994
105270	-0,011894087031129926	105270	0,10792241241581603
105280	-0,018346874332794669	105280	0,095859460180918815
105290	-0,0068437554361858314	105290	0,12555759610120854
105300	-0,00019234871111842921	105300	0,10694428332421667
105310	-0,020734776053592491	105310	0,11074630597844136
105320	-0,010305141415404163	105320	0,11446025303381607
105330	0,0060223777306295193	105330	0,10988115058558182
105340	-0,0082351135536211061	105340	0,12530578528252342
105350	-0,011232654302450126	105350	0,11770998923109032
105360	-0,013900091103011701	105360	0,11159515844592119
105370	0,0083447628030587431	105370	0,11774749460053056
105380	-0,01382070989061974	105380	0,12708685333442171
105390	-0,013582897626815553	105390	0,12233324600638856
105400	-0,018590878179578683	105400	0,11167849729688294
105410	0,0024360186537445367	105410	0,11068730272702509
105420	-0,0035599952269532919	105420	0,10739929222729522
105430	-0,015323570920619326	105430	0,11758015485875513
105440	-0,0026270084443422979	105440	0,10400044990695774
105450	-0,014948665513132705	105450	0,12733474581947327
105460	-0,00022271708281911004	105460	0,12661861856360313
105470	-0,010780675536581819	105470	0,11001316026351465
105480	-0,014495958667938092	105480	0,11371633701938586
105490	-0,0046252519740794026	105490	0,11510753215623458
105500	-0,022579441997932756	105500	0,12312375132933681
105510	-0,0047621106263172506	105510	0,13154586322694981
105520	0,0024840280209359757	105520	0,11258661440109828
105530	-0,018661201108448881	105530	0,11411377643714206
105540	-5,1313766450428821E-05	105540	0,10360418192239126
105550	-0,0192970863715147	105550	0,11542690095245424
105560	-0,00915543436215743	105560	0,11840683688183629
105570	-0,017989659842872947	105570	0,12083346399378372
105580	-0,024301909264469235	105580	0,11738010168154267
105590	-0,011500937380487877	105590	0,11537619057068925
105600	0,00079960778209005768	105600	0,11840300293504043
105610	0,0036352374621103525	105610	0,13004230267128022
105620	-0,013905180638188942	105620	0,10567222505362452
105630	-0,011496848668070797	105630	0,10554512275268102
105640	-0,010985199836900448	105640	0,11940080632129795
105650	-0,010692748423123941	105650	0,11103789138162429
105660	-0,0079163933069225072	105660	0,12439482347780756
105670	-0,0062290886915320719	105670	0,1218431786926106
105680	-0,018785458344429851	105680	0,11679477529203022
105690	-0,017768346787713572	105690	0,10139673046970583
105700	-0,011831297529240309	105700	0,1296228612330769
105710	-0,012801300786305108	105710	0,091509643571161467
105720	-0,013609813118587119	105720	0,11944578315062249
105730	-0,025643276211046791	105730	0,10188619966874735
105740	-0,020697878990444639	105740	0,11638533825414958
105750	0,0082804854513218347	105750	0,12188041195150591
105760	-0,013280517135130161	105760	0,10420585137304156
105770	-0,0040366924295906883	105770	0,12803960087440452
105780	-0,01900966623270646	105780	0,11336758837437733
105790	-0,0027664037137897744	105790	0,11999671803737204
105800	-0,0012749409522692511	105800	0,1171359747275523
105810	-0,013758099433882804	105810	0,12200296136563243
105820	0,0017674344132468287	105820	0,1211935675019041
105830	-0,01430841835286968	105830	0,10964437231568029
105840	-0,022566022326730807	105840	0,10490230680732085
105850	-0,014687581051535748	105850	0,11219903163406167
105860	-0,01662817436776267	105860	0,10551969428203389
105870	-0,00066111761763067839	105870	0,1080555713046867
105880	-0,0044163797765228449	105880	0,12592851035263949
105890	-0,003182976785297833	105890	0,10813221400395447
105900	0,0012358650433262964	105900	0,11508656171302086
105910	-0,018161414165335545	105910	0,10587125333626635
105920	-0,0048200660739629916	105920	0,11875268598398373
105930	-0,013983418145214196	105930	0,11321894738407155
105940	-0,0097667557599294963	105940	0,11618611995492129
105950	-0,014580451039068212	105950	0,12600653119905048
105960	-0,0045100782384683577	105960	0,10914370224084694
105970	-0,00941167777901608	105970	0,10679748504946347
105980	-0,0070600800619293868	105980	0,12210364626791459
105990	0,0022355984700664997	105990	0,11186757292905082
106000	-0,016645423746744468	106000	0,10910623453356887
106010	-0,0054137462796579952	106010	0,10676981249658589
106020	-0,0075293561700908356	106020	0,10732170329124344
106030	-0,017096695056951505	106030	0,057123552983393971
106040	0,0010453336260789676	106040	-0,00015907073682027882
106050	-0,049755701807816619	106050	-0,062906002940793834
106060	-0,012033000003868246	106060	-0,195341516718302
106070	0,0015595909427206531	106070	-0,28309838265453718
106080	0,018366697917294193	106080	-0,28364695409993534
106090	-0,011416226472460399	106090	-0,31196558145169639
106100	-0,017096821416351493	106100	-0,27943556335347136
106110	0,0017416854955342536	106110	-0,18008105237577948
106120	-0,033878536841881614	106120	-0,22441394556669866
106130	0,10890923504994837	106130	-0,0640788014237294
106140	0,0076661782090170511	106140	-0,012034491293543875
106150	-0,015969836562167456	106150	-0,2084460350599201
106160	-0,018127384880672923	106160	-0,23487362376084581
106170	-0,06644508280114815	106170	-0,080199287217519927
106180	0,10014753294752786	106180	0,14060780510444379
106190	0,01901047986933712	106190	0,022602840687458166
106200	-0,12793848930035554	106200	0,05460819662011978
106210	0,0034965387458978352	106210	0,58541324093759828
106220	-0,14996752664787832	106220	1,1253705426265017
106230	0,022400157438144837	106230	0,9955860851812065
106240	-0,20496496423867608	106240	1,5935161504429396
106250	0,052729507924646632	106250	1,6400842019938078
106260	-0,02656615739579209	106260	1,4885980210106606
106270	0,038797709283889821	106270	0,907465885473673
106280	0,088781597480704716	106280	0,59183870976324915
106290	0,022731360505765286	106290	0,38706344687319244
106300	-0,0044500593131647156	106300	0,23151911069227671
106310	0,057342422528278231	106310	0,057177531007607231
106320	0,035984334870473478	106320	0,013761892665894091
106330	0,018388547907178889	106330	-0,0061346727361030777
106340	-0,023790994643064216	106340	0,020503753186311993
106350	-0,045120807001471822	106350	0,054118421261683418
106360	-0,066554492384878219	106360	-0,1205786797135365
106370	-0,047513156903565737	106370	-0,40378998103168917
106380	-0,063426451191565911	106380	-0,58226060809613878
106390	-0,072448657393311133	106390	-0,6405477978006191
106400	-0,076513332954092045	106400	-0,63629435161314318
106410	-0,06908849602318734	106410	-0,52821073186336742
106420	-0,056238017900016826	106420	-0,37484559338677348
106430	-0,046555814085233495	106430	-0,21752605427255478
106440	-0,044135405617761567	106440	-0,084485254017136427
106450	-0,031925630071076058	106450	0,0063274906473963569
106460	-0,033549495225145137	106460	0,0679920295577162
106470	-0,026710916260179744	106470	0,066334428621768041
106480	-0,034570744304220052	106480	0,048596347012962206
106490	-0,055123952389719032	106490	-0,0034721291524522952
106500	-0,051582600747167764	106500	-0,0091868542077679916
106510	-0,053435046613845835	106510	-0,030317063905751587
106520	-0,037232416172967665	106520	-0,016493492005787657
106530	-0,043393032005389055	106530	-0,017513911150920988
106540	-0,043505213427756713	106540	-0,02436791598156874
106550	-0,034778117020476333	106550	0,0086774392137349415
106560	-0,031547181027663927	106560	0,037040926974110239
106570	-0,028348328340801563	106570	0,037256521767867319
106580	-0,032490078553823812	106580	0,036045333352016824
106590	-0,035424717481852268	106590	0,034458340458593237
106600	-0,055072932195050696	106600	0,02672158918378743
106610	-0,046244044424337868	106610	0,044774498060554078
106620	-0,01821921590254658	106620	0,038498213935470808
106630	-0,035631730252318236	106630	0,019614922473473732
106640	-0,040119315703003644	106640	0,033566661438575625
106650	-0,034817249792788357	106650	0,023828999124252587
106660	-0,026050279229747387	106660	0,045154359254765533
106670	-0,048616305456930548	106670	0,028745020509549465
106680	-0,049499569388386795	106680	0,05110388567559436
106690	-0,045204631349559224	106690	0,038173820937552824
106700	-0,022130530910623839	106700	0,039202948435215407
106710	-0,048767490176151132	106710	0,044047999781051075
106720	-0,035052554437466292	106720	0,041292548866976982
106730	-0,034650105118866278	106730	0,045515385130515625
106740	-0,042510236494818388	106740	0,034503492207534833
106750	-0,033452322689616107	106750	0,04336449006060214
106760	-0,030804633453727418	106760	0,051712439841386494
106770	-0,037664794280247965	106770	0,028989868878154055
106780	-0,032224725873379191	106780	0,044072222483195526
106790	-0,041083369840522972	106790	0,041782201170650984
106800	-0,033540593723405079	106800	0,030652543155178905
106810	-0,03035916760837535	106810	0,038921871177592694
106820	-0,042320785749569836	106820	0,031115576087711767
106830	-0,046003419162566138	106830	0,033600479352426681
106840	-0,038815582931809089	106840	0,046492383515517759
106850	-0,035777937262460466	106850	0,03400528689542956
106860	-0,032977366227704148	106860	0,057846388270356007
106870	-0,028243085900886585	106870	0,031276567841625906
106880	-0,037162252902662105	106880	0,035513680980090986
106890	-0,042405118812167804	106890	0,029839013936552868
106900	-0,050470266774567007	106900	0,036146768882364691
106910	-0,02914007612570492	106910	0,053510763395695153
106920	-0,034856229388555073	106920	0,044767942992530778
106930	-0,044650034548231195	106930	0,034723981845060536
106940	-0,034087868187726383	106940	0,037366849373108219
106950	-0,034185818339292878	106950	0,031573380841455091
106960	-0,048972259660230909	106960	0,043965251086676982
106970	-0,0421668407335826	106970	0,027098093710532973
106980	-0,044433899440348611	106980	0,040821613761247655
106990	-0,030547974564887923	106990	0,040332771596147482
107000	-0,043382616629298522	107000	0,030123279812550804
107010	-0,049173508674512846	107010	0,058104617673188134
107020	-0,033547754972024377	107020	0,018606030365533783
107030	-0,043175718259772192	107030	0,037266171355228236
107040	-0,037787677081896537	107040	0,043767213181854628
107050	-0,0378854848943732	107050	0,033380095788964011
107060	-0,031186071938297834	107060	0,053491729425437964
107070	-0,033348659060729834	107070	0,0320698226521643
107080	-0,031326142198723136	107080	0,048841679684161463
107090	-0,03249401062077828	107090	0,046412470467504269
107100	-0,030678715510161721	107100	0,03497397995185
107110	-0,045736452005886795	107110	0,032472720022662938
107120	-0,038723202490883749	107120	0,0468269005147011
107130	-0,032893991606497835	107130	0,038050795115490393
107140	-0,027003687741205214	107140	0,037685385514568362
107150	-0,028628042069926182	107150	0,034549916383197855
107160	-0,028752503288457125	107160	0,042408827620878942
107170	-0,04197146133674734	107170	0,049857061463352996
107180	-0,037585863747626749	107180	0,039480751415360768
107190	-0,049277257589265579	107190	0,043575630314343035
107200	-0,03370055866989323	107200	0,038726545203833111
107210	-0,0334136232260447	107210	0,037804267639661514
107220	-0,033221771708273784	107220	0,041573629384287623
107230	-0,040535225691910474	107230	0,05051274508061273
107240	-0,028321756262694127	107240	0,042534533851236581
107250	-0,030219984550469318	107250	0,038159554884073396
107260	-0,043200333755623453	107260	0,032302388869352154
107270	-0,037420583598665152	107270	0,037426779521196357
107280	-0,032394997113056032	107280	0,039715379142816393
107290	-0,04488911837729493	107290	0,04693009402111667
107300	-0,028066506053139643	107300	0,031585153423515588
107310	-0,035597010971329196	107310	0,021859536828221369
107320	-0,041129946651290453	107320	0,030453927120404609
107330	-0,033659069464529741	107330	0,058342332625928243
107340	-0,030567789131868233	107340	0,063958137989499425
107350	-0,026242451797523797	107350	0,047300514644992568
107360	-0,037373276174486006	107360	0,045325815387139146
107370	-0,038703491568277466	107370	0,032179297060801748
107380	-0,04272208662521404	107380	0,036027552083096132
107390	-0,025750073205902117	107390	0,032188266268261788
107400	-0,034877057101271682	107400	0,050201952294707065
107410	-0,039901279526808775	107410	0,039359358096373
107420	-0,044140213813905191	107420	0,031236376240941097
107430	-0,036927860608761152	107430	0,0565435959152296
107440	-0,031885751334064044	107440	0,0384846855981787
107450	-0,0325331079781673	107450	0,035696570446312838
107460	-0,036211627570286016	107460	0,039100646875728867
107470	-0,026769917249199169	107470	0,04035048115056214
107480	-0,041405558603976891	107480	0,038163051480580773
107490	-0,022721962887181032	107490	0,05528863375707415
107500	-0,021134358259577279	107500	0,0368484467628118
107510	-0,035862397042767849	107510	0,038595478528539222
107520	-0,04622660188975386	107520	0,04465675015093868
107530	-0,043714189872151941	107530	0,034644540208436707
107540	-0,032442656690965792	107540	0,03820996356123086
107550	-0,034879394933672744	107550	0,054416659452087464
107560	-0,028448057788246547	107560	0,049993834122120308
107570	-0,043972875155846552	107570	0,038871633928262789
107580	-0,04149050952382996	107580	0,032460677414785116
107590	-0,031175506304457114	107590	0,031972347257564239
107600	-0,025148961409077596	107600	0,028167734486060424
107610	-0,036061265927394122	107610	0,052399337595271864
107620	-0,036756704894713228	107620	0,043998541290069207
107630	-0,037943958319683682	107630	0,03932231342677614
107640	-0,041039420445839941	107640	0,048897767043063506
107650	-0,025189500442359361	107650	0,0481706974227663
107660	-0,044762491986044296	107660	0,040079370583911915
107670	-0,040332903412867847	107670	0,043029317889679168
107680	-0,042235991536998738	107680	0,038977352039367578
107690	-0,03764256848328365	107690	0,032829367151566591
107700	-0,0357295433331815	107700	0,035537030679214258
107710	-0,037064115040522039	107710	0,027460653110608375
107720	-0,040688330119672038	107720	0,028468798459714142
107730	-0,0305289156754722	107730	0,032935176506321349
107740	-0,038497798892573869	107740	0,046315051314277982
107750	-0,033554909173350952	107750	0,031477015857688244
107760	-0,032722231109951865	107760	0,043030758604750675
107770	-0,034012186108853738	107770	0,043849169223628144
107780	-0,05035709848833117	107780	0,037965174757841245
107790	-0,040210556754278856	107790	0,034616707265735874
107800	-0,037314808995491673	107800	0,03217439090902121
107810	-0,048097276734129987	107810	0,048654299352152069
107820	-0,034516572325166729	107820	0,035707446158917494
107830	-0,03454983331720235	107830	0,046100630384611346
107840	-0,0405050144069668	107840	0,039034887676452981
107850	-0,047470948148350386	107850	0,032769607384865729
107860	-0,034638191989036532	107860	0,031680293134112386
107870	-0,033861405565692379	107870	0,037884930530908717
107880	-0,033807662793700052	107880	0,059284357373431219
107890	-0,036337565312943042	107890	0,038182445954996681
107900	-0,025851822831230008	107900	0,049140812965527955
107910	-0,050010730333816415	107910	0,041149848675084463
107920	-0,031746535413050621	107920	0,03192995241530433
107930	-0,042808141133259654	107930	0,048163862874078416
107940	-0,0376741468785843	107940	0,04550231970838086
107950	-0,038232435010595305	107950	0,039759851219236093
107960	-0,037754581028998237	107960	0,040371204208697914
107970	-0,032923591324500907	107970	0,03859242039805133
107980	-0,038572777794569572	107980	0,053498618823339707
107990	-0,033617730908478118	107990	0,033607352243259489
108000	-0,032507176709776285	108000	0,037387972500362986
108010	-0,035047237988149411	108010	0,027628373045012897
108020	-0,04081382032256349	108020	0,034339789909420881
108030	-0,036476472182944072	108030	0,049256355956513939
108040	-0,0450417525353515	108040	0,0416927987485898
108050	-0,023800946139521283	108050	0,043264789717791727
108060	-0,038032860425656762	108060	0,03795585206499124
108070	-0,043577061443075889	108070	0,028893755674427521
108080	-0,034317624699959935	108080	0,049312133310534426
108090	-0,023671589426780496	108090	0,048040991933909247
108100	-0,039217525917277	108100	0,039377519178906015
108110	-0,039711279143845757	108110	0,035248024865704532
108120	-0,03562309767764122	108120	0,038349311100270317
108130	-0,035627600371286941	108130	0,043338436019889993
108140	-0,030614135884543446	108140	0,052393858846090303
108150	-0,044530366904640316	108150	0,038239899961426994
108160	-0,048923758996659988	108160	0,02080962766680447
108170	-0,036399563906682794	108170	0,0512024790205593
108180	-0,033217255410907358	108180	0,058789264412685567
108190	-0,036750052044633282	108190	0,024299684768725228
108200	-0,031441952375299308	108200	0,03554797975840094
108210	-0,046458479381548179	108210	0,051257642053762389
108220	-0,033759164311649367	108220	0,036870741739981047
108230	-0,050038161349253582	108230	0,0514259281714018
108240	-0,031359469086293418	108240	0,046025715509769367
108250	-0,032024493480990124	108250	0,034878199422994249
108260	-0,034690535517809484	108260	0,043164662339639594
108270	-0,034811310360286084	108270	0,040590658083438973
108280	-0,037242789283712038	108280	0,048528932539864164
108290	-0,043660477819577548	108290	0,0481593585944444
108300	-0,020522044584026691	108300	0,047186666033283316
108310	-0,030249862489337379	108310	0,043532405336551519
108320	-0,048723603645887494	108320	0,043237779840971956
108330	-0,034874283992527746	108330	0,044670684403569326
108340	-0,023657991731556874	108340	0,041278386265371114
108350	-0,054546316633045877	108350	0,030158598743265132
108360	-0,046257549909887251	108360	0,043242559093816448
108370	-0,031687722974125691	108370	0,060767613297322456
108380	-0,03896294429479677	108380	0,0453454449940022
108390	-0,032010984286765805	108390	0,030514252896213349
108400	-0,026888302066775512	108400	0,032113906740236862
108410	-0,042667157834426907	108410	0,048269603735938138
108420	-0,026131595886987411	108420	0,049533612234195321
108430	-0,031099867597936332	108430	0,039488208127648666
108440	-0,038653122919221433	108440	0,028500701917473222
108450	-0,031058754440644321	108450	0,038260271925059153
108460	-0,045445871120707672	108460	0,05012048414850237
108470	-0,03244230115177342	108470	0,038787806623783096
108480	-0,03159414822636622	108480	0,044152618658913706
108490	-0,029966460459755664	108490	0,043213835771716044
108500	-0,033135620742127107	108500	0,039846951881260161
108510	-0,041778164449209433	108510	0,050606394428987532
108520	-0,036196413149478981	108520	0,029972094856077363
108530	-0,028399440776078966	108530	0,038260900116490276
108540	-0,036839298922079572	108540	0,042019352480497964
108550	-0,037561205998086232	108550	0,044366766246955666
108560	-0,039186742283152533	108560	0,049442729759972159
108570	-0,027065195950905896	108570	0,03001549038403058
108580	-0,035930790740791425	108580	0,039671313922333987
108590	-0,024405409594260154	108590	0,042650165985117033
108600	-0,032994559212361177	108600	0,0393403759141581
108610	-0,050907625159269311	108610	0,04792348852564153
108620	-0,031419003722976867	108620	0,045172387359255911
108630	-0,0474810049030091	108630	0,041608728237574229
108640	-0,032596569212767552	108640	0,068211312455905
108650	-0,032777026714081038	108650	0,038365710667541436
108660	-0,0366694587926264	108660	0,039811804890148211
108670	-0,041342692495473406	108670	0,031309242235959281
108680	-0,039065243320470976	108680	0,048437693337676321
108690	-0,032612276508003982	108690	0,045495943376704519
108700	-0,046330494638708045	108700	0,055642233265067738
108710	-0,029448784235429432	108710	0,034147594073372485
108720	-0,042092618619585243	108720	0,02509460814993952
108730	-0,031647672091720841	108730	0,0527199074611441
108740	-0,039329396455322317	108740	0,037632626463516422
108750	-0,033329905007652434	108750	0,037115929493103793
108760	-0,039485657381763746	108760	0,051332297100838642
108770	-0,028913178441506569	108770	0,045853202463930987
108780	-0,037421104191062676	108780	0,039101065227443159
108790	-0,040428017209121668	108790	0,042445350018904454
108800	-0,037839015477220614	108800	0,034586733772953335
108810	-0,032353841936099234	108810	0,021811650008569008
108820	-0,044670381167219754	108820	0,048901184493592736
108830	-0,0474226037597431	108830	0,050619068064895176
108840	-0,039202445746066829	108840	0,043489326823488154
108850	-0,030270713707109931	108850	0,028953933802543387
108860	-0,0344786632375915	108860	0,051072353899712174
108870	-0,040863681852104795	108870	0,037385983065541514
108880	-0,032151183054370855	108880	0,024412578217168614
108890	-0,047772917487414461	108890	0,035036982816057063
108900	-0,028200483356034253	108900	0,045303772276491842
108910	-0,0405373638582917	108910	0,046644240684982657
108920	-0,029042880688580127	108920	0,04849927569989311
108930	-0,033532522133649163	108930	0,036111905485440021
108940	-0,03818577028817112	108940	0,042627438241203082
108950	-0,048968474562718259	108950	0,036428804092557721
108960	-0,038852957281528475	108960	0,032418978967716554
108970	-0,034670233216182629	108970	0,041182327036938249
108980	-0,017765351854745794	108980	0,041455000444538009
108990	-0,051803418616176815	108990	0,0403622725681795
109000	-0,038020465350469768	109000	0,04402403198977374
109010	-0,032783759309474948	109010	0,043686669484180707
109020	-0,028271380468699606	109020	0,030884053603044515
109030	-0,050744672312147472	109030	0,047716018907977796
109040	-0,0347434624950378	109040	0,034213866738543784
109050	-0,039254679358798783	109050	0,049685156375532988
109060	-0,034063035913018354	109060	0,046983029741669256
109070	-0,035604055371583718	109070	0,032834194973130448
109080	-0,037248684722664779	109080	0,042529302302694284
109090	-0,036505662088667123	109090	0,051239124729309971
109100	-0,031610571742006668	109100	0,042687005279016858
109110	-0,033491015199184439	109110	0,03613720175546583
109120	-0,041207357308591014	109120	0,041480354754276527
109130	-0,042780305258434591	109130	0,023992399524517209
109140	-0,04482934765865796	109140	0,05311923422968453
109150	-0,02307478566994221	109150	0,036946235998162109
109160	-0,035838640474254155	109160	0,057383612150146091
109170	-0,033957986916229449	109170	0,04236151350461969
109180	-0,042152155306072817	109180	0,048027534882231056
109190	-0,047931842524532871	109190	0,0391248101695304
109200	-0,043423795004427654	109200	0,028387523777445467
109210	-0,035241005349373855	109210	0,034016815201587995
109220	-0,0444299055005694	109220	0,036164181891928486
109230	-0,027565220166817558	109230	0,040895288897373192
109240	-0,027475825894500108	109240	0,043377076409468911
109250	-0,026643408956880697	109250	0,05022956446693938
109260	-0,037389600781014685	109260	0,051739864505663875
109270	-0,032193479223061663	109270	0,041077499803091465
109280	-0,045589547758536339	109280	0,0547902215796271
109290	-0,039531907728192123	109290	0,03188704839223714
109300	-0,025895782635962733	109300	0,044192068598436163
109310	-0,03215303732004602	109310	0,040421846468592967
109320	-0,036345775536235476	109320	0,032591585246323024
109330	-0,0453573031349266	109330	0,047364247894033977
109340	-0,032920038678665976	109340	0,032121249267209891
109350	-0,041714130476856438	109350	0,043919993597982106
109360	-0,028335204308925527	109360	0,035183721644278562
109370	-0,034366136361090857	109370	0,044625115430324477
109380	-0,044987333963910574	109380	0,039300366659064993
109390	-0,034080312753815185	109390	0,053910755675869518
109400	-0,047624506180184323	109400	0,040622236703294456
109410	-0,0508716534167747	109410	0,039834020128811223
109420	-0,030965098647944864	109420	0,034267015976618374
109430	-0,040675996623735229	109430	0,05828881934127815
109440	-0,031739082183611961	109440	0,044042422726879193
109450	-0,035762272014100344	109450	0,0407303297479689
109460	-0,030212952009019814	109460	0,049906653552125049
109470	-0,028593669064496154	109470	0,034362921373617163
109480	-0,025302785790562339	109480	0,052807835965835444
109490	-0,040282345670547642	109490	0,036582061679685682
109500	-0,047880921665197321	109500	0,029139712658889049
109510	-0,038026081783821865	109510	0,045318229673011752
109520	-0,030132689669097903	109520	0,044032114771503018
109530	-0,034368593456080364	109530	0,040169824652114244
109540	-0,043251746270742575	109540	0,041486765707424905
109550	-0,034107782846299679	109550	0,049172684469429226
109560	-0,03171559280295215	109560	0,03793943902275948
109570	-0,033859707176173363	109570	0,037492607037245364
109580	-0,034481116153433709	109580	0,058536146294975208
109590	-0,036373335460175446	109590	0,033261165364906378
109600	-0,034248930153014223	109600	0,029723763910663222
109610	-0,036374058144144711	109610	0,039156475509602794
109620	-0,034360759114528912	109620	0,050751458456504188
109630	-0,045047921110251132	109630	0,043462920223395714
109640	-0,026641338658741884	109640	0,040435199168265407
109650	-0,028491330771952296	109650	0,047768058610953443
109660	-0,039257165339550336	109660	0,040008564679133433
109670	-0,034689065835573983	109670	0,028468834052484328
109680	-0,034145836060290119	109680	0,050643959750620186
109690	-0,042821010291392375	109690	0,031983644424958241
109700	-0,038537678806978948	109700	0,047184828748264886
109710	-0,04590072599543122	109710	0,0357462063071007
109720	-0,040200610034574175	109720	0,042865813363974749
109730	-0,038125908508145144	109730	0,046662075331735574
109740	-0,039428176055686395	109740	0,033263330849231415
109750	-0,029853808974571253	109750	0,032903235824235419
109760	-0,038345866582054529	109760	0,040047077589422886
109770	-0,037754132049400743	109770	0,038789039986498193
109780	-0,037936002497194442	109780	0,044740586682443725
109790	-0,03676166717877636	109790	0,033997474160083779
109800	-0,034373340898381982	109800	0,0538100112545642
109810	-0,033188120851831794	109810	0,029236349639458866
109820	-0,042603755933299528	109820	0,041909470076188768
109830	-0,03266385445949696	109830	0,028358212143050409
109840	-0,028783343389035244	109840	0,039143276705897331
109850	-0,049354818315697178	109850	0,032778421699647453
109860	-0,032665153777226952	109860	0,026597446555109438
109870	-0,027223098222488581	109870	0,028011210389856718
109880	-0,04119996544761003	109880	0,046456952779033479
109890	-0,033944608860960672	109890	0,040058329676128129
109900	-0,045806725482845312	109900	0,04562550227453873
109910	-0,048055731120441862	109910	0,042431141463939212
109920	-0,041262993099868764	109920	0,031629157769214204
109930	-0,034095991684399293	109930	0,036183472143363073
109940	-0,038052165297979515	109940	0,051986141636659419
109950	-0,045581887662233908	109950	0,042356334214048268
109960	-0,044992027001635113	109960	0,025650866385453146
109970	-0,03920398201560242	109970	0,031922121212707329
109980	-0,041811849891588551	109980	0,051584400032692088
109990	-0,037615975178154404	109990	0,058446360051079838
110000	-0,036965372982483785	110000	0,029772210397354809
110010	-0,0319598498096769	110010	0,037675333902328981
110020	-0,036691207466062255	110020	0,035136818372086716
110030	-0,046770024818689721	110030	0,04819110938422725
110040	-0,049025258638690575	110040	0,035233312997649834
110050	-0,047248093761063738	110050	0,042529188666565548
110060	-0,032569979688357974	110060	0,034660028796293638
110070	-0,037805680190544921	110070	0,054055677236814433
110080	-0,036095857997982782	110080	0,041852400343086467
110090	-0,039482434254758475	110090	0,028187455813935655
110100	-0,032721572002592618	110100	0,042724782126089968
110110	-0,035809715319740372	110110	0,068415426959144085
110120	-0,034014400260527579	110120	0,03473031176985375
110130	-0,054397130493862439	110130	0,048340651100507469
110140	-0,024806285550758873	110140	0,0478882646910246
110150	-0,027836416246207675	110150	0,039477027660631714
110160	-0,030676423112478288	110160	0,044101020455410332
110170	-0,040911666824741365	110170	0,035592628604964226
110180	-0,041853850557567879	110180	0,051517070393339207
110190	-0,036608353360843844	110190	0,0371759658673149
110200	-0,047715548297301194	110200	0,038497492632153206
110210	-0,038055264442036156	110210	0,040628896008164724
110220	-0,026022919855669666	110220	0,057251129093779295
110230	-0,036447227290959061	110230	0,034346398412690458
110240	-0,046818407862246163	110240	0,047153392545922622
110250	-0,03358480005899353	110250	0,041553415584220307
110260	-0,030725554568156985	110260	0,028545812810189565
110270	-0,029143684362477947	110270	0,02352382977399374
110280	-0,035287594040382023	110280	0,045696483397206757
110290	-0,040343055037287127	110290	0,03746248517547339
110300	-0,028971431577271837	110300	0,062606062387098621
110310	-0,039820585555835487	110310	0,042986724012949271
110320	-0,0427005446661941	110320	0,021737222972696774
110330	-0,049637816571202406	110330	0,048531129335286763
110340	-0,029779522701390955	110340	0,056085852050308721
110350	-0,032561970041838743	110350	0,039522855645978121
110360	-0,03354866179526321	110360	0,032652341998968451
110370	-0,037524448583661135	110370	0,039057849278845605
110380	-0,04176129759415137	110380	0,0392981590980639
110390	-0,041045976227469985	110390	0,035170007171036168
110400	-0,031878114616115574	110400	0,03861261099749743
110410	-0,030307539175162278	110410	0,042435316226868434
110420	-0,037476201544104561	110420	0,043547913556859531
110430	-0,035653157518758895	110430	0,048910601342011861
110440	-0,02106546473288691	110440	0,04572005986873303
110450	-0,031004455844349178	110450	0,031578286825088724
110460	-0,046424626741070153	110460	0,037409701299837922
110470	-0,047469546100735595	110470	0,053213903603867338
110480	-0,027396554851208406	110480	0,049221506695104562
110490	-0,042793494579761684	110490	0,039042097632160724
110500	-0,032637968634968657	110500	0,042574228428763669
110510	-0,04929459931037676	110510	0,044526025684057023
110520	-0,0354475965021583	110520	0,02981756797579058
110530	-0,038908329867975919	110530	0,035752944457807141
110540	-0,038720498813253644	110540	0,028709626104171184
110550	-0,036232793429835042	110550	0,04742942430320652
110560	-0,037316090015526333	110560	0,043714621317375545
110570	-0,035825914826064877	110570	0,033907612360842006
110580	-0,026348005207225612	110580	0,033493770539728178
110590	-0,042619410133669836	110590	0,04089627637819844
110600	-0,02602225098005826	110600	0,047619881280039196
110610	-0,036696830416615124	110610	0,03478785551709624
110620	-0,038570637695066641	110620	0,055824921584432995
110630	-0,036889127298378892	110630	0,034840848250963417
110640	-0,045346094242834957	110640	0,038501975435263291
110650	-0,02864893336127013	110650	0,037510435069739993
110660	-0,03564153355565948	110660	0,050097342680002106
110670	-0,041931327830252024	110670	0,037461829373474247
110680	-0,04073403607833366	110680	0,039867191198083685
110690	-0,026687319506359736	110690	0,029548188728397762
110700	-0,035032773577723941	110700	0,040316349470170813
110710	-0,032480492512680259	110710	0,054278939561453396
110720	-0,038126662091726438	110720	0,031730936370896419
110730	-0,024222403966602475	110730	0,04384888462730941
110740	-0,039573314110872289	110740	0,041299455622388251
110750	-0,029373284307959543	110750	0,0287733741632607
110760	-0,043941987606091283	110760	0,038262489814037778
110770	-0,037957526802608429	110770	0,038118718442084427
110780	-0,037006960397027569	110780	0,034659672109135523
110790	-0,035296779514340071	110790	0,04299958268781201
110800	-0,030786287286677965	110800	0,043050028039055319
110810	-0,033186388713153818	110810	0,058833225827444768
110820	-0,036138365213744791	110820	0,032832428462127645
110830	-0,036657239801628459	110830	0,043976101607558604
110840	-0,053672999577254431	110840	0,035677289495552239
110850	-0,035872384141726575	110850	0,040772880635957721
110860	-0,038832443469199861	110860	0,050074522127412528
110870	-0,02475223884398349	110870	0,043519450215208512
110880	-0,026680668257242763	110880	0,026095589395170368
110890	-0,02757586481958034	110890	0,035025859709465007
110900	-0,035548910048883491	110900	0,029049059145141509
110910	-0,034484798990249865	110910	0,056414131904089108
110920	-0,032525967646632077	110920	0,031543651195933831
110930	-0,041609489353306967	110930	0,044964259229371105
110940	-0,0540835686755809	110940	0,034204911650710809
110950	-0,032736831851494494	110950	0,038972134025523769
110960	-0,044815034787373927	110960	0,05147289332885667
110970	-0,035345829523918647	110970	0,032932738508054754
110980	-0,034538470812687995	110980	0,047472626050451709
110990	-0,0381816613765607	110990	0,029959111422960875
111000	-0,036344995473260214	111000	0,056332845053162467
111010	-0,045029336115143918	111010	0,03100539077280216
111020	-0,037218255787970923	111020	0,045025513219130668
111030	-0,024441328116985923	111030	0,065124787301008444
111040	-0,032221990502337844	111040	0,027382597333739333
111050	-0,042159389477929625	111050	0,040609836576297208
111060	-0,039241197036390674	111060	0,039755709683217483
111070	-0,02863732899459116	111070	0,049275452115611282
111080	-0,034569924562839846	111080	0,04790356693720562
111090	-0,035315263468459444	111090	0,047173617415549013
111100	-0,032519153395768385	111100	0,0347914300174899
111110	-0,0344694139203069	111110	0,050643030987957388
111120	-0,033095136543517464	111120	0,032803217273140561
111130	-0,028902647030430766	111130	0,058035399704033215
111140	-0,043108565964849056	111140	0,029088660446964936
111150	-0,037191055562393209	111150	0,036071014597732605
111160	-0,037295088278383189	111160	0,057095436391157675
111170	-0,039219348504138864	111170	0,039813678507341119
111180	-0,037183268871541046	111180	0,024870020054988937
111190	-0,030880454703488072	111190	0,051236108276252128
111200	-0,026461277187680817	111200	0,043856471443227234
111210	-0,038685106756361026	111210	0,051221549680208561
111220	-0,044311496474762395	111220	0,035288171955250261
111230	-0,038915897391473039	111230	0,044739082771610893
111240	-0,034040109613882555	111240	0,030830837268739822
111250	-0,029417752771534106	111250	0,039843593886077382
111260	-0,030585725984683818	111260	0,027468733849166992
111270	-0,046384572702974546	111270	0,047220512655241353
111280	-0,045527041136495611	111280	0,04481752577998873
111290	-0,026301854185967227	111290	0,055025072996353473
111300	-0,036886641089589459	111300	0,036586545598108894
111310	-0,035830110016362972	111310	0,034613600553552094
111320	-0,036043537750231544	111320	0,048984747427957082
111330	-0,035347461164312879	111330	0,036463305955842719
111340	-0,03215763634995851	111340	0,046246708382405771
111350	-0,03693840099723477	111350	0,038545262105660186
111360	-0,040308107630413585	111360	0,03033545191344926
111370	-0,016504287236032478	111370	0,037604832537686594
111380	-0,028347008997770987	111380	0,037491709491073388
111390	-0,03469326305237292	111390	0,041932640733619873
111400	-0,035074661792507268	111400	0,04004460704765149
111410	-0,0337589438549479	111410	0,046439068562688486
111420	-0,040215779572924382	111420	0,0301015005036458
111430	-0,040415189089515961	111430	0,04279643055503423
111440	-0,035226316673561457	111440	0,04052470553064047
111450	-0,026828826514329773	111450	0,048795194907780372
111460	-0,045785450168200487	111460	0,038438892463358749
111470	-0,040164778036063442	111470	0,05074632932846574
111480	-0,04807554242353744	111480	0,023354920407805121
111490	-0,037891025079607378	111490	0,044259893553211596
111500	-0,0413317957618181	111500	0,044961336606552077
111510	-0,02665366615742221	111510	0,037338982508596942
111520	-0,042080748291032775	111520	0,015958089600861425
111530	-0,034772835729367277	111530	0,042243898719739187
111540	-0,026190337392089515	111540	0,044115567782258891
111550	-0,032364551193772476	111550	0,05230180399497756
111560	-0,0434445702030466	111560	0,042513816140403428
111570	-0,048500448002217172	111570	0,032306617468162796
111580	-0,0363606920981987	111580	0,053051934009227406
111590	-0,047607024469343243	111590	0,041461701217355734
111600	-0,027874761221414832	111600	0,0495774687819668
111610	-0,036978851389975614	111610	0,036557279610428393
111620	-0,029996088558798546	111620	0,039996935784149083
111630	-0,040186665569788414	111630	0,046693273565799269
111640	-0,033008996150048361	111640	0,038618275754642495
111650	-0,031177550167448265	111650	0,031064763490792211
111660	-0,033030995274229966	111660	0,033560285875758551
111670	-0,03055379101351707	111670	0,035979196570714189
111680	-0,041030785630037266	111680	0,03492845311253745
111690	-0,047433894894880625	111690	0,034841179807984644
111700	-0,033679120988580641	111700	0,032996183970043329
111710	-0,029328791730670149	111710	0,023306392521047631
111720	-0,044963651203804619	111720	0,048073115872982589
111730	-0,037280218920245391	111730	0,039576014844089444
111740	-0,035678541709893437	111740	0,024766886977144388
111750	-0,037995529569440974	111750	0,05117981327034244
111760	-0,050229515275071135	111760	0,050685268169072858
111770	-0,03339298347894603	111770	0,027706935381423107
111780	-0,044449270210012916	111780	0,028061968020587458
111790	-0,031921488940183249	111790	0,030026267938214543
111800	-0,038289844180575551	111800	0,045707004686358008
111810	-0,042411042733486316	111810	0,045765529433976056
111820	-0,02832873782418131	111820	0,034406592335005551
111830	-0,034017747304287839	111830	0,037975621511573951
111840	-0,044839713782962969	111840	0,036818201614171014
111850	-0,038995328534375082	111850	0,046827973823167147
111860	-0,029959209000835551	111860	0,0469342571770121
111870	-0,038447321077767653	111870	0,044683920190756829
111880	-0,040534505528747322	111880	0,0529628313299578
111890	-0,034687204354103655	111890	0,03246353485614499
111900	-0,018828711953299555	111900	0,041808381271026956
111910	-0,03744081813057689	111910	0,052761968119416011
111920	-0,041474146744420959	111920	0,02628256602424597
111930	-0,042322013506206492	111930	0,037868832429440676
111940	-0,027758219979191815	111940	0,044563696186791818
111950	-0,034881154117463162	111950	0,038870791427619747
111960	-0,049622142591497338	111960	0,030141971227970361
111970	-0,025808173119136864	111970	0,041493690606535065
111980	-0,04786992454056261	111980	0,049886483482142016
111990	-0,036429452976595264	111990	0,023335269296222944
112000	-0,038998273864018627	112000	0,026515080220241995
112010	-0,041420733995907059	112010	0,039674978549711651
112020	-0,030171844547275652	112020	0,052438508305455177
112030	-0,035287779105696353	112030	0,032794098559866376
112040	-0,032236346542282725	112040	0,039070598531533517
112050	-0,037549104485597076	112050	0,0391932663024937
112060	-0,043544042694869459	112060	0,0546269019750122
112070	-0,0344134743164902	112070	0,031647188190996559
112080	-0,042900075745937787	112080	0,05077401464891311
112090	-0,026824768570649159	112090	0,0359902012631455
112100	-0,029934203630555076	112100	0,037138492306139075
112110	-0,030764724768316258	112110	0,065493059577633031
112120	-0,039243288585799313	112120	0,028014686195949736
112130	-0,043593415826778947	112130	0,030873448385500428
112140	-0,04413678216323657	112140	0,040391208764465461
112150	-0,032779465637777339	112150	0,043985790427573786
112160	-0,049332199172688	112160	0,046133262094119616
112170	-0,04024545112073704	112170	0,036902847791940065
112180	-0,025185065928363913	112180	0,0474648212020075
112190	-0,028155344471340889	112190	0,038351528111309034
112200	-0,042429297416497244	112200	0,038576408706333908
112210	-0,028662156834882237	112210	0,034237759335918987
112220	-0,026525490177970037	112220	0,033103816934179006
112230	-0,026118311850583612	112230	0,035797377782251838
112240	-0,031655508843299082	112240	0,0321415784960176
112250	-0,040751793361195748	112250	0,038081728273161412
112260	-0,039861427538655521	112260	0,044660568689437227
112270	-0,044852980123092863	112270	0,032236637791465253
112280	-0,0465634561449703	112280	0,044088264028138494
112290	-0,036387464479026875	112290	0,03985380184180766
112300	-0,031234963870509561	112300	0,039299535100435525
112310	-0,025946435683434584	112310	0,050280828652619847
112320	-0,04365113285248251	112320	0,035660420240165636
112330	-0,03247290717221326	112330	0,025389136744978141
112340	-0,023071016373963894	112340	0,0322290984256501
112350	-0,05642947417719274	112350	0,036174396098655554
112360	-0,031221361350053722	112360	0,037445747149925844
112370	-0,042926838642796228	112370	0,032630839895767823
112380	-0,050925664050284349	112380	0,037661912234734182
112390	-0,041733263841311784	112390	0,034338439090766948
112400	-0,02832196325378528	112400	0,040893835168483376
112410	-0,033375602702556142	112410	0,052687152027228866
112420	-0,028807840484403293	112420	0,052867264687826106
112430	-0,039221115531363149	112430	0,041563101340494589
112440	-0,041851961163338794	112440	0,033633350715450407
112450	-0,032144672099257553	112450	0,040007992624485157
112460	-0,027692153877149767	112460	0,052563036210768271
112470	-0,040741832889513309	112470	0,042141136059926428
112480	-0,033285937157062219	112480	0,048767638259355296
112490	-0,035042681815559994	112490	0,026450718082293698
112500	-0,04011249207446102	112500	0,044359127489624131
112510	-0,0356055396457121	112510	0,058175953487152071
112520	-0,033419952422594365	112520	0,040716674096950879
112530	-0,037674581983722658	112530	0,042435459319844
112540	-0,029877932091329634	112540	0,042671587869220519
112550	-0,042630342646324086	112550	0,04283854514695571
112560	-0,031972748679226011	112560	0,040464150036685541
112570	-0,042943408978755225	112570	0,03364955674031965
112580	-0,028398450430970338	112580	0,036429901203083745
112590	-0,0298807745085399	112590	0,049407171615703072
112600	-0,036973137728163658	112600	0,040014934136744083
112610	-0,039336557985860977	112610	0,044725297396060931
112620	-0,035577077833414544	112620	0,024647517663826803
112630	-0,0394412004093667	112630	0,045457676819584784
112640	-0,033810611275868277	112640	0,043999378492928766
112650	-0,031498455597987689	112650	0,042716359637604479
112660	-0,029108438021587472	112660	0,036586579704082335
112670	-0,03872668042147695	112670	0,042597023003932713
112680	-0,037232652421891048	112680	0,043945194338971254
112690	-0,030852200884728218	112690	0,038452480104573042
112700	-0,035009824265376646	112700	0,049021271071103059
112710	-0,039080982170528057	112710	0,039369239256335863
112720	-0,034528973233834755	112720	0,049572451782718532
112730	-0,026819279298363446	112730	0,030641267426789416
112740	-0,036355414005617308	112740	0,027020646625877994
112750	-0,026253750921964858	112750	0,043226377712816941
112760	-0,032479370121099638	112760	0,045278777811666053
112770	-0,036262850841840104	112770	0,038079272551414238
112780	-0,0400399425991726	112780	0,048533827764298362
112790	-0,025331499135817635	112790	0,033244497218278532
112800	-0,037498377390197554	112800	0,03577873783644557
112810	-0,044582847350067886	112810	0,044923518307920768
112820	-0,036867724985040436	112820	0,032617339198953578
112830	-0,043335421158045222	112830	0,045612150306496083
112840	-0,027511952044456833	112840	0,038094865452423778
112850	-0,036596505451745545	112850	0,040251064113198433
112860	-0,039753617698114953	112860	0,043980759162298273
112870	-0,039285209575201867	112870	0,031768994651433118
112880	-0,03467169358310529	112880	0,057629376927430191
112890	-0,039197418870741005	112890	0,049511053431674085
112900	-0,034164263174287585	112900	0,039805988754063354
112910	-0,031887296990684433	112910	0,030559371251683138
112920	-0,032829259195156453	112920	0,037803988174579459
112930	-0,035250228976184073	112930	0,050605220681363812
112940	-0,041825218918915406	112940	0,030154833234587414
112950	-0,031020749026421761	112950	0,038968822322459323
112960	-0,037192557770803158	112960	0,051098803388223958
112970	-0,032905066355751869	112970	0,037919732038995582
112980	-0,040603517412669328	112980	0,035223558772066781
112990	-0,042532052807672756	112990	0,047230655652433229
113000	-0,041468522802737086	113000	0,042458782752950543
113010	-0,0429064196531716	113010	0,047561834621816311
113020	-0,029950613503542261	113020	0,027995074386428113
113030	-0,04028120776213872	113030	0,043732807038418177
113040	-0,036390362376859366	113040	0,039726024337718893
113050	-0,038874274445523424	113050	0,050883719326707481
113060	-0,041702326574071226	113060	0,045953297350450971
113070	-0,040038592458907667	113070	0,049324765578327712
113080	-0,038382257864185663	113080	0,0374940262886072
113090	-0,030228590712097068	113090	0,029395197656153355
113100	-0,038932014346795489	113100	0,030580289034906734
113110	-0,032063951948886595	113110	0,056155973945208333
113120	-0,03300998014659267	113120	0,03342698245384966
113130	-0,032481877708797867	113130	0,051650379080361242
113140	-0,022577178555277039	113140	0,042589390082816224
113150	-0,035008098013011725	113150	0,038871182377448257
113160	-0,038875815704226477	113160	0,04135065478660601
113170	-0,0408736502652593	113170	0,026744657673333089
113180	-0,025745813999814758	113180	0,057100826037325331
113190	-0,027180034160508456	113190	0,036258660946101084
113200	-0,045365375606486458	113200	0,035349354139295033
113210	-0,038567087301142555	113210	0,042986530670339786
113220	-0,028193812124957508	113220	0,041454071242998394
113230	-0,031065303870974188	113230	0,052551082608432553
113240	-0,049370166803200236	113240	0,037188874629006032
113250	-0,048341692687858637	113250	0,05181755710726673
113260	-0,035238973340161406	113260	0,035818736951966558
113270	-0,031536727007057619	113270	0,038234513615251577
113280	-0,036506446244455378	113280	0,046493508086820179
113290	-0,032743720735015726	113290	0,047716326090742708
113300	-0,0397395128055138	113300	0,036142392389352546
113310	-0,0292871853750116	113310	0,044214670764720063
113320	-0,033792543913332244	113320	0,0362201575212397
113330	-0,031552142541823931	113330	0,038913178160109266
113340	-0,031887050318032122	113340	0,0479293914261216
113350	-0,040596675583783361	113350	0,036583037334559511
113360	-0,044944579685234472	113360	0,033464046181561305
113370	-0,018599600662225626	113370	0,059209429239663394
113380	-0,044070303157098749	113380	0,045015679210176594
113390	-0,043370623678173452	113390	0,033583805397822637
113400	-0,032268879264321162	113400	0,037336158869327028
113410	-0,038501399833558124	113410	0,040939882434293515
113420	-0,04549305059260448	113420	0,030199115902857909
113430	-0,0368674064343859	113430	0,056878756606861577
113440	-0,036474199997547439	113440	0,0434069204553072
113450	-0,041755118694019724	113450	0,04418899031095546
113460	-0,039369569030875129	113460	0,049494315300104383
113470	-0,042750338366804724	113470	0,031974416090923954
113480	-0,029990668180988833	113480	0,065484718828485347
113490	-0,033386280231699553	113490	0,03666881834011565
113500	-0,034571910587925983	113500	0,035788107474724176
113510	-0,034502131731453889	113510	0,041192052393892405
113520	-0,03260373809928558	113520	0,047603837741346494
113530	-0,028302686463588578	113530	0,043815451183645847
113540	-0,025565493396870843	113540	0,040043660455266708
113550	-0,040610838375734204	113550	0,048762557841042026
113560	-0,043054905697177612	113560	0,0323307250064962
113570	-0,045371493213836808	113570	0,036301989989088013
113580	-0,049778161362357576	113580	0,054899783495079284
113590	-0,032437604212644945	113590	0,054312512915779383
113600	-0,04181592962005562	113600	0,037723940837856518
113610	-0,028034893615780095	113610	0,040851333720269729
113620	-0,037300141630721442	113620	0,034732109308177966
113630	-0,048943887555455506	113630	0,052106880575323172
113640	-0,033364862961320609	113640	0,034776101409585577
113650	-0,035444066197327172	113650	0,046588119490331543
113660	-0,04347756578023397	113660	0,039085667243331186
113670	-0,037414564789959616	113670	0,041476376519623284
113680	-0,030467440219731759	113680	0,046670612177748039
113690	-0,027578148447667337	113690	0,043612665131977937
113700	-0,045741880575477845	113700	0,045091811196265368
EOF
