Name	YT Scope Project	
File	C:\Users\Administrator\Documents\TcXaeShell\TwinCAT_260713\ScopeLog\2026-08-20_Scope_2000mms_B.csv	
Starttime of export	134316848705540000	Thursday, August 20, 2026	16:34:30.554
Endtime of export	134316848986540000	Thursday, August 20, 2026	16:34:58.654


Name	a	Name	b
SymbolComment	A coordinate.	SymbolComment	B coordinate.
Data-Type	REAL64	Data-Type	REAL64
SampleTime[ms]	10	SampleTime[ms]	10
VariableSize	8	VariableSize	8
SymbolBased	True	SymbolBased	True
IndexGroup	61462	IndexGroup	61462
IndexOffset	0	IndexOffset	0
SymbolName	MAIN.Xpmover[0].MCTOPLC.ACT.ActPos.a	SymbolName	MAIN.Xpmover[0].MCTOPLC.ACT.ActPos.b
NetID	169.254.116.218.1.1	NetID	169.254.116.218.1.1
Port	851	Port	851
Offset	0	Offset	0
ScaleFactor	1	ScaleFactor	1
BitMask	0xffffffffffffffff	BitMask	0xffffffffffffffff
Unit	(None)	Unit	(None)
Unit ScaleFactor	1	Unit ScaleFactor	1
Unit Offset	0	Unit Offset	0

0	-0,04950625529367441	0	0,046829574817921653
10	-0,038988564919863772	10	0,04422798579928517
20	-0,050643460397066506	20	0,041723649973462076
30	-0,036173828190205946	30	0,042365075981343807
40	-0,043478782446517816	40	0,052842678891508253
50	-0,036493145167944593	50	0,041202487439711381
60	-0,034394109606418817	60	0,033970366140307962
70	-0,047164469499226161	70	0,046345759619905232
80	-0,034153746429256671	80	0,038071410852940787
90	-0,037502610130662938	90	0,042409805599283409
100	-0,05044085868570445	100	0,042544917076381021
110	-0,039785266270439455	110	0,038595123783479991
120	-0,044056114684443523	120	0,035474464855549795
130	-0,044446284422992324	130	0,042981310760172114
140	-0,042503953051390278	140	0,035230478171493919
150	-0,041062576499222632	150	0,042108512465891292
160	-0,045157483217140547	160	0,043498213586262373
170	-0,035669401236681227	170	0,046735785229199168
180	-0,039771052995860388	180	0,044485416178999669
190	-0,045227558890576787	190	0,040433783949488093
200	-0,031853575352892537	200	0,0500221977730204
210	-0,048827781115014256	210	0,046553153463195031
220	-0,0497665263925091	220	0,03971726072579479
230	-0,04280009432761385	230	0,035715973057554376
240	-0,042886485069201119	240	0,044454237648903716
250	-0,046868909566597471	250	0,046832678065183618
260	-0,048615271625748073	260	0,041418414257310007
270	-0,032939712213527213	270	0,0394497406530821
280	-0,0419372956898064	280	0,035356939555010174
290	-0,04291848182375467	290	0,051956927275752227
300	-0,037330658819765522	300	0,041694999532953
310	-0,04129259561034735	310	0,04809514990746766
320	-0,041614093604079479	320	0,039838703715480178
330	-0,0377155419381491	330	0,041233848603944558
340	-0,051301464075126341	340	0,0411542510259445
350	-0,042872859131581842	350	0,054873042158048155
360	-0,049448443870109174	360	0,044017048509084993
370	-0,042669832574692111	370	0,0412967462808634
380	-0,050807551273651143	380	0,044400837045486211
390	-0,040570390948841822	390	0,041618447264297843
400	-0,036467468953322917	400	0,035145993814382458
410	-0,047430983577209353	410	0,045371009191062836
420	-0,04908702525673108	420	0,042275844838617196
430	-0,040593632711224473	430	0,0485470530836664
440	-0,040071003223541631	440	0,038548443181526948
450	-0,037677594766062666	450	0,033709070710809343
460	-0,047907887785912644	460	0,042743872898753747
470	-0,037875945976109777	470	0,038009818494271624
480	-0,043466083591627354	480	0,043065541415609358
490	-0,036544932851956508	490	0,039390314496745231
500	-0,048016608970472129	500	0,044514197724281168
510	-0,037310001719440149	510	0,046321032011489752
520	-0,045443050551735635	520	0,022802261759884288
530	-0,042828785305616075	530	0,061828025972964849
540	-0,04639515495062118	540	0,054598257790490518
550	-0,042689953104732954	550	0,039806022368301039
560	-0,042793052099054742	560	0,050014645495863042
570	-0,047917172561458658	570	0,04034572983646946
580	-0,045817594245936823	580	0,051243650340451287
590	-0,045640029694335095	590	0,041307761288997075
600	-0,038301557331688087	600	0,047205238541977446
610	-0,051186366707919428	610	0,049977153579548309
620	-0,045428838998366111	620	0,042727921391986522
630	-0,042923328886101474	630	0,039147099704795962
640	-0,032344541581191738	640	0,044436873649035889
650	-0,041546008087403746	650	0,043799174398150051
660	-0,047257439044433344	660	0,043035758631660252
670	-0,042492891162074158	670	0,049101798343589423
680	-0,044721583059876391	680	0,04555828965097701
690	-0,040721696972680035	690	0,048076858065376683
700	-0,04950281685362861	700	0,036483622761730117
710	-0,044543685839320904	710	0,042844680069201641
720	-0,042922091006966416	720	0,0406526406951447
730	-0,043425819909310985	730	0,039663141387247046
740	-0,044398565855112579	740	0,04633362111407717
750	-0,041285342027355704	750	0,045279031538613644
760	-0,043739396730638487	760	0,050082250458672616
770	-0,036823384055911519	770	0,0333286115546122
780	-0,0533839575218317	780	0,046187407703209053
790	-0,038416177480851139	790	0,053946515884133225
800	-0,049196523071448159	800	0,034695262663828656
810	-0,0428578802373621	810	0,042180914729356492
820	-0,046903725540574495	820	0,040849510263967652
830	-0,045434726817709679	830	0,053323542690483734
840	-0,03357939386978219	840	0,046323667162408488
850	-0,04544062805054179	850	0,049429012465489391
860	-0,051026889445738348	860	0,033356557204196419
870	-0,048268688365376441	870	0,047896990507657194
880	-0,03477620294683028	880	0,034898810385952196
890	-0,043711224723624431	890	0,038667519083463331
900	-0,050485711876558849	900	0,048261627935982807
910	-0,032876418305358257	910	0,047637011800388
920	-0,04789045896666564	920	0,046437142383023551
930	-0,058291818024782706	930	0,046103576307906138
940	-0,041536489849183712	940	0,048009160413182213
950	-0,047292360772894379	950	0,042365757232449369
960	-0,048335648097102717	960	0,042741256830419246
970	-0,034898248388218769	970	0,037791458320073877
980	-0,044804518220113457	980	0,037067357656091683
990	-0,040831781841158828	990	0,044979063324028533
1000	-0,052580744972457523	1000	0,0435117182007383
1010	-0,03734184200404541	1010	0,033831100897180569
1020	-0,043925024215783877	1020	0,033077030970990108
1030	-0,047194956172374229	1030	0,038178633841331043
1040	-0,04330738588184669	1040	0,045570014695991749
1050	-0,0518841381217405	1050	0,03227461447838418
1060	-0,047555104428059644	1060	0,048391221370160178
1070	-0,044328503495506828	1070	0,03112298569531044
1080	-0,045900946484058194	1080	0,038063637128381358
1090	-0,046022958981502549	1090	0,042671386455475621
1100	-0,053701585576958651	1100	0,047818834683087667
1110	-0,039646046153987355	1110	0,044214340383062822
1120	-0,047675684265515904	1120	0,043856770151506214
1130	-0,040077634510139078	1130	0,0415318662715484
1140	-0,037244536777537557	1140	0,040739124575561961
1150	-0,051023488859354038	1150	0,0441490966993959
1160	-0,042749452422129595	1160	0,052246467742494494
1170	-0,043100143255026396	1170	0,050438529067522012
1180	-0,05240294160818787	1180	0,056841989487895449
1190	-0,039361198573620144	1190	0,047994995797985066
1200	-0,047382744698904557	1200	0,038969705280354171
1210	-0,041997499965401912	1210	0,044770787755646149
1220	-0,048303575437594275	1220	0,034492882675065478
1230	-0,038422102165827442	1230	0,0424453069606686
1240	-0,046184185179230737	1240	0,048788386924215991
1250	-0,037430059914470952	1250	0,039207180479964847
1260	-0,047861284491780343	1260	0,05505118884969893
1270	-0,042888635913445612	1270	0,052194224061053208
1280	-0,040638232369684564	1280	0,047860335577820295
1290	-0,045189705399872007	1290	0,041198613662097316
1300	-0,046453130244451774	1300	0,048320591521175536
1310	-0,049936796686530165	1310	0,039769979567650791
1320	-0,036982065268225221	1320	0,046256350718852014
1330	-0,05478460199571	1330	0,051030957028464961
1340	-0,033914017822861228	1340	0,0492763741690229
1350	-0,048048151494877608	1350	0,0394783739526511
1360	-0,043206476249514805	1360	0,045998319523850383
1370	-0,043059862461017659	1370	0,034900064873621607
1380	-0,049876101356275994	1380	0,037083064013692504
1390	-0,044108060646873642	1390	0,045601712209704777
1400	-0,050600343097012668	1400	0,0491575302619201
1410	-0,037367647785591908	1410	0,036660015324130588
1420	-0,044005380336768235	1420	0,043962940558981749
1430	-0,040416071223037676	1430	0,044288676470877281
1440	-0,047352530603939277	1440	0,050479309150881196
1450	-0,036883998989975346	1450	0,0438293257352067
1460	-0,039327051098177988	1460	0,053860354422694018
1470	-0,04330945450700547	1470	0,04178117258276471
1480	-0,047363829571946715	1480	0,042216476590550958
1490	-0,042016200221817242	1490	0,041973783658768166
1500	-0,048577268773679287	1500	0,048468663025272529
1510	-0,042403501677816278	1510	0,042600665286961908
1520	-0,051783480471003542	1520	0,045784565901834572
1530	-0,054711297018944477	1530	0,048664528695674024
1540	-0,036378900831476484	1540	0,039097252551240566
1550	-0,039234041907355667	1550	0,042417125114418641
1560	-0,051982820230792995	1560	0,044871137316466289
1570	-0,038563327178491126	1570	0,054324443604816711
1580	-0,050665957484909943	1580	0,036520773254403227
1590	-0,037863598385300776	1590	0,046170795100391064
1600	-0,041745651945247042	1600	0,043516100791742729
1610	-0,04797656830725068	1610	0,034943351595705281
1620	-0,047797616033356249	1620	0,040796934926854232
1630	-0,0474175744244045	1630	0,042354993920846164
1640	-0,049134916319844693	1640	0,035112824568275691
1650	-0,045315656769206285	1650	0,050817550512645894
1660	-0,046594441631928073	1660	0,041911682100416341
1670	-0,040238398989627749	1670	0,032912794716332794
1680	-0,039154766591341247	1680	0,035642361342131341
1690	-0,050604854016176322	1690	0,037698253697800894
1700	-0,050081110923244111	1700	0,0478663556292186
1710	-0,034411392351847807	1710	0,040770936853617684
1720	-0,050780606493449704	1720	0,039213820200211927
1730	-0,0478920697321342	1730	0,041929559567916067
1740	-0,043511649018533327	1740	0,038508938843196
1750	-0,048259797735574844	1750	0,041685695728322307
1760	-0,042563348303899989	1760	0,0410664466197452
1770	-0,05085739620188743	1770	0,057215729372802546
1780	-0,031134355754362339	1780	0,037367461703441331
1790	-0,046192276407126621	1790	0,034200394269136312
1800	-0,044752970046645871	1800	0,043776331825751857
1810	-0,046982067969081942	1810	0,055552882887394593
1820	-0,044884829174146559	1820	0,042785700061403288
1830	-0,037814948751208416	1830	0,042320152303353425
1840	-0,05261112653219506	1840	0,039389073136406258
1850	-0,037191926189593438	1850	0,049361082101876647
1860	-0,048806801965851354	1860	0,036852913166367185
1870	-0,047280094937997653	1870	0,037425391394312377
1880	-0,043536436657537148	1880	0,045564331596143787
1890	-0,050081113321810825	1890	0,044840654088958022
1900	-0,036228783479132248	1900	0,036433020687329613
1910	-0,041911254432400694	1910	0,043539175263701428
1920	-0,042440746966568819	1920	0,035716014339992552
1930	-0,049774103151319173	1930	0,040367245840187777
1940	-0,043048370561755818	1940	0,042681660750900574
1950	-0,054496315782026433	1950	0,037090267181924236
1960	-0,050234779571497204	1960	0,0382511063029796
1970	-0,0480036735769834	1970	0,046743370568072921
1980	-0,051391686481511809	1980	0,036351800786171423
1990	-0,056449995478110651	1990	0,029040268512837256
2000	-0,055266842175806262	2000	0,03781475094590335
2010	-0,050054858999970912	2010	0,031960570577488537
2020	-0,055958506445077827	2020	0,035480781917778807
2030	-0,054176223230901724	2030	0,041940494008196806
2040	-0,062614828753302765	2040	0,069029641899060509
2050	-0,081345237031420881	2050	0,10276276231021833
2060	-0,085536574746069016	2060	0,13997998321892044
2070	-0,106066877193729	2070	0,12879576105634646
2080	-0,10268338105930945	2080	0,087405278507304784
2090	-0,092104926862342534	2090	0,051053585566494038
2100	-0,09184573374112022	2100	0,03822761676424867
2110	-0,07328228922196775	2110	0,012219574989886588
2120	-0,055513555620348633	2120	0,010073980094158126
2130	-0,05863739274236688	2130	0,015244898982005071
2140	-0,050103925388086591	2140	0,016347373839308166
2150	-0,061796479195536332	2150	0,017359282688977667
2160	-0,055193565956332631	2160	0,02460967931061846
2170	-0,049071879019793	2170	0,036322641758119611
2180	-0,060679180228705845	2180	0,0437980520146269
2190	-0,058829217691225892	2190	0,038563752672074812
2200	-0,0671940366443516	2200	0,034506605322749496
2210	-0,043335870107646807	2210	0,040398347581568232
2220	-0,061746297977205246	2220	0,026759992439874519
2230	-0,059585436084236706	2230	0,036503762693837885
2240	-0,04604028608063003	2240	0,039140590276348711
2250	-0,063751252128186359	2250	0,03837253638735931
2260	-0,04277819063825182	2260	0,020544612429334232
2270	-0,056088182481677649	2270	0,046757839713167278
2280	-0,060927520646489763	2280	0,033725940601280723
2290	-0,057299990662078429	2290	0,030081864857552369
2300	-0,060448355621301846	2300	0,039947984618627162
2310	-0,041379460517748233	2310	0,029173959051850423
2320	-0,043318137216348231	2320	0,048031917124479059
2330	-0,063227999328995088	2330	0,037053714430979684
2340	-0,051550504243710375	2340	0,0350035058424292
2350	-0,055307135482652141	2350	0,040505119416455564
2360	-0,0398430284145288	2360	0,0421159881288858
2370	-0,060416246102146486	2370	0,034350331579230418
2380	-0,06205631990603843	2380	0,025487054083408
2390	-0,039783932720632291	2390	0,051396027147521332
2400	-0,072570941133149783	2400	0,03701605573464814
2410	-0,044369696434681707	2410	0,043266466478384259
2420	-0,054370643795470491	2420	0,034553852328873709
2430	-0,050153405508555425	2430	0,041075227152315277
2440	-0,045695326057539391	2440	0,037804677501160205
2450	-0,051000842672195235	2450	0,04020626341064553
2460	-0,036118758673257659	2460	0,040209631697461334
2470	-0,050863419705881027	2470	0,046402770610471121
2480	-0,061964926057241194	2480	0,04478304339918468
2490	-0,045165624585891073	2490	0,036645949390584617
2500	-0,061832004348389959	2500	0,03450677792277651
2510	-0,043312443486373454	2510	0,050246748742431895
2520	-0,050830221435221583	2520	0,0529478064611339
2530	-0,067131693958877567	2530	0,051601656397157518
2540	-0,042237494232541743	2540	0,046436351714996695
2550	-0,06775416398590732	2550	0,025566126698952949
2560	-0,040783244765202162	2560	0,0399539721181251
2570	-0,041083696210112042	2570	0,04346841859721904
2580	-0,059256696341408045	2580	0,029475730438451468
2590	-0,037826979372982183	2590	0,050015435185777737
2600	-0,063877621484905	2600	0,045982633715742016
2610	-0,050503087328655591	2610	0,027474760354136381
2620	-0,0532835251990682	2620	0,049470217788121704
2630	-0,052908863651093749	2630	0,042267699937734063
2640	-0,042256259395765244	2640	0,039411278058859828
2650	-0,066871108530189127	2650	0,0436913089404703
2660	-0,039334597633984829	2660	0,027660776310893666
2670	-0,052856724473716053	2670	0,042586706850648984
2680	-0,055538278310770253	2680	0,039166330228733157
2690	-0,047300402706928889	2690	0,026906511397445428
2700	-0,070196785229615616	2700	0,044395756532104022
2710	-0,043112404760195351	2710	0,03637270820327794
2720	-0,048952565021516951	2720	0,048696511628447049
2730	-0,055757411108595889	2730	0,027773144421622781
2740	-0,057606962321529946	2740	0,03588765200406125
2750	-0,054226029262413246	2750	0,034879059828790873
2760	-0,052427949667948559	2760	0,049151504791327322
2770	-0,061915538436070894	2770	0,040343841449773404
2780	-0,065099223003618853	2780	0,043488428726186204
2790	-0,053058371525106021	2790	0,0398083326980088
2800	-0,050370528866590533	2800	0,056266806433829572
2810	-0,041498195383682282	2810	0,031756364397222708
2820	-0,054029319533030251	2820	0,0335261574072916
2830	-0,060844561775166436	2830	0,041324019206251006
2840	-0,063916111632667749	2840	0,039521557693740161
2850	-0,055259429937158384	2850	0,054625335423762487
2860	-0,03865176061557369	2860	0,042492658179998193
2870	-0,063303319927898075	2870	0,042088174840625166
2880	-0,046619975713395642	2880	0,046294555230323733
2890	-0,046063865446407566	2890	0,039569607981084061
2900	-0,0529706380580833	2900	0,044233957098638768
2910	-0,044840817852439888	2910	0,047967678166052484
2920	-0,043399422129353729	2920	0,042629919418215929
2930	-0,055846904463020923	2930	0,050376630046067877
2940	-0,037961482659117286	2940	0,044372560531035735
2950	-0,066765319794728578	2950	0,042437893921772871
2960	-0,046285096783838423	2960	0,032180264795373427
2970	-0,055520944829876649	2970	0,041783801632677142
2980	-0,045827732059106993	2980	0,049022901724477722
2990	-0,047716634695010716	2990	0,0595031805948089
3000	-0,054297129621118469	3000	0,042122965022783884
3010	-0,051168750483639107	3010	0,053765818592108716
3020	-0,04447102193643155	3020	0,048165128833825614
3030	-0,061123362825812752	3030	0,042729500496132014
3040	-0,057796773716974267	3040	0,031928643939186728
3050	-0,063438779477447277	3050	0,043168520639387989
3060	-0,05905336551936196	3060	0,044897666828586036
3070	-0,052042676900875294	3070	0,042157046939578363
3080	-0,050507207890198184	3080	0,032238971924406043
3090	-0,050933170331502922	3090	0,043318702460377875
3100	-0,061761951190726021	3100	0,046953219601506183
3110	-0,052213374890199095	3110	0,035221648965784669
3120	-0,048381723124373166	3120	0,064971214428000842
3130	-0,042482933504109831	3130	0,040329876935717143
3140	-0,034202471921075769	3140	0,033257072040309033
3150	-0,050551998092636816	3150	0,044790206895214284
3160	-0,046428752600130817	3160	0,040991617232223707
3170	-0,052852703338367724	3170	0,052665669161090584
3180	-0,061152285853224471	3180	0,04242557980574313
3190	-0,028517923914367322	3190	0,029523798975728873
3200	-0,064351866276567291	3200	0,0427251808324929
3210	-0,052146941237584746	3210	0,050796829655895451
3220	-0,061068781868035937	3220	0,04202878105364443
3230	-0,060152094506540688	3230	0,051164108979808075
3240	-0,044942729039182623	3240	0,0399800319155859
3250	-0,070864358374692266	3250	0,038655975948042223
3260	-0,066381442823437414	3260	0,061144856499660949
3270	-0,054523919688712265	3270	0,048380151933071873
3280	-0,047067861451776126	3280	0,050702220769057706
3290	-0,04392178392660117	3290	0,03028647271932115
3300	-0,061713448710464337	3300	0,0410427331971097
3310	-0,055376149859796268	3310	0,043447057521657853
3320	-0,057371101424135977	3320	0,03525756075978291
3330	-0,07547056673612601	3330	0,046786841245504127
3340	-0,043008244077769042	3340	0,053003328660544913
3350	-0,048002522605774076	3350	0,0630481881883399
3360	-0,043972304089882473	3360	0,048530402935029873
3370	-0,062021380672043179	3370	0,059400740360378235
3380	-0,035167451621495649	3380	0,038227350841437496
3390	-0,039710746917841128	3390	0,036168308366944735
3400	-0,067643864573389542	3400	0,065075905532051365
3410	-0,059057868760288713	3410	0,05908475265127
3420	-0,052676717376746292	3420	0,044472438019653705
3430	-0,044667237639185738	3430	0,038479138142817414
3440	-0,047536061970310683	3440	0,046250761963093426
3450	-0,047265033220489479	3450	0,045563765191709987
3460	-0,04900320097394778	3460	0,046172439321203962
3470	-0,049543925837600811	3470	0,051277842383477268
3480	-0,039580030922108364	3480	0,058317092642235266
3490	-0,045630394951978223	3490	0,050556559963618165
3500	-0,055112652246691624	3500	0,059255123172073425
3510	-0,041425217706410916	3510	0,046940003421156944
3520	-0,045895478199088846	3520	0,038169698038903632
3530	-0,04120627218823416	3530	0,057522570567678871
3540	-0,047346663274399604	3540	0,0621879673153209
3550	-0,052921460570574515	3550	0,046962497259141318
3560	-0,036400813061574618	3560	0,049282453109992304
3570	-0,049691915443868889	3570	0,052164154320975542
3580	-0,046592484569875817	3580	0,049117199526651709
3590	-0,035375376057869411	3590	0,049496355015706296
3600	-0,045487039365272777	3600	0,056971520467111444
3610	-0,04102335317777301	3610	0,043955088177832495
3620	-0,04687289617334385	3620	0,049701914804429648
3630	-0,048200749945067116	3630	0,04651676149729389
3640	-0,031962449942365787	3640	0,041106340171858012
3650	-0,059356506923700737	3650	0,041119270760438649
3660	-0,039815345958229359	3660	0,047641929324259528
3670	-0,048631689716300185	3670	0,061474591106048727
3680	-0,050028111470746012	3680	0,053363066680428922
3690	-0,040922234545242145	3690	0,045946429468008074
3700	-0,0612399124600154	3700	0,066452494161158934
3710	-0,035035324862721436	3710	0,048339322830166155
3720	-0,050801184960769741	3720	0,052881087368143238
3730	-0,05514768466669305	3730	0,053216316404079075
3740	-0,039891608346077877	3740	0,050289062591592409
3750	-0,062867870988179975	3750	0,046880510316918464
3760	-0,035960577782620261	3760	0,048130140755113911
3770	-0,037488791283976829	3770	0,045952399332479146
3780	-0,042315681001609907	3780	0,063549075804203062
3790	-0,049741292430369774	3790	0,045866047082756829
3800	-0,054939292891096378	3800	0,054814233599801421
3810	-0,04445941643494699	3810	0,055388564520351284
3820	-0,051971907632604585	3820	0,055274950101699659
3830	-0,047490941020715778	3830	0,038567089165021232
3840	-0,037059810369031991	3840	0,04661774383911322
3850	-0,051001035590186185	3850	0,059822091825399007
3860	-0,036847374191849219	3860	0,043515261999186865
3870	-0,045158393666806455	3870	0,046463902870161243
3880	-0,055011830220152949	3880	0,042953589496530643
3890	-0,037061000050826111	3890	0,058835863761866565
3900	-0,065592169554523141	3900	0,045917629510077419
3910	-0,04493665982383558	3910	0,064392323899276988
3920	-0,04557358638759243	3920	0,05242955803535259
3930	-0,047516682153669512	3930	0,050998486832164312
3940	-0,048636363639531936	3940	0,040406806145902745
3950	-0,062790757942460584	3950	0,043607398951614224
3960	-0,043046430385576637	3960	0,050500833166474794
3970	-0,046971793275694368	3970	0,036818424226824568
3980	-0,051060634655976309	3980	0,038486391986404543
3990	-0,053329014000418229	3990	0,062059166433041192
4000	-0,049285442431030696	4000	0,041805930183030117
4010	-0,02517504002702407	4010	0,052085088627637256
4020	-0,052724677500997637	4020	0,04001826209805999
4030	-0,045091426427303911	4030	0,057516779068307211
4040	-0,044848849133238756	4040	0,039679157545186958
4050	-0,055635476988642484	4050	0,051069555010984757
4060	-0,045432795667836236	4060	0,042497033417650584
4070	-0,040271522933866571	4070	0,046720747484919674
4080	-0,040180187564122047	4080	0,046075476908082544
4090	-0,0269946356004754	4090	0,047851956503564948
4100	-0,049113167549266368	4100	0,060443398988304656
4110	-0,044419996356219911	4110	0,052623864723565165
4120	-0,048032438723701165	4120	0,055156327266360924
4130	-0,062088141602250894	4130	0,0348325323003487
4140	-0,038101388140731884	4140	0,037339789998820996
4150	-0,048120723408554569	4150	0,056526958890049855
4160	-0,04502552595558719	4160	0,041745520327708979
4170	-0,028173375602873012	4170	0,038003892784792853
4180	-0,049506300071133984	4180	0,050307394450247039
4190	-0,031530001169798642	4190	0,060643223971974775
4200	-0,071767828816440435	4200	0,059723944726583621
4210	-0,036098670861448939	4210	0,040598565156088319
4220	-0,036965448027398866	4220	0,036162414002761413
4230	-0,059619344204216232	4230	0,052166073771343163
4240	-0,038667429341596032	4240	0,047451172827247624
4250	-0,051346859503824629	4250	0,048865454241365409
4260	-0,036397263115649066	4260	0,033738738030979806
4270	-0,064206531381259369	4270	0,069793167118312863
4280	-0,042166958841401841	4280	0,050075355986250542
4290	-0,0462512858047018	4290	0,051397719449134335
4300	-0,048507766783776225	4300	0,059945270701778464
4310	-0,030665738167661282	4310	0,042320464825730604
4320	-0,055515691880200634	4320	0,0483061730466578
4330	-0,037715759985366915	4330	0,06114757494563481
4340	-0,039339018210661145	4340	0,031231443321152783
4350	-0,03962644114924193	4350	0,055910407703729771
4360	-0,038546582705324309	4360	0,039827711224773306
4370	-0,035179023579656681	4370	0,048757157049156889
4380	-0,053337072140774835	4380	0,031127437926179551
4390	-0,056659931991778871	4390	0,053886706731656658
4400	-0,05618492537726525	4400	0,060799599806366539
4410	-0,025952446984131988	4410	0,034296056627764068
4420	-0,051674959884410156	4420	0,064298193922726427
4430	-0,047942090518189581	4430	0,052404801718403955
4440	-0,040825870022074141	4440	0,046411639558370806
4450	-0,054840775462590009	4450	0,045124233740705053
4460	-0,026143196496091804	4460	0,05254688992348297
4470	-0,057235746389143971	4470	0,057944293644169635
4480	-0,062627519099316187	4480	0,051359262091202174
4490	-0,040008486234920294	4490	0,057188137312287959
4500	-0,053452914206317842	4500	0,053500787536313141
4510	-0,048479333521709696	4510	0,056913898958696051
4520	-0,044081640439200973	4520	0,054556296829890348
4530	-0,046079573664338923	4530	0,052077848446199962
4540	-0,039734925596767931	4540	0,042432523000939221
4550	-0,058067420240737994	4550	0,039528267833951712
4560	-0,048144159885577895	4560	0,06169945201054617
4570	-0,042673545908053133	4570	0,053630864177082176
4580	-0,045605891874782617	4580	0,053613928291225195
4590	-0,037433518080780485	4590	0,046751990071635559
4600	-0,050081114700453906	4600	0,042405971455672369
4610	-0,044360462315545746	4610	0,058984861866778787
4620	-0,049750215878716988	4620	0,038636950265518645
4630	-0,05288468066603895	4630	0,041123415949978141
4640	-0,041533944309530856	4640	0,051276671295498226
4650	-0,061180212019530833	4650	0,055817988429257046
4660	-0,044337533655870176	4660	0,052097805443118296
4670	-0,044339494685695369	4670	0,048100966347093106
4680	-0,055833275431644076	4680	0,03200725324610984
4690	-0,04379679182960499	4690	0,043383025031911875
4700	-0,046825687800610638	4700	0,047322032388080193
4710	-0,046796843528220111	4710	0,052011265982726006
4720	-0,049203870058632804	4720	0,053567111699535375
4730	-0,040916307426914246	4730	0,041719718369341512
4740	-0,042040788406294764	4740	0,054233910416004796
4750	-0,0421270818203928	4750	0,045048561722487564
4760	-0,031235352206128247	4760	0,041957332869414304
4770	-0,049626311342195237	4770	0,061140730423389446
4780	-0,043525370733693981	4780	0,039462054145060467
4790	-0,0485730956738786	4790	0,039114904703523953
4800	-0,058549759933720837	4800	0,064994933639035954
4810	-0,043794537286129941	4810	0,047428722446085092
4820	-0,042054452114596241	4820	0,047101478576710078
4830	-0,044419778595452042	4830	0,057661609048078585
4840	-0,043126405627578586	4840	0,06069264117370219
4850	-0,052194973158773167	4850	0,049920087376412833
4860	-0,029218546644408129	4860	0,043174627908164662
4870	-0,055247153471076151	4870	0,042219920393177221
4880	-0,044766932011578234	4880	0,048954124269963144
4890	-0,031281352426496586	4890	0,057264246620567116
4900	-0,0617856574307634	4900	0,054522907726819433
4910	-0,041282699490028565	4910	0,0632656273955198
4920	-0,05805628306610526	4920	0,045389627497402
4930	-0,041216768529492437	4930	0,063840644622620929
4940	-0,046734617433030312	4940	0,048506626499841575
4950	-0,058121294943139196	4950	0,054868086936597317
4960	-0,033617383874190832	4960	0,045033115656737573
4970	-0,048737596539048612	4970	0,0542282975304973
4980	-0,042585107223500569	4980	0,059000237805181585
4990	-0,046436525681964595	4990	0,048090256141344323
5000	-0,043655294929060839	5000	0,050806464710471941
5010	-0,054626259070996573	5010	0,039902911395948072
5020	-0,047817307157161627	5020	0,046791927999132947
5030	-0,047528015056762317	5030	0,060432456677667959
5040	-0,038050847396946	5040	0,041949633936695284
5050	-0,059901630301839051	5050	0,047970088505905652
5060	-0,039894017845122226	5060	0,051365756911648706
5070	-0,055207097288568	5070	0,046036682135679671
5080	-0,046818983690133348	5080	0,047582374457086782
5090	-0,041400677171096682	5090	0,041811983819990794
5100	-0,061582228005232824	5100	0,058282579745527946
5110	-0,032218317003732504	5110	0,038972460092022654
5120	-0,046593656384063431	5120	0,048868509098117408
5130	-0,044850764409001279	5130	0,054257837954975352
5140	-0,040903798544853841	5140	0,047620658719282491
5150	-0,058389014017323569	5150	0,052835190188068586
5160	-0,052385936872869264	5160	0,046627942678829026
5170	-0,043872746149227128	5170	0,04950056829171539
5180	-0,059810647307583162	5180	0,055909294206424133
5190	-0,022620208281855094	5190	0,043758515820187222
5200	-0,045268205324038482	5200	0,06571697421664735
5210	-0,04927197903249219	5210	0,039184250446786591
5220	-0,032431117577596938	5220	0,041368142379031671
5230	-0,039321672127072389	5230	0,037529642843725633
5240	-0,0686208130320366	5240	0,032135906049652975
5250	-0,0689683655398465	5250	0,069820813649420291
5260	-0,034904867523857193	5260	0,040583910542947764
5270	-0,037110046863488032	5270	0,037608502732066
5280	-0,046199394744377557	5280	0,052992644081959042
5290	-0,040943161541896089	5290	0,048976975786392762
5300	-0,040782827165999326	5300	0,055743505109901635
5310	-0,054185361593204188	5310	0,053479491182509241
5320	-0,043017622967385566	5320	0,036729368604197864
5330	-0,052815655679806096	5330	0,058208742148817563
5340	-0,053085044585044636	5340	0,067390662049798072
5350	-0,0633961496416053	5350	0,04496293144415963
5360	-0,049957045389146082	5360	0,045144036241398483
5370	-0,046759490775583938	5370	0,049793336497340419
5380	-0,037731545533230035	5380	0,03649741302108192
5390	-0,050020851644136645	5390	0,060010393222449485
5400	-0,05231719928481747	5400	0,055930475483934629
5410	-0,040917572915589374	5410	0,0536030622670723
5420	-0,052523412856215076	5420	0,0450593919167949
5430	-0,047343534781430406	5430	0,049691299332330782
5440	-0,05027059542350415	5440	0,058867835210031513
5450	-0,056714661652844528	5450	0,0604256706183735
5460	-0,034072787964678289	5460	0,055443030495409988
5470	-0,044870179258978488	5470	0,037979182170637636
5480	-0,051248974152018442	5480	0,046325102594748174
5490	-0,039882233738170472	5490	0,052072914387327481
5500	-0,056617836963707056	5500	0,061374546534481239
5510	-0,040645491635084144	5510	0,058187837005958122
5520	-0,043797854608013519	5520	0,037917011313702356
5530	-0,050113335402479108	5530	0,049244792739069128
5540	-0,046029706950674154	5540	0,038416612995318844
5550	-0,058273044097201472	5550	0,040585716054806945
5560	-0,022424461855980793	5560	0,063212954531997184
5570	-0,05503023428968256	5570	0,047070441234502429
5580	-0,047245727380867145	5580	0,027682206222978595
5590	-0,043086163630006481	5590	0,049336364417266042
5600	-0,044238189721745244	5600	0,047402203195571091
5610	-0,049438718230804007	5610	0,051023444681150949
5620	-0,056316026107075728	5620	0,041662379055177112
5630	-0,0451523626127401	5630	0,061571815313586013
5640	-0,037446345825350384	5640	0,049412591208944423
5650	-0,041544553867042582	5650	0,068964083244100929
5660	-0,03775112694191244	5660	0,040277757295267939
5670	-0,066359520218135987	5670	0,05458201497762899
5680	-0,047651883037290524	5680	0,047879098764908444
5690	-0,047437357827079342	5690	0,0344693218031911
5700	-0,046487641557549621	5700	0,046544160789409629
5710	-0,044116766353652505	5710	0,058366094455742049
5720	-0,047636438822743793	5720	0,050564665156834804
5730	-0,042364319048916049	5730	0,056030984559789478
5740	-0,041882173127638207	5740	0,049939135830186464
5750	-0,064535904215224024	5750	0,038034584531728248
5760	-0,047215468486611761	5760	0,062950516019776567
5770	-0,055246664097195121	5770	0,044157421114785343
5780	-0,051757865315003836	5780	0,061817598699310666
5790	-0,031216819854748595	5790	0,04337720895660499
5800	-0,0491911889066467	5800	0,057198535046302033
5810	-0,042098217066755234	5810	0,050078337920408715
5820	-0,062666825846388149	5820	0,049006283648278144
5830	-0,048266059471141036	5830	0,058978558081488316
5840	-0,044368375707754329	5840	0,034124115342872241
5850	-0,05278145148488695	5850	0,052626214685256294
5860	-0,048813286592568714	5860	0,058160077511039611
5870	-0,034847820043889886	5870	0,051297840536824291
5880	-0,063543745385754261	5880	0,065705549747641048
5890	-0,043801659786583812	5890	0,059387610403616058
5900	-0,047861443109013163	5900	0,0569467114988717
5910	-0,054766872572864167	5910	0,046591724149057927
5920	-0,040739129596626879	5920	0,047521896233911252
5930	-0,060356799631483694	5930	0,047216102879705311
5940	-0,040055306584128939	5940	0,037633157028682258
5950	-0,054929836428056905	5950	0,057255763331646552
5960	-0,045066414678017072	5960	0,044275926244883579
5970	-0,043933059285142982	5970	0,063195148883863253
5980	-0,046554969828524327	5980	0,04890893438750684
5990	-0,040117528503397969	5990	0,04257619057404461
6000	-0,056055967233040238	6000	0,063888780374354373
6010	-0,040142294649000591	6010	0,035772047225234124
6020	-0,036486487455443022	6020	0,047950127791036037
6030	-0,056021576631304054	6030	0,04339906721470288
6040	-0,043200339823818434	6040	0,057385048843229959
6050	-0,061720003832757407	6050	0,066099061113118279
6060	-0,028938127353889398	6060	0,052080860878933516
6070	-0,059171958748598	6070	0,059785098188964977
6080	-0,056481048508828083	6080	0,037760424601846768
6090	-0,041943191541541892	6090	0,04941343424003803
6100	-0,046973162888923718	6100	0,055605066832127722
6110	-0,049683414554564022	6110	0,056512027534710636
6120	-0,04826520804965035	6120	0,0552481545998045
6130	-0,0440156715201049	6130	0,047481576820815212
6140	-0,048574695630682889	6140	0,059864693780122512
6150	-0,045598994976892966	6150	0,053286387073801796
6160	-0,043316894569439789	6160	0,060695606643968433
6170	-0,0490663562563508	6170	0,050903309359029508
6180	-0,059590684026227587	6180	0,056214963740883875
6190	-0,042438739074042907	6190	0,043582893619588517
6200	-0,055211793792118206	6200	0,052392696097850855
6210	-0,051694984663400445	6210	0,054146773485657294
6220	-0,048027441269415876	6220	0,053609505384033258
6230	-0,029656167569465014	6230	0,044896905136560188
6240	-0,052301065377067739	6240	0,038459085261366419
6250	-0,047669849018648958	6250	0,039839084669316342
6260	-0,046272455903208262	6260	0,063951954604160061
6270	-0,039465664618707749	6270	0,048912530513440418
6280	-0,03599887346901548	6280	0,044761713175697222
6290	-0,057562416593428881	6290	0,0438627998734622
6300	-0,0581861425128648	6300	0,049490328438434587
6310	-0,040342603466153426	6310	0,042164961795462558
6320	-0,045398508236428547	6320	0,04729547441606706
6330	-0,0410292623689051	6330	0,052016167460249139
6340	-0,034655204001817173	6340	0,043686986360429746
6350	-0,060540660023578406	6350	0,061750876150201681
6360	-0,058058194486240611	6360	0,05859468629526017
6370	-0,0545355035471415	6370	0,047321515159528073
6380	-0,041329960908341651	6380	0,046934736772658373
6390	-0,045140661367529547	6390	0,045919904632687428
6400	-0,041667237765493442	6400	0,054956058148005922
6410	-0,045578521949966706	6410	0,055348245456693472
6420	-0,046886877896177966	6420	0,065443579214843534
6430	-0,048550299544550389	6430	0,045760533336584586
6440	-0,045561536525226536	6440	0,047709971069098779
6450	-0,044446839349467714	6450	0,046302721929714213
6460	-0,039979957317521971	6460	0,039992417131647418
6470	-0,050899846946420017	6470	0,051294680645976767
6480	-0,03696403398651197	6480	0,040097891668966427
6490	-0,045996847040293713	6490	0,059610964031382808
6500	-0,056871407730287614	6500	0,0377913784078079
6510	-0,052443646009287026	6510	0,0348979579628973
6520	-0,048683066788567125	6520	0,023308344154238953
6530	-0,060428763515554991	6530	0,0069445994414250667
6540	-0,058695623352527329	6540	0,0040138350870024672
6550	-0,057326903902884106	6550	0,011067181545377128
6560	-0,031533558986930381	6560	-0,0022171321178414798
6570	-0,063818218783052008	6570	0,0058145353835922006
6580	-0,042103931727549143	6580	0,0075019702555127786
6590	-0,032435365446281776	6590	-0,0043796458749247964
6600	-0,051123123950249066	6600	0,0033989527139637672
6610	-0,044085517007155559	6610	-0,0025295281649101381
6620	-0,044510187449305114	6620	0,00522179734449721
6630	-0,052367670488902465	6630	-0,0042083521248722656
6640	-0,0448924462301709	6640	0,0036295710957572722
6650	-0,062396992925275084	6650	0,00092425448909704987
6660	-0,043841469651421654	6660	0,017140751663601961
6670	-0,043673435942369367	6670	-0,0068255944573171815
6680	-0,047760782082892285	6680	0,0036411299474445389
6690	-0,045324501351815739	6690	0,0039460966293704729
6700	-0,04082372938196252	6700	0,0046992504627448783
6710	-0,042161444306597622	6710	-0,0076784452634062091
6720	-0,048632022491096591	6720	-0,0074492533874709515
6730	-0,049987088981034954	6730	-0,003783464949246701
6740	-0,039782785811233942	6740	-0,0003257108092309173
6750	-0,053460717111834692	6750	0,0042195381933445176
6760	-0,042740618286903724	6760	-0,0015100318060803002
6770	-0,049167567639471263	6770	-0,0023091098068616076
6780	-0,030304302124632334	6780	-0,015803793354919313
6790	-0,0388715752986902	6790	-0,0070078501107600751
6800	-0,055074554490174392	6800	0,0016013548887462046
6810	-0,042654547298394629	6810	-0,02773149409172489
6820	-0,030961336451993712	6820	0,0088863386101491783
6830	-0,057541286836325325	6830	-0,0069550032319824571
6840	-0,035270420552091529	6840	0,0086580507055372211
6850	-0,050595692780274072	6850	-0,0012966768274140998
6860	-0,042501163084195832	6860	-0,0030522994783498446
6870	-0,0490592565131605	6870	0,0038221202422856629
6880	-0,051696097026323613	6880	-0,0033268484713782609
6890	-0,054311885602956439	6890	-0,014019378004629417
6900	-0,04945639406113498	6900	0,0056668977397543834
6910	-0,041326199082669157	6910	0,0003646556063840302
6920	-0,059912257746484149	6920	0,003885499945097941
6930	-0,052954652159679448	6930	0,0040916562407936714
6940	-0,038192506803121043	6940	-0,0069931881280919277
6950	-0,06133517494690905	6950	0,0070533359151847977
6960	-0,037656398543766414	6960	-0,024038167126965677
6970	-0,043845040054110891	6970	0,013883373680209624
6980	-0,052420852965587121	6980	-0,0020095785503828909
6990	-0,046915491190673855	6990	0,00764923760070518
7000	-0,052602522283764573	7000	0,0081240802748783862
7010	-0,041696881543659872	7010	-0,01174016565083056
7020	-0,051615053434740085	7020	-0,0053887178911568778
7030	-0,060269417567350665	7030	0,0058209402803269129
7040	-0,033889895412776434	7040	-0,0096650851600653381
7050	-0,047692958408975826	7050	-0,0098397817451226447
7060	-0,043666732904092113	7060	0,0055427750235200286
7070	-0,062402932753681674	7070	-0,0010302553520249252
7080	-0,051576498577278071	7080	0,0058151676313546747
7090	-0,030141113668429809	7090	-0,00875286037433519
7100	-0,055988452161824062	7100	0,0044137077590493132
7110	-0,043110851344220089	7110	-0,010450312302459838
7120	-0,055616454425557613	7120	-0,0087535987238764965
7130	-0,030744142980053506	7130	0,0014019254957883664
7140	-0,033033882420371342	7140	-0,00040351928439926778
7150	-0,065949168155611457	7150	0,011794055837534238
7160	-0,031315191022379618	7160	-0,013405359588347736
7170	-0,043010827658161041	7170	0,01372591229845282
7180	-0,044910712744526342	7180	-0,00475514711058006
7190	-0,04144958471606934	7190	0,011458203644910426
7200	-0,054648667425487275	7200	-0,0031530600732710382
7210	-0,055567305292898141	7210	-0,0010325676840146718
7220	-0,034276700112017638	7220	-0,0059015643520285918
7230	-0,037304968579919447	7230	0,0085234951509787441
7240	-0,033065016897278567	7240	0,0048645535894689838
7250	-0,048148675692356827	7250	0,0029277977724751943
7260	-0,043501317030484342	7260	-0,0068140236972906183
7270	-0,041920038146003896	7270	0,013656449363624411
7280	-0,05460400974072787	7280	0,007557722531917414
7290	-0,0396892585548853	7290	-0,00899880178985664
7300	-0,045556192832208346	7300	0,0036274132902459578
7310	-0,05321417188680027	7310	0,0024878327505580902
7320	-0,056773717220585683	7320	-0,0004585279848415568
7330	-0,052741139720804221	7330	0,0037625250413021913
7340	-0,025146535542953704	7340	-0,0076953488259618391
7350	-0,04475516047499712	7350	0,0037813824665139961
7360	-0,03970542882474945	7360	0,004565479998778905
7370	-0,0466830996779418	7370	0,0089211190910261709
7380	-0,055593767703750012	7380	0,0016823336751865784
7390	-0,048414423143144265	7390	0,0029966492059872846
7400	-0,049965450103911159	7400	0,010059515998651236
7410	-0,044824285776603211	7410	-0,018651815326295645
7420	-0,040022392928868666	7420	0,0055357546492634238
7430	-0,048651929756983972	7430	0,004120915064220518
7440	-0,040041039528592968	7440	0,0038682696125373018
7450	-0,043160923871044025	7450	0,0015767377507243643
7460	-0,057690984340228617	7460	-0,011679491292631346
7470	-0,050569230908898734	7470	-0,00047995070377737718
7480	-0,043932644229920846	7480	0,0036096234884774171
7490	-0,045640651124474442	7490	0,0002700318093858537
7500	-0,0625861510667762	7500	0,0010011067905911207
7510	-0,062125717452794979	7510	-0,0028599987144164261
7520	-0,029182888920871657	7520	-9,5219425405115618E-05
7530	-0,04284530093438995	7530	0,0012845512523918467
7540	-0,04182382573542591	7540	-0,0052656645079248807
7550	-0,045914408087443528	7550	6,4428798152406052E-05
7560	-0,056884289975897194	7560	-7,026357090552987E-05
7570	-0,041748577112838137	7570	0,0028229561065691178
7580	-0,05617341182524134	7580	-0,0025471083871504677
7590	-0,042162636472763096	7590	-0,011475846971543652
7600	-0,0463915500758822	7600	0,0061953229539046164
7610	-0,046564123070655286	7610	0,0049138452370884843
7620	-0,064408898484742363	7620	0,000781975862930186
7630	-0,053381249041438573	7630	-0,00399282508004228
7640	-0,041162101535087904	7640	0,0084269320811556983
7650	-0,057575458585967146	7650	0,0074951082184441546
7660	-0,03678778001238487	7660	-0,010847931223641664
7670	-0,047999761222607226	7670	0,0066916121195871887
7680	-0,042696206496639286	7680	-0,0036136759494457696
7690	-0,044731137007691366	7690	-0,00657392316526778
7700	-0,0471687050450113	7700	0,010561119937188473
7710	-0,047403822855184144	7710	-0,0083628295340678425
7720	-0,055694132405435269	7720	-0,013786360516102507
7730	-0,034477860896493275	7730	0,013608976474833024
7740	-0,036306560793409	7740	0,0029132559525804924
7750	-0,046965546180263266	7750	0,011217899799002663
7760	-0,032534229440312347	7760	-0,00040795468265126606
7770	-0,070692945667249762	7770	0,0081112510373070029
7780	-0,036427906990888208	7780	0,0045690887104476666
7790	-0,040003046789583066	7790	0,0044540079573956292
7800	-0,049548658008417554	7800	-0,012556500064619641
7810	-0,052105653775747975	7810	-0,017801931512439181
7820	-0,052853915125421119	7820	-0,0045885247969402942
7830	-0,036012323321358918	7830	0,0024897958185792495
7840	-0,046071196842805633	7840	-0,001427476531140772
7850	-0,056484386477349852	7850	0,0061546755003356393
7860	-0,04654056351320339	7860	-0,0082174514860003968
7870	-0,05564957962609763	7870	0,00095438495598954042
7880	-0,042497742725044835	7880	-0,0091671428809428444
7890	-0,051059099706689239	7890	-0,0084711477360765487
7900	-0,060132057700153493	7900	-0,011729955078622165
7910	-0,037815282871906081	7910	-0,0025842395961997071
7920	-0,0462613611292599	7920	-0,0045901995283106605
7930	-0,037353457327558189	7930	0,0084037356405248335
7940	-0,055838847663142947	7940	0,013493453000019471
7950	-0,045996736325485864	7950	-0,0023433553835037458
7960	-0,042555220833085827	7960	-0,0039484819748890152
7970	-0,052610010260652949	7970	0,00594004743945079
7980	-0,042675604062438158	7980	0,0047734664646868694
7990	-0,030805243831126469	7990	-0,015947596558026762
8000	-0,04253465242447399	8000	-0,0049148076491725232
8010	-0,017517618063673385	8010	0,011550366306806906
8020	-0,0077701469798990295	8020	0,004798060679265157
8030	-0,006790395646359043	8030	-0,0018663868902130077
8040	0,0025566031871595892	8040	-0,0086529901842534781
8050	-0,000995891092218523	8050	-0,0072846396306350579
8060	-0,0030557233083414893	8060	-0,0020971405303296825
8070	-0,0040289813314356672	8070	-0,011172384607483888
8080	-0,0061388874788915158	8080	-0,0065182326174369884
8090	0,0078087997841303006	8090	-0,0011760617494729448
8100	-0,010235839815426055	8100	0,0073699623495159317
8110	0,010126693917352863	8110	0,0065272597084123328
8120	0,0018571720231461918	8120	-0,014817898804000227
8130	-0,0050394743738200829	8130	0,0075414395575622946
8140	-0,001834543411400573	8140	-0,0047521179140111005
8150	-0,010109340641631945	8150	0,00049616665726462134
8160	-0,00037055960993705552	8160	-0,013272232091316356
8170	-0,0060112156454373228	8170	0,017403592253500147
8180	0,00092620188374763635	8180	-0,00426973975071801
8190	0,0021523071761932436	8190	-0,0025889175374773222
8200	-0,0081245506264476658	8200	0,020363408336068568
8210	-0,0025092374825612658	8210	0,0012770114306725959
8220	0,013333680341553862	8220	0,0031054687856810715
8230	0,0017948796996121394	8230	0,00631098811627759
8240	0,007463485787339328	8240	0,0019242536556139604
8250	-0,0092132864602602286	8250	0,015220092973613692
8260	0,00034590211978900145	8260	-0,012816082083608998
8270	0,0069748244081150636	8270	0,0058566627830081023
8280	-0,013338396868676503	8280	0,011012434453606352
8290	0,013797936772572466	8290	0,026129744370697913
8300	0,001440389110552658	8300	-0,00095596062534542112
8310	-0,0046348044900740969	8310	-0,012828934700598565
8320	-0,0031719754307745558	8320	-0,010192075698769095
8330	0,014292980758433233	8330	0,014894891790908995
8340	0,009712364274273879	8340	-0,0029275587170092608
8350	-0,019974411226538421	8350	-0,0015498501174030636
8360	0,004770325895611674	8360	0,011338553545057912
8370	0,0088410893387964318	8370	0,0047725500945497729
8380	-0,0015901730662043819	8380	0,0011797843002235569
8390	0,0066445764723383136	8390	-0,0045410851792415654
8400	-0,02210961664148374	8400	0,0060268192508918213
8410	-0,0081929421547689649	8410	0,0068749391064643391
8420	0,0016144794714057437	8420	0,007291419765630928
8430	-0,0061142049035165435	8430	0,00791387242819134
8440	0,0082534913890026165	8440	-0,000990564114581546
8450	-0,013189473503183186	8450	0,0045128675183227183
8460	0,0057537064732585425	8460	0,0051142016579007544
8470	0,00075003924518780656	8470	-0,01067559041683333
8480	-0,0071261946557318557	8480	0,0078955426840665
8490	-0,0072434215889649062	8490	-0,016104991514234418
8500	-0,012898267072692605	8500	-0,0066219478758841885
8510	0,012525316248190834	8510	-0,0019110088323052818
8520	0,0020889928690896388	8520	0,01445339984547207
8530	9,3164628720915056E-05	8530	0,0048123868981158413
8540	0,0029837795392161628	8540	-0,0051695627116212645
8550	-0,0077111724654989264	8550	0,0054001863972539393
8560	-0,0021596015508878203	8560	-0,00075040081810798622
8570	-0,0081918494764291819	8570	-0,0039777183668490857
8580	0,0014586998224873865	8580	-0,0046446990957021679
8590	0,013648207759010829	8590	0,010892641286707645
8600	-0,017913526720712229	8600	-0,009481853041450607
8610	0,00577839954931252	8610	-0,0051035167654532518
8620	-0,0088776208280204223	8620	-0,0024155054415615357
8630	0,0083220013488745255	8630	0,0073145176181613055
8640	0,0075590836749458616	8640	-0,011175583462646348
8650	0,0033556547332452358	8650	-0,00099237167976193958
8660	-0,0021941279388768865	8660	0,029809428499192069
8670	0,0053981583536166205	8670	0,0045185806286069437
8680	-0,012230998606543081	8680	0,020868329930884711
8690	0,010106872998817988	8690	-0,0066802665225977054
8700	-0,0061600506449051538	8700	0,0070293194311359022
8710	0,0059779161743286589	8710	-0,0056581758183049573
8720	0,0017170967246554016	8720	-0,0014525466936764326
8730	-0,0098316465792820176	8730	0,013088036122838199
8740	-0,0081131676754471315	8740	-0,0015566164018973438
8750	-0,0043414897022277582	8750	-0,013582686617497723
8760	0,003734817313304729	8760	-0,00015777650925039328
8770	0,0014000819991777408	8770	0,015707231219575932
8780	0,0082084826762381727	8780	-0,011098524894032586
8790	-0,0077924919273334526	8790	0,011707287368472997
8800	-0,0084066445884891979	8800	0,0011048777400111114
8810	0,011400987355937626	8810	0,011767399796190336
8820	-0,00687213815251824	8820	0,00265268435892869
8830	0,0071142101041409547	8830	-0,0098412638523140018
8840	0,0026326011691114796	8840	-0,0077090071697696839
8850	-0,0192549454224601	8850	-6,75629994634047E-05
8860	0,0037504960572277571	8860	0,016614957934840836
8870	-0,0093688475811759767	8870	-0,0018618783494239264
8880	-0,0095158526846073083	8880	0,0015797946625391659
8890	0,0070109245072451755	8890	0,015100964538057279
8900	0,0038336370474591447	8900	0,0024453372137159717
8910	0,0036637808297603387	8910	0,0018023791186451187
8920	-0,0073436227126113425	8920	-0,012869464843368502
8930	0,007709278033573087	8930	0,0013156770723633268
8940	0,0048143892638342076	8940	0,00779756527307434
8950	0,00067033389748366915	8950	-0,003203520404368226
8960	-0,012861111836531037	8960	0,018076565047191469
8970	-0,0064063926151993068	8970	0,0082026939569372209
8980	-0,008609821784319854	8980	-0,013511548943565259
8990	0,0067058149696924878	8990	0,0016182456140748799
9000	0,013535641481655652	9000	-0,011336249020001667
9010	-0,0025569185382893832	9010	0,012692950231394249
9020	-0,0058797587255367909	9020	-0,0050528115281088118
9030	-0,0053065169542264807	9030	0,013842014529114674
9040	0,0096108502377334343	9040	-0,00072149136377372511
9050	-0,0073269416778312321	9050	0,0030583115667773939
9060	-0,0003984040467035135	9060	-0,016044465918234361
9070	-0,00049356580147323485	9070	0,015194353039340951
9080	-0,016464204436120494	9080	-0,0057026936531358987
9090	0,015115726673359779	9090	0,0078937337461702489
9100	-0,0030018337167723231	9100	6,31580039293768E-05
9110	0,0019002422803487023	9110	-0,0083152391920432688
9120	0,0086789552538866863	9120	-0,00023950986921957512
9130	0,0061972733782645765	9130	0,0029947494750979268
9140	0,00870575446542885	9140	-0,0014328603593819558
9150	-0,010141183746127668	9150	0,0024953874242699455
9160	0,0065403132057806858	9160	-0,0058792843624235706
9170	-0,0016926226147928212	9170	0,01491578880115893
9180	0,0027749249933120747	9180	-0,0056515021033802168
9190	0,0059141669523602473	9190	-0,0022809799087213766
9200	-0,0023739969580182634	9200	-3,5150275819554676E-05
9210	0,00345617297517936	9210	-0,000810426888749999
9220	0,00098115966885854657	9220	-0,0056346245263666989
9230	-0,00688397356910009	9230	0,0058223077819937637
9240	0,021032630884904473	9240	0,0018920097696141108
9250	-0,022334876099331297	9250	0,00936788936016224
9260	0,0051665896281162006	9260	-0,0056996752195726313
9270	-0,0072508708485197531	9270	0,0053255915099266722
9280	0,0014374291823196965	9280	-0,007744721876584394
9290	0,01848624128108551	9290	0,00063277782771245213
9300	-0,0068427421529634056	9300	-0,002767531018419039
9310	0,0062921037952327159	9310	-0,010260960240279428
9320	0,0040028520653101222	9320	0,0011725743560835945
9330	-0,0024243627965950536	9330	0,008334421862170701
9340	0,0093274723789649478	9340	-0,0011291953118935877
9350	-0,0077239646688264715	9350	0,0083766887716070736
9360	-8,1719826873451E-05	9360	0,0050120159448557586
9370	0,0055465372306681493	9370	-0,0068341185964155967
9380	-0,0010544935653791685	9380	0,0049744933346632389
9390	0,0014261950522920874	9390	-0,0052743927447862363
9400	-0,014203274282397885	9400	-0,0023485547016602673
9410	-9,8799777640705926E-05	9410	0,011346328316440462
9420	0,0079037452533475237	9420	0,0039773410876543938
9430	-0,001758437068858758	9430	0,0036119368966384458
9440	-0,00036937816231131111	9440	-0,018242577106988962
9450	-0,005625905893337859	9450	0,011141904259765819
9460	0,0058469553850816723	9460	-0,0045965762242323148
9470	-0,0039571574600376688	9470	0,016104244618771864
9480	-0,00741119608956811	9480	-0,0091614969593280422
9490	0,0030837070469936496	9490	-0,00401801315085554
9500	-0,0078460984558136448	9500	-0,0021439796982313021
9510	0,00083086963433791567	9510	0,0066314332655330035
9520	-0,0021484604323450292	9520	-0,0047985512875283977
9530	0,011054474927814853	9530	0,0047272091274548605
9540	0,019374039563433806	9540	-0,0051982355470663964
9550	-0,023376654546292293	9550	-0,0015051233963391836
9560	-0,0090768566930948136	9560	0,0014117295709795976
9570	0,0021573853093390261	9570	0,0016561389892969518
9580	-0,0045362353191982932	9580	-0,00040005851143380103
9590	0,010834389997663512	9590	-0,0033347606491316161
9600	-0,0039309829620594707	9600	0,00876505459595554
9610	0,01150969141950523	9610	-0,0078822029344877923
9620	0,00690965556330504	9620	-0,00073728346554225127
9630	-0,0050917650490445157	9630	0,005248663682501882
9640	-0,0015620585356200263	9640	-0,0028313603264724669
9650	-0,013737997518518494	9650	0,015017767859846222
9660	0,00089189305108194742	9660	-0,012198851356752086
9670	-0,0060807657983909108	9670	0,0141208530434092
9680	0,0032074660228249671	9680	0,00432011088924256
9690	0,011995945593736844	9690	0,0014852105444331893
9700	-0,018365438541679543	9700	-0,008137253122491115
9710	0,0058429785667883259	9710	-0,00824142361435239
9720	0,0056362900329716111	9720	0,0050454836693308589
9730	-0,0055959161804158631	9730	0,016403256657908125
9740	0,0051322254995025372	9740	-0,0021411384688547878
9750	-0,014332271835812689	9750	0,013893982629051184
9760	0,0056061274029172384	9760	-0,0036033001692120791
9770	-0,0030173614010420291	9770	-0,0057574222071942139
9780	-0,0065326903038483023	9780	-0,0046585742974504457
9790	-0,0099848521028608819	9790	-0,0159992063255177
9800	-0,0069453169387320157	9800	0,015601335060902661
9810	0,00014570576320662847	9810	0,0014936347078262835
9820	0,00651009275782337	9820	-0,0046946100253166907
9830	0,0035537268238065721	9830	0,010261314429490633
9840	-0,00053785755928844432	9840	0,0054139866433807245
9850	-0,015974643706779076	9850	-0,0043587569274724592
9860	0,011569766741635446	9860	0,0040264400819481983
9870	-0,002508943681994699	9870	0,0024679065315181365
9880	-0,013959756529088882	9880	0,0038622436755771402
9890	0,014447555269510604	9890	-0,017668778181752894
9900	-0,0087925410607719648	9900	0,014133612481751108
9910	0,019337097398792771	9910	0,0061040847251421252
9920	-0,0065537960055111581	9920	0,0032119352607363556
9930	-0,012139893036975328	9930	0,0032187147777579172
9940	0,010906151630174403	9940	-0,010410125873172325
9950	0,011245948778039007	9950	-0,00632605354940625
9960	-0,00048490755570371278	9960	-0,00041002925158255309
9970	0,0084218738538637365	9970	-0,0033705903306828792
9980	-0,0018937481471749916	9980	0,011609674797118455
9990	-0,0078848413672969447	9990	-0,0095895624151492078
10000	0,0007277455400739887	10000	-9,4038272110623215E-05
10010	0,019044181755405926	10010	0,01010803532697686
10020	0,005553599176893448	10020	-0,0036241972092095525
10030	0,0033805248628087929	10030	-0,002636937349525
10040	0,001202116967758182	10040	-0,0040123688665263434
10050	-0,0071897161216583861	10050	-0,0041591622359282241
10060	-0,001641859144115521	10060	-0,010830146653258092
10070	0,020651986830713606	10070	0,014963755594756621
10080	-0,025577616538981905	10080	-0,0025894098898941297
10090	-0,00022214334987541058	10090	-0,01718479506444167
10100	-0,0015127042363990331	10100	0,0045888248483950565
10110	0,0021982886071875963	10110	-0,008428946515903913
10120	0,004198577290258361	10120	-0,0071807903234402488
10130	-0,0017961201646047172	10130	-0,0016618296317675869
10140	0,00097065393274644522	10140	-0,011584509398940856
10150	-0,010534650953905347	10150	0,0012699992866301818
10160	0,0040391468609435833	10160	0,0041315180131555676
10170	0,0035540822548416635	10170	0,0014853320088249241
10180	-0,00053343632883633889	10180	-0,0035039769636927174
10190	0,012496942951885498	10190	0,0090103324446407489
10200	-0,00686820685779506	10200	-0,0091743152413078215
10210	-0,003185953308328215	10210	0,0082403044873582965
10220	0,0019835580716317728	10220	0,015036895434254608
10230	-0,011681590144885861	10230	-0,021719630086695776
10240	0,017042535257204706	10240	-0,0041214780395293941
10250	-0,011076842787953546	10250	0,0070863927213041687
10260	-0,0019972357994036431	10260	0,0013039733270046544
10270	0,012331051783331578	10270	-0,0013386045312866071
10280	-0,0011579490490193818	10280	0,00190513831987032
10290	-0,0061659016851482763	10290	0,0053506380889319994
10300	0,000791699037064343	10300	0,00051539611832750588
10310	0,0033284639015357018	10310	-0,017320391076333465
10320	0,0085704987312656428	10320	-0,010074147615851173
10330	-0,0026181849577013444	10330	-0,004655211415854137
10340	-0,011479415428771997	10340	0,013174301834847997
10350	0,0010739563489251525	10350	0,00061352397041714685
10360	0,0059993381042425919	10360	-0,0044095724856662091
10370	-0,00995601428407827	10370	0,0018935007103143833
10380	-0,0039450189012029194	10380	-0,0057806542482349184
10390	0,0018612096402010707	10390	0,0013051128260504349
10400	0,0021550138638590428	10400	-0,0033891958172414631
10410	0,0068914153144367767	10410	-0,0058482428730057146
10420	0,012066719594346392	10420	0,0029509981094012318
10430	0,0029724453255956565	10430	-0,0060550793904770627
10440	0,0019835069844864679	10440	0,0059059319166026737
10450	0,0014119333295555525	10450	0,0061882595396047955
10460	-0,0022912637049183819	10460	-0,0048165660119157839
10470	-0,00030975293453786972	10470	0,0016727230861029534
10480	-0,017116870070703994	10480	-0,0042324796476786615
10490	-0,00543865736124833	10490	0,006038797355576153
10500	0,010103180573789311	10500	0,0062596102298221523
10510	-0,0087779408569320875	10510	0,0092374022896381178
10520	0,00294586880662992	10520	0,0044431099481993764
10530	-0,0032677406685789521	10530	0,00943215487554316
10540	-0,0045544728917059074	10540	-0,0038982341325504641
10550	-0,0045907592142431144	10550	0,0079828328346075953
10560	0,00028793553529235424	10560	-0,0033350109763528712
10570	0,014926159603925538	10570	0,0024702079455463967
10580	0,0039944360423961652	10580	-0,0010734206275817
10590	0,00044424036135239488	10590	-0,00544564577051939
10600	-0,00032689052954922243	10600	0,022485924311838927
10610	-0,00087258251936904289	10610	-0,0048324539621949179
10620	0,0073912131401590673	10620	-0,00010829886479878383
10630	0,015838916410365375	10630	-0,0017354455506659785
10640	0,0042893388632770013	10640	-0,011120295276274726
10650	-0,0065867549035444235	10650	0,008820710170524465
10660	0,0012466385423279456	10660	-0,010921666900465841
10670	-0,001722179008023207	10670	-0,00067841280879167533
10680	0,003432618224421338	10680	-0,0030517411398922273
10690	0,0081150059857707582	10690	-0,00846318628987894
10700	-0,01064089301431344	10700	0,0097015797520951744
10710	0,0084677583383335944	10710	-0,000698203803100908
10720	0,0077444923847192334	10720	-0,0027859475690740531
10730	-0,0066158497636053838	10730	-0,0012610130357907506
10740	-0,010829534547744001	10740	0,0021465082779754097
10750	0,011012878189851571	10750	0,0051538331639153631
10760	0,0013964849388685549	10760	-0,0068931133438349867
10770	-0,0058994282932742234	10770	-0,0046255105525551347
10780	-0,0038695595692149797	10780	0,0040850614584635571
10790	-0,0071914956849626578	10790	-0,016190072563469906
10800	-0,0069975762015333613	10800	0,016734233204024698
10810	-0,0013771244944957835	10810	-0,013796318763968559
10820	-0,0010408297954380013	10820	-0,0039528945160900129
10830	-0,0075541888936793552	10830	-0,0091889515952424377
10840	-0,0081212304547789022	10840	-0,0044381926886757116
10850	-0,0074324392135629849	10850	0,0069415653900255884
10860	-0,0091161620933429121	10860	-0,0012107408520582463
10870	0,0087122711317461875	10870	0,0067900103295506021
10880	-0,019330898150780196	10880	-0,0010525898288594033
10890	-0,0042379829910435349	10890	0,00474432141198636
10900	-0,00084363855602823947	10900	0,0059989397091280228
10910	0,0075840393537437286	10910	0,009325540170095948
10920	-0,020964854500183261	10920	0,0082184019372789387
10930	-0,0005440200696413955	10930	0,0065844440491216278
10940	0,0070251126820298753	10940	0,0067604505619952978
10950	0,0033210655566760462	10950	-0,007346550766736658
10960	0,0036146585566464474	10960	-0,0036163894506544459
10970	0,00029147538260070478	10970	0,0064441906406582346
10980	-0,013533175817926789	10980	0,0031383533331470286
10990	0,014323170084574316	10990	-0,015473163060165938
11000	-0,0068530945310630821	11000	-0,00021874170655931832
11010	0,0015424063034280471	11010	0,012294824919339214
11020	-0,011129237044011812	11020	0,0058056871026315945
11030	-0,011106795393330218	11030	0,00866767824375507
11040	0,0036311748787489877	11040	-0,0095492229380794956
11050	-0,019916902790702722	11050	0,0047177067750816563
11060	0,0047190284385800413	11060	0,001272594643434371
11070	-0,00559611227777613	11070	-0,0041061050320589255
11080	-0,0047217087895362617	11080	-0,00063385253573725313
11090	0,010223014644109116	11090	0,000925656737783036
11100	-0,019595287216123369	11100	-0,0030395687692912417
11110	0,0024515721510650051	11110	-0,012774836596072182
11120	0,0037084129671528044	11120	0,017813596735850788
11130	-0,019567191850418695	11130	0,012085601463459474
11140	0,0030082254879764121	11140	-0,00938797980192835
11150	-0,0044373273286657843	11150	0,016767557770687967
11160	0,003986988833028041	11160	-0,0075900508720198852
11170	-0,0041876044616463567	11170	0,008122617863424891
11180	-0,0046357458921624482	11180	0,0092177859319536436
11190	0,00097379721553547108	11190	-0,0070704094526651265
11200	0,00094121357161685963	11200	0,0046549422273732995
11210	-0,0073483273395530419	11210	-0,001075374056578964
11220	0,0071125995597846707	11220	-0,010043882353904222
11230	-0,0052778120459906642	11230	0,01449670745079623
11240	0,0092050637604246411	11240	-0,0082313720673012278
11250	-0,013346320765277329	11250	-0,0088344770155501448
11260	-0,0085882501510970641	11260	0,0094431839867134323
11270	0,006998770632047212	11270	-0,0094263080995512366
11280	-0,0084549522310296	11280	-7,1734155286044672E-05
11290	0,0075739010510266751	11290	0,012183695738816752
11300	-0,020771463324824522	11300	0,0035814411028427737
11310	0,0053518279157235941	11310	-0,00081623695255758221
11320	-0,004931739593552747	11320	-0,0024903928191621692
11330	0,0072337779437510238	11330	0,0006144076970698558
11340	-0,0046668229513650069	11340	-0,004888454137257893
11350	0,0066427094566364423	11350	0,0021932782207242144
11360	0,011610327250858249	11360	-0,003744514295521674
11370	-0,0081155649180734511	11370	0,0037410231876069617
11380	-0,018118867301137976	11380	0,0081625392039646645
11390	0,015079363848205568	11390	-0,0048960031610969859
11400	-0,0021728911656688217	11400	0,014172409138077062
11410	0,0051561858497188575	11410	-0,015444683142497325
11420	0,0020896453515596479	11420	0,0073816486286729
11430	-0,0050789068809825146	11430	0,0056943937395494415
11440	-0,0021457081358055513	11440	-0,011228568215515161
11450	-0,015437321862070122	11450	0,0075375998327408354
11460	0,01016484864321524	11460	-0,0017835241747842102
11470	0,00755353040602484	11470	-0,0045016328570091409
11480	0,0042232490181417347	11480	0,0069395255333013182
11490	0,00014269993982616165	11490	-0,00982346695769664
11500	0,0010266802253094786	11500	0,010697729343776604
11510	-0,00913771750861554	11510	0,0069981714729874245
11520	-0,009968990406242776	11520	-0,003088902967534828
11530	0,0012394057276242476	11530	0,00971835256130202
11540	-0,0010938164881693553	11540	-0,0092240777601337639
11550	-0,0012652739468231695	11550	-0,00027812563791481217
11560	-0,0047114772937419443	11560	-0,011167484487072082
11570	0,0043804316327299879	11570	-0,0027834744418250646
11580	0,00096251427783028388	11580	0,0062091127327791127
11590	0,0074945568207562775	11590	-0,0047790422440314026
11600	-0,0049527074864412213	11600	0,00080267099776837368
11610	0,0038281660446406679	11610	0,0155580059425206
11620	0,0030050333668305688	11620	0,0040597155219020808
11630	-0,0067499889194084653	11630	-0,011997854225989056
11640	0,0031723019912700367	11640	0,0099266923733837865
11650	-0,0011361366968641517	11650	-0,0012975198661360954
11660	0,0013929007132324959	11660	-0,0050392841444282573
11670	0,0026867593544109081	11670	0,0055962342737126223
11680	-0,004750293776490595	11680	0,0018716822279972317
11690	-0,00290169072238585	11690	0,0042313538907549353
11700	-0,0065969635032987854	11700	0,0081733949503213481
11710	0,013575588945119206	11710	-0,0069598556019784749
11720	0,0057718871569716942	11720	0,0055876721605688283
11730	-0,016701967585247827	11730	-0,0054283987565323768
11740	0,020712978657346913	11740	6,85044149050691E-05
11750	-0,0043298508699931171	11750	-0,012286615282414202
11760	0,0051434474816096495	11760	0,0050667681328937526
11770	0,009390943759966363	11770	-0,0092599212285951228
11780	-0,0019872857042035567	11780	0,0095985605500239213
11790	0,0074391674900245088	11790	0,015836103462144493
11800	-0,026234767165958385	11800	0,0089532370046205064
11810	0,00088335744855899592	11810	-0,018583446622734735
11820	-0,0023576801676834938	11820	-0,0014711765348825135
11830	-0,014687350412380873	11830	0,0026282287732442887
11840	-0,0018362288405704005	11840	0,00070101658912400029
11850	0,00253486439109678	11850	0,0092635066811181319
11860	0,001227707159194659	11860	0,0084554745350582539
11870	0,00046290280327616272	11870	-0,0047381862462382391
11880	-0,0022612126170253239	11880	0,0043935047343768409
11890	-0,0041285573571706851	11890	0,0065803290774396443
11900	-0,0030165259738197379	11900	-0,01141811900153672
11910	-0,0038054867343601888	11910	0,0014885160648965218
11920	0,0039634833096718978	11920	0,0025150338422181319
11930	-0,015356509468757206	11930	-0,0080710202276342465
11940	0,0099490490373514776	11940	-0,0043091950552239921
11950	-0,0072116679443657771	11950	0,010066635237660885
11960	0,00073928590077632582	11960	-0,010453510251556612
11970	-0,0036883501834867067	11970	-0,0019171759280015577
11980	-0,0074795152282200721	11980	-0,0034313976227304428
11990	0,010413984878450321	11990	-2,8178067934733336E-05
12000	-0,0084995646130275639	12000	0,0024306413930593913
12010	0,0035415356935447895	12010	0,0022470145078023404
12020	0,0015852228977648118	12020	-0,002841240125027001
12030	-0,0017172621490011827	12030	0,00477566715838131
12040	0,0081883936434054717	12040	6,6359774615190058E-05
12050	-0,0085204148136094424	12050	-0,0076055682006368952
12060	0,00707621759885856	12060	0,0045835686269724953
12070	0,0006281897886102404	12070	0,0069206832362311409
12080	-0,015763038595068928	12080	0,0035995054985542094
12090	-0,010154567436526145	12090	-0,00805952286167526
12100	-0,0029370269157730604	12100	0,000818352052209557
12110	0,014772963167429251	12110	0,0080347475523656654
12120	0,0056276903945165534	12120	0,010670887840516468
12130	0,00861188806837089	12130	7,1771163378214685E-05
12140	0,00786919581308152	12140	0,0015034791635264839
12150	-0,0037638842927183451	12150	-0,0093379469112342735
12160	-0,010002199340984102	12160	0,0013438659278833874
12170	0,0016940671387110035	12170	0,00097506542819748051
12180	0,0041323244912031308	12180	-5,1402775786699692E-05
12190	0,00087469801400426751	12190	0,0075455737809222616
12200	0,0035435764425234316	12200	-0,0090270887966025209
12210	0,012148166720005627	12210	-0,010292355805858047
12220	0,0051144317697401406	12220	-0,00037157862929427203
12230	-0,0082094238588013325	12230	-0,00269356564056939
12240	0,0034829969215189592	12240	-0,0078101970857787162
12250	-0,0177754519805647	12250	-2,0392987451857062E-05
12260	0,0001434172746720306	12260	0,0025247710392873484
12270	-0,0048873345671775221	12270	-0,0075955257098020536
12280	0,0097171715381515061	12280	-0,013837528137661773
12290	0,0016176226607122351	12290	-0,0039340695012445737
12300	-0,012572124597096276	12300	-0,0043449176481294332
12310	0,0012024165192706742	12310	-0,0069505799982969895
12320	0,010444804449044132	12320	0,0011150138845389024
12330	0,00027653097421244665	12330	0,013184232340630592
12340	0,00463682926184207	12340	-0,0071512900522636988
12350	-0,010066468808190827	12350	-0,0011636145490745633
12360	-0,016387586922016313	12360	-0,014715177304498932
12370	0,0047896895503626571	12370	-0,0012878237437350041
12380	-0,0053072989324481857	12380	-0,007794545283656272
12390	0,0027664753474735673	12390	-0,0090462637097445328
12400	-0,0010960966598716937	12400	-0,0077560220542900373
12410	0,013818525972032331	12410	0,0046766657620710191
12420	0,0019890971121868822	12420	-0,0073068850287009088
12430	0,0056325710317604522	12430	0,0099584800648681547
12440	0,01336555051686311	12440	0,0084840637018643722
12450	-0,020126797772456781	12450	-0,00990072924509608
12460	0,01644680294502229	12460	0,0055431072603485025
12470	-0,0030794927586472046	12470	0,0059689338616481123
12480	-0,0002492481911059293	12480	-0,0047187286865641772
12490	0,013367048864947629	12490	-0,023181610853790231
12500	-0,0088619922186502723	12500	0,00861008097492516
12510	-0,0020052569233862511	12510	-0,0026358161165632638
12520	-0,0027483813316918574	12520	-0,00015799676188789873
12530	0,0011645390774156223	12530	-0,0055562656931200712
12540	0,0084103367763381474	12540	0,00756447341589335
12550	-0,018433112851756965	12550	0,0046143505967521578
12560	0,013775919155880055	12560	-0,0030283488424791343
12570	0,0052644995412017784	12570	-0,0043800286761877163
12580	-0,012160550101473048	12580	-0,0038674851541416
12590	0,00038902209033343067	12590	0,0024746908850547394
12600	-0,0072793694911008587	12600	-0,0033089677033890275
12610	-0,0058879978269725719	12610	-0,0059215602906668276
12620	-0,0021698985301185905	12620	0,000405394173025654
12630	0,0034594338049269906	12630	0,0092455725858428036
12640	0,00054380495598538	12640	-0,010756601778676047
12650	0,0012040462133024287	12650	0,00065292384485199535
12660	0,0031828875031551531	12660	-0,008035043261952042
12670	-0,0038821911951818114	12670	0,011943545261672938
12680	0,00053908522364934765	12680	0,0015853227095006079
12690	-0,0025092513584191894	12690	0,0026100179283200489
12700	-0,0012090609174843004	12700	-0,021206961324757675
12710	0,0017547279969381013	12710	-0,05858190769650836
12720	-0,006675334544248273	12720	-0,12919473930491637
12730	-0,019733683937729608	12730	-0,1824977695791567
12740	-0,025509608517870944	12740	-0,24563976326524045
12750	-0,022160607469230591	12750	-0,33617965037389624
12760	-0,021362389911265205	12760	-0,3496687485457044
12770	-0,010896319343033407	12770	-0,386890714788917
12780	0,030353355888659856	12780	-0,43335401839460513
12790	-0,034048966305197791	12790	-0,44871103973501547
12800	-0,013655614055102594	12800	-0,4347117122327257
12810	0,005622456868342075	12810	-0,39761051408687059
12820	-0,019792106097568644	12820	-0,28494909739701768
12830	0,0995539458083156	12830	-0,20611522249952508
12840	0,073672880255086878	12840	-0,012787067583478451
12850	0,0800875781588238	12850	-0,20203500717036807
12860	-0,074241718844721388	12860	-0,024483635346135162
12870	0,13754812699756069	12870	0,12905220922311095
12880	0,010818415666676804	12880	0,1674435437728482
12890	-0,17927422041499039	12890	0,038956274861135884
12900	0,11309696056551527	12900	0,139862629631314
12910	-0,020941688781002558	12910	0,082861762340745354
12920	-0,25428209625549425	12920	0,5281772464717438
12930	0,020588629124476482	12930	0,82819956843970133
12940	-0,034967082230730778	12940	0,56925828377054566
12950	0,027666332652816428	12950	0,72261649234692427
12960	0,02209234141347402	12960	0,56750764156294431
12970	-0,11590253849381259	12970	0,38410208751453873
12980	0,058841145251009759	12980	0,44022295821234159
12990	0,082403689916137834	12990	0,16277201006312028
13000	-0,072031646621155243	13000	0,43851873059370916
13010	-0,010250488506182029	13010	0,69088212395167259
13020	0,15726819924895547	13020	0,071087011668373612
13030	-0,16448535919891433	13030	0,38043137854299447
13040	-0,0059740438734613632	13040	0,59449084511473627
13050	0,10879510174791841	13050	0,10839270376915694
13060	-0,15268065913114159	13060	0,49712451064960178
13070	0,12353300214169798	13070	0,52032266956359785
13080	-0,026315311328667216	13080	0,52304744907437972
13090	0,045032104471491273	13090	0,25444480826672228
13100	0,0033676597198511382	13100	0,33114559184135317
13110	-0,009430406696607	13110	0,3487822394914703
13120	0,085417141376809114	13120	0,18252287078490428
13130	0,11115906638916014	13130	0,18835608964990039
13140	0,029252130739587712	13140	0,091166748788953242
13150	0,047074213722396646	13150	-0,11005896432636624
13160	-0,011302641593663466	13160	-0,29747364069933258
13170	-0,040712692333764004	13170	-0,43308681587918024
13180	-0,052765578223797245	13180	-0,47461222944778675
13190	-0,026820266180268722	13190	-0,47793999598491838
13200	-0,010449216397238149	13200	-0,4636879571236589
13210	-0,0046437214422277258	13210	-0,42231516432584087
13220	-0,0069041646568203385	13220	-0,37379669306671526
13230	0,01521731257812472	13230	-0,36479984128912146
13240	-0,0078024145840729746	13240	-0,32292048191620493
13250	0,014202796270779475	13250	-0,29700904022631558
13260	0,01557862240083603	13260	-0,259842644978698
13270	-0,016771088506286214	13270	-0,20893483487717091
13280	0,0032318102795309838	13280	-0,16059219237074843
13290	-0,026503970280573028	13290	-0,12938499368111292
13300	-0,00098940478328709875	13300	-0,09935339972131009
13310	-0,019010015436275757	13310	-0,083243074673538836
13320	-0,0016526002668016135	13320	-0,049415863630285675
13330	0,0087318313737976064	13330	-0,037778733122379372
13340	-0,018053374591037473	13340	-0,028844035390932658
13350	0,014655281664279728	13350	-0,030023940836352334
13360	-0,002061084473275221	13360	-0,018998513992360837
13370	-0,0012799760819049851	13370	-0,029403415460407128
13380	-0,00043677956298331414	13380	-0,019474801832379408
13390	-0,00092218578612577717	13390	-0,018844435087792204
13400	0,0030069984604671317	13400	-0,00981473706781749
13410	-0,014386071485812266	13410	-0,016639009671011357
13420	-0,00083318782419781394	13420	-0,015314282989548168
13430	-0,0052519457392949491	13430	-0,012022148034551572
13440	0,0051788881118254582	13440	0,00035662877715740148
13450	-0,0018500544412421358	13450	0,0042017677771016065
13460	-0,0031298212571122916	13460	-0,012081870712199154
13470	0,00811929353220398	13470	0,0007988515868372067
13480	0,0010595503675760035	13480	-0,0053319983826986585
13490	0,0029164284659528731	13490	0,0066695078239658572
13500	0,0023679708017476176	13500	-0,001709357833010689
13510	-0,0046534196430133854	13510	-0,014636640080306684
13520	-0,0014547301937299527	13520	0,0095189842186367366
13530	0,0072478862117687382	13530	0,0070860425081674611
13540	-0,013798896441478768	13540	-0,010819517875543843
13550	-0,00034091645220030408	13550	-0,014000874605090872
13560	0,0011692299690902635	13560	-0,0046650971872752942
13570	0,0091269848854918113	13570	0,0034414813526600562
13580	0,003199001837589198	13580	-0,012558429293399785
13590	-0,0075378051185577815	13590	0,00077268820280057451
13600	-0,00839199120116852	13600	-0,00090186929180570245
13610	-0,0079713445764038309	13610	-0,0053646650114554974
13620	0,0034747998256414309	13620	-0,0053022493257959416
13630	-0,013194572958890089	13630	-0,0048936070940746477
13640	-0,01481610375798228	13640	-0,0042367524195137526
13650	0,011747134401802027	13650	0,0013310435106147979
13660	0,00695287105906223	13660	-0,0015724080487370213
13670	-0,0073517528737036915	13670	-0,001600402490000661
13680	0,01151428666318308	13680	-0,0037969655301404314
13690	0,0011836173936143159	13690	0,00016113258772155437
13700	0,0014506181559273618	13700	0,010398061816292331
13710	-0,0095595785401509648	13710	0,00092527993842871656
13720	0,011838126535170268	13720	0,0083183670429707382
13730	0,00735755116098239	13730	-0,0018621504782193972
13740	-0,0021276808986205945	13740	-0,0076018860638972863
13750	-0,0053022805110435559	13750	-0,00935609150314245
13760	0,0074592965343539142	13760	0,013855750959813517
13770	-0,0085754923530982682	13770	-0,0076604169601348446
13780	0,0093800727137253685	13780	-0,0088753594773361387
13790	-0,0058773875689680944	13790	-0,0034804065645078087
13800	0,011023444524700199	13800	-0,00096522693202773658
13810	0,026838801077792764	13810	0,0062649280380341491
13820	0,0018847872891436098	13820	0,00094397013363534555
13830	-0,0049869679763242421	13830	-0,023680091403799348
13840	-0,0036506044472467709	13840	-0,00716764113379035
13850	-0,00048148322247518655	13850	0,0092406379854401231
13860	0,00059456423098409688	13860	-0,0020061829234277943
13870	0,0082013525254669671	13870	0,016602054747334206
13880	0,010431312032149307	13880	0,0082046998815830559
13890	0,00095854428464574	13890	0,0047593028342831616
13900	-0,00853870229876565	13900	-0,0073940755627756741
13910	-0,0028091091326680234	13910	0,0017098311475800363
13920	0,0048531621160099112	13920	0,00081395983809039911
13930	0,0044245295528774608	13930	0,001492705642788647
13940	-0,0093454848172604774	13940	-0,00050428013493862773
13950	0,015065869219770656	13950	0,0013238221269819082
13960	0,0074525925308439531	13960	-0,014227732756596922
13970	-0,0035452043116631295	13970	-0,00959593790628062
13980	-0,00048366184857214433	13980	-0,011489914315054032
13990	0,0012655784908121475	13990	0,0013845375157210793
14000	0,0026047047556032161	14000	0,0047916967539917655
14010	0,010921152217823651	14010	-0,0065731768158401307
14020	0,020637321724982279	14020	0,017955377157311807
14030	-0,0026836319039309736	14030	-0,0085452015199994139
14040	-0,0017996676362665089	14040	0,0084926975460739729
14050	-0,0063535638721066755	14050	-0,0051984100447338439
14060	0,005535865962749905	14060	0,0057164385831364644
14070	0,0031808030842922826	14070	-0,0052878576783827336
14080	0,013250049538081741	14080	0,0043049221867422693
14090	0,0071153278100064632	14090	0,002269208769150224
14100	-0,0064628604408519	14100	0,0031087481796941178
14110	-0,0085690091885030715	14110	0,0073227239050478333
14120	0,002111117731540412	14120	-0,0023536374953551397
14130	0,010388847571794042	14130	0,020949576965617479
14140	0,010722834773367582	14140	-0,0064443807438504461
14150	-0,0176934931472228	14150	0,0090504425334972764
14160	0,0086652104703897424	14160	0,0098941033215409254
14170	-0,010605919478309906	14170	0,0036067219626103792
14180	0,015276264411505224	14180	-0,009985822044662352
14190	0,001321425410633401	14190	0,0030941123900467943
14200	-0,0076256317660699392	14200	-0,0039383708469631429
14210	0,00087161403506225816	14210	0,0026057182405193864
14220	-0,0023866842859373611	14220	-0,0059509269307087467
14230	0,0045846044523978318	14230	0,0019775311174940894
14240	-0,011979582985279302	14240	-0,0032934028183031409
14250	0,0019316775803993309	14250	-0,019371922077922092
14260	0,0022868709858417636	14260	-0,0046504572305208353
14270	-0,0087036929260228563	14270	0,0079280262711950589
14280	0,0038112459869077478	14280	0,0028927173489439696
14290	-0,0036404166617968366	14290	0,014387213780272443
14300	0,01286618268083616	14300	0,00171152034651728
14310	-0,0042431770957445467	14310	-0,0058344617370678156
14320	-0,0047063259097210744	14320	0,002940583124524848
14330	0,0031125560755702131	14330	0,00049032738365900326
14340	-1,9388868052916438E-05	14340	-0,0078388831362233985
14350	0,016011801402666063	14350	-0,0057377103545593377
14360	-0,0096857779559762387	14360	0,016785453410792739
14370	-0,004597707705730412	14370	-0,0047067443438978986
14380	8,5585020137018776E-05	14380	0,0026219825407472223
14390	-0,0039742923043152882	14390	-0,0010269838962617883
14400	0,0015798658751122541	14400	0,0046486517952427043
14410	0,0012102317491112324	14410	0,0025427231871280793
14420	0,00076082644565398652	14420	-0,0027669652945905357
14430	0,0038522229205322743	14430	-0,0038123841980227209
14440	0,01424795790930926	14440	0,0071058014412738145
14450	0,011252548570937319	14450	0,0011233738545916798
14460	-0,0039955983066578566	14460	0,0012684534537509766
14470	-0,011249198388224718	14470	0,0038502572246942686
14480	0,010757311324656231	14480	0,00045534776941883267
14490	-0,024346041920175657	14490	-0,0041642549860519892
14500	-0,010391214419687217	14500	-0,0055442374177352271
14510	-0,0095599150899928643	14510	0,00595638895200638
14520	0,00382064808708088	14520	0,0043540597143815474
14530	0,013052391068915549	14530	0,008504743657004139
14540	0,0022317845390169306	14540	0,010818719659398658
14550	0,0094625517623775843	14550	7,2588057333697079E-05
14560	0,0047176200450232963	14560	-0,00086190813161778524
14570	-0,00089364033476455789	14570	-0,0073615427700162517
14580	0,0094658438457354728	14580	0,0035748215833965439
14590	-0,0063763857302996689	14590	-0,004121973800229042
14600	0,014327761551877639	14600	0,00565108363356747
14610	-0,0029272452279808596	14610	-0,0036487179612605348
14620	-0,0091378240913650311	14620	0,0073510147399010028
14630	0,0097879407506425	14630	-0,0052843396586901336
14640	-0,00045892421374592806	14640	0,001669050547062341
14650	-0,010922658612524212	14650	-0,0043666402268201891
14660	-0,0016576084408043332	14660	-0,0089409537374497434
14670	-0,0063567491428849461	14670	-0,0067725788615805747
14680	-0,010910873753032005	14680	-0,0031137191067972803
14690	-0,0062204009001454322	14690	-0,00039788900959396756
14700	-0,008391183249256421	14700	-0,003050966980848023
14710	0,0018037651297140381	14710	-0,0027021837655190812
14720	0,0089282223873264482	14720	0,016706423303574167
14730	0,014499197891890416	14730	0,0015259857163681693
14740	-0,01102932658942719	14740	0,0021310830339353122
14750	0,0011272632933783302	14750	0,0040932619426533225
14760	-0,010441993370392319	14760	-0,0012729033928627574
14770	0,0078316266181310823	14770	-0,0017999653602995703
14780	-0,00076873452485455378	14780	0,002925339898877308
14790	0,0041589554444202217	14790	-0,0006605087393459527
14800	-0,000706559648153562	14800	-0,00063099620627250286
14810	-0,010990355140227396	14810	-0,0048178965199855211
14820	0,00946914134061876	14820	-0,0043819535435785867
14830	0,011328914749698294	14830	-0,0016308548373664563
14840	-0,016308803936333594	14840	0,0050566711667576472
14850	-0,00070232512181544028	14850	0,0048686597796819128
14860	0,0037150894669746833	14860	-0,01001260033169917
14870	0,010076774523937975	14870	-0,00013572885047604113
14880	0,0031309848435678777	14880	-0,0081932659498620691
14890	0,0095779906363254817	14890	0,0025160421699058238
14900	0,0016831847888022853	14900	-0,012152300007630356
14910	0,0036276913420537171	14910	-0,0058507354942370316
14920	-0,013309168112333038	14920	0,000995755620004644
14930	-0,00901349931775895	14930	0,009623180558550019
14940	-0,010778352965280475	14940	-0,0032532930835298857
14950	0,0023508709828520789	14950	0,014433441450359612
14960	0,005879271746601928	14960	-0,0007352172171100369
14970	-0,010906029167605563	14970	0,0029350656732524097
14980	0,017193509087179745	14980	0,0082252318302013117
14990	0,00067903175513631239	14990	-0,0011644770615827835
15000	0,0086847079843236346	15000	0,003389799776981155
15010	0,0032617053288879886	15010	0,0019357424268211928
15020	0,015067175223072915	15020	-0,013442783680178679
15030	-0,0058630278275038838	15030	0,0022551663312164591
15040	-0,0077064588762510077	15040	0,00097721591522922772
15050	0,0027268300250836673	15050	0,0082709544427289443
15060	-0,0095530458570410141	15060	-0,0018592396989560083
15070	-0,0060839001962671741	15070	-0,0063115805762255913
15080	0,0041516154714332475	15080	-0,0040100324939938226
15090	-0,0034341586257575925	15090	0,00011351433344501498
15100	-0,0038874996958595726	15100	-0,00070188164921771855
15110	-0,0057030385231153415	15110	0,0011580598965167334
15120	0,005562997225895875	15120	-0,00090223694736339265
15130	0,0075517888002455038	15130	-0,0011019791350646438
15140	0,0042015601772209766	15140	-0,003293734812627019
15150	-0,014953456661813089	15150	-0,0024498592533919714
15160	0,013329254849236378	15160	0,013010037230102318
15170	0,009740364507096427	15170	0,0038314528508832119
15180	0,0026710007468700538	15180	-0,00795469468239277
15190	0,0068160550959858362	15190	0,0082592539008764284
15200	-0,0032505788794680124	15200	-0,003684753345213591
15210	0,0034669838648290637	15210	0,0020619469118745423
15220	-0,014255963710117361	15220	0,0029873424490998563
15230	0,011379191252291195	15230	0,0051839777883501909
15240	-0,013910074290987659	15240	0,0061253334581230275
15250	-0,0033334547046379235	15250	-0,0078789491333695789
15260	0,0083798906382046776	15260	-0,00048408650103938663
15270	-0,0040888002397473731	15270	-0,012435710762170404
15280	7,1106846883050944E-06	15280	-0,0066578009407396773
15290	-0,0075768294367532735	15290	-0,0020415300175952371
15300	0,0042434015233729708	15300	0,014112200850442683
15310	-0,0084408861970462334	15310	-0,0048426729846630734
15320	0,0034800714539925002	15320	0,0010975653561581407
15330	-0,0026584341944871073	15330	0,012800910760803405
15340	-0,0001829646287396603	15340	0,0042185195237566574
15350	-0,00022788508527097709	15350	-0,0063878654083442971
15360	0,0025895446813422357	15360	0,00551917554118033
15370	0,00505528287655487	15370	0,011055109767775158
15380	0,0086281200606930647	15380	-0,0056168386729165505
15390	-0,0061704205218399795	15390	0,00098885458005347135
15400	0,0011452708655220242	15400	-0,0044685526177513091
15410	0,0130210017285601	15410	0,006595352846363
15420	-0,016926364137363526	15420	-0,0027530481205032035
15430	0,0010051853697996248	15430	-0,0052523167094498105
15440	-0,0016336763197381716	15440	0,006853258652344001
15450	0,012747842287880951	15450	-0,0068760415054010312
15460	-0,0028867008489204642	15460	-0,007919597614307633
15470	0,0048604456953166807	15470	-0,0086381752002098276
15480	0,019721288439924677	15480	-0,004304135036005464
15490	-0,0038049776899307703	15490	0,0070529826945750808
15500	0,0035003944322576598	15500	0,0051466359993749267
15510	0,0054791382678690079	15510	0,0024812062245157906
15520	0,0090164520973206128	15520	-0,004605746037412246
15530	-0,0054969215570853059	15530	-0,001448132558546963
15540	0,016626189451987197	15540	0,004936768944520011
15550	-0,013295898616683824	15550	-0,0095403645484555266
15560	0,0033596896383399507	15560	0,00338701140847517
15570	0,0098810429868019713	15570	-0,0066737742088985265
15580	0,0053458989818902757	15580	0,003993698395301149
15590	0,0072123512916001829	15590	0,012420202771898115
15600	-0,0019921437577180502	15600	-0,0024180952405006293
15610	-0,010967833011037318	15610	-0,00015323323286631997
15620	0,0052154590550289774	15620	0,0073381006321685555
15630	0,0012058366639942021	15630	0,0020592399112419569
15640	0,0061513517501443037	15640	0,016020559140299911
15650	-0,017730603441294332	15650	0,0015099049424875952
15660	0,021300958202362694	15660	0,017015688012752959
15670	-0,012013370754009635	15670	0,00045808243094500847
15680	-0,010849916921562371	15680	-0,0076086335602752343
15690	0,00088488751353750234	15690	-0,0038569250209256321
15700	-0,0035454227555979864	15700	0,0026132052444408664
15710	-0,007899231118652008	15710	0,010695816430426138
15720	0,010559457930394603	15720	-0,0050719719858677865
15730	0,00495118899372029	15730	3,6603850826786061E-05
15740	-0,012771209184677087	15740	0,017049082083539918
15750	0,006883415513981775	15750	-0,010093435141394991
15760	0,0075651235791806713	15760	-0,0079872127465091917
15770	0,0099007272075192342	15770	-0,0054937918037918816
15780	-0,0039298505912246113	15780	6,71890037745913E-05
15790	0,0025734847382769127	15790	-0,0076136717259818586
15800	0,0020312375408981938	15800	0,0085519093553188385
15810	-0,00424197618142516	15810	0,00400085277067538
15820	0,0036109395343414917	15820	0,0061174550852146157
15830	0,003851146385883116	15830	-0,0067118385962070069
15840	-0,0067034666172236922	15840	-0,003111276785505978
15850	0,0064140915591378916	15850	0,0063810703945637514
15860	-0,017040866041152354	15860	-0,003249077131702258
15870	0,00054076967039984423	15870	0,0061805833573286145
15880	-0,0011216978276452482	15880	0,010443021293238639
15890	-0,0089163839355564187	15890	-0,0068931454402829488
15900	-0,0081085120002731045	15900	0,012080977213226794
15910	0,012156317479908207	15910	-0,014749889117797833
15920	-0,0063816812156077523	15920	-0,0025800763081803347
15930	0,0008438620230309668	15930	0,014000135916894044
15940	-0,013744404039179555	15940	-0,0040688483798305844
15950	-0,0097620797624548734	15950	-0,0040592796452488464
15960	0,0021202201387672094	15960	-0,0048717365907208375
15970	0,00088471327287230491	15970	-0,0079623435081738643
15980	0,011982105186093691	15980	0,0031964585836240685
15990	-0,014357822745691732	15990	-0,0014660436762578353
16000	0,0054341826614082737	16000	-0,00091469256098817588
16010	-0,01367178855292735	16010	0,0034160702191568435
16020	-0,0023692437394173945	16020	-0,0035949469377111851
16030	-0,018596610912414453	16030	-0,0071661159753467277
16040	-0,0040013843160800538	16040	0,0046925648180735227
16050	-0,0082528581726980157	16050	-0,014907798080989857
16060	0,010094209980066018	16060	-0,0061443645117117418
16070	0,0041597484645100238	16070	0,00042796860229706929
16080	0,0058826971271119018	16080	-0,00533853457476847
16090	-0,010752426465069902	16090	-0,013074972759751819
16100	-0,0038735745833816163	16100	-0,00272337094799213
16110	0,0025886088325443651	16110	0,0070345331514359583
16120	0,0014712597062187611	16120	0,004578372245226379
16130	0,016639071457914979	16130	-0,00088947077051724512
16140	0,0062092353191425991	16140	-0,00026362828612499215
16150	-0,0039585075300318448	16150	-0,0073660321169356788
16160	-0,01214938281210803	16160	0,0049660372484281057
16170	-0,00044884258494344874	16170	0,0080068868435289042
16180	-0,0054340387941021924	16180	-0,011718033888880252
16190	-0,0099387650310241646	16190	0,00067588085622109274
16200	0,0042651352305507952	16200	-0,0077442698583274749
16210	-0,00781721763087531	16210	0,0084142456264193373
16220	0,013102374149680416	16220	0,0034598678591961614
16230	-0,0012483646745546769	16230	-0,0031806294922585698
16240	-0,0019577751665777908	16240	-0,0069861646520347365
16250	0,0032608289559078779	16250	-0,001139114972183533
16260	0,0030917221051693622	16260	0,012211212030604279
16270	-0,0039783996568120046	16270	0,0074157316771731614
16280	-0,0036120850496679209	16280	0,00675915242390766
16290	0,001421073339345372	16290	0,0091841850291861944
16300	0,0056161549077697751	16300	0,0049872848763537264
16310	0,01523924061766423	16310	-0,0074349398735722395
16320	-0,016190855837959584	16320	7,26988263814423E-05
16330	-0,0081691619860715242	16330	-0,00027881324210671227
16340	-0,0090123288619701238	16340	-0,00625277862718331
16350	0,0041453259452171225	16350	0,0095673573937102678
16360	-0,0028928495046911746	16360	-0,0078041520397214188
16370	-0,0094888922008013084	16370	0,011443951984656031
16380	0,0066225468084756909	16380	-0,017978942708632647
16390	0,014037822714490812	16390	0,0025947104564306616
16400	0,0086549110851471822	16400	0,00096382968917299735
16410	-0,007161438459434049	16410	-0,011157475593327339
16420	0,0091985016469867936	16420	0,0044699247089284074
16430	0,0011092324174394493	16430	-0,0040201442003965551
16440	-0,010522496937735902	16440	0,004710252993442716
16450	0,00016120358739293812	16450	-0,0030285770533754358
16460	-0,00478057160853282	16460	0,0031533702101185579
16470	-0,008390424845120998	16470	0,006013545402993487
16480	0,00383807425925229	16480	0,00066344879581355955
16490	0,0095290580444021746	16490	0,013635800905217965
16500	-0,011509810084467033	16500	-0,0014277190297439931
16510	-0,0073404302238784915	16510	-0,0077604616476302643
16520	0,015877048866864734	16520	0,0092244712103430569
16530	-0,0022390785572369331	16530	0,0035581000559389911
16540	-0,0086711692533398554	16540	0,00013791894278220805
16550	-0,00788541963161211	16550	-0,011692819338492326
16560	-0,00032444271635909296	16560	0,0048776230579066259
16570	-0,0047507120907230123	16570	0,015320038727900727
16580	0,0050296052169702911	16580	0,0036101718317826459
16590	-0,02044925766947087	16590	-0,011740219685161219
16600	0,022075338879437165	16600	0,0023681607413994546
16610	-0,010973278772792795	16610	0,00349679113335317
16620	-0,010306929565811361	16620	0,0045440189165832888
16630	0,014164545604982546	16630	0,0022073952999137254
16640	0,017623287991795102	16640	-0,014539286779030299
16650	-0,0065675564656956127	16650	0,0030468964410122284
16660	0,010869815212939922	16660	-0,0040822877806836657
16670	-0,0023749236229506023	16670	-0,0074509479786174946
16680	0,012903161681069463	16680	0,00081404529918639691
16690	0,0019360608426492979	16690	-0,001354125835465502
16700	-0,0077770946815552489	16700	-0,0051657491119875415
16710	-0,0018912397010078616	16710	-0,00074718596423112976
16720	-0,0071780790116315121	16720	0,0067830272887212627
16730	-0,001283510255957705	16730	0,00014526855352947019
16740	-0,0063261953805784305	16740	-0,003172467049270788
16750	0,00466976568380326	16750	0,00479818297534762
16760	0,00844057242204052	16760	-0,0065501361806951314
16770	-0,0018092988463445287	16770	-0,000359187776356094
16780	-0,0042481755078880631	16780	0,0043876856707022651
16790	0,014504253489108648	16790	0,0066839840599061439
16800	0,0020962805935342455	16800	-0,0071142730208914665
16810	-0,0054315476200992039	16810	-0,007885178733421868
16820	0,021960463521146032	16820	0,010354412995150495
16830	6,037613998583404E-05	16830	-0,0086817687446309067
16840	-0,0043747729629106695	16840	0,013033974904925904
16850	-0,015202868670175552	16850	-0,00336689754289653
16860	0,0065211938203240246	16860	-0,01287473964171152
16870	0,0019237304630460826	16870	0,0076047908956407648
16880	0,0082583089504038049	16880	0,00433938219717062
16890	-0,016828260558982722	16890	0,004908222202174223
16900	-0,0011263767863247656	16900	-0,0016642621035727761
16910	0,0045344283422688895	16910	-0,00067585741184126918
16920	0,00033317285677907251	16920	0,0091453561450892586
16930	-0,00051984963950681877	16930	-0,00789615759204679
16940	-0,0037766098482836007	16940	-0,0050972870272574834
16950	-0,005846847855131153	16950	0,0039054765642810847
16960	-0,00953356363210726	16960	0,0018699526291512867
16970	-0,0068680026409354963	16970	0,0070944332043767107
16980	0,0012496109979927867	16980	0,0029265648832352787
16990	0,01310603679182689	16990	-0,0037985050508205177
17000	0,0021348385237960244	17000	-0,0093101379645637115
17010	0,00051044003316674065	17010	-0,007937111038620508
17020	0,0033467723855258443	17020	-0,00086992568074981472
17030	-0,0012534005069214159	17030	0,00061083296424187077
17040	0,0025458444561418307	17040	-0,014724441724069339
17050	0,010014330501196433	17050	-0,0049262929868441269
17060	0,0079198135283350714	17060	0,014112541579589095
17070	0,0085555956810699635	17070	-0,0026308025635246503
17080	-0,00133520735163538	17080	-0,0048285504506177133
17090	-0,011544914604437951	17090	0,0042975905313480927
17100	0,0010758824229168745	17100	0,0025728525343710496
17110	0,0061366887413554765	17110	0,0017785269186601309
17120	-0,0078005427731297605	17120	-0,0040704401811893932
17130	0,0045079896199039567	17130	0,013990733264175199
17140	-0,00043645704864354911	17140	0,0039039244832523579
17150	-0,0073907819379849084	17150	-0,005207276652005181
17160	-0,0053496838817948733	17160	-0,0085163355641911017
17170	0,0053178116370785049	17170	0,006315949747763977
17180	-0,0091306435115042321	17180	0,00579972170116234
17190	-0,014318085354864703	17190	0,0050336700320166329
17200	0,027668212046327946	17200	0,011064042084145067
17210	0,0097249028044450667	17210	-0,012155056620719598
17220	-0,0025951072097554605	17220	-0,013359801090214686
17230	-0,0084777859015252918	17230	0,0069795297885394507
17240	-0,0036488133578280921	17240	0,00046028062621005091
17250	-0,0095634103099348153	17250	-0,011437113760891248
17260	-0,0014022317363911133	17260	-0,0060138599945574632
17270	0,0062813152779754126	17270	0,014851830967485123
17280	0,0045825200746873055	17280	-0,0041923981487138242
17290	-0,010429391162439534	17290	0,0071669992647913523
17300	1,7324284437124666E-06	17300	0,015187022079710852
17310	-0,0058364615955325229	17310	-0,0012490558237985997
17320	-0,0060111865471232035	17320	0,0043600682005382942
17330	-0,0052760273407725811	17330	0,010072080179011738
17340	0,020479625063846662	17340	-0,0029665226512394739
17350	-3,4291352111634718E-05	17350	-0,0021131505978004513
17360	-0,0026855528470873507	17360	0,0023362208977435049
17370	0,0059656837032149778	17370	0,0011605534902321738
17380	-0,00550523288028427	17380	0,0088094775570234079
17390	0,01300342277945055	17390	0,00944211977425396
17400	0,0019535247104312337	17400	0,015713431026345544
17410	-0,0055155058584437757	17410	-0,0069269131851151184
17420	0,00612697622440898	17420	0,009737137224832132
17430	0,0047162911374303111	17430	0,0063699088719243405
17440	-0,0017729612948737953	17440	-0,0019916705305052266
17450	-0,0050427327182765774	17450	-0,0034221839865761924
17460	0,0051266640270654883	17460	-0,0036333170889379053
17470	0,0010627149692740276	17470	0,0017333999917245383
17480	0,0059113571690919	17480	0,00078166574952147632
17490	-0,016761073858775108	17490	-0,0063851745778443457
17500	-0,007998298657161616	17500	0,012860493382155301
17510	-0,0037362376516861771	17510	-0,0026836073153435865
17520	0,0040492147490383953	17520	-0,0073173255129339284
17530	-0,0013674414500095351	17530	-0,012935540626099295
17540	0,0040583321252241917	17540	-0,0051325926793276931
17550	-0,0051825728326827976	17550	-0,0081257143418673131
17560	0,0034431447774537316	17560	-0,0079537648700445766
17570	-0,00017141695566994731	17570	0,0059427385968223775
17580	-0,0013700429201496263	17580	-0,00467904589354557
17590	-0,0075645328286115532	17590	-0,0007405055049786337
17600	-0,01551082237171092	17600	0,0078002284360566727
17610	0,023892505876827008	17610	0,0091272967097471777
17620	-0,0061541578886768183	17620	0,0040735194677167987
17630	-0,00095693741356581629	17630	-0,0057650382194398379
17640	0,0057748804566192776	17640	0,0045352614847174741
17650	0,0049368538258645856	17650	0,00579444672773592
17660	-0,0066570115121450772	17660	-0,00035392146167544081
17670	0,0022674687360440381	17670	0,006392324108292974
17680	0,00871033140325324	17680	0,00280407034486883
17690	0,011014040454752976	17690	-0,0022937116508648745
17700	-0,0023527417667274036	17700	0,020334870945332074
17710	-0,0040005844374450079	17710	-0,00496778721407773
17720	-0,0011904150907285672	17720	0,0019880637541512948
17730	0,0052959162670295819	17730	-0,0016007809176494926
17740	-0,018062228795918192	17740	0,0021038933447430929
17750	-0,00021908949660184721	17750	-0,0052265058293858207
17760	0,015434514971413649	17760	-0,0023477726845427017
17770	-0,012121641665837249	17770	-0,0055061081188729445
17780	0,0028705737239852771	17780	-0,00058635475527854086
17790	0,0045246575637175488	17790	0,0061267847562848443
17800	0,0064192560299306837	17800	-0,013267835310470827
17810	-0,0041611378344577	17810	-0,0031970604497819394
17820	-0,0014018339919193146	17820	0,0055461380158179979
17830	-0,0056502939430367041	17830	0,0061447609530967369
17840	-0,00569155265832616	17840	-0,0018981090295240317
17850	0,0048631967137505363	17850	0,001135369830415082
17860	0,002299228087255896	17860	0,012072214208846891
17870	-0,0086328906598942268	17870	-0,0050131496708737122
17880	0,0077199978696329561	17880	-0,0065583877233222508
17890	0,010709281577921972	17890	-0,00227261820947314
17900	0,020316535591639397	17900	-0,0097411742898865072
17910	0,0088075944633529777	17910	0,032002532660403933
17920	-0,0024366843938109077	17920	0,060351093000798092
17930	0,0025067430454692326	17930	0,12048820367165902
17940	0,00855556892602764	17940	0,18011034323256325
17950	-0,00066379549511498418	17950	0,28069445336466736
17960	-0,00055565769983945677	17960	0,36289825066400866
17970	-0,02026771445595214	17970	0,38565487418245831
17980	0,0040580365691822223	17980	0,37037995011878083
17990	0,026202139882021046	17990	0,3625376455102462
18000	0,042951342806289608	18000	0,31343167160401531
18010	0,064609497330171087	18010	0,34780147072461309
18020	-0,021871645382374804	18020	0,25047570198388774
18030	-0,03378499945545	18030	0,11938912367742875
18040	-0,05969810340376263	18040	0,32937089200924985
18050	-0,049533773155345795	18050	0,36963991317303435
18060	0,098813512230563283	18060	0,092186268055645587
18070	-0,12382267827050801	18070	-0,13617234196474751
18080	-0,053529501988004359	18080	-0,13329113302883389
18090	0,091805217028088665	18090	0,15907686705774568
18100	-0,13659252818609183	18100	-0,30994659746735753
18110	0,073008155929593449	18110	-0,97183450259114867
18120	-0,088195407374822024	18120	-0,57380091917989506
18130	0,13877677703418243	18130	-1,2726457220234257
18140	0,013741810382550318	18140	-1,5290093778059755
18150	0,019791275593815667	18150	-1,3593839633822051
18160	-0,052467141360089738	18160	-0,92910317418485844
18170	-0,0054042569852814854	18170	-0,83519770873671817
18180	-0,062101854971168186	18180	-0,6220834394270387
18190	-0,028131401007068766	18190	-0,34915838385486075
18200	-0,059432279733572083	18200	-0,15353068123562627
18210	-0,016358285108174907	18210	0,067282291395079324
18220	8,0223907007661069E-05	18220	0,13703139193500905
18230	0,026484185906274924	18230	0,17095097772829612
18240	0,0471173002734912	18240	0,13026413480087021
18250	0,02666178144873687	18250	0,065817411556672548
18260	0,031042640656678902	18260	0,13469483073916355
18270	0,033156867082416039	18270	0,43851737556315878
18280	0,032580534018200588	18280	0,61574552798760629
18290	0,0064381849918494043	18290	0,70606873062222175
18300	0,014574152722560763	18300	0,685997243729325
18310	0,017154044567897733	18310	0,6370477803868998
18320	0,026869014319815841	18320	0,51900386406480192
18330	0,017634755475988279	18330	0,34546721062086683
18340	0,026876233708177658	18340	0,23568412920017443
18350	0,013399785790588564	18350	0,12713215498059413
18360	0,016771080778146995	18360	0,0782541064902528
18370	0,0196996835838986	18370	0,037562912800021407
18380	0,033042582332433387	18380	0,050972965033263984
18390	0,02889635264321247	18390	0,085984558988602883
18400	0,023090477454810621	18400	0,10378555658921509
18410	0,026196977957669884	18410	0,1328664396917589
18420	-0,0043524186656407763	18420	0,12926827617781533
18430	0,020304409069771285	18430	0,12109911085230803
18440	0,016048354557626356	18440	0,12171706134151995
18450	0,013994996097420375	18450	0,10400900799631703
18460	0,017088001665639969	18460	0,087046506402715593
18470	0,010895986369974206	18470	0,071209799266876081
18480	0,038378381450871475	18480	0,065367956584493139
18490	0,0094339651744289026	18490	0,080413384472043478
18500	0,029272113882653224	18500	0,060971495606168831
18510	0,016475508054925626	18510	0,07838940710449091
18520	0,01261511108091337	18520	0,063223617961779
18530	0,017010845201665851	18530	0,08449717797111933
18540	0,0065394705487455641	18540	0,091742887684026733
18550	0,02664709119220493	18550	0,07010831521303558
18560	0,012963680811646337	18560	0,073557262065052934
18570	0,039592611429825966	18570	0,0756090533308321
18580	0,014282102589687023	18580	0,067427056631510773
18590	0,01724785706735903	18590	0,076921765028917
18600	0,02053731117104679	18600	0,076971279621926736
18610	0,018155056449233049	18610	0,0697609698580867
18620	0,013376970165888902	18620	0,081937793764097724
18630	0,014251475237497601	18630	0,0762373259879787
18640	0,024009428161524213	18640	0,076801763870497433
18650	0,017678965774204	18650	0,06902252104065465
18660	0,015279737516368205	18660	0,072092992960875485
18670	0,012137297051810587	18670	0,075453012352366025
18680	0,013506435897932864	18680	0,075073728097998657
18690	0,0024429771595012462	18690	0,076714925461307037
18700	0,036024289295369577	18700	0,06674370423125979
18710	0,028811876809370123	18710	0,077946044729600913
18720	0,025939793128874442	18720	0,067801184869049388
18730	0,016034107777461466	18730	0,076790611963141728
18740	0,010533539634008772	18740	0,076345869944072012
18750	0,021664248023627167	18750	0,077601490356343811
18760	0,027648438648163198	18760	0,068165126025192632
18770	0,0044151319986818977	18770	0,069779688127584658
18780	0,032797927653613938	18780	0,0813326221658703
18790	0,020415908671408273	18790	0,081615071572635464
18800	0,0274596145621294	18800	0,071904157388786916
18810	0,024523537682101453	18810	0,082437530874146
18820	0,016884167984373488	18820	0,055196544175704507
18830	0,033520627589796112	18830	0,085752490139657259
18840	0,012211902384876466	18840	0,07979157009232879
18850	0,024116067136235025	18850	0,076915432352763213
18860	0,024342596751395308	18860	0,077311542519243867
18870	0,010218966994193472	18870	0,0672684734755436
18880	0,021147130721258747	18880	0,079379055721883821
18890	0,0095797017136942872	18890	0,0767674976413256
18900	0,018206052610797597	18900	0,0776877201385956
18910	0,013969970829173018	18910	0,072366721362677383
18920	0,023087122791121222	18920	0,076978445276442611
18930	0,023425802157969126	18930	0,074567968806599924
18940	0,0083606334257072	18940	0,062098128180095809
18950	0,017227582224534764	18950	0,068679866119856575
18960	0,01907578644742965	18960	0,070870308780449587
18970	0,0029990906582229256	18970	0,070227339310720449
18980	0,0050853553614647615	18980	0,075906551956056167
18990	0,014829687197241254	18990	0,081093859173564153
19000	0,018941881735962618	19000	0,075520689175652217
19010	0,018639698861032897	19010	0,06544992774127617
19020	0,021946396665231897	19020	0,0795598319165241
19030	0,026693571846977276	19030	0,078106024396104534
19040	0,021650707089450997	19040	0,076809254331133114
19050	0,022038290043079757	19050	0,0702790897945517
19060	0,027602057740276732	19060	0,082091010977050141
19070	0,030723881942873392	19070	0,072996639986210143
19080	0,022826837126884832	19080	0,084667821504638169
19090	0,013344088301772542	19090	0,075386560281150927
19100	0,034373981904548566	19100	0,078165955874925461
19110	0,010420989004572919	19110	0,070681889028324993
19120	0,008160688614527371	19120	0,067452251589258688
19130	0,031199583279101391	19130	0,071536734720792111
19140	0,016144382259170632	19140	0,066783586250195662
19150	0,023626423358807505	19150	0,092019503160825356
19160	0,020932009498707403	19160	0,07096403914260925
19170	0,00930216562382542	19170	0,074814467751727
19180	0,025036639803405827	19180	0,072969910433678439
19190	0,0074221300842096313	19190	0,0824001207302369
19200	0,019658668592914666	19200	0,069648891770156068
19210	0,018940483818803148	19210	0,056641235433718705
19220	0,017557788701214234	19220	0,08287866854359
19230	0,027446673692041915	19230	0,0717391026070864
19240	0,020042012358511437	19240	0,081059235261471185
19250	0,019776411888684363	19250	0,069404350318713282
19260	0,010001800604471004	19260	0,062570500839485288
19270	0,025397123228627406	19270	0,079162066885213267
19280	0,024907771014093485	19280	0,067575359882870348
19290	0,016012665993721531	19290	0,084233459427817778
19300	0,018223358708109448	19300	0,074773059802237
19310	0,01251697427017198	19310	0,0660239122257167
19320	0,012064716709217603	19320	0,066166776808842462
19330	0,020614522837811643	19330	0,072061382659506359
19340	0,014372394431266332	19340	0,065136032849129291
19350	0,014132164472643429	19350	0,078186412570316763
19360	0,019846328929523833	19360	0,074120928454222912
19370	0,017662734030369776	19370	0,088474889752085742
19380	0,0079987901476538236	19380	0,081389413041450018
19390	0,023905995821421756	19390	0,078121568020918783
19400	0,022473361702329022	19400	0,061457210893446225
19410	0,013182894749699997	19410	0,077112935550836217
19420	0,023280541228539692	19420	0,069426311157956846
19430	0,017472625688270203	19430	0,070798108278973745
19440	0,020501248514198066	19440	0,0681077548872848
19450	0,031148285871626706	19450	0,072317958593452691
19460	0,023235861381731924	19460	0,0790630971008054
19470	0,027172303794839515	19470	0,077692409137752022
19480	0,016705671927422061	19480	0,074387931072259661
19490	0,0082203701677564418	19490	0,075936107007763348
19500	0,017711125716399385	19500	0,068532952529281876
19510	0,017712648848720015	19510	0,066866100929755409
19520	0,020684534876074214	19520	0,082552580440648962
19530	0,012149946515785248	19530	0,0804627102460405
19540	0,020646795982221262	19540	0,0778146990723451
19550	0,033637072317843381	19550	0,076887255732361576
19560	0,018854052556371383	19560	0,081066025930548263
19570	0,0056045018696193908	19570	0,068097150764873979
19580	0,025391680282410779	19580	0,076631900432258732
19590	0,023737638926931939	19590	0,082857016436061082
19600	0,0059986685559113937	19600	0,049985637295787928
19610	0,022872428300425945	19610	0,081641191880798658
19620	0,017588193075042256	19620	0,07459360431693321
19630	0,029048727409287871	19630	0,070936924260921214
19640	0,0094213794145075018	19640	0,081483644821027018
19650	0,012559515907971986	19650	0,078318705092876639
19660	0,01893936338347281	19660	0,077703882488868628
19670	0,01250843249223809	19670	0,068996365599312326
19680	0,014948680734076843	19680	0,076100872194904287
19690	0,021849038846267661	19690	0,0748336694852691
19700	0,0073510263206969777	19700	0,072551706721293865
19710	0,012458011750203561	19710	0,08766875077908734
19720	0,021869681914385913	19720	0,06949878898984499
19730	0,013505681590276823	19730	0,079674599103511448
19740	0,024210588759822321	19740	0,080827676947760926
19750	0,028475398580948184	19750	0,073421253551637491
19760	0,025896435092187697	19760	0,069985734463303167
19770	0,017461432831076266	19770	0,086142121716961423
19780	0,0073653032074985011	19780	0,071676388929936288
19790	0,028761282388687723	19790	0,065333553895096555
19800	0,013902608110455067	19800	0,079346579554526966
19810	0,0051618580175346439	19810	0,074498405161716116
19820	0,0089083088020121947	19820	0,07394842255638337
19830	0,016363701113489757	19830	0,067162413582850661
19840	0,023620974368603907	19840	0,074090545077292944
19850	0,0099504524864757263	19850	0,075059870617621816
19860	0,035658862375215671	19860	0,087228742551226382
19870	0,025480500282050931	19870	0,075649007094475459
19880	0,020403194170444682	19880	0,078659229667882344
19890	0,012866592944581427	19890	0,063477485679243842
19900	0,009892360166380126	19900	0,059894978803722076
19910	0,017096096262033508	19910	0,076553440657582142
19920	0,012185459448787494	19920	0,070063757906012367
19930	0,032186195986193843	19930	0,088399616453744542
19940	0,0092712984969923022	19940	0,070126928540836839
19950	0,022969232568467172	19950	0,076605195952214683
19960	0,02609822273933092	19960	0,077083185924188433
19970	0,01144657013836816	19970	0,067523972119753944
19980	0,019687606222156227	19980	0,065350429899885182
19990	0,011564260846022637	19990	0,0682819090033973
20000	0,023650377812089167	20000	0,080814612158187707
20010	0,01753684960736417	20010	0,0736828812249202
20020	0,027663355851500926	20020	0,078531305448729341
20030	0,018680565420132193	20030	0,069415141672705058
20040	0,013645161448766905	20040	0,07559862155615843
20050	0,016314121061979724	20050	0,0755914950768573
20060	0,025773808110061292	20060	0,067033595114740774
20070	0,0054054589646343092	20070	0,084914823214362486
20080	0,036715796721556525	20080	0,083218720490052731
20090	0,016339269014151867	20090	0,075282851393732086
20100	0,016195023616723377	20100	0,067289634700336151
20110	0,00504227928250117	20110	0,065455447357942773
20120	0,027120733477391107	20120	0,0839734884145545
20130	0,020281083291984629	20130	0,081704829095906317
20140	0,023495984095113154	20140	0,0748730723978049
20150	0,016095789643088353	20150	0,064482581511673229
20160	0,018120829596032589	20160	0,07133964386967967
20170	0,022879441541604241	20170	0,068089203661213543
20180	0,022932670047173705	20180	0,065960637625168322
20190	0,015569258395733327	20190	0,077614542438275785
20200	0,025482700457713559	20200	0,065304630070880526
20210	0,015006748251141525	20210	0,072350709497772711
20220	0,02235158693516795	20220	0,072832195072480566
20230	0,026062810102403727	20230	0,076020151802163718
20240	0,023775591603785125	20240	0,089180043583714785
20250	0,026168033136343777	20250	0,070745502544569655
20260	0,016966526549743136	20260	0,074458925530822187
20270	0,020625351803058231	20270	0,075020819113795573
20280	0,020970482469706404	20280	0,062777159264481519
20290	0,029866712921537277	20290	0,076809170665339682
20300	0,026016095151772851	20300	0,071764107840854088
20310	0,024477295635252552	20310	0,066634002114224308
20320	0,015543316235622415	20320	0,0748020346132713
20330	0,024060433302183375	20330	0,067005724216109411
20340	0,017785656965972691	20340	0,0673905164849344
20350	0,0081127410378215182	20350	0,060583153075308108
20360	0,016111592871087075	20360	0,076996959413085028
20370	0,033010647307651929	20370	0,077367567842313412
20380	0,017090145180569644	20380	0,075646841644513477
20390	0,018627409867262842	20390	0,064045752780636345
20400	0,029032278323571897	20400	0,075062353642849688
20410	0,000690774073437519	20410	0,072343178382578213
20420	0,019531934630802123	20420	0,068618099746574887
20430	0,013669810968886706	20430	0,067027190249407953
20440	0,027115328211551621	20440	0,064585338474457785
20450	0,020448331775026096	20450	0,084728978006370151
20460	0,015621241368371199	20460	0,083764069975537953
20470	0,013550761004238033	20470	0,068223557233433485
20480	0,026747185351261239	20480	0,064408752807600778
20490	0,011363365798449241	20490	0,069265915936529948
20500	0,021370760054140178	20500	0,070473119322307848
20510	0,025229442851176384	20510	0,079040372482233862
20520	0,03053332345734748	20520	0,064633259268003063
20530	0,015836694835785405	20530	0,070688433933591907
20540	0,036421656109409194	20540	0,093707873750887211
20550	0,018628809866982354	20550	0,070833672698402517
20560	0,025510952252035132	20560	0,072205470279971387
20570	0,021436805694344377	20570	0,081231460368081015
20580	0,022191078093437594	20580	0,072682172952679786
20590	0,0072125759709512679	20590	0,071989152785566321
20600	0,027988379396155557	20600	0,08029381118138347
20610	0,016795856579936964	20610	0,063954394716945279
20620	0,018979429541974374	20620	0,071154996732252576
20630	0,016561371153652603	20630	0,074439406030362879
20640	0,0052543891833206754	20640	0,082583607902048439
20650	0,013771738028401806	20650	0,070476352009036583
20660	0,027939589369963193	20660	0,0881043192805346
20670	0,01150832595213137	20670	0,070848498071587343
20680	0,024277908495573163	20680	0,067067954396078544
20690	0,027605585370603376	20690	0,0913659395810782
20700	0,01030415719486916	20700	0,071966405700564812
20710	0,019838535643837567	20710	0,070976837275658858
20720	0,018675184134923525	20720	0,068560966794683667
20730	0,019857288350702586	20730	0,06798733585257595
20740	0,011582099584300874	20740	0,077886200956048257
20750	0,021647491234674097	20750	0,0657936371740582
20760	0,023896537666007835	20760	0,075013279166341235
20770	0,025427042034727985	20770	0,0690273537268744
20780	0,025635969938838262	20780	0,079294217974397591
20790	0,01475312427409654	20790	0,0830846839787752
20800	0,020847126563251127	20800	0,077882777312591328
20810	0,018505691272378492	20810	0,071993295447381644
20820	0,015180076123234543	20820	0,073968241728781456
20830	0,021993354121630494	20830	0,075701300109897
20840	0,021251424448566633	20840	0,068184184177876084
20850	0,017273768503847275	20850	0,068366397441428986
20860	0,0060239102739449175	20860	0,0836038919919868
20870	0,013936065004212761	20870	0,0705371361297602
20880	0,024850149230288603	20880	0,060190268502601341
20890	0,021135845444968587	20890	0,079959001794727813
20900	0,0265012887466152	20900	0,080950281035809368
20910	0,014892908073621218	20910	0,068962041600604138
20920	0,0051503264937296078	20920	0,076218627154626878
20930	0,021978626368113791	20930	0,076250584469239879
20940	0,022765728201329858	20940	0,073533764066399776
20950	0,022368044904408288	20950	0,086626611947254309
20960	0,016263673637014319	20960	0,0632553528850666
20970	0,021668909118690707	20970	0,069081444006879156
20980	0,012716343727253032	20980	0,087997141613263843
20990	0,0160620534778826	20990	0,07944979479642085
21000	0,016087215830857874	21000	0,063704070044503042
21010	0,018242508876041123	21010	0,0667891186552745
21020	0,015724046462279595	21020	0,0854081921632009
21030	0,012830495970641051	21030	0,069587771502646126
21040	0,010012294521140535	21040	0,080551275320567051
21050	0,021266583912404779	21050	0,091215634219077177
21060	0,021215666192567689	21060	0,063810279545515158
21070	0,020234199202682168	21070	0,078016593617725227
21080	0,023273715655690651	21080	0,067977136824458079
21090	0,017630426936133752	21090	0,080407196629969632
21100	0,022018897265612174	21100	0,076406724743210169
21110	0,016194902692699072	21110	0,0742349294576512
21120	0,029332284086699467	21120	0,0713559260552136
21130	0,0051821590144488852	21130	0,061607065020380353
21140	0,0098823745913331554	21140	0,085192120883874886
21150	0,020528679202545568	21150	0,05611555157229238
21160	0,013492170301202661	21160	0,071697122347962342
21170	0,015852761473128543	21170	0,075415007944552651
21180	0,022453034747016737	21180	0,058097457917893731
21190	0,020105425346929995	21190	0,070287871317944284
21200	0,014590560105821215	21200	0,071639175752094608
21210	0,01562140676694912	21210	0,074618815590329859
21220	0,013024274992552275	21220	0,069013827680879478
21230	0,012920479388391817	21230	0,058900831826331268
21240	0,021270730668048805	21240	0,062550248504044212
21250	0,025247456929145585	21250	0,0716418868602697
21260	0,01560615036044173	21260	0,06704445293875512
21270	0,010578408440972411	21270	0,089313930032198119
21280	0,028608429005693589	21280	0,062380827198044234
21290	0,010364630872328716	21290	0,066360821786121835
21300	0,010131442381479155	21300	0,074991723271746039
21310	0,024371024748857956	21310	0,07457003233337306
21320	0,015066372607255262	21320	0,068991967149752434
21330	0,029596836796748717	21330	0,082605615848084055
21340	0,014360834897182569	21340	0,071634308563643487
21350	0,029991089942799365	21350	0,074408863841097433
21360	0,014504563465697621	21360	0,069554896318358928
21370	0,016951629023951406	21370	0,0700669195756779
21380	0,032815175915833855	21380	0,084136040937358186
21390	0,0032088176676499302	21390	0,070125807426139872
21400	0,021234365122238707	21400	0,06949367745411536
21410	0,0371214368444765	21410	0,0803748308633667
21420	0,0048562747445683755	21420	0,071003722296476182
21430	0,033101341035787393	21430	0,059673578609165584
21440	0,021954849536139638	21440	0,088813397142916056
21450	0,0077533309021317991	21450	0,077894741562818434
21460	0,030416746326569193	21460	0,067286054328803038
21470	0,017159455170361826	21470	0,071988731769274783
21480	0,019264580322174017	21480	0,07474632259638983
21490	0,01119074423955684	21490	0,073618594058202577
21500	0,024216890461253228	21500	0,068029665225722916
21510	0,025228599217076153	21510	0,0732489257745834
21520	0,023211112836549277	21520	0,069523363637895366
21530	0,019097802774218037	21530	0,091717729060230707
21540	0,0096472349776542277	21540	0,084939607049854537
21550	0,013625104145868854	21550	0,072363054547629535
21560	0,023154777168473695	21560	0,080465023372290542
21570	0,022608444887894836	21570	0,073977971829924521
21580	0,018725173080281494	21580	0,081307464895235423
21590	0,014897282245454309	21590	0,077532341560364482
21600	0,023071358862531997	21600	0,074327109951634232
21610	0,017515464668521906	21610	0,070125689941356734
21620	0,026633296011227589	21620	0,085781903157312253
21630	0,033319288074815677	21630	0,070024651815333308
21640	0,007795764972701404	21640	0,081057261922186125
21650	0,011709878660092326	21650	0,063628137748530822
21660	0,026243744102272763	21660	0,071230332274185043
21670	0,01913995146544754	21670	0,088644474531788864
21680	0,013844996281483106	21680	0,061551132260692622
21690	0,01320841889747231	21690	0,0807564421111936
21700	0,019001897272004381	21700	0,085580024406341382
21710	0,031940813114373849	21710	0,072275539698944791
21720	0,013767790342141642	21720	0,077248705010677723
21730	0,030308701819877312	21730	0,05572068089297301
21740	0,0035277962394312926	21740	0,071943080619157024
21750	0,011484750853422045	21750	0,072217834421181445
21760	0,012949673432852263	21760	0,069895951620576977
21770	0,017573213211857796	21770	0,068570346268647664
21780	0,012858738753837968	21780	0,058166595485527862
21790	0,019313836164258531	21790	0,0796283254338754
21800	0,029602323297869569	21800	0,078687907030995069
21810	0,029583827517016732	21810	0,072634698018967256
21820	0,023604103340343754	21820	0,069544189248041482
21830	0,013082410325697753	21830	0,0738880363152838
21840	0,013798940546066339	21840	0,078814302712132522
21850	0,013175847274365996	21850	0,057390290848598639
21860	0,016441061596499593	21860	0,073666822975278018
21870	0,027345589080626308	21870	0,071097677797859887
21880	0,017906432499541065	21880	0,079198958507506079
21890	0,013993851832949298	21890	0,069026895616399214
21900	0,016542559187890715	21900	0,072197023518835349
21910	0,020949996532259096	21910	0,073578251314429355
21920	0,0084001948498069953	21920	0,080150480114376838
21930	0,027834263009140044	21930	0,080159005458456292
21940	0,020123463274594921	21940	0,0745113022346514
21950	0,0091116032838801757	21950	0,076230284757188821
21960	0,019129176989503203	21960	0,061287959583195252
21970	0,03088844815993896	21970	0,081791671268458377
21980	0,031392697619630809	21980	0,077163461148412188
21990	0,021138167432485429	21990	0,0728757949089833
22000	0,014658693303284507	22000	0,073991883028464031
22010	0,027291052290970237	22010	0,07346965325541148
22020	0,011346178918107771	22020	0,071191489072853192
22030	0,022781855661074109	22030	0,065955258467488675
22040	0,0010830368620301327	22040	0,0779808512886415
22050	0,0076548820970023888	22050	0,0691920668107113
22060	0,019824625576853952	22060	0,073545863148152063
22070	0,027404479423683417	22070	0,074451747035714236
22080	0,032821843095422888	22080	0,068850329008060748
22090	0,012506227208335306	22090	0,054890109377442216
22100	0,010140527908682738	22100	0,074758191231087193
22110	0,0265797334964374	22110	0,0817295053493107
22120	0,022102630600089858	22120	0,066586941568947469
22130	0,016715155672673895	22130	0,067066123505456959
22140	0,027671612330349194	22140	0,072885788726037654
22150	0,030502958065676312	22150	0,079200454027729239
22160	0,016986905186061954	22160	0,078516065641767482
22170	0,023226269742003258	22170	0,081687284519685183
22180	0,0043078300901231194	22180	0,077806333470769456
22190	0,0079912288830912177	22190	0,070805752162210647
22200	0,024209840542141776	22200	0,071230565064111559
22210	0,020310650346908439	22210	0,066951922629278834
22220	0,013721602586297923	22220	0,07186138782580094
22230	0,02256293905063253	22230	0,073837811648753485
22240	0,021006596795457185	22240	0,0695794953042645
22250	0,028728838976348436	22250	0,076798309181287411
22260	0,01690433928193278	22260	0,069093399937265126
22270	0,0018698979123534607	22270	0,0714588042504765
22280	0,026750107730171051	22280	0,086286462108612724
22290	0,0082039503718468656	22290	0,084911968544646513
22300	0,015157552658569736	22300	0,0675690119043537
22310	0,011904681539932989	22310	0,06756914590776511
22320	0,021100192543998631	22320	0,076468519645497349
22330	0,03163386317931479	22330	0,089934300652969756
22340	0,020203448786209714	22340	0,07052344051725816
22350	0,0059377218499466512	22350	0,078900698006055633
22360	0,01666761413146883	22360	0,069823896609571959
22370	0,028825216909968383	22370	0,082202208214402744
22380	0,023959893661962762	22380	0,062774412890211476
22390	0,013947239030129371	22390	0,07297292598408113
22400	0,014858232101236966	22400	0,078816509980157143
22410	0,019788899750374865	22410	0,087146651053321852
22420	0,02082277165113533	22420	0,077104572501281013
22430	0,013657281762391884	22430	0,072850572620956067
22440	0,018751536622300103	22440	0,0746861297254192
22450	0,025263123467509842	22450	0,074298057179100707
22460	0,0244026411740859	22460	0,079366019888307729
22470	0,0038825534018300961	22470	0,074256144513108038
22480	0,019836444224319495	22480	0,0645071598099998
22490	0,026548082069187035	22490	0,085157120285517321
22500	0,031634970536782964	22500	0,069840627068804409
22510	0,0088447296822176773	22510	0,088267187291506857
22520	0,025160442351544056	22520	0,069175566468290248
22530	0,018481599085018934	22530	0,080712538477797149
22540	0,0068485566454978527	22540	0,080953014035147319
22550	0,013726302518197099	22550	0,080025187710464754
22560	0,03324148735303431	22560	0,066360949283093
22570	0,013861703603332658	22570	0,063470866307038479
22580	0,018497169330299667	22580	0,065015971405324419
22590	0,013968937942814378	22590	0,083923177410814
22600	0,019616261577935008	22600	0,0737923996144483
22610	0,026974846128781378	22610	0,078451117262275827
22620	0,00042784582011976853	22620	0,067383169964821174
22630	0,0073769918251055519	22630	0,076200858449213718
22640	0,00889845297026516	22640	0,0750081237758434
22650	0,021123016593420609	22650	0,068736571748638037
22660	0,032764729765246532	22660	0,080721645481284465
22670	0,020338687394301565	22670	0,077033851952667987
22680	0,025423686391670516	22680	0,077109308533879081
22690	0,012245373917860632	22690	0,06011745524324355
22700	0,010545793822260938	22700	0,074793700532694962
22710	0,025433418494364833	22710	0,074993101169879645
22720	0,010799462138853024	22720	0,0645689240723769
22730	0,0086136479677394618	22730	0,070097512256517849
22740	0,022397810930707127	22740	0,0793756305052848
22750	0,013779973566136534	22750	0,078474690511214515
22760	0,013358405881880817	22760	0,079324043624715637
22770	0,019336556388726781	22770	0,0775666595050697
22780	0,030143866221999729	22780	0,074773365752606652
22790	0,035156104513767036	22790	0,070042816901455168
22800	0,011253266844116089	22800	0,075971904402818674
22810	0,022706274936435036	22810	0,077235847139606031
22820	0,025927024409972944	22820	0,070644664012929542
22830	0,028178043329584155	22830	0,066519282857131226
22840	0,017102280671843641	22840	0,078975564855682773
22850	0,034635127308725484	22850	0,077999423118414346
22860	0,023034129471563945	22860	0,096153476559268841
22870	0,031035231963125558	22870	0,068753170275164227
22880	0,043373994581296108	22880	0,087041414858766361
22890	0,00063871801248822772	22890	0,066211071230105972
22900	0,00752461524571828	22900	0,067214377894272023
22910	0,01529173199219872	22910	0,065947260057972759
22920	0,013234353642864955	22920	0,076733249969223621
22930	0,02585906613752734	22930	0,085774596320302779
22940	0,02236484018573243	22940	0,070040417743375535
22950	0,036915235831283359	22950	0,068315422874391532
22960	0,019427800543826753	22960	0,068925752614476921
22970	0,024791102448198817	22970	0,077774357053107521
22980	0,017832224813817327	22980	0,064418546420725753
22990	0,026633971438971192	22990	0,085820563304530612
23000	0,011287484382230062	23000	0,068028697901317478
23010	0,01941030550553462	23010	0,08499064885079248
23020	0,018606981910996478	23020	0,068549166502147832
23030	0,031239351051057958	23030	0,076900400152007567
23040	0,022826587031557911	23040	0,069054426528708815
23050	0,031158585369124282	23050	0,073454260654070042
23060	0,0084373380519475356	23060	0,065791862430351539
23070	0,015241819526268147	23070	0,0630015815820016
23080	0,033486044090883925	23080	0,085988289051838418
23090	0,030880745667168308	23090	0,073906209141071724
23100	0,03256599577264617	23100	0,068275664258370741
23110	0,0088469978195361357	23110	0,066185056135067227
23120	0,030281891777159328	23120	0,080911625431841744
23130	0,032004962236420811	23130	0,067553774909296135
23140	0,025439639562858104	23140	0,062409615408779893
23150	0,019760579972085246	23150	0,0561608674212413
23160	0,020609268062358004	23160	0,078560861439840465
23170	0,013176372350677605	23170	0,086879896819464661
23180	0,021443802406377353	23180	0,074036758192245061
23190	0,021900431831164021	23190	0,0797515498727333
23200	0,013508529079268144	23200	0,066440763568686043
23210	0,024996721875104912	23210	0,073630226676753924
23220	0,012670344839187546	23220	0,0727849708031664
23230	0,032075725811600668	23230	0,070720723104032976
23240	0,018555728758689216	23240	0,061191882452531335
23250	0,01619722955735264	23250	0,062673774209238975
23260	0,030004809960500912	23260	0,08328124747602722
23270	0,01179836288901784	23270	0,080265618247213
23280	0,021500665360682791	23280	0,068573670798430283
23290	0,021964783169092728	23290	0,078464535414962455
23300	0,031057508538808593	23300	0,07455017445143447
23310	0,031446403792119375	23310	0,08198234281588318
23320	0,031300052902696551	23320	0,075715632017618092
23330	0,028834147910064219	23330	0,086879437775948185
23340	0,01880995530895541	23340	0,066764924658803709
23350	0,020315389797499962	23350	0,057479624676116177
23360	0,021996360602449853	23360	0,0656449808150851
23370	0,022321502626762246	23370	0,076473791898533983
23380	0,004297086201963069	23380	0,0770113787316588
23390	0,00915123006844717	23390	0,087699609498202352
23400	0,00850207063386196	23400	0,060617298124090627
23410	0,013006214354757148	23410	0,067896506996263789
23420	0,030205046922286937	23420	0,076842287033060425
23430	0,022918452970206893	23430	0,069649372257293507
23440	0,018679608480492289	23440	0,087189342043498541
23450	0,021309196339944065	23450	0,079823031620491383
23460	0,01679326468008057	23460	0,066422242646592244
23470	0,017289897916049162	23470	0,0762736383018369
23480	0,021893026123144862	23480	0,071777496582951433
23490	0,023608237100256439	23490	0,077550282369360041
23500	0,023769416306115138	23500	0,079226824440863319
23510	0,025432282520724912	23510	0,073063797289554241
23520	0,024024873500829533	23520	0,072830635283362241
23530	0,0063242591962790057	23530	0,061971362741957636
23540	0,0094854072897268653	23540	0,077344005893874385
23550	0,017949021452680552	23550	0,082511928303821716
23560	0,0094955484710526929	23560	0,085168005290387191
23570	0,00831978462339307	23570	0,072309260993749944
23580	0,010905115179970589	23580	0,0833007265834735
23590	0,034821146236924991	23590	0,07562707717326
23600	0,017475768283781858	23600	0,073617587765444581
23610	0,031750067506359635	23610	0,082729871497800284
23620	0,002267049919789408	23620	0,0719703689021681
23630	0,024478366606434911	23630	0,063932820742513885
23640	0,032540249061589623	23640	0,0797755864254587
23650	0,0073418048193210177	23650	0,07426626635332062
23660	0,0060916148913488632	23660	0,070774698010456411
23670	0,023727853714242509	23670	0,072489503183422385
23680	0,033009307774165213	23680	0,0721721639339737
23690	0,022704208728859074	23690	0,066189444829460292
23700	-0,0035312030518050669	23700	0,075711910808956839
23710	0,012143311219175368	23710	0,073181328056910813
23720	0,019810222086989949	23720	0,054681596874542882
23730	0,016335124339869722	23730	0,071700692054322113
23740	0,022713467579180417	23740	0,076419952729593357
23750	0,017966607112679781	23750	0,067331907371897343
23760	0,027745933155126877	23760	0,075307552539569292
23770	0,020070118141574427	23770	0,0762364840728871
23780	0,031050924851767976	23780	0,066928418242320736
23790	0,019108511479797693	23790	0,0668186899680436
23800	0,026750397381168155	23800	0,072061278061406442
23810	0,023859733223447751	23810	0,072721390511636272
23820	0,014743339348445857	23820	0,066429357574537856
23830	0,018110490638899607	23830	0,079679187200515256
23840	0,0080058963442891286	23840	0,073468194209942869
23850	0,0292653395451278	23850	0,074320364279720913
23860	0,014260441971743885	23860	0,08557791933774947
23870	0,015517767345652966	23870	0,060763070122863611
23880	0,024811915215635645	23880	0,078786336054663217
23890	0,0011950653703803587	23890	0,068237910626516324
23900	0,017387410866911646	23900	0,084945023893146746
23910	0,012100129895663206	23910	0,077346896216906644
23920	0,024308110213537244	23920	0,071902643808135408
23930	0,031772114766371345	23930	0,082597951292814942
23940	0,0292662135714364	23940	0,079348487990146252
23950	0,017803056493918151	23950	0,0763101842219277
23960	0,013798376151192209	23960	0,075834971854459407
23970	0,019753000733576272	23970	0,075652683046201111
23980	0,027305979634743332	23980	0,073144690823425521
23990	0,011580257111637555	23990	0,08030501695721505
24000	0,024424123997635792	24000	0,075473666140334836
24010	0,034320552945830508	24010	0,075395753717969027
24020	0,00425473400820671	24020	0,078678038748678708
24030	0,012192747897010572	24030	0,048015467268876878
24040	0,0185285838296387	24040	0,073601560714757722
24050	0,015506293941422944	24050	0,094936294696981074
24060	0,0086980963199986619	24060	0,072695412278763166
24070	0,023852393500722616	24070	0,070817478987126342
24080	0,021389457309909432	24080	0,083567156693189065
24090	0,030368037482078402	24090	0,0712158999125873
24100	0,020099180953749109	24100	0,06985418933864676
24110	0,017945670150026807	24110	0,078549442232658528
24120	0,020062353002803072	24120	0,081929671327291162
24130	0,015831999323074109	24130	0,073773967585213568
24140	0,024798671642721728	24140	0,080694705245303061
24150	0,032567154069873379	24150	0,0699378434473681
24160	0,00057183551626616114	24160	0,068678817602913791
24170	0,014524039403486812	24170	0,073403528033069945
24180	0,030788692138252735	24180	0,0716565266392958
24190	0,019340963659658789	24190	0,0862153635292918
24200	0,012584037752636808	24200	0,067465124236743418
24210	0,0098665092573961433	24210	0,065253926507179552
24220	0,0227592519048715	24220	0,089007889567770546
24230	0,029687812179039666	24230	0,062355855482320387
24240	0,025360957836973189	24240	0,075509594893689608
24250	-0,0023987136172613339	24250	0,068550281276649555
24260	0,014499072921644544	24260	0,064644491775098054
24270	0,0052607735172761688	24270	0,080444264764328269
24280	0,018861156111291515	24280	0,067645136176272325
24290	0,024733550492460659	24290	0,078322194641027229
24300	0,020098072191964945	24300	0,075536844182933938
24310	0,020966702582228353	24310	0,068403542633155789
24320	0,026462192277050628	24320	0,063018636044482171
24330	0,022499458265053448	24330	0,082166477599178167
24340	0,020017316529813194	24340	0,07354232587030389
24350	0,041365640180369666	24350	0,07234137994231879
24360	0,037338965582871128	24360	0,081746291473833485
24370	0,021434611696762126	24370	0,077862821800598642
24380	0,02215062246496181	24380	0,072448943550826636
24390	0,021893890753204269	24390	0,07437509072739891
24400	0,022749117398727557	24400	0,079692574049631329
24410	0,020974986107598528	24410	0,05976171846886761
24420	0,02671153805889695	24420	0,083769583111406684
24430	0,017338524054333934	24430	0,083137459563415658
24440	0,02109834602179602	24440	0,0871273582554379
24450	0,023780666552665912	24450	0,067499154386664137
24460	0,024024487813360779	24460	0,092099969918579008
24470	0,012617996879627851	24470	0,075812990088131846
24480	0,024557057501158119	24480	0,061325946527034825
24490	0,0080792972544102316	24490	0,08168408491914618
24500	0,028750134957245065	24500	0,07253150956380662
24510	0,023624993900183976	24510	0,076349831079107464
24520	0,02121617458744867	24520	0,060022549881543978
24530	0,0053585776742462012	24530	0,081412405873919638
24540	0,017564396837121226	24540	0,075264793816226708
24550	0,011118411030895595	24550	0,067293079905478337
24560	0,018028597716750215	24560	0,081175094080771462
24570	0,017352104739888942	24570	0,079681570774430846
24580	0,01740328819371019	24580	0,07834109592107398
24590	0,020332756762347061	24590	0,0772303461459352
24600	0,014500816597824625	24600	0,058424925728391537
24610	0,014327982924279933	24610	0,084470417673928946
24620	0,02683717126725688	24620	0,085012474740450539
24630	0,019258829218886372	24630	0,0723453592910669
24640	0,026400316709019715	24640	0,069749383279743282
24650	0,0233681836593526	24650	0,070380493411360809
24660	0,015667869233693264	24660	0,072316264435086292
24670	0,014914481750047004	24670	0,065551032501292059
24680	0,011811508923301151	24680	0,0709311783927729
24690	0,021689064586168247	24690	0,077904138739753437
24700	0,0083280427847941367	24700	0,062432995808916668
24710	0,02482678671666497	24710	0,068961062845959792
24720	0,016886993480209216	24720	0,073845068409746389
24730	0,021843389822981778	24730	0,080512723756232613
24740	0,033104334241676268	24740	0,08096150542243831
24750	0,010061657280298874	24750	0,0773806001128193
24760	0,029168916870202378	24760	0,07594088515727726
24770	0,021434639816605438	24770	0,072849255902947357
24780	0,0022804625286179142	24780	0,0556914824635693
24790	0,015239764353354285	24790	0,083835838988170874
24800	0,017877271124908688	24800	0,063284002160496192
24810	0,018262617089344086	24810	0,085511023683194326
24820	0,019006086333584391	24820	0,0841953480485277
24830	0,013004460469765432	24830	0,06247130562020381
24840	0,022347103344110036	24840	0,072653252360556766
24850	0,026713966546146762	24850	0,0658787665172374
24860	0,0323777226574839	24860	0,072928340793401825
24870	0,017755989338304662	24870	0,074388963009542938
24880	0,022631359369276533	24880	0,078460269934216939
24890	0,025580724789727192	24890	0,067951409819551944
24900	0,0021503338655626128	24900	0,068284527464927289
24910	0,023215003666749428	24910	0,0776046461871025
24920	0,013287304675659509	24920	0,06981576096281629
24930	0,012000891409980253	24930	0,067294488730944652
24940	0,020607001431759218	24940	0,078738102269945612
24950	0,020157877606382824	24950	0,063499269412945286
24960	0,021104577999186483	24960	0,07491702053742072
24970	0,016244500597066728	24970	0,07195697201836454
24980	0,023427070934541543	24980	0,07513197215807
24990	0,022180053945500777	24990	0,086700669771706568
25000	0,015026698701876883	25000	0,088009366815580636
25010	0,012194587797241977	25010	0,081165078021997739
25020	0,030798295742013992	25020	0,073964691525830878
25030	0,016266282287044208	25030	0,080469961740702811
25040	0,01373226332489399	25040	0,065699308172412457
25050	0,027682992638602587	25050	0,088030795027636485
25060	0,0081939984800719866	25060	0,07070195294537672
25070	0,0070029873103300251	25070	0,0717891774417662
25080	0,01354566471982113	25080	0,073359135377852436
25090	0,026146797380325128	25090	0,075987852433581443
25100	0,022223004207235941	25100	0,065198326774590976
25110	0,023416409939338096	25110	0,067368159538069808
25120	0,010357944346829327	25120	0,0940328914966851
25130	0,022046268957699979	25130	0,0639077798904775
25140	0,014873278030588574	25140	0,072678311578210253
25150	0,024041073752226614	25150	0,065211006140727973
25160	0,029295978010879371	25160	0,072578893505427816
25170	0,01187830687932262	25170	0,083152174437736912
25180	0,027378791805821558	25180	0,07594224436472681
25190	0,030423352576716384	25190	0,093279275463680547
25200	0,020006680397376138	25200	0,078719730755917275
25210	0,028401955934277759	25210	0,063726826826882174
25220	0,0241862271875017	25220	0,074050707628652887
25230	0,011159942620313461	25230	0,0778895718686961
25240	0,026211137090809692	25240	0,080442751986834274
25250	0,033281982085931881	25250	0,08106076033999679
25260	0,017577740616837107	25260	0,072593281132086268
25270	0,016769720902253565	25270	0,076153112402608872
25280	0,023573610259975078	25280	0,069373056966894844
25290	0,0069178486134970837	25290	0,078308625569807042
25300	0,026865050846877271	25300	0,082888761811825681
25310	0,022644167666368634	25310	0,078286200511647683
25320	0,0031787671566234727	25320	0,058830583465452349
25330	0,012439460458399203	25330	0,065087324029535348
25340	0,018486224893174377	25340	0,080603236931876487
25350	0,024865568967478616	25350	0,068360118106936443
25360	0,023874160600549588	25360	0,075692930927529919
25370	0,010344645582149172	25370	0,0665370695474795
25380	0,031376792742558272	25380	0,081528646672240482
25390	0,024576012769561506	25390	0,068343636536936009
25400	0,02973038261111164	25400	0,072154016837662913
25410	0,031396568975556351	25410	0,070984310187329022
25420	0,021511848125477896	25420	0,07559020154898187
25430	0,024278219237968083	25430	0,0745296064903215
25440	0,0028399654851246235	25440	0,074935954862700327
25450	0,03038641926150519	25450	0,069469948488695921
25460	0,030477429696254159	25460	0,0665909573360317
25470	0,023447373163856432	25470	0,077599675298445345
25480	0,015549175269368096	25480	0,080453842536114317
25490	0,02188226895698631	25490	0,074589588238214322
25500	0,030767030317788067	25500	0,072441504303445578
25510	0,017443747147795164	25510	0,0640845351384853
25520	0,011253807535467942	25520	0,079681764923352216
25530	0,029785125421172964	25530	0,085441437928203662
25540	0,033477799254876837	25540	0,075495903315595775
25550	0,019708418972056253	25550	0,078491677900961523
25560	0,017955353199652968	25560	0,069980957663408783
25570	0,017750352663369696	25570	0,0807316029678323
25580	0,018452481385836071	25580	0,068866225256639435
25590	0,0121232350718286	25590	0,08540801401698947
25600	0,016663567176733188	25600	0,078842264784217075
25610	0,014815707426046425	25610	0,079976396921598469
25620	0,017497794376911957	25620	0,069867612373696708
25630	0,027831594467824031	25630	0,079199840368209956
25640	0,030326695351653287	25640	0,0689682527433472
25650	0,025377664831406369	25650	0,067082225644365182
25660	0,023666899592166907	25660	0,073702668965863916
25670	0,01412924543548537	25670	0,075759314582175663
25680	0,020490464937601892	25680	0,078742464988521416
25690	0,017264816912008596	25690	0,081653285523947364
25700	0,024752662930817071	25700	0,069920304333504421
25710	0,020963896336060561	25710	0,076165167078733415
25720	0,032035690194319635	25720	0,093589167767425943
25730	0,0019125946560097208	25730	0,066110985732170682
25740	0,015405123850405477	25740	0,062729296850340455
25750	0,024090124598888756	25750	0,07477574028116446
25760	0,013132658667408738	25760	0,07573257274057596
25770	0,014156422251197945	25770	0,073538580915107968
25780	0,020372422403308936	25780	0,075411029450322214
25790	0,014992661048573839	25790	0,067210334255734486
25800	0,036526262520057154	25800	0,078251880849130442
25810	0,013399076822881887	25810	0,077245183858865557
25820	0,023913764238346309	25820	0,072566925939357846
25830	0,022417410363794781	25830	0,07681092067307714
25840	0,0081872726626088816	25840	0,062630066572129814
25850	0,0328229055387695	25850	0,083997333193808352
25860	0,020701332173757112	25860	0,074622428636490226
25870	0,029775785601269669	25870	0,082035710065406262
25880	0,035780082406957972	25880	0,077259942134110318
25890	0,01914273919005777	25890	0,0766739803704593
25900	0,011877724500254627	25900	0,081354716615343881
25910	0,0066379271375937013	25910	0,08045726581692407
25920	0,024254517335431425	25920	0,070708867418765559
25930	0,023619455584638679	25930	0,086824502448076685
25940	0,023677510468930102	25940	0,071615168756177142
25950	0,00073334666881162236	25950	0,069683969111572486
25960	0,028086834206325642	25960	0,071998536484573245
25970	0,0319273608525278	25970	0,074838979089253188
25980	0,012539646501973725	25980	0,073698507925642254
25990	0,024546481659972124	25990	0,068341246872484065
26000	0,02512981290023757	26000	0,072070196331108255
26010	0,025154773852462054	26010	0,068319569468425476
26020	0,016441059275308492	26020	0,079193017349755743
26030	0,026423225717320982	26030	0,068162759600069317
26040	0,0083905475256196484	26040	0,085867721976986972
26050	0,010827292757964327	26050	0,071013913397426673
26060	0,024254791277421375	26060	0,067749202147948231
26070	0,021903577477759974	26070	0,0717130864054928
26080	0,021870895355857	26080	0,06835040691229885
26090	0,025387588378416821	26090	0,071944572658713665
26100	0,024203917485178233	26100	0,07413728902153216
26110	0,012700158148124387	26110	0,07310032749058204
26120	0,0069887711799479632	26120	0,088612263094928673
26130	0,035290931408230877	26130	0,0757499715579616
26140	0,004758216565848585	26140	0,0737157897353352
26150	0,027966373259068082	26150	0,079762977064189985
26160	0,021641081416477657	26160	0,062030266119407512
26170	0,024382391672762679	26170	0,083498382184376538
26180	0,0074657561269220948	26180	0,079422845974677622
26190	0,0081313693666493474	26190	0,075647463526804112
26200	0,022615185777156328	26200	0,066577122842825881
26210	0,029982250567468807	26210	0,0771966278983494
26220	0,0306054845502361	26220	0,068213283386979531
26230	0,016495583887489451	26230	0,06402080921849039
26240	0,013934586889218193	26240	0,060449119429685276
26250	0,023044224463371156	26250	0,073925929509998545
26260	0,032127665722946369	26260	0,085142450552134416
26270	0,0027259074803707675	26270	0,077006252275430176
26280	0,01423501818619375	26280	0,083240626232552323
26290	0,013284997295992994	26290	0,069912771986725256
26300	0,013661199595986251	26300	0,068785368319866966
26310	0,035318453467814925	26310	0,065993287806519974
26320	0,019047909998117597	26320	0,0857262701747259
26330	0,029946654117257675	26330	0,079943313294021615
26340	0,0197907277921563	26340	0,076971112593217442
26350	0,032569797700072	26350	0,073629020920214977
26360	0,012440661185792306	26360	0,070074022828267871
26370	0,0074433659887901613	26370	0,081782906667300412
26380	0,017619546393108445	26380	0,082853556065208278
26390	0,010077135605929589	26390	0,066348642364621263
26400	0,018203579879076181	26400	0,059814500003721315
26410	0,019089458367746517	26410	0,077228763975210071
26420	0,015537657915030787	26420	0,062764836553053635
26430	0,027650152828741809	26430	0,076104415933312214
26440	0,037579623039382878	26440	0,0771516942151541
26450	0,02611987626275834	26450	0,072859589572364686
26460	0,013541990249570998	26460	0,070795070595725193
26470	0,021010873796177026	26470	0,077215250611536917
26480	0,011006943560783241	26480	0,071543876599183251
26490	0,0043403497435894186	26490	0,073381854872121829
26500	0,012907523230815791	26500	0,0748480845554068
26510	0,02615114563635404	26510	0,07708328474110121
26520	0,007692204807718624	26520	0,084860512273699673
26530	0,016172972013603203	26530	0,067291320868370544
26540	0,02240256507414172	26540	0,072627899210725752
26550	0,021465032058850506	26550	0,069775751277680167
26560	0,018655456236765493	26560	0,076098467852440649
26570	0,019526850830932474	26570	0,064595803608450172
26580	0,009306582326202335	26580	0,06815921541318315
26590	0,021046646545269138	26590	0,075279838493652732
26600	0,01161516288581352	26600	0,069522668222717313
26610	0,019762434833355054	26610	0,079512432833198241
26620	0,029238216081798534	26620	0,064354128222618115
26630	0,011059586060205014	26630	0,071506230094034423
26640	0,0072607966066599644	26640	0,082637956345631217
26650	0,0215389930439453	26650	0,0745935628150185
26660	0,017700783694212317	26660	0,074549983988949214
26670	0,02677882224370226	26670	0,080487278650734087
26680	0,019461715364319426	26680	0,081998594877219666
26690	0,017842971242791845	26690	0,076467607519200065
26700	0,028345274886910767	26700	0,066836472571929817
26710	0,022734550927689612	26710	0,072863223854254991
26720	0,02324963724291226	26720	0,068264106820853571
26730	0,016045374621488653	26730	0,0809397390803818
26740	0,012529333985416963	26740	0,087003616081740925
26750	0,03037384052230397	26750	0,057267864079523959
26760	0,0341685283827987	26760	0,072331990076021854
26770	0,024155870029966227	26770	0,080362934957253274
26780	0,027823093794798484	26780	0,0780035289454685
26790	0,02456275068817633	26790	0,063038176865476886
26800	0,043692221091264916	26800	0,075190576086507227
26810	0,0074161333207125755	26810	0,058869813765834604
26820	0,0083280962531939572	26820	0,068637763623840192
26830	0,031514825209172918	26830	0,064527176878419565
26840	0,011384331946776816	26840	0,0811955763574377
26850	0,015490308201046648	26850	0,085216576126157753
26860	0,020499888009096683	26860	0,0766228920677863
26870	0,036923467999959422	26870	0,070517841255529068
26880	0,0047038628908401738	26880	0,059125261695692551
26890	0,015825882593161249	26890	0,08391927181435628
26900	0,025734767922619608	26900	0,088348304833084187
26910	0,010819101318860241	26910	0,075326845572477208
26920	0,01995234052605516	26920	0,0650274200489991
26930	0,016736920665783622	26930	0,065520763356378131
26940	0,017589778746990515	26940	0,080477253204479321
26950	0,034760621288309951	26950	0,062281091002402381
26960	0,01845355595697179	26960	0,077368838819304633
26970	0,022374064750894179	26970	0,069452248197484454
26980	0,03054856831968138	26980	0,079723325323415126
26990	0,0149480291925866	26990	0,06150004358271078
27000	0,024691345053875897	27000	0,073938337843892282
27010	0,029009244915384317	27010	0,072689758003622831
27020	0,013573437390606147	27020	0,078905590611303186
27030	0,022365639350389804	27030	0,066500571414003617
27040	0,015117425774390238	27040	0,073740326913620952
27050	0,02117228243052844	27050	0,077212050647639655
27060	0,021863732396819539	27060	0,069703468994715648
27070	0,012483095184290079	27070	0,06979061948499779
27080	0,035233031796248829	27080	0,079501855578271038
27090	0,021043804077121881	27090	0,067085431220876637
27100	0,027925102239517708	27100	0,082886290019773323
27110	0,022507250148773503	27110	0,076344368474737009
27120	0,017765116647412448	27120	0,066685668823003155
27130	0,022976699328169686	27130	0,066276948156213919
27140	0,025634183970270383	27140	0,074825512197034177
27150	0,015379592691594319	27150	0,07490438867654671
27160	0,012797254597656183	27160	0,063075095573189327
27170	0,0084533738792567786	27170	0,074735238219645728
27180	0,020591923701095995	27180	0,074284479502286838
27190	0,019668935415654839	27190	0,070338417058222
27200	0,018842320299905374	27200	0,086086960333883522
27210	0,03393981314786336	27210	0,084407656962731184
27220	0,019461053343691893	27220	0,067449660090562163
27230	0,01963341973546729	27230	0,0669095438289202
27240	0,01468844227089311	27240	0,067519734456607833
27250	0,019216377776792904	27250	0,066127180915720354
27260	0,023339880693624249	27260	0,068689663581555566
27270	0,010849966701179893	27270	0,080546595531980417
27280	0,022103416766683058	27280	0,071950434160001547
27290	0,015887991467942557	27290	0,070599766277036652
27300	0,017923064616771241	27300	0,073799961116193427
27310	0,031079002933911606	27310	0,07878957625312101
27320	0,016119954433542211	27320	0,0784785594099718
27330	0,02772718654889968	27330	0,0789591420870761
27340	0,0052169878474702582	27340	0,063078229399178384
27350	0,013143279693877592	27350	0,086356124171139373
27360	0,024213441106618092	27360	0,069829933242896769
27370	0,01699756194372248	27370	0,076617955556714232
27380	0,014492901872899235	27380	0,070805873951347464
27390	0,027420132929619138	27390	0,066906436544627523
27400	0,032940713428571057	27400	0,070800323500475812
27410	0,018793859965721745	27410	0,060062973213010594
27420	0,0198802851045686	27420	0,071513663460368748
27430	0,033260134082293044	27430	0,077394576767285672
27440	0,011809688509020366	27440	0,0681126480637177
27450	0,012031299097755842	27450	0,079485015113395729
27460	0,01919252993592831	27460	0,081936227777381077
27470	0,022585229879505082	27470	0,078985696053781571
27480	0,023438665855615472	27480	0,069478277199389926
27490	0,03597648156838535	27490	0,084777120831355676
27500	0,01496759686370041	27500	0,068956029604833574
27510	0,023837242099366555	27510	0,068627580233624835
27520	0,020938962064612057	27520	0,061250197978960155
27530	0,021086595493625227	27530	0,077586101912688971
27540	0,014548502655367897	27540	0,074689330904699633
27550	0,015692379759701336	27550	0,0749650862142016
27560	0,00810228846156428	27560	0,071285947635123567
27570	0,0086513036382902721	27570	0,076485180160968572
27580	0,02757037087338907	27580	0,079242930111795645
27590	0,026476166124664493	27590	0,067642963898417521
27600	0,013541647593013908	27600	0,088962678813700055
27610	0,035174782191066747	27610	0,065550741706732557
27620	0,01417592528731545	27620	0,085067112612377829
27630	0,038719438293944052	27630	0,080637729930379265
27640	0,010667612396934943	27640	0,080810638423559344
27650	0,022012675416762644	27650	0,072940774166361952
27660	0,022031261133188228	27660	0,0814978165080905
27670	0,012047283406720779	27670	0,072119679129523218
27680	0,02364858085739693	27680	0,071158129725857652
27690	0,015363490882962681	27690	0,074399046054916929
27700	0,015954315729448679	27700	0,071046297597396585
27710	0,024563591756264488	27710	0,067170877578152766
27720	0,021207960738804824	27720	0,077051603019345244
27730	0,030888305471977216	27730	0,069822822131177353
27740	0,016177006593576883	27740	0,0780030003628978
27750	0,011799568121349701	27750	0,060444155301602763
27760	0,02098408077245369	27760	0,079576226514647408
27770	0,016108861893336317	27770	0,085506107926619
27780	0,017085320129959385	27780	0,063843359344618961
27790	0,011486247435083309	27790	0,077624950238116192
27800	0,015729162781310185	27800	0,0657175469343606
27810	0,0077167804418187182	27810	0,08614889526256625
27820	0,014239210433269582	27820	0,085441693520957013
27830	0,017976434355449579	27830	0,066660779081641766
27840	0,012612893685192682	27840	0,073463199047290179
27850	0,020572743718507359	27850	0,065153047602619016
27860	-0,0023818976756655509	27860	0,076683094876680916
27870	0,012578241284853426	27870	0,085399877213876763
27880	0,034483943005305689	27880	0,0721155008525224
27890	0,026885254183046648	27890	0,084663580215208145
27900	0,018370342338742504	27900	0,0727538091707846
27910	0,018689611487424051	27910	0,075178702469714781
27920	0,025527475162162576	27920	0,0840619392528256
27930	0,021885070656393807	27930	0,07662407793491445
27940	0,017385011162912096	27940	0,063515335210022825
27950	-0,0030023407436966403	27950	0,072598983235662523
27960	0,029091369336008161	27960	0,088039531408332442
27970	0,01357414896758845	27970	0,074834348780260337
27980	0,030365715963022993	27980	0,078691006087827364
27990	0,02669463591454873	27990	0,071871984658816682
28000	0,021090628261642656	28000	0,072078481738455172
28010	0,023425020801751621	28010	0,080812823948578721
28020	0,014254031700222828	28020	0,057882908834473668
28030	0,012358450015552669	28030	0,0663600354847337
28040	0,024116383551020797	28040	0,073131365815028368
28050	0,00888536277762954	28050	0,07219018517665883
28060	0,040910828440874	28060	0,06919608029387532
28070	0,027424834021215452	28070	0,082410168017350821
28080	0,023685916695933694	28080	0,070668451047869382
28090	0,0028579226623901026	28090	0,068559177768246687
28100	0,018461230773123692	28100	0,071203111980192732
EOF
