Name	YT Scope Project	
File	C:\Users\Administrator\Documents\TcXaeShell\TwinCAT_260713\ScopeLog\2026-08-21_AccJarkControl_1600mms.csv	
Starttime of export	134317616998550000	Friday, August 21, 2026	13:54:59.855
Endtime of export	134317617448550000	Friday, August 21, 2026	13:55:44.855


Name	actposB	Name	actposX	Name	actveloX	Name	setposX	Name	setposB	Name	setveloX
SymbolComment	B coordinate.	SymbolComment	X coordinate.	SymbolComment	X coordinate.	SymbolComment	X coordinate.	SymbolComment	B coordinate.	SymbolComment	X coordinate.
Data-Type	REAL64	Data-Type	REAL64	Data-Type	REAL64	Data-Type	REAL64	Data-Type	REAL64	Data-Type	REAL64
SampleTime[ms]	10	SampleTime[ms]	10	SampleTime[ms]	10	SampleTime[ms]	10	SampleTime[ms]	10	SampleTime[ms]	10
VariableSize	8	VariableSize	8	VariableSize	8	VariableSize	8	VariableSize	8	VariableSize	8
SymbolBased	True	SymbolBased	True	SymbolBased	True	SymbolBased	True	SymbolBased	True	SymbolBased	True
IndexGroup	61462	IndexGroup	61462	IndexGroup	61462	IndexGroup	61462	IndexGroup	61462	IndexGroup	61462
IndexOffset	0	IndexOffset	0	IndexOffset	0	IndexOffset	0	IndexOffset	0	IndexOffset	0
SymbolName	MAIN.Xpmover[0].MCTOPLC.ACT.ActPos.b	SymbolName	MAIN.Xpmover[0].MCTOPLC.ACT.ActPos.x	SymbolName	MAIN.Xpmover[0].MCTOPLC.ACT.ActVelo.x	SymbolName	MAIN.Xpmover[0].MCTOPLC.SET.SetPos.x	SymbolName	MAIN.Xpmover[0].MCTOPLC.SET.SetPos.b	SymbolName	MAIN.Xpmover[0].MCTOPLC.SET.SetVelo.x
NetID	169.254.116.218.1.1	NetID	169.254.116.218.1.1	NetID	169.254.116.218.1.1	NetID	169.254.116.218.1.1	NetID	169.254.116.218.1.1	NetID	169.254.116.218.1.1
Port	851	Port	851	Port	851	Port	851	Port	851	Port	851
Offset	0	Offset	0	Offset	0	Offset	0	Offset	0	Offset	0
ScaleFactor	1	ScaleFactor	1	ScaleFactor	1	ScaleFactor	1	ScaleFactor	1	ScaleFactor	1
BitMask	0xffffffffffffffff	BitMask	0xffffffffffffffff	BitMask	0xffffffffffffffff	BitMask	0xffffffffffffffff	BitMask	0xffffffffffffffff	BitMask	0xffffffffffffffff
Unit	(None)	Unit	(None)	Unit	(None)	Unit	(None)	Unit	(None)	Unit	(None)
Unit ScaleFactor	1	Unit ScaleFactor	1	Unit ScaleFactor	1	Unit ScaleFactor	1	Unit ScaleFactor	1	Unit ScaleFactor	1
Unit Offset	0	Unit Offset	0	Unit Offset	0	Unit Offset	0	Unit Offset	0	Unit Offset	0

0	-0,0658232669316468	0	120,0016009451362	0	0,3953380738910931	0	120	0	-0,0663386830915975	0	0
10	-0,072462730931779268	10	119,99986036087582	10	-1,3650438463766554	10	120	10	-0,0663386830915975	10	0
20	-0,0686695985435522	20	120,00130661000445	20	-0,37994253367156788	20	120	20	-0,0663386830915975	20	0
30	-0,062795647322849632	30	120,00067333050363	30	0,34060530207568807	30	120	30	-0,0663386830915975	30	0
40	-0,05743573369827279	40	120,00234179733317	40	0,86172972291252825	40	120	40	-0,0663386830915975	40	0
50	-0,065668896065290736	50	119,99951914327764	50	0,22100756278652514	50	120	50	-0,0663386830915975	50	0
60	-0,069687401503972984	60	120,0000087101394	60	-0,052080143895476272	60	120	60	-0,0663386830915975	60	0
70	-0,063598822086619738	70	119,99998232284348	70	0,073231699731040656	70	120	70	-0,0663386830915975	70	0
80	-0,066106359164368661	80	119,99785536967386	80	-0,22698486372147653	80	120	80	-0,0663386830915975	80	0
90	-0,0716941246674649	90	119,99889677705404	90	-0,12549827467979843	90	120	90	-0,0663386830915975	90	0
100	-0,062978618878079137	100	119,99900772453667	100	0,14199366235683486	100	120	100	-0,0663386830915975	100	0
110	-0,0739098362383384	110	119,99588436780441	110	-0,89074053930913455	110	120	110	-0,0663386830915975	110	0
120	-0,070402951384852766	120	120,00065927302495	120	0,12653026848886895	120	120	120	-0,0663386830915975	120	0
130	-0,065430288942293385	130	120,00034182137071	130	0,324202949311304	130	120	130	-0,0663386830915975	130	0
140	-0,06066292018508692	140	120,00142739106003	140	-0,3275042634482464	140	120	140	-0,0663386830915975	140	0
150	-0,062344001559202084	150	120,00107724078687	150	0,67911627862986523	150	120	150	-0,0663386830915975	150	0
160	-0,062315394239215463	160	120,00112407624135	160	-0,19157835489499647	160	120	160	-0,0663386830915975	160	0
170	-0,0750680385745483	170	119,99692799792412	170	0,16894877626892135	170	120	170	-0,0663386830915975	170	0
180	-0,054840303939340626	180	120,00091669673583	180	-0,39898977898405991	180	120	180	-0,0663386830915975	180	0
190	-0,0717599061462911	190	120,00195080486373	190	-1,3153470374613305	190	120	190	-0,0663386830915975	190	0
200	-0,08396835770384245	200	119,9964206636064	200	-1,3248794645775921	200	120	200	-0,0663386830915975	200	0
210	-0,0664981885712989	210	120,00230511495735	210	0,048869422234945059	210	120	210	-0,0663386830915975	210	0
220	-0,064785644315668189	220	119,99967441472985	220	0,35974745481294246	220	120	220	-0,0663386830915975	220	0
230	-0,066277020035377249	230	119,998223924318	230	-0,75170097142724823	230	120	230	-0,0663386830915975	230	0
240	-0,087272041998664618	240	119,99494168878756	240	-0,73915443120125	240	120	240	-0,0663386830915975	240	0
250	-0,07017224749643465	250	120,00046775572795	250	0,667500220730766	250	120	250	-0,0663386830915975	250	0
260	-0,0629008876355036	260	119,99958032110577	260	-1,1023942057391867	260	120	260	-0,0663386830915975	260	0
270	-0,0646468447096685	270	120,00076711378009	270	0,32600023860516858	270	120	270	-0,0663386830915975	270	0
280	-0,062859865520236521	280	120,00320287930606	280	1,3871547602797709	280	120	280	-0,0663386830915975	280	0
290	-0,06242274281954039	290	120,00047734737369	290	0,74423502313970313	290	120	290	-0,0663386830915975	290	0
300	-0,064766890351919626	300	119,99822680003591	300	-0,55278412326741655	300	120	300	-0,0663386830915975	300	0
310	-0,064039570330683512	310	120,00074335157987	310	-0,14080923950369179	310	120	310	-0,0663386830915975	310	0
320	-0,069246668360457356	320	120,00048914740096	320	-0,26608403967833832	320	120	320	-0,0663386830915975	320	0
330	-0,047901423033282126	330	120,00328541631509	330	0,78691573020041317	330	120	330	-0,0663386830915975	330	0
340	-0,063551460166577881	340	120,00199839888022	340	0,13620153923101175	340	120	340	-0,0663386830915975	340	0
350	-0,070365327325600954	350	120,00040359968459	350	0,69142676137920256	350	120	350	-0,0663386830915975	350	0
360	-0,076134590839538344	360	119,99917799818888	360	-0,57726861776968685	360	120	360	-0,0663386830915975	360	0
370	-0,067488931168970617	370	120,00009280815024	370	-0,17446735698317206	370	120	370	-0,0663386830915975	370	0
380	-0,074580546528525068	380	119,99786579070627	380	-0,51580430531859822	380	120	380	-0,0663386830915975	380	0
390	-0,070172088114979228	390	120,00021034913036	390	0,303653583216812	390	120	390	-0,0663386830915975	390	0
400	-0,071268200040826443	400	119,99848439313365	400	-0,18775348338292641	400	120	400	-0,0663386830915975	400	0
410	-0,071846485301269955	410	119,99751893266787	410	-0,91247572859560488	410	120	410	-0,0663386830915975	410	0
420	-0,060982093796807232	420	120,00170469938333	420	-0,33213732598175782	420	120	420	-0,0663386830915975	420	0
430	-0,06010468149650209	430	120,00139212412488	430	0,35592765539649207	430	120	430	-0,0663386830915975	430	0
440	-0,061439290305042069	440	120,00186663026533	440	0,625827023704403	440	120	440	-0,0663386830915975	440	0
450	-0,064250499597599639	450	119,99849661121733	450	-0,003345216050876898	450	120	450	-0,0663386830915975	450	0
460	-0,06985768038649888	460	119,99764017348257	460	-1,6510017202030864	460	120	460	-0,0663386830915975	460	0
470	-0,07005037022324867	470	119,99913905689949	470	0,38544544481466231	470	120	470	-0,0663386830915975	470	0
480	-0,061158002383785021	480	119,99986364864724	480	0,26251249815819078	480	120	480	-0,0663386830915975	480	0
490	-0,061569400456031043	490	119,9994359283897	490	-0,82467266393148819	490	120	490	-0,0663386830915975	490	0
500	-0,060154161458543874	500	120,00236104701759	500	0,17892615408159879	500	120	500	-0,0663386830915975	500	0
510	-0,0739762286459362	510	119,998868322378	510	-0,56531386895926961	510	120	510	-0,0663386830915975	510	0
520	-0,054532822108747638	520	120,00219706934983	520	1,0005238563966024	520	120	520	-0,0663386830915975	520	0
530	-0,076395598827864716	530	119,99788765676152	530	-0,39539380366556243	530	120	530	-0,0663386830915975	530	0
540	-0,06452463145323839	540	119,99884218929032	540	-0,31912584018087703	540	120	540	-0,0663386830915975	540	0
550	-0,057886864320005317	550	120,00031566062604	550	0,069159705187592263	550	120	550	-0,0663386830915975	550	0
560	-0,068294258337539937	560	119,99997910784519	560	-0,061805998608986612	560	120	560	-0,0663386830915975	560	0
570	-0,062688076664250553	570	120,00455848760457	570	0,79999443118345193	570	120	570	-0,0663386830915975	570	0
580	-0,070760469926491515	580	119,99847268373475	580	-0,417176750933384	580	120	580	-0,0663386830915975	580	0
590	-0,0676612155002608	590	120,00045834848937	590	-0,41162140624425436	590	120	590	-0,0663386830915975	590	0
600	-0,066583562142720071	600	119,99947541718771	600	0,0047025956431230448	600	120	600	-0,0663386830915975	600	0
610	-0,058140902174158536	610	120,00056711141954	610	-0,27962154438162357	610	120	610	-0,0663386830915975	610	0
620	-0,0673823248760645	620	120,0001451024895	620	0,04908832725878462	620	120	620	-0,0663386830915975	620	0
630	-0,068123321860706687	630	119,99970164820985	630	-0,076357777345618688	630	120	630	-0,0663386830915975	630	0
640	-0,074414608087276221	640	119,99774115014682	640	-0,28253562272212385	640	120	640	-0,0663386830915975	640	0
650	-0,07622996560080425	650	119,99784583172523	650	0,072226197233638073	650	120	650	-0,0663386830915975	650	0
660	-0,06074472593854989	660	120,00103483231605	660	-0,72143833663903345	660	120	660	-0,0663386830915975	660	0
670	-0,073818600212193386	670	119,99902661047192	670	-0,87162448863066277	670	120	670	-0,0663386830915975	670	0
680	-0,06291075830499944	680	119,99933477498259	680	-1,0118039825333551	680	120	680	-0,0663386830915975	680	0
690	-0,071702759916097744	690	120,00235058012166	690	0,12095487355507267	690	120	690	-0,0663386830915975	690	0
700	-0,066659089878709818	700	119,99991185933672	700	0,025698262987583764	700	120	700	-0,0663386830915975	700	0
710	-0,058452980944879482	710	120,00074218415655	710	-0,39050758928612961	710	120	710	-0,0663386830915975	710	0
720	-0,060444307253274529	720	120,0008316923619	720	-0,068917477157667273	720	120	720	-0,0663386830915975	720	0
730	-0,0629020547513304	730	120,00151667688562	730	-0,12744242389180729	730	120	730	-0,0663386830915975	730	0
740	-0,061253459932025876	740	120,00089746128954	740	0,74897579384311963	740	120	740	-0,0663386830915975	740	0
750	-0,068153599234837284	750	120,00004051354162	750	-0,27394216352613676	750	120	750	-0,0663386830915975	750	0
760	-0,058688381067354606	760	120,00128250941478	760	0,055342545180288832	760	120	760	-0,0663386830915975	760	0
770	-0,067984422268756159	770	119,99737019438933	770	-0,91964085223460412	770	120	770	-0,0663386830915975	770	0
780	-0,070311211570828883	780	119,99766288709569	780	-0,18189009023665903	780	120	780	-0,0663386830915975	780	0
790	-0,074993388576691411	790	119,99957974513104	790	-0,56571656788307312	790	120	790	-0,0663386830915975	790	0
800	-0,061390123802728055	800	120,00266507682366	800	0,99696820621743787	800	120	800	-0,0663386830915975	800	0
810	-0,060107496950320971	810	120,00034997480428	810	-0,70718995963128983	810	120	810	-0,0663386830915975	810	0
820	-0,072157362642159731	820	119,99830308792785	820	0,23010219906305357	820	120	820	-0,0663386830915975	820	0
830	-0,078539583497332047	830	119,99743046498418	830	-0,90327959065402275	830	120	830	-0,0663386830915975	830	0
840	-0,069888838152713614	840	119,99957291428183	840	-0,89444802189548744	840	120	840	-0,0663386830915975	840	0
850	-0,054406006160271657	850	120,00250396354387	850	0,55411956775628535	850	120	850	-0,0663386830915975	850	0
860	-0,064667658395059988	860	119,9988348565148	860	-0,81289532792272523	860	120	860	-0,0663386830915975	860	0
870	-0,084635037718282652	870	119,99971402394537	870	-0,8995080249840105	870	120	870	-0,0663386830915975	870	0
880	-0,062163327592879722	880	119,99914924067028	880	0,543570235665669	880	120	880	-0,0663386830915975	880	0
890	-0,059907986334682931	890	120,00053939727049	890	-0,55689382830338219	890	120	890	-0,0663386830915975	890	0
900	-0,071937305495734655	900	119,99775371895181	900	-1,0653668024877483	900	120	900	-0,0663386830915975	900	0
910	-0,062730427078527412	910	120,00156790258346	910	0,71857169265214138	910	120	910	-0,0663386830915975	910	0
920	-0,059771155506061491	920	120,00029545354346	920	0,54379906594992433	920	120	920	-0,0663386830915975	920	0
930	-0,0735045198404431	930	119,99915288391867	930	0,22468543002117683	930	120	930	-0,0663386830915975	930	0
940	-0,053820835936865014	940	120,00588922120787	940	0,67163202353354845	940	120	940	-0,0663386830915975	940	0
950	-0,056368186675984665	950	120,00137582175961	950	1,7747812335858484	950	120	950	-0,0663386830915975	950	0
960	-0,076131524981993909	960	119,99520679412234	960	-1,5014874766100537	960	120	960	-0,0663386830915975	960	0
970	-0,075495350320208945	970	119,99686639106618	970	-1,0388976362824136	970	120	970	-0,0663386830915975	970	0
980	-0,067948066181852035	980	119,99885486839315	980	-0,135304398482338	980	120	980	-0,0663386830915975	980	0
990	-0,062680384348511	990	120,00182366880979	990	0,18143526212263181	990	120	990	-0,0663386830915975	990	0
1000	-0,071012003822578537	1000	119,99963759271219	1000	-8,1183712674653963E-05	1000	120	1000	-0,0663386830915975	1000	0
1010	-0,078242677438928376	1010	119,99594699291754	1010	-1,0996480079116264	1010	120	1010	-0,0663386830915975	1010	0
1020	-0,0624764857643168	1020	120,00126489594015	1020	0,19786723008588905	1020	120	1020	-0,0663386830915975	1020	0
1030	-0,071689896270944048	1030	119,99699298158375	1030	-0,53930965107102835	1030	120	1030	-0,0663386830915975	1030	0
1040	-0,0668933327028176	1040	119,99945735597269	1040	-0,47328203177074468	1040	120	1040	-0,0663386830915975	1040	0
1050	-0,065171359351984773	1050	119,99917693418534	1050	0,53578358404192872	1050	120	1050	-0,0663386830915975	1050	0
1060	-0,062575123674936214	1060	120,00072611506907	1060	-0,39293692422670157	1060	120	1060	-0,0663386830915975	1060	0
1070	-0,058134943308848365	1070	120,00228736795245	1070	1,0799365418639457	1070	120	1070	-0,0663386830915975	1070	0
1080	-0,069584217905312232	1080	120,00054362550867	1080	0,43311462196935391	1080	120	1080	-0,0663386830915975	1080	0
1090	-0,082618472234615117	1090	119,99813020565988	1090	-1,3742538146782231	1090	120	1090	-0,0663386830915975	1090	0
1100	-0,062429600881216463	1100	120,00107244925894	1100	0,70051857479423563	1100	120	1100	-0,0663386830915975	1100	0
1110	-0,072712443342359392	1110	120,00011470644849	1110	0,11129625970354606	1110	120	1110	-0,0663386830915975	1110	0
1120	-0,062774662580416321	1120	120,00071102266996	1120	-0,043276532157554275	1120	120	1120	-0,0663386830915975	1120	0
1130	-0,068656200412162138	1130	119,99943117179201	1130	-0,26878126150283443	1130	120	1130	-0,0663386830915975	1130	0
1140	-0,064464175835888635	1140	120,00111879567402	1140	0,12871395407590514	1140	120	1140	-0,0663386830915975	1140	0
1150	-0,054787317782658239	1150	120,0010691543951	1150	0,19459606356792414	1150	120	1150	-0,0663386830915975	1150	0
1160	-0,077939206810868814	1160	119,99635651634061	1160	-0,45960277274995315	1160	120	1160	-0,0663386830915975	1160	0
1170	-0,060432385869386852	1170	120,00126891763991	1170	0,69200527000494927	1170	120	1170	-0,0663386830915975	1170	0
1180	-0,071216434183962243	1180	119,99874377868865	1180	-0,12367542587448749	1180	120	1180	-0,0663386830915975	1180	0
1190	-0,073373456026718964	1190	119,99778600738119	1190	-0,52705635219309643	1190	120	1190	-0,0663386830915975	1190	0
1200	-0,055169751168068763	1200	120,00110764398552	1200	1,0389829166895019	1200	120	1200	-0,0663386830915975	1200	0
1210	-0,054647513007308871	1210	120,00126586274237	1210	0,61208341708312575	1210	120	1210	-0,0663386830915975	1210	0
1220	-0,0641581782589415	1220	120,00039280775106	1220	-1,0280801931430219	1220	120	1220	-0,0663386830915975	1220	0
1230	-0,051093716887437808	1230	120,0044334319288	1230	0,73778518266395188	1230	120	1230	-0,0663386830915975	1230	0
1240	-0,076635484482210692	1240	119,99720427543269	1240	-0,45105015028092554	1240	120	1240	-0,0663386830915975	1240	0
1250	-0,067802466526220878	1250	119,99943262825012	1250	-0,84672360465404251	1250	120	1250	-0,0663386830915975	1250	0
1260	-0,068089614809132212	1260	119,99847064910834	1260	-0,43159443536825104	1260	120	1260	-0,0663386830915975	1260	0
1270	-0,071744733626331145	1270	119,99832291094842	1270	-0,648081698715917	1270	120	1270	-0,0663386830915975	1270	0
1280	-0,07289097696344353	1280	119,99846478219877	1280	-0,10293595659345345	1280	120	1280	-0,0663386830915975	1280	0
1290	-0,077474511209405073	1290	119,9966429692568	1290	-1,0004554519382114	1290	120	1290	-0,0663386830915975	1290	0
1300	-0,065267989795833148	1300	120,00017713106887	1300	0,24610996297326782	1300	120	1300	-0,0663386830915975	1300	0
1310	-0,06094632937157022	1310	119,99951133102191	1310	-0,545226746794537	1310	120	1310	-0,0663386830915975	1310	0
1320	-0,059724244666484794	1320	120,00355068902228	1320	0,7303058814688248	1320	120	1320	-0,0663386830915975	1320	0
1330	-0,071756215617604924	1330	120,00019980172161	1330	0,054012448682785069	1330	120	1330	-0,0663386830915975	1330	0
1340	-0,071969086599551216	1340	119,99810069867988	1340	-0,51081989141286444	1340	120	1340	-0,0663386830915975	1340	0
1350	-0,058865943743307884	1350	120,00351309279284	1350	0,73123047112367368	1350	120	1350	-0,0663386830915975	1350	0
1360	-0,064880243553516181	1360	120,00118337097406	1360	0,065796415938608688	1360	120	1360	-0,0663386830915975	1360	0
1370	-0,0661480019217541	1370	119,99865473502744	1370	0,39538662095963473	1370	120	1370	-0,0663386830915975	1370	0
1380	-0,073190793789049233	1380	119,99805998226759	1380	-0,20097572625614657	1380	120	1380	-0,0663386830915975	1380	0
1390	-0,066011320348111829	1390	120,0000239623058	1390	-1,8664542187621072	1390	120	1390	-0,0663386830915975	1390	0
1400	-0,067778178966480723	1400	120,00239813371444	1400	1,0327905620974764	1400	120	1400	-0,0663386830915975	1400	0
1410	-0,056864754285989215	1410	120,00120870153414	1410	0,92985788814962833	1410	120	1410	-0,0663386830915975	1410	0
1420	-0,068967374069748788	1420	119,99906123327575	1420	0,28223562136624358	1420	120	1420	-0,0663386830915975	1420	0
1430	-0,073657527961063	1430	119,99736068982544	1430	-0,047280133012061132	1430	120	1430	-0,0663386830915975	1430	0
1440	-0,059259722699291272	1440	120,00096042342968	1440	-0,041898990737476494	1440	120	1440	-0,0663386830915975	1440	0
1450	-0,059400564662887324	1450	120,00205929172856	1450	0,61189965370056876	1450	120	1450	-0,0663386830915975	1450	0
1460	-0,064202158054443861	1460	120,00105649157793	1460	-0,730471729673978	1460	120	1460	-0,0663386830915975	1460	0
1470	-0,064526292571495864	1470	120,00217613668522	1470	0,053194447314478616	1470	120	1470	-0,0663386830915975	1470	0
1480	-0,07244860802097243	1480	120,00037282939287	1480	-0,080314953792682664	1480	120	1480	-0,0663386830915975	1480	0
1490	-0,058121770185704857	1490	120,00062443338707	1490	-0,7575660295225759	1490	120	1490	-0,0663386830915975	1490	0
1500	-0,076182803444829084	1500	119,99772010089137	1500	-0,44111124841118438	1500	120	1500	-0,0663386830915975	1500	0
1510	-0,076475039829890859	1510	119,99646030712586	1510	-0,76118625653807337	1510	120	1510	-0,0663386830915975	1510	0
1520	-0,082771533620590129	1520	119,99598481565847	1520	-0,14781135418392327	1520	120	1520	-0,0663386830915975	1520	0
1530	-0,05137318013166358	1530	120,0020734026248	1530	1,222310717401629	1530	120	1530	-0,0663386830915975	1530	0
1540	-0,066983335593244625	1540	119,99839183234325	1540	-0,72325145337439112	1540	120	1540	-0,0663386830915975	1540	0
1550	-0,060655357236334369	1550	120,00233986059884	1550	-0,12854095414646227	1550	120	1550	-0,0663386830915975	1550	0
1560	-0,064805520675709438	1560	120,00084656481282	1560	-0,1676091276673119	1560	120	1560	-0,0663386830915975	1560	0
1570	-0,053784299835349075	1570	120,00315666462873	1570	1,7542211525239388	1570	120	1570	-0,0663386830915975	1570	0
1580	-0,057705833319065272	1580	120,00089568140996	1580	-0,16945872993591526	1580	120	1580	-0,0663386830915975	1580	0
1590	-0,0813642301722007	1590	119,99607291425747	1590	-0,95984392151215814	1590	120	1590	-0,0663386830915975	1590	0
1600	-0,067096269674816286	1600	119,99911612128756	1600	-0,39173576443168256	1600	120	1600	-0,0663386830915975	1600	0
1610	-0,052819973041106597	1610	120,00355879814075	1610	0,80139632614807288	1610	120	1610	-0,0663386830915975	1610	0
1620	-0,061736398413985212	1620	120,00198224031625	1620	1,1308211651562563	1620	120	1620	-0,0663386830915975	1620	0
1630	-0,063343284819656787	1630	119,99993324117799	1630	-0,48389625607750358	1630	120	1630	-0,0663386830915975	1630	0
1640	-0,074416455829965436	1640	119,99991558760362	1640	-0,061835899350210971	1640	120	1640	-0,0663386830915975	1640	0
1650	-0,078090635883984266	1650	119,99662062677295	1650	-1,1339791359451699	1650	120	1650	-0,0663386830915975	1650	0
1660	-0,072350456735288088	1660	119,99967941972852	1660	-0,75012637963223228	1660	120	1660	-0,0663386830915975	1660	0
1670	-0,070498472861421538	1670	119,99901664144616	1670	-0,35626100695306107	1670	120	1670	-0,0663386830915975	1670	0
1680	-0,063790922587624241	1680	119,99797417827823	1680	-0,13321214417542326	1680	120	1680	-0,0663386830915975	1680	0
1690	-0,056600085820161669	1690	120,00409115295396	1690	0,40598862957032522	1690	120	1690	-0,0663386830915975	1690	0
1700	-0,074750118173968261	1700	120,00037105672919	1700	0,53972454884690957	1700	120	1700	-0,0663386830915975	1700	0
1710	-0,0580794471785635	1710	120,00054132031592	1710	0,032337130544042345	1710	120	1710	-0,0663386830915975	1710	0
1720	-0,077506546008815264	1720	119,99873049494589	1720	-1,0127565021179792	1720	120	1720	-0,0663386830915975	1720	0
1730	-0,0702585281510806	1730	119,99795545465615	1730	-0,71655447792120408	1730	120	1730	-0,0663386830915975	1730	0
1740	-0,063676721834335689	1740	120,00067129433923	1740	-1,0177485785505622	1740	120	1740	-0,0663386830915975	1740	0
1750	-0,060930525814422869	1750	120,00177021533872	1750	0,437533280420539	1750	120	1750	-0,0663386830915975	1750	0
1760	-0,07400127300881594	1760	119,99917864711081	1760	-0,56167791571938785	1760	120	1760	-0,0663386830915975	1760	0
1770	-0,052250280779479796	1770	120,00141342438023	1770	0,67430637779317393	1770	120	1770	-0,0663386830915975	1770	0
1780	-0,0728897821437824	1780	119,99752676435976	1780	-0,49143421153118416	1780	120	1780	-0,0663386830915975	1780	0
1790	-0,071240554234430112	1790	119,99804174267793	1790	-0,019611343193684461	1790	120	1790	-0,0663386830915975	1790	0
1800	-0,073607553616394761	1800	120,00059719431117	1800	0,20626994657349268	1800	120	1800	-0,0663386830915975	1800	0
1810	-0,06771636578751547	1810	120,00007204034225	1810	-0,56494670240808986	1810	120	1810	-0,0663386830915975	1810	0
1820	-0,062125295542463967	1820	120,00139966764829	1820	-0,34813172560745409	1820	120	1820	-0,0663386830915975	1820	0
1830	-0,067440797162075627	1830	119,99975194584181	1830	0,5245053994868607	1830	120	1830	-0,0663386830915975	1830	0
1840	-0,070175684647833456	1840	119,9997423905664	1840	-0,390778302144438	1840	120	1840	-0,0663386830915975	1840	0
1850	-0,064359958922307267	1850	120,00089560078361	1850	0,44078241264843687	1850	120	1850	-0,0663386830915975	1850	0
1860	-0,066862938107552547	1860	119,99995093431011	1860	0,28369573879668325	1860	120	1860	-0,0663386830915975	1860	0
1870	-0,064377520978288819	1870	120,00175796432876	1870	0,3086654400821362	1870	120	1870	-0,0663386830915975	1870	0
1880	-0,069444551420357381	1880	119,99734840939046	1880	-0,63909978871500761	1880	120	1880	-0,0663386830915975	1880	0
1890	-0,053875650921757369	1890	120,00202045310114	1890	0,2842800907700489	1890	120	1890	-0,0663386830915975	1890	0
1900	-0,070878916270825779	1900	119,9996357524746	1900	0,089832363291376671	1900	120	1900	-0,0663386830915975	1900	0
1910	-0,069788407437916	1910	119,99913231398972	1910	-0,93480882163672963	1910	120	1910	-0,0663386830915975	1910	0
1920	-0,071758281946915761	1920	119,99974011570997	1920	-0,73029979593815275	1920	120	1920	-0,0663386830915975	1920	0
1930	-0,0654019636260951	1930	119,99987534178794	1930	0,384690150198363	1930	120	1930	-0,0663386830915975	1930	0
1940	-0,072156901000667864	1940	119,99789056108398	1940	-1,1340018368926599	1940	120	1940	-0,0663386830915975	1940	0
1950	-0,05777466773982691	1950	119,99907167007787	1950	-0,12068206771524059	1950	120	1950	-0,0663386830915975	1950	0
1960	-0,078689153570993653	1960	119,99654390987752	1960	-0,01347870607161461	1960	120	1960	-0,0663386830915975	1960	0
1970	-0,052144437458202318	1970	120,00380226036981	1970	1,0816028429620581	1970	120	1970	-0,0663386830915975	1970	0
1980	-0,068850848146171734	1980	120,00079741783328	1980	-0,41114111881571563	1980	120	1980	-0,0663386830915975	1980	0
1990	-0,071338665038314542	1990	119,99676267426561	1990	-0,75912503864226155	1990	120	1990	-0,0663386830915975	1990	0
2000	-0,053668652640353622	2000	120,00221164143272	2000	0,31081448122586047	2000	120	2000	-0,0663386830915975	2000	0
2010	-0,0700632160067891	2010	119,99906554135663	2010	-0,57681005275579633	2010	120	2010	-0,0663386830915975	2010	0
2020	-0,064657972215712942	2020	120,00096414514393	2020	0,30487756059774296	2020	120	2020	-0,0663386830915975	2020	0
2030	-0,061745690816971469	2030	120,00027788170242	2030	-0,29287175944401905	2030	120	2030	-0,0663386830915975	2030	0
2040	-0,069404539348639355	2040	120,00111289764473	2040	-0,78282062578851053	2040	120	2040	-0,0663386830915975	2040	0
2050	-0,08382531277876186	2050	119,9946672062498	2050	-1,0497408492057567	2050	120	2050	-0,0663386830915975	2050	0
2060	-0,066143661405613077	2060	119,99907721863835	2060	-0,51731034494115613	2060	120	2060	-0,0663386830915975	2060	0
2070	-0,0691249029643741	2070	119,99929780418789	2070	-0,35937768805117687	2070	120	2070	-0,0663386830915975	2070	0
2080	-0,068477157072698677	2080	120,00033034866735	2080	0,75473070133279574	2080	120	2080	-0,0663386830915975	2080	0
2090	-0,06715426978096771	2090	120,00016565256792	2090	-1,523609940224246	2090	120	2090	-0,0663386830915975	2090	0
2100	-0,063721871407755676	2100	120,00371295684928	2100	0,32939791171751553	2100	120	2100	-0,0663386830915975	2100	0
2110	-0,0689111964475681	2110	119,99833172325813	2110	0,14729533342272469	2110	120	2110	-0,0663386830915975	2110	0
2120	-0,078320724257841715	2120	119,99730935866226	2120	-0,81889540902589131	2120	120	2120	-0,0663386830915975	2120	0
2130	-0,059203479100403862	2130	120,00099655809753	2130	0,78268916118034959	2130	120	2130	-0,0663386830915975	2130	0
2140	-0,071487572671287178	2140	119,99859046129029	2140	-0,42092340596630895	2140	120	2140	-0,0663386830915975	2140	0
2150	-0,067479365254425286	2150	120,00016830999697	2150	0,36983352713003848	2150	120	2150	-0,0663386830915975	2150	0
2160	-0,065841188764754283	2160	119,99919560419457	2160	-0,557350923465469	2160	120	2160	-0,0663386830915975	2160	0
2170	-0,064884720778959362	2170	120,00256271843327	2170	0,59247245765678591	2170	120	2170	-0,0663386830915975	2170	0
2180	-0,062548905214061992	2180	120,00101802189207	2180	0,60671035162885723	2180	120	2180	-0,0663386830915975	2180	0
2190	-0,0697956973920894	2190	119,99893751399731	2190	-0,16964746552593757	2190	120	2190	-0,0663386830915975	2190	0
2200	-0,06437638532979513	2200	120,00086613966711	2200	0,73919365908003987	2200	120	2200	-0,0663386830915975	2200	0
2210	-0,064737550815104239	2210	119,99952604652192	2210	-0,48382302581356457	2210	120	2210	-0,0663386830915975	2210	0
2220	-0,071257397040647166	2220	120,00015683616014	2220	-0,069007163425312365	2220	120	2220	-0,0663386830915975	2220	0
2230	-0,0710402460476514	2230	120,00150831179251	2230	1,0226823692485856	2230	120	2230	-0,0663386830915975	2230	0
2240	-0,059541444630956626	2240	120,00074930688172	2240	0,622304975292372	2240	120	2240	-0,0663386830915975	2240	0
2250	-0,065266515885472984	2250	120,00160497192931	2250	0,4393105347312995	2250	120	2250	-0,0663386830915975	2250	0
2260	-0,061242646417035591	2260	119,99967854943702	2260	-0,58328694244139712	2260	120	2260	-0,0663386830915975	2260	0
2270	-0,059656447473312696	2270	120,00214927473179	2270	0,54967377482005919	2270	120	2270	-0,0663386830915975	2270	0
2280	-0,063427034251328354	2280	120,00043984336087	2280	0,58114158270283034	2280	120	2280	-0,0663386830915975	2280	0
2290	-0,057089407380881162	2290	120,00305942697347	2290	0,34692766586264684	2290	120	2290	-0,0663386830915975	2290	0
2300	-0,074082770662342923	2300	119,99752229936998	2300	-0,3628260530301286	2300	120	2300	-0,0663386830915975	2300	0
2310	-0,064486055990138749	2310	120,00046194820578	2310	0,23059177422314775	2310	120	2310	-0,0663386830915975	2310	0
2320	-0,069208500089650113	2320	119,99934043700233	2320	-0,12791285489112575	2320	120	2320	-0,0663386830915975	2320	0
2330	-0,0625733217898015	2330	119,99916456029682	2330	-0,069791216672115852	2330	120	2330	-0,0663386830915975	2330	0
2340	-0,053367133647207722	2340	120,00368283421251	2340	0,94869608324737986	2340	120	2340	-0,0663386830915975	2340	0
2350	-0,068221103948317721	2350	120,00055697239621	2350	0,095120283787315171	2350	120	2350	-0,0663386830915975	2350	0
2360	-0,059104758109384967	2360	119,99961846100501	2360	-0,34146665882422256	2360	120	2360	-0,0663386830915975	2360	0
2370	-0,065217567244296532	2370	120,00225789496341	2370	0,59433446317700589	2370	120	2370	-0,0663386830915975	2370	0
2380	-0,060876534800250376	2380	120,00146555586628	2380	0,86125604325311156	2380	120	2380	-0,0663386830915975	2380	0
2390	-0,061533088936472136	2390	120,00066257855123	2390	-0,68024736230186278	2390	120	2390	-0,0663386830915975	2390	0
2400	-0,0703571433107154	2400	120,00066657483212	2400	0,25282598467359307	2400	120	2400	-0,0663386830915975	2400	0
2410	-0,077135087488424833	2410	119,99564741049976	2410	-0,41260345358035544	2410	120	2410	-0,0663386830915975	2410	0
2420	-0,0754147401972285	2420	119,99976456267119	2420	-1,0221436440833158	2420	120	2420	-0,0663386830915975	2420	0
2430	-0,051401741366474213	2430	120,00342315504177	2430	0,96883939341892644	2430	120	2430	-0,0663386830915975	2430	0
2440	-0,054157618811989661	2440	120,00234317355434	2440	0,78562432118136627	2440	120	2440	-0,0663386830915975	2440	0
2450	-0,065185905671562058	2450	120,001624516705	2450	1,253653375590682	2450	120	2450	-0,0663386830915975	2450	0
2460	-0,070771940396205324	2460	119,99803086642007	2460	-0,51062554077605427	2460	120	2460	-0,0663386830915975	2460	0
2470	-0,056993226853864855	2470	120,00016595661499	2470	-0,89357081776333713	2470	120	2470	-0,0663386830915975	2470	0
2480	-0,070481636062053224	2480	119,99933759903104	2480	0,08207107143945376	2480	120	2480	-0,0663386830915975	2480	0
2490	-0,068674774159585866	2490	120,00114611235711	2490	-0,18790143352365127	2490	120	2490	-0,0663386830915975	2490	0
2500	-0,063962800969822542	2500	120,00094114768695	2500	0,86904272785648007	2500	120	2500	-0,0663386830915975	2500	0
2510	-0,057685021556865931	2510	120,00307875727241	2510	0,21909517410003726	2510	120	2510	-0,0663386830915975	2510	0
2520	-0,059323156494881367	2520	120,00159254869118	2520	0,854938058551569	2520	120	2520	-0,0663386830915975	2520	0
2530	-0,074367588963038592	2530	119,99734287225608	2530	0,15942052307640098	2530	120	2530	-0,0663386830915975	2530	0
2540	-0,057638124212486277	2540	120,00047338639419	2540	-0,81080767674694321	2540	120	2540	-0,0663386830915975	2540	0
2550	-0,057589733414792212	2550	120,00235616681466	2550	-0,529829898169652	2550	120	2550	-0,0663386830915975	2550	0
2560	-0,074232785033020138	2560	119,99830581220571	2560	-0,45870816526731134	2560	120	2560	-0,0663386830915975	2560	0
2570	-0,079276271103438378	2570	119,99990850598489	2570	-0,69452298743123619	2570	120	2570	-0,0663386830915975	2570	0
2580	-0,07294526523705018	2580	119,99781233776963	2580	0,59167522341432088	2580	120	2580	-0,0663386830915975	2580	0
2590	-0,057637023615410093	2590	120,00152924586521	2590	-0,37378581871056427	2590	120	2590	-0,0663386830915975	2590	0
2600	-0,064883435858344676	2600	120,00181120008514	2600	0,43740612228762	2600	120	2600	-0,0663386830915975	2600	0
2610	-0,070062720835114028	2610	119,99689418419126	2610	-1,3000956244235971	2610	120	2610	-0,0663386830915975	2610	0
2620	-0,075771291079801378	2620	120,00009334004652	2620	0,12489644889353069	2620	120	2620	-0,0663386830915975	2620	0
2630	-0,065555437649783915	2630	120,00268660278651	2630	1,5258534301527285	2630	120	2630	-0,0663386830915975	2630	0
2640	-0,070808081754789448	2640	119,99672894460736	2640	-1,186942630320752	2640	120	2640	-0,0663386830915975	2640	0
2650	-0,064043783314770425	2650	120,00004699599514	2650	-0,15714696620640295	2650	120	2650	-0,0663386830915975	2650	0
2660	-0,060795714290283083	2660	119,99977708575727	2660	0,42972733068234786	2660	120	2660	-0,0663386830915975	2660	0
2670	-0,068399652888662427	2670	120,00104043017019	2670	-0,76352404274160512	2670	120	2670	-0,0663386830915975	2670	0
2680	-0,069907730748639915	2680	120,00031435027255	2680	-1,084961545087856	2680	120	2680	-0,0663386830915975	2680	0
2690	-0,067517209078520435	2690	120,00039903471242	2690	-0,50709906181664488	2690	120	2690	-0,0663386830915975	2690	0
2700	-0,07489383277642854	2700	119,99783106753424	2700	0,25903909196269376	2700	120	2700	-0,0663386830915975	2700	0
2710	-0,050072107714780226	2710	120,00106850814791	2710	-0,29020864519646727	2710	120	2710	-0,0663386830915975	2710	0
2720	-0,077055517345316238	2720	119,9990023358165	2720	0,00266714694145484	2720	120	2720	-0,0663386830915975	2720	0
2730	-0,068473444344674533	2730	119,99822906690696	2730	-0,27956400113531882	2730	120	2730	-0,0663386830915975	2730	0
2740	-0,076710474312025961	2740	119,99758027181719	2740	-0,58604880306660734	2740	120	2740	-0,0663386830915975	2740	0
2750	-0,063750542163998308	2750	120,00204259924412	2750	0,364596732335419	2750	120	2750	-0,0663386830915975	2750	0
2760	-0,0697833943388054	2760	119,9963952429726	2760	-0,36694637609115321	2760	120	2760	-0,0663386830915975	2760	0
2770	-0,075653399073525085	2770	119,99710842737306	2770	-0,95163380520385155	2770	120	2770	-0,0663386830915975	2770	0
2780	-0,049769647566626933	2780	120,00376375265306	2780	1,3708383911376971	2780	120	2780	-0,0663386830915975	2780	0
2790	-0,057027774594837308	2790	119,9991656727171	2790	-0,69398424149177662	2790	120	2790	-0,0663386830915975	2790	0
2800	-0,069110239707311547	2800	120,00059885128991	2800	-0,10339010560825984	2800	120	2800	-0,0663386830915975	2800	0
2810	-0,056072903360280937	2810	120,0018694581884	2810	1,1966362726887299	2810	120	2810	-0,0663386830915975	2810	0
2820	-0,056074454615702894	2820	120,00231549761588	2820	0,761443648684661	2820	120	2820	-0,0663386830915975	2820	0
2830	-0,0741802358948378	2830	119,99805304344071	2830	-0,30767597021441567	2830	120	2830	-0,0663386830915975	2830	0
2840	-0,075799834394669349	2840	119,99855825952068	2840	-1,6235772005168834	2840	120	2840	-0,0663386830915975	2840	0
2850	-0,065597098078432378	2850	120,00199492581336	2850	0,578679167729874	2850	120	2850	-0,0663386830915975	2850	0
2860	-0,067260592696322882	2860	119,99883125222888	2860	-0,48996611650480126	2860	120	2860	-0,0663386830915975	2860	0
2870	-0,073514215518539358	2870	120,00028677623793	2870	-0,064082448098358724	2870	120	2870	-0,0663386830915975	2870	0
2880	-0,075808427595732281	2880	119,99720927628881	2880	-0,29857415395144316	2880	120	2880	-0,0663386830915975	2880	0
2890	-0,05996535329352036	2890	120,00037727366161	2890	-0,44170825514082024	2890	120	2890	-0,0663386830915975	2890	0
2900	-0,06326540963095828	2900	120,00076777744432	2900	-0,3444132490625359	2900	120	2900	-0,0663386830915975	2900	0
2910	-0,069863961237298572	2910	119,99846399355062	2910	-0,4599178642353775	2910	120	2910	-0,0663386830915975	2910	0
2920	-0,062107066072047606	2920	120,00209150081443	2920	0,51671107211447176	2920	120	2920	-0,0663386830915975	2920	0
2930	-0,06688112762769427	2930	120,00085177404051	2930	0,70655331949676781	2930	120	2930	-0,0663386830915975	2930	0
2940	-0,071848736831517879	2940	119,99811650036116	2940	0,12475808777789899	2940	120	2940	-0,0663386830915975	2940	0
2950	-0,077878736933954709	2950	119,99876387994176	2950	-0,053846013042877561	2950	120	2950	-0,0663386830915975	2950	0
2960	-0,053161692995694391	2960	120,0030322952427	2960	0,66416923575211906	2960	120	2960	-0,0663386830915975	2960	0
2970	-0,078066308434201689	2970	119,99769590942076	2970	-0,517177345955571	2970	120	2970	-0,0663386830915975	2970	0
2980	-0,05448768189004409	2980	120,00277218124549	2980	0,74961757165275555	2980	120	2980	-0,0663386830915975	2980	0
2990	-0,061547876382956605	2990	120,00046901590211	2990	0,16942737663727478	2990	120	2990	-0,0663386830915975	2990	0
3000	-0,078340702325128325	3000	119,99910711020331	3000	-0,21744812336171571	3000	120	3000	-0,0663386830915975	3000	0
3010	-0,061145748252809169	3010	120,00105277568511	3010	0,97591476648624043	3010	120	3010	-0,0663386830915975	3010	0
3020	-0,049212549363341886	3020	120,00471785387835	3020	0,39553243781048464	3020	120	3020	-0,0663386830915975	3020	0
3030	-0,077498933945970239	3030	119,9971678690534	3030	-0,018121754012366542	3030	120	3030	-0,0663386830915975	3030	0
3040	-0,066165694361938934	3040	119,99874976859181	3040	0,045521335448617029	3040	120	3040	-0,0663386830915975	3040	0
3050	-0,066836250872932781	3050	119,99998895846824	3050	-0,68082179551142641	3050	120	3050	-0,0663386830915975	3050	0
3060	-0,080353755418878042	3060	119,99637658527206	3060	-0,58806658263737233	3060	120	3060	-0,0663386830915975	3060	0
3070	-0,059676115389155238	3070	120,002994107793	3070	0,62206486412150119	3070	120	3070	-0,0663386830915975	3070	0
3080	-0,056022066043697388	3080	120,00248374344722	3080	0,95104852837472542	3080	120	3080	-0,0663386830915975	3080	0
3090	-0,06104352928163162	3090	120,00158178937038	3090	-0,098860599181928688	3090	120	3090	-0,0663386830915975	3090	0
3100	-0,069116615942659207	3100	120,00178126704141	3100	-0,23998724222879825	3100	120	3100	-0,0663386830915975	3100	0
3110	-0,059904055019933372	3110	120,00052326500448	3110	1,2361746382028533	3110	120	3110	-0,0663386830915975	3110	0
3120	-0,069848877363357584	3120	119,99942609941532	3120	-0,81315999481030532	3120	120	3120	-0,0663386830915975	3120	0
3130	-0,068010145325133789	3130	120,00145512915596	3130	-0,035289371727853208	3130	120	3130	-0,0663386830915975	3130	0
3140	-0,070402881572690618	3140	119,99865355842051	3140	0,0030184413717612157	3140	120	3140	-0,0663386830915975	3140	0
3150	-0,082342084586203776	3150	119,99631679026038	3150	-0,55236320444910214	3150	120	3150	-0,0663386830915975	3150	0
3160	-0,056351482848259159	3160	120,00073275496307	3160	-0,26663578909708263	3160	120	3160	-0,0663386830915975	3160	0
3170	-0,060488621786281706	3170	120,00301402572643	3170	1,1233090211709242	3170	120	3170	-0,0663386830915975	3170	0
3180	-0,067485689850474456	3180	119,99888022047756	3180	-0,751320760600848	3180	120	3180	-0,0663386830915975	3180	0
3190	-0,070813050004488773	3190	120,0000628685997	3190	-0,5573477290147042	3190	120	3190	-0,0663386830915975	3190	0
3200	-0,068401752345066638	3200	120,000459456344	3200	0,032445060197225956	3200	120	3200	-0,0663386830915975	3200	0
3210	-0,06449101169353752	3210	119,99960068063578	3210	0,37476555700293995	3210	120	3210	-0,0663386830915975	3210	0
3220	-0,067907496670580228	3220	120,00092506358361	3220	-0,020695928856116132	3220	120	3220	-0,0663386830915975	3220	0
3230	-0,061207451597281609	3230	120,00055837886117	3230	0,12416253167203138	3230	120	3230	-0,0663386830915975	3230	0
3240	-0,057177364472745289	3240	119,99994394519173	3240	-0,11613251590269999	3240	120	3240	-0,0663386830915975	3240	0
3250	-0,061853732769458512	3250	120,00077637429833	3250	0,5671886823335881	3250	120	3250	-0,0663386830915975	3250	0
3260	-0,0771787899985948	3260	119,99678655047914	3260	-1,190219222680506	3260	120	3260	-0,0663386830915975	3260	0
3270	-0,066446508032715637	3270	120,00090862972935	3270	-0,4687806984524201	3270	120	3270	-0,0663386830915975	3270	0
3280	-0,064411366386800284	3280	120,00121229235064	3280	0,51830761304484207	3280	120	3280	-0,0663386830915975	3280	0
3290	-0,059839317289695236	3290	120,00236437342039	3290	0,57269685573249129	3290	120	3290	-0,0663386830915975	3290	0
3300	-0,083324348683737254	3300	119,99446470556401	3300	-0,5264782542141565	3300	120	3300	-0,0663386830915975	3300	0
3310	-0,052974632903497	3310	120,00158373266409	3310	0,41842073529782003	3310	120	3310	-0,0663386830915975	3310	0
3320	-0,060990210493659963	3320	120,00128992441375	3320	0,19822480069683446	3320	120	3320	-0,0663386830915975	3320	0
3330	-0,067837916826995609	3330	120,0018018718511	3330	0,688997842326284	3330	120	3330	-0,0663386830915975	3330	0
3340	-0,0545270409268126	3340	120,00001477407218	3340	0,43059754175235521	3340	120	3340	-0,0663386830915975	3340	0
3350	-0,075803052425623657	3350	119,99905883866622	3350	-0,66194517398448938	3350	120	3350	-0,0663386830915975	3350	0
3360	-0,070295029952571184	3360	119,99649597882461	3360	-0,37569075415528075	3360	120	3360	-0,0663386830915975	3360	0
3370	-0,060089566358345163	3370	120,00146851035697	3370	0,53339173413194452	3370	120	3370	-0,0663386830915975	3370	0
3380	-0,058876021722741916	3380	120,00175518890009	3380	1,0214752233872444	3380	120	3380	-0,0663386830915975	3380	0
3390	-0,0786472448734915	3390	119,99827959616147	3390	-0,47566785070239548	3390	120	3390	-0,0663386830915975	3390	0
3400	-0,056916951828864942	3400	120,00325100690944	3400	0,87321051381564441	3400	120	3400	-0,0663386830915975	3400	0
3410	-0,070525447575092923	3410	119,9989476467541	3410	-0,59166279291263413	3410	120	3410	-0,0663386830915975	3410	0
3420	-0,074859350729748128	3420	119,99967124262608	3420	-0,65964102929935819	3420	120	3420	-0,0663386830915975	3420	0
3430	-0,0701442610152849	3430	119,99857124583643	3430	-0,60727337299606621	3430	120	3430	-0,0663386830915975	3430	0
3440	-0,063151211752713446	3440	120,00086698235394	3440	-0,58820923924652946	3440	120	3440	-0,0663386830915975	3440	0
3450	-0,056432284844650814	3450	120,00186248532995	3450	1,3285834070771718	3450	120	3450	-0,0663386830915975	3450	0
3460	-0,0672236296449249	3460	119,99866310449914	3460	0,096729294536638144	3460	120	3460	-0,0663386830915975	3460	0
3470	-0,059708836271463936	3470	119,99871011552173	3470	0,01008464344298951	3470	120	3470	-0,0663386830915975	3470	0
3480	-0,08260264059124553	3480	119,99589638312145	3480	-1,1489413164656992	3480	120	3480	-0,0663386830915975	3480	0
3490	-0,060702641877376465	3490	119,99909500146919	3490	-0,76881178811481854	3490	120	3490	-0,0663386830915975	3490	0
3500	-0,0596967490229021	3500	120,00450868582711	3500	1,3062689623390877	3500	120	3500	-0,0663386830915975	3500	0
3510	-0,06874125574402179	3510	120,00160244640702	3510	-0,30181417762227897	3510	120	3510	-0,0663386830915975	3510	0
3520	-0,0754730364188022	3520	119,99788705967059	3520	-0,62497633120271767	3520	120	3520	-0,0663386830915975	3520	0
3530	-0,07215222907009243	3530	119,99997322176159	3530	-0,1407694189732667	3530	120	3530	-0,0663386830915975	3530	0
3540	-0,065088614192707908	3540	119,99790658994829	3540	-0,68167603604843185	3540	120	3540	-0,0663386830915975	3540	0
3550	-0,062034071834409753	3550	120,00196855622903	3550	0,90045087181577355	3550	120	3550	-0,0663386830915975	3550	0
3560	-0,061536066464924738	3560	120,00220814349821	3560	0,30305877680881022	3560	120	3560	-0,0663386830915975	3560	0
3570	-0,0531137451992846	3570	120,00494653695782	3570	1,2605606899650732	3570	120	3570	-0,0663386830915975	3570	0
3580	-0,06709614370648756	3580	119,99697616591428	3580	-0,41288604148186825	3580	120	3580	-0,0663386830915975	3580	0
3590	-0,067098672786647343	3590	119,99860976678747	3590	-0,45427400126557133	3590	120	3590	-0,0663386830915975	3590	0
3600	-0,072097035465996037	3600	119,99813977240362	3600	0,094404941987006274	3600	120	3600	-0,0663386830915975	3600	0
3610	-0,063277085081457185	3610	119,99861290038808	3610	-0,35271402711503941	3610	120	3610	-0,0663386830915975	3610	0
3620	-0,060775138638301779	3620	120,00145943710888	3620	-0,40376268569417445	3620	120	3620	-0,0663386830915975	3620	0
3630	-0,08011514112876475	3630	119,99765228879755	3630	-0,27462229737049371	3630	120	3630	-0,0663386830915975	3630	0
3640	-0,074840580510397922	3640	119,99774002642108	3640	-1,0239387205932762	3640	120	3640	-0,0663386830915975	3640	0
3650	-0,057521099749886277	3650	120,00466882926858	3650	1,232761217136586	3650	120	3650	-0,0663386830915975	3650	0
3660	-0,050620667542144678	3660	120,00260092140212	3660	1,0028778315700153	3660	120	3660	-0,0663386830915975	3660	0
3670	-0,063015614572850542	3670	120,00113409214238	3670	0,43296274897439668	3670	120	3670	-0,0663386830915975	3670	0
3680	-0,069652068433006184	3680	119,9988156794158	3680	-0,20201534218020084	3680	120	3680	-0,0663386830915975	3680	0
3690	-0,066822428918446419	3690	119,99878912440849	3690	-0,40187935806866226	3690	120	3690	-0,0663386830915975	3690	0
3700	-0,07174764026520522	3700	119,99682949903557	3700	-0,36780510474092815	3700	120	3700	-0,0663386830915975	3700	0
3710	-0,0611178841612236	3710	120,00094977778237	3710	-0,21450554471590366	3710	120	3710	-0,0663386830915975	3710	0
3720	-0,064938742755103224	3720	120,00335944562211	3720	0,67730241069014774	3720	120	3720	-0,0663386830915975	3720	0
3730	-0,061420486029915164	3730	120,00039738849144	3730	-0,024789631373927534	3730	120	3730	-0,0663386830915975	3730	0
3740	-0,0643535040591036	3740	119,99994114436572	3740	-0,314190422940791	3740	120	3740	-0,0663386830915975	3740	0
3750	-0,066541660613752551	3750	120,00053668789951	3750	0,063058969951244964	3750	120	3750	-0,0663386830915975	3750	0
3760	-0,054295747285821844	3760	120,00088689064572	3760	0,52024300786707633	3760	120	3760	-0,0663386830915975	3760	0
3770	-0,066293431361469826	3770	119,99931148633517	3770	-0,11526028952367796	3770	120	3770	-0,0663386830915975	3770	0
3780	-0,053643077739719769	3780	120,00313762427525	3780	1,2491273293016736	3780	120	3780	-0,0663386830915975	3780	0
3790	-0,080682392276131443	3790	119,99521077932981	3790	-1,5105685843534489	3790	120	3790	-0,0663386830915975	3790	0
3800	-0,0696385962461854	3800	119,9991283486825	3800	0,460334446269125	3800	120	3800	-0,0663386830915975	3800	0
3810	-0,067252424584385087	3810	119,99993035057781	3810	0,79282998609317823	3810	120	3810	-0,0663386830915975	3810	0
3820	-0,0645792308954854	3820	120,00224313462397	3820	0,38419492834518421	3820	120	3820	-0,0663386830915975	3820	0
3830	-0,08247051034147182	3830	119,99519694285554	3830	-1,7165856878814636	3830	120	3830	-0,0663386830915975	3830	0
3840	-0,065983268466665149	3840	120,00106421338074	3840	0,41780514278805281	3840	120	3840	-0,0663386830915975	3840	0
3850	-0,054819980020333045	3850	120,00242851857567	3850	0,52807808207003881	3850	120	3850	-0,0663386830915975	3850	0
3860	-0,072535451932754874	3860	119,99828583659188	3860	-1,2478685665750486	3860	120	3860	-0,0663386830915975	3860	0
3870	-0,060559034572547146	3870	120,0010401563286	3870	0,78283668696833109	3870	120	3870	-0,0663386830915975	3870	0
3880	-0,070409198330407471	3880	119,99913557892769	3880	0,03601436589884776	3880	120	3880	-0,0663386830915975	3880	0
3890	-0,065478758745825	3890	119,99980519009975	3890	0,22479152284121517	3890	120	3890	-0,0663386830915975	3890	0
3900	-0,07566228312193117	3900	119,99804055919246	3900	-0,61970572100850352	3900	120	3900	-0,0663386830915975	3900	0
3910	-0,063413175800932559	3910	120,00120533449653	3910	0,29152163303853285	3910	120	3910	-0,0663386830915975	3910	0
3920	-0,068993511403433572	3920	119,99921986535426	3920	-1,0196232202374604	3920	120	3920	-0,0663386830915975	3920	0
3930	-0,06367054721109304	3930	120,00305840378637	3930	1,5470966906541226	3930	120	3930	-0,0663386830915975	3930	0
3940	-0,069319690165778	3940	119,99880652091302	3940	-0,067206732753441412	3940	120	3940	-0,0663386830915975	3940	0
3950	-0,069153631936443638	3950	120,0005253553811	3950	0,92065214375793025	3950	120	3950	-0,0663386830915975	3950	0
3960	-0,050753586453679576	3960	120,00090920666955	3960	0,31573628100988371	3960	120	3960	-0,0663386830915975	3960	0
3970	-0,070325560510720614	3970	119,99962910973581	3970	-1,0664816398522248	3970	120	3970	-0,0663386830915975	3970	0
3980	-0,0715715430351219	3980	120,00022177431139	3980	0,27109191360811413	3980	120	3980	-0,0663386830915975	3980	0
3990	-0,072492199200711191	3990	119,99887978180456	3990	0,030940228275186943	3990	120	3990	-0,0663386830915975	3990	0
4000	-0,064284606937868166	4000	120,00289754130536	4000	0,944248458438278	4000	120	4000	-0,0663386830915975	4000	0
4010	-0,067544031694805509	4010	119,99826358708269	4010	0,063101655919250571	4010	120	4010	-0,0663386830915975	4010	0
4020	-0,057766413648985257	4020	120,0011414527838	4020	-0,35787076123839467	4020	120	4020	-0,0663386830915975	4020	0
4030	-0,063259797318063984	4030	120,00030790056665	4030	-0,24607720791527674	4030	120	4030	-0,0663386830915975	4030	0
4040	-0,064613796199196175	4040	120,00134382271094	4040	0,50348527595690706	4040	120	4040	-0,0663386830915975	4040	0
4050	-0,059521775820106614	4050	120,0038124003375	4050	1,1006869725289072	4050	120	4050	-0,0663386830915975	4050	0
4060	-0,04633469873582545	4060	120,00315811510784	4060	1,4867042230196055	4060	120	4060	-0,0663386830915975	4060	0
4070	-0,060187231391387992	4070	120,00377489680564	4070	0,73770159967139692	4070	120	4070	-0,0663386830915975	4070	0
4080	-0,06150620838628823	4080	120,00118955470099	4080	0,063593407861257834	4080	120	4080	-0,0663386830915975	4080	0
4090	-0,068441497357974487	4090	120,00095801059904	4090	1,5061605056581997	4090	120	4090	-0,0663386830915975	4090	0
4100	-0,0624114777629845	4100	120,00230257373835	4100	0,32463671059148169	4100	120	4100	-0,0663386830915975	4100	0
4110	-0,060146260544014875	4110	120,00169306793835	4110	1,2570664777072083	4110	120	4110	-0,0663386830915975	4110	0
4120	-0,0770116859135215	4120	119,99744574922559	4120	-1,512669976644903	4120	120	4120	-0,0663386830915975	4120	0
4130	-0,065682464834041387	4130	120,00112754353921	4130	1,0585403726483798	4130	120	4130	-0,0663386830915975	4130	0
4140	-0,073125896187932915	4140	119,99801521732141	4140	-1,1421928184864312	4140	120	4140	-0,0663386830915975	4140	0
4150	-0,057690968385535751	4150	120,00340809497826	4150	1,0880928078512473	4150	120	4150	-0,0663386830915975	4150	0
4160	-0,0646654108449243	4160	120,00027631530557	4160	-0,24093723828371919	4160	120	4160	-0,0663386830915975	4160	0
4170	-0,075854858334462386	4170	119,99786334830517	4170	-0,13172972463796778	4170	120	4170	-0,0663386830915975	4170	0
4180	-0,071801123519587312	4180	119,99894699188181	4180	-0,17890157642373428	4180	120	4180	-0,0663386830915975	4180	0
4190	-0,0621989856761408	4190	119,99895384729452	4190	-0,34617741135796076	4190	120	4190	-0,0663386830915975	4190	0
4200	-0,054526085186491872	4200	120,00462582158984	4200	-0,50470768881671846	4200	120	4200	-0,0663386830915975	4200	0
4210	-0,06481472541198105	4210	119,99981026995275	4210	0,71484001112670548	4210	120	4210	-0,0663386830915975	4210	0
4220	-0,078268039564362	4220	119,99847240572412	4220	-0,21360093425725768	4220	120	4220	-0,0663386830915975	4220	0
4230	-0,069472128921464107	4230	119,99883572550678	4230	0,30878759574284453	4230	120	4230	-0,0663386830915975	4230	0
4240	-0,069869815494434537	4240	119,998276806213	4240	-0,62629435801491673	4240	120	4240	-0,0663386830915975	4240	0
4250	-0,072056725065446692	4250	119,99769850053615	4250	0,49983612529911942	4250	120	4250	-0,0663386830915975	4250	0
4260	-0,062203882765292311	4260	119,99729777107203	4260	-0,27941772536386744	4260	120	4260	-0,0663386830915975	4260	0
4270	-0,063144685951911486	4270	120,0008131126111	4270	0,25392945864973027	4270	120	4270	-0,0663386830915975	4270	0
4280	-0,057203010133648709	4280	120,00343200731297	4280	-0,41921656890660719	4280	120	4280	-0,0663386830915975	4280	0
4290	-0,066120764795205525	4290	119,99936557689361	4290	-0,40546689258813762	4290	120	4290	-0,0663386830915975	4290	0
4300	-0,056202643537779609	4300	120,00293101931536	4300	0,85259231711494121	4300	120	4300	-0,0663386830915975	4300	0
4310	-0,064593249238921388	4310	120,00130966154342	4310	0,59881793334074085	4310	120	4310	-0,0663386830915975	4310	0
4320	-0,061244792437784662	4320	120,0014105693197	4320	0,40762955717486782	4320	120	4320	-0,0663386830915975	4320	0
4330	-0,073631492332895537	4330	119,99796176563199	4330	-0,097816420657891784	4330	120	4330	-0,0663386830915975	4330	0
4340	-0,064521842934347928	4340	119,99888357323353	4340	-1,0387429283313758	4340	120	4340	-0,0663386830915975	4340	0
4350	-0,053763556970600285	4350	120,00166125723301	4350	0,912724550554318	4350	120	4350	-0,0663386830915975	4350	0
4360	-0,070830192171557851	4360	119,99904862937814	4360	0,10320468253478005	4360	120	4360	-0,0663386830915975	4360	0
4370	-0,069011747793153833	4370	120,00085489078853	4370	0,48222337230725293	4370	120	4370	-0,0663386830915975	4370	0
4380	-0,067327475350635921	4380	120,00206404496748	4380	0,8982077993953772	4380	120	4380	-0,0663386830915975	4380	0
4390	-0,065116714871844769	4390	120,0000511017616	4390	-0,42991619772348755	4390	120	4390	-0,0663386830915975	4390	0
4400	-0,0617529135408149	4400	119,99881053237917	4400	-0,24873567310815764	4400	120	4400	-0,0663386830915975	4400	0
4410	-0,065925051355339714	4410	119,9987722008205	4410	-0,048767554851521094	4410	120	4410	-0,0663386830915975	4410	0
4420	-0,062588308281150321	4420	120,00068852976114	4420	0,546226857447938	4420	120	4420	-0,0663386830915975	4420	0
4430	-0,0673756863275019	4430	119,99853920776363	4430	-0,018421256121497032	4430	120	4430	-0,0663386830915975	4430	0
4440	-0,07575926863368293	4440	119,99897241083151	4440	-0,59985156331125922	4440	120	4440	-0,0663386830915975	4440	0
4450	-0,0635219889746946	4450	120,00190670119687	4450	0,36583865333897975	4450	120	4450	-0,0663386830915975	4450	0
4460	-0,066716483775295835	4460	119,99885100795405	4460	-1,1036636913239186	4460	120	4460	-0,0663386830915975	4460	0
4470	-0,0672364076515029	4470	120,0008349139743	4470	0,24057313519639251	4470	120	4470	-0,0663386830915975	4470	0
4480	-0,051157862889426926	4480	120,00129439202063	4480	0,94086438624900492	4480	120	4480	-0,0663386830915975	4480	0
4490	-0,06603634830157662	4490	120,00016734305336	4490	0,31300142331675129	4490	120	4490	-0,0663386830915975	4490	0
4500	-0,0584513210868943	4500	120,00358308571461	4500	0,42065038886322137	4500	120	4500	-0,0663386830915975	4500	0
4510	-0,070459751342386967	4510	119,99855346692041	4510	-0,65757623429127388	4510	120	4510	-0,0663386830915975	4510	0
4520	-0,071793138608655618	4520	120,00033042898667	4520	-0,554761010943974	4520	120	4520	-0,0663386830915975	4520	0
4530	-0,064558094005446251	4530	119,99943436326423	4530	0,19046818044477443	4530	120	4530	-0,0663386830915975	4530	0
4540	-0,062164039589992823	4540	120,00141354112424	4540	0,12514257981893767	4540	120	4540	-0,0663386830915975	4540	0
4550	-0,07252246304698283	4550	120,00018049358442	4550	0,055232868871500918	4550	120	4550	-0,0663386830915975	4550	0
4560	-0,065154760342581108	4560	119,99956885728818	4560	0,51335438935982336	4560	120	4560	-0,0663386830915975	4560	0
4570	-0,069347421307006787	4570	119,99983055986854	4570	-0,614651085596806	4570	120	4570	-0,0663386830915975	4570	0
4580	-0,065074510922403517	4580	120,00166837506237	4580	-0,24200971275648586	4580	120	4580	-0,0663386830915975	4580	0
4590	-0,068826043099109349	4590	119,99902115279058	4590	-0,63284165811381965	4590	120	4590	-0,0663386830915975	4590	0
4600	-0,0671405352183395	4600	120,0002668927734	4600	1,2982674012477768	4600	120	4600	-0,0663386830915975	4600	0
4610	-0,07336637605472246	4610	119,99781070321913	4610	-0,25174146680386861	4610	120	4610	-0,0663386830915975	4610	0
4620	-0,061136785964105447	4620	120,00147010467509	4620	-0,3017138463448969	4620	120	4620	-0,0663386830915975	4620	0
4630	-0,065682312353334077	4630	119,99878841450327	4630	1,4425608545568514	4630	120	4630	-0,0663386830915975	4630	0
4640	-0,06762841386665662	4640	119,99981357119778	4640	-0,91415125603247538	4640	120	4640	-0,0663386830915975	4640	0
4650	-0,066063573476884671	4650	120,00263406230808	4650	0,96573550573079014	4650	120	4650	-0,0663386830915975	4650	0
4660	-0,056553796687359784	4660	120,00397278134933	4660	1,7559806323829461	4660	120	4660	-0,0663386830915975	4660	0
4670	-0,071314315880255275	4670	119,9991827344686	4670	-0,41925545798997571	4670	120	4670	-0,0663386830915975	4670	0
4680	-0,07232750560956934	4680	120,00025820358449	4680	-0,051292973843558166	4680	120	4680	-0,0663386830915975	4680	0
4690	-0,057022348083706723	4690	120,00060511813111	4690	-0,45934769575473688	4690	120	4690	-0,0663386830915975	4690	0
4700	-0,074086270548215441	4700	119,99935893129059	4700	-0,058263574981751193	4700	120	4700	-0,0663386830915975	4700	0
4710	-0,072117489004512869	4710	119,99911872965558	4710	0,10364749171925353	4710	120	4710	-0,0663386830915975	4710	0
4720	-0,071896693084408075	4720	119,99721750200159	4720	-0,5851213946956032	4720	120	4720	-0,0663386830915975	4720	0
4730	-0,039200516395102268	4730	120,00360815373404	4730	1,5429688504015247	4730	120	4730	-0,0663386830915975	4730	0
4740	-0,067455817897469184	4740	119,99823599653882	4740	-0,0089773076028034637	4740	120	4740	-0,0663386830915975	4740	0
4750	-0,069023224919197809	4750	119,99708237903568	4750	-0,48845124836187764	4750	120	4750	-0,0663386830915975	4750	0
4760	-0,065978507749917037	4760	119,99958859723868	4760	0,066429943632264454	4760	120	4760	-0,0663386830915975	4760	0
4770	-0,069395328856964922	4770	119,99871442298564	4770	-0,20555943217590214	4770	120	4770	-0,0663386830915975	4770	0
4780	-0,063766613538701	4780	120,00007773536447	4780	0,24669553440217956	4780	120	4780	-0,0663386830915975	4780	0
4790	-0,066605794713075914	4790	119,99978294824604	4790	0,045355991097129816	4790	120	4790	-0,0663386830915975	4790	0
4800	-0,063814788156244362	4800	120,00135703269341	4800	-0,47731234177352655	4800	120	4800	-0,0663386830915975	4800	0
4810	-0,070146549872545177	4810	119,99985051019671	4810	0,11415430202538851	4810	120	4810	-0,0663386830915975	4810	0
4820	-0,077260313146518766	4820	119,99999420817078	4820	-0,47276281509362406	4820	120	4820	-0,0663386830915975	4820	0
4830	-0,0692755413466916	4830	119,9982040400284	4830	0,064604860342394266	4830	120	4830	-0,0663386830915975	4830	0
4840	-0,061113456807931663	4840	119,99916921694108	4840	-0,33736019423667196	4840	120	4840	-0,0663386830915975	4840	0
4850	-0,071198072355834155	4850	120,00049559018642	4850	1,271768187763711	4850	120	4850	-0,0663386830915975	4850	0
4860	-0,050147720768654473	4860	120,00408439005018	4860	0,48151122733787033	4860	120	4860	-0,0663386830915975	4860	0
4870	-0,066244830187177084	4870	120,00191844277907	4870	0,073133750312592671	4870	120	4870	-0,0663386830915975	4870	0
4880	-0,068286135534549375	4880	119,99949173133194	4880	0,54735327706641312	4880	120	4880	-0,0663386830915975	4880	0
4890	-0,06776588978439721	4890	119,99873112951342	4890	-0,29334343458506107	4890	120	4890	-0,0663386830915975	4890	0
4900	-0,061190171554913568	4900	120,00108595041995	4900	0,48471792625962551	4900	120	4900	-0,0663386830915975	4900	0
4910	-0,066815310756740409	4910	119,99803206701621	4910	-0,336992676842641	4910	120	4910	-0,0663386830915975	4910	0
4920	-0,068267147274711878	4920	120,00055563290908	4920	0,011846160121765481	4920	120	4920	-0,0663386830915975	4920	0
4930	-0,0694643747496179	4930	120,00025492450703	4930	-0,080631520349171759	4930	120	4930	-0,0663386830915975	4930	0
4940	-0,062902977446075453	4940	119,99914095361837	4940	-0,33754540379486286	4940	120	4940	-0,0663386830915975	4940	0
4950	-0,070079518279240041	4950	119,99972198258831	4950	-0,48495692719139388	4950	120	4950	-0,0663386830915975	4950	0
4960	-0,068317277997089254	4960	119,99711772258138	4960	0,13802722261471923	4960	120	4960	-0,0663386830915975	4960	0
4970	-0,0796333477269212	4970	119,99540069289854	4970	-1,0339995819337347	4970	120	4970	-0,0663386830915975	4970	0
4980	-0,070483060390043512	4980	119,99872002995997	4980	-0,24730482548150862	4980	120	4980	-0,0663386830915975	4980	0
4990	-0,0774520022615828	4990	119,99840098055466	4990	-0,4987685467524412	4990	120	4990	-0,0663386830915975	4990	0
5000	-0,064474680604565279	5000	120,00316935085823	5000	0,18618844540031931	5000	120	5000	-0,0663386830915975	5000	0
5010	-0,076700124199877748	5010	119,9984879884307	5010	-0,49175401371673422	5010	120	5010	-0,0663386830915975	5010	0
5020	-0,051018575139518185	5020	120,00456685882904	5020	-0,3074648298208349	5020	120	5020	-0,0663386830915975	5020	0
5030	-0,063232161054094488	5030	120,00127373251318	5030	0,23916796339053051	5030	120	5030	-0,0663386830915975	5030	0
5040	-0,0635537897847579	5040	119,999048700035	5040	-0,20498809975411825	5040	120	5040	-0,0663386830915975	5040	0
5050	-0,067129118492602974	5050	120,00025518324264	5050	0,15593074390821166	5050	120	5050	-0,0663386830915975	5050	0
5060	-0,074342775705875011	5060	119,99733512988203	5060	0,009923983713871154	5060	120	5060	-0,0663386830915975	5060	0
5070	-0,07033962271415603	5070	119,99920348016694	5070	-0,4226188495251858	5070	120	5070	-0,0663386830915975	5070	0
5080	-0,0613484991993009	5080	120,00040781077207	5080	0,275110372930395	5080	120	5080	-0,0663386830915975	5080	0
5090	-0,065891342237833647	5090	119,99846228374011	5090	-0,440863157910929	5090	120	5090	-0,0663386830915975	5090	0
5100	-0,06639046980796165	5100	119,9973451517516	5100	-0,73822557808467371	5100	120	5100	-0,0663386830915975	5100	0
5110	-0,06567219547713099	5110	119,99764653954931	5110	-0,44896105930996633	5110	120	5110	-0,0663386830915975	5110	0
5120	-0,064743381089411717	5120	119,99968749916232	5120	-1,4771187200148013	5120	120	5120	-0,0663386830915975	5120	0
5130	-0,074665113129237237	5130	119,99871552663176	5130	0,069951145158899	5130	120	5130	-0,0663386830915975	5130	0
5140	-0,070974844556733571	5140	119,998872592169	5140	-0,79639971047011127	5140	120	5140	-0,0663386830915975	5140	0
5150	-0,061132772806231923	5150	120,00127926952476	5150	0,59720662022694471	5150	120	5150	-0,0663386830915975	5150	0
5160	-0,069133124924307274	5160	119,99685545409368	5160	-0,34325585617907395	5160	120	5160	-0,0663386830915975	5160	0
5170	-0,063652421639489865	5170	120,00301287313685	5170	0,41706837278154951	5170	120	5170	-0,0663386830915975	5170	0
5180	-0,061907213599724821	5180	120,00198724049081	5180	-0,43949701193365154	5180	120	5180	-0,0663386830915975	5180	0
5190	-0,072209098699198115	5190	120,00044641843637	5190	-0,22621317218796869	5190	120	5190	-0,0663386830915975	5190	0
5200	-0,069302128007910219	5200	120,00025289786242	5200	0,3947002003292468	5200	120	5200	-0,0663386830915975	5200	0
5210	-0,074650352523992047	5210	119,99767160497287	5210	-0,19414294233714863	5210	120	5210	-0,0663386830915975	5210	0
5220	-0,0693600253561869	5220	119,99931299871631	5220	-0,13157994012785751	5220	120	5220	-0,0663386830915975	5220	0
5230	-0,075246380817068137	5230	119,99841020033412	5230	0,31761040826996145	5230	120	5230	-0,0663386830915975	5230	0
5240	-0,058623786016059935	5240	119,99950805364377	5240	-0,21620493598072643	5240	120	5240	-0,0663386830915975	5240	0
5250	-0,071918103746573023	5250	119,99992763652841	5250	0,48944466277179355	5250	120	5250	-0,0663386830915975	5250	0
5260	-0,070394814197799555	5260	119,99900142302828	5260	-0,83481269906119837	5260	120	5260	-0,0663386830915975	5260	0
5270	-0,068900806064694162	5270	120,00263606846235	5270	0,59066666887393948	5270	120	5270	-0,0663386830915975	5270	0
5280	-0,058668382114845964	5280	120,00221117962961	5280	0,15830929867171684	5280	120	5280	-0,0663386830915975	5280	0
5290	-0,069844024914779951	5290	119,99536516330555	5290	-0,89706743271442357	5290	120	5290	-0,0663386830915975	5290	0
5300	-0,051702195702009943	5300	120,00454740350629	5300	0,60946072216268143	5300	120	5300	-0,0663386830915975	5300	0
5310	-0,068687661000025949	5310	119,99948682019075	5310	0,76770058374580052	5310	120	5310	-0,0663386830915975	5310	0
5320	-0,060883209610096863	5320	119,99988708305877	5320	0,063039918229596176	5320	120	5320	-0,0663386830915975	5320	0
5330	-0,061277943228389288	5330	120,00174298523027	5330	0,64358198814518486	5330	120	5330	-0,0663386830915975	5330	0
5340	-0,067858231828397675	5340	119,99915179769646	5340	-0,65126470088012	5340	120	5340	-0,0663386830915975	5340	0
5350	-0,058536248391771087	5350	120,00441911202638	5350	0,77803333166542432	5350	120	5350	-0,0663386830915975	5350	0
5360	-0,070130742566984691	5360	119,99941584259531	5360	0,85613616315364749	5360	120	5360	-0,0663386830915975	5360	0
5370	-0,061994314452325991	5370	119,9998602810074	5370	-0,18822686676390038	5370	120	5370	-0,0663386830915975	5370	0
5380	-0,064736291711466179	5380	120,00065346750876	5380	0,60690677579967256	5380	120	5380	-0,0663386830915975	5380	0
5390	-0,060180008390154589	5390	120,00002377153275	5390	0,14906421956865457	5390	120	5390	-0,0663386830915975	5390	0
5400	-0,065747239715981648	5400	120,00069840708528	5400	0,53015280911726315	5400	120	5400	-0,0663386830915975	5400	0
5410	-0,051748192225046	5410	120,00421772432964	5410	1,7809722387364722	5410	120	5410	-0,0663386830915975	5410	0
5420	-0,085554273085300739	5420	119,9955693633088	5420	-1,9714594394406086	5420	120	5420	-0,0663386830915975	5420	0
5430	-0,0677737987329704	5430	119,99983684066001	5430	-0,84151319288765358	5430	120	5430	-0,0663386830915975	5430	0
5440	-0,072852702780667633	5440	120,0010656144684	5440	0,0024207639072197362	5440	120	5440	-0,0663386830915975	5440	0
5450	-0,060384082658235839	5450	120,00308418803881	5450	0,41201250193024086	5450	120	5450	-0,0663386830915975	5450	0
5460	-0,072610784292188452	5460	119,99669777577793	5460	-1,1099618754239775	5460	120	5460	-0,0663386830915975	5460	0
5470	-0,069362756455488533	5470	119,9964097002195	5470	-1,0345494286435355	5470	120	5470	-0,0663386830915975	5470	0
5480	-0,06706454489596704	5480	119,99863952692208	5480	0,090564925930618739	5480	120	5480	-0,0663386830915975	5480	0
5490	-0,072137865156221309	5490	120,00048248701046	5490	-0,49817572934266086	5490	120	5490	-0,0663386830915975	5490	0
5500	-0,062861227201686423	5500	119,99957348423185	5500	-0,18931070190908764	5500	120	5500	-0,0663386830915975	5500	0
5510	-0,069779430602839351	5510	119,99826712918245	5510	-0,20480930750652621	5510	120	5510	-0,0663386830915975	5510	0
5520	-0,0575466814587605	5520	120,0013931524925	5520	0,31445158197443163	5520	120	5520	-0,0663386830915975	5520	0
5530	-0,06862704880956691	5530	119,99964099292612	5530	-0,46903278323527742	5530	120	5530	-0,0663386830915975	5530	0
5540	-0,061794586712909716	5540	120,00058494002509	5540	0,56145900173209351	5540	120	5540	-0,0663386830915975	5540	0
5550	-0,06759903323089618	5550	120,00124269065034	5550	0,096308259069854282	5550	120	5550	-0,0663386830915975	5550	0
5560	-0,071464724806942936	5560	119,9999884411361	5560	0,66548070336675358	5560	120	5560	-0,0663386830915975	5560	0
5570	-0,056144208558950179	5570	120,00076259489642	5570	0,33811606277815665	5570	120	5570	-0,0663386830915975	5570	0
5580	-0,059086252721482248	5580	120,00195883984976	5580	0,41726697762266396	5580	120	5580	-0,0663386830915975	5580	0
5590	-0,066036519623064532	5590	119,99929696943092	5590	-0,6216483382110759	5590	120	5590	-0,0663386830915975	5590	0
5600	-0,062945500245497527	5600	120,00062937659314	5600	0,43889265460696836	5600	120	5600	-0,0663386830915975	5600	0
5610	-0,070696519173081077	5610	120,00811225106953	5610	1,3214283112445673	5610	120,01333333333334	5610	-0,0663386830915975	5610	4
5620	-0,081021737400636618	5620	120,09018672184654	5620	11,595552096381105	5620	120,10666666666667	5620	-0,0663386830915975	5620	16
5630	-0,11260192228301261	5630	120,31716771006281	5630	28,23287226054957	5630	120,36	5630	-0,0663386830915975	5630	36
5640	-0,17328910518532609	5640	120,76891007453527	5640	53,469163249189585	5640	120,85333333333334	5640	-0,0663386830915975	5640	64
5650	-0,23890122321151505	5650	121,5390464995383	5650	87,464781660053561	5650	121,66666666666667	5650	-0,0663386830915975	5650	100
5660	-0,28719062532445055	5660	122,70391586617599	5660	130,66844178934846	5660	122,88	5660	-0,0663386830915975	5660	144
5670	-0,35786491773518359	5670	124,35322233944658	5670	181,16812630350628	5670	124,57333333333335	5670	-0,0663386830915975	5670	196,00000000000011
5680	-0,37263456097442665	5680	126,56707346734521	5680	240,89954644615648	5680	126,82666666666668	5680	-0,0663386830915975	5680	256,00000000000006
5690	-0,41899482442544633	5690	129,42524236851625	5690	307,89948589562727	5690	129,72	5690	-0,0663386830915975	5690	324
5700	-0,41100161003548974	5700	133,01273844931211	5700	382,94784595005507	5700	133,33333333333334	5700	-0,0663386830915975	5700	400,00000000000006
5710	-0,42258458125776238	5710	137,39325177148373	5710	465,50343422250091	5710	137,74666666666667	5710	-0,0663386830915975	5710	484
5720	-0,38265402697880008	5720	142,66279104527877	5720	556,33182384982376	5720	143,04000000000002	5720	-0,0663386830915975	5720	576
5730	-0,32693741521552544	5730	148,87208825991769	5730	651,241480518267	5730	149,29333333333335	5730	-0,0663386830915975	5730	676
5740	-0,31748419467986372	5740	156,10177259400106	5740	757,4689415225323	5740	156,58589556350424	5740	-0,0663386830915975	5740	783,24632202893031
5750	-0,31966411888217061	5750	164,41878387725259	5750	862,8313291978526	5750	164,94047056547052	5750	-0,0663386830915975	5750	886,33534503099656
5760	-0,32202795970891746	5760	173,69953323132057	5760	957,46427159684708	5760	174,28593579745748	5760	-0,0663386830915975	5760	981,42436803306316
5770	-0,228993017311032	5770	183,94108997189275	5770	1053,656349324323	5770	184,54229125946512	5770	-0,0663386830915975	5770	1068,5133910351296
5780	-0,027579967865036741	5780	195,03163938422614	5780	1130,4379360666753	5780	195,62953695149341	5780	-0,0663386830915975	5780	1147,602414037196
5790	-0,0049656488946221615	5790	206,88762184474729	5790	1216,6386320623412	5790	207,46767287354237	5790	-0,0663386830915975	5790	1218,6914370392624
5800	0,13306178718021841	5800	219,42319038575548	5800	1263,9266213671585	5800	219,976699025612	5800	-0,0663386830915975	5800	1281,7804600413288
5810	0,048640405376796966	5810	232,53822908969087	5810	1335,1095799914533	5810	233,07661540770226	5810	-0,0663386830915975	5810	1336,8694830433954
5820	0,32764819626198688	5820	246,1307685068345	5820	1367,7813863960414	5820	246,6874220198132	5820	-0,0663386830915975	5820	1383,958506045462
5830	0,396277873658155	5830	260,24984389377164	5830	1421,1151853299798	5830	260,72911886194481	5830	-0,0663386830915975	5830	1423,0475290475283
5840	0,050668185832777164	5840	274,55891540495037	5840	1443,455486194277	5840	275,12170593409712	5840	-0,0663386830915975	5840	1454,1365520495947
5850	0,49924156165126848	5850	289,1635212293325	5850	1470,6710141650265	5850	289,78518323627009	5850	-0,0663386830915975	5850	1477,2255750516613
5860	0,32886187954781437	5860	304,03652805171134	5860	1492,3953694763948	5860	304,63955076846366	5860	-0,0663386830915975	5860	1492,3145980537277
5870	0,35026307119479166	5870	318,9569274950764	5870	1492,8059946066439	5870	319,604808530678	5870	-0,0663386830915975	5870	1499,403621055794
5880	0,32176337508616404	5880	333,91427722323152	5880	1496,2394047135044	5880	334,60404093556275	5880	-0,0663386830915975	5880	1500
5890	0,18878923265843034	5890	348,94055533136742	5890	1508,8457307186975	5890	349,60404093556269	5890	-0,0663386830915975	5890	1500
5900	0,1330663027197295	5900	363,93927453097342	5900	1493,5235928682014	5900	364,60404093556269	5900	-0,0663386830915975	5900	1500
5910	0,018759228951126285	5910	378,94164842165037	5910	1500,738260890724	5910	379,60404093556269	5910	-0,0663386830915975	5910	1500
5920	-0,006961151787139493	5920	393,95884491916297	5920	1499,0898648954608	5920	394,60404093556269	5920	-0,0663386830915975	5920	1500
5930	0,12672685783844512	5930	408,94187282944017	5930	1491,8083899591979	5930	409,59070760222937	5930	-0,0663386830915975	5930	1496
5940	-0,0067849257557059551	5940	423,79858547235915	5940	1487,2274315052862	5940	424,49737426889607	5940	-0,0663386830915975	5940	1484
5950	0,18841660169192026	5950	438,5046944606483	5950	1458,47420072862	5950	439,24404093556268	5950	-0,0663386830915975	5950	1464
5960	0,28994296251060436	5960	453,08629980793268	5960	1452,785300011094	5960	453,75070760222934	5960	-0,0663386830915975	5960	1436
5970	-0,075395440387939591	5970	467,20467104623179	5970	1408,4485371666046	5970	467,937374268896	5970	-0,0663386830915975	5970	1400
5980	0,37215341980878841	5980	481,08874964195519	5980	1366,6788282487264	5980	481,7240409355627	5980	-0,0663386830915975	5980	1356
5990	0,080466191300313655	5990	494,48129892232237	5990	1329,8888710864076	5990	495,03070760222931	5990	-0,0663386830915975	5990	1304
6000	0,36769814944375617	6000	507,29106112705375	6000	1258,8440991489936	6000	507,777374268896	6000	-0,0663386830915975	6000	1244
6010	0,13797572798665489	6010	519,413376460805	6010	1190,0030550163988	6010	519,88404093556267	6010	-0,0663386830915975	6010	1176,0000000000002
6020	0,45350232839227428	6020	530,84291168205334	6020	1120,2569284124706	6020	531,27070760222932	6020	-0,0663386830915975	6020	1100,0000000000002
6030	0,32706359095432647	6030	541,50738192190863	6030	1040,3312771998976	6030	541,857374268896	6030	-0,0663386830915975	6030	1016,0000000000001
6040	0,41420069489748829	6040	551,2419608221619	6040	939,60413734688132	6040	551,56404093556262	6040	-0,0663386830915975	6040	924
6050	0,21436705123887095	6050	559,99631490432694	6050	847,25303610289234	6050	560,31070760222929	6050	-0,0663386830915975	6050	824
6060	0,24340109273245617	6060	567,744895336496	6060	741,92266997700779	6060	568,01814537205848	6060	-0,0663386830915975	6060	716,75367797106969
6070	0,23665539602698529	6070	574,45170907152783	6070	638,5213199680104	6070	574,66357037009209	6070	-0,0663386830915975	6070	613,66465496900366
6080	0,17847224595500352	6080	580,13952348959413	6080	538,59715192503631	6080	580,31810513810512	6080	-0,0663386830915975	6080	518,57563196693718
6090	0,0889548522995742	6090	584,92003697245673	6090	452,21421962285388	6090	585,06174967609752	6090	-0,0663386830915975	6090	431,48660896487064
6100	-0,069152336258603564	6100	588,82729078957482	6100	365,6696886019746	6100	588,9745039840692	6100	-0,0663386830915975	6100	352,3975859628041
6110	-0,16507000555415041	6110	591,96126670475962	6110	288,40778711822691	6110	592,13636806202032	6110	-0,0663386830915975	6110	281,30856296073756
6120	-0,24583372888819427	6120	594,40582678716908	6120	224,66072928435023	6120	594,6273419099507	6120	-0,0663386830915975	6120	218,21953995867114
6130	-0,33361355799624159	6130	596,27284075775526	6130	169,91449419793705	6130	596,52742552786049	6130	-0,0663386830915975	6130	163,13051695660417
6140	-0,41365827613133849	6140	597,6505916594748	6140	124,89047854826956	6140	597,9166189157495	6140	-0,0663386830915975	6140	116,04149395453774
6150	-0,46479055592329566	6150	598,62571700131571	6150	86,060966421918366	6150	598,87492207361788	6150	-0,0663386830915975	6150	76,952470952471359
6160	-0,46293909072212491	6160	599,26946513772316	6160	55,448481253739239	6160	599,48233500146557	6160	-0,0663386830915975	6160	45,863447950404982
6170	-0,42221464079016385	6170	599,65410488642863	6170	31,642276779315058	6170	599,81885769929261	6170	-0,0663386830915975	6170	22,774424948338829
6180	-0,41107201448232233	6180	599,83808246918863	6180	13,551905952912616	6180	599,964490167099	6180	-0,0663386830915975	6180	7,6854019462723882
6190	-0,38029476067284018	6190	599,9015128059674	6190	3,3140375124076566	6190	599,99923240488476	6190	-0,0663386830915975	6190	0,59637894420596316
6200	-0,35787529787469158	6200	599,9236034048962	6200	1,1861441518381497	6200	600	6200	-0,0663386830915975	6200	0
6210	-0,36443836094114324	6210	599,92538050419216	6210	0,60313418061256363	6210	600	6210	-0,0663386830915975	6210	0
6220	-0,34039368532082437	6220	599,93138666216657	6220	0,53130435539234222	6220	600	6220	-0,0663386830915975	6220	0
6230	-0,31347918052682627	6230	599,94293533245582	6230	1,0489685678336362	6230	600	6230	-0,0663386830915975	6230	0
6240	-0,2742835450043517	6240	599,95772540655457	6240	1,2486916052781074	6240	600	6240	-0,0663386830915975	6240	0
6250	-0,23987919575499975	6250	599,97408901522442	6250	1,9000957973603794	6250	600	6250	-0,0663386830915975	6250	0
6260	-0,18175748188512492	6260	599,99323908414476	6260	2,1060048184495885	6260	600	6260	-0,0663386830915975	6260	0
6270	-0,15971466468996148	6270	600,004769902252	6270	0,95472808483584315	6270	600	6270	-0,0663386830915975	6270	0
6280	-0,12846006418588848	6280	600,01447430240444	6280	1,0085155995478981	6280	600	6280	-0,0663386830915975	6280	0
6290	-0,10513529655396266	6290	600,02081227277	6290	-0,0879056238631632	6290	600	6290	-0,0663386830915975	6290	0
6300	-0,091835996106974752	6300	600,01759102458016	6300	-0,56302388879314025	6300	600	6300	-0,0663386830915975	6300	0
6310	-0,084025057983728224	6310	600,01519875425583	6310	0,20121786323473273	6310	600	6310	-0,0663386830915975	6310	0
6320	-0,0769072266725831	6320	600,01010964236139	6320	-0,2683265753645197	6320	600	6320	-0,0663386830915975	6320	0
6330	-0,0770556346196577	6330	600,00333637018127	6330	-0,33565354138839687	6330	600	6330	-0,0663386830915975	6330	0
6340	-0,086663487460939492	6340	599,997316783375	6340	-0,66785292206965308	6340	600	6340	-0,0663386830915975	6340	0
6350	-0,090671259658919187	6350	599,99583645311225	6350	0,85462655647219821	6350	600	6350	-0,0663386830915975	6350	0
6360	-0,090187504031128088	6360	599,99119133552665	6360	0,081834113407947578	6360	600	6360	-0,0663386830915975	6360	0
6370	-0,088661643311788343	6370	599,99116243131243	6370	-0,42273909866231285	6370	600	6370	-0,0663386830915975	6370	0
6380	-0,074777326800157959	6380	599,9981978606902	6380	0,55313513468303943	6380	600	6380	-0,0663386830915975	6380	0
6390	-0,0820514040715976	6390	599,99559706323009	6390	-0,31629934626855088	6390	600	6390	-0,0663386830915975	6390	0
6400	-0,082101922060257959	6400	599,99921685305287	6400	0,060812671427043996	6400	600	6400	-0,0663386830915975	6400	0
6410	-0,079049058229107419	6410	599,998144211492	6410	-1,0416247781110224	6410	600	6410	-0,0663386830915975	6410	0
6420	-0,069707793868843487	6420	600,0021694198839	6420	-0,64803253563180285	6420	600	6420	-0,0663386830915975	6420	0
6430	-0,0852613694083616	6430	599,99739077272739	6430	-1,165595653208731	6430	600	6430	-0,0663386830915975	6430	0
6440	-0,0637003477555028	6440	600,00075909138332	6440	-0,15332296836451259	6440	600	6440	-0,0663386830915975	6440	0
6450	-0,06051245518826482	6450	600,00466195860724	6450	0,7191716700063	6450	600	6450	-0,0663386830915975	6450	0
6460	-0,079582262258526756	6460	599,99879127411884	6460	-0,042262662219436753	6460	600	6460	-0,0663386830915975	6460	0
6470	-0,069309850931305192	6470	599,99752444032276	6470	-0,65322682903232754	6470	600	6470	-0,0663386830915975	6470	0
6480	-0,065103487775231159	6480	600,00063227597593	6480	0,11823194599337289	6480	600	6480	-0,0663386830915975	6480	0
6490	-0,080719753932517041	6490	599,99790347433782	6490	0,38041601900748173	6490	600	6490	-0,0663386830915975	6490	0
6500	-0,058089143744052753	6500	600,00286804228438	6500	0,025369752962726921	6500	600	6500	-0,0663386830915975	6500	0
6510	-0,0660452348289195	6510	599,99951638631455	6510	0,48734156688551145	6510	600	6510	-0,0663386830915975	6510	0
6520	-0,0711840227936142	6520	599,99862201961355	6520	-0,28640865103592172	6520	600	6520	-0,0663386830915975	6520	0
6530	-0,074590780461863654	6530	599,99873462372875	6530	-0,63702781971410627	6530	600	6530	-0,0663386830915975	6530	0
6540	-0,066221546386278765	6540	600,00013492361506	6540	0,19012514931824695	6540	600	6540	-0,0663386830915975	6540	0
6550	-0,062770147149555727	6550	600,0013218732247	6550	0,21100277290646866	6550	600	6550	-0,0663386830915975	6550	0
6560	-0,064105957857393051	6560	599,99887784563634	6560	1,0443920998932048	6560	600	6560	-0,0663386830915975	6560	0
6570	-0,068717675663724331	6570	599,99901230637579	6570	-0,39291573823527065	6570	600	6570	-0,0663386830915975	6570	0
6580	-0,068402748293935584	6580	600,00066435240092	6580	1,0648049795518846	6580	600	6580	-0,0663386830915975	6580	0
6590	-0,068231488631605081	6590	599,99925422250931	6590	0,23944229742079418	6590	600	6590	-0,0663386830915975	6590	0
6600	-0,058559803695786533	6600	600,00133663671693	6600	0,29751881377996681	6600	600	6600	-0,0663386830915975	6600	0
6610	-0,0595206525245837	6610	600,000822976341	6610	0,22683268804384488	6610	600	6610	-0,0663386830915975	6610	0
6620	-0,072701295360447546	6620	599,99903336923182	6620	-0,5060209233612607	6620	600	6620	-0,0663386830915975	6620	0
6630	-0,063323987030040926	6630	599,99928496238715	6630	-0,19819893741778427	6630	600	6630	-0,0663386830915975	6630	0
6640	-0,054532112624260796	6640	600,00132908997364	6640	0,23458310586712494	6640	600	6640	-0,0663386830915975	6640	0
6650	-0,073209842263662964	6650	599,99966760245752	6650	-0,42562403468146326	6650	600	6650	-0,0663386830915975	6650	0
6660	-0,070962467334536761	6660	599,9984648202759	6660	0,31157802586143057	6660	600	6660	-0,0663386830915975	6660	0
6670	-0,052626219022557923	6670	600,00153637347933	6670	1,0035028806596884	6670	600	6670	-0,0663386830915975	6670	0
6680	-0,067171295290581357	6680	600,00034454470062	6680	0,15781010208679402	6680	600	6680	-0,0663386830915975	6680	0
6690	-0,074428837014045041	6690	599,99724893041878	6690	-1,188835806987159	6690	600	6690	-0,0663386830915975	6690	0
6700	-0,072935623973747546	6700	599,99963217854838	6700	-0,088839889122677151	6700	600	6700	-0,0663386830915975	6700	0
6710	-0,051377920614450609	6710	600,00438780508659	6710	1,9701128947385767	6710	600	6710	-0,0663386830915975	6710	0
6720	-0,064383492298861034	6720	600,00012013127684	6720	-0,088711628443340351	6720	600	6720	-0,0663386830915975	6720	0
6730	-0,07075949848407613	6730	599,99920804882652	6730	0,28229296761387629	6730	600	6730	-0,0663386830915975	6730	0
6740	-0,057532941988420988	6740	600,00163771807422	6740	-0,35739381657543995	6740	600	6740	-0,0663386830915975	6740	0
6750	-0,062326415603405336	6750	600,00244207950084	6750	-0,10927770142478344	6750	600	6750	-0,0663386830915975	6750	0
6760	-0,066699835126356757	6760	599,99873253778128	6760	0,56836475007120768	6760	600	6760	-0,0663386830915975	6760	0
6770	-0,079737556587178987	6770	599,99451699127519	6770	-1,2382433930852259	6770	600	6770	-0,0663386830915975	6770	0
6780	-0,062440302188764896	6780	600,00070158476422	6780	0,63222672431560389	6780	600	6780	-0,0663386830915975	6780	0
6790	-0,072394561739912572	6790	599,99901562169384	6790	0,0050600341380540592	6790	600	6790	-0,0663386830915975	6790	0
6800	-0,06444993454064378	6800	600,00049208273128	6800	-0,039821843136990442	6800	600	6800	-0,0663386830915975	6800	0
6810	-0,058734481173408716	6810	600,00293122183064	6810	0,35919421969674692	6810	600	6810	-0,0663386830915975	6810	0
6820	-0,071763644127927378	6820	599,99917732445147	6820	-0,40141498767761852	6820	600	6820	-0,0663386830915975	6820	0
6830	-0,064898326943634316	6830	599,99972007402368	6830	0,95736375679104013	6830	600	6830	-0,0663386830915975	6830	0
6840	-0,064471817543831356	6840	599,99897336731351	6840	-0,17791644148227148	6840	600	6840	-0,0663386830915975	6840	0
6850	-0,089032182083484526	6850	599,997000766769	6850	-0,91143265140138974	6850	600	6850	-0,0663386830915975	6850	0
6860	-0,063358469509895141	6860	599,99951073908483	6860	-0,42664587521278696	6860	600	6860	-0,0663386830915975	6860	0
6870	-0,071948447437536658	6870	600,00162325697841	6870	-0,64328223854801636	6870	600	6870	-0,0663386830915975	6870	0
6880	-0,065849114140865986	6880	600,003713867717	6880	0,24051446807438937	6880	600	6880	-0,0663386830915975	6880	0
6890	-0,062847806241083229	6890	600,0033762604462	6890	-0,14021497891327389	6890	600	6890	-0,0663386830915975	6890	0
6900	-0,0678397522668209	6900	599,99978361594026	6900	0,20585105268796564	6900	600	6900	-0,0663386830915975	6900	0
6910	-0,065162708988065976	6910	599,998725596214	6910	0,38226902588878386	6910	600	6910	-0,0663386830915975	6910	0
6920	-0,058788897505804655	6920	599,99731869234427	6920	0,56429224963712166	6920	600	6920	-0,0663386830915975	6920	0
6930	-0,0595803680119482	6930	600,00111009391173	6930	0,63698450565395581	6930	600	6930	-0,0663386830915975	6930	0
6940	-0,07704163092601167	6940	599,99762801808834	6940	-0,6757079672956221	6940	600	6940	-0,0663386830915975	6940	0
6950	-0,0635162222215901	6950	600,0023020986755	6950	0,55079227244452666	6950	600	6950	-0,0663386830915975	6950	0
6960	-0,073515641126758222	6960	599,9982343742555	6960	-0,45160020542844248	6960	600	6960	-0,0663386830915975	6960	0
6970	-0,0571996504522465	6970	600,001865752942	6970	-0,7917397226492684	6970	600	6970	-0,0663386830915975	6970	0
6980	-0,057382380991894556	6980	600,00366524924573	6980	0,92603519686293556	6980	600	6980	-0,0663386830915975	6980	0
6990	-0,066931790833901	6990	600,00035604919651	6990	0,044491252858171265	6990	600	6990	-0,0663386830915975	6990	0
7000	-0,066904357644837417	7000	600,00173994905083	7000	-0,59825301932775077	7000	600	7000	-0,0663386830915975	7000	0
7010	-0,06698000093074806	7010	600,00031396440625	7010	0,12239969088585188	7010	600	7010	-0,0663386830915975	7010	0
7020	-0,056105835420386135	7020	600,00259715726509	7020	-0,588958350964077	7020	600	7020	-0,0663386830915975	7020	0
7030	-0,071965058723288289	7030	599,999237834644	7030	8,5190926467519634E-05	7030	600	7030	-0,0663386830915975	7030	0
7040	-0,07582451738948541	7040	599,99613405810976	7040	-1,1006612408140135	7040	600	7040	-0,0663386830915975	7040	0
7050	-0,064764283420058855	7050	600,00209947515327	7050	1,0792732461979198	7050	600	7050	-0,0663386830915975	7050	0
7060	-0,058123649629930524	7060	599,99835057067116	7060	0,11075122678231958	7060	600	7060	-0,0663386830915975	7060	0
7070	-0,060210280106991636	7070	600,00288691040328	7070	1,7650010840086343	7070	600	7070	-0,0663386830915975	7070	0
7080	-0,05553194286509839	7080	600,00194722471178	7080	0,24687384511951158	7080	600	7080	-0,0663386830915975	7080	0
7090	-0,0701920195225207	7090	599,99899002761606	7090	0,039876206446691265	7090	600	7090	-0,0663386830915975	7090	0
7100	-0,067747080193461734	7100	600,00222769208824	7100	-0,69398657181539558	7100	600	7100	-0,0663386830915975	7100	0
7110	-0,063046949916392	7110	600,001116311483	7110	0,603107263542064	7110	600	7110	-0,0663386830915975	7110	0
7120	-0,062952399559852143	7120	600,00131389805358	7120	-0,26785794834642362	7120	600	7120	-0,0663386830915975	7120	0
7130	-0,075153344669200484	7130	600,00043549468069	7130	0,53350600261021108	7130	600	7130	-0,0663386830915975	7130	0
7140	-0,072777062836133125	7140	599,99608112086537	7140	-0,8440782857309721	7140	600	7140	-0,0663386830915975	7140	0
7150	-0,079340215970287828	7150	599,99683308553165	7150	-1,2719539269202382	7150	600	7150	-0,0663386830915975	7150	0
7160	-0,073695906530224953	7160	599,99767351983678	7160	-0,60313282894373488	7160	600	7160	-0,0663386830915975	7160	0
7170	-0,056276738151623588	7170	600,00389538780007	7170	1,2336199693850913	7170	600	7170	-0,0663386830915975	7170	0
7180	-0,0609797354347189	7180	600,00012286611559	7180	0,13949952695876025	7180	600	7180	-0,0663386830915975	7180	0
7190	-0,062118362477867749	7190	599,99993032275381	7190	-0,023465600994574509	7190	600	7190	-0,0663386830915975	7190	0
7200	-0,058122668765807774	7200	600,0035318047826	7200	1,4501712463975864	7200	600	7200	-0,0663386830915975	7200	0
7210	-0,062036199935095966	7210	600,00076042365674	7210	-0,14766536330758739	7210	600	7210	-0,0663386830915975	7210	0
7220	-0,069937972769583759	7220	600,000953141642	7220	0,44239659057567721	7220	600	7220	-0,0663386830915975	7220	0
7230	-0,054032593980125283	7230	600,00191998640116	7230	0,97566037993429622	7230	600	7230	-0,0663386830915975	7230	0
7240	-0,06735153804777963	7240	599,998507215295	7240	-0,19762532444868958	7240	600	7240	-0,0663386830915975	7240	0
7250	-0,071473253745179419	7250	599,99968270453462	7250	0,3303360766606972	7250	600	7250	-0,0663386830915975	7250	0
7260	-0,066293816579642978	7260	599,99988892877877	7260	1,2225854689291038	7260	600	7260	-0,0663386830915975	7260	0
7270	-0,063780014824036141	7270	600,000120074283	7270	-0,21399148066021978	7270	600	7270	-0,0663386830915975	7270	0
7280	-0,0659328880649341	7280	600,00183037621366	7280	0,066563680064616937	7280	600	7280	-0,0663386830915975	7280	0
7290	-0,054910349996194742	7290	599,99868821959251	7290	0,051972184781197327	7290	600	7290	-0,0663386830915975	7290	0
7300	-0,055268510762710617	7300	600,0024148833088	7300	0,30388528781743795	7300	600	7300	-0,0663386830915975	7300	0
7310	-0,0705136937089931	7310	600,00119174250767	7310	0,74371017338296641	7310	600	7310	-0,0663386830915975	7310	0
7320	-0,072908334682128512	7320	599,99680843457611	7320	-0,41581558633874527	7320	600	7320	-0,0663386830915975	7320	0
7330	-0,064746404657140419	7330	600,00286906088252	7330	0,39767016568880031	7330	600	7330	-0,0663386830915975	7330	0
7340	-0,06283573222684051	7340	600,00043096057016	7340	-0,36071858341926755	7340	600	7340	-0,0663386830915975	7340	0
7350	-0,06303852688701321	7350	599,99936377912286	7350	-0,30484759093095837	7350	600	7350	-0,0663386830915975	7350	0
7360	-0,07347268424837651	7360	599,99857446168073	7360	-0,24567279837402153	7360	600	7360	-0,0663386830915975	7360	0
7370	-0,053597126504494857	7370	600,00402047970067	7370	0,90868214692667071	7370	600	7370	-0,0663386830915975	7370	0
7380	-0,067819967832325939	7380	600,00165091449514	7380	0,12434443702318201	7380	600	7380	-0,0663386830915975	7380	0
7390	-0,059791462275651928	7390	599,99912373282257	7390	0,00064735765323853389	7390	600	7390	-0,0663386830915975	7390	0
7400	-0,059380464497749731	7400	600,00085189528966	7400	-0,039154743405782927	7400	600	7400	-0,0663386830915975	7400	0
7410	-0,0738363317467176	7410	599,99829073821354	7410	0,25806397973774642	7410	600	7410	-0,0663386830915975	7410	0
7420	-0,061951739086574191	7420	600,0022401622623	7420	-0,56262949153121	7420	600	7420	-0,0663386830915975	7420	0
7430	-0,068155434488549715	7430	600,00089332237656	7430	-0,22270781037197029	7430	600	7430	-0,0663386830915975	7430	0
7440	-0,070787887900015639	7440	599,99659061946272	7440	-0,0793789603785684	7440	600	7440	-0,0663386830915975	7440	0
7450	-0,0648829898339016	7450	600,00199394319236	7450	0,25983569574530396	7450	600	7450	-0,0663386830915975	7450	0
7460	-0,066350556119796913	7460	599,99929305271837	7460	-0,064569087824847146	7460	600	7460	-0,0663386830915975	7460	0
7470	-0,054446692625134234	7470	600,00393166345646	7470	1,0741816283592631	7470	600	7470	-0,0663386830915975	7470	0
7480	-0,076045081886641622	7480	599,99665420834231	7480	-0,46214377445906935	7480	600	7480	-0,0663386830915975	7480	0
7490	-0,0645681237777983	7490	600,00071501980972	7490	0,7153213148471057	7490	600	7490	-0,0663386830915975	7490	0
7500	-0,068628488167494339	7500	599,99944644752634	7500	0,29394001858707525	7500	600	7500	-0,0663386830915975	7500	0
7510	-0,051580334878772338	7510	600,00542198098231	7510	0,87330375920348935	7510	600	7510	-0,0663386830915975	7510	0
7520	-0,075496593852867014	7520	599,99799408157082	7520	-1,0537454145781475	7520	600	7520	-0,0663386830915975	7520	0
7530	-0,053990547676007306	7530	600,00404098123522	7530	1,115089614089241	7530	600	7530	-0,0663386830915975	7530	0
7540	-0,070736460455571082	7540	599,99793136686992	7540	-0,37727048331526769	7540	600	7540	-0,0663386830915975	7540	0
7550	-0,0675730412207302	7550	599,999958509717	7550	1,2726474073938288	7550	600	7550	-0,0663386830915975	7550	0
7560	-0,070314594257882473	7560	599,99551251353978	7560	-0,69664603793530633	7560	600	7560	-0,0663386830915975	7560	0
7570	-0,058678607266209708	7570	599,99994733633332	7570	-0,016336450474882303	7570	600	7570	-0,0663386830915975	7570	0
7580	-0,058588495136205232	7580	600,00446758531552	7580	0,263743200960207	7580	600	7580	-0,0663386830915975	7580	0
7590	-0,071824854692507323	7590	599,99834835644094	7590	-0,27054429392404367	7590	600	7590	-0,0663386830915975	7590	0
7600	-0,07363154993342251	7600	599,99990379273629	7600	-0,31204012445835605	7600	600	7600	-0,0663386830915975	7600	0
7610	-0,0637662991150607	7610	599,999017258323	7610	0,98881548916043482	7610	600	7610	-0,0663386830915975	7610	0
7620	-0,0644826925315606	7620	600,00000524438633	7620	-0,21314893741437596	7620	600	7620	-0,0663386830915975	7620	0
7630	-0,064758304643044648	7630	600,00232527815172	7630	0,70099207069312786	7630	600	7630	-0,0663386830915975	7630	0
7640	-0,066155246769364684	7640	599,99960063805474	7640	0,17942921335968703	7640	600	7640	-0,0663386830915975	7640	0
7650	-0,068087370487484228	7650	600,00083423138108	7650	0,10544440087118127	7650	600	7650	-0,0663386830915975	7650	0
7660	-0,065819279783710674	7660	599,99960045300861	7660	-0,17728752573499196	7660	600	7660	-0,0663386830915975	7660	0
7670	-0,074888810893937674	7670	599,99874608380878	7670	0,234261846761605	7670	600	7670	-0,0663386830915975	7670	0
7680	-0,073917695273049158	7680	599,99886996722068	7680	-0,50959761724757069	7680	600	7680	-0,0663386830915975	7680	0
7690	-0,055867650574127452	7690	599,99909347613709	7690	0,27217000403357572	7690	600	7690	-0,0663386830915975	7690	0
7700	-0,0557666461167445	7700	600,00367893122962	7700	0,86937616673401341	7700	600	7700	-0,0663386830915975	7700	0
7710	-0,072122639503838987	7710	599,99834736509649	7710	0,10604023774857516	7710	600	7710	-0,0663386830915975	7710	0
7720	-0,070516850431765657	7720	599,9972000842123	7720	-0,38547978476428757	7720	600	7720	-0,0663386830915975	7720	0
7730	-0,064360206277472617	7730	600,00125432341417	7730	-0,4014176153211233	7730	600	7730	-0,0663386830915975	7730	0
7740	-0,0799020529072448	7740	599,99624594650982	7740	-0,43587371812907016	7740	600	7740	-0,0663386830915975	7740	0
7750	-0,062227543236982284	7750	600,00326904587109	7750	0,4212621064610495	7750	600	7750	-0,0663386830915975	7750	0
7760	-0,06444865116884875	7760	599,99867800210427	7760	-0,20663174901284498	7760	600	7760	-0,0663386830915975	7760	0
7770	-0,0750748834265224	7770	599,99818626753961	7770	0,061341521167364715	7770	600	7770	-0,0663386830915975	7770	0
7780	-0,061806544924202872	7780	600,00191375884685	7780	0,11391255247615406	7780	600	7780	-0,0663386830915975	7780	0
7790	-0,066091763899876727	7790	600,00103391750145	7790	0,051053189829233014	7790	600	7790	-0,0663386830915975	7790	0
7800	-0,054933282933141217	7800	600,001443983602	7800	0,75779485429925075	7800	600	7800	-0,0663386830915975	7800	0
7810	-0,070459099733481009	7810	599,99635485097474	7810	-0,11146868038069885	7810	600	7810	-0,0663386830915975	7810	0
7820	-0,064785948706985327	7820	599,99950444067258	7820	0,40287500463792258	7820	600	7820	-0,0663386830915975	7820	0
7830	-0,056013057657525449	7830	600,00344431018266	7830	1,0522102627515744	7830	600	7830	-0,0663386830915975	7830	0
7840	-0,063134118693724553	7840	600,00007458017046	7840	0,019774999312374395	7840	600	7840	-0,0663386830915975	7840	0
7850	-0,068427187874167	7850	600,00177782564765	7850	0,19419347121225328	7850	600	7850	-0,0663386830915975	7850	0
7860	-0,06728448329354357	7860	599,999543913242	7860	0,23873291105309297	7860	600	7860	-0,0663386830915975	7860	0
7870	-0,054523405724992882	7870	600,00266195404561	7870	0,24735118598931272	7870	600	7870	-0,0663386830915975	7870	0
7880	-0,051780206783309447	7880	600,00412643821528	7880	0,78623925130845451	7880	600	7880	-0,0663386830915975	7880	0
7890	-0,068811993062593141	7890	599,99931077082817	7890	-0,85993469085121765	7890	600	7890	-0,0663386830915975	7890	0
7900	-0,073677052759043127	7900	599,99773081669139	7900	-0,25724845399396595	7900	600	7900	-0,0663386830915975	7900	0
7910	-0,069870281180028027	7910	599,99752878535446	7910	0,35251804896304689	7910	600	7910	-0,0663386830915975	7910	0
7920	-0,068706411648633309	7920	599,99874381063535	7920	-1,9477800369120779	7920	600	7920	-0,0663386830915975	7920	0
7930	-0,072812714340986615	7930	599,99854909866235	7930	-0,43340833185842143	7930	600	7930	-0,0663386830915975	7930	0
7940	-0,069029557692436183	7940	600,00046311309836	7940	0,11683158204848254	7940	600	7940	-0,0663386830915975	7940	0
7950	-0,064882843184098621	7950	600,00032834608146	7950	-0,46053555438126015	7950	600	7950	-0,0663386830915975	7950	0
7960	-0,075129528033066412	7960	599,99796285905779	7960	-0,5577522630920575	7960	600	7960	-0,0663386830915975	7960	0
7970	-0,072665554286476738	7970	599,99914350536426	7970	-0,82368454612168018	7970	600	7970	-0,0663386830915975	7970	0
7980	-0,067896846308809017	7980	600,00177566910247	7980	1,0352465278670924	7980	600	7980	-0,0663386830915975	7980	0
7990	-0,065209888197522228	7990	599,99839723467619	7990	-0,32895642257771718	7990	600	7990	-0,0663386830915975	7990	0
8000	-0,070636985924982756	8000	599,99969739815629	8000	-0,67205948841263985	8000	600	8000	-0,0663386830915975	8000	0
8010	-0,062345530559998155	8010	600,00129510374586	8010	0,4837720384838205	8010	600	8010	-0,0663386830915975	8010	0
8020	-0,070678378136378436	8020	600,000126187283	8020	-0,17924263858314721	8020	600	8020	-0,0663386830915975	8020	0
8030	-0,074700036779021414	8030	599,99826837214061	8030	-0,28527694466108811	8030	600	8030	-0,0663386830915975	8030	0
8040	-0,0633325719958075	8040	599,99808516024223	8040	-0,374739119986568	8040	600	8040	-0,0663386830915975	8040	0
8050	-0,065402297600225451	8050	600,0017600746462	8050	0,60283900467225449	8050	600	8050	-0,0663386830915975	8050	0
8060	-0,0586598496086821	8060	600,00079422911574	8060	0,18762467273251343	8060	600	8060	-0,0663386830915975	8060	0
8070	-0,065465767345861375	8070	600,00024967394052	8070	-0,5796615737241767	8070	600	8070	-0,0663386830915975	8070	0
8080	-0,067852022290931374	8080	600,00100042201382	8080	0,44137929776624535	8080	600	8080	-0,0663386830915975	8080	0
8090	-0,064360679548207664	8090	599,99905429287094	8090	-1,1155121731196949	8090	600	8090	-0,0663386830915975	8090	0
8100	-0,075835472108563284	8100	599,99736634058115	8100	-0,62500887010038986	8100	600	8100	-0,0663386830915975	8100	0
8110	-0,064829211214058477	8110	600,000682586528	8110	-0,35618287108312185	8110	600	8110	-0,0663386830915975	8110	0
8120	-0,069847546652101744	8120	599,99931601161768	8120	-0,091294808350678991	8120	600	8120	-0,0663386830915975	8120	0
8130	-0,061567659933188641	8130	600,00262079443917	8130	1,2395153119923517	8130	600	8130	-0,0663386830915975	8130	0
8140	-0,061874517966365575	8140	600,00206160244807	8140	0,845352883202828	8140	600	8140	-0,0663386830915975	8140	0
8150	-0,0625589494597431	8150	600,00183323397778	8150	-0,1871641044033856	8150	600	8150	-0,0663386830915975	8150	0
8160	-0,071712501594296346	8160	599,99942636189871	8160	0,48137658485065432	8160	600	8160	-0,0663386830915975	8160	0
8170	-0,065021907083612565	8170	600,0010907668958	8170	-0,62899389523911775	8170	600	8170	-0,0663386830915975	8170	0
8180	-0,073810907577286283	8180	600,00031909206461	8180	-0,2612550218970609	8180	600	8180	-0,0663386830915975	8180	0
8190	-0,067499232812108678	8190	600,00011467511922	8190	0,12378396281782074	8190	600	8190	-0,0663386830915975	8190	0
8200	-0,055885387371884095	8200	600,00112733940023	8200	-0,49349660081750485	8200	600	8200	-0,0663386830915975	8200	0
8210	-0,068965767625399327	8210	599,99875307219065	8210	-0,038601672687487258	8210	600	8210	-0,0663386830915975	8210	0
8220	-0,0722954074727518	8220	599,99726046536364	8220	-0,1639753659564247	8220	600	8220	-0,0663386830915975	8220	0
8230	-0,07453730952108488	8230	599,9996475427688	8230	-0,012415749235100776	8230	600	8230	-0,0663386830915975	8230	0
8240	-0,070075409220537607	8240	599,99837860343143	8240	-0,15640831226255059	8240	600	8240	-0,0663386830915975	8240	0
8250	-0,064245247000678823	8250	600,0013040060071	8250	0,66831488565788433	8250	600	8250	-0,0663386830915975	8250	0
8260	-0,061182456521613665	8260	600,00159025319567	8260	0,47465657127715144	8260	600	8260	-0,0663386830915975	8260	0
8270	-0,071234209988433078	8270	599,99545007902987	8270	-0,54576213107143556	8270	600	8270	-0,0663386830915975	8270	0
8280	-0,068260353223946135	8280	600,00151743301035	8280	0,761001600230409	8280	600	8280	-0,0663386830915975	8280	0
8290	-0,071278232523600327	8290	599,999988292299	8290	-0,82297224407026026	8290	600	8290	-0,0663386830915975	8290	0
8300	-0,069972189799049955	8300	599,99985676127574	8300	-0,92074571644237091	8300	600	8300	-0,0663386830915975	8300	0
8310	-0,07223700361832007	8310	599,99968243936974	8310	-0,10671575853975029	8310	600	8310	-0,0663386830915975	8310	0
8320	-0,076375056458432081	8320	599,996066443606	8320	-0,83837954426876293	8320	600	8320	-0,0663386830915975	8320	0
8330	-0,059711329421873814	8330	600,00261131510013	8330	0,62330535994582625	8330	600	8330	-0,0663386830915975	8330	0
8340	-0,068953541823277592	8340	599,99647572920765	8340	-0,26696183288523745	8340	600	8340	-0,0663386830915975	8340	0
8350	-0,0693195294603454	8350	600,00063163991706	8350	-0,82530884939551175	8350	600	8350	-0,0663386830915975	8350	0
8360	-0,069339815256643109	8360	600,000580613836	8360	0,74500108729344561	8360	600	8360	-0,0663386830915975	8360	0
8370	-0,063738485932869113	8370	599,99913497530565	8370	-0,7424870530347436	8370	600	8370	-0,0663386830915975	8370	0
8380	-0,060087937523946561	8380	600,00249818137866	8380	0,9456911522311191	8380	600	8380	-0,0663386830915975	8380	0
8390	-0,078785507297174567	8390	599,99693788819911	8390	-0,98704629825751067	8390	600	8390	-0,0663386830915975	8390	0
8400	-0,066587781966793935	8400	600,00335137419313	8400	0,4954079512845434	8400	600	8400	-0,0663386830915975	8400	0
8410	-0,065685646130854883	8410	600,00092220491763	8410	0,83455134189509939	8410	600	8410	-0,0663386830915975	8410	0
8420	-0,058052233828503975	8420	600,00292513515285	8420	0,32071072845979481	8420	600	8420	-0,0663386830915975	8420	0
8430	-0,062084513469281483	8430	600,0018418082592	8430	1,2893073456649788	8430	600	8430	-0,0663386830915975	8430	0
8440	-0,066726482196093839	8440	599,99842076172615	8440	-0,93524451841722567	8440	600	8440	-0,0663386830915975	8440	0
8450	-0,053161644821640743	8450	600,00283506187054	8450	0,47209353266153786	8450	600	8450	-0,0663386830915975	8450	0
8460	-0,068955893070288862	8460	600,00052024810429	8460	0,61994767107191984	8460	600	8460	-0,0663386830915975	8460	0
8470	-0,056446692593170589	8470	600,00087892110412	8470	0,43830863729571062	8470	600	8470	-0,0663386830915975	8470	0
8480	-0,051211133586503796	8480	600,0046463910802	8480	1,5095758658467411	8480	600	8480	-0,0663386830915975	8480	0
8490	-0,071924649364264112	8490	599,9995678648969	8490	0,14871442042971081	8490	600	8490	-0,0663386830915975	8490	0
8500	-0,07292142528806507	8500	599,99770759771843	8500	-1,1154106860649955	8500	600	8500	-0,0663386830915975	8500	0
8510	-0,069487889532363845	8510	599,99973002360241	8510	-0,480443568438522	8510	600	8510	-0,0663386830915975	8510	0
8520	-0,058304185794122852	8520	600,00124315061441	8520	-0,40501333534476658	8520	600	8520	-0,0663386830915975	8520	0
8530	-0,067539675849803985	8530	599,99971354729075	8530	0,20180315045962666	8530	600	8530	-0,0663386830915975	8530	0
8540	-0,073417516619394121	8540	600,00015548159251	8540	0,72935482013241681	8540	600	8540	-0,0663386830915975	8540	0
8550	-0,066947621467069937	8550	599,99727706193778	8550	-1,4981790470547265	8550	600	8550	-0,0663386830915975	8550	0
8560	-0,062012833187721904	8560	600,00149298824977	8560	1,4877662171113177	8560	600	8560	-0,0663386830915975	8560	0
8570	-0,065873500341496333	8570	600,00040386452179	8570	-0,21684328768448041	8570	600	8570	-0,0663386830915975	8570	0
8580	-0,057821684759775491	8580	600,002172299015	8580	0,637294274586492	8580	600	8580	-0,0663386830915975	8580	0
8590	-0,0722737039532924	8590	599,99836661873394	8590	-0,30830278685433066	8590	600	8590	-0,0663386830915975	8590	0
8600	-0,060919980096924613	8600	600,00404627242563	8600	0,40901499427210991	8600	600	8600	-0,0663386830915975	8600	0
8610	-0,064826429611249514	8610	600,0008761986237	8610	-0,41330313471531172	8610	600	8610	-0,0663386830915975	8610	0
8620	-0,068292297199260749	8620	599,9988995192424	8620	-0,69087946997698058	8620	600	8620	-0,0663386830915975	8620	0
8630	-0,070930592110141022	8630	599,99958792560869	8630	0,62511318621191947	8630	600	8630	-0,0663386830915975	8630	0
8640	-0,058694051709165071	8640	599,99918070463127	8640	0,39308589109401848	8640	600	8640	-0,0663386830915975	8640	0
8650	-0,058093788082100632	8650	600,00185199719	8650	0,11932919229058653	8650	600	8650	-0,0663386830915975	8650	0
8660	-0,060929308792487528	8660	600,000751927451	8660	0,65123301379965459	8660	600	8660	-0,0663386830915975	8660	0
8670	-0,05255579170841141	8670	600,00379825551124	8670	0,58620581483885137	8670	600	8670	-0,0663386830915975	8670	0
8680	-0,077712429266600463	8680	599,99740286804683	8680	-0,67747687972490189	8680	600	8680	-0,0663386830915975	8680	0
8690	-0,067695275677663938	8690	600,00072854516748	8690	0,68986554637909325	8690	600	8690	-0,0663386830915975	8690	0
8700	-0,064431057021511889	8700	599,99977228354658	8700	0,2077489732336264	8700	600	8700	-0,0663386830915975	8700	0
8710	-0,068046556387061433	8710	600,00006184572192	8710	0,094892989160809238	8710	600	8710	-0,0663386830915975	8710	0
8720	-0,074292997824214807	8720	599,99615833745383	8720	-0,029826168161576114	8720	600	8720	-0,0663386830915975	8720	0
8730	-0,06843889229171532	8730	599,99918572668616	8730	-0,23605168089458514	8730	600	8730	-0,0663386830915975	8730	0
8740	-0,068338313700654088	8740	599,99974935961291	8740	-0,076378403012363455	8740	600	8740	-0,0663386830915975	8740	0
8750	-0,057399563376705341	8750	600,00125576015091	8750	0,64089058493719631	8750	600	8750	-0,0663386830915975	8750	0
8760	-0,061637286360597912	8760	600,0028996886881	8760	0,11299058997163344	8760	600	8760	-0,0663386830915975	8760	0
8770	-0,071036549154817538	8770	599,9993795728692	8770	-0,26561804805465417	8770	600	8770	-0,0663386830915975	8770	0
8780	-0,056603262782655296	8780	600,00190747047338	8780	0,71688491125394038	8780	600	8780	-0,0663386830915975	8780	0
8790	-0,076374348562364136	8790	599,99884896677156	8790	-0,66413058190788665	8790	600	8790	-0,0663386830915975	8790	0
8800	-0,057879757593662255	8800	600,00047147067494	8800	0,53818597186707207	8800	600	8800	-0,0663386830915975	8800	0
8810	-0,068510031845323852	8810	599,99887554751956	8810	0,1864754987774539	8810	600	8810	-0,0663386830915975	8810	0
8820	-0,063998997564944482	8820	599,99866548998057	8820	-0,40291930686730981	8820	600	8820	-0,0663386830915975	8820	0
8830	-0,068841217652934966	8830	599,99795556975312	8830	-0,59722548391949648	8830	600	8830	-0,0663386830915975	8830	0
8840	-0,059964272576766418	8840	600,00012510789531	8840	0,605341222085613	8840	600	8840	-0,0663386830915975	8840	0
8850	-0,06794373385684023	8850	600,00175500671469	8850	1,1500336869845074	8850	600	8850	-0,0663386830915975	8850	0
8860	-0,064549208307767683	8860	600,00105954902028	8860	0,45436072945570144	8860	600	8860	-0,0663386830915975	8860	0
8870	-0,054449044459865974	8870	600,00239793766423	8870	0,18009446182238942	8870	600	8870	-0,0663386830915975	8870	0
8880	-0,062916099869248815	8880	600,00050373417218	8880	-0,052653759584723847	8880	600	8880	-0,0663386830915975	8880	0
8890	-0,064697130793670343	8890	600,00075386481046	8890	-0,35112071060979155	8890	600	8890	-0,0663386830915975	8890	0
8900	-0,0759619386486602	8900	600,0000766086315	8900	-0,65114890810209491	8900	600	8900	-0,0663386830915975	8900	0
8910	-0,059784719226683276	8910	600,00030987847788	8910	0,52991919019729239	8910	600	8910	-0,0663386830915975	8910	0
8920	-0,069600939990532781	8920	599,99657747582739	8920	-0,89804954396403092	8920	600	8920	-0,0663386830915975	8920	0
8930	-0,053046327316674913	8930	600,00324493658275	8930	1,4824435634016551	8930	600	8930	-0,0663386830915975	8930	0
8940	-0,065177304871634784	8940	600,00039956860735	8940	0,060511977609426115	8940	600	8940	-0,0663386830915975	8940	0
8950	-0,0533801302735065	8950	600,005422706986	8950	0,9362237026776431	8950	600	8950	-0,0663386830915975	8950	0
8960	-0,066672160048107831	8960	599,99872979709016	8960	-0,35253624887071677	8960	600	8960	-0,0663386830915975	8960	0
8970	-0,066054675707329	8970	600,00225287027672	8970	0,094444901193567216	8970	600	8970	-0,0663386830915975	8970	0
8980	-0,070147182472448485	8980	599,997733335447	8980	-0,33554147924900773	8980	600	8980	-0,0663386830915975	8980	0
8990	-0,07598430985079381	8990	599,99498638258785	8990	-1,25994413405394	8990	600	8990	-0,0663386830915975	8990	0
9000	-0,06021759126425822	9000	600,00343631983719	9000	0,32219132478498264	9000	600	9000	-0,0663386830915975	9000	0
9010	-0,062779782905691084	9010	600,0015049857675	9010	0,6349057702416574	9010	600	9010	-0,0663386830915975	9010	0
9020	-0,06387367833929844	9020	599,999420097853	9020	-0,27104019855437556	9020	600	9020	-0,0663386830915975	9020	0
9030	-0,055794090798687204	9030	600,00136868410686	9030	0,87974839244205749	9030	600	9030	-0,0663386830915975	9030	0
9040	-0,071509908261011432	9040	599,99879591768536	9040	-0,46960338128811507	9040	600	9040	-0,0663386830915975	9040	0
9050	-0,062316390721840753	9050	599,999978402518	9050	0,34143524734964087	9050	600	9050	-0,0663386830915975	9050	0
9060	-0,0648359361616421	9060	600,00074663134785	9060	0,072309895725591183	9060	600	9060	-0,0663386830915975	9060	0
9070	-0,082870353332101743	9070	599,99479940144977	9070	-1,8564101253065313	9070	600	9070	-0,0663386830915975	9070	0
9080	-0,0725656027067063	9080	599,998801140682	9080	-0,36167756973397169	9080	600	9080	-0,0663386830915975	9080	0
9090	-0,065218091517689383	9090	600,00025589066252	9090	0,76970692379647054	9090	600	9090	-0,0663386830915975	9090	0
9100	-0,059922875255312681	9100	600,00307751734533	9100	-0,48761084614872319	9100	600	9100	-0,0663386830915975	9100	0
9110	-0,0629992146784787	9110	600,00078830324151	9110	0,0903498417445937	9110	600	9110	-0,0663386830915975	9110	0
9120	-0,061983395927695854	9120	600,00081348993569	9120	-0,43219313547657751	9120	600	9120	-0,0663386830915975	9120	0
9130	-0,074168578273636307	9130	600,00049209871634	9130	-0,62283089949782022	9130	600	9130	-0,0663386830915975	9130	0
9140	-0,066999654099070452	9140	599,99949928261321	9140	0,4895912407566112	9140	600	9140	-0,0663386830915975	9140	0
9150	-0,049734771907381334	9150	600,00415513419262	9150	0,48525541535351047	9150	600	9150	-0,0663386830915975	9150	0
9160	-0,057449105673749952	9160	600,00015068600351	9160	1,0459983110359921	9160	600	9160	-0,0663386830915975	9160	0
9170	-0,064683553186538359	9170	599,99949630598712	9170	0,013755818727424818	9170	600	9170	-0,0663386830915975	9170	0
9180	-0,07362165794394189	9180	599,99932899209443	9180	-0,6855606557074887	9180	600	9180	-0,0663386830915975	9180	0
9190	-0,06285653900098423	9190	599,99884576955833	9190	-0,19079465569419407	9190	600	9190	-0,0663386830915975	9190	0
9200	-0,0659127068621468	9200	599,99830097302288	9200	-0,38733144302141193	9200	600	9200	-0,0663386830915975	9200	0
9210	-0,0715550502942989	9210	599,99886502716265	9210	-0,29664993842623277	9210	600	9210	-0,0663386830915975	9210	0
9220	-0,071171991668126683	9220	600,00019215193367	9220	-0,46986124380673677	9220	600	9220	-0,0663386830915975	9220	0
9230	-0,068945131087677233	9230	600,00229429086119	9230	0,24832130727959628	9230	600	9230	-0,0663386830915975	9230	0
9240	-0,071602448646884018	9240	599,99911001543285	9240	-0,31230898605235774	9240	600	9240	-0,0663386830915975	9240	0
9250	-0,061298238681326153	9250	599,99960535044477	9250	0,5696438436742175	9250	600	9250	-0,0663386830915975	9250	0
9260	-0,069526149934213133	9260	599,99961100194957	9260	-0,077255221906907	9260	600	9260	-0,0663386830915975	9260	0
9270	-0,06911291943354976	9270	600,00053136289671	9270	-0,057532612209773341	9270	600	9270	-0,0663386830915975	9270	0
9280	-0,0604761678866333	9280	600,00390791021425	9280	1,2542668686003156	9280	600	9280	-0,0663386830915975	9280	0
9290	-0,05839008386781714	9290	600,00131297385565	9290	0,48434709213262933	9290	600	9290	-0,0663386830915975	9290	0
9300	-0,068301557476723257	9300	599,998840060806	9300	0,10236892985840762	9300	600	9300	-0,0663386830915975	9300	0
9310	-0,055803887127510846	9310	600,001809216164	9310	0,32613804042026517	9310	600	9310	-0,0663386830915975	9310	0
9320	-0,069239144436688993	9320	599,99748772418582	9320	0,47936353214378158	9320	600	9320	-0,0663386830915975	9320	0
9330	-0,072763723111986589	9330	599,99956178984985	9330	-1,1338121126583654	9330	600	9330	-0,0663386830915975	9330	0
9340	-0,065921467660275485	9340	599,999560736017	9340	0,58139277733027328	9340	600	9340	-0,0663386830915975	9340	0
9350	-0,060348319844701778	9350	599,999903778692	9350	0,47314141242167385	9350	600	9350	-0,0663386830915975	9350	0
9360	-0,0475041263481113	9360	600,00348501377221	9360	1,0051631267072261	9360	600	9360	-0,0663386830915975	9360	0
9370	-0,067517648779055084	9370	599,9976035736214	9370	0,33403653775177811	9370	600	9370	-0,0663386830915975	9370	0
9380	-0,053380509202375977	9380	600,00439329536471	9380	2,0383790417308116	9380	600	9380	-0,0663386830915975	9380	0
9390	-0,072519497002517044	9390	599,99864981394683	9390	-0,67785377918519385	9390	600	9390	-0,0663386830915975	9390	0
9400	-0,0698279172882943	9400	600,00062335492271	9400	-1,3408962060706011	9400	600	9400	-0,0663386830915975	9400	0
9410	-0,069342077762026125	9410	600,00006397832738	9410	0,15486986548497655	9410	600	9410	-0,0663386830915975	9410	0
9420	-0,0756324820013082	9420	599,99774937446114	9420	-0,915070199476126	9420	600	9420	-0,0663386830915975	9420	0
9430	-0,0564441485201629	9430	600,00257831945385	9430	0,16008226755289345	9430	600	9430	-0,0663386830915975	9430	0
9440	-0,0693523861913127	9440	599,99932707696507	9440	0,33566798386901342	9440	600	9440	-0,0663386830915975	9440	0
9450	-0,063120660824800584	9450	599,998272245888	9450	0,092326837103995973	9450	600	9450	-0,0663386830915975	9450	0
9460	-0,065381417951050042	9460	599,99944921067174	9460	0,53165378020158172	9460	600	9460	-0,0663386830915975	9460	0
9470	-0,06559189453209352	9470	599,99960172667841	9470	0,033854915325823222	9470	600	9470	-0,0663386830915975	9470	0
9480	-0,0745837890022918	9480	600,00001281780135	9480	-0,67931361224456643	9480	600	9480	-0,0663386830915975	9480	0
9490	-0,064482617921033922	9490	600,00013172086346	9490	0,26438707760661911	9490	600	9490	-0,0663386830915975	9490	0
9500	-0,068638255549705	9500	600,0007739985324	9500	-0,28313137451661147	9500	600	9500	-0,0663386830915975	9500	0
9510	-0,064930070492095107	9510	600,00312119264083	9510	0,662497197262464	9510	600	9510	-0,0663386830915975	9510	0
9520	-0,058164188885886009	9520	600,00105248259933	9520	0,49669382356073627	9520	600	9520	-0,0663386830915975	9520	0
9530	-0,069190382854757218	9530	600,00162517815	9530	0,67587926537571208	9530	600	9530	-0,0663386830915975	9530	0
9540	-0,0654350310716202	9540	599,99874353560392	9540	-0,20428333506351915	9540	600	9540	-0,0663386830915975	9540	0
9550	-0,074509625794538653	9550	599,99621335805864	9550	-1,4226818993538033	9550	600	9550	-0,0663386830915975	9550	0
9560	-0,0636096862066668	9560	599,99948625314209	9560	-0,53030498439094864	9560	600	9560	-0,0663386830915975	9560	0
9570	-0,067833787172143625	9570	599,9984757079884	9570	-0,48893135745630523	9570	600	9570	-0,0663386830915975	9570	0
9580	-0,056357613071236705	9580	600,00103699760541	9580	1,8496502418106644	9580	600	9580	-0,0663386830915975	9580	0
9590	-0,074868494918873874	9590	599,99712155716406	9590	-0,7191795578315151	9590	600	9590	-0,0663386830915975	9590	0
9600	-0,05546857666969484	9600	600,00531577963625	9600	0,91077773273698082	9600	600	9600	-0,0663386830915975	9600	0
9610	-0,073294614516180245	9610	599,99870142602208	9610	-0,29253095671796003	9610	600	9610	-0,0663386830915975	9610	0
9620	-0,076141595247965668	9620	599,99685042474755	9620	-1,3416938565137224	9620	600	9620	-0,0663386830915975	9620	0
9630	-0,065771526850079226	9630	599,99839195011486	9630	-1,0370908968410033	9630	600	9630	-0,0663386830915975	9630	0
9640	-0,059869168811467879	9640	600,00025197522177	9640	0,92450293990022192	9640	600	9640	-0,0663386830915975	9640	0
9650	-0,050010923064268353	9650	600,00458172039839	9650	0,85469451756379822	9650	600	9650	-0,0663386830915975	9650	0
9660	-0,05419915705105352	9660	600,00131203278806	9660	0,58364788770268394	9660	600	9660	-0,0663386830915975	9660	0
9670	-0,065679645587823771	9670	600,0003993556312	9670	-0,27856119872397095	9670	600	9670	-0,0663386830915975	9670	0
9680	-0,064335380292851	9680	600,002607772728	9680	1,0064030888720887	9680	600	9680	-0,0663386830915975	9680	0
9690	-0,059134290680682017	9690	600,00129462297843	9690	0,19914356018925039	9690	600	9690	-0,0663386830915975	9690	0
9700	-0,065386250073554225	9700	599,9984120424657	9700	-0,31486681093845437	9700	600	9700	-0,0663386830915975	9700	0
9710	-0,072614359404946066	9710	599,99724787796129	9710	-0,66095990647640157	9710	600	9710	-0,0663386830915975	9710	0
9720	-0,08290255952819521	9720	599,99491932124681	9720	-1,1612311923303997	9720	600	9720	-0,0663386830915975	9720	0
9730	-0,043380092333599747	9730	600,00748287303429	9730	1,1561627660548319	9730	600	9730	-0,0663386830915975	9730	0
9740	-0,0716082794516915	9740	599,99778992575568	9740	0,083477759037687088	9740	600	9740	-0,0663386830915975	9740	0
9750	-0,054151338984855822	9750	600,00292930249918	9750	0,055319937434783029	9750	600	9750	-0,0663386830915975	9750	0
9760	-0,0736028387540778	9760	600,00014355142082	9760	0,37108381858157508	9760	600	9760	-0,0663386830915975	9760	0
9770	-0,062226692794285395	9770	600,000801821962	9770	0,52583925268635034	9770	600	9770	-0,0663386830915975	9770	0
9780	-0,074383726270827691	9780	599,99790701253835	9780	0,12532872038878373	9780	600	9780	-0,0663386830915975	9780	0
9790	-0,070525692290894476	9790	599,99868347057361	9790	0,686170257314275	9790	600	9790	-0,0663386830915975	9790	0
9800	-0,069004043273335813	9800	599,99853221686374	9800	-0,78146283948634743	9800	600	9800	-0,0663386830915975	9800	0
9810	-0,055491541424225521	9810	600,00352195480787	9810	0,26196335283557115	9810	600	9810	-0,0663386830915975	9810	0
9820	-0,053628233553268644	9820	600,00218848439249	9820	0,78573009203249433	9820	600	9820	-0,0663386830915975	9820	0
9830	-0,071181447032147835	9830	599,99950499678687	9830	-0,25149846574712631	9830	600	9830	-0,0663386830915975	9830	0
9840	-0,073597387049751661	9840	599,99757045301124	9840	-1,0059289280716941	9840	600	9840	-0,0663386830915975	9840	0
9850	-0,064846382276105091	9850	600,00228682291754	9850	-0,35852987677092729	9850	600	9850	-0,0663386830915975	9850	0
9860	-0,066377924352342854	9860	599,99744271716	9860	0,74785869268021754	9860	600	9860	-0,0663386830915975	9860	0
9870	-0,067958771634086951	9870	600,00012009695308	9870	-0,054456617349971342	9870	600	9870	-0,0663386830915975	9870	0
9880	-0,051837925013566849	9880	600,003463553868	9880	0,79845920540379334	9880	600	9880	-0,0663386830915975	9880	0
9890	-0,080758790937650871	9890	599,995889633287	9890	-0,89030350786124934	9890	600	9890	-0,0663386830915975	9890	0
9900	-0,063909443872794208	9900	599,99886573098536	9900	-0,41393212089512044	9900	600	9900	-0,0663386830915975	9900	0
9910	-0,074512056777710542	9910	599,99905873510863	9910	-0,665961640673707	9910	600	9910	-0,0663386830915975	9910	0
9920	-0,062228077361110648	9920	600,00213390863178	9920	-0,0080175012600260161	9920	600	9920	-0,0663386830915975	9920	0
9930	-0,070864574938303518	9930	600,00119669566823	9930	0,18800403389576564	9930	600	9930	-0,0663386830915975	9930	0
9940	-0,058135136712407887	9940	600,00211124397379	9940	0,079247616741961013	9940	600	9940	-0,0663386830915975	9940	0
9950	-0,072674098370697757	9950	599,99798202541319	9950	-0,63587193627843352	9950	600	9950	-0,0663386830915975	9950	0
9960	-0,065314286265051855	9960	600,00015878978	9960	-0,32518859086619534	9960	600	9960	-0,0663386830915975	9960	0
9970	-0,072835030852044014	9970	599,9981051116448	9970	0,0051854343589693985	9970	600	9970	-0,0663386830915975	9970	0
9980	-0,058383180962220012	9980	600,0013936175086	9980	-0,15230185680815622	9980	600	9980	-0,0663386830915975	9980	0
9990	-0,069849183091660189	9990	599,99772314310053	9990	0,565465149729927	9990	600	9990	-0,0663386830915975	9990	0
10000	-0,0601541331964542	10000	600,00261935468325	10000	0,2762587821091656	10000	600	10000	-0,0663386830915975	10000	0
10010	-0,056955124580361879	10010	600,00179376119274	10010	0,5292251918928037	10010	600	10010	-0,0663386830915975	10010	0
10020	-0,061826204011489548	10020	600,00093806929783	10020	0,94260875468133287	10020	600	10020	-0,0663386830915975	10020	0
10030	-0,072281055287248652	10030	599,99964597290455	10030	0,30760036109347305	10030	600	10030	-0,0663386830915975	10030	0
10040	-0,077068730818595416	10040	599,99692766249279	10040	-0,11368709371062913	10040	600	10040	-0,0663386830915975	10040	0
10050	-0,064409817077572679	10050	600,001815622859	10050	-0,8976591061715562	10050	600	10050	-0,0663386830915975	10050	0
10060	-0,05672913960307803	10060	600,00442745018483	10060	0,099518361798794142	10060	600	10060	-0,0663386830915975	10060	0
10070	-0,06923322896344461	10070	599,99856187504213	10070	0,27702336964805946	10070	600	10070	-0,0663386830915975	10070	0
10080	-0,073084005210490841	10080	599,99664580195008	10080	-1,1945208195120636	10080	600	10080	-0,0663386830915975	10080	0
10090	-0,077548270205952133	10090	599,99808394591969	10090	-0,47874069216104925	10090	600	10090	-0,0663386830915975	10090	0
10100	-0,063337240908959092	10100	600,00189165580309	10100	0,339553418884016	10100	600	10100	-0,0663386830915975	10100	0
10110	-0,052501939472449223	10110	600,0026839275879	10110	1,4397865857659273	10110	600	10110	-0,0663386830915975	10110	0
10120	-0,067074478565280371	10120	599,9969485285626	10120	-0,57919890416023767	10120	600	10120	-0,0663386830915975	10120	0
10130	-0,071664005639074685	10130	600,002030328157	10130	-0,057117122162453196	10130	600	10130	-0,0663386830915975	10130	0
10140	-0,064132547738776621	10140	599,99899610130569	10140	-0,22678925850456388	10140	600	10140	-0,0663386830915975	10140	0
10150	-0,0598608495425411	10150	600,0017559084547	10150	-0,10658238622392674	10150	600	10150	-0,0663386830915975	10150	0
10160	-0,071559528942701109	10160	599,99989063410749	10160	-0,14532839409420068	10160	600	10160	-0,0663386830915975	10160	0
10170	-0,059864331189868308	10170	600,00262914869313	10170	1,3958830373676243	10170	600	10170	-0,0663386830915975	10170	0
10180	-0,069742305281926611	10180	599,99842284894737	10180	-0,94784956053593761	10180	600	10180	-0,0663386830915975	10180	0
10190	-0,058018832236425524	10190	600,00126065543066	10190	1,1054043267766669	10190	600	10190	-0,0663386830915975	10190	0
10200	-0,0597747110436519	10200	600,00134291290658	10200	1,4811753143499167	10200	600	10200	-0,0663386830915975	10200	0
10210	-0,062661251730254913	10210	600,0007288687201	10210	0,63549421695081554	10210	600	10210	-0,0663386830915975	10210	0
10220	-0,070040290404123309	10220	600,000218487115	10220	-0,68669966315773912	10220	600	10220	-0,0663386830915975	10220	0
10230	-0,05052383222888332	10230	600,0064828704235	10230	2,1055047738507735	10230	600	10230	-0,0663386830915975	10230	0
10240	-0,08595625476958603	10240	599,99512974639913	10240	-0,3133934599857785	10240	600	10240	-0,0663386830915975	10240	0
10250	-0,056838948426329236	10250	600,00368633721234	10250	-0,0083975179751364926	10250	600	10250	-0,0663386830915975	10250	0
10260	-0,065964811574241666	10260	600,00019044065152	10260	-0,45038038057331276	10260	600	10260	-0,0663386830915975	10260	0
10270	-0,092799451352630111	10270	599,99333604126241	10270	-1,9145021641092421	10270	600	10270	-0,0663386830915975	10270	0
10280	-0,0699321244299854	10280	600,0001570903155	10280	-1,1713662407999548	10280	600	10280	-0,0663386830915975	10280	0
10290	-0,066145176571263675	10290	599,99866429323572	10290	-0,58352835036128514	10290	600	10290	-0,0663386830915975	10290	0
10300	-0,063720156983462756	10300	600,00164011905736	10300	0,20279782338401714	10300	600	10300	-0,0663386830915975	10300	0
10310	-0,055267998705987191	10310	600,0034597483608	10310	0,95528476892021263	10310	600	10310	-0,0663386830915975	10310	0
10320	-0,057836308622367313	10320	600,001097533003	10320	0,38076291906244131	10320	600	10320	-0,0663386830915975	10320	0
10330	-0,066020635573808592	10330	599,99881350430258	10330	-0,52823814978715844	10330	600	10330	-0,0663386830915975	10330	0
10340	-0,072367272255242213	10340	599,998016431096	10340	-0,47415573994153226	10340	600	10340	-0,0663386830915975	10340	0
10350	-0,063716585402475837	10350	599,99951958171823	10350	0,25697390858947378	10350	600	10350	-0,0663386830915975	10350	0
10360	-0,066856462298960112	10360	599,99961745669714	10360	-0,45673928597355229	10360	600	10360	-0,0663386830915975	10360	0
10370	-0,072223666903120168	10370	599,99750637710554	10370	-0,38951161632690157	10370	600	10370	-0,0663386830915975	10370	0
10380	-0,062721404427930783	10380	600,00042927289655	10380	-0,84970041591468448	10380	600	10380	-0,0663386830915975	10380	0
10390	-0,061712957223241792	10390	600,00178169397259	10390	1,6389852034145807	10390	600	10390	-0,0663386830915975	10390	0
10400	-0,060952010410657786	10400	600,00079881766464	10400	-0,32690513347451394	10400	600	10400	-0,0663386830915975	10400	0
10410	-0,061734820100537414	10410	600,00293500211694	10410	1,169249805175578	10410	600	10410	-0,0663386830915975	10410	0
10420	-0,060100897964786883	10420	600,00100535991851	10420	0,26707652302660373	10420	600	10420	-0,0663386830915975	10420	0
10430	-0,078948620339408332	10430	599,99703439880273	10430	-0,42333245622773008	10430	600	10430	-0,0663386830915975	10430	0
10440	-0,072171444934866227	10440	599,99663287710121	10440	-0,21376249963422672	10440	600	10440	-0,0663386830915975	10440	0
10450	-0,05657620574174476	10450	600,00017159433037	10450	0,68466895972826725	10450	600	10450	-0,0663386830915975	10450	0
10460	-0,063950710606181224	10460	600,00055589832027	10460	0,54489389088452822	10460	600	10460	-0,0663386830915975	10460	0
10470	-0,064265628159941829	10470	600,00059091400931	10470	-0,25265692932171913	10470	600	10470	-0,0663386830915975	10470	0
10480	-0,080144760519497926	10480	599,99895535301323	10480	-0,61086111026373446	10480	600	10480	-0,0663386830915975	10480	0
10490	-0,0757328142422706	10490	599,99845376213852	10490	-0,9146519280563562	10490	600	10490	-0,0663386830915975	10490	0
10500	-0,063144425303702539	10500	599,99999302454853	10500	-0,09523899174157073	10500	600	10500	-0,0663386830915975	10500	0
10510	-0,064222452646087516	10510	600,00012909286943	10510	-0,81853902895057828	10510	600	10510	-0,0663386830915975	10510	0
10520	-0,070046261285387573	10520	599,99776448686953	10520	-0,85387938746936309	10520	600	10520	-0,0663386830915975	10520	0
10530	-0,081586535844578367	10530	599,99669766272984	10530	-0,52665481222516719	10530	600	10530	-0,0663386830915975	10530	0
10540	-0,074259340585658917	10540	599,99867146520137	10540	0,25402688139179991	10540	600	10540	-0,0663386830915975	10540	0
10550	-0,049097861190462992	10550	600,00553267058865	10550	0,94724837932352313	10550	600	10550	-0,0663386830915975	10550	0
10560	-0,07495974380825958	10560	600,00179737342035	10560	-0,21954097383808674	10560	600	10560	-0,0663386830915975	10560	0
10570	-0,063926999416354019	10570	600,00003271693208	10570	-0,20358791575042828	10570	600	10570	-0,0663386830915975	10570	0
10580	-0,067357840348863815	10580	600,00176188591524	10580	-0,043113565683279648	10580	600	10580	-0,0663386830915975	10580	0
10590	-0,067686329893164587	10590	599,99756877659627	10590	-1,4533049773369535	10590	600	10590	-0,0663386830915975	10590	0
10600	-0,0791345612965141	10600	599,99764132252108	10600	-0,23180449481179771	10600	600	10600	-0,0663386830915975	10600	0
10610	-0,071705183957637267	10610	599,99917548747487	10610	-0,13899040804378154	10610	600	10610	-0,0663386830915975	10610	0
10620	-0,068456150356570183	10620	599,99821009190123	10620	-0,46982949676943186	10620	600	10620	-0,0663386830915975	10620	0
10630	-0,066168456724403607	10630	600,00008283191846	10630	0,2751159292153279	10630	600	10630	-0,0663386830915975	10630	0
10640	-0,062943660398460027	10640	600,00014793232049	10640	0,90232528678029922	10640	600	10640	-0,0663386830915975	10640	0
10650	-0,066073804366684349	10650	600,00080073396236	10650	-0,534583008712552	10650	600	10650	-0,0663386830915975	10650	0
10660	-0,064328943320066792	10660	600,00082355412371	10660	0,56821348716192266	10660	600	10660	-0,0663386830915975	10660	0
10670	-0,073421920859916848	10670	599,99865718371643	10670	-0,78120812803122486	10670	600	10670	-0,0663386830915975	10670	0
10680	-0,060974580125037654	10680	600,00289292535274	10680	-0,071305459439614777	10680	600	10680	-0,0663386830915975	10680	0
10690	-0,05979071930153626	10690	600,00154732412182	10690	1,0106389436052377	10690	600	10690	-0,0663386830915975	10690	0
10700	-0,0747473247902221	10700	599,99813509253181	10700	-0,59534358025463885	10700	600	10700	-0,0663386830915975	10700	0
10710	-0,0613092972176577	10710	600,00056461686654	10710	0,56700989404835411	10710	600	10710	-0,0663386830915975	10710	0
10720	-0,066115239107775822	10720	599,99840580112061	10720	-0,55868598734011732	10720	600	10720	-0,0663386830915975	10720	0
10730	-0,061779016375550735	10730	600,001873912637	10730	-0,12690168755815212	10730	600	10730	-0,0663386830915975	10730	0
10740	-0,078359666758753777	10740	599,997889844017	10740	-0,74518791158141784	10740	600	10740	-0,0663386830915975	10740	0
10750	-0,077864906162524936	10750	599,99562041813817	10750	-1,3605863338169286	10750	600	10750	-0,0663386830915975	10750	0
10760	-0,060905360788393689	10760	600,001626697997	10760	1,2403345907325689	10760	600	10760	-0,0663386830915975	10760	0
10770	-0,0610049284054618	10770	600,00170168941781	10770	-0,0064486081842885234	10770	600	10770	-0,0663386830915975	10770	0
10780	-0,073524872191942134	10780	599,99758247152056	10780	-0,35997159934559764	10780	600	10780	-0,0663386830915975	10780	0
10790	-0,072374465720836459	10790	599,99923209672454	10790	-0,043524668574664527	10790	600	10790	-0,0663386830915975	10790	0
10800	-0,0681327456802418	10800	600,00039214171932	10800	0,26283237893409261	10800	600	10800	-0,0663386830915975	10800	0
10810	-0,061060640508490222	10810	600,00343433202738	10810	1,1919298565456704	10810	600	10810	-0,0663386830915975	10810	0
10820	-0,06183821978787394	10820	599,99987696099981	10820	-0,17138717717089319	10820	600	10820	-0,0663386830915975	10820	0
10830	-0,053223033692539286	10830	600,00672662557884	10830	1,4465526528391006	10830	600	10830	-0,0663386830915975	10830	0
10840	-0,064263419266027869	10840	599,99995407327879	10840	-0,26535131180715832	10840	600	10840	-0,0663386830915975	10840	0
10850	-0,0748500403946295	10850	599,99876004025168	10850	0,39196852136784655	10850	600	10850	-0,0663386830915975	10850	0
10860	-0,05374953396516554	10860	600,00246430261529	10860	0,9481660204226009	10860	600	10860	-0,0663386830915975	10860	0
10870	-0,047679672913233738	10870	600,00241651602744	10870	1,1471604464422822	10870	600	10870	-0,0663386830915975	10870	0
10880	-0,067092116281251057	10880	599,99930653491583	10880	-0,35468198648193261	10880	600	10880	-0,0663386830915975	10880	0
10890	-0,067651175073547662	10890	600,00133961300651	10890	-0,457666993519108	10890	600	10890	-0,0663386830915975	10890	0
10900	-0,070724311031236	10900	599,99660955311856	10900	-0,63868375147522516	10900	600	10900	-0,0663386830915975	10900	0
10910	-0,055544625428261996	10910	600,00131792790148	10910	0,38870164626293519	10910	600	10910	-0,0663386830915975	10910	0
10920	-0,065219174869096272	10920	599,99934583363847	10920	0,63634751927284383	10920	600	10920	-0,0663386830915975	10920	0
10930	-0,0732977291468108	10930	600,00112507587983	10930	0,78017032213392268	10930	600	10930	-0,0663386830915975	10930	0
10940	-0,070005123988609225	10940	599,99931389323251	10940	-0,21559384977048263	10940	600	10940	-0,0663386830915975	10940	0
10950	-0,067938895915498523	10950	599,999779379931	10950	-0,26205297285970236	10950	600	10950	-0,0663386830915975	10950	0
10960	-0,050576500077755958	10960	600,00321285877635	10960	1,682011895867261	10960	600	10960	-0,0663386830915975	10960	0
10970	-0,0618217402554628	10970	600,00143605106462	10970	0,6644921476934369	10970	600	10970	-0,0663386830915975	10970	0
10980	-0,057041928249572896	10980	600,00181278015691	10980	0,576374878282903	10980	600	10980	-0,0663386830915975	10980	0
10990	-0,0764673593653278	10990	599,99819246024424	10990	-0,75587227396614	10990	600	10990	-0,0663386830915975	10990	0
11000	-0,070221602820858056	11000	599,99853127066888	11000	-0,70643099521855857	11000	600	11000	-0,0663386830915975	11000	0
11010	-0,081546186225048348	11010	599,99953232755911	11010	-0,55084864362664565	11010	600	11010	-0,0663386830915975	11010	0
11020	-0,077092874715218057	11020	599,99525567507681	11020	-0,31126345069933481	11020	600	11020	-0,0663386830915975	11020	0
11030	-0,07924450191744456	11030	599,9987327806856	11030	-0,82201199619173082	11030	600	11030	-0,0663386830915975	11030	0
11040	-0,049291056551430304	11040	600,00389991752763	11040	0,39408880190117	11040	600	11040	-0,0663386830915975	11040	0
11050	-0,084951216808809	11050	599,99708240790608	11050	-1,1059734443730638	11050	600	11050	-0,0663386830915975	11050	0
11060	-0,061716747300719466	11060	599,99905804796936	11060	-0,72839336477629235	11060	600	11060	-0,0663386830915975	11060	0
11070	-0,062817040997642473	11070	600,00106137598516	11070	0,645402764350172	11070	600	11070	-0,0663386830915975	11070	0
11080	-0,065368840915604645	11080	600,00324150491224	11080	0,74220426412642582	11080	600	11080	-0,0663386830915975	11080	0
11090	-0,071001617040607437	11090	599,99792403028061	11090	0,72631602074727686	11090	600	11090	-0,0663386830915975	11090	0
11100	-0,063122342580112914	11100	600,0006080171039	11100	0,160326778582629	11100	600	11100	-0,0663386830915975	11100	0
11110	-0,07425732770244417	11110	599,9969945772898	11110	-0,60087223615972163	11110	600	11110	-0,0663386830915975	11110	0
11120	-0,063280322741139039	11120	599,999975836865	11120	-0,048561255180310625	11120	600	11120	-0,0663386830915975	11120	0
11130	-0,061161598417053153	11130	600,00328675465732	11130	0,80005580759652617	11130	600	11130	-0,0663386830915975	11130	0
11140	-0,076500880588850378	11140	599,99781334867328	11140	-0,030853918844361429	11140	600	11140	-0,0663386830915975	11140	0
11150	-0,068027163165617369	11150	599,99981238197449	11150	0,41102330582267588	11150	600	11150	-0,0663386830915975	11150	0
11160	-0,0654836112183767	11160	600,00092323072363	11160	-0,27193428857793156	11160	600	11160	-0,0663386830915975	11160	0
11170	-0,064381986752110862	11170	599,99924980187427	11170	-0,13519340110913269	11170	600	11170	-0,0663386830915975	11170	0
11180	-0,074508472472520654	11180	599,99904795046245	11180	-1,1229091300246878	11180	600	11180	-0,0663386830915975	11180	0
11190	-0,058531836957297752	11190	600,00038049190073	11190	-0,058590755999071931	11190	600	11190	-0,0663386830915975	11190	0
11200	-0,0692679647312364	11200	599,99992112065206	11200	-0,3964740256234392	11200	600	11200	-0,0663386830915975	11200	0
11210	-0,075961828383012839	11210	599,998689962359	11210	-0,73298661849577629	11210	600	11210	-0,0663386830915975	11210	0
11220	-0,072373781256814818	11220	599,99560623864568	11220	0,013636732405875013	11220	600	11220	-0,0663386830915975	11220	0
11230	-0,060325263802165255	11230	600,00201769056241	11230	-0,060584304619381468	11230	600	11230	-0,0663386830915975	11230	0
11240	-0,0676291968979396	11240	600,0000926688034	11240	0,26331800156090956	11240	600	11240	-0,0663386830915975	11240	0
11250	-0,079388096895389115	11250	599,9979161598767	11250	-1,1397488188239304	11250	600	11250	-0,0663386830915975	11250	0
11260	-0,065182331290997708	11260	600,00181022482025	11260	1,0071038181288854	11260	600	11260	-0,0663386830915975	11260	0
11270	-0,066642682201869155	11270	599,99920175761758	11270	-1,0527467170630571	11270	600	11270	-0,0663386830915975	11270	0
11280	-0,057217031132743387	11280	600,00362090715134	11280	0,85560730971005183	11280	600	11280	-0,0663386830915975	11280	0
11290	-0,074920466570512975	11290	599,99752135995755	11290	-0,27117545447117608	11290	600	11290	-0,0663386830915975	11290	0
11300	-0,069480269414558163	11300	599,99903760719656	11300	-0,94169542582227506	11300	600	11300	-0,0663386830915975	11300	0
11310	-0,06933385995627582	11310	599,99944054558478	11310	0,413973158012903	11310	600	11310	-0,0663386830915975	11310	0
11320	-0,071937513947511036	11320	599,99660396137233	11320	-1,3273557556122224	11320	600	11320	-0,0663386830915975	11320	0
11330	-0,057416221060401763	11330	600,00149792722891	11330	0,28468450267054385	11330	600	11330	-0,0663386830915975	11330	0
11340	-0,058783866176281688	11340	599,99942027534519	11340	1,0391861823321167	11340	600	11340	-0,0663386830915975	11340	0
11350	-0,069617420088361776	11350	600,00023753486914	11350	-0,20848167248612948	11350	600	11350	-0,0663386830915975	11350	0
11360	-0,073366533988841021	11360	599,99746412670322	11360	0,11668325143404371	11360	600	11360	-0,0663386830915975	11360	0
11370	-0,0752576100345447	11370	599,99800723975022	11370	-1,2158040655214477	11370	600	11370	-0,0663386830915975	11370	0
11380	-0,059119633064169105	11380	600,00236928190634	11380	1,2306510562925253	11380	600	11380	-0,0663386830915975	11380	0
11390	-0,059603018328884178	11390	600,0006185338	11390	-0,616112355605426	11390	600	11390	-0,0663386830915975	11390	0
11400	-0,0551924017782796	11400	600,00087405901866	11400	0,43600473349564639	11400	600	11400	-0,0663386830915975	11400	0
11410	-0,069557884886861876	11410	599,99890163025168	11410	-0,70859217885433112	11410	600	11410	-0,0663386830915975	11410	0
11420	-0,072984526356599119	11420	599,99814024296779	11420	-0,94732298813609883	11420	600	11420	-0,0663386830915975	11420	0
11430	-0,07438681386134946	11430	599,99977529548335	11430	-0,65212481903078345	11430	600	11430	-0,0663386830915975	11430	0
11440	-0,068227222162793991	11440	599,99895647856169	11440	0,52791354911856359	11440	600	11440	-0,0663386830915975	11440	0
11450	-0,059824121424230971	11450	600,00006425054062	11450	-0,09575805728207383	11450	600	11450	-0,0663386830915975	11450	0
11460	-0,0570136640910127	11460	600,00242312552939	11460	0,19670593773555387	11460	600	11460	-0,0663386830915975	11460	0
11470	-0,062430090331488143	11470	600,0012846789931	11470	0,74274075522439265	11470	600	11470	-0,0663386830915975	11470	0
11480	-0,087803649542921039	11480	599,9972637422253	11480	-1,1296403570712292	11480	600	11480	-0,0663386830915975	11480	0
11490	-0,052915776426264861	11490	600,00237711963541	11490	1,3830548816085693	11490	600	11490	-0,0663386830915975	11490	0
11500	-0,045114014071337326	11500	600,00405498468194	11500	1,6013192591671706	11500	600	11500	-0,0663386830915975	11500	0
11510	-0,060569907161993689	11510	600,00378654794918	11510	0,31723270462771114	11510	600	11510	-0,0663386830915975	11510	0
11520	-0,08810613399036088	11520	599,99545338635926	11520	-1,2265480003911751	11520	600	11520	-0,0663386830915975	11520	0
11530	-0,056755419263326549	11530	600,001526432502	11530	0,14834736569385587	11530	600	11530	-0,0663386830915975	11530	0
11540	-0,06574134123728291	11540	599,99829226980262	11540	-0,400082231688216	11540	600	11540	-0,0663386830915975	11540	0
11550	-0,066168102908625057	11550	600,00153682922735	11550	-0,93633579366984887	11550	600	11550	-0,0663386830915975	11550	0
11560	-0,06612216123746667	11560	600,00072324575513	11560	0,40250620652946512	11560	600	11560	-0,0663386830915975	11560	0
11570	-0,06422168035621198	11570	600,000315860582	11570	0,079743644332115671	11570	600	11570	-0,0663386830915975	11570	0
11580	-0,0731562944434802	11580	600,00042305351576	11580	0,36598793543840036	11580	600	11580	-0,0663386830915975	11580	0
11590	-0,073973375029824054	11590	599,99976682063675	11590	-0,4414501753111712	11590	600	11590	-0,0663386830915975	11590	0
11600	-0,0569445778639486	11600	599,99725201353408	11600	-0,68439328897790175	11600	600	11600	-0,0663386830915975	11600	0
11610	-0,063799034024331736	11610	600,00121402765978	11610	0,4548133859873012	11610	600	11610	-0,0663386830915975	11610	0
11620	-0,0684782695830819	11620	599,9990938611229	11620	-0,76042740916737928	11620	600	11620	-0,0663386830915975	11620	0
11630	-0,053981807566528456	11630	600,00253655740539	11630	0,750303732931088	11630	600	11630	-0,0663386830915975	11630	0
11640	-0,068526064466056122	11640	600,00080512086879	11640	-0,22121182641955481	11640	600	11640	-0,0663386830915975	11640	0
11650	-0,073711317576467969	11650	599,9975871653279	11650	-0,48710774875020058	11650	600	11650	-0,0663386830915975	11650	0
11660	-0,0719111476753002	11660	599,99964208579615	11660	-0,99034287408305044	11660	600	11660	-0,0663386830915975	11660	0
11670	-0,074744138227940918	11670	599,99823407605072	11670	-1,2298365159843614	11670	600	11670	-0,0663386830915975	11670	0
11680	-0,055556605814027986	11680	600,00134402944923	11680	0,82071292440247867	11680	600	11680	-0,0663386830915975	11680	0
11690	-0,05218623217436956	11690	600,00115817708445	11690	1,0573569161395484	11690	600	11690	-0,0663386830915975	11690	0
11700	-0,055948191350682956	11700	600,0021173857109	11700	0,55681486272681213	11700	600	11700	-0,0663386830915975	11700	0
11710	-0,065384057938785684	11710	600,00174338657837	11710	0,717617159292498	11710	600	11710	-0,0663386830915975	11710	0
11720	-0,069512143331442414	11720	599,99836786485594	11720	-0,072531025997830012	11720	600	11720	-0,0663386830915975	11720	0
11730	-0,076016069076110415	11730	599,99761882257542	11730	-0,74162045526378084	11730	600	11730	-0,0663386830915975	11730	0
11740	-0,051926735573126812	11740	600,00172502849568	11740	0,54054568927634961	11740	600	11740	-0,0663386830915975	11740	0
11750	-0,06696835758509935	11750	600,0004720294769	11750	-0,3387350753192736	11750	600	11750	-0,0663386830915975	11750	0
11760	-0,06490746477663524	11760	600,00239592915955	11760	0,16626985433824659	11760	600	11760	-0,0663386830915975	11760	0
11770	-0,07320376430850066	11770	599,99996747504247	11770	-0,53722019326182191	11770	600	11770	-0,0663386830915975	11770	0
11780	-0,075789951911847939	11780	599,99786298029517	11780	-0,3078277396562093	11780	600	11780	-0,0663386830915975	11780	0
11790	-0,066219078726731911	11790	599,99945355922023	11790	0,459653383370487	11790	600	11790	-0,0663386830915975	11790	0
11800	-0,076323121708621572	11800	599,998504781289	11800	-0,83585923254151007	11800	600	11800	-0,0663386830915975	11800	0
11810	-0,064906314943307078	11810	600,00239820146442	11810	-0,10359738876627728	11810	600	11810	-0,0663386830915975	11810	0
11820	-0,063848909720322963	11820	600,00021925869078	11820	0,59948626214184453	11820	600	11820	-0,0663386830915975	11820	0
11830	-0,067992843051047774	11830	600,00162349920686	11830	-0,15391813677866811	11830	600	11830	-0,0663386830915975	11830	0
11840	-0,061306542260200804	11840	600,00150651842876	11840	0,53647450567530464	11840	600	11840	-0,0663386830915975	11840	0
11850	-0,053362763369456112	11850	600,00077713585517	11850	0,3910747828294151	11850	600	11850	-0,0663386830915975	11850	0
11860	-0,079968334582736583	11860	599,997420486882	11860	-0,3965215384211474	11860	600	11860	-0,0663386830915975	11860	0
11870	-0,066277176197931761	11870	599,99823060283018	11870	-0,17146452832580633	11870	600	11870	-0,0663386830915975	11870	0
11880	-0,064645703477490712	11880	599,99977390076447	11880	-0,28011444592788404	11880	600	11880	-0,0663386830915975	11880	0
11890	-0,0584813332463874	11890	600,001127000937	11890	0,78593193079877333	11890	600	11890	-0,0663386830915975	11890	0
11900	-0,064228785437823788	11900	600,00003302624566	11900	0,0064951259805270389	11900	600	11900	-0,0663386830915975	11900	0
11910	-0,062679055975785422	11910	599,999452861405	11910	0,21160319056569632	11910	600	11910	-0,0663386830915975	11910	0
11920	-0,055785951951456095	11920	600,00184147331663	11920	1,2709448343498173	11920	600	11920	-0,0663386830915975	11920	0
11930	-0,0652110103596961	11930	600,00272513263678	11930	1,2346933840283021	11930	600	11930	-0,0663386830915975	11930	0
11940	-0,076625825173979312	11940	599,99836323853015	11940	-0,68045122728246021	11940	600	11940	-0,0663386830915975	11940	0
11950	-0,055404129810830809	11950	600,0026416412619	11950	0,27899694783135526	11950	600	11950	-0,0663386830915975	11950	0
11960	-0,072598871221734168	11960	599,99907246455189	11960	-0,62794246595621583	11960	600	11960	-0,0663386830915975	11960	0
11970	-0,068959615821703263	11970	599,99791889108064	11970	0,31585149592716133	11970	600	11970	-0,0663386830915975	11970	0
11980	-0,076204339016261016	11980	599,99865572070473	11980	-0,26366883123678286	11980	600	11980	-0,0663386830915975	11980	0
11990	-0,059757522273682695	11990	599,99875546341377	11990	0,18192927342882331	11990	600	11990	-0,0663386830915975	11990	0
12000	-0,060579177220827528	12000	600,00139533705863	12000	0,93907328270187707	12000	600	12000	-0,0663386830915975	12000	0
12010	-0,059686838472205322	12010	600,00267383230607	12010	0,36869018941498211	12010	600	12010	-0,0663386830915975	12010	0
12020	-0,076676395166690114	12020	599,99799479213254	12020	-0,8196132743632536	12020	600	12020	-0,0663386830915975	12020	0
12030	-0,063682098317713792	12030	600,00182862592112	12030	0,30892347891030447	12030	600	12030	-0,0663386830915975	12030	0
12040	-0,061710829527747486	12040	600,00249108229525	12040	0,19903895421229334	12040	600	12040	-0,0663386830915975	12040	0
12050	-0,067257992534548908	12050	600,00138161313259	12050	-0,20768525303517793	12050	600	12050	-0,0663386830915975	12050	0
12060	-0,058213648644806153	12060	600,00094899250178	12060	0,0026569013511932305	12060	600	12060	-0,0663386830915975	12060	0
12070	-0,074530360825460384	12070	599,99730875179125	12070	0,52043262950835167	12070	600	12070	-0,0663386830915975	12070	0
12080	-0,063076419908694642	12080	599,99871234176567	12080	-0,94111649078540571	12080	600	12080	-0,0663386830915975	12080	0
12090	-0,0572776691901901	12090	600,00281926559182	12090	1,0430069173510712	12090	600	12090	-0,0663386830915975	12090	0
12100	-0,054489195845153757	12100	600,002189845885	12100	0,72895532833046262	12100	600	12100	-0,0663386830915975	12100	0
12110	-0,0699629641422455	12110	599,997800523241	12110	-0,065384859991367478	12110	600	12110	-0,0663386830915975	12110	0
12120	-0,0612025392379893	12120	600,0010897405981	12120	-0,23577216739910861	12120	600	12120	-0,0663386830915975	12120	0
12130	-0,055189608459553653	12130	600,00209261239161	12130	0,85132534694534512	12130	600	12130	-0,0663386830915975	12130	0
12140	-0,072655369971342976	12140	600,00060189257624	12140	-0,621285034579819	12140	600	12140	-0,0663386830915975	12140	0
12150	-0,06325054052348271	12150	600,00305863176482	12150	0,59635836913861628	12150	600	12150	-0,0663386830915975	12150	0
12160	-0,052734959976824272	12160	600,00292325426642	12160	0,84784101522490385	12160	600	12160	-0,0663386830915975	12160	0
12170	-0,06647974910211972	12170	599,99805437634075	12170	-0,48734666391484704	12170	600	12170	-0,0663386830915975	12170	0
12180	-0,075991829715772133	12180	600,00025822882048	12180	-0,11454872179509151	12180	600	12180	-0,0663386830915975	12180	0
12190	-0,071091182737481676	12190	599,99960970649431	12190	0,41222279853546184	12190	600	12190	-0,0663386830915975	12190	0
12200	-0,0624560396724132	12200	600,00061301691358	12200	0,7496962018362503	12200	600	12200	-0,0663386830915975	12200	0
12210	-0,0690207265561005	12210	600,00089966906091	12210	-0,580171159150018	12210	600	12210	-0,0663386830915975	12210	0
12220	-0,066799924435696337	12220	599,9986661439051	12220	-0,93501367624355269	12220	600	12220	-0,0663386830915975	12220	0
12230	-0,07641382938608289	12230	599,998408976816	12230	-0,35322423722776258	12230	600	12230	-0,0663386830915975	12230	0
12240	-0,068188825174204354	12240	599,99924195594292	12240	-0,95546543967346009	12240	600	12240	-0,0663386830915975	12240	0
12250	-0,065841682175658	12250	599,99968913631574	12250	0,4166412675458544	12250	600	12250	-0,0663386830915975	12250	0
12260	-0,069264679713597677	12260	600,00178886283766	12260	0,61153874888593052	12260	600	12260	-0,0663386830915975	12260	0
12270	-0,066644142794178518	12270	599,999544944953	12270	0,62903304415848971	12270	600	12270	-0,0663386830915975	12270	0
12280	-0,0568177929210423	12280	600,00201633239408	12280	0,54512534906700061	12280	600	12280	-0,0663386830915975	12280	0
12290	-0,059919896291284885	12290	600,00268778282918	12290	0,49412706022344621	12290	600	12290	-0,0663386830915975	12290	0
12300	-0,069723907086363279	12300	599,99742709655663	12300	-0,94062628511164681	12300	600	12300	-0,0663386830915975	12300	0
12310	-0,070838569699684273	12310	599,9997137880124	12310	-0,35709997660398762	12310	600	12310	-0,0663386830915975	12310	0
12320	-0,071849339745409385	12320	599,99719544878383	12320	-0,28228713737679706	12320	600	12320	-0,0663386830915975	12320	0
12330	-0,068637112682652268	12330	600,00120103026177	12330	-1,0556709496833188	12330	600	12330	-0,0663386830915975	12330	0
12340	-0,065132476589101471	12340	599,99919873235115	12340	0,29345384828031357	12340	600	12340	-0,0663386830915975	12340	0
12350	-0,069583098875021759	12350	599,99912247541272	12350	-0,22641015375078266	12350	600	12350	-0,0663386830915975	12350	0
12360	-0,067710972380974815	12360	600,00059597078609	12360	0,46713494431862873	12360	600	12360	-0,0663386830915975	12360	0
12370	-0,075690170419022429	12370	599,997305337686	12370	-0,17795722015297272	12370	600	12370	-0,0663386830915975	12370	0
12380	-0,057052507278739374	12380	600,003791491088	12380	0,43262169294918595	12380	600	12380	-0,0663386830915975	12380	0
12390	-0,068878425338842267	12390	599,9993308075608	12390	0,9073375548188507	12390	600	12390	-0,0663386830915975	12390	0
12400	-0,055537333685908095	12400	599,99975303569113	12400	-0,57319970633540873	12400	600	12400	-0,0663386830915975	12400	0
12410	-0,057840769834165438	12410	600,00267214437179	12410	-0,25936662715229764	12410	600	12410	-0,0663386830915975	12410	0
12420	-0,072465727368132685	12420	599,99809724119768	12420	-0,19495305797604021	12420	600	12420	-0,0663386830915975	12420	0
12430	-0,071736365051275577	12430	599,99775298296026	12430	-1,0876309561494661	12430	600	12430	-0,0663386830915975	12430	0
12440	-0,0698132615234134	12440	600,00093827686214	12440	1,321259390374999	12440	600	12440	-0,0663386830915975	12440	0
12450	-0,053616280894371683	12450	600,00307652052493	12450	0,99097258087727358	12450	600	12450	-0,0663386830915975	12450	0
12460	-0,057002974298242082	12460	600,00093404298843	12460	1,1269271738061009	12460	600	12460	-0,0663386830915975	12460	0
12470	-0,073270875509222691	12470	599,99937771867951	12470	0,33452154421803182	12470	600	12470	-0,0663386830915975	12470	0
12480	-0,058818930935304034	12480	600,00271700751125	12480	-0,38841004479200764	12480	600	12480	-0,0663386830915975	12480	0
12490	-0,063890040500385339	12490	600,00212629612133	12490	0,54419290897509565	12490	600	12490	-0,0663386830915975	12490	0
12500	-0,064187987358630724	12500	599,99940059766107	12500	-0,44635507213499986	12500	600	12500	-0,0663386830915975	12500	0
12510	-0,074342584281851434	12510	599,99793702215368	12510	-0,027903666791843612	12510	600	12510	-0,0663386830915975	12510	0
12520	-0,0871224375403288	12520	599,9942425893945	12520	-1,1772255926556636	12520	600	12520	-0,0663386830915975	12520	0
12530	-0,044937069923065391	12530	600,00612702631724	12530	1,4025233038082332	12530	600	12530	-0,0663386830915975	12530	0
12540	-0,068654944702893878	12540	600,00024736473063	12540	-0,1425810954980512	12540	600	12540	-0,0663386830915975	12540	0
12550	-0,061462133933750218	12550	600,00050931807982	12550	0,19936568684347478	12550	600	12550	-0,0663386830915975	12550	0
12560	-0,0676695218311844	12560	600,00123768506739	12560	-0,555260020751446	12560	600	12560	-0,0663386830915975	12560	0
12570	-0,06235242993913679	12570	600,00041835416346	12570	-0,085060476636806548	12570	600	12570	-0,0663386830915975	12570	0
12580	-0,0688156699179947	12580	599,99980331610209	12580	0,670030416665558	12580	600	12580	-0,0663386830915975	12580	0
12590	-0,0691829108701366	12590	599,99615328150082	12590	-0,263804973978163	12590	600	12590	-0,0663386830915975	12590	0
12600	-0,052620216836711052	12600	600,00396960878084	12600	0,71319686032020613	12600	600	12600	-0,0663386830915975	12600	0
12610	-0,07179632363047421	12610	599,99681702628288	12610	-0,2174321957536316	12610	600	12610	-0,0663386830915975	12610	0
12620	-0,0585533450426203	12620	600,001313083432	12620	0,18542270482656498	12620	600	12620	-0,0663386830915975	12620	0
12630	-0,06522141727960977	12630	600,000312969311	12630	-0,17581288785566204	12630	600	12630	-0,0663386830915975	12630	0
12640	-0,055854558414721062	12640	600,00369124204963	12640	0,54943349276891351	12640	600	12640	-0,0663386830915975	12640	0
12650	-0,0694181837754576	12650	599,99955197030329	12650	-1,0548400763619656	12650	600	12650	-0,0663386830915975	12650	0
12660	-0,063390517830092891	12660	600,00135765360926	12660	1,0816786378082528	12660	600	12660	-0,0663386830915975	12660	0
12670	-0,060718523884146509	12670	599,99897543857332	12670	-0,17797837020575791	12670	600	12670	-0,0663386830915975	12670	0
12680	-0,061680307244975141	12680	600,00092472229994	12680	0,68604476388909164	12680	600	12680	-0,0663386830915975	12680	0
12690	-0,058217721762405576	12690	600,0009897165005	12690	0,16311625167622645	12690	600	12690	-0,0663386830915975	12690	0
12700	-0,0597338395528117	12700	600,00096619838337	12700	-0,29320682930115327	12700	600	12700	-0,0663386830915975	12700	0
12710	-0,070089672466289249	12710	599,99869216768923	12710	-0,13934727366506311	12710	600	12710	-0,0663386830915975	12710	0
12720	-0,063703975850041228	12720	599,99719501829838	12720	0,43826397208051	12720	600	12720	-0,0663386830915975	12720	0
12730	-0,056821572098692263	12730	600,003126709641	12730	-0,17117743765017146	12730	600	12730	-0,0663386830915975	12730	0
12740	-0,0660071031961188	12740	600,001776586834	12740	0,78674236373098538	12740	600	12740	-0,0663386830915975	12740	0
12750	-0,069422096835706937	12750	599,99918569686042	12750	0,41068564963032372	12750	600	12750	-0,0663386830915975	12750	0
12760	-0,064929558255101522	12760	600,000797548383	12760	0,11452245995569683	12760	600	12760	-0,0663386830915975	12760	0
12770	-0,065968027086920039	12770	600,00189424170537	12770	0,16432467592156819	12770	600	12770	-0,0663386830915975	12770	0
12780	-0,063088888914549279	12780	599,998415150191	12780	-0,74952322573493557	12780	600	12780	-0,0663386830915975	12780	0
12790	-0,064422297721760571	12790	600,00021642041429	12790	-0,32464178262483256	12790	600	12790	-0,0663386830915975	12790	0
12800	-0,061898741337721032	12800	599,99963995819814	12800	0,58885690714756733	12800	600	12800	-0,0663386830915975	12800	0
12810	-0,087855434700890245	12810	599,9954587900246	12810	-1,6444885483440632	12810	600	12810	-0,0663386830915975	12810	0
12820	-0,068601205447811092	12820	599,99859271438947	12820	-0,29482119697159059	12820	600	12820	-0,0663386830915975	12820	0
12830	-0,06559872223555363	12830	599,999966540313	12830	0,16225622525024341	12830	600	12830	-0,0663386830915975	12830	0
12840	-0,055986258943204512	12840	599,99931637010263	12840	0,10517559195887472	12840	600	12840	-0,0663386830915975	12840	0
12850	-0,061582694341071331	12850	600,00160327051481	12850	0,29838291252798915	12850	600	12850	-0,0663386830915975	12850	0
12860	-0,061605492259054331	12860	600,00332711883232	12860	-0,19474986986532847	12860	600	12860	-0,0663386830915975	12860	0
12870	-0,0836442176326386	12870	599,99599446418836	12870	-0,60766754773118881	12870	600	12870	-0,0663386830915975	12870	0
12880	-0,06639094829311247	12880	599,99996018956415	12880	-0,21340576120429611	12880	600	12880	-0,0663386830915975	12880	0
12890	-0,071445720680611322	12890	599,99815488220713	12890	0,5539972890237983	12890	600	12890	-0,0663386830915975	12890	0
12900	-0,070972853132533764	12900	599,99800458146251	12900	-0,2377132409641779	12900	600	12900	-0,0663386830915975	12900	0
12910	-0,059463231918573271	12910	600,0024538882584	12910	0,7579200962124768	12910	600	12910	-0,0663386830915975	12910	0
12920	-0,060107271380276023	12920	600,00225684478153	12920	1,1568992384005625	12920	600	12920	-0,0663386830915975	12920	0
12930	-0,061718165299248479	12930	600,00256579402526	12930	0,10853152403575128	12930	600	12930	-0,0663386830915975	12930	0
12940	-0,071773583466001184	12940	599,99778925255214	12940	-0,14773096879713366	12940	600	12940	-0,0663386830915975	12940	0
12950	-0,060466748090770857	12950	600,00309502890389	12950	-0,43242117192157531	12950	600	12950	-0,0663386830915975	12950	0
12960	-0,075231050606796954	12960	599,99782535767451	12960	-0,40560118511827153	12960	600	12960	-0,0663386830915975	12960	0
12970	-0,066897020157197881	12970	599,99849066096249	12970	-0,058553507462483223	12970	600	12970	-0,0663386830915975	12970	0
12980	-0,0784116446822184	12980	599,99794059953672	12980	-0,558618600788744	12980	600	12980	-0,0663386830915975	12980	0
12990	-0,077004511754402691	12990	599,99766837314394	12990	-0,5600474871178337	12990	600	12990	-0,0663386830915975	12990	0
13000	-0,058865766052379739	13000	600,0000948397128	13000	0,23808695850602757	13000	600	13000	-0,0663386830915975	13000	0
13010	-0,067540944739577266	13010	599,99968415376316	13010	1,015032883830965	13010	600	13010	-0,0663386830915975	13010	0
13020	-0,068962984896575652	13020	600,0000590159666	13020	-0,45789606558966983	13020	600	13020	-0,0663386830915975	13020	0
13030	-0,065653527575277287	13030	599,99950042161845	13030	0,27259109231878653	13030	600	13030	-0,0663386830915975	13030	0
13040	-0,059138585862933669	13040	600,00324577968547	13040	1,5138283565049444	13040	600	13040	-0,0663386830915975	13040	0
13050	-0,070913517162945763	13050	599,99950959181911	13050	-0,87262968237146254	13050	600	13050	-0,0663386830915975	13050	0
13060	-0,065287396988547436	13060	599,99929159197711	13060	-0,35394897829431848	13060	600	13060	-0,0663386830915975	13060	0
13070	-0,068386084110919551	13070	600,00067671674583	13070	-0,60829282258704787	13070	600	13070	-0,0663386830915975	13070	0
13080	-0,060079275629729277	13080	600,00403272237963	13080	1,0639925593126736	13080	600	13080	-0,0663386830915975	13080	0
13090	-0,060702355110971828	13090	600,00082326928623	13090	0,33174754185253624	13090	600	13090	-0,0663386830915975	13090	0
13100	-0,079961248123111	13100	599,99630433316713	13100	-0,96489629596390092	13100	600	13100	-0,0663386830915975	13100	0
13110	-0,056682285597630118	13110	600,00134944638864	13110	0,96237685358284175	13110	600	13110	-0,0663386830915975	13110	0
13120	-0,071671047875704344	13120	600,00054697884934	13120	-0,2123844559684821	13120	600	13120	-0,0663386830915975	13120	0
13130	-0,0560180931365969	13130	600,00179988863772	13130	0,9135768579306065	13130	600	13130	-0,0663386830915975	13130	0
13140	-0,065139638325474439	13140	600,00213659876943	13140	0,38011470133365777	13140	600	13140	-0,0663386830915975	13140	0
13150	-0,076203717356066958	13150	599,99718299838935	13150	-1,121776722483409	13150	600	13150	-0,0663386830915975	13150	0
13160	-0,062599733882501687	13160	599,99992533850821	13160	0,19635802685590756	13160	600	13160	-0,0663386830915975	13160	0
13170	-0,0829107071313125	13170	599,99682325535	13170	-0,64313754794146483	13170	600	13170	-0,0663386830915975	13170	0
13180	-0,060053066171032975	13180	600,00015976568488	13180	-0,25926187402804596	13180	600	13180	-0,0663386830915975	13180	0
13190	-0,075428166835324828	13190	599,99686334098715	13190	-0,28621411789393048	13190	600	13190	-0,0663386830915975	13190	0
13200	-0,063659698800296718	13200	600,00027688055434	13200	0,693888747439116	13200	600	13200	-0,0663386830915975	13200	0
13210	-0,055093269111678764	13210	600,00543648599262	13210	-0,081342634997568039	13210	600	13210	-0,0663386830915975	13210	0
13220	-0,065241450705058338	13220	600,00049584753833	13220	-0,50214127267576214	13220	600	13220	-0,0663386830915975	13220	0
13230	-0,065446415971340849	13230	599,999392150864	13230	-0,20671738592207403	13230	600	13230	-0,0663386830915975	13230	0
13240	-0,081697004925856784	13240	599,99610797354353	13240	-0,327006893910865	13240	600	13240	-0,0663386830915975	13240	0
13250	-0,06694688055812964	13250	599,9990969425171	13250	-0,048805619485992741	13250	600	13250	-0,0663386830915975	13250	0
13260	-0,0685039276583577	13260	600,00158224130917	13260	-0,12200760253410081	13260	600	13260	-0,0663386830915975	13260	0
13270	-0,05809498737393106	13270	600,00089949050573	13270	0,1294618566852199	13270	600	13270	-0,0663386830915975	13270	0
13280	-0,074176070218510484	13280	599,99933270407337	13280	-0,870582693615483	13280	600	13280	-0,0663386830915975	13280	0
13290	-0,069076891121883657	13290	599,99997224399533	13290	0,96630952637801182	13290	600	13290	-0,0663386830915975	13290	0
13300	-0,065463783127735167	13300	599,99988130442443	13300	0,27059856209411648	13300	600	13300	-0,0663386830915975	13300	0
13310	-0,074369569259683355	13310	599,99926962800214	13310	0,304716471391064	13310	600	13310	-0,0663386830915975	13310	0
13320	-0,069616233404120278	13320	599,99847361384263	13320	-0,76914297673913445	13320	600	13320	-0,0663386830915975	13320	0
13330	-0,0653990687240271	13330	600,00154870774907	13330	0,54208329176941961	13330	600	13330	-0,0663386830915975	13330	0
13340	-0,061234544030761784	13340	600,00035998941655	13340	0,66972307108731155	13340	600	13340	-0,0663386830915975	13340	0
13350	-0,0710634149794578	13350	599,99811883489053	13350	-0,32184332228635792	13350	600	13350	-0,0663386830915975	13350	0
13360	-0,076619770725034911	13360	599,99953680966485	13360	-0,658058058887321	13360	600	13360	-0,0663386830915975	13360	0
13370	-0,068782094030835822	13370	599,9995458266992	13370	-0,15608552054085303	13370	600	13370	-0,0663386830915975	13370	0
13380	-0,067245148885876183	13380	600,00024179669413	13380	-0,09008097981441604	13380	600	13380	-0,0663386830915975	13380	0
13390	-0,064845014072264728	13390	599,99949714953493	13390	-1,5315102723805802	13390	600	13390	-0,0663386830915975	13390	0
13400	-0,066059003965473637	13400	600,0007594589033	13400	0,51856583347522578	13400	600	13400	-0,0663386830915975	13400	0
13410	-0,063892132855159808	13410	600,00049784235489	13410	-0,014074789175186564	13410	600	13410	-0,0663386830915975	13410	0
13420	-0,059660087215126126	13420	600,00109024013648	13420	0,45041943690228836	13420	600	13420	-0,0663386830915975	13420	0
13430	-0,06582761957205438	13430	599,99805155350009	13430	-0,31908272388440351	13430	600	13430	-0,0663386830915975	13430	0
13440	-0,055080059451877959	13440	600,00177506956243	13440	1,1596749937592981	13440	600	13440	-0,0663386830915975	13440	0
13450	-0,069610825988499922	13450	599,99914219704772	13450	-0,64339276492806519	13450	600	13450	-0,0663386830915975	13450	0
13460	-0,068760342061830446	13460	600,00147248639132	13460	0,2862756226687882	13460	600	13460	-0,0663386830915975	13460	0
13470	-0,071291499485219179	13470	599,99536883743713	13470	-0,30579458401020931	13470	600	13470	-0,0663386830915975	13470	0
13480	-0,0724337550843183	13480	599,99921687244284	13480	-0,11338333358786093	13480	600	13480	-0,0663386830915975	13480	0
13490	-0,067535197177177542	13490	599,99890765065948	13490	0,062050070651618217	13490	600	13490	-0,0663386830915975	13490	0
13500	-0,062018668093072875	13500	600,00191636347631	13500	-0,33647648025830151	13500	600	13500	-0,0663386830915975	13500	0
13510	-0,064455133585770624	13510	600,00296744514037	13510	0,2446005125393183	13510	600	13510	-0,0663386830915975	13510	0
13520	-0,05743844441647486	13520	599,999028288822	13520	-0,28544550093643406	13520	600	13520	-0,0663386830915975	13520	0
13530	-0,079726170655505371	13530	599,99763288123017	13530	-1,2676269162606229	13530	600	13530	-0,0663386830915975	13530	0
13540	-0,067618324009529079	13540	600,00045225107465	13540	0,13859890405435482	13540	600	13540	-0,0663386830915975	13540	0
13550	-0,073058244627794561	13550	599,99748156069779	13550	-0,57233273087039338	13550	600	13550	-0,0663386830915975	13550	0
13560	-0,069529911886653986	13560	599,998505248614	13560	0,0052409478104577523	13560	600	13560	-0,0663386830915975	13560	0
13570	-0,0727638523567309	13570	599,99842905756918	13570	-0,43301649486847371	13570	600	13570	-0,0663386830915975	13570	0
13580	-0,063196726105110609	13580	599,99957427276468	13580	-0,71216265764554643	13580	600	13580	-0,0663386830915975	13580	0
13590	-0,061160553136999432	13590	600,00345020527857	13590	1,135152897736355	13590	600	13590	-0,0663386830915975	13590	0
13600	-0,066901516158164934	13600	599,99971885046227	13600	0,46947891394720687	13600	600	13600	-0,0663386830915975	13600	0
13610	-0,063996192296441	13610	600,00102635088808	13610	0,39301005162303226	13610	600	13610	-0,0663386830915975	13610	0
13620	-0,066533836161627974	13620	600,0003379547818	13620	0,28572307653531909	13620	600	13620	-0,0663386830915975	13620	0
13630	-0,06421154480791072	13630	600,00010418425688	13630	0,71252746734975247	13630	600	13630	-0,0663386830915975	13630	0
13640	-0,0721167445022031	13640	600,00063068587212	13640	0,16347518892096893	13640	600	13640	-0,0663386830915975	13640	0
13650	-0,061731527947561975	13650	599,99910348251331	13650	-0,3226860990725538	13650	600	13650	-0,0663386830915975	13650	0
13660	-0,065395332256618921	13660	600,001627085573	13660	-0,15191907663653992	13660	600	13660	-0,0663386830915975	13660	0
13670	-0,059935479400142141	13670	600,00173845681911	13670	1,0811690900686111	13670	600	13670	-0,0663386830915975	13670	0
13680	-0,064740626265049256	13680	600,00128973455583	13680	-0,14877834111014984	13680	600	13680	-0,0663386830915975	13680	0
13690	-0,071644004561068439	13690	599,9969314649187	13690	-0,20946297834392436	13690	600	13690	-0,0663386830915975	13690	0
13700	-0,070480561275064579	13700	599,99863575463814	13700	-0,86283035415998011	13700	600	13700	-0,0663386830915975	13700	0
13710	-0,067572786972804125	13710	599,99983573149188	13710	0,50868447483082269	13710	600	13710	-0,0663386830915975	13710	0
13720	-0,05969958725204684	13720	599,99944473103881	13720	-0,25169552809985996	13720	600	13720	-0,0663386830915975	13720	0
13730	-0,064475226951979964	13730	600,0016176188559	13730	0,42073946888939551	13730	600	13730	-0,0663386830915975	13730	0
13740	-0,065622138681145276	13740	600,00040869681	13740	-0,09870863006049	13740	600	13740	-0,0663386830915975	13740	0
13750	-0,062259535917620248	13750	599,999405654286	13750	-0,44992742301290878	13750	600	13750	-0,0663386830915975	13750	0
13760	-0,0644721730766816	13760	600,00061883858757	13760	1,3633320253427859	13760	600	13760	-0,0663386830915975	13760	0
13770	-0,066401149381787775	13770	600,00082553812172	13770	0,32912944171751546	13770	600	13770	-0,0663386830915975	13770	0
13780	-0,0707217435303905	13780	599,99849624129718	13780	-0,24374057285589454	13780	600	13780	-0,0663386830915975	13780	0
13790	-0,056996908371395275	13790	600,00237779589145	13790	-0,39566377834772259	13790	600	13790	-0,0663386830915975	13790	0
13800	-0,071306980071576667	13800	599,99866411456139	13800	-1,077310153403364	13800	600	13800	-0,0663386830915975	13800	0
13810	-0,072890110303654873	13810	599,9984295600832	13810	-0,36800976305607774	13810	600	13810	-0,0663386830915975	13810	0
13820	-0,051829477812732047	13820	600,0040570851877	13820	1,0629423828808089	13820	600	13820	-0,0663386830915975	13820	0
13830	-0,059853667360891	13830	599,99912818876294	13830	-0,57086714224095192	13830	600	13830	-0,0663386830915975	13830	0
13840	-0,060449659739290076	13840	600,00132769621086	13840	0,89787246906171536	13840	600	13840	-0,0663386830915975	13840	0
13850	-0,0635565695312879	13850	599,9996487470703	13850	0,081150748478734186	13850	600	13850	-0,0663386830915975	13850	0
13860	-0,052835044011745734	13860	600,00431973542243	13860	1,4395367399603805	13860	600	13860	-0,0663386830915975	13860	0
13870	-0,057617876164920423	13870	600,00037176215756	13870	1,2233817099012643	13870	600	13870	-0,0663386830915975	13870	0
13880	-0,05979132556684677	13880	600,00071526440649	13880	0,5354928328144406	13880	600	13880	-0,0663386830915975	13880	0
13890	-0,058319882872357495	13890	600,00430784854268	13890	-0,11876084429765296	13890	600	13890	-0,0663386830915975	13890	0
13900	-0,067794638873391433	13900	599,99830377514456	13900	-0,3766356155755386	13900	600	13900	-0,0663386830915975	13900	0
13910	-0,054553199275587945	13910	600,00380170057122	13910	1,9829816279730805	13910	600	13910	-0,0663386830915975	13910	0
13920	-0,065035435860772373	13920	599,99817572317147	13920	-0,25952520634957438	13920	600	13920	-0,0663386830915975	13920	0
13930	-0,06326480676856408	13930	599,99906414101747	13930	0,2332565582230634	13930	600	13930	-0,0663386830915975	13930	0
13940	-0,059087250666758566	13940	600,00082171221527	13940	0,8378841761496314	13940	600	13940	-0,0663386830915975	13940	0
13950	-0,071616711382455511	13950	599,99787490975507	13950	-0,82428884341019315	13950	600	13950	-0,0663386830915975	13950	0
13960	-0,04953738063497605	13960	600,00487477391027	13960	1,3693562444805261	13960	600	13960	-0,0663386830915975	13960	0
13970	-0,071985523286647563	13970	599,99974295558945	13970	-0,62855728945024847	13970	600	13970	-0,0663386830915975	13970	0
13980	-0,056973265263204433	13980	600,00388938026936	13980	-0,42741667350294876	13980	600	13980	-0,0663386830915975	13980	0
13990	-0,063102623233036267	13990	600,00246892573693	13990	0,84276113334542158	13990	600	13990	-0,0663386830915975	13990	0
14000	-0,068684673587975878	14000	599,9981345177	14000	-0,79966553381534222	14000	600	14000	-0,0663386830915975	14000	0
14010	-0,05830634619348473	14010	600,00338070557768	14010	0,75270939577223794	14010	600	14010	-0,0663386830915975	14010	0
14020	-0,076198643631256557	14020	599,99519976287593	14020	-0,30233733402511942	14020	600	14020	-0,0663386830915975	14020	0
14030	-0,0632717782230207	14030	600,00048732705409	14030	-0,62551402401420364	14030	600	14030	-0,0663386830915975	14030	0
14040	-0,059902190287118844	14040	600,00049765113181	14040	1,4974889830408451	14040	600	14040	-0,0663386830915975	14040	0
14050	-0,058546050085013464	14050	599,99945780402777	14050	-0,1445895570471083	14050	600	14050	-0,0663386830915975	14050	0
14060	-0,073780609270480954	14060	599,99940504898075	14060	-0,9712367857187939	14060	600	14060	-0,0663386830915975	14060	0
14070	-0,070884809325938214	14070	599,99820688082252	14070	-0,082067463899071075	14070	600	14070	-0,0663386830915975	14070	0
14080	-0,071967436127994416	14080	600,00027504524894	14080	-1,2833353815364885	14080	600	14080	-0,0663386830915975	14080	0
14090	-0,068304717523656744	14090	600,00055901100336	14090	0,38947866266416803	14090	600	14090	-0,0663386830915975	14090	0
14100	-0,064702062600819288	14100	599,999720144077	14100	-0,73281974145108153	14100	600	14100	-0,0663386830915975	14100	0
14110	-0,084621172713918072	14110	599,99739041602618	14110	-0,528292922220419	14110	600	14110	-0,0663386830915975	14110	0
14120	-0,065350560715413522	14120	599,99910253119333	14120	-0,048245941590432759	14120	600	14120	-0,0663386830915975	14120	0
14130	-0,073955060420280536	14130	599,99850175942709	14130	-2,0608389432755416	14130	600	14130	-0,0663386830915975	14130	0
14140	-0,067978873472206061	14140	599,99863381927935	14140	0,53658628265633257	14140	600	14140	-0,0663386830915975	14140	0
14150	-0,065586353485089149	14150	599,99870166977121	14150	0,18428503531434165	14150	600	14150	-0,0663386830915975	14150	0
14160	-0,055401416145085286	14160	600,00300270289745	14160	1,2780445306138786	14160	600	14160	-0,0663386830915975	14160	0
14170	-0,063123878634146841	14170	600,00146478927127	14170	0,12086563098265926	14170	600	14170	-0,0663386830915975	14170	0
14180	-0,049722138182965711	14180	600,00352958797475	14180	0,67164449754079381	14180	600	14180	-0,0663386830915975	14180	0
14190	-0,06875028129920803	14190	600,00076408012	14190	0,65533089770438768	14190	600	14190	-0,0663386830915975	14190	0
14200	-0,065909755584639768	14200	599,99818103422456	14200	0,086457906852643041	14200	600	14200	-0,0663386830915975	14200	0
14210	-0,088089317402382961	14210	599,99566808748955	14210	-1,2237676811373313	14210	600	14210	-0,0663386830915975	14210	0
14220	-0,066100626485365	14220	599,99826951499585	14220	0,50795842677659464	14220	600	14220	-0,0663386830915975	14220	0
14230	-0,066001327990744	14230	599,999485305859	14230	-0,18541623590824061	14230	600	14230	-0,0663386830915975	14230	0
14240	-0,077243021817412189	14240	599,99655170038989	14240	-1,6958572411520057	14240	600	14240	-0,0663386830915975	14240	0
14250	-0,067025730074952355	14250	599,999752750366	14250	-0,50107027124164061	14250	600	14250	-0,0663386830915975	14250	0
14260	-0,05793923594370215	14260	600,00309680557473	14260	0,11054820535410714	14260	600	14260	-0,0663386830915975	14260	0
14270	-0,056188302746573458	14270	600,00352358375164	14270	1,4928529223158598	14270	600	14270	-0,0663386830915975	14270	0
14280	-0,060686194004918148	14280	600,00118321578918	14280	-0,67081354120893688	14280	600	14280	-0,0663386830915975	14280	0
14290	-0,072128617603332154	14290	599,9969843829416	14290	-0,19483697699517244	14290	600	14290	-0,0663386830915975	14290	0
14300	-0,054816009213345708	14300	600,00078299084726	14300	1,4290072887119791	14300	600	14300	-0,0663386830915975	14300	0
14310	-0,066483391968082881	14310	600,0002885658688	14310	0,0015510098622082413	14310	600	14310	-0,0663386830915975	14310	0
14320	-0,068561659079061421	14320	599,999964673188	14320	0,20749257208952759	14320	600	14320	-0,0663386830915975	14320	0
14330	-0,059472914327277741	14330	600,00230851366064	14330	0,3481829756459574	14330	600	14330	-0,0663386830915975	14330	0
14340	-0,067873286246597525	14340	599,99858002969938	14340	0,17886774047843879	14340	600	14340	-0,0663386830915975	14340	0
14350	-0,075651781669591939	14350	599,99827061694941	14350	-1,0216472424826104	14350	600	14350	-0,0663386830915975	14350	0
14360	-0,070629953468234072	14360	600,00033836954435	14360	0,18052840715030488	14360	600	14360	-0,0663386830915975	14360	0
14370	-0,061079930535136918	14370	599,99963618138167	14370	0,0295068148513542	14370	600	14370	-0,0663386830915975	14370	0
14380	-0,063418952300359849	14380	600,00198198527517	14380	0,00053615670885576172	14380	600	14380	-0,0663386830915975	14380	0
14390	-0,057766747041121759	14390	600,0027880089707	14390	0,75999760406860728	14390	600	14390	-0,0663386830915975	14390	0
14400	-0,0765594341668198	14400	599,99944477814506	14400	-0,005016301505645096	14400	600	14400	-0,0663386830915975	14400	0
14410	-0,067108789920882275	14410	600,003419200475	14410	0,078723440267171707	14410	600	14410	-0,0663386830915975	14410	0
14420	-0,083238066849246173	14420	599,99409575293544	14420	-0,70034296088507308	14420	600	14420	-0,0663386830915975	14420	0
14430	-0,061833834752219444	14430	600,00035325744579	14430	-0,020679927154965555	14430	600	14430	-0,0663386830915975	14430	0
14440	-0,064801389225259493	14440	600,00005249624962	14440	0,33270418452562317	14440	600	14440	-0,0663386830915975	14440	0
14450	-0,063249414254470546	14450	599,99893970697963	14450	-1,2202137686279344	14450	600	14450	-0,0663386830915975	14450	0
14460	-0,065496233310551891	14460	600,00047812370781	14460	0,0030761760000713595	14460	600	14460	-0,0663386830915975	14460	0
14470	-0,071376796942511408	14470	599,99781092974956	14470	0,11624939933063028	14470	600	14470	-0,0663386830915975	14470	0
14480	-0,062697500951181165	14480	599,99996697421034	14480	0,82751282025942918	14480	600	14480	-0,0663386830915975	14480	0
14490	-0,071136876660018236	14490	600,00057866191253	14490	0,80475934335618371	14490	600	14490	-0,0663386830915975	14490	0
14500	-0,064952277030001476	14500	599,99982262699268	14500	0,13761714316131751	14500	600	14500	-0,0663386830915975	14500	0
14510	-0,060798497622417035	14510	600,00179353326871	14510	-0,17064109383538306	14510	600	14510	-0,0663386830915975	14510	0
14520	-0,070765949396548455	14520	599,99908029207438	14520	-0,29906223364632784	14520	600	14520	-0,0663386830915975	14520	0
14530	-0,067919160752496113	14530	600,00108349938137	14530	0,056283752549994404	14530	600	14530	-0,0663386830915975	14530	0
14540	-0,071900362035431153	14540	599,99818072147241	14540	0,18419110077696002	14540	600	14540	-0,0663386830915975	14540	0
14550	-0,067423992141328951	14550	599,9986309732808	14550	-0,14216873761609708	14550	600	14550	-0,0663386830915975	14550	0
14560	-0,066870160435630835	14560	600,00188655207057	14560	0,70649014634225726	14560	600	14560	-0,0663386830915975	14560	0
14570	-0,05855730456860208	14570	600,00171856799147	14570	1,3636741841031879	14570	600	14570	-0,0663386830915975	14570	0
14580	-0,063253622209478222	14580	599,99933351281288	14580	-0,59288681664060761	14580	600	14580	-0,0663386830915975	14580	0
14590	-0,065193659965125342	14590	600,00113280740607	14590	0,16295123364309927	14590	600	14590	-0,0663386830915975	14590	0
14600	-0,075199028136299362	14600	599,9969168751727	14600	-0,98108280464337372	14600	600	14600	-0,0663386830915975	14600	0
14610	-0,067326481180243675	14610	600,00225643402132	14610	0,0031306357452162148	14610	600	14610	-0,0663386830915975	14610	0
14620	-0,067360422758943134	14620	599,99869658988575	14620	0,38817458266027643	14620	600	14620	-0,0663386830915975	14620	0
14630	-0,052178929835343127	14630	600,00212115593922	14630	-0,26504405314676155	14630	600	14630	-0,0663386830915975	14630	0
14640	-0,072742023501223926	14640	599,99981866670055	14640	-0,72331482936312586	14640	600	14640	-0,0663386830915975	14640	0
14650	-0,086479219005038577	14650	599,99642959782523	14650	-0,84533363905302	14650	600	14650	-0,0663386830915975	14650	0
14660	-0,075108120953675445	14660	599,99827589239567	14660	-0,54010902902957814	14660	600	14660	-0,0663386830915975	14660	0
14670	-0,07066453545627692	14670	599,99856983442123	14670	-0,0844576136816231	14670	600	14670	-0,0663386830915975	14670	0
14680	-0,055891770172407561	14680	599,99865159091519	14680	0,30491693033995465	14680	600	14680	-0,0663386830915975	14680	0
14690	-0,05692129610411073	14690	600,0023058726191	14690	0,44449708063140392	14690	600	14690	-0,0663386830915975	14690	0
14700	-0,067479437156849814	14700	599,99932861746822	14700	-0,15702981008240308	14700	600	14700	-0,0663386830915975	14700	0
14710	-0,068216559315792846	14710	600,00239204477589	14710	0,52614331774014689	14710	600	14710	-0,0663386830915975	14710	0
14720	-0,076326667690458733	14720	599,9974494341659	14720	-0,92744078172095668	14720	600	14720	-0,0663386830915975	14720	0
14730	-0,057332855984930653	14730	600,00381044534527	14730	-0,0087204295862593484	14730	600	14730	-0,0663386830915975	14730	0
14740	-0,06121555873902082	14740	599,99903229606218	14740	-0,26912422986752937	14740	600	14740	-0,0663386830915975	14740	0
14750	-0,073841897244658922	14750	599,99785848737372	14750	-0,75480898337634317	14750	600	14750	-0,0663386830915975	14750	0
14760	-0,068137788297097046	14760	599,9992749775862	14760	-0,20047161450665416	14760	600	14760	-0,0663386830915975	14760	0
14770	-0,07695469706548172	14770	599,99715517006439	14770	-0,31963954015048995	14770	600	14770	-0,0663386830915975	14770	0
14780	-0,0764571635959094	14780	599,996964300967	14780	-1,016483258307469	14780	600	14780	-0,0663386830915975	14780	0
14790	-0,0708913011958752	14790	600,00092289530664	14790	0,34441717717959824	14790	600	14790	-0,0663386830915975	14790	0
14800	-0,066021867489694921	14800	600,0004175251313	14800	0,39551395290872438	14800	600	14800	-0,0663386830915975	14800	0
14810	-0,069340060316612967	14810	599,99934561771511	14810	0,49327960770976564	14810	600	14810	-0,0663386830915975	14810	0
14820	-0,065761184914575208	14820	599,99954409879933	14820	0,20737752866046019	14820	600	14820	-0,0663386830915975	14820	0
14830	-0,057870304737947596	14830	600,00221083676456	14830	-0,47438956142784094	14830	600	14830	-0,0663386830915975	14830	0
14840	-0,052255120744448762	14840	600,00239816544183	14840	1,1672368008078162	14840	600	14840	-0,0663386830915975	14840	0
14850	-0,0635458959505129	14850	600,00050620705122	14850	0,07343649846404976	14850	600	14850	-0,0663386830915975	14850	0
14860	-0,074857932649704653	14860	599,99745843651431	14860	-0,40697073548128848	14860	600	14860	-0,0663386830915975	14860	0
14870	-0,068884453743076168	14870	599,99851549067614	14870	-0,31153554795537908	14870	600	14870	-0,0663386830915975	14870	0
14880	-0,0675044386370842	14880	600,00018618723448	14880	-0,77135179931761932	14880	600	14880	-0,0663386830915975	14880	0
14890	-0,073102575815436846	14890	599,999631652754	14890	-0,15612229094560265	14890	600	14890	-0,0663386830915975	14890	0
14900	-0,0578710893304394	14900	600,000159224904	14900	0,17077488357996057	14900	600	14900	-0,0663386830915975	14900	0
14910	-0,0630538894268243	14910	600,00158795809546	14910	0,48906544299593646	14910	600	14910	-0,0663386830915975	14910	0
14920	-0,062626615790015452	14920	600,00366087109057	14920	0,44715750926129416	14920	600	14920	-0,0663386830915975	14920	0
14930	-0,057638474640868992	14930	600,00221954039364	14930	0,65739209597076509	14930	600	14930	-0,0663386830915975	14930	0
14940	-0,070306931557418115	14940	599,99916992338	14940	-1,2351629147603587	14940	600	14940	-0,0663386830915975	14940	0
14950	-0,065443846519210716	14950	599,999719618039	14950	-0,30670614575673888	14950	600	14950	-0,0663386830915975	14950	0
14960	-0,0732050325568368	14960	600,00133961215181	14960	-0,17689414140197546	14960	600	14960	-0,0663386830915975	14960	0
14970	-0,058935590418342565	14970	600,00067563651339	14970	0,81901526415187087	14970	600	14970	-0,0663386830915975	14970	0
14980	-0,063307177845846274	14980	600,00092460084636	14980	0,090226326798501788	14980	600	14980	-0,0663386830915975	14980	0
14990	-0,070206746766311681	14990	600,00053138847841	14990	0,01743976433476252	14990	600	14990	-0,0663386830915975	14990	0
15000	-0,069686787722362614	15000	599,99879782416861	15000	0,096515487533146788	15000	600	15000	-0,0663386830915975	15000	0
15010	-0,051522273733552705	15010	600,00294696720823	15010	1,1976066758461568	15010	600	15010	-0,0663386830915975	15010	0
15020	-0,064658403024931768	15020	599,99903956335368	15020	0,76064644663092151	15020	600	15020	-0,0663386830915975	15020	0
15030	-0,057308493725675105	15030	600,0037025768595	15030	0,46563039523141891	15030	600	15030	-0,0663386830915975	15030	0
15040	-0,054723377649168826	15040	600,00254749405269	15040	1,7800237118465132	15040	600	15040	-0,0663386830915975	15040	0
15050	-0,067163329242435788	15050	599,99714223010392	15050	-0,70539674812183684	15050	600	15050	-0,0663386830915975	15050	0
15060	-0,067495127599430868	15060	600,00202229482557	15060	0,16855495557635458	15060	600	15060	-0,0663386830915975	15060	0
15070	-0,061456418543804368	15070	599,99976071561969	15070	0,95520002548818228	15070	600	15070	-0,0663386830915975	15070	0
15080	-0,064037984416678281	15080	600,00064022252866	15080	0,51135398961546641	15080	600	15080	-0,0663386830915975	15080	0
15090	-0,0728958081003792	15090	600,00005570932046	15090	0,30325451243862611	15090	600	15090	-0,0663386830915975	15090	0
15100	-0,056690132897686006	15100	600,001212987025	15100	-0,41691648984957391	15100	600	15100	-0,0663386830915975	15100	0
15110	-0,064370165437658861	15110	600,00189687131763	15110	0,43453989179460556	15110	600	15110	-0,0663386830915975	15110	0
15120	-0,075102893658841749	15120	599,99936240574254	15120	0,068028719992832942	15120	600	15120	-0,0663386830915975	15120	0
15130	-0,072355691332621652	15130	599,996683832707	15130	-1,3215254420623759	15130	600	15130	-0,0663386830915975	15130	0
15140	-0,057332700734467439	15140	600,00270313433577	15140	1,4041277945173294	15140	600	15140	-0,0663386830915975	15140	0
15150	-0,060385776519043255	15150	600,00028423135916	15150	0,8467322081232207	15150	600	15150	-0,0663386830915975	15150	0
15160	-0,069182665784863082	15160	599,99903480873479	15160	-0,64611093849287271	15160	600	15160	-0,0663386830915975	15160	0
15170	-0,069183093607535925	15170	600,001201516125	15170	0,50647018533274235	15170	600	15170	-0,0663386830915975	15170	0
15180	-0,079294483090547138	15180	599,99886035130942	15180	-0,29651226603897618	15180	600	15180	-0,0663386830915975	15180	0
15190	-0,067012003216835411	15190	599,99888332897774	15190	-0,60940706810098411	15190	600	15190	-0,0663386830915975	15190	0
15200	-0,06737063317347769	15200	599,9963321555216	15200	-0,28772372694080695	15200	600	15200	-0,0663386830915975	15200	0
15210	-0,06845308356602671	15210	600,000660685684	15210	-0,89619325813592043	15210	600	15210	-0,0663386830915975	15210	0
15220	-0,067131815596883387	15220	599,99955877525156	15220	0,32234069188419678	15220	600	15220	-0,0663386830915975	15220	0
15230	-0,0674762556412735	15230	599,999192059054	15230	0,11755857198217588	15230	600	15230	-0,0663386830915975	15230	0
15240	-0,06363869893406493	15240	600,00271668763583	15240	0,6098338345515224	15240	600	15240	-0,0663386830915975	15240	0
15250	-0,0687238063317527	15250	600,00045899470683	15250	0,032789895246356171	15250	600	15250	-0,0663386830915975	15250	0
15260	-0,062031379548612708	15260	600,00129700193349	15260	-0,3738266776473369	15260	600	15260	-0,0663386830915975	15260	0
15270	-0,069180765470784236	15270	599,99653634210313	15270	-0,16729934098578855	15270	600	15270	-0,0663386830915975	15270	0
15280	-0,066473205153585069	15280	599,99880581538457	15280	-1,3501588895022749	15280	600	15280	-0,0663386830915975	15280	0
15290	-0,062553212530224223	15290	600,00079764339341	15290	0,19604199672770034	15290	600	15290	-0,0663386830915975	15290	0
15300	-0,057815008485515532	15300	600,001934963616	15300	-0,27832623982564481	15300	600	15300	-0,0663386830915975	15300	0
15310	-0,054283053343703279	15310	600,00462085419429	15310	1,1406334712752195	15310	600	15310	-0,0663386830915975	15310	0
15320	-0,0703944902529676	15320	599,9995693696917	15320	-0,40385243993157716	15320	600	15320	-0,0663386830915975	15320	0
15330	-0,069582048648920147	15330	599,99895781363068	15330	0,46799469698416868	15330	600	15330	-0,0663386830915975	15330	0
15340	-0,058182588123298587	15340	600,000855903679	15340	0,59405952759386915	15340	600	15340	-0,0663386830915975	15340	0
15350	-0,07606606286525007	15350	599,9950653369857	15350	-0,61446900966592821	15350	600	15350	-0,0663386830915975	15350	0
15360	-0,068595573250633216	15360	599,99934739466141	15360	0,43936024291048215	15360	600	15360	-0,0663386830915975	15360	0
15370	-0,065006016474369252	15370	600,00263102591	15370	0,99829383981809272	15370	600	15370	-0,0663386830915975	15370	0
15380	-0,0588245808009451	15380	600,0017449281529	15380	-0,094601135206628773	15380	600	15380	-0,0663386830915975	15380	0
15390	-0,068039444545064415	15390	600,00083525273658	15390	-0,68472060109421728	15390	600	15390	-0,0663386830915975	15390	0
15400	-0,077843394229946669	15400	599,99847585625412	15400	-0,94450967458916724	15400	600	15400	-0,0663386830915975	15400	0
15410	-0,064321867187883325	15410	600,00308932215478	15410	0,17107806900464023	15410	600	15410	-0,0663386830915975	15410	0
15420	-0,07169202640141685	15420	599,996147685211	15420	0,061913864629301034	15420	600	15420	-0,0663386830915975	15420	0
15430	-0,05860363156361479	15430	599,99931914131685	15430	-1,4939005152447629	15430	600	15430	-0,0663386830915975	15430	0
15440	-0,073738875507592366	15440	599,99807043958469	15440	0,33914454342384509	15440	600	15440	-0,0663386830915975	15440	0
15450	-0,066378994736552011	15450	599,9982655005598	15450	0,14531445567384008	15450	600	15450	-0,0663386830915975	15450	0
15460	-0,075828973018162563	15460	599,99783137968768	15460	-0,69244339215523865	15460	600	15460	-0,0663386830915975	15460	0
15470	-0,072083062578139415	15470	599,99986847458092	15470	0,90583394050224031	15470	600	15470	-0,0663386830915975	15470	0
15480	-0,067772064069340179	15480	599,99883108168376	15480	-0,9801086592486179	15480	600	15480	-0,0663386830915975	15480	0
15490	-0,067820777473511326	15490	600,00020758022788	15490	0,081622719708876079	15490	600	15490	-0,0663386830915975	15490	0
15500	-0,066057313433432963	15500	599,99960442593476	15500	-0,9727401242757383	15500	600	15500	-0,0663386830915975	15500	0
15510	-0,056537540325418988	15510	600,00075061655036	15510	-0,062015391096576805	15510	600	15510	-0,0663386830915975	15510	0
15520	-0,083119979852100789	15520	599,99545201555	15520	-0,70212380621195225	15520	600	15520	-0,0663386830915975	15520	0
15530	-0,062367767027219426	15530	600,00047770318793	15530	0,81394967789497663	15530	600	15530	-0,0663386830915975	15530	0
15540	-0,0599469668760529	15540	600,00087482116908	15540	0,44427827887737215	15540	600	15540	-0,0663386830915975	15540	0
15550	-0,0604978471173874	15550	600,00157568594057	15550	-0,49687865813004428	15550	600	15550	-0,0663386830915975	15550	0
15560	-0,0835904148094244	15560	599,998261693474	15560	-1,535804177971875	15560	600	15560	-0,0663386830915975	15560	0
15570	-0,062644323989827833	15570	600,0029170112432	15570	0,346536409518749	15570	600	15570	-0,0663386830915975	15570	0
15580	-0,069674764110799772	15580	599,999904485315	15580	-0,2372586099448934	15580	600	15580	-0,0663386830915975	15580	0
15590	-0,06205914920470898	15590	599,99820800547809	15590	0,90754182050406362	15590	600	15590	-0,0663386830915975	15590	0
15600	-0,060950867007411071	15600	599,99970353172137	15600	0,25776683391516914	15600	600	15600	-0,0663386830915975	15600	0
15610	-0,075440022149537045	15610	599,99831449619512	15610	-1,3634951609529387	15610	600	15610	-0,0663386830915975	15610	0
15620	-0,076173542254071636	15620	599,99816838661548	15620	-0,17476152694643177	15620	600	15620	-0,0663386830915975	15620	0
15630	-0,0653613005290497	15630	600,00008160474886	15630	-0,68368691908886869	15630	600	15630	-0,0663386830915975	15630	0
15640	-0,060415147472560785	15640	600,00009864786193	15640	0,051107805223583991	15640	600	15640	-0,0663386830915975	15640	0
15650	-0,061453133185190814	15650	600,00049068290718	15650	0,166090803344775	15650	600	15650	-0,0663386830915975	15650	0
15660	-0,06435928175845522	15660	600,00131500437635	15660	0,0080987876122999639	15660	600	15660	-0,0663386830915975	15660	0
15670	-0,0743030402848587	15670	599,99837424251575	15670	-0,42526523000815142	15670	600	15670	-0,0663386830915975	15670	0
15680	-0,069915079150949369	15680	600,00026511357828	15680	-0,48565055636121	15680	600	15680	-0,0663386830915975	15680	0
15690	-0,063681604324147836	15690	600,00026835667791	15690	0,17115818103091762	15690	600	15690	-0,0663386830915975	15690	0
15700	-0,061845418694557293	15700	600,00156040540514	15700	0,870834391438591	15700	600	15700	-0,0663386830915975	15700	0
15710	-0,074908917094434577	15710	599,99736805458031	15710	0,63931111580463851	15710	600	15710	-0,0663386830915975	15710	0
15720	-0,065784993419600118	15720	600,000243993683	15720	0,16875946034597655	15720	600	15720	-0,0663386830915975	15720	0
15730	-0,0605579436963304	15730	599,99922361563222	15730	-0,5729328261302038	15730	600	15730	-0,0663386830915975	15730	0
15740	-0,080955732260063334	15740	599,99856070143971	15740	0,24632828292286219	15740	600	15740	-0,0663386830915975	15740	0
15750	-0,055700564302706021	15750	600,00112641511089	15750	0,025086531513335064	15750	600	15750	-0,0663386830915975	15750	0
15760	-0,058665177519094232	15760	600,00381850764143	15760	-0,12924613673104013	15760	600	15760	-0,0663386830915975	15760	0
15770	-0,076156059239733925	15770	599,99943041044344	15770	-0,39150154883360572	15770	600	15770	-0,0663386830915975	15770	0
15780	-0,071953405386087479	15780	599,99854333614269	15780	-0,98728159658444969	15780	600	15780	-0,0663386830915975	15780	0
15790	-0,070800128229060316	15790	600,00122143456247	15790	-0,30547661114216973	15790	600	15790	-0,0663386830915975	15790	0
15800	-0,066789938442688351	15800	599,99697836739961	15800	-0,79538637994860806	15800	600	15800	-0,0663386830915975	15800	0
15810	-0,066524585275857182	15810	600,00036692566482	15810	0,38355465569376096	15810	600	15810	-0,0663386830915975	15810	0
15820	-0,078229288924305779	15820	599,99657879059475	15820	0,62447502111524655	15820	600	15820	-0,0663386830915975	15820	0
15830	-0,063994495691330255	15830	599,99937390467267	15830	0,44182660183676437	15830	600	15830	-0,0663386830915975	15830	0
15840	-0,06698918340594906	15840	599,999488651708	15840	-0,60193993249727729	15840	600	15840	-0,0663386830915975	15840	0
15850	-0,067642216313376718	15850	599,99747780727921	15850	-0,89750365438559387	15850	600	15850	-0,0663386830915975	15850	0
15860	-0,051144833135949523	15860	600,005229364923	15860	1,0049731658224645	15860	600	15860	-0,0663386830915975	15860	0
15870	-0,060735905768247465	15870	599,9989948200506	15870	0,15666538067939673	15870	600	15870	-0,0663386830915975	15870	0
15880	-0,0694873008836682	15880	600,0017801276058	15880	0,45602909274684766	15880	600	15880	-0,0663386830915975	15880	0
15890	-0,064695024927624675	15890	600,00110145547183	15890	0,080091276225257746	15890	600	15890	-0,0663386830915975	15890	0
15900	-0,064985922902952326	15900	599,99996729296856	15900	0,39690248501430131	15900	600	15900	-0,0663386830915975	15900	0
15910	-0,069438234444830091	15910	599,99958822039218	15910	-0,43222225292272753	15910	600	15910	-0,0663386830915975	15910	0
15920	-0,06306895127378305	15920	600,00147983483646	15920	0,38422055081541751	15920	600	15920	-0,0663386830915975	15920	0
15930	-0,056563905701899661	15930	600,00174134530209	15930	0,91038812100403621	15930	600	15930	-0,0663386830915975	15930	0
15940	-0,071410571520593491	15940	599,99909271328545	15940	-0,0919947284362938	15940	600	15940	-0,0663386830915975	15940	0
15950	-0,071603418287670278	15950	599,99797971204418	15950	0,0020720894870075446	15950	600	15950	-0,0663386830915975	15950	0
15960	-0,056924309725568743	15960	600,00259409160708	15960	0,37236527634670319	15960	600	15960	-0,0663386830915975	15960	0
15970	-0,067661055989120908	15970	600,0010908765845	15970	0,43219814009897162	15970	600	15970	-0,0663386830915975	15970	0
15980	-0,069770590454563075	15980	599,99947558982751	15980	-0,67119941520199755	15980	600	15980	-0,0663386830915975	15980	0
15990	-0,065771961176608357	15990	600,00101846580071	15990	0,978533606690823	15990	600	15990	-0,0663386830915975	15990	0
16000	-0,0646305649016371	16000	599,998419099097	16000	-0,43117179467959488	16000	600	16000	-0,0663386830915975	16000	0
16010	-0,058802294118512607	16010	600,00195132152066	16010	0,022682007731643347	16010	600	16010	-0,0663386830915975	16010	0
16020	-0,0670507957476404	16020	599,99795086473785	16020	-0,60185540762739509	16020	600	16020	-0,0663386830915975	16020	0
16030	-0,067859042253487531	16030	600,0009607729196	16030	0,18646307019175262	16030	600	16030	-0,0663386830915975	16030	0
16040	-0,070814099951919049	16040	599,9976689089001	16040	0,0026905762275387449	16040	600	16040	-0,0663386830915975	16040	0
16050	-0,073187284118032048	16050	599,998236825061	16050	0,077374769966076562	16050	600	16050	-0,0663386830915975	16050	0
16060	-0,064779545326730831	16060	600,00072948851141	16060	-0,044352783643351268	16060	600	16060	-0,0663386830915975	16060	0
16070	-0,064770858583241317	16070	600,001346822706	16070	-0,10064171053166153	16070	600	16070	-0,0663386830915975	16070	0
16080	-0,059459757527721424	16080	600,00169061377	16080	0,20256591471147606	16080	600	16080	-0,0663386830915975	16080	0
16090	-0,05318882084534713	16090	600,00397432343846	16090	1,1190634715070831	16090	600	16090	-0,0663386830915975	16090	0
16100	-0,07172898956158949	16100	599,99566682031536	16100	-0,33862869792566286	16100	600	16100	-0,0663386830915975	16100	0
16110	-0,05477258087522522	16110	600,00359660783931	16110	0,24604825523235957	16110	600	16110	-0,0663386830915975	16110	0
16120	-0,075078302058559587	16120	599,99543938251986	16120	-0,13818532134818451	16120	600	16120	-0,0663386830915975	16120	0
16130	-0,064252723795648517	16130	599,99904205080338	16130	0,33238169959229263	16130	600	16130	-0,0663386830915975	16130	0
16140	-0,052287775785255931	16140	600,00217862987336	16140	0,26623707105670935	16140	600	16140	-0,0663386830915975	16140	0
16150	-0,073306625116915061	16150	599,998387604802	16150	-0,12719288765455244	16150	600	16150	-0,0663386830915975	16150	0
16160	-0,070126490471848782	16160	600,00222741735774	16160	0,047217571981262266	16160	600	16160	-0,0663386830915975	16160	0
16170	-0,077758499902231742	16170	599,99569172051349	16170	-1,5764365524016859	16170	600	16170	-0,0663386830915975	16170	0
16180	-0,067934163058431141	16180	600,00120445043092	16180	0,42467913605632773	16180	600	16180	-0,0663386830915975	16180	0
16190	-0,068805822692536892	16190	599,99879472044915	16190	0,30343160799044011	16190	600	16190	-0,0663386830915975	16190	0
16200	-0,058624510465400813	16200	600,00319214382614	16200	-0,15467442885181765	16200	600	16200	-0,0663386830915975	16200	0
16210	-0,057730755305035443	16210	600,00117509961547	16210	0,61651835573751035	16210	600	16210	-0,0663386830915975	16210	0
16220	-0,065480388821523572	16220	600,00004982998212	16220	0,73001954766234212	16220	600	16220	-0,0663386830915975	16220	0
16230	-0,065471867145478729	16230	600,00114920592318	16230	-0,5418324041513467	16230	600	16230	-0,0663386830915975	16230	0
16240	-0,067240249303055985	16240	600,00054893091533	16240	0,495895164586697	16240	600	16240	-0,0663386830915975	16240	0
16250	-0,0768890357898455	16250	599,998178744146	16250	-0,4139769440853947	16250	600	16250	-0,0663386830915975	16250	0
16260	-0,06678844767303338	16260	599,99959674762488	16260	-0,32105161074557931	16260	600	16260	-0,0663386830915975	16260	0
16270	-0,061763635429367192	16270	599,999391373883	16270	0,027080458476513788	16270	600	16270	-0,0663386830915975	16270	0
16280	-0,074268689807810484	16280	599,99679347547055	16280	-1,0279288278268075	16280	600	16280	-0,0663386830915975	16280	0
16290	-0,060385480193394264	16290	600,00007026238018	16290	0,9390441800937892	16290	600	16290	-0,0663386830915975	16290	0
16300	-0,065988609677769455	16300	599,99955370903672	16300	-0,026657465568908856	16300	600	16300	-0,0663386830915975	16300	0
16310	-0,0550430072112723	16310	600,00162676393541	16310	1,2759030167235288	16310	600	16310	-0,0663386830915975	16310	0
16320	-0,0712349285168393	16320	599,99824188679554	16320	-0,2897557935672373	16320	600	16320	-0,0663386830915975	16320	0
16330	-0,07781480944900511	16330	599,9981599042934	16330	-0,65204619827193255	16330	600	16330	-0,0663386830915975	16330	0
16340	-0,065264805282557639	16340	599,99988860370308	16340	0,74566980471587274	16340	600	16340	-0,0663386830915975	16340	0
16350	-0,064381350927406267	16350	600,00126535841991	16350	-0,9846663480943838	16350	600	16350	-0,0663386830915975	16350	0
16360	-0,068224529992401473	16360	600,00338620261709	16360	0,53254838796789272	16360	600	16360	-0,0663386830915975	16360	0
16370	-0,055545616627476445	16370	600,0006529186611	16370	1,1041064936438232	16370	600	16370	-0,0663386830915975	16370	0
16380	-0,079603350823887808	16380	599,99690295097	16380	-1,1472445418660031	16380	600	16380	-0,0663386830915975	16380	0
16390	-0,068617485294148683	16390	600,0006035132476	16390	0,95341728562690253	16390	600	16390	-0,0663386830915975	16390	0
16400	-0,057466746278199123	16400	600,001466544751	16400	0,071754392382277044	16400	600	16400	-0,0663386830915975	16400	0
16410	-0,078219918318428477	16410	599,99767987950179	16410	-0,58293770199897832	16410	600	16410	-0,0663386830915975	16410	0
16420	-0,058514039996166153	16420	600,00409562316258	16420	1,5080050964340612	16420	600	16420	-0,0663386830915975	16420	0
16430	-0,0613170667648534	16430	600,0016920306897	16430	1,030128788598575	16430	600	16430	-0,0663386830915975	16430	0
16440	-0,061947645403138595	16440	600,00027345980186	16440	0,98389967950125712	16440	600	16440	-0,0663386830915975	16440	0
16450	-0,057687615240842413	16450	600,001272669301	16450	0,56617922239455887	16450	600	16450	-0,0663386830915975	16450	0
16460	-0,061177449301222563	16460	600,00229195326233	16460	0,722342958749181	16460	600	16460	-0,0663386830915975	16460	0
16470	-0,05605625457881435	16470	600,000558038306	16470	0,99690266995589227	16470	600	16470	-0,0663386830915975	16470	0
16480	-0,061216767594320619	16480	600,00091115012151	16480	-0,22237808947178506	16480	600	16480	-0,0663386830915975	16480	0
16490	-0,061887685134219717	16490	600,001257114759	16490	0,94958734290873892	16490	600	16490	-0,0663386830915975	16490	0
16500	-0,073175900998267249	16500	599,99673025004347	16500	-0,95801224517567862	16500	600	16500	-0,0663386830915975	16500	0
16510	-0,058786613040720179	16510	600,00294757622316	16510	0,4204146389697776	16510	600	16510	-0,0663386830915975	16510	0
16520	-0,061187911793742653	16520	600,00032926356869	16520	-0,28443421718408546	16520	600	16520	-0,0663386830915975	16520	0
16530	-0,077590902118163441	16530	599,997528164546	16530	-0,54314528796564221	16530	600	16530	-0,0663386830915975	16530	0
16540	-0,072207824526604153	16540	600,0002544833834	16540	-0,097201779363804877	16540	600	16540	-0,0663386830915975	16540	0
16550	-0,070736306026313936	16550	599,99600021722927	16550	-0,5096266450590814	16550	600	16550	-0,0663386830915975	16550	0
16560	-0,077650040588954111	16560	599,99665144184041	16560	-0,83692412894404322	16560	600	16560	-0,0663386830915975	16560	0
16570	-0,067207483350162037	16570	600,00027558723684	16570	0,62390664272485008	16570	600	16570	-0,0663386830915975	16570	0
16580	-0,050262064953905651	16580	600,00468899542466	16580	0,81890246038128633	16580	600	16580	-0,0663386830915975	16580	0
16590	-0,069270502668462811	16590	600,00015694469027	16590	0,15234873235433855	16590	600	16590	-0,0663386830915975	16590	0
16600	-0,063280013108891281	16600	600,00000918815522	16600	-0,58657640781540243	16600	600	16600	-0,0663386830915975	16600	0
16610	-0,067929147387460281	16610	600,00068507201354	16610	-0,59952339878656935	16610	600	16610	-0,0663386830915975	16610	0
16620	-0,072857806797064023	16620	599,99683127384139	16620	-0,87361451408605062	16620	600	16620	-0,0663386830915975	16620	0
16630	-0,071036798892321812	16630	599,99871373930523	16630	-0,68767276632751573	16630	600	16630	-0,0663386830915975	16630	0
16640	-0,06975728380208375	16640	599,99829320060189	16640	-0,62936041725973457	16640	600	16640	-0,0663386830915975	16640	0
16650	-0,0612758193098066	16650	599,999730787429	16650	-0,84425134673865265	16650	600	16650	-0,0663386830915975	16650	0
16660	-0,061925267458691036	16660	600,00326725233981	16660	0,14997251766584313	16660	600	16660	-0,0663386830915975	16660	0
16670	-0,066737855247768318	16670	600,00050057779492	16670	0,86099823580231882	16670	600	16670	-0,0663386830915975	16670	0
16680	-0,0684867211346644	16680	600,00113870512359	16680	0,13635574338392692	16680	600	16680	-0,0663386830915975	16680	0
16690	-0,057523866886744386	16690	600,00339310038078	16690	1,2483265509202086	16690	600	16690	-0,0663386830915975	16690	0
16700	-0,055613407215453194	16700	600,00128844902213	16700	0,33899300744153915	16700	600	16700	-0,0663386830915975	16700	0
16710	-0,0695848051839235	16710	600,00059893606078	16710	0,14008679508432417	16710	600	16710	-0,0663386830915975	16710	0
16720	-0,051440462130686836	16720	600,004297370255	16720	0,64739132768623087	16720	600	16720	-0,0663386830915975	16720	0
16730	-0,075517165924125412	16730	599,99584891123629	16730	-0,4870122387410698	16730	600	16730	-0,0663386830915975	16730	0
16740	-0,068709297795972027	16740	599,9989576512229	16740	0,20435476677949138	16740	600	16740	-0,0663386830915975	16740	0
16750	-0,0637071496574809	16750	599,99899993884958	16750	-0,042922234838227935	16750	600	16750	-0,0663386830915975	16750	0
16760	-0,057675947003447268	16760	600,001639440472	16760	0,634104775388155	16760	600	16760	-0,0663386830915975	16760	0
16770	-0,056805425018990524	16770	600,00310342480225	16770	1,3116104399984843	16770	600	16770	-0,0663386830915975	16770	0
16780	-0,06490755770060877	16780	600,0017304429241	16780	0,56546391143319374	16780	600	16780	-0,0663386830915975	16780	0
16790	-0,062473059564508528	16790	600,00169464784437	16790	1,2813588562939915	16790	600	16790	-0,0663386830915975	16790	0
16800	-0,07617632672729388	16800	599,99875927356163	16800	-0,58994188508448786	16800	600	16800	-0,0663386830915975	16800	0
16810	-0,057444440357606326	16810	600,00297606643	16810	-0,060216754420514607	16810	600	16810	-0,0663386830915975	16810	0
16820	-0,070084799708087411	16820	599,99910254984638	16820	-0,61266081592077748	16820	600	16820	-0,0663386830915975	16820	0
16830	-0,068325301275579189	16830	599,99754452919433	16830	-0,48546247630787842	16830	600	16830	-0,0663386830915975	16830	0
16840	-0,068670249692857163	16840	599,99920843335872	16840	0,015400644588006163	16840	600	16840	-0,0663386830915975	16840	0
16850	-0,072092055807526145	16850	599,9984536268903	16850	-0,0978020780309975	16850	600	16850	-0,0663386830915975	16850	0
16860	-0,062778999877330058	16860	600,000359907414	16860	-0,60732575233384045	16860	600	16860	-0,0663386830915975	16860	0
16870	-0,064341176334012817	16870	600,00003590796257	16870	0,901581860616865	16870	600	16870	-0,0663386830915975	16870	0
16880	-0,061250804259604552	16880	600,00059155267184	16880	0,073933593851436108	16880	600	16880	-0,0663386830915975	16880	0
16890	-0,055790592290054696	16890	600,00157691142851	16890	0,77997770187565907	16890	600	16890	-0,0663386830915975	16890	0
16900	-0,0720023560318613	16900	599,99803104099249	16900	0,016431177846455397	16900	600	16900	-0,0663386830915975	16900	0
16910	-0,080017778160181421	16910	599,99914904087859	16910	-1,2614777493464011	16910	600	16910	-0,0663386830915975	16910	0
16920	-0,07179652566887107	16920	599,99716726771635	16920	0,018948235056062024	16920	600	16920	-0,0663386830915975	16920	0
16930	-0,067515533090696744	16930	599,99828967481278	16930	-0,33648560951850071	16930	600	16930	-0,0663386830915975	16930	0
16940	-0,064970638870508787	16940	600,00218174265626	16940	1,0381068364606216	16940	600	16940	-0,0663386830915975	16940	0
16950	-0,069873516249893824	16950	599,99730206502375	16950	-0,29714985413797457	16950	600	16950	-0,0663386830915975	16950	0
16960	-0,061285399481597086	16960	600,00134255571936	16960	0,15330125789285939	16960	600	16960	-0,0663386830915975	16960	0
16970	-0,064676150367982743	16970	599,99997660320764	16970	0,33992206290070565	16970	600	16970	-0,0663386830915975	16970	0
16980	-0,071311688635526546	16980	599,99851634348215	16980	-0,58712996966892672	16980	600	16980	-0,0663386830915975	16980	0
16990	-0,079968530823725389	16990	599,9965795034235	16990	-1,2066175440806737	16990	600	16990	-0,0663386830915975	16990	0
17000	-0,066304895092153232	17000	599,99773875348421	17000	-0,79035086977923275	17000	600	17000	-0,0663386830915975	17000	0
17010	-0,063384926309647066	17010	599,99968694040308	17010	-0,45190255691678827	17010	600	17010	-0,0663386830915975	17010	0
17020	-0,056371671458434344	17020	600,00456237632648	17020	1,38188472789823	17020	600	17020	-0,0663386830915975	17020	0
17030	-0,053178426030295538	17030	600,00264604731615	17030	0,361701521223904	17030	600	17030	-0,0663386830915975	17030	0
17040	-0,062168430954951691	17040	600,00146177777935	17040	0,12776279260258633	17040	600	17040	-0,0663386830915975	17040	0
17050	-0,083329947865003237	17050	599,99632763927741	17050	-1,7269620767086433	17050	600	17050	-0,0663386830915975	17050	0
17060	-0,059116428543767315	17060	600,00130649627886	17060	-0,15399530630510086	17060	600	17060	-0,0663386830915975	17060	0
17070	-0,065357519126901575	17070	600,00069551266336	17070	0,30756051639427889	17070	600	17070	-0,0663386830915975	17070	0
17080	-0,060840613460752833	17080	599,99967364622478	17080	-0,44291110006326506	17080	600	17080	-0,0663386830915975	17080	0
17090	-0,062381230820373862	17090	600,00011063395755	17090	0,076083234390095039	17090	600	17090	-0,0663386830915975	17090	0
17100	-0,069958520722004022	17100	599,99703349122944	17100	-0,53619585755514221	17100	600	17100	-0,0663386830915975	17100	0
17110	-0,069569811989683233	17110	600,00036167952032	17110	0,021995107065434227	17110	600	17110	-0,0663386830915975	17110	0
17120	-0,077267422870405819	17120	599,99909519774053	17120	-0,069981184172007771	17120	600	17120	-0,0663386830915975	17120	0
17130	-0,053388406853942139	17130	600,00353994108116	17130	0,17583807142317931	17130	600	17130	-0,0663386830915975	17130	0
17140	-0,085129382963951547	17140	599,99837245180754	17140	-0,77458383459764779	17140	600	17140	-0,0663386830915975	17140	0
17150	-0,089298235645300358	17150	599,99564559076	17150	-1,999929449525609	17150	600	17150	-0,0663386830915975	17150	0
17160	-0,057679133626030353	17160	600,00211979998642	17160	0,16024343360745988	17160	600	17160	-0,0663386830915975	17160	0
17170	-0,057319857647515973	17170	600,001776763735	17170	0,24642872343587979	17170	600	17170	-0,0663386830915975	17170	0
17180	-0,06973021551739414	17180	600,00014645472606	17180	-0,026763727878706546	17180	600	17180	-0,0663386830915975	17180	0
17190	-0,063688240477918628	17190	600,00013098708644	17190	0,13763464348104737	17190	600	17190	-0,0663386830915975	17190	0
17200	-0,076254577179991428	17200	599,9968521881126	17200	-0,62811943335334808	17200	600	17200	-0,0663386830915975	17200	0
17210	-0,067918914118915943	17210	600,00200546557039	17210	0,0603312609127814	17210	600	17210	-0,0663386830915975	17210	0
17220	-0,070675196138000329	17220	599,9994795811665	17220	0,25421172477766296	17220	600	17220	-0,0663386830915975	17220	0
17230	-0,048892911876067535	17230	600,00427538638735	17230	0,5068236700212132	17230	600	17230	-0,0663386830915975	17230	0
17240	-0,076875836216188057	17240	600,0001914159385	17240	1,0773260639048938	17240	600	17240	-0,0663386830915975	17240	0
17250	-0,065686620781687091	17250	599,998110888155	17250	-0,035881631148154847	17250	600	17250	-0,0663386830915975	17250	0
17260	-0,059054960146000007	17260	600,00253792035573	17260	-0,11528357084403273	17260	600	17260	-0,0663386830915975	17260	0
17270	-0,056693340165609826	17270	600,00245249179841	17270	0,851735410743343	17270	600	17270	-0,0663386830915975	17270	0
17280	-0,068752342292625432	17280	599,99763112345772	17280	-0,19102390154053467	17280	600	17280	-0,0663386830915975	17280	0
17290	-0,066999105368595269	17290	599,99796524233261	17290	-0,839346802740396	17290	600	17290	-0,0663386830915975	17290	0
17300	-0,06792761506834083	17300	599,99892482797657	17300	0,81366383558133826	17300	600	17300	-0,0663386830915975	17300	0
17310	-0,057412543939646996	17310	599,99908144535834	17310	0,28073901618974573	17310	600	17310	-0,0663386830915975	17310	0
17320	-0,071939828859714727	17320	599,99886634129666	17320	-0,027920185871694647	17320	600	17320	-0,0663386830915975	17320	0
17330	-0,0638547133299869	17330	600,00049250885013	17330	-0,526560266161433	17330	600	17330	-0,0663386830915975	17330	0
17340	-0,055689225164406428	17340	600,0035189328562	17340	0,60589832872853533	17340	600	17340	-0,0663386830915975	17340	0
17350	-0,054835209138455694	17350	600,00178714956655	17350	0,58896113865292088	17350	600	17350	-0,0663386830915975	17350	0
17360	-0,070246167740562776	17360	600,00281547201689	17360	-0,59260367874373143	17360	600	17360	-0,0663386830915975	17360	0
17370	-0,062345070264744319	17370	599,99959701477144	17370	0,66762418154204883	17370	600	17370	-0,0663386830915975	17370	0
17380	-0,058653400171105742	17380	600,00095887437419	17380	0,15366305775420092	17380	600	17380	-0,0663386830915975	17380	0
17390	-0,08268185490577587	17390	599,99759110976424	17390	0,056443821812316	17390	600	17390	-0,0663386830915975	17390	0
17400	-0,06247934734476647	17400	599,999882084021	17400	-0,10346676813613631	17400	600	17400	-0,0663386830915975	17400	0
17410	-0,059669986577565823	17410	600,00190602866064	17410	0,30160216404713974	17410	600	17410	-0,0663386830915975	17410	0
17420	-0,065112105273919668	17420	600,00158449634068	17420	0,25287863501496877	17420	600	17420	-0,0663386830915975	17420	0
17430	-0,071613471410028162	17430	599,99910861314982	17430	-0,82403583934023861	17430	600	17430	-0,0663386830915975	17430	0
17440	-0,067384451229251435	17440	599,99884379666275	17440	0,26583797292749695	17440	600	17440	-0,0663386830915975	17440	0
17450	-0,062140668716378779	17450	599,99990214448144	17450	-0,55140590648937671	17450	600	17450	-0,0663386830915975	17450	0
17460	-0,064900975506099648	17460	600,00088618691768	17460	-0,53782399191538244	17460	600	17460	-0,0663386830915975	17460	0
17470	-0,071198094831804712	17470	599,999508137876	17470	-1,24100650220541	17470	600	17470	-0,0663386830915975	17470	0
17480	-0,05424217661534346	17480	600,002184412306	17480	0,87521770297935586	17480	600	17480	-0,0663386830915975	17480	0
17490	-0,073774655862362981	17490	599,99642189495819	17490	-0,013455227062730252	17490	600	17490	-0,0663386830915975	17490	0
17500	-0,068954680677523014	17500	599,99951924824825	17500	-0,062775046508974641	17500	600	17500	-0,0663386830915975	17500	0
17510	-0,066332222570329558	17510	599,9991795416081	17510	0,2051481885633063	17510	600	17510	-0,0663386830915975	17510	0
17520	-0,069188481951464278	17520	599,99899396129842	17520	-0,41936966194689196	17520	600	17520	-0,0663386830915975	17520	0
17530	-0,068556585826540867	17530	600,00202711130987	17530	0,30117484470183919	17530	600	17530	-0,0663386830915975	17530	0
17540	-0,062077213505792345	17540	600,00035889299318	17540	1,3945850101090414	17540	600	17540	-0,0663386830915975	17540	0
17550	-0,057309262404438961	17550	600,00366485920347	17550	0,59554940797109712	17550	600	17550	-0,0663386830915975	17550	0
17560	-0,055302056253754873	17560	600,00278711827923	17560	0,34638027402326743	17560	600	17560	-0,0663386830915975	17560	0
17570	-0,076350466959735588	17570	599,99790295456455	17570	-0,32177711844499035	17570	600	17570	-0,0663386830915975	17570	0
17580	-0,066778288123415533	17580	600,00048013607284	17580	0,46331463913253362	17580	600	17580	-0,0663386830915975	17580	0
17590	-0,071264163694993887	17590	599,99893453306015	17590	-0,14769114713301912	17590	600	17590	-0,0663386830915975	17590	0
17600	-0,06099572068875745	17600	600,00047062082592	17600	0,74413548688740661	17600	600	17600	-0,0663386830915975	17600	0
17610	-0,062861589035364443	17610	599,99975134777674	17610	0,84100943753944835	17610	600	17610	-0,0663386830915975	17610	0
17620	-0,061259144265459774	17620	600,00177192324622	17620	0,89036206626885828	17620	600	17620	-0,0663386830915975	17620	0
17630	-0,06735209074817583	17630	599,99917440237164	17630	-0,43280646667666595	17630	600	17630	-0,0663386830915975	17630	0
17640	-0,065493860740328411	17640	600,0034603704637	17640	0,49703775205104817	17640	600	17640	-0,0663386830915975	17640	0
17650	-0,073356118576937454	17650	599,9976930495942	17650	-0,92737005726608612	17650	600	17650	-0,0663386830915975	17650	0
17660	-0,057249560823177809	17660	600,00207432918648	17660	-0,026534271740525847	17660	600	17660	-0,0663386830915975	17660	0
17670	-0,0748834200909724	17670	599,99799115736243	17670	-0,99251002987783343	17670	600	17670	-0,0663386830915975	17670	0
17680	-0,064220669716446965	17680	600,00032103881244	17680	-0,67752495281645908	17680	600	17680	-0,0663386830915975	17680	0
17690	-0,065364455526110282	17690	599,99937718218143	17690	0,48757262386140865	17690	600	17690	-0,0663386830915975	17690	0
17700	-0,07237661124785566	17700	599,995499498449	17700	-0,89592677423139322	17700	600	17700	-0,0663386830915975	17700	0
17710	-0,059163715029107153	17710	600,00339162271109	17710	0,95969564014087538	17710	600	17710	-0,0663386830915975	17710	0
17720	-0,0768868141142168	17720	599,99779212774911	17720	-0,58884448798418676	17720	600	17720	-0,0663386830915975	17720	0
17730	-0,076879868343306665	17730	599,99815948770367	17730	-0,26699518314335163	17730	600	17730	-0,0663386830915975	17730	0
17740	-0,067279281007453159	17740	600,00010233274531	17740	-0,087834477326859312	17740	600	17740	-0,0663386830915975	17740	0
17750	-0,072217480601364153	17750	599,99812523864455	17750	-1,7220844404256037	17750	600	17750	-0,0663386830915975	17750	0
17760	-0,071152156968559629	17760	599,99993888717938	17760	-0,94665802307264491	17760	600	17760	-0,0663386830915975	17760	0
17770	-0,062074589403046845	17770	600,00212097635472	17770	1,1751172959808678	17770	600	17770	-0,0663386830915975	17770	0
17780	-0,065744502273444819	17780	599,997309108585	17780	-0,069849001757812737	17780	600	17780	-0,0663386830915975	17780	0
17790	-0,067137242030085559	17790	599,99998915793151	17790	0,53540959746851113	17790	600	17790	-0,0663386830915975	17790	0
17800	-0,072626587131061737	17800	599,9980325433695	17800	0,012545328255458246	17800	600	17800	-0,0663386830915975	17800	0
17810	-0,051101795534808661	17810	600,004249404068	17810	0,3657121799849552	17810	600	17810	-0,0663386830915975	17810	0
17820	-0,062546009595681643	17820	600,00213959000166	17820	1,4060614036610357	17820	600	17820	-0,0663386830915975	17820	0
17830	-0,062508707482887754	17830	599,999028865668	17830	-0,33745367449430597	17830	600	17830	-0,0663386830915975	17830	0
17840	-0,065832438782117614	17840	600,0002825978703	17840	-0,20366881127791403	17840	600	17840	-0,0663386830915975	17840	0
17850	-0,072590539723977651	17850	599,99791146737948	17850	-0,3397227062548317	17850	600	17850	-0,0663386830915975	17850	0
17860	-0,0620908011871447	17860	599,99983022232	17860	-0,269337831171887	17860	600	17860	-0,0663386830915975	17860	0
17870	-0,065198255558671966	17870	599,9999575287809	17870	-0,85425356192999	17870	600	17870	-0,0663386830915975	17870	0
17880	-0,064875923602104729	17880	600,000039854063	17880	0,26503030100876773	17880	600	17880	-0,0663386830915975	17880	0
17890	-0,070464155440387546	17890	599,99916406957868	17890	0,0723969943894901	17890	600	17890	-0,0663386830915975	17890	0
17900	-0,074133553455779891	17900	599,9985463293367	17900	0,19512617832390483	17900	600	17900	-0,0663386830915975	17900	0
17910	-0,06554338226398887	17910	600,00074333538441	17910	-0,0854487935743701	17910	600	17910	-0,0663386830915975	17910	0
17920	-0,058451716933012106	17920	600,00362833402312	17920	1,6071775273224485	17920	600	17920	-0,0663386830915975	17920	0
17930	-0,059366057061836314	17930	599,99979362071372	17930	-0,017576406710841624	17930	600	17930	-0,0663386830915975	17930	0
17940	-0,069860307348138639	17940	599,99873414468163	17940	0,4617508579092614	17940	600	17940	-0,0663386830915975	17940	0
17950	-0,08052490883032043	17950	599,99448005569138	17950	-1,1744431371994013	17950	600	17950	-0,0663386830915975	17950	0
17960	-0,061733988694419241	17960	600,00137751271609	17960	0,095785267459207291	17960	600	17960	-0,0663386830915975	17960	0
17970	-0,0602177848422386	17970	600,00203972218719	17970	0,49410733428403519	17970	600	17970	-0,0663386830915975	17970	0
17980	-0,0668195133815804	17980	600,001165148499	17980	-0,41838168231810757	17980	600	17980	-0,0663386830915975	17980	0
17990	-0,06121922549631037	17990	600,00195255894289	17990	0,99047471575854618	17990	600	17990	-0,0663386830915975	17990	0
18000	-0,07460979303768206	18000	599,99532340598944	18000	-1,7340601259927879	18000	600	18000	-0,0663386830915975	18000	0
18010	-0,0682816584286937	18010	600,0007651542212	18010	0,34452567514656907	18010	600	18010	-0,0663386830915975	18010	0
18020	-0,075436756080267758	18020	599,99857620155944	18020	0,095650004748158615	18020	600	18020	-0,0663386830915975	18020	0
18030	-0,061484734580665085	18030	600,001971768099	18030	0,92488999341686606	18030	600	18030	-0,0663386830915975	18030	0
18040	-0,056395553585701426	18040	600,00186131972464	18040	-0,14345062314558038	18040	600	18040	-0,0663386830915975	18040	0
18050	-0,060233880856476719	18050	600,00029708959562	18050	-0,87264110678174722	18050	600	18050	-0,0663386830915975	18050	0
18060	-0,066980455021194249	18060	600,00047590243753	18060	0,0055271206250509033	18060	600	18060	-0,0663386830915975	18060	0
18070	-0,068843294550855957	18070	599,9974873981671	18070	-1,1070202107398495	18070	600	18070	-0,0663386830915975	18070	0
18080	-0,065475151614540691	18080	599,99942356044335	18080	-0,85801122282661924	18080	600	18080	-0,0663386830915975	18080	0
18090	-0,076031558261178037	18090	599,99641412192909	18090	-0,10013918297092272	18090	600	18090	-0,0663386830915975	18090	0
18100	-0,064696952768464849	18100	599,99817362191368	18100	-0,20125430808055983	18100	600	18100	-0,0663386830915975	18100	0
18110	-0,060356841102801637	18110	600,00129894405222	18110	0,47923399099579711	18110	600	18110	-0,0663386830915975	18110	0
18120	-0,058518477473813044	18120	600,00187798048682	18120	0,82359790658134324	18120	600	18120	-0,0663386830915975	18120	0
18130	-0,063617001986214283	18130	600,00089725847192	18130	-1,0210393231712762	18130	600	18130	-0,0663386830915975	18130	0
18140	-0,067898327275297279	18140	600,00284996372488	18140	-0,28686574024618405	18140	600	18140	-0,0663386830915975	18140	0
18150	-0,078532473508406586	18150	599,99765868218378	18150	-1,9666023198316116	18150	600	18150	-0,0663386830915975	18150	0
18160	-0,0624190866920765	18160	600,00186188720932	18160	0,51214807100076887	18160	600	18160	-0,0663386830915975	18160	0
18170	-0,066869454560452679	18170	599,99719216214635	18170	-0,3453041721984379	18170	600	18170	-0,0663386830915975	18170	0
18180	-0,069890055026495743	18180	599,99654559841713	18180	-0,95050407497024469	18180	600	18180	-0,0663386830915975	18180	0
18190	-0,060969117234019987	18190	600,00324001688682	18190	1,5552675665481166	18190	600	18190	-0,0663386830915975	18190	0
18200	-0,077420158219922472	18200	599,99559629181545	18200	-1,4013548904076427	18200	600	18200	-0,0663386830915975	18200	0
18210	-0,0722284086966398	18210	599,99893149072739	18210	-0,79863512100785217	18210	600	18210	-0,0663386830915975	18210	0
18220	-0,057898936433470882	18220	600,00133133059376	18220	0,0985241936801502	18220	600	18220	-0,0663386830915975	18220	0
18230	-0,066441081982007669	18230	599,99961853078287	18230	0,02153138147694228	18230	600	18230	-0,0663386830915975	18230	0
18240	-0,061974000770690346	18240	600,00250171747393	18240	0,5319176873263266	18240	600	18240	-0,0663386830915975	18240	0
18250	-0,062506595914239918	18250	600,00100756055167	18250	-0,43410916448002	18250	600	18250	-0,0663386830915975	18250	0
18260	-0,054759505477526067	18260	600,00507229389177	18260	0,45331474462100696	18260	600	18260	-0,0663386830915975	18260	0
18270	-0,066971210441003987	18270	599,99883889424552	18270	0,26990537782001184	18270	600	18270	-0,0663386830915975	18270	0
18280	-0,074599416768302132	18280	599,99775396686414	18280	0,168476327391273	18280	600	18280	-0,0663386830915975	18280	0
18290	-0,064858930418476235	18290	600,000354135114	18290	-0,10079637357042404	18290	600	18290	-0,0663386830915975	18290	0
18300	-0,072628071211946407	18300	599,99644153055692	18300	-0,20322650816329682	18300	600	18300	-0,0663386830915975	18300	0
18310	-0,072893225706659515	18310	599,99836056321442	18310	-1,1313069543305756	18310	600	18310	-0,0663386830915975	18310	0
18320	-0,0656862873766683	18320	599,98981349277256	18320	-2,1565966384107087	18320	599,98666666666668	18320	-0,0663386830915975	18320	-4
18330	-0,048933572162923822	18330	599,91064666134537	18330	-11,100642440205125	18330	599,89333333333332	18330	-0,0663386830915975	18330	-16
18340	-0,017453965882001141	18340	599,68341034319906	18340	-28,394944742913264	18340	599,64	18340	-0,0663386830915975	18340	-36
18350	0,0360609270034367	18350	599,23176216961929	18350	-53,932453867696033	18350	599,14666666666665	18350	-0,0663386830915975	18350	-64
18360	0,10018244119537043	18360	598,46603851402074	18360	-87,805180071434663	18360	598,33333333333337	18360	-0,0663386830915975	18360	-100
18370	0,14327668919857828	18370	597,29689236160357	18370	-130,18321264056561	18370	597,12	18370	-0,0663386830915975	18370	-144
18380	0,21519553984927262	18380	595,65397034346779	18380	-181,43617088498633	18380	595,42666666666662	18380	-0,0663386830915975	18380	-196,00000000000006
18390	0,24661682897716358	18390	593,439521991022	18390	-241,16948597904229	18390	593,17333333333329	18390	-0,0663386830915975	18390	-256
18400	0,29071419808640508	18400	590,56928586355855	18400	-308,60040645869856	18400	590,28	18400	-0,0663386830915975	18400	-324
18410	0,26194211496623943	18410	586,96747293893441	18410	-382,24352525954293	18410	586,66666666666663	18410	-0,0663386830915975	18410	-400,00000000000006
18420	0,2034514943688418	18420	582,586448565961	18420	-463,94796489147473	18420	582,25333333333333	18420	-0,0663386830915975	18420	-484
18430	0,16382819344457453	18430	577,364121283487	18430	-550,89367834465486	18430	576,96	18430	-0,0663386830915975	18430	-576
18440	0,24643962492684227	18440	571,23103281651163	18440	-635,486278203809	18440	570,70666666666671	18440	-0,0663386830915975	18440	-676
18450	0,13659543522090323	18450	564,49657358512491	18450	-694,08077407036774	18450	563,4133333333333	18450	-0,0663386830915975	18450	-784,00000000000011
18460	-0,011542827683633935	18460	556,8546235621227	18460	-799,48667081362373	18460	555,01683544627781	18460	-0,0663386830915975	18460	-894,112549695428
18470	0,16092639457110755	18470	548,14642348509881	18470	-906,1325477730619	18470	545,55767243275841	18470	-0,0663386830915975	18470	-996,38671967512335
18480	0,34879621410405004	18480	538,24340190719636	18480	-1033,6804327857331	18480	535,115767719442	18480	-0,0663386830915975	18480	-1090,6608896548187
18490	0,17232498152809697	18490	527,34290139798577	18490	-1100,4767386841318	18490	523,77112130632872	18490	-0,0663386830915975	18490	-1176,9350596345137
18500	0,042274761102143274	18500	515,87006437305456	18500	-1176,8512019811988	18500	511,60373319341841	18500	-0,0663386830915975	18500	-1255,2092296142091
18510	-0,40171923900903311	18510	503,67208585707033	18510	-1242,066265807108	18510	498,69360338071118	18510	-0,0663386830915975	18510	-1325,4833995939043
18520	0,11500541371342407	18520	490,20356510200963	18520	-1394,2831306438272	18520	485,12073186820703	18520	-0,0663386830915975	18520	-1387,7575695735993
18530	-0,074266512504684509	18530	475,83338605350275	18530	-1459,2904334652	18530	470,96511865590583	18530	-0,0663386830915975	18530	-1442,0317395532945
18540	-0,16539058766044348	18540	460,82001930278943	18540	-1508,7532007547341	18540	456,30676374380778	18540	-0,0663386830915975	18540	-1488,3059095329897
18550	-0,23067082506659098	18550	445,33948858970984	18550	-1583,4922464671608	18550	441,2256671319127	18550	-0,0663386830915975	18550	-1526,580079512685
18560	-0,41251233022451622	18560	428,93222056178712	18560	-1671,1712608152641	18560	425,80182882022075	18560	-0,0663386830915975	18560	-1556,8542494923802
18570	-0,37903705867089044	18570	412,02317729679351	18570	-1686,69383162045	18570	410,11524880873179	18570	-0,0663386830915975	18570	-1579,1284194720754
18580	-0,30226395733110034	18580	395,23011993222929	18580	-1676,5760262113633	18580	394,24592709744587	18580	-0,0663386830915975	18580	-1593,4025894517706
18590	-0,512247398023131	18590	378,62305138421186	18590	-1649,2009083529897	18590	378,273863686363	18590	-0,0663386830915975	18590	-1599,6767594314658
18600	-0,74812866932490352	18600	362,18694402885131	18600	-1634,4079971994208	18600	362,27416997969522	18600	-0,0663386830915975	18600	-1600
18610	-0,48383797877207907	18610	346,04554460394354	18610	-1612,862671865307	18610	346,27416997969522	18610	-0,0663386830915975	18610	-1600
18620	-0,568835967320451	18620	330,10393661024017	18620	-1587,0438465616917	18620	330,28750331302854	18620	-0,0663386830915975	18620	-1596
18630	-0,7624872338912434	18630	314,32321328641757	18630	-1568,2662088264424	18630	314,38083664636184	18630	-0,0663386830915975	18630	-1584
18640	-0,32384117362353443	18640	298,8356485396481	18640	-1547,8715798177138	18640	298,63416997969517	18640	-0,0663386830915975	18640	-1564
18650	-0,38045523664042147	18650	283,61360432561384	18650	-1506,3499851325048	18650	283,12750331302851	18650	-0,0663386830915975	18650	-1536
18660	-0,4888232207749863	18660	268,55303350859919	18660	-1496,0268129572844	18660	267,9408366463619	18660	-0,0663386830915975	18660	-1500
18670	-0,098448972303596588	18670	253,92561274848069	18670	-1456,5022833178791	18670	253,15416997969521	18670	-0,0663386830915975	18670	-1456
18680	-0,23832670223574337	18680	239,60939794662713	18680	-1408,9101751255116	18680	238,84750331302854	18680	-0,0663386830915975	18680	-1404
18690	-0,1360448240336955	18690	225,83953354060185	18690	-1358,9974391831688	18690	225,10083664636187	18690	-0,0663386830915975	18690	-1344
18700	-0,45174664790093844	18700	212,63100093705543	18700	-1304,033434593568	18700	211,99416997969519	18700	-0,0663386830915975	18700	-1276
18710	-0,14248695023292218	18710	200,1497841942618	18710	-1219,0411027473942	18710	199,6075033130285	18710	-0,0663386830915975	18710	-1199,9999999999998
18720	-0,59751368660733073	18720	188,47820322919893	18720	-1140,4672336992967	18720	188,02083664636189	18720	-0,0663386830915975	18720	-1116
18730	-0,45367446135205647	18730	177,707216696459	18730	-1046,3150824558422	18730	177,31416997969521	18730	-0,0663386830915975	18730	-1024
18740	-0,52137375818360243	18740	167,91122689789066	18740	-948,45191758642443	18740	167,56750331302854	18740	-0,0663386830915975	18740	-924
18750	-0,23622577923631646	18750	159,15820298893706	18750	-844,87788039261329	18750	158,86083664636186	18750	-0,0663386830915975	18750	-815,99999999999989
18760	-0,33234545117711445	18760	151,48337151560986	18760	-730,245381577651	18760	151,25733453341738	18760	-0,0663386830915975	18760	-705,88745030457164
18770	-0,41603111378939173	18770	144,92220393370596	18770	-623,36970016241344	18770	144,71649754693678	18770	-0,0663386830915975	18770	-603,61328032487631
18780	-0,26519079234135184	18780	139,33675985519727	18780	-530,81935770441987	18780	139,15840226025318	18780	-0,0663386830915975	18780	-509,33911034518161
18790	-0,11190454741972114	18790	134,68286484287879	18790	-437,42419608930737	18790	134,50304867336652	18790	-0,0663386830915975	18790	-423,06494036548628
18800	-0,027226072653221665	18800	130,87069417512072	18800	-356,93880235923865	18800	130,67043678627681	18800	-0,0663386830915975	18800	-344,790770385791
18810	0,061280588572688519	18810	127,8109102612509	18810	-283,86552642343827	18810	127,58056659898402	18810	-0,0663386830915975	18810	-274,51660040609579
18820	0,14833041888754134	18820	125,40330420172326	18820	-221,3466077130515	18820	125,15343811148821	18820	-0,0663386830915975	18820	-212,24243042640057
18830	0,23671937554170891	18830	123,56754963998139	18830	-167,13449956083113	18830	123,30905132378933	18830	-0,0663386830915975	18830	-157,968260446705
18840	0,28085873372612319	18840	122,21398101896111	18840	-121,31050147571654	18840	121,96740623588742	18840	-0,0663386830915975	18840	-111,69409046700983
18850	0,29674024736233751	18850	121,26941756482115	18850	-83,481400307399369	18850	121,04850284778247	18850	-0,0663386830915975	18850	-73,419920487314656
18860	0,29005497013084447	18860	120,66096724573329	18860	-52,178846115748783	18860	120,47234115947447	18860	-0,0663386830915975	18860	-43,1457505076195
18870	0,27775422387886517	18870	120,31237782581275	18870	-26,749240825047121	18870	120,15892117096341	18870	-0,0663386830915975	18870	-20,871580527924372
18880	0,25830764395083078	18880	120,15273760963468	18880	-11,943919324493621	18880	120,02824288224932	18880	-0,0663386830915975	18880	-6,5974105482293677
18890	0,24952107318330444	18890	120,10546885183526	18890	-2,5233193719101195	18890	120,00030629333216	18890	-0,0663386830915975	18890	-0,32324056853417465
18900	0,25483145600876128	18900	120,09388166311683	18900	-0,893512917403583	18900	120	18900	-0,0663386830915975	18900	0
18910	0,23725378372761397	18910	120,08923458651788	18910	-0,53572222907757139	18910	120	18910	-0,0663386830915975	18910	0
18920	0,2348615850311587	18920	120,07902512980381	18920	-1,4778947381094332	18920	120	18920	-0,0663386830915975	18920	0
18930	0,19504158109662859	18930	120,06219267832995	18930	-1,3190499299090166	18930	120	18930	-0,0663386830915975	18930	0
18940	0,15447588813911456	18940	120,03989369849361	18940	-1,5675768569435498	18940	120	18940	-0,0663386830915975	18940	0
18950	0,10115330684117833	18950	120,0188759843152	18950	-1,0361780062046848	18950	120	18950	-0,0663386830915975	18950	0
18960	0,07051660083986673	18960	120,00499564061774	18960	-0,18343935894184971	18960	120	18960	-0,0663386830915975	18960	0
18970	0,016578517001888966	18970	119,98653154105466	18970	-0,082396261250736791	18970	120	18970	-0,0663386830915975	18970	0
18980	-0,0197214209927871	18980	119,97940326805299	18980	0,46797556749996277	18980	120	18980	-0,0663386830915975	18980	0
18990	-0,04490640345174117	18990	119,97540220790441	18990	-0,22516264048139156	18990	120	18990	-0,0663386830915975	18990	0
19000	-0,045938923316303823	19000	119,97921406194875	19000	0,66035046251663887	19000	120	19000	-0,0663386830915975	19000	0
19010	-0,040446068121939606	19010	119,98644776111712	19010	0,54472727037061053	19010	120	19010	-0,0663386830915975	19010	0
19020	-0,053116110048092122	19020	119,99397545658191	19020	0,2210527614849247	19020	120	19020	-0,0663386830915975	19020	0
19030	-0,032740255656807979	19030	120,00328213011736	19030	0,53361962604780511	19030	120	19030	-0,0663386830915975	19030	0
19040	-0,053949059482482284	19040	120,00509682901918	19040	0,22842656773809908	19040	120	19040	-0,0663386830915975	19040	0
19050	-0,046997825991225949	19050	120,00526040635006	19050	-0,49022121738487323	19050	120	19050	-0,0663386830915975	19050	0
19060	-0,047158526821630978	19060	120,00771763221832	19060	0,23624958147178843	19060	120	19060	-0,0663386830915975	19060	0
19070	-0,042809430076398217	19070	120,008308270955	19070	0,060226118133144255	19070	120	19070	-0,0663386830915975	19070	0
19080	-0,064711827796071819	19080	120,00163489050051	19080	-1,2800830526132956	19080	120	19080	-0,0663386830915975	19080	0
19090	-0,051568316104280996	19090	120,00201743499611	19090	0,14088803554532725	19090	120	19090	-0,0663386830915975	19090	0
19100	-0,0667731443164805	19100	119,99560881070265	19100	-0,88567171401570155	19100	120	19100	-0,0663386830915975	19100	0
19110	-0,054416238780917427	19110	120,00052848926782	19110	0,20162697268873903	19110	120	19110	-0,0663386830915975	19110	0
19120	-0,0755236135568276	19120	119,99590431296258	19120	-0,202430771424911	19120	120	19120	-0,0663386830915975	19120	0
19130	-0,072897747459016074	19130	119,995197499964	19130	-1,1739947921937795	19130	120	19130	-0,0663386830915975	19130	0
19140	-0,059442331004771094	19140	119,99830953043154	19140	-0,68086214312981386	19140	120	19140	-0,0663386830915975	19140	0
19150	-0,055974948755476921	19150	120,00100475817844	19150	0,43686507181979534	19150	120	19150	-0,0663386830915975	19150	0
19160	-0,056950417621989345	19160	120,00074813506276	19160	0,19167554078924148	19160	120	19160	-0,0663386830915975	19160	0
19170	-0,054245310774165924	19170	120,00146463107481	19170	0,43359130591127382	19170	120	19170	-0,0663386830915975	19170	0
19180	-0,064202538387367877	19180	119,99974211843677	19180	-0,35773369265253119	19180	120	19180	-0,0663386830915975	19180	0
19190	-0,065508028203255311	19190	119,99972688430773	19190	-0,14259260699340748	19190	120	19190	-0,0663386830915975	19190	0
19200	-0,0638683611576201	19200	120,00052507941737	19200	0,42055824296460792	19200	120	19200	-0,0663386830915975	19200	0
19210	-0,059992082007145453	19210	119,99923860607581	19210	-0,55751360260628768	19210	120	19210	-0,0663386830915975	19210	0
19220	-0,059700367303104677	19220	120,00165054103317	19220	0,58177372809043271	19220	120	19220	-0,0663386830915975	19220	0
19230	-0,054295937747957088	19230	120,00068575489021	19230	0,41572660573683634	19230	120	19230	-0,0663386830915975	19230	0
19240	-0,068071979962022813	19240	119,99778156256754	19240	0,098170096109119087	19240	120	19240	-0,0663386830915975	19240	0
19250	-0,068199200395866549	19250	120,00058832082299	19250	0,18527634431873852	19250	120	19250	-0,0663386830915975	19250	0
19260	-0,064829952987994363	19260	120,00134058096488	19260	-0,50402499210957019	19260	120	19260	-0,0663386830915975	19260	0
19270	-0,071829046373969141	19270	119,99857429379829	19270	-0,11483032706709556	19270	120	19270	-0,0663386830915975	19270	0
19280	-0,064751276224587345	19280	119,99908093587497	19280	-0,53213303236651288	19280	120	19280	-0,0663386830915975	19280	0
19290	-0,062210267646436092	19290	120,00223435443412	19290	0,78884434943907822	19290	120	19290	-0,0663386830915975	19290	0
19300	-0,064358605399704658	19300	120,0012705460434	19300	-0,12098177750330991	19300	120	19300	-0,0663386830915975	19300	0
19310	-0,066043148968615156	19310	120,00008868152037	19310	0,19555294921423119	19310	120	19310	-0,0663386830915975	19310	0
19320	-0,074824104660753857	19320	119,99854225345978	19320	-0,098977873972079133	19320	120	19320	-0,0663386830915975	19320	0
19330	-0,074304607760412811	19330	119,99703139410779	19330	-0,5548718933941249	19330	120	19330	-0,0663386830915975	19330	0
19340	-0,075892426466070237	19340	120,0000914588509	19340	-0,2658004880002634	19340	120	19340	-0,0663386830915975	19340	0
19350	-0,074588772519496638	19350	119,99511829451545	19350	-0,9080747864830927	19350	120	19350	-0,0663386830915975	19350	0
19360	-0,054713026896948055	19360	120,00274001369726	19360	0,22523516119001374	19360	120	19360	-0,0663386830915975	19360	0
19370	-0,059638014810440183	19370	120,00066478372668	19370	0,24940683601738811	19370	120	19370	-0,0663386830915975	19370	0
19380	-0,066638738836800937	19380	120,00171700518253	19380	-0,44963627320436939	19380	120	19380	-0,0663386830915975	19380	0
19390	-0,059250302981532575	19390	120,00215400694677	19390	0,60627745311819414	19390	120	19390	-0,0663386830915975	19390	0
19400	-0,054527070920098668	19400	120,00141240609932	19400	0,8094240084885278	19400	120	19400	-0,0663386830915975	19400	0
19410	-0,07289276244516775	19410	119,99854499031378	19410	-0,94559880577816591	19410	120	19410	-0,0663386830915975	19410	0
19420	-0,077359639520971371	19420	119,99745724843938	19420	0,020432688844040384	19420	120	19420	-0,0663386830915975	19420	0
19430	-0,067565322819996984	19430	119,9975513539158	19430	-0,849758202159673	19430	120	19430	-0,0663386830915975	19430	0
19440	-0,060408122130564755	19440	120,00202819783091	19440	0,11709791777325873	19440	120	19440	-0,0663386830915975	19440	0
19450	-0,062764067752500527	19450	119,9977926533779	19450	-0,45045876261585166	19450	120	19450	-0,0663386830915975	19450	0
19460	-0,0717389728928532	19460	120,00035957728004	19460	0,29074598625676562	19460	120	19460	-0,0663386830915975	19460	0
19470	-0,072496552332754774	19470	119,99945887304713	19470	0,13607459749553508	19470	120	19470	-0,0663386830915975	19470	0
19480	-0,06623906624468566	19480	120,00187384388104	19480	0,23110826118003452	19480	120	19480	-0,0663386830915975	19480	0
19490	-0,055315768839277489	19490	120,00289444118882	19490	0,085261909680140024	19490	120	19490	-0,0663386830915975	19490	0
19500	-0,06671985081451294	19500	120,00121412825136	19500	-0,50071722421472131	19500	120	19500	-0,0663386830915975	19500	0
19510	-0,061479637357627993	19510	119,99950847512838	19510	-0,54691483723023415	19510	120	19510	-0,0663386830915975	19510	0
19520	-0,059054949839145617	19520	120,00207105267624	19520	0,47728322624589314	19520	120	19520	-0,0663386830915975	19520	0
19530	-0,067761953084407647	19530	119,99872162602905	19530	0,661451335503097	19530	120	19530	-0,0663386830915975	19530	0
19540	-0,068728560838071176	19540	119,99938654830346	19540	0,22927985803550682	19540	120	19540	-0,0663386830915975	19540	0
19550	-0,063169684488795411	19550	119,99895450396949	19550	-0,013477897712894191	19550	120	19550	-0,0663386830915975	19550	0
19560	-0,070964551659405128	19560	119,99806426489721	19560	-1,2569324198532679	19560	120	19560	-0,0663386830915975	19560	0
19570	-0,0762435438728682	19570	120,00011869988148	19570	0,64279723418328383	19570	120	19570	-0,0663386830915975	19570	0
19580	-0,06160473954410943	19580	119,99963750613014	19580	0,26120336672734124	19580	120	19580	-0,0663386830915975	19580	0
19590	-0,070321584943953908	19590	120,0016043685699	19590	1,4282324588228024	19590	120	19590	-0,0663386830915975	19590	0
19600	-0,054008138620357631	19600	120,00195776439821	19600	0,6059936925393048	19600	120	19600	-0,0663386830915975	19600	0
19610	-0,064221398504712077	19610	120,00231107488662	19610	-0,0092005964830930709	19610	120	19610	-0,0663386830915975	19610	0
19620	-0,069711007100340186	19620	120,00066062776506	19620	0,83091554016321467	19620	120	19620	-0,0663386830915975	19620	0
19630	-0,068201400693929312	19630	119,99930557609645	19630	-0,11270427873719095	19630	120	19630	-0,0663386830915975	19630	0
19640	-0,060739954146803839	19640	120,00012436390648	19640	0,83796199458137333	19640	120	19640	-0,0663386830915975	19640	0
19650	-0,060123957644928887	19650	119,998263645785	19650	0,13192508118334678	19650	120	19650	-0,0663386830915975	19650	0
19660	-0,07114443085374586	19660	119,99932431010862	19660	0,016233306663910152	19660	120	19660	-0,0663386830915975	19660	0
19670	-0,05667983687180049	19670	120,00147630599706	19670	1,2698012407375796	19670	120	19670	-0,0663386830915975	19670	0
19680	-0,063542698722836119	19680	119,99947834642279	19680	-0,74745359005749368	19680	120	19680	-0,0663386830915975	19680	0
19690	-0,066560174629933369	19690	120,00064812637019	19690	-0,52573472466996074	19690	120	19690	-0,0663386830915975	19690	0
19700	-0,074048481800241844	19700	119,99780004335237	19700	0,439193196192978	19700	120	19700	-0,0663386830915975	19700	0
19710	-0,07040239227798506	19710	120,00001820789171	19710	-0,27359320850846108	19710	120	19710	-0,0663386830915975	19710	0
19720	-0,062725146243291369	19720	120,00133073142078	19720	-0,12479485916773878	19720	120	19720	-0,0663386830915975	19720	0
19730	-0,067761973054669924	19730	119,99867309457497	19730	0,47638093711100987	19730	120	19730	-0,0663386830915975	19730	0
19740	-0,05545826726576393	19740	120,00258001391144	19740	1,1638659529013227	19740	120	19740	-0,0663386830915975	19740	0
19750	-0,068209930051040382	19750	119,99897888601571	19750	-0,73054308049768746	19750	120	19750	-0,0663386830915975	19750	0
19760	-0,061092649117899731	19760	120,00165895843833	19760	-0,030642311217666363	19760	120	19760	-0,0663386830915975	19760	0
19770	-0,073852820100500455	19770	120,0004036592325	19770	0,7583818231948648	19770	120	19770	-0,0663386830915975	19770	0
19780	-0,06292621713750976	19780	119,99828650793785	19780	-0,67503426824585955	19780	120	19780	-0,0663386830915975	19780	0
19790	-0,062487612253844291	19790	120,00136485941393	19790	1,0568064414009188	19790	120	19790	-0,0663386830915975	19790	0
19800	-0,0655007398303339	19800	119,99964409069037	19800	0,75550942079353545	19800	120	19800	-0,0663386830915975	19800	0
19810	-0,070709147878498316	19810	119,99944726334792	19810	-0,43940772603019984	19810	120	19810	-0,0663386830915975	19810	0
19820	-0,06700992165942446	19820	119,99810141726273	19820	-1,2819333449840553	19820	120	19820	-0,0663386830915975	19820	0
19830	-0,081586112623274268	19830	119,99811119577977	19830	-0,76368935403969851	19830	120	19830	-0,0663386830915975	19830	0
19840	-0,050120416785715376	19840	120,0030584359553	19840	0,093899445340194759	19840	120	19840	-0,0663386830915975	19840	0
19850	-0,061237813826037074	19850	120,00062737093566	19850	0,66722130936183133	19850	120	19850	-0,0663386830915975	19850	0
19860	-0,057893146048939852	19860	120,00301387856258	19860	0,04369567862289149	19860	120	19860	-0,0663386830915975	19860	0
19870	-0,074610053686992361	19870	119,99604056537142	19870	-0,44032403552229554	19870	120	19870	-0,0663386830915975	19870	0
19880	-0,076062461408576434	19880	119,9977266271611	19880	-0,53542602071103007	19880	120	19880	-0,0663386830915975	19880	0
19890	-0,059148924335999477	19890	120,00258709998137	19890	0,81203677976597144	19890	120	19890	-0,0663386830915975	19890	0
19900	-0,076383814347097748	19900	119,99600709877075	19900	-1,061005456422796	19900	120	19900	-0,0663386830915975	19900	0
19910	-0,078473354921243688	19910	119,99947952488861	19910	-0,041499016306359604	19910	120	19910	-0,0663386830915975	19910	0
19920	-0,054389131368089733	19920	120,00283844392743	19920	1,7523259747832789	19920	120	19920	-0,0663386830915975	19920	0
19930	-0,044123646331674947	19930	120,0082426289006	19930	1,5351198238870205	19930	120	19930	-0,0663386830915975	19930	0
19940	-0,070094401942118426	19940	119,99916663394583	19940	0,86380657035008435	19940	120	19940	-0,0663386830915975	19940	0
19950	-0,0541343758899459	19950	120,0021093912209	19950	0,78279826036657385	19950	120	19950	-0,0663386830915975	19950	0
19960	-0,0759216105565319	19960	119,99888768114084	19960	0,011349158520808145	19960	120	19960	-0,0663386830915975	19960	0
19970	-0,066112866130807676	19970	120,0009249769715	19970	-0,00094157786483312078	19970	120	19970	-0,0663386830915975	19970	0
19980	-0,065295813063134589	19980	119,99803916420778	19980	-0,51329634857026174	19980	120	19980	-0,0663386830915975	19980	0
19990	-0,074529512835993017	19990	119,9986297804237	19990	-0,60999508158798776	19990	120	19990	-0,0663386830915975	19990	0
20000	-0,067777989231871	20000	119,99827637598504	20000	0,11459662174302454	20000	120	20000	-0,0663386830915975	20000	0
20010	-0,050384177096230741	20010	120,0038644328139	20010	1,3737156740384569	20010	120	20010	-0,0663386830915975	20010	0
20020	-0,082266851049876757	20020	119,99832104922169	20020	-0,63923889021846048	20020	120	20020	-0,0663386830915975	20020	0
20030	-0,064130583147061493	20030	120,00051918858317	20030	0,16003381309669207	20030	120	20030	-0,0663386830915975	20030	0
20040	-0,0783553463449662	20040	120,00020358375086	20040	-0,66697272847111444	20040	120	20040	-0,0663386830915975	20040	0
20050	-0,06816148051554298	20050	119,99958798334136	20050	-0,62462588095896532	20050	120	20050	-0,0663386830915975	20050	0
20060	-0,072727754623053	20060	120,00014599798814	20060	-0,3022668575084258	20060	120	20060	-0,0663386830915975	20060	0
20070	-0,048669018538473559	20070	120,00478001711349	20070	-0,084957569250804832	20070	120	20070	-0,0663386830915975	20070	0
20080	-0,077258294570867664	20080	119,99583409934512	20080	-0,16295027672988505	20080	120	20080	-0,0663386830915975	20080	0
20090	-0,062560673138735257	20090	120,00051307352968	20090	0,37172766809401403	20090	120	20090	-0,0663386830915975	20090	0
20100	-0,067706619809189281	20100	119,99946384233856	20100	0,683009514893218	20100	120	20100	-0,0663386830915975	20100	0
20110	-0,060761261812520832	20110	120,00196206879987	20110	-0,19867342913003572	20110	120	20110	-0,0663386830915975	20110	0
20120	-0,065837571020178079	20120	120,00187572789297	20120	0,70296877574921068	20120	120	20120	-0,0663386830915975	20120	0
20130	-0,066227995498151962	20130	119,99862073994056	20130	-0,55340675302989051	20130	120	20130	-0,0663386830915975	20130	0
20140	-0,069310707413481	20140	119,99846486836451	20140	-0,11731418274460118	20140	120	20140	-0,0663386830915975	20140	0
20150	-0,065465209816614717	20150	120,0015557472757	20150	0,81204825766050237	20150	120	20150	-0,0663386830915975	20150	0
20160	-0,066963571754087348	20160	119,99983704553368	20160	-0,46389844577385048	20160	120	20160	-0,0663386830915975	20160	0
20170	-0,06159459298844816	20170	120,00184794738232	20170	0,63044791080404239	20170	120	20170	-0,0663386830915975	20170	0
20180	-0,064254739555282436	20180	120,00100318857153	20180	-0,535818462649412	20180	120	20180	-0,0663386830915975	20180	0
20190	-0,059537322002277113	20190	120,00186311249533	20190	0,98615146106697649	20190	120	20190	-0,0663386830915975	20190	0
20200	-0,057044310882201937	20200	120,00175191231168	20200	1,3194141674832602	20200	120	20200	-0,0663386830915975	20200	0
20210	-0,062057750346155321	20210	120,00004660525485	20210	-0,047557919187941083	20210	120	20210	-0,0663386830915975	20210	0
20220	-0,070813263682226638	20220	120,00063863828366	20220	0,88295862170281	20220	120	20220	-0,0663386830915975	20220	0
20230	-0,063759234587051572	20230	120,00010587885257	20230	0,37873567912529393	20230	120	20230	-0,0663386830915975	20230	0
20240	-0,062258496853551275	20240	120,00089474654325	20240	0,10942731027799729	20240	120	20240	-0,0663386830915975	20240	0
20250	-0,057862988767316118	20250	120,00099571336165	20250	0,52143706239720089	20250	120	20250	-0,0663386830915975	20250	0
20260	-0,0689564685469843	20260	119,99965022705946	20260	-0,4746831432951405	20260	120	20260	-0,0663386830915975	20260	0
20270	-0,070987274202116923	20270	119,99984503482911	20270	1,0222988924683378	20270	120	20270	-0,0663386830915975	20270	0
20280	-0,057556320510692781	20280	120,00051564013008	20280	0,31078490796593072	20280	120	20280	-0,0663386830915975	20280	0
20290	-0,058946622210304972	20290	120,00172426306247	20290	0,055030791025539053	20290	120	20290	-0,0663386830915975	20290	0
20300	-0,070210504947686728	20300	119,99982623974069	20300	0,0382742762435333	20300	120	20300	-0,0663386830915975	20300	0
20310	-0,0615485404672834	20310	120,00171470688957	20310	0,05709678046946795	20310	120	20310	-0,0663386830915975	20310	0
20320	-0,076615490215631132	20320	119,99722048768703	20320	-0,76173539450751271	20320	120	20320	-0,0663386830915975	20320	0
20330	-0,0628136534898328	20330	120,00077446811265	20330	0,66715348742850222	20330	120	20330	-0,0663386830915975	20330	0
20340	-0,073730363127226958	20340	119,99764629495775	20340	-0,48526707697925031	20340	120	20340	-0,0663386830915975	20340	0
20350	-0,058655314669408869	20350	120,00145407031558	20350	1,4459757370323865	20350	120	20350	-0,0663386830915975	20350	0
20360	-0,061535373628761783	20360	120,0013027681985	20360	0,71297954397894481	20360	120	20360	-0,0663386830915975	20360	0
20370	-0,0629116814385004	20370	120,00172841060825	20370	0,6338218348304594	20370	120	20370	-0,0663386830915975	20370	0
20380	-0,066301299905712346	20380	120,00071537628769	20380	0,67334760413424777	20380	120	20380	-0,0663386830915975	20380	0
20390	-0,058567289946793472	20390	120,00389435424341	20390	1,1981291326883043	20390	120	20390	-0,0663386830915975	20390	0
20400	-0,054629034318977553	20400	120,00287415231173	20400	1,142041742280947	20400	120	20400	-0,0663386830915975	20400	0
20410	-0,07007023027838355	20410	119,99748683825304	20410	-0,83862024083284648	20410	120	20410	-0,0663386830915975	20410	0
20420	-0,071713480306562286	20420	119,99740659152522	20420	0,49228088511993029	20420	120	20420	-0,0663386830915975	20420	0
20430	-0,071509468868799664	20430	119,99996122304259	20430	-1,5442815451834955	20430	120	20430	-0,0663386830915975	20430	0
20440	-0,066524272399688916	20440	120,00115209774383	20440	0,5805946776423202	20440	120	20440	-0,0663386830915975	20440	0
20450	-0,074287969138295482	20450	120,00058877420159	20450	0,29480953407846161	20450	120	20450	-0,0663386830915975	20450	0
20460	-0,075618004654361734	20460	119,99929479074473	20460	-0,44614413580366757	20460	120	20460	-0,0663386830915975	20460	0
20470	-0,066331638645188484	20470	120,00070083707621	20470	0,39409182306754231	20470	120	20470	-0,0663386830915975	20470	0
20480	-0,065062722276665916	20480	120,00010180565506	20480	-0,25785064601234164	20480	120	20480	-0,0663386830915975	20480	0
20490	-0,054249545605710638	20490	120,00211706765319	20490	0,22943018016600492	20490	120	20490	-0,0663386830915975	20490	0
20500	-0,057634300131278716	20500	120,00132763641899	20500	1,2640768236102713	20500	120	20500	-0,0663386830915975	20500	0
20510	-0,071607846781309964	20510	119,99529416265037	20510	-0,21475904902721554	20510	120	20510	-0,0663386830915975	20510	0
20520	-0,077217732079561355	20520	120,00055195526494	20520	1,165117426293059	20520	120	20520	-0,0663386830915975	20520	0
20530	-0,056404446983850512	20530	120,00184002560907	20530	0,69331717092787681	20530	120	20530	-0,0663386830915975	20530	0
20540	-0,070926605868738488	20540	119,99793929977174	20540	-0,42858152425150986	20540	120	20540	-0,0663386830915975	20540	0
20550	-0,055328850403318176	20550	120,00111673555554	20550	0,33440367146875649	20550	120	20550	-0,0663386830915975	20550	0
20560	-0,06661543253721737	20560	119,99999525465944	20560	-0,64359091732558726	20560	120	20560	-0,0663386830915975	20560	0
20570	-0,069091289899717925	20570	120,00222298516709	20570	-0,0053296295500184776	20570	120	20570	-0,0663386830915975	20570	0
20580	-0,0693322287718046	20580	119,9981869875454	20580	-0,088416157240248983	20580	120	20580	-0,0663386830915975	20580	0
20590	-0,068716780917502038	20590	119,99918999156256	20590	0,41885629809474578	20590	120	20590	-0,0663386830915975	20590	0
20600	-0,058810839152212857	20600	120,0022822915618	20600	1,5659204982643984	20600	120	20600	-0,0663386830915975	20600	0
20610	-0,0634643024053268	20610	120,00076808279495	20610	0,09346585830075127	20610	120	20610	-0,0663386830915975	20610	0
20620	-0,05968077978782247	20620	120,00011156887749	20620	0,67180145116634993	20620	120	20620	-0,0663386830915975	20620	0
20630	-0,064286671943075371	20630	120,0008032106803	20630	0,45235618441392084	20630	120	20630	-0,0663386830915975	20630	0
20640	-0,074061328956870648	20640	119,99921133282352	20640	0,54805092507051911	20640	120	20640	-0,0663386830915975	20640	0
20650	-0,064904096101117012	20650	120,0008889862284	20650	0,2800347258971132	20650	120	20650	-0,0663386830915975	20650	0
20660	-0,060231014037922068	20660	120,0017651273874	20660	0,00882141873894976	20660	120	20660	-0,0663386830915975	20660	0
20670	-0,066318888232174883	20670	120,00049140623918	20670	0,62995174946878785	20670	120	20670	-0,0663386830915975	20670	0
20680	-0,074379898728436034	20680	119,9995425038726	20680	-0,22164115792141326	20680	120	20680	-0,0663386830915975	20680	0
20690	-0,062088916632406385	20690	120,00336079633293	20690	-0,4849391457305906	20690	120	20690	-0,0663386830915975	20690	0
20700	-0,060905202041817041	20700	120,00098578895991	20700	0,36749033777173179	20700	120	20700	-0,0663386830915975	20700	0
20710	-0,075607074071100566	20710	119,99743964644378	20710	-1,3834634405192792	20710	120	20710	-0,0663386830915975	20710	0
20720	-0,070990428614002246	20720	119,9985627754252	20720	-0,29303163616756167	20720	120	20720	-0,0663386830915975	20720	0
20730	-0,066909380154994508	20730	119,99834823115177	20730	-0,36547193737648631	20730	120	20730	-0,0663386830915975	20730	0
20740	-0,071352008918160889	20740	119,99813451036474	20740	0,1396486769121	20740	120	20740	-0,0663386830915975	20740	0
20750	-0,063051140101217	20750	120,00097366020148	20750	-0,86506428834234816	20750	120	20750	-0,0663386830915975	20750	0
20760	-0,088440937687539717	20760	119,99602741929361	20760	-1,1978710104380197	20760	120	20760	-0,0663386830915975	20760	0
20770	-0,045540514593590965	20770	120,00257972690245	20770	1,1481872137275087	20770	120	20770	-0,0663386830915975	20770	0
20780	-0,061335516204400253	20780	120,00112853271322	20780	0,34394272331534914	20780	120	20780	-0,0663386830915975	20780	0
20790	-0,073871592469940253	20790	119,99819945332699	20790	-0,50205060353327646	20790	120	20790	-0,0663386830915975	20790	0
20800	-0,068893578356250762	20800	119,99834024113324	20800	-0,841112170126798	20800	120	20800	-0,0663386830915975	20800	0
20810	-0,071902897381344075	20810	119,99869601748976	20810	-0,58836880258164237	20810	120	20810	-0,0663386830915975	20810	0
20820	-0,063497273660180487	20820	120,00104739543757	20820	0,33580815529332697	20820	120	20820	-0,0663386830915975	20820	0
20830	-0,05426801181893004	20830	120,0027480996321	20830	0,37420783557206755	20830	120	20830	-0,0663386830915975	20830	0
20840	-0,06232618919746219	20840	120,00064692630393	20840	-0,28202844408088895	20840	120	20840	-0,0663386830915975	20840	0
20850	-0,067163336432775944	20850	120,00007487981547	20850	0,56526617867979334	20850	120	20850	-0,0663386830915975	20850	0
20860	-0,05651682987713412	20860	120,00058310524575	20860	-0,1583670477798404	20860	120	20860	-0,0663386830915975	20860	0
20870	-0,052372467178628777	20870	120,00453928892598	20870	1,7094522922026854	20870	120	20870	-0,0663386830915975	20870	0
20880	-0,07522029216177506	20880	119,99824106354767	20880	-0,25765991222515749	20880	120	20880	-0,0663386830915975	20880	0
20890	-0,06439785215959401	20890	120,00307530396628	20890	0,44828800834500138	20890	120	20890	-0,0663386830915975	20890	0
20900	-0,057329980516353921	20900	120,00312957848422	20900	0,18399963945275633	20900	120	20900	-0,0663386830915975	20900	0
20910	-0,076504281183341336	20910	119,99893017095853	20910	-0,652614427026012	20910	120	20910	-0,0663386830915975	20910	0
20920	-0,079000081508202966	20920	119,99785210358913	20920	-0,51859939241980313	20920	120	20920	-0,0663386830915975	20920	0
20930	-0,059578746185340023	20930	119,99874147302576	20930	-0,028620312512463893	20930	120	20930	-0,0663386830915975	20930	0
20940	-0,0703766032784304	20940	120,00118592455233	20940	0,65611710663487255	20940	120	20940	-0,0663386830915975	20940	0
20950	-0,06170939136172339	20950	119,99999147793328	20950	0,65231076346804806	20950	120	20950	-0,0663386830915975	20950	0
20960	-0,07338726496680259	20960	119,99800445772638	20960	-0,43900988936115259	20960	120	20960	-0,0663386830915975	20960	0
20970	-0,065586578111848523	20970	120,0028592882871	20970	0,33123682300543322	20970	120	20970	-0,0663386830915975	20970	0
20980	-0,0606227447811694	20980	120,00060590325074	20980	0,5454874347790718	20980	120	20980	-0,0663386830915975	20980	0
20990	-0,057050244556363719	20990	120,00111799262523	20990	0,20671304986603745	20990	120	20990	-0,0663386830915975	20990	0
21000	-0,068687963148029788	21000	119,9973261137613	21000	-1,189130350460051	21000	120	21000	-0,0663386830915975	21000	0
21010	-0,058696048574337918	21010	120,00266914719153	21010	0,070966009142353514	21010	120	21010	-0,0663386830915975	21010	0
21020	-0,069776870104785588	21020	119,99973892150524	21020	-0,56993420774912718	21020	120	21020	-0,0663386830915975	21020	0
21030	-0,068458590257383392	21030	119,99873613546862	21030	0,07865955767565519	21030	120	21030	-0,0663386830915975	21030	0
21040	-0,058898146362478157	21040	120,00077065164703	21040	0,85973410499385483	21040	120	21040	-0,0663386830915975	21040	0
21050	-0,065209037260797839	21050	119,99832293655302	21050	0,06051927655991271	21050	120	21050	-0,0663386830915975	21050	0
21060	-0,081768836825056534	21060	120,00020875133802	21060	-1,2451408471739698	21060	120	21060	-0,0663386830915975	21060	0
21070	-0,055072678553988508	21070	120,00233375299717	21070	1,6646661472734217	21070	120	21070	-0,0663386830915975	21070	0
21080	-0,05548770666484739	21080	120,00004699912741	21080	0,44682902934243435	21080	120	21080	-0,0663386830915975	21080	0
21090	-0,071758945678362759	21090	119,99770623479446	21090	-0,39031635073391924	21090	120	21090	-0,0663386830915975	21090	0
21100	-0,06947899594382953	21100	120,00018766154439	21100	-0,39799430212637488	21100	120	21100	-0,0663386830915975	21100	0
21110	-0,059269987027857539	21110	120,00123387966822	21110	-0,16279599889386875	21110	120	21110	-0,0663386830915975	21110	0
21120	-0,059628719084525	21120	120,00289960845294	21120	0,99719505086176741	21120	120	21120	-0,0663386830915975	21120	0
21130	-0,074346189249826139	21130	119,99655658739367	21130	-0,68674944703976615	21130	120	21130	-0,0663386830915975	21130	0
21140	-0,070390411991753624	21140	120,00126106327075	21140	-0,015472720272009244	21140	120	21140	-0,0663386830915975	21140	0
21150	-0,065032024290074888	21150	120,00071721609969	21150	0,032826225220802308	21150	120	21150	-0,0663386830915975	21150	0
21160	-0,06796397338386985	21160	119,9991676797559	21160	-0,17098184740656447	21160	120	21160	-0,0663386830915975	21160	0
21170	-0,074492098924165487	21170	119,9999974507945	21170	-0,20343246067885362	21170	120	21170	-0,0663386830915975	21170	0
21180	-0,075372429877497954	21180	119,99770220393107	21180	-0,6494687943514158	21180	120	21180	-0,0663386830915975	21180	0
21190	-0,0546146522072217	21190	120,00410661289043	21190	1,1426551540202636	21190	120	21190	-0,0663386830915975	21190	0
21200	-0,070040476892256051	21200	120,0002562660729	21200	0,14154694316257588	21200	120	21200	-0,0663386830915975	21200	0
21210	-0,066818765641739331	21210	119,9995846060216	21210	-0,93264071423017858	21210	120	21210	-0,0663386830915975	21210	0
21220	-0,078200817991501331	21220	119,99649922471157	21220	-1,1135753080175475	21220	120	21220	-0,0663386830915975	21220	0
21230	-0,057464379252848578	21230	120,00279783002152	21230	0,51489566595650127	21230	120	21230	-0,0663386830915975	21230	0
21240	-0,068203323446300437	21240	119,99978568852974	21240	0,030748691965016395	21240	120	21240	-0,0663386830915975	21240	0
21250	-0,069347350282998779	21250	119,99812591532843	21250	-0,460876570913139	21250	120	21250	-0,0663386830915975	21250	0
21260	-0,075527180979175365	21260	119,99862948649128	21260	-0,075371960659614656	21260	120	21260	-0,0663386830915975	21260	0
21270	-0,06770906991215514	21270	119,99780320188721	21270	0,41209068296411722	21270	120	21270	-0,0663386830915975	21270	0
21280	-0,054416068008226272	21280	120,0006047662914	21280	0,24161020137828171	21280	120	21280	-0,0663386830915975	21280	0
21290	-0,0757889209500853	21290	120,00266822137346	21290	-0,083417990776508341	21290	120	21290	-0,0663386830915975	21290	0
21300	-0,0671459635712887	21300	119,99867479971243	21300	-1,1692226639292633	21300	120	21300	-0,0663386830915975	21300	0
21310	-0,073190146062232134	21310	120,00250216166313	21310	-0,073516729652897989	21310	120	21310	-0,0663386830915975	21310	0
21320	-0,053530037882159792	21320	120,00147344154378	21320	0,069514994207606817	21320	120	21320	-0,0663386830915975	21320	0
21330	-0,083460668995251938	21330	119,99458376356934	21330	-1,4371307471336698	21330	120	21330	-0,0663386830915975	21330	0
21340	-0,078292280635425024	21340	119,99695412580319	21340	-0,26351947401302522	21340	120	21340	-0,0663386830915975	21340	0
21350	-0,068748753723740286	21350	119,99628896979327	21350	-0,10720078176524889	21350	120	21350	-0,0663386830915975	21350	0
21360	-0,053914336680924949	21360	120,00181364583872	21360	0,94811920591127818	21360	120	21360	-0,0663386830915975	21360	0
21370	-0,072971189052558449	21370	120,00094430450517	21370	0,21880770376032616	21370	120	21370	-0,0663386830915975	21370	0
21380	-0,067248492424507658	21380	120,0007843705919	21380	-0,15360007697590966	21380	120	21380	-0,0663386830915975	21380	0
21390	-0,074945429000849828	21390	120,00007702736028	21390	0,1111638524381011	21390	120	21390	-0,0663386830915975	21390	0
21400	-0,069089333788076884	21400	120,00158160616313	21400	0,71243209640865979	21400	120	21400	-0,0663386830915975	21400	0
21410	-0,05849668959379304	21410	120,0010641700201	21410	-0,25240237372578234	21410	120	21410	-0,0663386830915975	21410	0
21420	-0,057946176559843528	21420	120,00366662749698	21420	0,19469612972021821	21420	120	21420	-0,0663386830915975	21420	0
21430	-0,071356670131541927	21430	119,99822676254826	21430	0,058463646392835522	21430	120	21430	-0,0663386830915975	21430	0
21440	-0,073652671263065919	21440	119,99812555142734	21440	-0,27363073150068418	21440	120	21440	-0,0663386830915975	21440	0
21450	-0,075768565967105281	21450	119,9964454976021	21450	-0,81430177026689832	21450	120	21450	-0,0663386830915975	21450	0
21460	-0,071830651705672752	21460	119,99788147929723	21460	0,30875711027684405	21460	120	21460	-0,0663386830915975	21460	0
21470	-0,062561725992147946	21470	120,00068166754507	21470	0,093995024941388533	21470	120	21470	-0,0663386830915975	21470	0
21480	-0,068992149586110843	21480	119,99667026894143	21480	-0,56135521836077151	21480	120	21480	-0,0663386830915975	21480	0
21490	-0,073002766967629473	21490	120,00064528644892	21490	-0,030652553374191233	21490	120	21490	-0,0663386830915975	21490	0
21500	-0,051622888034298417	21500	120,00298534883378	21500	0,31804003421819815	21500	120	21500	-0,0663386830915975	21500	0
21510	-0,079128357528830975	21510	119,99754136720689	21510	-0,78345184098610654	21510	120	21510	-0,0663386830915975	21510	0
21520	-0,0772519431579397	21520	119,99794380674051	21520	-0,14309909517878811	21520	120	21520	-0,0663386830915975	21520	0
21530	-0,06155203586830927	21530	120,0015930694137	21530	-0,021141802957587164	21530	120	21530	-0,0663386830915975	21530	0
21540	-0,064554621763653675	21540	120,00190539579101	21540	-0,13421036206041551	21540	120	21540	-0,0663386830915975	21540	0
21550	-0,052146167439128768	21550	120,00349303528901	21550	0,6352674051260947	21550	120	21550	-0,0663386830915975	21550	0
21560	-0,077524997956842076	21560	119,99711197398102	21560	-0,90843962896921138	21560	120	21560	-0,0663386830915975	21560	0
21570	-0,0632957105641088	21570	119,9994688062052	21570	0,22048458056274445	21570	120	21570	-0,0663386830915975	21570	0
21580	-0,0783960848669724	21580	119,9944866488278	21580	-0,53884191743714394	21580	120	21580	-0,0663386830915975	21580	0
21590	-0,075012509180746992	21590	119,99873216920521	21590	0,83613701477759794	21590	120	21590	-0,0663386830915975	21590	0
21600	-0,059365028617831772	21600	120,00039938300837	21600	0,009006685602046316	21600	120	21600	-0,0663386830915975	21600	0
21610	-0,077089872954627353	21610	119,99805389577364	21610	-1,4012265371004034	21610	120	21610	-0,0663386830915975	21610	0
21620	-0,058906500538131221	21620	120,00456726783027	21620	2,4909708715371113	21620	120	21620	-0,0663386830915975	21620	0
21630	-0,058653622849953693	21630	120,0001593440165	21630	0,1423353550626	21630	120	21630	-0,0663386830915975	21630	0
21640	-0,051770382163418789	21640	120,00445009002803	21640	0,1129902256544314	21640	120	21640	-0,0663386830915975	21640	0
21650	-0,06069061581946273	21650	120,00194073903982	21650	0,078180147603887667	21650	120	21650	-0,0663386830915975	21650	0
21660	-0,067302374562895811	21660	119,99846040070554	21660	-0,84253503115817252	21660	120	21660	-0,0663386830915975	21660	0
21670	-0,064010625146755956	21670	120,0028613204347	21670	1,3330922300644494	21670	120	21670	-0,0663386830915975	21670	0
21680	-0,056880762779515377	21680	120,001574256797	21680	-0,30658228550515731	21680	120	21680	-0,0663386830915975	21680	0
21690	-0,067525735417037588	21690	119,99937645070038	21690	-0,031817806860066085	21690	120	21690	-0,0663386830915975	21690	0
21700	-0,0648246969771145	21700	119,99838215957951	21700	0,306825584591992	21700	120	21700	-0,0663386830915975	21700	0
21710	-0,06425975498897897	21710	120,00103449560851	21710	-0,15062439137999018	21710	120	21710	-0,0663386830915975	21710	0
21720	-0,063444007607023983	21720	120,00079458546483	21720	1,1731109703523606	21720	120	21720	-0,0663386830915975	21720	0
21730	-0,071486897398903321	21730	119,99732017955584	21730	-0,044409110620958758	21730	120	21730	-0,0663386830915975	21730	0
21740	-0,063676269233844035	21740	120,00247958474782	21740	0,51246153498074931	21740	120	21740	-0,0663386830915975	21740	0
21750	-0,0617595318947752	21750	120,00346856188115	21750	0,29492592892472913	21750	120	21750	-0,0663386830915975	21750	0
21760	-0,073583619130780278	21760	119,99774513540652	21760	-0,5342350561553536	21760	120	21760	-0,0663386830915975	21760	0
21770	-0,069870450187155125	21770	120,00061367357326	21770	0,19182674214950582	21770	120	21770	-0,0663386830915975	21770	0
21780	-0,05825469743086914	21780	120,00148068358155	21780	0,19117042732762052	21780	120	21780	-0,0663386830915975	21780	0
21790	-0,054603015889925728	21790	120,00527128360196	21790	0,75766304174639143	21790	120	21790	-0,0663386830915975	21790	0
21800	-0,07208842906637522	21800	119,99881709816155	21800	-0,13752518899672206	21800	120	21800	-0,0663386830915975	21800	0
21810	-0,060650244402343956	21810	120,00135911518373	21810	0,028489299761218584	21810	120	21810	-0,0663386830915975	21810	0
21820	-0,071681540025783724	21820	119,99677633704052	21820	-0,82972574926497922	21820	120	21820	-0,0663386830915975	21820	0
21830	-0,0722460395252078	21830	119,99691793433053	21830	-0,98302597619772847	21830	120	21830	-0,0663386830915975	21830	0
21840	-0,073266090593141819	21840	119,99766045558222	21840	-0,28657185815989938	21840	120	21840	-0,0663386830915975	21840	0
21850	-0,067719599405698869	21850	119,99936902176032	21850	0,5845666263347663	21850	120	21850	-0,0663386830915975	21850	0
21860	-0,068436707638499752	21860	119,99663369110724	21860	-0,45126962618330269	21860	120	21860	-0,0663386830915975	21860	0
21870	-0,056097552977721669	21870	120,00236950947152	21870	0,32545434684317776	21870	120	21870	-0,0663386830915975	21870	0
21880	-0,073363142879661031	21880	119,99845253724273	21880	-0,37787793788349427	21880	120	21880	-0,0663386830915975	21880	0
21890	-0,059245037352829572	21890	120,0045244963069	21890	-0,43163425051949605	21890	120	21890	-0,0663386830915975	21890	0
21900	-0,061294367492573693	21900	120,00122268398803	21900	0,0097276554753752756	21900	120	21900	-0,0663386830915975	21900	0
21910	-0,066914276961121122	21910	120,00018719238109	21910	0,50234194170337787	21910	120	21910	-0,0663386830915975	21910	0
21920	-0,076276351490374678	21920	119,99890389192335	21920	-0,284734327708542	21920	120	21920	-0,0663386830915975	21920	0
21930	-0,047435463109985539	21930	120,00270784597926	21930	0,25815421764290414	21930	120	21930	-0,0663386830915975	21930	0
21940	-0,07194439747081835	21940	119,99942976851789	21940	0,41000926250543446	21940	120	21940	-0,0663386830915975	21940	0
21950	-0,068594858617482171	21950	119,99837866450521	21950	0,42900367028429731	21950	120	21950	-0,0663386830915975	21950	0
21960	-0,07813137711611319	21960	119,99707255617408	21960	-1,2422641163516663	21960	120	21960	-0,0663386830915975	21960	0
21970	-0,060082287708456028	21970	120,00154748830335	21970	1,1003783217412533	21970	120	21970	-0,0663386830915975	21970	0
21980	-0,063219359835694058	21980	119,99874759756477	21980	0,11772541829126126	21980	120	21980	-0,0663386830915975	21980	0
21990	-0,06776804224165	21990	119,99848241256953	21990	-0,70473586838176516	21990	120	21990	-0,0663386830915975	21990	0
22000	-0,0756384039019204	22000	119,99940673446939	22000	0,12853783622163251	22000	120	22000	-0,0663386830915975	22000	0
22010	-0,066344913571881881	22010	119,99916178589409	22010	0,24761453048672744	22010	120	22010	-0,0663386830915975	22010	0
22020	-0,070641302462765287	22020	120,00092361783058	22020	-0,301521454604741	22020	120	22020	-0,0663386830915975	22020	0
22030	-0,057001226738485129	22030	120,00190952790547	22030	0,029484877243421234	22030	120	22030	-0,0663386830915975	22030	0
22040	-0,0674860203967574	22040	120,00246640743247	22040	0,20214676966434325	22040	120	22040	-0,0663386830915975	22040	0
22050	-0,058188879415301438	22050	119,99998678017167	22050	-0,00891634005141273	22050	120	22050	-0,0663386830915975	22050	0
22060	-0,068767718490554311	22060	120,00019760847353	22060	0,031154556904143593	22060	120	22060	-0,0663386830915975	22060	0
22070	-0,068976526897670726	22070	120,00026367597188	22070	0,16881273604810418	22070	120	22070	-0,0663386830915975	22070	0
22080	-0,064463349781993931	22080	119,99902922448911	22080	-0,164359750067035	22080	120	22080	-0,0663386830915975	22080	0
22090	-0,059590633740736282	22090	120,00052360187814	22090	0,25555208228029314	22090	120	22090	-0,0663386830915975	22090	0
22100	-0,081412516264768781	22100	119,99555737260229	22100	-0,497887366415123	22100	120	22100	-0,0663386830915975	22100	0
22110	-0,063471831453475291	22110	120,00028849293716	22110	0,52002007450657806	22110	120	22110	-0,0663386830915975	22110	0
22120	-0,0675497424729483	22120	119,99960899103259	22120	-0,71967339973800959	22120	120	22120	-0,0663386830915975	22120	0
22130	-0,077222971727110068	22130	119,99705577068022	22130	-0,45483375362410472	22130	120	22130	-0,0663386830915975	22130	0
22140	-0,062104590645966004	22140	120,00023459163728	22140	-0,61708892286307759	22140	120	22140	-0,0663386830915975	22140	0
22150	-0,070852980157028331	22150	120,00148383332106	22150	0,28381577140159914	22150	120	22150	-0,0663386830915975	22150	0
22160	-0,050877019159028709	22160	120,00504200960977	22160	0,50225517142474208	22160	120	22160	-0,0663386830915975	22160	0
22170	-0,0665749728286013	22170	120,00178267460859	22170	0,79592246527985466	22170	120	22170	-0,0663386830915975	22170	0
22180	-0,076305611228938489	22180	119,99709842931605	22180	-0,58911891330908039	22180	120	22180	-0,0663386830915975	22180	0
22190	-0,066583795119463565	22190	119,99855594062611	22190	-0,2623299334997623	22190	120	22190	-0,0663386830915975	22190	0
22200	-0,066616186296252392	22200	119,99859811466952	22200	0,082821793758747209	22200	120	22200	-0,0663386830915975	22200	0
22210	-0,07445464010964864	22210	119,99999351075104	22210	-0,24509688839303312	22210	120	22210	-0,0663386830915975	22210	0
22220	-0,06308420238117482	22220	120,00070180046807	22220	0,13005727045496274	22220	120	22220	-0,0663386830915975	22220	0
22230	-0,070580793423510618	22230	119,99692199671334	22230	-0,72146299875295528	22230	120	22230	-0,0663386830915975	22230	0
22240	-0,074915557646467443	22240	120,0004259792711	22240	-0,35258785770013751	22240	120	22240	-0,0663386830915975	22240	0
22250	-0,063311373313160391	22250	120,000430141345	22250	-0,3603676831070925	22250	120	22250	-0,0663386830915975	22250	0
22260	-0,086673711756995842	22260	119,99664197243064	22260	-0,70999712827303518	22260	120	22260	-0,0663386830915975	22260	0
22270	-0,065463958682912771	22270	120,00060114233737	22270	0,91273158971663648	22270	120	22270	-0,0663386830915975	22270	0
22280	-0,081449124515768828	22280	119,9955454419965	22280	-1,2521649308054705	22280	120	22280	-0,0663386830915975	22280	0
22290	-0,055312484686944378	22290	120,00335416241231	22290	0,15091708637646761	22290	120	22290	-0,0663386830915975	22290	0
22300	-0,060048774704758279	22300	120,00298527032471	22300	-0,012862914540736722	22300	120	22300	-0,0663386830915975	22300	0
22310	-0,068150423281078509	22310	120,00065615864827	22310	0,15774611247586173	22310	120	22310	-0,0663386830915975	22310	0
22320	-0,071340955928704514	22320	119,99966151837401	22320	-0,264393954065828	22320	120	22320	-0,0663386830915975	22320	0
22330	-0,071027500483887271	22330	119,99821199486367	22330	0,20078898809554546	22330	120	22330	-0,0663386830915975	22330	0
22340	-0,077230731150824281	22340	119,99814201342841	22340	-0,23872534488693437	22340	120	22340	-0,0663386830915975	22340	0
22350	-0,058556722776732004	22350	120,00177618775361	22350	0,48872054592997016	22350	120	22350	-0,0663386830915975	22350	0
22360	-0,0533031432923079	22360	120,00289509406429	22360	0,29939316993053411	22360	120	22360	-0,0663386830915975	22360	0
22370	-0,067419061803709351	22370	120,00099568736334	22370	0,52401630695222334	22370	120	22370	-0,0663386830915975	22370	0
22380	-0,073826786271458236	22380	119,99842509198629	22380	-0,18147858599568578	22380	120	22380	-0,0663386830915975	22380	0
22390	-0,0653774966222193	22390	120,00143159339181	22390	-0,10549001652092319	22390	120	22390	-0,0663386830915975	22390	0
22400	-0,062981387373530456	22400	120,00170355346143	22400	-0,074185905146324949	22400	120	22400	-0,0663386830915975	22400	0
22410	-0,076265780136131722	22410	119,99813764154702	22410	-0,33074137645755153	22410	120	22410	-0,0663386830915975	22410	0
22420	-0,0745093113831368	22420	119,99842528583967	22420	-0,16092209971290886	22420	120	22420	-0,0663386830915975	22420	0
22430	-0,0673498002914698	22430	119,99935481827522	22430	-0,33765744139847431	22430	120	22430	-0,0663386830915975	22430	0
22440	-0,066168912528313015	22440	120,00085357530395	22440	-0,12099940658304412	22440	120	22440	-0,0663386830915975	22440	0
22450	-0,059107048594782219	22450	120,00190707487377	22450	0,26697624406048681	22450	120	22450	-0,0663386830915975	22450	0
22460	-0,0669550369201669	22460	119,99857687026777	22460	-0,67645335791466854	22460	120	22460	-0,0663386830915975	22460	0
22470	-0,059301681157438758	22470	120,00292078237054	22470	0,56563254659213191	22470	120	22470	-0,0663386830915975	22470	0
22480	-0,07292416392660897	22480	120,00031212968504	22480	0,3696128150368504	22480	120	22480	-0,0663386830915975	22480	0
22490	-0,078499681058004561	22490	119,99633983031241	22490	-1,6518847709402031	22490	120	22490	-0,0663386830915975	22490	0
22500	-0,060729342126137967	22500	120,00006212220312	22500	0,74704337320018888	22500	120	22500	-0,0663386830915975	22500	0
22510	-0,0676976986563909	22510	120,00001847805179	22510	-0,44283547585104155	22510	120	22510	-0,0663386830915975	22510	0
22520	-0,070564446998997554	22520	120,00014682480078	22520	0,74213565471961052	22520	120	22520	-0,0663386830915975	22520	0
22530	-0,064047447516395975	22530	119,99717554923316	22530	-0,78408429931788493	22530	120	22530	-0,0663386830915975	22530	0
22540	-0,062162015093470024	22540	120,00204974396711	22540	0,30318267332732984	22540	120	22540	-0,0663386830915975	22540	0
22550	-0,066561095325062949	22550	120,00014421106128	22550	0,58486802828365891	22550	120	22550	-0,0663386830915975	22550	0
22560	-0,058055345346345315	22560	120,00154324933685	22560	0,20576264604221328	22560	120	22560	-0,0663386830915975	22560	0
22570	-0,055533745119037796	22570	120,00325260111171	22570	0,073720192794979378	22570	120	22570	-0,0663386830915975	22570	0
22580	-0,061775468198846571	22580	119,9984984194377	22580	0,70152431358317568	22580	120	22580	-0,0663386830915975	22580	0
22590	-0,067096115281696664	22590	120,00051492641066	22590	-0,77758807158176446	22590	120	22590	-0,0663386830915975	22590	0
22600	-0,074199628880382659	22600	119,99913760163283	22600	-0,68038209567575114	22600	120	22600	-0,0663386830915975	22600	0
22610	-0,050830514502608448	22610	120,00305389993477	22610	1,2299758367767422	22610	120	22610	-0,0663386830915975	22610	0
22620	-0,0729136048369978	22620	119,99937825212187	22620	0,61590131776470458	22620	120	22620	-0,0663386830915975	22620	0
22630	-0,076662516145073828	22630	119,99592820717207	22630	-1,3295372528384712	22630	120	22630	-0,0663386830915975	22630	0
22640	-0,0677644350238492	22640	120,00064184562864	22640	-0,37522213075204625	22640	120	22640	-0,0663386830915975	22640	0
22650	-0,064946084520710226	22650	119,997812932885	22650	0,058185193515959854	22650	120	22650	-0,0663386830915975	22650	0
22660	-0,056175054605710553	22660	120,0009454221332	22660	-0,41904357071101694	22660	120	22660	-0,0663386830915975	22660	0
22670	-0,076685448509255363	22670	120,00147079662931	22670	0,65875188500708137	22670	120	22670	-0,0663386830915975	22670	0
22680	-0,06579267276017807	22680	119,99914189412174	22680	0,33040040510501556	22680	120	22680	-0,0663386830915975	22680	0
22690	-0,0738108969029219	22690	119,99817655991447	22690	-0,65825172908270724	22690	120	22690	-0,0663386830915975	22690	0
22700	-0,053050262294953493	22700	120,0047435961871	22700	0,94216257687162319	22700	120	22700	-0,0663386830915975	22700	0
22710	-0,0654081621108454	22710	120,0009071804099	22710	-0,30462194930519748	22710	120	22710	-0,0663386830915975	22710	0
22720	-0,066183835843736077	22720	120,00243918773872	22720	0,076869468051296283	22720	120	22720	-0,0663386830915975	22720	0
22730	-0,071707254862240929	22730	119,99779851197332	22730	-0,88968057942100243	22730	120	22730	-0,0663386830915975	22730	0
22740	-0,070985724037668979	22740	119,99902699680605	22740	0,14613340091714944	22740	120	22740	-0,0663386830915975	22740	0
22750	-0,0598263706054945	22750	120,00030545469464	22750	0,78578816008173913	22750	120	22750	-0,0663386830915975	22750	0
22760	-0,072988559132474332	22760	119,99669574940789	22760	-0,23044233165054398	22760	120	22760	-0,0663386830915975	22760	0
22770	-0,064765453592271011	22770	120,00110980876764	22770	-0,02367885064670594	22770	120	22770	-0,0663386830915975	22770	0
22780	-0,084383109844156687	22780	119,9964688800325	22780	-0,95793300036346452	22780	120	22780	-0,0663386830915975	22780	0
22790	-0,0722334832131808	22790	119,9983025181127	22790	-1,396673519180019	22790	120	22790	-0,0663386830915975	22790	0
22800	-0,068086604683710888	22800	119,99992531259619	22800	0,27610238920111924	22800	120	22800	-0,0663386830915975	22800	0
22810	-0,065589738949467818	22810	120,000154370516	22810	-0,11010248819035551	22810	120	22810	-0,0663386830915975	22810	0
22820	-0,059983535730088515	22820	120,0014543203075	22820	0,39747335012016582	22820	120	22820	-0,0663386830915975	22820	0
22830	-0,072604254036862353	22830	119,99828828164031	22830	-0,10762882111995531	22830	120	22830	-0,0663386830915975	22830	0
22840	-0,053224685675657683	22840	120,00137753448851	22840	0,94138612296766122	22840	120	22840	-0,0663386830915975	22840	0
22850	-0,075948195177735	22850	119,99768191934027	22850	0,35035320853069424	22850	120	22850	-0,0663386830915975	22850	0
22860	-0,065466248277648631	22860	120,00109376651363	22860	0,767510967509479	22860	120	22860	-0,0663386830915975	22860	0
22870	-0,060912454840596458	22870	120,00090427155608	22870	0,63637436209951348	22870	120	22870	-0,0663386830915975	22870	0
22880	-0,062549870765856108	22880	119,99893931214938	22880	-0,85842740493316838	22880	120	22880	-0,0663386830915975	22880	0
22890	-0,0715516372742017	22890	119,99923982060349	22890	-0,57123811506956024	22890	120	22890	-0,0663386830915975	22890	0
22900	-0,067107579497770714	22900	119,99991921586523	22900	-0,71487847379720137	22900	120	22900	-0,0663386830915975	22900	0
22910	-0,07047351292102931	22910	119,99819423148418	22910	-0,32614203064377778	22910	120	22910	-0,0663386830915975	22910	0
22920	-0,06660743292711846	22920	120,0008286058109	22920	0,80418380181777049	22920	120	22920	-0,0663386830915975	22920	0
22930	-0,066602022418676216	22930	120,00082261564334	22930	-0,92040927455661292	22930	120	22930	-0,0663386830915975	22930	0
22940	-0,0680738791428649	22940	119,99903028150693	22940	-0,5629029780432524	22940	120	22940	-0,0663386830915975	22940	0
22950	-0,067823925738977636	22950	119,99819913207918	22950	-0,17882161720696688	22950	120	22950	-0,0663386830915975	22950	0
22960	-0,067133092233962119	22960	120,00059460849036	22960	0,56840475890476472	22960	120	22960	-0,0663386830915975	22960	0
22970	-0,0653330128000457	22970	120,00259455510714	22970	0,83195287501490867	22970	120	22970	-0,0663386830915975	22970	0
22980	-0,062260292570531971	22980	119,9970200821012	22980	-0,48056691044735184	22980	120	22980	-0,0663386830915975	22980	0
22990	-0,065900556867204141	22990	119,9996014910511	22990	0,08844960324323034	22990	120	22990	-0,0663386830915975	22990	0
23000	-0,069663650902971191	23000	119,9988944687526	23000	-0,47265652869141861	23000	120	23000	-0,0663386830915975	23000	0
23010	-0,069829359221879689	23010	119,99852200088195	23010	0,20939238137891147	23010	120	23010	-0,0663386830915975	23010	0
23020	-0,075557209656549	23020	119,996283980856	23020	-0,69695201130882711	23020	120	23020	-0,0663386830915975	23020	0
23030	-0,070929108555866718	23030	119,99897922503976	23030	-0,64802834750046945	23030	120	23030	-0,0663386830915975	23030	0
23040	-0,067369025239799346	23040	120,00076862222426	23040	-0,59031793773240437	23040	120	23040	-0,0663386830915975	23040	0
23050	-0,059805224245164573	23050	120,0030906629253	23050	1,169220946477143	23050	120	23050	-0,0663386830915975	23050	0
23060	-0,076605284589732411	23060	119,99661249425915	23060	-1,574648776922196	23060	120	23060	-0,0663386830915975	23060	0
23070	-0,068253731659521116	23070	120,00046361784717	23070	0,318215531199825	23070	120	23070	-0,0663386830915975	23070	0
23080	-0,062984240476714637	23080	120,00016455718219	23080	-1,201590252081844	23080	120	23080	-0,0663386830915975	23080	0
23090	-0,072584328043766688	23090	119,99972164896812	23090	-0,19234635729723859	23090	120	23090	-0,0663386830915975	23090	0
23100	-0,057203892442519118	23100	120,00095980979421	23100	0,64803585008069042	23100	120	23100	-0,0663386830915975	23100	0
23110	-0,079628682116165569	23110	119,99528724467257	23110	-0,95985761966372851	23110	120	23110	-0,0663386830915975	23110	0
23120	-0,0550961671845355	23120	120,00122536016009	23120	1,0030646668454095	23120	120	23120	-0,0663386830915975	23120	0
23130	-0,058029901017363328	23130	119,99902772973219	23130	-0,38400127923174027	23130	120	23130	-0,0663386830915975	23130	0
23140	-0,081395729750819573	23140	119,99683783127456	23140	-0,52194549863740392	23140	120	23140	-0,0663386830915975	23140	0
23150	-0,077906912625305524	23150	119,99556874518973	23150	-0,804583978655144	23150	120	23150	-0,0663386830915975	23150	0
23160	-0,069432267877652415	23160	119,99934276582678	23160	-0,33105333837782569	23160	120	23160	-0,0663386830915975	23160	0
23170	-0,062757383123732385	23170	120,00202234129601	23170	1,0164164586049669	23170	120	23170	-0,0663386830915975	23170	0
23180	-0,0629078415179659	23180	120,00121242160246	23180	0,38604545603757695	23180	120	23180	-0,0663386830915975	23180	0
23190	-0,066327535318486577	23190	120,00263562470262	23190	-0,870259865473128	23190	120	23190	-0,0663386830915975	23190	0
23200	-0,066910600102166762	23200	120,00215871022985	23200	1,3150670575979306	23200	120	23200	-0,0663386830915975	23200	0
23210	-0,059908970875720127	23210	120,0017803011897	23210	1,5681755132918951	23210	120	23210	-0,0663386830915975	23210	0
23220	-0,065295167168757551	23220	120,00038343946835	23220	-0,47152009961142871	23220	120	23220	-0,0663386830915975	23220	0
23230	-0,068126932762488893	23230	119,99928662556407	23230	-0,61733940766928241	23230	120	23230	-0,0663386830915975	23230	0
23240	-0,066776914494851514	23240	120,00015473393329	23240	0,36159657085605651	23240	120	23240	-0,0663386830915975	23240	0
23250	-0,058406229063746429	23250	119,9997510135417	23250	0,65690670493443948	23250	120	23250	-0,0663386830915975	23250	0
23260	-0,074121883260022489	23260	119,9962305878457	23260	-1,1459955893650555	23260	120	23260	-0,0663386830915975	23260	0
23270	-0,060756308988801438	23270	120,00135006302315	23270	1,0262053462843861	23270	120	23270	-0,0663386830915975	23270	0
23280	-0,069795219862605729	23280	120,00026990600443	23280	-0,10529221131735381	23280	120	23280	-0,0663386830915975	23280	0
23290	-0,0659353622005138	23290	120,00124825071472	23290	0,18293413258582786	23290	120	23290	-0,0663386830915975	23290	0
23300	-0,065175293997769	23300	120,00198701698001	23300	1,2672748410313217	23300	120	23300	-0,0663386830915975	23300	0
23310	-0,079751280508897585	23310	119,99644721370163	23310	-1,0348146904153339	23310	120	23310	-0,0663386830915975	23310	0
23320	-0,061581434988525474	23320	120,00203738693288	23320	0,68265387915904174	23320	120	23320	-0,0663386830915975	23320	0
23330	-0,06309027991919805	23330	119,99976447693281	23330	-0,70417437502952418	23330	120	23330	-0,0663386830915975	23330	0
23340	-0,069085182990507463	23340	120,0002981504082	23340	-0,21144073249161444	23340	120	23340	-0,0663386830915975	23340	0
23350	-0,070206877385865563	23350	119,99971411842317	23350	0,20139213074048767	23350	120	23350	-0,0663386830915975	23350	0
23360	-0,059312897627807531	23360	120,000280320341	23360	-0,13730017054873828	23360	120	23360	-0,0663386830915975	23360	0
23370	-0,068624953877269537	23370	120,00147893440121	23370	1,0672024949135166	23370	120	23370	-0,0663386830915975	23370	0
23380	-0,069096126589474324	23380	119,99768560266753	23380	-0,89293761385626558	23380	120	23380	-0,0663386830915975	23380	0
23390	-0,068515255151680832	23390	119,99930927966429	23390	-0,41208591506086489	23390	120	23390	-0,0663386830915975	23390	0
23400	-0,0692153600594499	23400	119,99769736127689	23400	0,15864531076575697	23400	120	23400	-0,0663386830915975	23400	0
23410	-0,077555277746785181	23410	119,99932561799216	23410	-1,256567033978083	23410	120	23410	-0,0663386830915975	23410	0
23420	-0,065494616333895667	23420	120,00107926922475	23420	-0,043680228850578873	23420	120	23420	-0,0663386830915975	23420	0
23430	-0,058165193251557064	23430	120,00122004407025	23430	0,8274202599987267	23430	120	23430	-0,0663386830915975	23430	0
23440	-0,060860253617063417	23440	120,00039448786622	23440	-0,024322917347248646	23440	120	23440	-0,0663386830915975	23440	0
23450	-0,0686233667479672	23450	119,99805800690291	23450	-0,3462003066610273	23450	120	23450	-0,0663386830915975	23450	0
23460	-0,057532215799940452	23460	120,00143432478816	23460	0,061223752598073777	23460	120	23460	-0,0663386830915975	23460	0
23470	-0,070333938340564048	23470	119,99842502176253	23470	-0,12145070307732547	23470	120	23470	-0,0663386830915975	23470	0
23480	-0,059844066750672144	23480	120,00023141947271	23480	0,6769296941741455	23480	120	23480	-0,0663386830915975	23480	0
23490	-0,082081449007447488	23490	119,99622100242431	23490	-1,3577470051798486	23490	120	23490	-0,0663386830915975	23490	0
23500	-0,06960941534801042	23500	119,99861901401995	23500	0,25176218927959448	23500	120	23500	-0,0663386830915975	23500	0
23510	-0,058417526997881129	23510	120,00349171660909	23510	0,580416924743389	23510	120	23510	-0,0663386830915975	23510	0
23520	-0,0606371061313366	23520	120,00227068443267	23520	0,1470099045182067	23520	120	23520	-0,0663386830915975	23520	0
23530	-0,070453073557173035	23530	119,99965186932089	23530	0,22029555752385704	23530	120	23530	-0,0663386830915975	23530	0
23540	-0,0560687014383461	23540	120,00232904856425	23540	-0,60024446092666661	23540	120	23540	-0,0663386830915975	23540	0
23550	-0,06628788698120737	23550	120,00077747709887	23550	0,41435451117368005	23550	120	23550	-0,0663386830915975	23550	0
23560	-0,0670011196623896	23560	120,00079724958589	23560	0,17128353237574184	23560	120	23560	-0,0663386830915975	23560	0
23570	-0,086924184826390888	23570	119,993548950839	23570	-1,3666611986092465	23570	120	23570	-0,0663386830915975	23570	0
23580	-0,068588779241601908	23580	119,996815581786	23580	-0,85051737666481786	23580	120	23580	-0,0663386830915975	23580	0
23590	-0,073640477808907728	23590	119,99758587094553	23590	-0,11408342623280854	23590	120	23590	-0,0663386830915975	23590	0
23600	-0,06333771839587457	23600	120,00037805065215	23600	0,397114624318604	23600	120	23600	-0,0663386830915975	23600	0
23610	-0,069089224981362884	23610	119,99837347766022	23610	-0,54394063526511216	23610	120	23610	-0,0663386830915975	23610	0
23620	-0,06752573500354607	23620	120,00290783341029	23620	-0,50238289602710817	23620	120	23620	-0,0663386830915975	23620	0
23630	-0,072892547116821874	23630	119,99912878707441	23630	-0,68321714972731418	23630	120	23630	-0,0663386830915975	23630	0
23640	-0,059969202490490425	23640	120,00322397719387	23640	-0,10666699187627776	23640	120	23640	-0,0663386830915975	23640	0
23650	-0,067978452624444255	23650	120,00099984107081	23650	0,99441060821134819	23650	120	23650	-0,0663386830915975	23650	0
23660	-0,070776240298004833	23660	119,99887848075458	23660	-0,445336795514479	23660	120	23660	-0,0663386830915975	23660	0
23670	-0,058645610539358843	23670	120,00077190092459	23670	-0,25906285235430687	23670	120	23670	-0,0663386830915975	23670	0
23680	-0,065957717960139328	23680	119,99989733806872	23680	0,82535032333407932	23680	120	23680	-0,0663386830915975	23680	0
23690	-0,0736857559214948	23690	119,99826503790258	23690	-0,087406365019103316	23690	120	23690	-0,0663386830915975	23690	0
23700	-0,060683255729174157	23700	120,00079744143638	23700	0,78958435761756907	23700	120	23700	-0,0663386830915975	23700	0
23710	-0,070868670277687937	23710	119,99884569966547	23710	-0,9277414240427897	23710	120	23710	-0,0663386830915975	23710	0
23720	-0,059749343221930311	23720	120,00279883702147	23720	0,26233574914782365	23720	120	23720	-0,0663386830915975	23720	0
23730	-0,068348927420720476	23730	119,99977623006649	23730	-0,35337638762995521	23730	120	23730	-0,0663386830915975	23730	0
23740	-0,0746225925549128	23740	119,99913345841341	23740	0,44031341322880557	23740	120	23740	-0,0663386830915975	23740	0
23750	-0,068414443920875243	23750	119,99743785403408	23750	0,0042425042108335531	23750	120	23750	-0,0663386830915975	23750	0
23760	-0,064627508162086358	23760	120,00141080259924	23760	-0,22490071348382013	23760	120	23760	-0,0663386830915975	23760	0
23770	-0,059323287908400024	23770	120,00086282383441	23770	0,10033464136100238	23770	120	23770	-0,0663386830915975	23770	0
23780	-0,064385023279710574	23780	120,00018256931867	23780	0,10194377225013751	23780	120	23780	-0,0663386830915975	23780	0
23790	-0,054405882283506277	23790	120,00087496314605	23790	1,6352991945680702	23790	120	23790	-0,0663386830915975	23790	0
23800	-0,074096838047870178	23800	119,99800408709518	23800	-0,16870339430539463	23800	120	23800	-0,0663386830915975	23800	0
23810	-0,070623875132682756	23810	119,99885384424066	23810	-0,79336912594091824	23810	120	23810	-0,0663386830915975	23810	0
23820	-0,068114570021708246	23820	119,99951376329231	23820	-0,67707227818770976	23820	120	23820	-0,0663386830915975	23820	0
23830	-0,070324998568347216	23830	119,99913525966565	23830	-0,2975738654746482	23830	120	23830	-0,0663386830915975	23830	0
23840	-0,065425632065755815	23840	120,00013700267078	23840	0,74730115023696064	23840	120	23840	-0,0663386830915975	23840	0
23850	-0,0676028922995388	23850	119,99940023219463	23850	0,55093811158494022	23850	120	23850	-0,0663386830915975	23850	0
23860	-0,071748788338303962	23860	119,99869512190064	23860	-1,096140598824713	23860	120	23860	-0,0663386830915975	23860	0
23870	-0,059406970926252162	23870	120,0010094043802	23870	0,36296752376205221	23870	120	23870	-0,0663386830915975	23870	0
23880	-0,068459085403984959	23880	120,00062128793884	23880	-0,54338433247899476	23880	120	23880	-0,0663386830915975	23880	0
23890	-0,062481958392537007	23890	120,00308590092364	23890	-0,50275937148932792	23890	120	23890	-0,0663386830915975	23890	0
23900	-0,086671459490816935	23900	119,99486023933891	23900	-2,3342690316054258	23900	120	23900	-0,0663386830915975	23900	0
23910	-0,074579409667242913	23910	119,99920285076111	23910	-0,80281845938258645	23910	120	23910	-0,0663386830915975	23910	0
23920	-0,076175555546785581	23920	119,99982178571818	23920	-0,6174944039950534	23920	120	23920	-0,0663386830915975	23920	0
23930	-0,062342459699273205	23930	119,99891683967529	23930	-0,60394076679843189	23930	120	23930	-0,0663386830915975	23930	0
23940	-0,062679622582127087	23940	120,00219455115973	23940	1,1120670876337586	23940	120	23940	-0,0663386830915975	23940	0
23950	-0,069544919048431381	23950	119,99653348023246	23950	-0,58369253859034875	23950	120	23950	-0,0663386830915975	23950	0
23960	-0,060401220745068249	23960	120,00154930406178	23960	0,21623562500366667	23960	120	23960	-0,0663386830915975	23960	0
23970	-0,061622871739927358	23970	120,00014607207721	23970	0,667897780942992	23970	120	23970	-0,0663386830915975	23970	0
23980	-0,075235551773451176	23980	119,99955597807168	23980	0,31825544723973775	23980	120	23980	-0,0663386830915975	23980	0
23990	-0,062470814660808442	23990	120,00245754526037	23990	0,20126095003773586	23990	120	23990	-0,0663386830915975	23990	0
24000	-0,078969354560611452	24000	119,99603873629614	24000	-0,36448958989564273	24000	120	24000	-0,0663386830915975	24000	0
24010	-0,064673740370896265	24010	119,99953795762977	24010	-0,9233709194814621	24010	120	24010	-0,0663386830915975	24010	0
24020	-0,059166224642271045	24020	120,00273950036299	24020	0,54036662090224	24020	120	24020	-0,0663386830915975	24020	0
24030	-0,0708340001947309	24030	119,9995828175274	24030	-0,71330467621614591	24030	120	24030	-0,0663386830915975	24030	0
24040	-0,070871501299649253	24040	119,99866424813914	24040	0,0983896858956215	24040	120	24040	-0,0663386830915975	24040	0
24050	-0,061234219873688933	24050	120,00104069438244	24050	0,98119012855612819	24050	120	24050	-0,0663386830915975	24050	0
24060	-0,051833962565853528	24060	120,00199744892132	24060	0,65446385264762164	24060	120	24060	-0,0663386830915975	24060	0
24070	-0,0688218013965534	24070	119,99952296572813	24070	0,49166411295184292	24070	120	24070	-0,0663386830915975	24070	0
24080	-0,082993016130790867	24080	119,99924770591083	24080	-0,47968334138967461	24080	120	24080	-0,0663386830915975	24080	0
24090	-0,064539658087030161	24090	120,00104012827275	24090	-0,60028812329218473	24090	120	24090	-0,0663386830915975	24090	0
24100	-0,069272629194723032	24100	119,99992894464522	24100	0,3983504241010426	24100	120	24100	-0,0663386830915975	24100	0
24110	-0,0659043373434072	24110	120,00085821683324	24110	0,14763354963133232	24110	120	24110	-0,0663386830915975	24110	0
24120	-0,054532568170143965	24120	120,00297314528741	24120	0,25829239109711344	24120	120	24120	-0,0663386830915975	24120	0
24130	-0,067702190720150782	24130	119,99838969175744	24130	0,29414879245428283	24130	120	24130	-0,0663386830915975	24130	0
24140	-0,068388589065145181	24140	120,00057778346549	24140	-0,47566648857897686	24140	120	24140	-0,0663386830915975	24140	0
24150	-0,060627195232135014	24150	120,00142591937699	24150	0,38439839344155879	24150	120	24150	-0,0663386830915975	24150	0
24160	-0,076131155879039944	24160	119,99658736973238	24160	0,11425186143734414	24160	120	24160	-0,0663386830915975	24160	0
24170	-0,075296164611231634	24170	119,99748287612928	24170	-0,31800168695777392	24170	120	24170	-0,0663386830915975	24170	0
24180	-0,068268365393747713	24180	120,00048330732261	24180	-1,2017420775637469	24180	120	24180	-0,0663386830915975	24180	0
24190	-0,062704420775050992	24190	120,00191631839709	24190	-0,059441361250473224	24190	120	24190	-0,0663386830915975	24190	0
24200	-0,0736466723824537	24200	120,00034420988266	24200	0,68286539121169543	24200	120	24200	-0,0663386830915975	24200	0
24210	-0,066538041635903253	24210	120,00106520679221	24210	-1,1996659049853906	24210	120	24210	-0,0663386830915975	24210	0
24220	-0,057037152440730973	24220	120,00352445138638	24220	0,17150587698574937	24220	120	24220	-0,0663386830915975	24220	0
24230	-0,0562184937797688	24230	120,00129703340619	24230	-0,072135398374380863	24230	120	24230	-0,0663386830915975	24230	0
24240	-0,0607247989174631	24240	120,00065745984797	24240	-0,049104740543867265	24240	120	24240	-0,0663386830915975	24240	0
24250	-0,068325523616412046	24250	119,99899885903352	24250	-0,1484671949255853	24250	120	24250	-0,0663386830915975	24250	0
24260	-0,070618563177949192	24260	119,9953838541053	24260	-0,18765878969644817	24260	120	24260	-0,0663386830915975	24260	0
24270	-0,058973977180072766	24270	120,00009054293344	24270	-0,2289928668323592	24270	120	24270	-0,0663386830915975	24270	0
24280	-0,060331566650281075	24280	119,99890787104997	24280	-0,18473807566118117	24280	120	24280	-0,0663386830915975	24280	0
24290	-0,072291250435877891	24290	119,99994872893394	24290	-0,08352901165216628	24290	120	24290	-0,0663386830915975	24290	0
24300	-0,05853458651578141	24300	120,00137425968924	24300	1,202738433655252	24300	120	24300	-0,0663386830915975	24300	0
24310	-0,052281662993401312	24310	120,00391168225976	24310	1,1239884062929066	24310	120	24310	-0,0663386830915975	24310	0
24320	-0,053857452128901286	24320	120,00373215753614	24320	0,244610686953312	24320	120	24320	-0,0663386830915975	24320	0
24330	-0,06883758060220603	24330	119,99951606436071	24330	0,37028113145614627	24330	120	24330	-0,0663386830915975	24330	0
24340	-0,060696550979399126	24340	120,00322923056105	24340	-0,10461467383053941	24340	120	24340	-0,0663386830915975	24340	0
24350	-0,0591840068462243	24350	120,00172291255785	24350	0,7668981907617014	24350	120	24350	-0,0663386830915975	24350	0
24360	-0,061676337666783751	24360	119,99929720442526	24360	0,035628238653890087	24360	120	24360	-0,0663386830915975	24360	0
24370	-0,065533840274855509	24370	120,00030859537404	24370	0,65355429065796011	24370	120	24370	-0,0663386830915975	24370	0
24380	-0,064025408531415348	24380	119,99930030660609	24380	-0,69579141120605315	24380	120	24380	-0,0663386830915975	24380	0
24390	-0,064996162326985726	24390	120,00066261385334	24390	0,67829585451379848	24390	120	24390	-0,0663386830915975	24390	0
24400	-0,083454509876609156	24400	119,99415074895693	24400	-1,230093642395611	24400	120	24400	-0,0663386830915975	24400	0
24410	-0,061932281123274355	24410	120,00388398665496	24410	0,48722156259253913	24410	120	24410	-0,0663386830915975	24410	0
24420	-0,07659741899123175	24420	120,00021024717658	24420	0,078376665799730127	24420	120	24420	-0,0663386830915975	24420	0
24430	-0,059236265825873421	24430	120,00253612712814	24430	0,38402662887513844	24430	120	24430	-0,0663386830915975	24430	0
24440	-0,077153544574333224	24440	119,99601652448224	24440	-2,1219388192903228	24440	120	24440	-0,0663386830915975	24440	0
24450	-0,067767940663092927	24450	120,0011638524157	24450	0,39027228760673838	24450	120	24450	-0,0663386830915975	24450	0
24460	-0,0696223527912438	24460	119,99818213791376	24460	-1,2092188020674963	24460	120	24460	-0,0663386830915975	24460	0
24470	-0,073440881491194071	24470	119,99854035593178	24470	0,069637704710239529	24470	120	24470	-0,0663386830915975	24470	0
24480	-0,062050722227645752	24480	120,00105869486139	24480	0,75880454050673185	24480	120	24480	-0,0663386830915975	24480	0
24490	-0,076743166423602835	24490	119,99913265008513	24490	-0,28934424357363953	24490	120	24490	-0,0663386830915975	24490	0
24500	-0,06435993259185771	24500	120,00065471122909	24500	0,87061443970360308	24500	120	24500	-0,0663386830915975	24500	0
24510	-0,050150000834074962	24510	120,00252834478809	24510	0,73983617793595269	24510	120	24510	-0,0663386830915975	24510	0
24520	-0,070449882204390468	24520	120,00042575695306	24520	0,36164228250597308	24520	120	24520	-0,0663386830915975	24520	0
24530	-0,066437161205735756	24530	120,00131964063471	24530	0,74672931731168035	24530	120	24530	-0,0663386830915975	24530	0
24540	-0,069246708599669748	24540	120,00137302737785	24540	0,35299049504574614	24540	120	24540	-0,0663386830915975	24540	0
24550	-0,0742797840764843	24550	119,9985957673904	24550	-0,22468156945591511	24550	120	24550	-0,0663386830915975	24550	0
24560	-0,062385260661635751	24560	120,00075102792796	24560	0,22925521722894532	24560	120	24560	-0,0663386830915975	24560	0
24570	-0,077286270649373837	24570	119,99797050152009	24570	-0,90296244954692884	24570	120	24570	-0,0663386830915975	24570	0
24580	-0,071406323720567821	24580	119,99675530900161	24580	-0,17178518835171813	24580	120	24580	-0,0663386830915975	24580	0
24590	-0,052359320307747752	24590	120,00325615282918	24590	0,0038519197669892903	24590	120	24590	-0,0663386830915975	24590	0
24600	-0,067615218640218189	24600	120,0006825954035	24600	0,07651373311074397	24600	120	24600	-0,0663386830915975	24600	0
24610	-0,058865051041774058	24610	119,99863020312421	24610	-0,4390942152849806	24610	120	24610	-0,0663386830915975	24610	0
24620	-0,069802738418502125	24620	120,00138528980612	24620	0,046615529807256528	24620	120	24620	-0,0663386830915975	24620	0
24630	-0,05355676431257618	24630	120,00035298202114	24630	-0,68111404532909692	24630	120	24630	-0,0663386830915975	24630	0
24640	-0,082958749894452968	24640	119,99687363613572	24640	-0,87219708540451257	24640	120	24640	-0,0663386830915975	24640	0
24650	-0,066209814710005366	24650	120,00084978999855	24650	0,56125920911746485	24650	120	24650	-0,0663386830915975	24650	0
24660	-0,063434830147745327	24660	120,00002465845176	24660	1,1786944500659937	24660	120	24660	-0,0663386830915975	24660	0
24670	-0,0691521189118971	24670	120,00087403849265	24670	0,2359441829206389	24670	120	24670	-0,0663386830915975	24670	0
24680	-0,057773450786844718	24680	120,00264186680171	24680	1,1676219314314209	24680	120	24680	-0,0663386830915975	24680	0
24690	-0,057594735616719815	24690	120,00198104281164	24690	0,18035055038375708	24690	120	24690	-0,0663386830915975	24690	0
24700	-0,06260816847935019	24700	120,0002039604757	24700	0,2149000264090441	24700	120	24700	-0,0663386830915975	24700	0
24710	-0,075329452765045157	24710	119,99888206166924	24710	-0,59383577408612909	24710	120	24710	-0,0663386830915975	24710	0
24720	-0,069143507252849429	24720	119,99814181756337	24720	-0,22330559745818537	24720	120	24720	-0,0663386830915975	24720	0
24730	-0,067286676439526821	24730	119,9992009895971	24730	0,89730577602054218	24730	120	24730	-0,0663386830915975	24730	0
24740	-0,078895036876492047	24740	119,9993185355583	24740	0,39763993746836418	24740	120	24740	-0,0663386830915975	24740	0
24750	-0,059132685124160575	24750	120,00112026003723	24750	0,66143307403064744	24750	120	24750	-0,0663386830915975	24750	0
24760	-0,062632760459460521	24760	119,99969257972529	24760	-0,42491396088504085	24760	120	24760	-0,0663386830915975	24760	0
24770	-0,058847362539379	24770	120,00632113478254	24770	0,99521238075429919	24770	120	24770	-0,0663386830915975	24770	0
24780	-0,060893783575582845	24780	119,99982885885441	24780	0,068661254224054419	24780	120	24780	-0,0663386830915975	24780	0
24790	-0,071686695815202331	24790	119,99988175321802	24790	0,080169520609017914	24790	120	24790	-0,0663386830915975	24790	0
24800	-0,072544913065079375	24800	119,99962184105523	24800	-0,33569650435712717	24800	120	24800	-0,0663386830915975	24800	0
24810	-0,077314055295467088	24810	119,99635073868646	24810	-0,84745816787280193	24810	120	24810	-0,0663386830915975	24810	0
24820	-0,07426958046547337	24820	119,99974522784399	24820	-0,250913005816338	24820	120	24820	-0,0663386830915975	24820	0
24830	-0,071170434976591257	24830	119,99794018398617	24830	0,3003203479682926	24830	120	24830	-0,0663386830915975	24830	0
24840	-0,053840311577879794	24840	120,00489630295995	24840	1,4917941798712655	24840	120	24840	-0,0663386830915975	24840	0
24850	-0,062750991665697614	24850	120,00061660951104	24850	1,6456501065719031	24850	120	24850	-0,0663386830915975	24850	0
24860	-0,058747305127607848	24860	120,0004151251073	24860	-1,0206014155757535	24860	120	24860	-0,0663386830915975	24860	0
24870	-0,076512435375213614	24870	119,99934026316967	24870	-0,55177253627459144	24870	120	24870	-0,0663386830915975	24870	0
24880	-0,08275065090016484	24880	119,9955773033377	24880	0,020209808838440736	24880	120	24880	-0,0663386830915975	24880	0
24890	-0,068574558053182341	24890	120,00026720477432	24890	0,30866023092819828	24890	120	24890	-0,0663386830915975	24890	0
24900	-0,070291497044393789	24900	119,99930347361848	24900	-0,25557773810275125	24900	120	24900	-0,0663386830915975	24900	0
24910	-0,068793500440565647	24910	119,99962883411845	24910	-0,95389032952661434	24910	120	24910	-0,0663386830915975	24910	0
24920	-0,05974452735899978	24920	120,00198036227873	24920	0,9336034310447654	24920	120	24920	-0,0663386830915975	24920	0
24930	-0,06917796415964253	24930	119,99962497327168	24930	-0,29612125266366762	24930	120	24930	-0,0663386830915975	24930	0
24940	-0,066080122634608218	24940	120,00159973045928	24940	0,55000755595813611	24940	120	24940	-0,0663386830915975	24940	0
24950	-0,067234194457314711	24950	119,99967688597251	24950	0,37868962863283007	24950	120	24950	-0,0663386830915975	24950	0
24960	-0,062990089526947554	24960	120,00019323202595	24960	-0,92065695364525357	24960	120	24960	-0,0663386830915975	24960	0
24970	-0,070054970533081989	24970	120,00103412920639	24970	-0,25747792039132594	24970	120	24970	-0,0663386830915975	24970	0
24980	-0,054048742844775378	24980	120,00211420775879	24980	0,5709777697815559	24980	120	24980	-0,0663386830915975	24980	0
24990	-0,059584563473554182	24990	120,00276439251775	24990	0,9792448719901794	24990	120	24990	-0,0663386830915975	24990	0
25000	-0,072615581882893646	25000	119,99980510577477	25000	0,82062979932794078	25000	120	25000	-0,0663386830915975	25000	0
25010	-0,056151797439218484	25010	119,99928889524799	25010	0,59081083913736165	25010	120	25010	-0,0663386830915975	25010	0
25020	-0,081132403932745858	25020	119,99870140050182	25020	-0,66263413476055533	25020	120	25020	-0,0663386830915975	25020	0
25030	-0,058265180420475793	25030	120,00269874575913	25030	0,9953643852011913	25030	120	25030	-0,0663386830915975	25030	0
25040	-0,073494575305235038	25040	120,00048202115337	25040	-0,84744501584473042	25040	120	25040	-0,0663386830915975	25040	0
25050	-0,077234274099560893	25050	119,99790281018687	25050	0,58635834079109617	25050	120	25050	-0,0663386830915975	25050	0
25060	-0,074717659306220624	25060	119,99798453039126	25060	-0,60569726110329247	25060	120	25060	-0,0663386830915975	25060	0
25070	-0,05611473753421263	25070	120,00012468162916	25070	-0,27260287295289148	25070	120	25070	-0,0663386830915975	25070	0
25080	-0,066046173763104524	25080	119,99743691242723	25080	-0,549562164697512	25080	120	25080	-0,0663386830915975	25080	0
25090	-0,079613417612752688	25090	119,99893882572647	25090	-0,22475833197085679	25090	120	25090	-0,0663386830915975	25090	0
25100	-0,075583782186796872	25100	119,99651323384977	25100	-0,55801925859779256	25100	120	25100	-0,0663386830915975	25100	0
25110	-0,056085833603529776	25110	120,00285551566611	25110	-0,32152501580167481	25110	120	25110	-0,0663386830915975	25110	0
25120	-0,065740611094462248	25120	120,00158477817655	25120	1,2895340824409787	25120	120	25120	-0,0663386830915975	25120	0
25130	-0,066970315452267185	25130	120,00047035902841	25130	0,7794614774055395	25130	120	25130	-0,0663386830915975	25130	0
25140	-0,069267896604632812	25140	119,99714290586064	25140	-0,77787626491798567	25140	120	25140	-0,0663386830915975	25140	0
25150	-0,060448003545724	25150	120,00068053846486	25150	0,92774413806303369	25150	120	25150	-0,0663386830915975	25150	0
25160	-0,058923019887322847	25160	120,00189565081348	25160	0,540113462815847	25160	120	25160	-0,0663386830915975	25160	0
25170	-0,057097438093531447	25170	120,00280172788567	25170	0,59766293844841412	25170	120	25170	-0,0663386830915975	25170	0
25180	-0,082685741561649928	25180	119,99723246666683	25180	-0,76629096117452644	25180	120	25180	-0,0663386830915975	25180	0
25190	-0,063817715842657066	25190	120,00062884682195	25190	-0,15550538715645124	25190	120	25190	-0,0663386830915975	25190	0
25200	-0,058872744866495311	25200	120,00263019663684	25200	0,85842775487496292	25200	120	25200	-0,0663386830915975	25200	0
25210	-0,0635261685289106	25210	119,9974765523952	25210	-0,96037876757741159	25210	120	25210	-0,0663386830915975	25210	0
25220	-0,0704151494469235	25220	119,99979746318735	25220	-0,024568847242278563	25220	120	25220	-0,0663386830915975	25220	0
25230	-0,067797923365442728	25230	119,99865022650626	25230	0,5300833525499159	25230	120	25230	-0,0663386830915975	25230	0
25240	-0,06423094928742383	25240	119,99851100992764	25240	0,52566003844987519	25240	120	25240	-0,0663386830915975	25240	0
25250	-0,072469897135831962	25250	119,99865605954759	25250	-0,56339509846439317	25250	120	25250	-0,0663386830915975	25250	0
25260	-0,07566196002830608	25260	120,00033476329193	25260	-0,35128433093026545	25260	120	25260	-0,0663386830915975	25260	0
25270	-0,064153840290136627	25270	120,0031187699143	25270	0,44382674755361123	25270	120	25270	-0,0663386830915975	25270	0
25280	-0,064035777407493458	25280	119,99980857469858	25280	-0,039171317549805656	25280	120	25280	-0,0663386830915975	25280	0
25290	-0,044266117280554067	25290	120,00405025892094	25290	0,80619314948104948	25290	120	25290	-0,0663386830915975	25290	0
25300	-0,073236104846170463	25300	119,99930809799109	25300	-0,33466469161983747	25300	120	25300	-0,0663386830915975	25300	0
25310	-0,064627336242624719	25310	120,0009588520787	25310	0,88086783212172848	25310	120	25310	-0,0663386830915975	25310	0
25320	-0,075502549996111237	25320	119,99930930117014	25320	0,17550951070910642	25320	120	25320	-0,0663386830915975	25320	0
25330	-0,064601275242141945	25330	120,00082868991299	25330	1,0394170377842222	25330	120	25330	-0,0663386830915975	25330	0
25340	-0,0667065056162974	25340	119,99935430136056	25340	-0,858798327628064	25340	120	25340	-0,0663386830915975	25340	0
25350	-0,072603869369494	25350	119,99803523778367	25350	-0,63123738960715026	25350	120	25350	-0,0663386830915975	25350	0
25360	-0,060575762551406648	25360	120,00127950409072	25360	0,043860690444253586	25360	120	25360	-0,0663386830915975	25360	0
25370	-0,067742972673377949	25370	119,99956827054206	25370	0,4168207431772849	25370	120	25370	-0,0663386830915975	25370	0
25380	-0,062755266942263035	25380	119,99863552870325	25380	0,5215325876464415	25380	120	25380	-0,0663386830915975	25380	0
25390	-0,064795202758053	25390	119,99903177756046	25390	-0,56655884599204	25390	120	25390	-0,0663386830915975	25390	0
25400	-0,061912417943157896	25400	120,0017839130593	25400	0,12204593622880905	25400	120	25400	-0,0663386830915975	25400	0
25410	-0,071313641620781756	25410	119,99844015563653	25410	-0,8962991920559904	25410	120	25410	-0,0663386830915975	25410	0
25420	-0,070646133176593989	25420	120,00080962944109	25420	-0,091344978965317777	25420	120	25420	-0,0663386830915975	25420	0
25430	-0,0705726519539857	25430	119,99865560944308	25430	0,389295777665159	25430	120	25430	-0,0663386830915975	25430	0
25440	-0,066168385342722624	25440	119,99868129806262	25440	-0,39383465813746876	25440	120	25440	-0,0663386830915975	25440	0
25450	-0,057171579930505582	25450	120,00146113200938	25450	-0,18908757651062758	25450	120	25450	-0,0663386830915975	25450	0
25460	-0,077368997906736611	25460	119,99650137562165	25460	-0,6699956404982641	25460	120	25460	-0,0663386830915975	25460	0
25470	-0,057942048853414189	25470	120,00295972531607	25470	1,0164069363924464	25470	120	25470	-0,0663386830915975	25470	0
25480	-0,070224882120983254	25480	119,99863045451181	25480	0,45509229209787333	25480	120	25480	-0,0663386830915975	25480	0
25490	-0,063833887627197355	25490	119,998653202217	25490	-0,43176025506334581	25490	120	25490	-0,0663386830915975	25490	0
25500	-0,068540308986301882	25500	120,0000056863054	25500	0,63151018681567994	25500	120	25500	-0,0663386830915975	25500	0
25510	-0,069954565604566241	25510	119,99875802445563	25510	0,12201228301322131	25510	120	25510	-0,0663386830915975	25510	0
25520	-0,051638759557921549	25520	120,0037342899217	25520	0,087190060768413236	25520	120	25520	-0,0663386830915975	25520	0
25530	-0,0656110804784808	25530	120,0000926909035	25530	-0,17880424107338444	25530	120	25530	-0,0663386830915975	25530	0
25540	-0,062969727377189158	25540	120,0004135274318	25540	-0,796366414564943	25540	120	25540	-0,0663386830915975	25540	0
25550	-0,065353921283856475	25550	119,99826290989968	25550	-0,060660630125135492	25550	120	25550	-0,0663386830915975	25550	0
25560	-0,070283825905912825	25560	120,0009600091299	25560	0,048426734457575893	25560	120	25560	-0,0663386830915975	25560	0
25570	-0,069188942997224084	25570	119,99992634854084	25570	0,37760496134571897	25570	120	25570	-0,0663386830915975	25570	0
25580	-0,064122303737773931	25580	120,00001967360853	25580	-0,12923532414622824	25580	120	25580	-0,0663386830915975	25580	0
25590	-0,066851440799724673	25590	120,00152013563853	25590	0,392325531866078	25590	120	25590	-0,0663386830915975	25590	0
25600	-0,065260948804954533	25600	120,00019982553523	25600	0,37831620359557638	25600	120	25600	-0,0663386830915975	25600	0
25610	-0,062080597001749491	25610	119,99908117671089	25610	-0,56877148180154535	25610	120	25610	-0,0663386830915975	25610	0
25620	-0,064673209715727181	25620	120,00229946109347	25620	0,28210379598626045	25620	120	25620	-0,0663386830915975	25620	0
25630	-0,064414129873084314	25630	120,0004881248969	25630	-0,061320117917201655	25630	120	25630	-0,0663386830915975	25630	0
25640	-0,061294656165040311	25640	120,000274211433	25640	-0,25376232829709033	25640	120	25640	-0,0663386830915975	25640	0
25650	-0,071311528767983981	25650	120,00078508430657	25650	1,2050762983729613	25650	120	25650	-0,0663386830915975	25650	0
25660	-0,07304291677867987	25660	119,99675192783525	25660	-0,24256144571895977	25660	120	25660	-0,0663386830915975	25660	0
25670	-0,047869192471602519	25670	120,0036427892551	25670	1,2421395905715265	25670	120	25670	-0,0663386830915975	25670	0
25680	-0,06527149826155404	25680	119,99896087256911	25680	0,24888435832524031	25680	120	25680	-0,0663386830915975	25680	0
25690	-0,054209519499574296	25690	120,00216976689924	25690	0,17571606672013618	25690	120	25690	-0,0663386830915975	25690	0
25700	-0,07948193407496694	25700	120,00088709842788	25700	-0,00094805334030068078	25700	120	25700	-0,0663386830915975	25700	0
25710	-0,070308950722683089	25710	119,99731069730753	25710	-0,40297169685739653	25710	120	25710	-0,0663386830915975	25710	0
25720	-0,069027890297998565	25720	119,99937077703127	25720	-0,47139610204935034	25720	120	25720	-0,0663386830915975	25720	0
25730	-0,07019422392959751	25730	119,99817301295256	25730	0,36581945473688121	25730	120	25730	-0,0663386830915975	25730	0
25740	-0,0538123835348326	25740	120,00492073045213	25740	0,68345075065523786	25740	120	25740	-0,0663386830915975	25740	0
25750	-0,058201482143819344	25750	119,99938265307826	25750	-0,22924617576499484	25750	120	25750	-0,0663386830915975	25750	0
25760	-0,0779754184296249	25760	119,99695644162335	25760	-0,76173926700784367	25760	120	25760	-0,0663386830915975	25760	0
25770	-0,06318892166464278	25770	120,00254043039278	25770	0,90888623956062542	25770	120	25770	-0,0663386830915975	25770	0
25780	-0,060120454940621522	25780	119,99936658098446	25780	0,13781998314115579	25780	120	25780	-0,0663386830915975	25780	0
25790	-0,075969033723628746	25790	119,99932630011108	25790	-1,1073389633510649	25790	120	25790	-0,0663386830915975	25790	0
25800	-0,053219854300921264	25800	120,00492730006545	25800	1,2008670683784999	25800	120	25800	-0,0663386830915975	25800	0
25810	-0,061664032255307567	25810	120,00131156610125	25810	0,10638780957990945	25810	120	25810	-0,0663386830915975	25810	0
25820	-0,074001790412699969	25820	120,00002185841002	25820	0,073758035906202071	25820	120	25820	-0,0663386830915975	25820	0
25830	-0,061147377686659884	25830	119,99860074226071	25830	-0,93753002311162714	25830	120	25830	-0,0663386830915975	25830	0
25840	-0,072591481886303086	25840	119,99927523504482	25840	0,068036309847325	25840	120	25840	-0,0663386830915975	25840	0
25850	-0,071375833482004075	25850	119,99784802311588	25850	0,43253191007102254	25850	120	25850	-0,0663386830915975	25850	0
25860	-0,079797022080055208	25860	119,99808319713223	25860	-0,98514129656659954	25860	120	25860	-0,0663386830915975	25860	0
25870	-0,066492658461391962	25870	120,00088806479874	25870	0,47680275470119304	25870	120	25870	-0,0663386830915975	25870	0
25880	-0,0656233673363833	25880	119,99926334160317	25880	0,36747042815271913	25880	120	25880	-0,0663386830915975	25880	0
25890	-0,069045414557802137	25890	120,00163412435435	25890	-0,18378517297486774	25890	120	25890	-0,0663386830915975	25890	0
25900	-0,0691056239092755	25900	119,99800516834307	25900	-0,16493558041433323	25900	120	25900	-0,0663386830915975	25900	0
25910	-0,057705647582351229	25910	120,00354626734892	25910	-0,27582470287369221	25910	120	25910	-0,0663386830915975	25910	0
25920	-0,0655888692623644	25920	120,0013913464568	25920	0,21581818565304173	25920	120	25920	-0,0663386830915975	25920	0
25930	-0,071371062875335414	25930	119,99910256048412	25930	0,85126534500590012	25930	120	25930	-0,0663386830915975	25930	0
25940	-0,0722557244387615	25940	119,99657801723127	25940	-1,926390913902482	25940	120	25940	-0,0663386830915975	25940	0
25950	-0,064304611070764	25950	120,00137866513481	25950	0,16132518696625364	25950	120	25950	-0,0663386830915975	25950	0
25960	-0,060431036812392633	25960	119,99857301112102	25960	-0,43652982905588394	25960	120	25960	-0,0663386830915975	25960	0
25970	-0,068923683924376825	25970	120,00286259039214	25970	0,25554778875983541	25970	120	25970	-0,0663386830915975	25970	0
25980	-0,072095112538808556	25980	119,99829803240043	25980	-0,066021718267922525	25980	120	25980	-0,0663386830915975	25980	0
25990	-0,068865914364777944	25990	119,99792665033671	25990	-1,3484665301875998	25990	120	25990	-0,0663386830915975	25990	0
26000	-0,064439994470519624	26000	120,00209118989147	26000	0,7591227964519085	26000	120	26000	-0,0663386830915975	26000	0
26010	-0,068670654340198381	26010	119,99667473717894	26010	-0,82816562114503522	26010	120	26010	-0,0663386830915975	26010	0
26020	-0,058902728433560279	26020	120,0022680708375	26020	0,517262358117705	26020	120	26020	-0,0663386830915975	26020	0
26030	-0,07511609042439843	26030	119,9978591601521	26030	-0,85840204496470762	26030	120	26030	-0,0663386830915975	26030	0
26040	-0,073326944408182715	26040	120,0010925178391	26040	-0,69151709694458863	26040	120	26040	-0,0663386830915975	26040	0
26050	-0,070801292215059833	26050	120,00220764997421	26050	0,11260038116196425	26050	120	26050	-0,0663386830915975	26050	0
26060	-0,052079704897508364	26060	120,00264819233769	26060	0,88350217373851381	26060	120	26060	-0,0663386830915975	26060	0
26070	-0,060268591355583913	26070	120,0040944155845	26070	0,86216346627676455	26070	120	26070	-0,0663386830915975	26070	0
26080	-0,062888708128714041	26080	119,99921434955886	26080	-0,71897114345959223	26080	120	26080	-0,0663386830915975	26080	0
26090	-0,071072544805249577	26090	119,99846958851234	26090	-1,2737408587479933	26090	120	26090	-0,0663386830915975	26090	0
26100	-0,078717137906916937	26100	119,99696643637381	26100	-0,40698088558398859	26100	120	26100	-0,0663386830915975	26100	0
26110	-0,061156744887538118	26110	120,00002045074413	26110	0,3342649241548592	26110	120	26110	-0,0663386830915975	26110	0
26120	-0,058182894713297385	26120	120,0000193702822	26120	-0,0019933846366158997	26120	120	26120	-0,0663386830915975	26120	0
26130	-0,054868770901783867	26130	120,00038866028177	26130	0,27697539265114013	26130	120	26130	-0,0663386830915975	26130	0
26140	-0,059347886367911475	26140	120,00050890664151	26140	0,64316878725900384	26140	120	26140	-0,0663386830915975	26140	0
26150	-0,061012582446041616	26150	120,00178627197977	26150	0,90374843925011916	26150	120	26150	-0,0663386830915975	26150	0
26160	-0,061335704073331714	26160	120,00189399582185	26160	0,2509925649831356	26160	120	26160	-0,0663386830915975	26160	0
26170	-0,073061204743680191	26170	119,99932542806386	26170	0,089940607168170289	26170	120	26170	-0,0663386830915975	26170	0
26180	-0,074556861480289144	26180	120,000561211374	26180	-0,477902912162926	26180	120	26180	-0,0663386830915975	26180	0
26190	-0,054113357003447181	26190	120,00292370210218	26190	0,0057242589447260885	26190	120	26190	-0,0663386830915975	26190	0
26200	-0,0620760059620113	26200	119,99993417352623	26200	0,23269229176701639	26200	120	26200	-0,0663386830915975	26200	0
26210	-0,063359110431114266	26210	119,99918942228712	26210	0,23290175609115055	26210	120	26210	-0,0663386830915975	26210	0
26220	-0,071783753033635808	26220	120,00051721924908	26220	0,26109604110195717	26220	120	26220	-0,0663386830915975	26220	0
26230	-0,07674839957946622	26230	119,99989069649422	26230	-1,3541819232813501	26230	120	26230	-0,0663386830915975	26230	0
26240	-0,076754504489558784	26240	119,99785136684611	26240	-1,14464603419714	26240	120	26240	-0,0663386830915975	26240	0
26250	-0,060282263535662073	26250	119,99885921824658	26250	0,34265959550380448	26250	120	26250	-0,0663386830915975	26250	0
26260	-0,059593771366929595	26260	119,99801441386916	26260	-0,24163116416170721	26260	120	26260	-0,0663386830915975	26260	0
26270	-0,070055524154407717	26270	119,9994884702046	26270	0,77911593679071633	26270	120	26270	-0,0663386830915975	26270	0
26280	-0,062004667551933991	26280	119,99960575215788	26280	0,37920899727456731	26280	120	26280	-0,0663386830915975	26280	0
26290	-0,069685246062607689	26290	120,00183822587503	26290	-0,17224461047709072	26290	120	26290	-0,0663386830915975	26290	0
26300	-0,051581118854696	26300	120,00591605550557	26300	1,3362875880110265	26300	120	26300	-0,0663386830915975	26300	0
26310	-0,06841935736208038	26310	119,99958607800144	26310	0,2026993345273653	26310	120	26310	-0,0663386830915975	26310	0
26320	-0,068012680837396228	26320	119,99874659989258	26320	-0,861934988401946	26320	120	26320	-0,0663386830915975	26320	0
26330	-0,069620327883426439	26330	120,00035159059432	26330	-0,49364597782367248	26330	120	26330	-0,0663386830915975	26330	0
26340	-0,066148650426715958	26340	120,00074903746609	26340	0,20059588485156019	26340	120	26340	-0,0663386830915975	26340	0
26350	-0,067070609938558456	26350	120,00010607201443	26350	0,57849605219549316	26350	120	26350	-0,0663386830915975	26350	0
26360	-0,059548857754718076	26360	119,99989912113659	26360	-1,0740804044976759	26360	120	26360	-0,0663386830915975	26360	0
26370	-0,070315413223441509	26370	119,99879668281189	26370	1,2076759498574796	26370	120	26370	-0,0663386830915975	26370	0
26380	-0,073165048969557264	26380	119,99685151557667	26380	0,75439527276851159	26380	120	26380	-0,0663386830915975	26380	0
26390	-0,067594710830258115	26390	120,00029989489288	26390	-0,81128502849471	26390	120	26390	-0,0663386830915975	26390	0
26400	-0,061314715601595286	26400	120,00066470227745	26400	0,299556671709453	26400	120	26400	-0,0663386830915975	26400	0
26410	-0,084604420501746963	26410	119,99818393838694	26410	-1,3502707592592462	26410	120	26410	-0,0663386830915975	26410	0
26420	-0,075882802568955812	26420	119,99931928402954	26420	-0,60345709326695651	26420	120	26420	-0,0663386830915975	26420	0
26430	-0,067194067615778619	26430	120,00024274562662	26430	0,18432799278646589	26430	120	26430	-0,0663386830915975	26430	0
26440	-0,075834293411430678	26440	119,99784324258081	26440	-1,2198241231860498	26440	120	26440	-0,0663386830915975	26440	0
26450	-0,07473958894889296	26450	119,99823518671158	26450	-1,024730895964233	26450	120	26450	-0,0663386830915975	26450	0
26460	-0,0823122300327985	26460	119,99596370239905	26460	-1,4973161410991112	26460	120	26460	-0,0663386830915975	26460	0
26470	-0,06318357956776266	26470	120,00290771435091	26470	0,37821434150277833	26470	120	26470	-0,0663386830915975	26470	0
26480	-0,070522295048415229	26480	119,99847428075439	26480	0,23659186452161723	26480	120	26480	-0,0663386830915975	26480	0
26490	-0,063732330873982584	26490	119,99950849080976	26490	-0,53159611145047581	26490	120	26490	-0,0663386830915975	26490	0
26500	-0,082671499808892268	26500	119,99700037450766	26500	-0,045463664925838643	26500	120	26500	-0,0663386830915975	26500	0
26510	-0,0696929470003719	26510	119,99545038877734	26510	-0,4184236452627984	26510	120	26510	-0,0663386830915975	26510	0
26520	-0,076794571197032785	26520	119,99843288049306	26520	-0,68661361196542547	26520	120	26520	-0,0663386830915975	26520	0
26530	-0,06722620895196077	26530	120,00095527064235	26530	-0,088778214915383957	26530	120	26530	-0,0663386830915975	26530	0
26540	-0,062436787025413505	26540	119,99919303416316	26540	-0,92851239933886842	26540	120	26540	-0,0663386830915975	26540	0
26550	-0,061893194189095432	26550	120,00284055254971	26550	0,9668759536248015	26550	120	26550	-0,0663386830915975	26550	0
26560	-0,063944391440469622	26560	119,99950873621054	26560	-0,48161271796950239	26560	120	26560	-0,0663386830915975	26560	0
26570	-0,075135116710439917	26570	120,00083881733372	26570	-0,44146422043236988	26570	120	26570	-0,0663386830915975	26570	0
26580	-0,058829765810048569	26580	120,00118205308851	26580	-0,76143235804997356	26580	120	26580	-0,0663386830915975	26580	0
26590	-0,064144627475795024	26590	119,99988248623427	26590	-0,76543349975714015	26590	120	26590	-0,0663386830915975	26590	0
26600	-0,071863012921490971	26600	119,99945058792703	26600	1,0534967422636861	26600	120	26600	-0,0663386830915975	26600	0
26610	-0,072891711118405672	26610	119,99672538852185	26610	-0,21944021913703193	26610	120	26610	-0,0663386830915975	26610	0
26620	-0,061805856502101963	26620	120,00173152811776	26620	-0,63260754323277224	26620	120	26620	-0,0663386830915975	26620	0
26630	-0,069758184045579763	26630	119,99903204297254	26630	0,40721751073164536	26630	120	26630	-0,0663386830915975	26630	0
26640	-0,054141095552795927	26640	120,00303967277876	26640	0,72304480951624583	26640	120	26640	-0,0663386830915975	26640	0
26650	-0,0700661935833179	26650	120,00023184101421	26650	0,25116172851541407	26650	120	26650	-0,0663386830915975	26650	0
26660	-0,069376214674836914	26660	119,99964199219461	26660	-0,0084785431348611273	26660	120	26660	-0,0663386830915975	26660	0
26670	-0,066543545783055755	26670	120,00070294648641	26670	-0,62121895294754792	26670	120	26670	-0,0663386830915975	26670	0
26680	-0,072255231031304532	26680	119,99801739559094	26680	0,20946500102149188	26680	120	26680	-0,0663386830915975	26680	0
26690	-0,056018428726368481	26690	120,00270458250412	26690	0,3065403311778282	26690	120	26690	-0,0663386830915975	26690	0
26700	-0,071024769752483813	26700	120,0016650564022	26700	1,1096079246763111	26700	120	26700	-0,0663386830915975	26700	0
26710	-0,064112192254082448	26710	119,99962037674474	26710	-0,56708359328316149	26710	120	26710	-0,0663386830915975	26710	0
26720	-0,06654742571934584	26720	120,00143385282874	26720	0,63236010195594483	26720	120	26720	-0,0663386830915975	26720	0
26730	-0,07033951327165594	26730	120,00155331021321	26730	-0,066529239904308424	26730	120	26730	-0,0663386830915975	26730	0
26740	-0,057062273085335527	26740	120,00003787550632	26740	0,9806564803877853	26740	120	26740	-0,0663386830915975	26740	0
26750	-0,071582214937407851	26750	119,99860773751237	26750	-0,25688391960617168	26750	120	26750	-0,0663386830915975	26750	0
26760	-0,058225284670378179	26760	120,00011602632213	26760	0,90831465576040249	26760	120	26760	-0,0663386830915975	26760	0
26770	-0,067637967602221849	26770	120,00048480900156	26770	0,091960398643105956	26770	120	26770	-0,0663386830915975	26770	0
26780	-0,072528402540435619	26780	119,99909429893427	26780	0,25814754449832422	26780	120	26780	-0,0663386830915975	26780	0
26790	-0,06261316712008827	26790	120,00154769164392	26790	-0,28493794563056413	26790	120	26790	-0,0663386830915975	26790	0
26800	-0,066085880970450414	26800	120,00135271019546	26800	0,45344471224478855	26800	120	26800	-0,0663386830915975	26800	0
26810	-0,071956868535115279	26810	119,99900064111596	26810	0,10323249655034844	26810	120	26810	-0,0663386830915975	26810	0
26820	-0,073294200971229267	26820	120,00072364011292	26820	0,42084950327010473	26820	120	26820	-0,0663386830915975	26820	0
26830	-0,054090863601981627	26830	120,00129328395538	26830	0,63782650945419617	26830	120	26830	-0,0663386830915975	26830	0
26840	-0,064370904947710569	26840	119,9990575136982	26840	-0,3393853803921173	26840	120	26840	-0,0663386830915975	26840	0
26850	-0,074468126135972021	26850	120,00137052980442	26850	-0,17274757038500774	26850	120	26850	-0,0663386830915975	26850	0
26860	-0,074554273429885423	26860	119,99957589057252	26860	-0,7273626836316387	26860	120	26860	-0,0663386830915975	26860	0
26870	-0,08080894962877691	26870	119,99755531186008	26870	-0,859577560450627	26870	120	26870	-0,0663386830915975	26870	0
26880	-0,065263211262994877	26880	119,99723937652347	26880	-0,10102018953527758	26880	120	26880	-0,0663386830915975	26880	0
26890	-0,06060260792758846	26890	119,99997059567875	26890	0,96790469590752215	26890	120	26890	-0,0663386830915975	26890	0
26900	-0,049582096254274718	26900	120,00496759941788	26900	1,2393928140582604	26900	120	26900	-0,0663386830915975	26900	0
26910	-0,063716876920260748	26910	120,00014404433998	26910	0,067072438299928289	26910	120	26910	-0,0663386830915975	26910	0
26920	-0,069209520876777689	26920	120,00406168211416	26920	0,40494218651136726	26920	120	26920	-0,0663386830915975	26920	0
26930	-0,069933938946468724	26930	120,00009963078286	26930	-0,91770057218531542	26930	120	26930	-0,0663386830915975	26930	0
26940	-0,070617235330598938	26940	119,99976138618429	26940	-0,47309577335984077	26940	120	26940	-0,0663386830915975	26940	0
26950	-0,059035798237155816	26950	120,0000894872413	26950	0,31285462713605622	26950	120	26950	-0,0663386830915975	26950	0
26960	-0,061263606853730383	26960	120,00011578963041	26960	0,037501653425121517	26960	120	26960	-0,0663386830915975	26960	0
26970	-0,066335381113612965	26970	120,0000136767554	26970	1,0082915657621512	26970	120	26970	-0,0663386830915975	26970	0
26980	-0,06718838731905788	26980	119,99680665678001	26980	-1,0023449535269688	26980	120	26980	-0,0663386830915975	26980	0
26990	-0,06706562017486152	26990	120,00099892191209	26990	0,16583863390830161	26990	120	26990	-0,0663386830915975	26990	0
27000	-0,065402482835089565	27000	120,00190103326403	27000	0,52858409962117248	27000	120	27000	-0,0663386830915975	27000	0
27010	-0,067785015891935668	27010	120,0003708546222	27010	-0,099291527307859631	27010	120	27010	-0,0663386830915975	27010	0
27020	-0,066805450801868838	27020	119,99840089278149	27020	-0,17801590199091794	27020	120	27020	-0,0663386830915975	27020	0
27030	-0,060805483365721939	27030	119,99990094927284	27030	-0,0702950983735239	27030	120	27030	-0,0663386830915975	27030	0
27040	-0,067363100274927853	27040	120,00134791206575	27040	-0,74139517051048132	27040	120	27040	-0,0663386830915975	27040	0
27050	-0,074187267353345479	27050	119,99725509856319	27050	-0,3453267107591651	27050	120	27050	-0,0663386830915975	27050	0
27060	-0,067426891347182827	27060	119,99896389868388	27060	-0,24271931106600281	27060	120	27060	-0,0663386830915975	27060	0
27070	-0,076791726607129324	27070	119,99910372940342	27070	0,012605745302389643	27070	120	27070	-0,0663386830915975	27070	0
27080	-0,069480387334616214	27080	119,99882247988268	27080	0,35708934876609322	27080	120	27080	-0,0663386830915975	27080	0
27090	-0,063749072330849962	27090	120,00199857043897	27090	-0,36250985733424934	27090	120	27090	-0,0663386830915975	27090	0
27100	-0,0628488371654402	27100	120,00074187107062	27100	0,34389617010988838	27100	120	27100	-0,0663386830915975	27100	0
27110	-0,066398208175243958	27110	120,0009017165589	27110	-0,37399803075600718	27110	120	27110	-0,0663386830915975	27110	0
27120	-0,086038082145402817	27120	119,99803660150639	27120	-0,69376383469505654	27120	120	27120	-0,0663386830915975	27120	0
27130	-0,070793087614816355	27130	119,99873398785373	27130	-0,27149001296801933	27130	120	27130	-0,0663386830915975	27130	0
27140	-0,073867857078572519	27140	119,99725965155427	27140	-0,63123993155349289	27140	120	27140	-0,0663386830915975	27140	0
27150	-0,0659388530529376	27150	120,00061585308566	27150	0,35681193725626442	27150	120	27150	-0,0663386830915975	27150	0
27160	-0,064936659176926134	27160	119,99826348608937	27160	-1,0453158867603412	27160	120	27160	-0,0663386830915975	27160	0
27170	-0,075883820590699147	27170	119,99938533218739	27170	0,23720206115152215	27170	120	27170	-0,0663386830915975	27170	0
27180	-0,063736828981194246	27180	120,0000053883915	27180	-0,027649686155490794	27180	120	27180	-0,0663386830915975	27180	0
27190	-0,050195208776712713	27190	120,00488586538287	27190	1,4949875439853644	27190	120	27190	-0,0663386830915975	27190	0
27200	-0,073871541602437626	27200	119,9981041798339	27200	-0,58186148190135212	27200	120	27200	-0,0663386830915975	27200	0
27210	-0,065755397876789357	27210	120,00218095184478	27210	0,26116518414372336	27210	120	27210	-0,0663386830915975	27210	0
27220	-0,0693862099978551	27220	120,0007940064834	27220	-0,35640196455713	27220	120	27220	-0,0663386830915975	27220	0
27230	-0,066428589813611591	27230	120,00005610427952	27230	0,534416543135511	27230	120	27230	-0,0663386830915975	27230	0
27240	-0,060453499654153142	27240	120,00043655052662	27240	0,40957969429014551	27240	120	27240	-0,0663386830915975	27240	0
27250	-0,067897702020126779	27250	119,99864924735952	27250	0,20874328843713164	27250	120	27250	-0,0663386830915975	27250	0
27260	-0,071569709122756592	27260	119,99826254451679	27260	-0,58519771503166129	27260	120	27260	-0,0663386830915975	27260	0
27270	-0,06831860505360067	27270	119,99934703819528	27270	0,041723987306824639	27270	120	27270	-0,0663386830915975	27270	0
27280	-0,0670594556094992	27280	119,99946576312863	27280	0,71612588769743313	27280	120	27280	-0,0663386830915975	27280	0
27290	-0,062529249777332943	27290	120,0020220263126	27290	0,55370290992123317	27290	120	27290	-0,0663386830915975	27290	0
27300	-0,065971850815682145	27300	120,00012560944357	27300	0,017787764683103946	27300	120	27300	-0,0663386830915975	27300	0
27310	-0,059949990860946496	27310	120,00285119345185	27310	0,08585485821834038	27310	120	27310	-0,0663386830915975	27310	0
27320	-0,075779903279852776	27320	119,99722297311364	27320	-0,19511650184617049	27320	120	27320	-0,0663386830915975	27320	0
27330	-0,06783564741417121	27330	120,00071215195263	27330	0,46955854172921896	27330	120	27330	-0,0663386830915975	27330	0
27340	-0,068373364248643168	27340	119,99933160986807	27340	-0,011886432497939831	27340	120	27340	-0,0663386830915975	27340	0
27350	-0,076622609566433	27350	119,9977478292769	27350	-0,49106939208525136	27350	120	27350	-0,0663386830915975	27350	0
27360	-0,064223917970094579	27360	120,00129032762818	27360	-0,59286744610019537	27360	120	27360	-0,0663386830915975	27360	0
27370	-0,065072569687797358	27370	119,99799238031444	27370	-0,12353676380776202	27370	120	27370	-0,0663386830915975	27370	0
27380	-0,061181043682557244	27380	120,00087827972617	27380	0,84224617130231993	27380	120	27380	-0,0663386830915975	27380	0
27390	-0,0659990699197179	27390	120,00168714484343	27390	-0,19991163158718447	27390	120	27390	-0,0663386830915975	27390	0
27400	-0,062957903200048959	27400	120,00071384962465	27400	0,48324418095427618	27400	120	27400	-0,0663386830915975	27400	0
27410	-0,070865902478857656	27410	119,99912469130777	27410	-0,42331784394502237	27410	120	27410	-0,0663386830915975	27410	0
27420	-0,070967880208256354	27420	120,00070244012677	27420	0,34664380464763783	27420	120	27420	-0,0663386830915975	27420	0
27430	-0,056564425591691558	27430	119,99711873346129	27430	-0,45571395229750816	27430	120	27430	-0,0663386830915975	27430	0
27440	-0,058725247318880493	27440	120,00140513685933	27440	-0,56233217438298644	27440	120	27440	-0,0663386830915975	27440	0
27450	-0,072103212288027158	27450	119,99998448610469	27450	-0,032489438117491304	27450	120	27450	-0,0663386830915975	27450	0
27460	-0,06014357981130506	27460	120,00085018622627	27460	0,19389832960577377	27460	120	27460	-0,0663386830915975	27460	0
27470	-0,063055135024804171	27470	120,00153215029474	27470	0,7076613405445259	27470	120	27470	-0,0663386830915975	27470	0
27480	-0,071702838418261139	27480	119,99710124083786	27480	-1,1178214394534465	27480	120	27480	-0,0663386830915975	27480	0
27490	-0,060498801431033	27490	120,00340585711594	27490	0,90784355535481032	27490	120	27490	-0,0663386830915975	27490	0
27500	-0,064855722693464457	27500	119,99832192766635	27500	1,0246775221595759	27500	120	27500	-0,0663386830915975	27500	0
27510	-0,059073342064337689	27510	120,00133126485272	27510	0,89930918033149421	27510	120	27510	-0,0663386830915975	27510	0
27520	-0,064665919566817734	27520	120,00248693938286	27520	0,091646845307793656	27520	120	27520	-0,0663386830915975	27520	0
27530	-0,065915459583303013	27530	119,99966731662592	27530	-0,076950844993917217	27530	120	27530	-0,0663386830915975	27530	0
27540	-0,0703996914252518	27540	120,00026748227487	27540	0,051899201478876389	27540	120	27540	-0,0663386830915975	27540	0
27550	-0,071797921776330376	27550	119,99939720062133	27550	-1,021428278660343	27550	120	27550	-0,0663386830915975	27550	0
27560	-0,066770543276045285	27560	119,99951144584966	27560	-0,43607748632268728	27560	120	27560	-0,0663386830915975	27560	0
27570	-0,05681481392302231	27570	120,0016723609732	27570	-0,13831200743110678	27570	120	27570	-0,0663386830915975	27570	0
27580	-0,061846729576147744	27580	119,99921919899809	27580	-0,556724398429555	27580	120	27580	-0,0663386830915975	27580	0
27590	-0,073748357713820892	27590	119,99886906562614	27590	0,25364946150739853	27590	120	27590	-0,0663386830915975	27590	0
27600	-0,06869416736075995	27600	119,99777456271782	27600	-0,87576876612330279	27600	120	27600	-0,0663386830915975	27600	0
27610	-0,060715006747270081	27610	120,00171767410879	27610	1,770643594802287	27610	120	27610	-0,0663386830915975	27610	0
27620	-0,078066622834255139	27620	119,99922100639505	27620	-0,77118245089821313	27620	120	27620	-0,0663386830915975	27620	0
27630	-0,062296960556912466	27630	120,00093651562868	27630	-0,25884217019310851	27630	120	27630	-0,0663386830915975	27630	0
27640	-0,055667899320427594	27640	120,00147350859599	27640	0,57669420198289	27640	120	27640	-0,0663386830915975	27640	0
27650	-0,060271863685880681	27650	120,00243126612523	27650	0,46013059768334874	27650	120	27650	-0,0663386830915975	27650	0
27660	-0,062129149311734223	27660	119,99959181441496	27660	0,27657776917576316	27660	120	27660	-0,0663386830915975	27660	0
27670	-0,068486884184765576	27670	119,99951863166791	27670	0,27171646259969989	27670	120	27670	-0,0663386830915975	27670	0
27680	-0,067478196253010034	27680	120,00072790511001	27680	0,98417335738023759	27680	120	27680	-0,0663386830915975	27680	0
27690	-0,064611056931912283	27690	120,00077776242942	27690	1,0344214420182594	27690	120	27690	-0,0663386830915975	27690	0
27700	-0,064155853705218688	27700	119,99803074073478	27700	0,5587253112436753	27700	120	27700	-0,0663386830915975	27700	0
27710	-0,077657969979186323	27710	119,99882139564969	27710	-1,2512798090863277	27710	120	27710	-0,0663386830915975	27710	0
27720	-0,0704710341934185	27720	119,99978587674565	27720	0,059422949790108537	27720	120	27720	-0,0663386830915975	27720	0
27730	-0,059922806611191447	27730	120,00091773970952	27730	-0,018081415863214989	27730	120	27730	-0,0663386830915975	27730	0
27740	-0,071231322313814918	27740	120,00182273628707	27740	0,21539974780446314	27740	120	27740	-0,0663386830915975	27740	0
27750	-0,06632072673554644	27750	119,99941286208961	27750	-0,57318683225000611	27750	120	27750	-0,0663386830915975	27750	0
27760	-0,063858927723148926	27760	120,00082809372194	27760	-0,75227103995756539	27760	120	27760	-0,0663386830915975	27760	0
27770	-0,06974842446991382	27770	120,00121111336743	27770	0,37355549090912088	27770	120	27770	-0,0663386830915975	27770	0
27780	-0,065139782484640363	27780	119,99885595678596	27780	0,46298331389653147	27780	120	27780	-0,0663386830915975	27780	0
27790	-0,057425221581429972	27790	119,99944032031719	27790	-0,49218571445140269	27790	120	27790	-0,0663386830915975	27790	0
27800	-0,08422243133856816	27800	119,99552598532529	27800	-0,27315626648769464	27800	120	27800	-0,0663386830915975	27800	0
27810	-0,050442992460680069	27810	120,00311631917093	27810	-0,073682785507920789	27810	120	27810	-0,0663386830915975	27810	0
27820	-0,073472685682078459	27820	119,99769528641976	27820	-0,24960646727900948	27820	120	27820	-0,0663386830915975	27820	0
27830	-0,07453129920497778	27830	119,9980604411822	27830	-0,76640354149340628	27830	120	27830	-0,0663386830915975	27830	0
27840	-0,063882016879858242	27840	119,99996982139631	27840	-0,67695796228440619	27840	120	27840	-0,0663386830915975	27840	0
27850	-0,0707347362186849	27850	119,99922531407717	27850	0,13213195271366957	27850	120	27850	-0,0663386830915975	27850	0
27860	-0,064546341346814556	27860	120,00020575701841	27860	-0,70101909577440613	27860	120	27860	-0,0663386830915975	27860	0
27870	-0,0679869987377771	27870	120,00151621923304	27870	-0,50036205171309722	27870	120	27870	-0,0663386830915975	27870	0
27880	-0,062977926777856727	27880	120,00137476780141	27880	-0,16203809719107409	27880	120	27880	-0,0663386830915975	27880	0
27890	-0,06699040228094863	27890	120,00168480004643	27890	-0,80820649599901762	27890	120	27890	-0,0663386830915975	27890	0
27900	-0,055085696766301588	27900	120,00452287485571	27900	2,0237107250849165	27900	120	27900	-0,0663386830915975	27900	0
27910	-0,069935839502140273	27910	119,99737186960236	27910	-0,37784506790636418	27910	120	27910	-0,0663386830915975	27910	0
27920	-0,075240358631061779	27920	119,99776642713368	27920	0,32670266070702342	27920	120	27920	-0,0663386830915975	27920	0
27930	-0,077523064408312081	27930	119,99631714798491	27930	-0,70268171397410306	27930	120	27930	-0,0663386830915975	27930	0
27940	-0,065253282770681431	27940	120,00065498022697	27940	-0,67257328191350374	27940	120	27940	-0,0663386830915975	27940	0
27950	-0,070534646551784652	27950	119,99733614722797	27950	-0,20724311594391737	27950	120	27950	-0,0663386830915975	27950	0
27960	-0,078781100946687749	27960	119,9959633407356	27960	-1,3112811797803001	27960	120	27960	-0,0663386830915975	27960	0
27970	-0,062135668603361525	27970	120,0028981254051	27970	0,97503714922946971	27970	120	27970	-0,0663386830915975	27970	0
27980	-0,06240020879343746	27980	120,0007757779516	27980	-0,055303912024817325	27980	120	27980	-0,0663386830915975	27980	0
27990	-0,064542502133424468	27990	120,00279582055939	27990	0,2522517122416858	27990	120	27990	-0,0663386830915975	27990	0
28000	-0,06879419961859623	28000	120,00140709990254	28000	0,357502059474643	28000	120	28000	-0,0663386830915975	28000	0
28010	-0,073476441187612651	28010	119,99781764190107	28010	-0,82890679132810308	28010	120	28010	-0,0663386830915975	28010	0
28020	-0,081563552316863144	28020	119,99761253120022	28020	-0,091340424878077031	28020	120	28020	-0,0663386830915975	28020	0
28030	-0,057919814510998556	28030	120,00044750439032	28030	0,27733540110185895	28030	120	28030	-0,0663386830915975	28030	0
28040	-0,05734246670813363	28040	120,00133677629033	28040	0,046424887490004785	28040	120	28040	-0,0663386830915975	28040	0
28050	-0,05788302112339181	28050	120,00330644425688	28050	0,94580436686826475	28050	120	28050	-0,0663386830915975	28050	0
28060	-0,064708766400490572	28060	120,000958707602	28060	0,42448460082305095	28060	120	28060	-0,0663386830915975	28060	0
28070	-0,067493615568663484	28070	119,99951394022399	28070	-0,575931895353325	28070	120	28070	-0,0663386830915975	28070	0
28080	-0,066941282563375212	28080	119,99788292127128	28080	0,60143454133059671	28080	120	28080	-0,0663386830915975	28080	0
28090	-0,075603089070136256	28090	119,99926539916412	28090	-0,41678655709861434	28090	120	28090	-0,0663386830915975	28090	0
28100	-0,068903953001362359	28100	119,99972231675339	28100	0,29239416665456064	28100	120	28100	-0,0663386830915975	28100	0
28110	-0,068295585773100825	28110	120,00080310329565	28110	-0,075543821489780727	28110	120	28110	-0,0663386830915975	28110	0
28120	-0,071554907296303316	28120	119,9995489002813	28120	0,43481664160202482	28120	120	28120	-0,0663386830915975	28120	0
28130	-0,061726369883399038	28130	119,99934822919637	28130	-0,18356241581721763	28130	120	28130	-0,0663386830915975	28130	0
28140	-0,066980054950528153	28140	119,99941319022449	28140	-0,25166867945748295	28140	120	28140	-0,0663386830915975	28140	0
28150	-0,055924126432365669	28150	120,00080089090091	28150	0,71733545015865585	28150	120	28150	-0,0663386830915975	28150	0
28160	-0,069328299596046764	28160	119,99822971448641	28160	-1,27843487675598	28160	120	28160	-0,0663386830915975	28160	0
28170	-0,071129393243380537	28170	119,99926668327113	28170	-0,063817215956367718	28170	120	28170	-0,0663386830915975	28170	0
28180	-0,071226340580774761	28180	119,99912057369292	28180	-0,50658469570215248	28180	120	28180	-0,0663386830915975	28180	0
28190	-0,083195868101420684	28190	119,99715892697486	28190	-0,83377700663123389	28190	120	28190	-0,0663386830915975	28190	0
28200	-0,068571239682023943	28200	119,99977401466805	28200	-0,45190179634636929	28200	120	28200	-0,0663386830915975	28200	0
28210	-0,056153054179513148	28210	120,00209088899824	28210	-0,26241137483164551	28210	120	28210	-0,0663386830915975	28210	0
28220	-0,0731935482400026	28220	119,99756555525309	28220	-0,11350592139988731	28220	120	28220	-0,0663386830915975	28220	0
28230	-0,05316559349739168	28230	120,00090103998807	28230	0,51299237376513518	28230	120	28230	-0,0663386830915975	28230	0
28240	-0,064146975733898035	28240	120,00127952656143	28240	-0,053237068488996758	28240	120	28240	-0,0663386830915975	28240	0
28250	-0,0543572913586389	28250	120,00341689959559	28250	1,4456169204680696	28250	120	28250	-0,0663386830915975	28250	0
28260	-0,078684632501401577	28260	119,99435284667099	28260	-1,5857444207044924	28260	120	28260	-0,0663386830915975	28260	0
28270	-0,072309756004456188	28270	120,00148358677519	28270	-0,11050892726915002	28270	120	28270	-0,0663386830915975	28270	0
28280	-0,066933748115162325	28280	119,99853397466147	28280	0,18220760711045059	28280	120	28280	-0,0663386830915975	28280	0
28290	-0,069397960393161678	28290	120,00018553987192	28290	-1,6848044678562226	28290	120	28290	-0,0663386830915975	28290	0
28300	-0,063808461859647114	28300	120,00132557578402	28300	0,111902882091098	28300	120	28300	-0,0663386830915975	28300	0
28310	-0,063957219404862764	28310	120,0002249230256	28310	0,11527740149226834	28310	120	28310	-0,0663386830915975	28310	0
28320	-0,072683736659203718	28320	120,00018396112714	28320	0,052201945804118466	28320	120	28320	-0,0663386830915975	28320	0
28330	-0,059902982961228757	28330	119,99916282743352	28330	0,36095483367806658	28330	120	28330	-0,0663386830915975	28330	0
28340	-0,052784725360684584	28340	120,00203096703363	28340	0,35170472203114883	28340	120	28340	-0,0663386830915975	28340	0
28350	-0,069587536378315148	28350	119,99911894385159	28350	-0,2674117805379907	28350	120	28350	-0,0663386830915975	28350	0
28360	-0,063427411126645336	28360	119,99938839451258	28360	0,25074290409436018	28360	120	28360	-0,0663386830915975	28360	0
28370	-0,071237103758279421	28370	119,99806321359698	28370	-0,489755612594288	28370	120	28370	-0,0663386830915975	28370	0
28380	-0,0574409372111972	28380	120,0034011062457	28380	1,1070545851275322	28380	120	28380	-0,0663386830915975	28380	0
28390	-0,061894008230144529	28390	120,00103775637609	28390	-0,47707853749036955	28390	120	28390	-0,0663386830915975	28390	0
28400	-0,069845254513817984	28400	120,00046151004412	28400	-0,093327326966666374	28400	120	28400	-0,0663386830915975	28400	0
28410	-0,062581322597691877	28410	119,9994081117257	28410	0,18404939876759968	28410	120	28410	-0,0663386830915975	28410	0
28420	-0,062134078574842273	28420	120,0022090532414	28420	-0,0054974823467150991	28420	120	28420	-0,0663386830915975	28420	0
28430	-0,067081219924414848	28430	119,99835101960525	28430	-0,33612207722741938	28430	120	28430	-0,0663386830915975	28430	0
28440	-0,067163026359077033	28440	120,0002622204068	28440	-0,074489377215163188	28440	120	28440	-0,0663386830915975	28440	0
28450	-0,06017326701924592	28450	120,00135381394753	28450	0,84961582830916993	28450	120	28450	-0,0663386830915975	28450	0
28460	-0,065129721887748918	28460	119,99983278773915	28460	-0,44738870672663755	28460	120	28460	-0,0663386830915975	28460	0
28470	-0,064156221391854215	28470	120,00138261247378	28470	-0,092151504326688449	28470	120	28470	-0,0663386830915975	28470	0
28480	-0,070733563430115179	28480	119,99818697974305	28480	-0,73007402670890431	28480	120	28480	-0,0663386830915975	28480	0
28490	-0,072521541879013	28490	119,99902023466095	28490	0,033938798368339684	28490	120	28490	-0,0663386830915975	28490	0
28500	-0,061645342311818528	28500	120,00238840625316	28500	0,39850343459756854	28500	120	28500	-0,0663386830915975	28500	0
28510	-0,0653728991598589	28510	120,00073127779804	28510	0,091929199867107417	28510	120	28510	-0,0663386830915975	28510	0
28520	-0,0643362402200794	28520	119,99846860470488	28520	-0,44059169567957113	28520	120	28520	-0,0663386830915975	28520	0
28530	-0,077250512850073963	28530	119,99818140837419	28530	-0,053542140158024165	28530	120	28530	-0,0663386830915975	28530	0
28540	-0,063026237912685842	28540	120,00085124014221	28540	0,16120071230049621	28540	120	28540	-0,0663386830915975	28540	0
28550	-0,068050496060839752	28550	120,00111227225204	28550	0,60058456417342254	28550	120	28550	-0,0663386830915975	28550	0
28560	-0,075526506155959447	28560	119,99735370003944	28560	-1,015671817594846	28560	120	28560	-0,0663386830915975	28560	0
28570	-0,069265957365181763	28570	119,99908416264999	28570	0,587729514578534	28570	120	28570	-0,0663386830915975	28570	0
28580	-0,068625745615820063	28580	119,99859221114443	28580	-1,0466753172709991	28580	120	28580	-0,0663386830915975	28580	0
28590	-0,063110939650941042	28590	120,00160820498979	28590	-0,69335052273594155	28590	120	28590	-0,0663386830915975	28590	0
28600	-0,077131724278103192	28600	119,99711342766797	28600	-0,58603464201246258	28600	120	28600	-0,0663386830915975	28600	0
28610	-0,0702451103793725	28610	119,99745449118197	28610	-0,90555465655467415	28610	120	28610	-0,0663386830915975	28610	0
28620	-0,065073963511934854	28620	120,00073672299831	28620	0,47463601549680212	28620	120	28620	-0,0663386830915975	28620	0
28630	-0,056548212785755413	28630	120,00393786064504	28630	0,97309470773187789	28630	120	28630	-0,0663386830915975	28630	0
28640	-0,07579500111116369	28640	120,00038863167674	28640	-0,018078854233414376	28640	120	28640	-0,0663386830915975	28640	0
28650	-0,053092000987311663	28650	120,00063545641844	28650	0,37385734064086418	28650	120	28650	-0,0663386830915975	28650	0
28660	-0,061684986139501206	28660	120,00937985624442	28660	1,9810981044672111	28660	120,01333333333334	28660	-0,0663386830915975	28660	4
28670	-0,074915363531532136	28670	120,09283174301453	28670	12,276927255248616	28670	120,10666666666667	28670	-0,0663386830915975	28670	16
28680	-0,12054971585448349	28680	120,31397094268243	28680	28,602513962948127	28680	120,36	28680	-0,0663386830915975	28680	36
28690	-0,18193127152656136	28690	120,76739319885822	28690	53,653784752805457	28690	120,85333333333334	28690	-0,0663386830915975	28690	64
28700	-0,2224841002330836	28700	121,53946757257918	28700	88,011766456107452	28700	121,66666666666667	28700	-0,0663386830915975	28700	100
28710	-0,30681388588909608	28710	122,70429497401099	28710	130,11049199748558	28710	122,88	28710	-0,0663386830915975	28710	144
28720	-0,33761382650536359	28720	124,35575935730756	28720	181,44571276474167	28720	124,57333333333334	28720	-0,0663386830915975	28720	196,00000000000006
28730	-0,39316528875838297	28730	126,56187551110128	28730	240,66396226307134	28730	126,82666666666667	28730	-0,0663386830915975	28730	256
28740	-0,41566865646171625	28740	129,42618365597841	28740	307,2866768675558	28740	129,72	28740	-0,0663386830915975	28740	324
28750	-0,4156821562016369	28750	133,01334489217396	28750	383,32814799339025	28750	133,33333333333334	28750	-0,0663386830915975	28750	400,00000000000006
28760	-0,42399080704114384	28760	137,39280979718157	28760	463,92324353931735	28760	137,74666666666667	28760	-0,0663386830915975	28760	484
28770	-0,40155009521135093	28770	142,6632372599708	28770	556,08015120188065	28770	143,04	28770	-0,0663386830915975	28770	576
28780	-0,30023455890618755	28780	148,87621973667328	28780	652,33611535103159	28780	149,29333333333335	28780	-0,0663386830915975	28780	676
28790	-0,31738567759630104	28790	156,10362443329339	28790	759,396728020573	28790	156,58666666666667	28790	-0,0663386830915975	28790	784,00000000000011
28800	-0,32506362282937812	28800	164,45521402569949	28800	866,67149901547407	28800	164,98316455372219	28800	-0,0663386830915975	28800	894,112549695428
28810	-0,34684220681164762	28810	173,84003281272584	28810	971,19813208290668	28810	174,44232756724162	28810	-0,0663386830915975	28810	996,38671967512335
28820	-0,2694748772826866	28820	184,25065629396138	28820	1072,866721712162	28820	184,884232280558	28820	-0,0663386830915975	28820	1090,6608896548187
28830	-0,0640255330864341	28830	195,5897719746317	28830	1158,3734372319948	28830	196,22887869367131	28830	-0,0663386830915975	28830	1176,9350596345137
28840	-0,023637822462557419	28840	207,76199202346109	28840	1253,513308273886	28840	208,39626680658159	28840	-0,0663386830915975	28840	1255,2092296142091
28850	0,047829028880683223	28850	220,68638115370445	28850	1307,707666385445	28850	221,30639661928885	28850	-0,0663386830915975	28850	1325,4833995939043
28860	0,07292690522140606	28860	234,3014598255842	28860	1385,6947803777459	28860	234,879268131793	28860	-0,0663386830915975	28860	1387,7575695735993
28870	0,23154908648512487	28870	248,43686784493264	28870	1428,7948576012832	28870	249,03488134409415	28870	-0,0663386830915975	28870	1442,0317395532945
28880	0,43094852354115404	28880	263,16798724852964	28880	1475,6263998430993	28880	263,69323625619222	28880	-0,0663386830915975	28880	1488,3059095329897
28890	-0,0086034496652973268	28890	278,17659731906753	28890	1512,2419048301579	28890	278,7743328680873	28890	-0,0663386830915975	28890	1526,580079512685
28900	0,50617041207919278	28900	293,55062766306315	28900	1548,6629283060624	28900	294,19817117977925	28900	-0,0663386830915975	28900	1556,8542494923802
28910	0,4664289287956549	28910	309,25603085091967	28910	1573,1587463970518	28910	309,88475119126821	28910	-0,0663386830915975	28910	1579,1284194720754
28920	0,27757262751615142	28920	325,05484116286493	28920	1585,8929917943572	28920	325,75407290255413	28920	-0,0663386830915975	28920	1593,4025894517706
28930	0,31224770012917757	28930	340,9814378131652	28930	1596,1838214701284	28930	341,726136313637	28930	-0,0663386830915975	28930	1599,6767594314658
28940	0,19895155824614194	28940	357,05164571589421	28940	1607,3164417841169	28940	357,72583002030478	28940	-0,0663386830915975	28940	1600
28950	-0,010056608599631018	28950	373,02362823977882	28950	1603,50134485542	28950	373,72583002030478	28950	-0,0663386830915975	28950	1600
28960	0,16326082165306693	28960	389,05301546321408	28960	1602,8669408568615	28960	389,71249668697146	28960	-0,0663386830915975	28960	1596
28970	0,17119567838768648	28970	404,99355405772496	28970	1591,2096674596769	28970	405,61916335363816	28970	-0,0663386830915975	28970	1584
28980	0,041402188579553842	28980	420,6928598503066	28980	1566,0786900271635	28980	421,36583002030483	28980	-0,0663386830915975	28980	1564
28990	0,374146134693069	28990	436,19285372829881	28990	1534,4404718677274	28990	436,87249668697149	28990	-0,0663386830915975	28990	1536
29000	0,36157535373920924	29000	451,4276496771289	29000	1521,5197764798561	29000	452,0591633536381	29000	-0,0663386830915975	29000	1500
29010	0,047492944037681888	29010	466,12479018655262	29010	1458,6291249517603	29010	466,84583002030479	29010	-0,0663386830915975	29010	1456
29020	0,46485651584687776	29020	480,52396383382268	29020	1415,6768221268908	29020	481,15249668697146	29020	-0,0663386830915975	29020	1404
29030	0,09798861748262612	29030	494,32614342625482	29030	1369,3474961883244	29030	494,89916335363813	29030	-0,0663386830915975	29030	1344
29040	0,411775958265686	29040	507,49016607857334	29040	1291,5828240550236	29040	508,00583002030481	29040	-0,0663386830915975	29040	1276
29050	0,13916747827609713	29050	519,88513176816366	29050	1215,4925548624287	29050	520,39249668697153	29050	-0,0663386830915975	29050	1199,9999999999998
29060	0,4415757658727561	29060	531,51917510060787	29060	1138,0722518347511	29060	531,97916335363811	29060	-0,0663386830915975	29060	1116
29070	0,32278196456549929	29070	542,31523406239114	29070	1051,0542304469632	29070	542,68583002030482	29070	-0,0663386830915975	29070	1024
29080	0,40471635151980168	29080	552,087947004529	29080	942,65638865390974	29080	552,43249668697149	29080	-0,0663386830915975	29080	924
29090	0,19575831555365805	29090	560,81735589347306	29090	840,40761360662361	29090	561,13916335363808	29090	-0,0663386830915975	29090	815,99999999999989
29100	0,25446914186202196	29100	568,47280109886879	29100	731,45277386419218	29100	568,74266546658259	29100	-0,0663386830915975	29100	705,88745030457164
29110	0,22330888565611243	29110	575,08107910224339	29110	628,47778886688832	29110	575,28350245306319	29110	-0,0663386830915975	29110	603,61328032487631
29120	0,1558683512648244	29120	580,65844913016156	29120	527,69890346477462	29120	580,84159773974682	29120	-0,0663386830915975	29120	509,33911034518161
29130	0,03693705363058359	29130	585,340707156592	29130	440,36014792624439	29130	585,49695132663351	29130	-0,0663386830915975	29130	423,06494036548628
29140	-0,099737266442689	29140	589,16428163722071	29140	358,76225572226343	29140	589,32956321372319	29140	-0,0663386830915975	29140	344,790770385791
29150	-0,19946684914466159	29150	592,21997432741728	29150	281,69265375990875	29150	592,419433401016	29150	-0,0663386830915975	29150	274,51660040609579
29160	-0,28107188848705078	29160	594,60593638803323	29160	220,56793612565645	29160	594,84656188851181	29160	-0,0663386830915975	29160	212,24243042640057
29170	-0,39037782445762326	29170	596,41578342861828	29170	163,31871247499603	29170	596,69094867621072	29170	-0,0663386830915975	29170	157,968260446705
29180	-0,44029516149229336	29180	597,76059180364143	29180	121,83955893789788	29180	598,03259376411256	29180	-0,0663386830915975	29180	111,69409046700983
29190	-0,46897756572790572	29190	598,70397416275807	29190	83,0516683126062	29190	598,95149715221748	29190	-0,0663386830915975	29190	73,419920487314656
29200	-0,46787909791512106	29200	599,319493330363	29200	52,02027012571655	29200	599,52765884052553	29200	-0,0663386830915975	29200	43,1457505076195
29210	-0,42851909523284065	29210	599,68400113411258	29210	28,818936798863042	29210	599,84107882903663	29210	-0,0663386830915975	29210	20,871580527924372
29220	-0,40451298471198965	29220	599,8575936712266	29220	12,385300364753311	29220	599,97175711775071	29220	-0,0663386830915975	29220	6,5974105482293677
29230	-0,36863173414063644	29230	599,91439618560412	29230	3,5923156344085951	29230	599,99969370666781	29230	-0,0663386830915975	29230	0,32324056853417465
29240	-0,37089675843425118	29240	599,92507870004954	29240	0,70867278046213011	29240	600	29240	-0,0663386830915975	29240	0
29250	-0,35548215956983614	29250	599,93094276508793	29250	1,2306791109022726	29250	600	29250	-0,0663386830915975	29250	0
29260	-0,34396297645193463	29260	599,9331198698	29260	-0,56488796578649081	29260	600	29260	-0,0663386830915975	29260	0
29270	-0,32189752683586237	29270	599,94163422065287	29270	1,0142625775717944	29270	600	29270	-0,0663386830915975	29270	0
29280	-0,27019767742953688	29280	599,9568453173	29280	1,3267533406686034	29280	600	29280	-0,0663386830915975	29280	0
29290	-0,23690271953371456	29290	599,97215790938617	29290	0,93912219068088043	29290	600	29290	-0,0663386830915975	29290	0
29300	-0,17921255388178731	29300	599,99496905843137	29300	3,1129654356431784	29300	600	29300	-0,0663386830915975	29300	0
29310	-0,15851440116063159	29310	600,00545145789386	29310	0,53564687696283375	29310	600	29310	-0,0663386830915975	29310	0
29320	-0,12298007414401191	29320	600,017765728878	29320	1,8129992743134455	29320	600	29320	-0,0663386830915975	29320	0
29330	-0,11093079291823833	29330	600,0177359025505	29330	-0,69703863683732148	29330	600	29330	-0,0663386830915975	29330	0
29340	-0,081152802677752642	29340	600,01873287325554	29340	-0,51008982450710061	29340	600	29340	-0,0663386830915975	29340	0
29350	-0,081580223354935436	29350	600,01343413879988	29350	-0,55863965066087418	29350	600	29350	-0,0663386830915975	29350	0
29360	-0,0882037399950099	29360	600,00448646589541	29360	-1,1752867860789082	29360	600	29360	-0,0663386830915975	29360	0
29370	-0,099381545184928061	29370	600,00194808537344	29370	-1,0216683722527016	29370	600	29370	-0,0663386830915975	29370	0
29380	-0,10214467432990032	29380	599,992394106664	29380	-1,2619797832907496	29380	600	29380	-0,0663386830915975	29380	0
29390	-0,079590070443132918	29390	599,99527220627954	29390	-0,54328460694298641	29390	600	29390	-0,0663386830915975	29390	0
29400	-0,087442042935659353	29400	599,99347001117212	29400	0,31878463189442585	29400	600	29400	-0,0663386830915975	29400	0
29410	-0,08578487865348973	29410	599,9921535037513	29410	0,28721725654975738	29410	600	29410	-0,0663386830915975	29410	0
29420	-0,081711529192539489	29420	599,99602196582885	29420	-0,13912267540882548	29420	600	29420	-0,0663386830915975	29420	0
29430	-0,079228848578346125	29430	599,99855851203358	29430	0,61772885937293021	29430	600	29430	-0,0663386830915975	29430	0
29440	-0,07866004383342462	29440	599,99666881173653	29440	-1,3228577332637812	29440	600	29440	-0,0663386830915975	29440	0
29450	-0,074155988281811691	29450	600,00310991164235	29450	0,59355537801329061	29450	600	29450	-0,0663386830915975	29450	0
29460	-0,073475514417406032	29460	599,998188238223	29460	0,45443431638065751	29460	600	29460	-0,0663386830915975	29460	0
29470	-0,076227825958716411	29470	600,00191497633693	29470	-1,4376299773680421	29470	600	29470	-0,0663386830915975	29470	0
29480	-0,075804511811564515	29480	599,99976951449014	29480	-0,090013539360046829	29480	600	29480	-0,0663386830915975	29480	0
29490	-0,0661012585878988	29490	600,00127473831037	29490	0,10662608159966186	29490	600	29490	-0,0663386830915975	29490	0
29500	-0,066977122448859214	29500	600,00028065034621	29500	-0,18195257132011666	29500	600	29500	-0,0663386830915975	29500	0
29510	-0,066600812554472061	29510	599,999332881554	29510	0,7260461755715365	29510	600	29510	-0,0663386830915975	29510	0
29520	-0,059183202001769158	29520	600,00408215152322	29520	0,78063456148137877	29520	600	29520	-0,0663386830915975	29520	0
29530	-0,0626534388196273	29530	600,00105975940846	29530	0,3623090265531575	29530	600	29530	-0,0663386830915975	29530	0
29540	-0,065619437723494836	29540	599,99902650130525	29540	-0,60941739446488929	29540	600	29540	-0,0663386830915975	29540	0
29550	-0,068111753373572059	29550	599,999472652265	29550	-1,0095776096705782	29550	600	29550	-0,0663386830915975	29550	0
29560	-0,0642486093857856	29560	600,00121164903157	29560	-0,19969161472644964	29560	600	29560	-0,0663386830915975	29560	0
29570	-0,076228943243500907	29570	599,99785832826842	29570	0,044448155679699973	29570	600	29570	-0,0663386830915975	29570	0
29580	-0,079133151564953749	29580	599,99739923388643	29580	0,019668968184996333	29580	600	29580	-0,0663386830915975	29580	0
29590	-0,045394779739923292	29590	600,0052190306584	29590	0,60206703349592383	29590	600	29590	-0,0663386830915975	29590	0
29600	-0,056831077935505195	29600	600,00235061985018	29600	1,0092126443135816	29600	600	29600	-0,0663386830915975	29600	0
29610	-0,074113383890082832	29610	599,99690883888479	29610	0,17345222372204058	29610	600	29610	-0,0663386830915975	29610	0
29620	-0,064227191564613664	29620	600,00079054358025	29620	-0,2070821448238338	29620	600	29620	-0,0663386830915975	29620	0
29630	-0,0656487529428251	29630	599,99979931556618	29630	-0,53112577387559046	29630	600	29630	-0,0663386830915975	29630	0
29640	-0,075189162225165362	29640	599,99846322004282	29640	0,12620691015450944	29640	600	29640	-0,0663386830915975	29640	0
29650	-0,063664205651629932	29650	600,00246015407731	29650	0,63807176642356112	29650	600	29650	-0,0663386830915975	29650	0
29660	-0,06007299449452299	29660	600,0011925641013	29660	-0,093165691749121413	29660	600	29660	-0,0663386830915975	29660	0
29670	-0,0655237642104367	29670	600,00054343486147	29670	-0,48232039957262751	29670	600	29670	-0,0663386830915975	29670	0
29680	-0,0771276955364253	29680	599,99598447359688	29680	-0,37375432698428679	29680	600	29680	-0,0663386830915975	29680	0
29690	-0,056295063884723232	29690	600,00208477205706	29690	0,04799753835691728	29690	600	29690	-0,0663386830915975	29690	0
29700	-0,077569459268552438	29700	599,99784861777073	29700	-0,21712732069895852	29700	600	29700	-0,0663386830915975	29700	0
29710	-0,060720145133653439	29710	600,0007602223377	29710	1,0279733388270054	29710	600	29710	-0,0663386830915975	29710	0
29720	-0,067937777264539839	29720	600,00188534565859	29720	0,40149499428889956	29720	600	29720	-0,0663386830915975	29720	0
29730	-0,064936793054895373	29730	599,99870755871564	29730	-0,073859562126372513	29730	600	29730	-0,0663386830915975	29730	0
29740	-0,0619193421924585	29740	600,00093978818836	29740	0,069514884212891814	29740	600	29740	-0,0663386830915975	29740	0
29750	-0,069196161929048039	29750	600,00145705093064	29750	0,96951904040840131	29750	600	29750	-0,0663386830915975	29750	0
29760	-0,05707093333893818	29760	600,00070510013006	29760	-0,49564497192409768	29760	600	29760	-0,0663386830915975	29760	0
29770	-0,076824740562293131	29770	600,0003789923278	29770	-0,15038733605981902	29770	600	29770	-0,0663386830915975	29770	0
29780	-0,075198530260754168	29780	599,99645184256315	29780	-0,12643358323422244	29780	600	29780	-0,0663386830915975	29780	0
29790	-0,068519320841018166	29790	599,99966407344129	29790	0,16560175796873433	29790	600	29790	-0,0663386830915975	29790	0
29800	-0,06029782503915216	29800	600,00058529927139	29800	0,58808965026312809	29800	600	29800	-0,0663386830915975	29800	0
29810	-0,069644615699722467	29810	599,99913908826238	29810	-0,75350257538386312	29810	600	29810	-0,0663386830915975	29810	0
29820	-0,047153789182295153	29820	600,00570306034172	29820	1,2981001990759997	29820	600	29820	-0,0663386830915975	29820	0
29830	-0,07847618970255385	29830	599,9961455031264	29830	-0,83378387736976589	29830	600	29830	-0,0663386830915975	29830	0
29840	-0,064730171018210367	29840	600,00235906091916	29840	0,41039261542042482	29840	600	29840	-0,0663386830915975	29840	0
29850	-0,0717224014969162	29850	599,9983709735576	29850	-1,2538532978676771	29850	600	29850	-0,0663386830915975	29850	0
29860	-0,066350395345516025	29860	600,00055480712535	29860	0,017174007897384047	29860	600	29860	-0,0663386830915975	29860	0
29870	-0,06469676973413746	29870	600,00077465407	29870	0,77332795817251232	29870	600	29870	-0,0663386830915975	29870	0
29880	-0,072420298811037412	29880	599,99732726887066	29880	-1,3718561773193336	29880	600	29880	-0,0663386830915975	29880	0
29890	-0,066787551097497441	29890	600,00154255085761	29890	-0,32031030337593919	29890	600	29890	-0,0663386830915975	29890	0
29900	-0,058634863480093696	29900	600,00148477384539	29900	1,2686517773625485	29900	600	29900	-0,0663386830915975	29900	0
29910	-0,0617322882403692	29910	599,99903129842517	29910	-0,22741392432361118	29910	600	29910	-0,0663386830915975	29910	0
29920	-0,058020676084130737	29920	600,00245755641606	29920	-0,33186949105861963	29920	600	29920	-0,0663386830915975	29920	0
29930	-0,075220687714455475	29930	599,99693117200468	29930	-0,512539114239308	29930	600	29930	-0,0663386830915975	29930	0
29940	-0,070926414694327075	29940	599,99814972548029	29940	-0,67837570768164213	29940	600	29940	-0,0663386830915975	29940	0
29950	-0,065029299542815874	29950	600,00239570668316	29950	1,375763128765946	29950	600	29950	-0,0663386830915975	29950	0
29960	-0,05911894824184994	29960	600,00011391885369	29960	0,72675297837218134	29960	600	29960	-0,0663386830915975	29960	0
29970	-0,068743594247892434	29970	599,99911760677821	29970	-0,68536715856780528	29970	600	29970	-0,0663386830915975	29970	0
29980	-0,0639649801136321	29980	600,002886191815	29980	0,75502622238142114	29980	600	29980	-0,0663386830915975	29980	0
29990	-0,062777145908670423	29990	599,99928685431041	29990	-0,47431411965290032	29990	600	29990	-0,0663386830915975	29990	0
30000	-0,068983375047143025	30000	600,00060873894688	30000	-0,23169977600803221	30000	600	30000	-0,0663386830915975	30000	0
30010	-0,071667356677511826	30010	599,99804945671519	30010	-0,52399949346366315	30010	600	30010	-0,0663386830915975	30010	0
30020	-0,066812623597638315	30020	599,99951599137137	30020	-0,22414875404459547	30020	600	30020	-0,0663386830915975	30020	0
30030	-0,059104875764746663	30030	600,0020627039595	30030	0,016471806207447065	30030	600	30030	-0,0663386830915975	30030	0
30040	-0,088042496537197368	30040	599,99541393791992	30040	-1,9541295087886001	30040	600	30040	-0,0663386830915975	30040	0
30050	-0,079376868677361725	30050	599,99424805429635	30050	-1,2435555584804703	30050	600	30050	-0,0663386830915975	30050	0
30060	-0,073380364474604637	30060	599,99771199958423	30060	-1,3621731798430341	30060	600	30060	-0,0663386830915975	30060	0
30070	-0,063906882779945537	30070	600,00117851843731	30070	0,699539503336343	30070	600	30070	-0,0663386830915975	30070	0
30080	-0,0575408237815131	30080	600,00095979733192	30080	0,25847482834053637	30080	600	30080	-0,0663386830915975	30080	0
30090	-0,062924819209453961	30090	600,00125392096982	30090	-0,50911653334761953	30090	600	30090	-0,0663386830915975	30090	0
30100	-0,0716178902409948	30100	600,00037703597638	30100	-0,49048626255829475	30100	600	30100	-0,0663386830915975	30100	0
30110	-0,072708989568163837	30110	599,99827395052773	30110	-0,71362417109028575	30110	600	30110	-0,0663386830915975	30110	0
30120	-0,062120745075555636	30120	600,00046821733883	30120	-0,043313252276977188	30120	600	30120	-0,0663386830915975	30120	0
30130	-0,065908058096256814	30130	600,00113797875576	30130	1,1300059758947854	30130	600	30130	-0,0663386830915975	30130	0
30140	-0,058864854712292816	30140	600,00157480791825	30140	0,97681660484130384	30140	600	30140	-0,0663386830915975	30140	0
30150	-0,073870684788253926	30150	599,99997773913833	30150	-0,55671772357067018	30150	600	30150	-0,0663386830915975	30150	0
30160	-0,070460994358286733	30160	599,99593369946911	30160	-0,3010583411086114	30160	600	30160	-0,0663386830915975	30160	0
30170	-0,064532525623763631	30170	600,001231656951	30170	-0,071646706936398907	30170	600	30170	-0,0663386830915975	30170	0
30180	-0,076260073234262621	30180	599,99783848364439	30180	-0,59310992910683757	30180	600	30180	-0,0663386830915975	30180	0
30190	-0,066927024653567868	30190	599,99845882052512	30190	-0,49108215594652327	30190	600	30190	-0,0663386830915975	30190	0
30200	-0,070281976902754326	30200	600,00214454991078	30200	0,69849495731979672	30200	600	30200	-0,0663386830915975	30200	0
30210	-0,059464021340501307	30210	599,99873424007922	30210	-0,83333399588342527	30210	600	30210	-0,0663386830915975	30210	0
30220	-0,074860196861594119	30220	599,99979000850237	30220	-0,095916512623717365	30220	600	30220	-0,0663386830915975	30220	0
30230	-0,065662185542876769	30230	599,99922879830365	30230	-0,68111250245344035	30230	600	30230	-0,0663386830915975	30230	0
30240	-0,060556503241814712	30240	600,0008221088267	30240	0,11817238704769345	30240	600	30240	-0,0663386830915975	30240	0
30250	-0,062449366636328822	30250	600,00381826015109	30250	0,74976541499292837	30250	600	30250	-0,0663386830915975	30250	0
30260	-0,0824842730148757	30260	599,99367533549116	30260	-1,8220381056920119	30260	600	30260	-0,0663386830915975	30260	0
30270	-0,061820746631765941	30270	600,00240040839185	30270	1,3350940664905866	30270	600	30270	-0,0663386830915975	30270	0
30280	-0,073399468562357337	30280	599,99640116664807	30280	-0,072792405298699486	30280	600	30280	-0,0663386830915975	30280	0
30290	-0,059945899768120141	30290	600,00218720682324	30290	0,28808244367780117	30290	600	30290	-0,0663386830915975	30290	0
30300	-0,076041878251106115	30300	599,99983763037346	30300	0,0041629149766006165	30300	600	30300	-0,0663386830915975	30300	0
30310	-0,05700883167933217	30310	600,00093088270319	30310	0,56527275539068533	30310	600	30310	-0,0663386830915975	30310	0
30320	-0,0648752637865395	30320	600,00075248865119	30320	-0,26251831058629527	30320	600	30320	-0,0663386830915975	30320	0
30330	-0,069687219631004022	30330	599,9990191964298	30330	0,089127067785616881	30330	600	30330	-0,0663386830915975	30330	0
30340	-0,063212004531119734	30340	600,00055288654448	30340	-0,10121234702010121	30340	600	30340	-0,0663386830915975	30340	0
30350	-0,062697929355487472	30350	600,00248651867332	30350	-0,10424196249505785	30350	600	30350	-0,0663386830915975	30350	0
30360	-0,059544377882637979	30360	600,00082395116056	30360	0,84144484244785134	30360	600	30360	-0,0663386830915975	30360	0
30370	-0,0619554355815225	30370	599,99914546706088	30370	-0,47324587555738817	30370	600	30370	-0,0663386830915975	30370	0
30380	-0,065760422915149538	30380	600,00140599122324	30380	0,784939069122342	30380	600	30380	-0,0663386830915975	30380	0
30390	-0,052857372819125087	30390	600,00129261858763	30390	-0,595738802483624	30390	600	30390	-0,0663386830915975	30390	0
30400	-0,07381571083662454	30400	599,99946138784753	30400	0,070341461895619767	30400	600	30400	-0,0663386830915975	30400	0
30410	-0,069631005137749488	30410	599,99783619309926	30410	-0,91404955612546146	30410	600	30410	-0,0663386830915975	30410	0
30420	-0,062543269438903037	30420	600,00037903366444	30420	0,58403552924381386	30420	600	30420	-0,0663386830915975	30420	0
30430	-0,072210863637790612	30430	599,99821291651836	30430	-0,44194050857033607	30430	600	30430	-0,0663386830915975	30430	0
30440	-0,05011739514693897	30440	600,00658546405884	30440	1,1066188205619452	30440	600	30440	-0,0663386830915975	30440	0
30450	-0,065523504669755275	30450	600,00038802016411	30450	-0,13855374946862173	30450	600	30450	-0,0663386830915975	30450	0
30460	-0,066774279504547673	30460	599,9985560447177	30460	-0,77694291465235032	30460	600	30460	-0,0663386830915975	30460	0
30470	-0,067024308267070967	30470	600,00093631124378	30470	0,36008208445620626	30470	600	30470	-0,0663386830915975	30470	0
30480	-0,07555580983308588	30480	599,99905286104809	30480	-0,942592418710521	30480	600	30480	-0,0663386830915975	30480	0
30490	-0,073121244518662254	30490	599,99701222730323	30490	-0,4919432810403368	30490	600	30490	-0,0663386830915975	30490	0
30500	-0,070124269422048274	30500	599,99974690089869	30500	0,12559372848575165	30500	600	30500	-0,0663386830915975	30500	0
30510	-0,071681313518299664	30510	599,99843705563444	30510	0,24050580635283217	30510	600	30510	-0,0663386830915975	30510	0
30520	-0,060269364611956665	30520	600,00163435632533	30520	0,075486163875952431	30520	600	30520	-0,0663386830915975	30520	0
30530	-0,066465557774301728	30530	600,00002454089122	30530	-0,61590393006529065	30530	600	30530	-0,0663386830915975	30530	0
30540	-0,061226580562875173	30540	600,00243842383588	30540	-0,15206647182608893	30540	600	30540	-0,0663386830915975	30540	0
30550	-0,060652849918080974	30550	600,0010295564723	30550	0,065785818125096984	30550	600	30550	-0,0663386830915975	30550	0
30560	-0,070128490084486572	30560	599,99856057148554	30560	-0,3172301538961344	30560	600	30560	-0,0663386830915975	30560	0
30570	-0,064663569807661636	30570	600,00090647206446	30570	1,2361338214868332	30570	600	30570	-0,0663386830915975	30570	0
30580	-0,05865836113286519	30580	599,99997231189138	30580	0,60640689923069413	30580	600	30580	-0,0663386830915975	30580	0
30590	-0,064177180681087256	30590	599,99888189977037	30590	-0,64373877920996514	30590	600	30590	-0,0663386830915975	30590	0
30600	-0,0744064010646214	30600	600,00032518933779	30600	0,45059522622151893	30600	600	30600	-0,0663386830915975	30600	0
30610	-0,060911435742931112	30610	600,001516766075	30610	0,62845356385533291	30610	600	30610	-0,0663386830915975	30610	0
30620	-0,07324423631781922	30620	599,999564913094	30620	-0,59410778288955279	30620	600	30620	-0,0663386830915975	30620	0
30630	-0,077070442950857215	30630	599,99484918453822	30630	-0,48805977548900847	30630	600	30630	-0,0663386830915975	30630	0
30640	-0,066650904551327689	30640	600,0000866460415	30640	0,17139908269372373	30640	600	30640	-0,0663386830915975	30640	0
30650	-0,066768453172090445	30650	600,00102492047392	30650	-0,066731099162119834	30650	600	30650	-0,0663386830915975	30650	0
30660	-0,061208687892354452	30660	599,99933360422654	30660	-0,19366778270470908	30660	600	30660	-0,0663386830915975	30660	0
30670	-0,066137926644159711	30670	600,00214921708482	30670	0,05661858659104968	30670	600	30670	-0,0663386830915975	30670	0
30680	-0,07181684157700774	30680	599,99917442461071	30680	0,73113826990301645	30680	600	30680	-0,0663386830915975	30680	0
30690	-0,072499961902963678	30690	599,99698478360949	30690	-1,1598467618837571	30690	600	30690	-0,0663386830915975	30690	0
30700	-0,070330867724779325	30700	600,00037363852516	30700	-0,13951761409681746	30700	600	30700	-0,0663386830915975	30700	0
30710	-0,073622667357962732	30710	599,997074256206	30710	-0,0363604824177336	30710	600	30710	-0,0663386830915975	30710	0
30720	-0,061913869137900625	30720	600,00167647933915	30720	0,66964029906967082	30720	600	30720	-0,0663386830915975	30720	0
30730	-0,0672573068349503	30730	599,99929438399533	30730	-0,17254229332058557	30730	600	30730	-0,0663386830915975	30730	0
30740	-0,062268732480579334	30740	600,00272026446248	30740	-0,032633634038543469	30740	600	30740	-0,0663386830915975	30740	0
30750	-0,076271939294432614	30750	599,99969418621254	30750	0,0096446210742203164	30750	600	30750	-0,0663386830915975	30750	0
30760	-0,064343543065173675	30760	600,00428158591058	30760	0,21584119581810307	30760	600	30760	-0,0663386830915975	30760	0
30770	-0,059199100246000211	30770	600,00316324514563	30770	-0,14233305226163309	30770	600	30770	-0,0663386830915975	30770	0
30780	-0,084831428066231049	30780	599,9958906091	30780	-1,2667017261922449	30780	600	30780	-0,0663386830915975	30780	0
30790	-0,071148224720228276	30790	599,99819360539288	30790	-1,1048305251802688	30790	600	30790	-0,0663386830915975	30790	0
30800	-0,06365131802251657	30800	600,00021694502334	30800	0,029535055569846425	30800	600	30800	-0,0663386830915975	30800	0
30810	-0,05550261539521574	30810	599,99800639852435	30810	0,91721097944693408	30810	600	30810	-0,0663386830915975	30810	0
30820	-0,063848440081195057	30820	600,0001434770611	30820	-0,2694266906914432	30820	600	30820	-0,0663386830915975	30820	0
30830	-0,064735078041845237	30830	599,99948621408942	30830	0,31140477540677258	30830	600	30830	-0,0663386830915975	30830	0
30840	-0,045342206199091004	30840	600,00503842430533	30840	1,7275722012231656	30840	600	30840	-0,0663386830915975	30840	0
30850	-0,056793453396731544	30850	600,00374754953316	30850	1,2859879618069741	30850	600	30850	-0,0663386830915975	30850	0
30860	-0,067487576294753451	30860	599,99809164205453	30860	-0,70953060054088446	30860	600	30860	-0,0663386830915975	30860	0
30870	-0,0629779762898557	30870	599,99998407569853	30870	-0,2334988344502657	30870	600	30870	-0,0663386830915975	30870	0
30880	-0,064945643975878722	30880	599,99947441512438	30880	0,27203266176031043	30880	600	30880	-0,0663386830915975	30880	0
30890	-0,061713257665095653	30890	599,999829807096	30890	-0,37617859588422947	30890	600	30890	-0,0663386830915975	30890	0
30900	-0,07079927177377715	30900	600,00093920242261	30900	0,57840739312917711	30900	600	30900	-0,0663386830915975	30900	0
30910	-0,063960914493957882	30910	599,99954052157739	30910	-0,25262074547594016	30910	600	30910	-0,0663386830915975	30910	0
30920	-0,065613807474340952	30920	600,00163668242681	30920	-0,51383517859736016	30920	600	30920	-0,0663386830915975	30920	0
30930	-0,077741844564494622	30930	599,99871304897522	30930	-0,46532508933176975	30930	600	30930	-0,0663386830915975	30930	0
30940	-0,066466034351399722	30940	599,99937117911884	30940	-1,008914842050511	30940	600	30940	-0,0663386830915975	30940	0
30950	-0,06914103812479741	30950	599,99883977927118	30950	-0,79630713878653292	30950	600	30950	-0,0663386830915975	30950	0
30960	-0,0716759520445523	30960	599,99772582821322	30960	-0,19051317066625415	30960	600	30960	-0,0663386830915975	30960	0
30970	-0,061403621969167127	30970	600,00120080767078	30970	0,31963815109638238	30970	600	30970	-0,0663386830915975	30970	0
30980	-0,072199020499096128	30980	599,99620523527278	30980	-0,14464846471582651	30980	600	30980	-0,0663386830915975	30980	0
30990	-0,070284033452919364	30990	599,99954815387662	30990	0,43706279792957625	30990	600	30990	-0,0663386830915975	30990	0
31000	-0,075897111804784312	31000	599,99970472318682	31000	-0,16029637566471425	31000	600	31000	-0,0663386830915975	31000	0
31010	-0,067617097509058019	31010	599,99786497319883	31010	-0,27423672958301015	31010	600	31010	-0,0663386830915975	31010	0
31020	-0,060293377516012214	31020	600,00233688750427	31020	0,48873344690373877	31020	600	31020	-0,0663386830915975	31020	0
31030	-0,058329709396811473	31030	600,00230233779348	31030	0,28709792183187333	31030	600	31030	-0,0663386830915975	31030	0
31040	-0,068145577488777087	31040	600,00140995500612	31040	-0,19935049142957945	31040	600	31040	-0,0663386830915975	31040	0
31050	-0,065928445498942181	31050	599,99974833282283	31050	-0,51116625324612308	31050	600	31050	-0,0663386830915975	31050	0
31060	-0,070776101549620482	31060	599,99783298286786	31060	-0,96951466167873213	31060	600	31060	-0,0663386830915975	31060	0
31070	-0,079068711606729736	31070	599,99647047767712	31070	-0,88584554868672827	31070	600	31070	-0,0663386830915975	31070	0
31080	-0,056213742659350072	31080	600,00101935903683	31080	-0,20174743015396351	31080	600	31080	-0,0663386830915975	31080	0
31090	-0,060955020241050095	31090	600,00052925767727	31090	-0,61633246897095562	31090	600	31090	-0,0663386830915975	31090	0
31100	-0,064770254031143212	31100	600,00220244733475	31100	-0,21180048140157162	31100	600	31100	-0,0663386830915975	31100	0
31110	-0,069361536952559366	31110	599,99813227056	31110	-0,69910449139672082	31110	600	31110	-0,0663386830915975	31110	0
31120	-0,074667165945271965	31120	599,99720300619617	31120	-0,37475923138545919	31120	600	31120	-0,0663386830915975	31120	0
31130	-0,0728135788223763	31130	599,996172348064	31130	-0,28125649463675595	31130	600	31130	-0,0663386830915975	31130	0
31140	-0,064322459633595785	31140	599,99969286202054	31140	0,044607024374318627	31140	600	31140	-0,0663386830915975	31140	0
31150	-0,061498820349191109	31150	600,00000512815836	31150	0,29687885863716357	31150	600	31150	-0,0663386830915975	31150	0
31160	-0,051035089749575969	31160	600,00196178458725	31160	1,03954328249838	31160	600	31160	-0,0663386830915975	31160	0
31170	-0,064362515338295	31170	600,0015930095085	31170	0,17858194733111821	31170	600	31170	-0,0663386830915975	31170	0
31180	-0,062959439866281039	31180	600,0014740461645	31180	0,5270021004885117	31180	600	31180	-0,0663386830915975	31180	0
31190	-0,066563342680543119	31190	599,99869110536531	31190	-0,30245521262332731	31190	600	31190	-0,0663386830915975	31190	0
31200	-0,066103012548527837	31200	600,0028311065771	31200	0,50400541421028555	31200	600	31200	-0,0663386830915975	31200	0
31210	-0,070105031704141618	31210	599,99823234597147	31210	-0,45554054951947676	31210	600	31210	-0,0663386830915975	31210	0
31220	-0,0757110016643558	31220	599,99880876376983	31220	-0,77316457222658486	31220	600	31220	-0,0663386830915975	31220	0
31230	-0,074175149623667558	31230	600,00024514783343	31230	0,46053130828421907	31230	600	31230	-0,0663386830915975	31230	0
31240	-0,058300847199055518	31240	600,00120505936275	31240	0,019506589626442417	31240	600	31240	-0,0663386830915975	31240	0
31250	-0,071110967525020941	31250	600,00040373755792	31250	-0,12981361942231939	31250	600	31250	-0,0663386830915975	31250	0
31260	-0,064199448483131513	31260	599,99887918410786	31260	-0,029471817287445523	31260	600	31260	-0,0663386830915975	31260	0
31270	-0,061959105538644643	31270	600,001081815417	31270	-0,0073334553514307066	31270	600	31270	-0,0663386830915975	31270	0
31280	-0,075630640688120088	31280	599,9974044191606	31280	-0,021120476395891596	31280	600	31280	-0,0663386830915975	31280	0
31290	-0,066014756646709277	31290	600,00102731469735	31290	0,091486972230344507	31290	600	31290	-0,0663386830915975	31290	0
31300	-0,076129732400975814	31300	599,99749655306721	31300	-1,3446302677136015	31300	600	31300	-0,0663386830915975	31300	0
31310	-0,074383122230730611	31310	599,996928254806	31310	-1,7292878376355547	31310	600	31310	-0,0663386830915975	31310	0
31320	-0,0699323499273684	31320	599,99960760498186	31320	-0,15486094099961156	31320	600	31320	-0,0663386830915975	31320	0
31330	-0,078504256241567386	31330	599,99702055322575	31330	-0,74153665665835045	31330	600	31330	-0,0663386830915975	31330	0
31340	-0,072482600662435712	31340	599,99839788569727	31340	-0,57229916062968345	31340	600	31340	-0,0663386830915975	31340	0
31350	-0,054526949100803176	31350	600,00318202725919	31350	0,87439506393949418	31350	600	31350	-0,0663386830915975	31350	0
31360	-0,071467942606387877	31360	599,99811545047089	31360	0,24819960048321649	31360	600	31360	-0,0663386830915975	31360	0
31370	-0,071103871841684749	31370	599,99929977889735	31370	-0,40901034609499032	31370	600	31370	-0,0663386830915975	31370	0
31380	-0,052538659355280591	31380	600,00175783505233	31380	0,87793141513108053	31380	600	31380	-0,0663386830915975	31380	0
31390	-0,062311328789963955	31390	599,99962431432459	31390	-0,20003169322780667	31390	600	31390	-0,0663386830915975	31390	0
31400	-0,065101937198792634	31400	599,9992658766638	31400	0,59967976468086193	31400	600	31400	-0,0663386830915975	31400	0
31410	-0,054371571011304333	31410	600,00060457293955	31410	0,26922879428618335	31410	600	31410	-0,0663386830915975	31410	0
31420	-0,072367783366711569	31420	599,99808973894358	31420	-0,29686485997910178	31420	600	31420	-0,0663386830915975	31420	0
31430	-0,065408644277417161	31430	599,999232312519	31430	-1,1427059235009509	31430	600	31430	-0,0663386830915975	31430	0
31440	-0,063306055906618669	31440	600,00116885942725	31440	-0,77738737695921956	31440	600	31440	-0,0663386830915975	31440	0
31450	-0,0710820464146686	31450	599,99958385985042	31450	0,3480765964677609	31450	600	31450	-0,0663386830915975	31450	0
31460	-0,056660249617712884	31460	600,002377606942	31460	1,208317268259598	31460	600	31460	-0,0663386830915975	31460	0
31470	-0,070520548289499219	31470	600,00028995160449	31470	-0,77276087293455942	31470	600	31470	-0,0663386830915975	31470	0
31480	-0,064865473825778355	31480	600,0008782061393	31480	1,3891569783708648	31480	600	31480	-0,0663386830915975	31480	0
31490	-0,061658895678177533	31490	600,00045092851235	31490	-0,51242092034980247	31490	600	31490	-0,0663386830915975	31490	0
31500	-0,062408732507489108	31500	599,99956322864182	31500	0,34138428026865786	31500	600	31500	-0,0663386830915975	31500	0
31510	-0,064712128479362113	31510	599,99967121839143	31510	-0,28887062290977406	31510	600	31510	-0,0663386830915975	31510	0
31520	-0,06901896382862277	31520	600,00190402857345	31520	-0,038882976540617287	31520	600	31520	-0,0663386830915975	31520	0
31530	-0,07090554549492871	31530	599,99934171445523	31530	-0,50730799502142943	31530	600	31530	-0,0663386830915975	31530	0
31540	-0,061571080128690156	31540	599,9991288676872	31540	-0,76742928326226512	31540	600	31540	-0,0663386830915975	31540	0
31550	-0,065374036528582119	31550	600,00163339085725	31550	-0,03108715604691431	31550	600	31550	-0,0663386830915975	31550	0
31560	-0,071070725837653961	31560	599,99749332777549	31560	0,59981826688753914	31560	600	31560	-0,0663386830915975	31560	0
31570	-0,067628129883943913	31570	599,99963453518751	31570	0,02277080116168595	31570	600	31570	-0,0663386830915975	31570	0
31580	-0,055790629740628851	31580	600,00172445006956	31580	1,1286849243295924	31580	600	31580	-0,0663386830915975	31580	0
31590	-0,073229565348713721	31590	599,99854668262981	31590	-0,92742767817550786	31590	600	31590	-0,0663386830915975	31590	0
31600	-0,062229051507199137	31600	600,00072150628682	31600	0,589527642827389	31600	600	31600	-0,0663386830915975	31600	0
31610	-0,0680950409426083	31610	599,99819950254607	31610	-0,16456164761385272	31610	600	31610	-0,0663386830915975	31610	0
31620	-0,066149050033055587	31620	600,00019456470727	31620	-1,1308889723565438	31620	600	31620	-0,0663386830915975	31620	0
31630	-0,06824197528458735	31630	599,99892472706222	31630	-0,91456024736038122	31630	600	31630	-0,0663386830915975	31630	0
31640	-0,07712811920336729	31640	599,99752180799294	31640	-1,1646304132377296	31640	600	31640	-0,0663386830915975	31640	0
31650	-0,060212257309136263	31650	600,001966964292	31650	0,21643768737805291	31650	600	31650	-0,0663386830915975	31650	0
31660	-0,080220772283253181	31660	599,99785305120315	31660	-0,62338482954835706	31660	600	31660	-0,0663386830915975	31660	0
31670	-0,059729532147289162	31670	599,99870412086011	31670	-0,86007131000916159	31670	600	31670	-0,0663386830915975	31670	0
31680	-0,068703064186151908	31680	599,99832435932956	31680	0,032569353732524009	31680	600	31680	-0,0663386830915975	31680	0
31690	-0,066693058985712692	31690	600,0007169309132	31690	-0,058848252614048746	31690	600	31690	-0,0663386830915975	31690	0
31700	-0,070183606664048548	31700	599,99936782653776	31700	0,49293418181661519	31700	600	31700	-0,0663386830915975	31700	0
31710	-0,06493349283644767	31710	599,99962048036389	31710	-0,11060487876632966	31710	600	31710	-0,0663386830915975	31710	0
31720	-0,062264176270342905	31720	600,00322023727017	31720	-0,055505421593306847	31720	600	31720	-0,0663386830915975	31720	0
31730	-0,068371045028253988	31730	599,99924682351	31730	-0,16080065616129002	31730	600	31730	-0,0663386830915975	31730	0
31740	-0,074997424242503469	31740	599,99703201294983	31740	-0,96780019232355041	31740	600	31740	-0,0663386830915975	31740	0
31750	-0,0657177553631901	31750	599,99942554744814	31750	0,13146069177207487	31750	600	31750	-0,0663386830915975	31750	0
31760	-0,075459957583716833	31760	599,99746598656782	31760	-0,75021446832095318	31760	600	31760	-0,0663386830915975	31760	0
31770	-0,061299452978773476	31770	600,003215590239	31770	-0,36704651417255074	31770	600	31770	-0,0663386830915975	31770	0
31780	-0,071590301715369647	31780	599,99684357976525	31780	-0,38909294433030261	31780	600	31780	-0,0663386830915975	31780	0
31790	-0,070072093735679339	31790	599,996687484129	31790	-0,40206193488313124	31790	600	31790	-0,0663386830915975	31790	0
31800	-0,060118165871513911	31800	600,00238998427312	31800	0,855760542768612	31800	600	31800	-0,0663386830915975	31800	0
31810	-0,064188150264376423	31810	599,9989882823262	31810	-0,55267527186784948	31810	600	31810	-0,0663386830915975	31810	0
31820	-0,058417754206959632	31820	600,00369671933186	31820	0,53639361941260422	31820	600	31820	-0,0663386830915975	31820	0
31830	-0,062034869388010408	31830	599,99851838739869	31830	0,42135155787455547	31830	600	31830	-0,0663386830915975	31830	0
31840	-0,06334617949179934	31840	599,99898094329433	31840	-0,4579074479905233	31840	600	31840	-0,0663386830915975	31840	0
31850	-0,069218417929064149	31850	599,999731117576	31850	-0,24143713558519742	31850	600	31850	-0,0663386830915975	31850	0
31860	-0,065963722735533345	31860	599,99893568685241	31860	0,52953019636293219	31860	600	31860	-0,0663386830915975	31860	0
31870	-0,076905160277552162	31870	599,99700627484606	31870	-0,8251880522517907	31870	600	31870	-0,0663386830915975	31870	0
31880	-0,078385078632912872	31880	599,99771196638608	31880	-0,33957379672712928	31880	600	31880	-0,0663386830915975	31880	0
31890	-0,058521568352121592	31890	600,00216995747144	31890	0,42404853972928258	31890	600	31890	-0,0663386830915975	31890	0
31900	-0,069076146856224055	31900	599,99995375623882	31900	0,094686479579217026	31900	600	31900	-0,0663386830915975	31900	0
31910	-0,064931455926802578	31910	600,00094294712278	31910	-0,6506612137701735	31910	600	31910	-0,0663386830915975	31910	0
31920	-0,058797561259606744	31920	600,00417735504038	31920	1,0283810772974089	31920	600	31920	-0,0663386830915975	31920	0
31930	-0,075809709556574525	31930	599,99801180896884	31930	-0,53430821665320694	31930	600	31930	-0,0663386830915975	31930	0
31940	-0,0637341279583974	31940	599,9971978650882	31940	0,017955692160362635	31940	600	31940	-0,0663386830915975	31940	0
31950	-0,057518668229651709	31950	599,99996457023292	31950	0,15253313198442076	31950	600	31950	-0,0663386830915975	31950	0
31960	-0,067826745042929737	31960	599,99840042729443	31960	-0,35717357037422648	31960	600	31960	-0,0663386830915975	31960	0
31970	-0,069384003270695452	31970	599,99910822568847	31970	-1,1857776556445696	31970	600	31970	-0,0663386830915975	31970	0
31980	-0,066397109246671165	31980	599,99851215814147	31980	1,3406702687262007	31980	600	31980	-0,0663386830915975	31980	0
31990	-0,06870914368283737	31990	599,99923106783933	31990	-0,76832348319901589	31990	600	31990	-0,0663386830915975	31990	0
32000	-0,062057857099039174	32000	600,00256803771629	32000	-0,014310624209121325	32000	600	32000	-0,0663386830915975	32000	0
32010	-0,077981549831386568	32010	600,00069886222218	32010	0,55239009548078866	32010	600	32010	-0,0663386830915975	32010	0
32020	-0,047947420510220766	32020	600,0037315681144	32020	1,0767552896786568	32020	600	32020	-0,0663386830915975	32020	0
32030	-0,061251516123458132	32030	600,00102876337007	32030	-0,1115577333241623	32030	600	32030	-0,0663386830915975	32030	0
32040	-0,061364308430906539	32040	600,00087462064209	32040	-0,12199885764675056	32040	600	32040	-0,0663386830915975	32040	0
32050	-0,062752713612674926	32050	600,00063338734662	32050	0,59726621133068813	32050	600	32050	-0,0663386830915975	32050	0
32060	-0,0667253307042	32060	599,99740671780376	32060	-0,33437772065150961	32060	600	32060	-0,0663386830915975	32060	0
32070	-0,068206294853383989	32070	600,00217904226474	32070	0,058466861471466625	32070	600	32070	-0,0663386830915975	32070	0
32080	-0,065642277288474854	32080	600,000203600173	32080	0,72894814726707613	32080	600	32080	-0,0663386830915975	32080	0
32090	-0,056956058853050738	32090	600,000138126618	32090	-0,439941745530411	32090	600	32090	-0,0663386830915975	32090	0
32100	-0,070984249913119371	32100	599,9984100899228	32100	0,90583611778346917	32100	600	32100	-0,0663386830915975	32100	0
32110	-0,072846995826130467	32110	599,9972041519585	32110	0,3366253733553714	32110	600	32110	-0,0663386830915975	32110	0
32120	-0,069481806356482628	32120	600,00140624062112	32120	-0,622582612502433	32120	600	32120	-0,0663386830915975	32120	0
32130	-0,06380112424651771	32130	599,99973207271319	32130	0,28521005353923184	32130	600	32130	-0,0663386830915975	32130	0
32140	-0,074166513260304823	32140	599,99782085199047	32140	-0,62388376164769688	32140	600	32140	-0,0663386830915975	32140	0
32150	-0,062102921163503251	32150	599,999783338279	32150	0,21241021485762682	32150	600	32150	-0,0663386830915975	32150	0
32160	-0,063553998047627486	32160	599,999198295805	32160	-0,2923501511567862	32160	600	32160	-0,0663386830915975	32160	0
32170	-0,0664473101591472	32170	599,99993560250391	32170	-0,63741977539107619	32170	600	32170	-0,0663386830915975	32170	0
32180	-0,069696405865163	32180	599,99847690926049	32180	-0,55651282320403561	32180	600	32180	-0,0663386830915975	32180	0
32190	-0,068952757958713223	32190	599,99730527975157	32190	-0,97894859084637464	32190	600	32190	-0,0663386830915975	32190	0
32200	-0,0687340543914633	32200	599,9992923621536	32200	0,15617757411518951	32200	600	32200	-0,0663386830915975	32200	0
32210	-0,0677912789450816	32210	599,99954152882083	32210	0,0555137202805375	32210	600	32210	-0,0663386830915975	32210	0
32220	-0,065828111838178049	32220	600,00010907696151	32220	-1,0119441986488953	32220	600	32220	-0,0663386830915975	32220	0
32230	-0,069296453544707592	32230	600,00002028757922	32230	0,42368552131600579	32230	600	32230	-0,0663386830915975	32230	0
32240	-0,067546333099125472	32240	599,9988805334815	32240	-0,62112519423959744	32240	600	32240	-0,0663386830915975	32240	0
32250	-0,068889188328963333	32250	600,00141324429637	32250	0,56467621806628521	32250	600	32250	-0,0663386830915975	32250	0
32260	-0,0768616097956626	32260	599,99728835471649	32260	-1,0442086861274547	32260	600	32260	-0,0663386830915975	32260	0
32270	-0,070237985629464525	32270	599,99943806855674	32270	-0,14276432937045208	32270	600	32270	-0,0663386830915975	32270	0
32280	-0,067162149849526578	32280	600,00058965751532	32280	-0,58309199246645793	32280	600	32280	-0,0663386830915975	32280	0
32290	-0,079037726442113335	32290	599,99718317730139	32290	-0,49688287706243994	32290	600	32290	-0,0663386830915975	32290	0
32300	-0,076843094028004974	32300	599,999045100004	32300	0,081623835695609728	32300	600	32300	-0,0663386830915975	32300	0
32310	-0,058665915547028671	32310	599,999875893295	32310	0,076411759258359913	32310	600	32310	-0,0663386830915975	32310	0
32320	-0,062899776014187211	32320	600,00296548970471	32320	0,86005101031759423	32320	600	32320	-0,0663386830915975	32320	0
32330	-0,0702253360711071	32330	599,99916055997357	32330	0,65872008406611926	32330	600	32330	-0,0663386830915975	32330	0
32340	-0,065094293691726909	32340	600,00212216418606	32340	-0,0094432593845497625	32340	600	32340	-0,0663386830915975	32340	0
32350	-0,067175128942741219	32350	600,00060775648865	32350	-0,070252850917608634	32350	600	32350	-0,0663386830915975	32350	0
32360	-0,073500601790259718	32360	599,99819314795	32360	-0,73855190013568439	32360	600	32360	-0,0663386830915975	32360	0
32370	-0,062425184950567231	32370	600,00110305556211	32370	0,0456229143656777	32370	600	32370	-0,0663386830915975	32370	0
32380	-0,079101729756799424	32380	599,99715236248187	32380	0,11187475637121852	32380	600	32380	-0,0663386830915975	32380	0
32390	-0,050336365841498636	32390	600,00520333647432	32390	0,64519399255279575	32390	600	32390	-0,0663386830915975	32390	0
32400	-0,066128989101706212	32400	599,99986736570577	32400	0,58514408661498085	32400	600	32400	-0,0663386830915975	32400	0
32410	-0,060875350020350709	32410	600,00090776263448	32410	-0,045192148190978859	32410	600	32410	-0,0663386830915975	32410	0
32420	-0,060052871882794207	32420	600,00255255191075	32420	-0,19078329523425866	32420	600	32420	-0,0663386830915975	32420	0
32430	-0,069731506706888075	32430	600,00167345479167	32430	1,0507778964288368	32430	600	32430	-0,0663386830915975	32430	0
32440	-0,056259422804482817	32440	600,00187777141412	32440	-0,17140185741947339	32440	600	32440	-0,0663386830915975	32440	0
32450	-0,06600207537641771	32450	599,99975383679759	32450	1,5388828257738767	32450	600	32450	-0,0663386830915975	32450	0
32460	-0,056414807037043269	32460	599,99940164874045	32460	0,40074610782160081	32460	600	32460	-0,0663386830915975	32460	0
32470	-0,071329189730600484	32470	599,99874724911888	32470	0,40912356134715733	32470	600	32470	-0,0663386830915975	32470	0
32480	-0,073112901575070291	32480	599,9991207680248	32480	0,028997395555596994	32480	600	32480	-0,0663386830915975	32480	0
32490	-0,070483431853670411	32490	599,99862221279079	32490	-0,90566268918830606	32490	600	32490	-0,0663386830915975	32490	0
32500	-0,067652177500896957	32500	600,00185334762568	32500	0,73099064345195641	32500	600	32500	-0,0663386830915975	32500	0
32510	-0,045699138407511712	32510	600,00430788821893	32510	0,72137940122419331	32510	600	32510	-0,0663386830915975	32510	0
32520	-0,076029423147452771	32520	599,99972957066609	32520	-0,40979679667346841	32520	600	32520	-0,0663386830915975	32520	0
32530	-0,064846733157939693	32530	600,00050606633056	32530	0,99986868193299627	32530	600	32530	-0,0663386830915975	32530	0
32540	-0,069431058021228634	32540	600,0002177858421	32540	-0,92691983872194261	32540	600	32540	-0,0663386830915975	32540	0
32550	-0,072482171610959156	32550	600,00062579559039	32550	-0,8302199854166058	32550	600	32550	-0,0663386830915975	32550	0
32560	-0,068766833919251313	32560	599,99861826375627	32560	-0,69709444390828046	32560	600	32560	-0,0663386830915975	32560	0
32570	-0,063052106161182286	32570	599,99938017284262	32570	-0,58515504043454447	32570	600	32570	-0,0663386830915975	32570	0
32580	-0,063642141343293449	32580	600,00132918313773	32580	0,765166174655795	32580	600	32580	-0,0663386830915975	32580	0
32590	-0,069611459926014072	32590	599,99874042192482	32590	-0,46977133384073289	32590	600	32590	-0,0663386830915975	32590	0
32600	-0,061836173462718844	32600	599,9996629308049	32600	-0,44185980792240032	32600	600	32600	-0,0663386830915975	32600	0
32610	-0,062838753841355358	32610	600,00060994023227	32610	-0,07801127295674648	32610	600	32610	-0,0663386830915975	32610	0
32620	-0,063785088102069259	32620	600,00329404504089	32620	0,25607721597202038	32620	600	32620	-0,0663386830915975	32620	0
32630	-0,068713469280866	32630	599,99854765965722	32630	-0,021499835459193872	32630	600	32630	-0,0663386830915975	32630	0
32640	-0,060825977519239773	32640	600,00156215583081	32640	0,1569669443549484	32640	600	32640	-0,0663386830915975	32640	0
32650	-0,066322270641169412	32650	599,99948158605	32650	-0,21807400113015268	32650	600	32650	-0,0663386830915975	32650	0
32660	-0,063460861403560775	32660	599,99652043148524	32660	-0,52247484261127841	32660	600	32660	-0,0663386830915975	32660	0
32670	-0,064246774413072416	32670	600,00018744699173	32670	0,2600381138555295	32670	600	32670	-0,0663386830915975	32670	0
32680	-0,075534116014632127	32680	599,99871044342854	32680	1,1002319788813919	32680	600	32680	-0,0663386830915975	32680	0
32690	-0,051685314317655551	32690	600,00275995333038	32690	0,68244811735820221	32690	600	32690	-0,0663386830915975	32690	0
32700	-0,062324397584973192	32700	600,0023601827246	32700	-0,61307473340735719	32700	600	32700	-0,0663386830915975	32700	0
32710	-0,063924625439535393	32710	599,99982523524716	32710	0,14588726066253566	32710	600	32710	-0,0663386830915975	32710	0
32720	-0,06587919432114786	32720	600,00129751449356	32720	0,58420460688084064	32720	600	32720	-0,0663386830915975	32720	0
32730	-0,06366422953359982	32730	600,00040244629076	32730	-0,09792880579618124	32730	600	32730	-0,0663386830915975	32730	0
32740	-0,074270012123775583	32740	599,99737004586007	32740	-0,37014589370890078	32740	600	32740	-0,0663386830915975	32740	0
32750	-0,066526790645324213	32750	599,99917224330943	32750	-0,5528162917436128	32750	600	32750	-0,0663386830915975	32750	0
32760	-0,07566348720363969	32760	599,99691311906292	32760	-0,61311298009650317	32760	600	32760	-0,0663386830915975	32760	0
32770	-0,070864205458422785	32770	599,99969963468527	32770	-0,64517313271455556	32770	600	32770	-0,0663386830915975	32770	0
32780	-0,058077936056936522	32780	600,00310530001912	32780	0,4276760470854396	32780	600	32780	-0,0663386830915975	32780	0
32790	-0,061020929809225452	32790	600,00055878836565	32790	0,19149697336263127	32790	600	32790	-0,0663386830915975	32790	0
32800	-0,065492167494125661	32800	599,998716365677	32800	0,18245339145365852	32800	600	32800	-0,0663386830915975	32800	0
32810	-0,057752204837403419	32810	600,00244003152386	32810	0,64941559305865515	32810	600	32810	-0,0663386830915975	32810	0
32820	-0,066428357393762488	32820	599,99774607638165	32820	-1,0631670451459303	32820	600	32820	-0,0663386830915975	32820	0
32830	-0,075387811489851089	32830	600,00133717341362	32830	0,18216329719244429	32830	600	32830	-0,0663386830915975	32830	0
32840	-0,0752111223357635	32840	599,99672383878169	32840	-0,82618198044035052	32840	600	32840	-0,0663386830915975	32840	0
32850	-0,061442599069677709	32850	600,00059690783826	32850	0,57754077219443423	32850	600	32850	-0,0663386830915975	32850	0
32860	-0,079967866987929	32860	599,99707467470751	32860	-0,29845870956784382	32860	600	32860	-0,0663386830915975	32860	0
32870	-0,06979037558778288	32870	600,00028538659922	32870	-0,29200878427948235	32870	600	32870	-0,0663386830915975	32870	0
32880	-0,066087386934400361	32880	600,00030882991382	32880	-0,0026600001422222436	32880	600	32880	-0,0663386830915975	32880	0
32890	-0,062993461000878465	32890	599,99939157439189	32890	-0,889137633560158	32890	600	32890	-0,0663386830915975	32890	0
32900	-0,075833183115731839	32900	599,99952983091907	32900	0,15117231407687087	32900	600	32900	-0,0663386830915975	32900	0
32910	-0,068728586343936929	32910	599,99756578093479	32910	-0,014104525953718639	32910	600	32910	-0,0663386830915975	32910	0
32920	-0,0627326500838563	32920	600,00117238379516	32920	0,10938598726798915	32920	600	32920	-0,0663386830915975	32920	0
32930	-0,067204372382127786	32930	599,99876353960292	32930	-0,49432019668605343	32930	600	32930	-0,0663386830915975	32930	0
32940	-0,0663653594365753	32940	600,00005297666621	32940	0,30596470504004891	32940	600	32940	-0,0663386830915975	32940	0
32950	-0,060697927656980032	32950	600,00108795797121	32950	0,83018366726516624	32950	600	32950	-0,0663386830915975	32950	0
32960	-0,070493381781596767	32960	600,00044682854968	32960	-0,65885799294486191	32960	600	32960	-0,0663386830915975	32960	0
32970	-0,071289263827125429	32970	599,99772273143742	32970	0,16699286464138557	32970	600	32970	-0,0663386830915975	32970	0
32980	-0,070849096149593629	32980	600,00098455834438	32980	0,8862546034230544	32980	600	32980	-0,0663386830915975	32980	0
32990	-0,072382157335768346	32990	599,99945396448425	32990	-0,86881126780239559	32990	600	32990	-0,0663386830915975	32990	0
33000	-0,057006922639720924	33000	600,00270449266907	33000	0,029797083590409876	33000	600	33000	-0,0663386830915975	33000	0
33010	-0,067696904976505587	33010	599,998702499652	33010	0,24061128516897973	33010	600	33010	-0,0663386830915975	33010	0
33020	-0,080788974845867056	33020	599,99735112661688	33020	-0,89770799479506636	33020	600	33020	-0,0663386830915975	33020	0
33030	-0,065944334884593656	33030	600,00076085742739	33030	-0,26810116119570315	33030	600	33030	-0,0663386830915975	33030	0
33040	-0,0681400310338594	33040	599,99873188668835	33040	-0,623398196684193	33040	600	33040	-0,0663386830915975	33040	0
33050	-0,078052872556640979	33050	599,99793054888994	33050	-0,66805322626184871	33050	600	33050	-0,0663386830915975	33050	0
33060	-0,0652004437605536	33060	599,9980802307814	33060	-1,1684518204676613	33060	600	33060	-0,0663386830915975	33060	0
33070	-0,064893047148882832	33070	600,00127872426958	33070	0,47434450449616283	33070	600	33070	-0,0663386830915975	33070	0
33080	-0,052623465073283596	33080	600,00375205543048	33080	1,114093500244663	33080	600	33080	-0,0663386830915975	33080	0
33090	-0,066875251637513164	33090	599,99807361884814	33090	0,36410341430512949	33090	600	33090	-0,0663386830915975	33090	0
33100	-0,057896807190562817	33100	600,00456244635814	33100	1,3130949442883813	33100	600	33100	-0,0663386830915975	33100	0
33110	-0,063200434899724225	33110	600,00027059301021	33110	-0,15857102350652574	33110	600	33110	-0,0663386830915975	33110	0
33120	-0,06565000628667006	33120	599,99992530018619	33120	0,12028030140541368	33120	600	33120	-0,0663386830915975	33120	0
33130	-0,062236068917954288	33130	599,9999324996553	33130	0,32319320093690618	33130	600	33130	-0,0663386830915975	33130	0
33140	-0,063814420870212912	33140	599,99871607098	33140	0,19415965800842491	33140	600	33140	-0,0663386830915975	33140	0
33150	-0,066018087170281015	33150	600,00059843805286	33150	-0,7070112809602771	33150	600	33150	-0,0663386830915975	33150	0
33160	-0,070411819755896221	33160	599,99754285782046	33160	-0,62660426277298631	33160	600	33160	-0,0663386830915975	33160	0
33170	-0,064603752892817612	33170	600,00185770553878	33170	0,84496329475954723	33170	600	33170	-0,0663386830915975	33170	0
33180	-0,06846217498829936	33180	599,99987166268966	33180	0,18116016377460459	33180	600	33180	-0,0663386830915975	33180	0
33190	-0,05560300790961014	33190	600,003366235748	33190	0,8759726668058494	33190	600	33190	-0,0663386830915975	33190	0
33200	-0,052595805665220458	33200	600,00301360661706	33200	0,094603516936945686	33200	600	33200	-0,0663386830915975	33200	0
33210	-0,074484686014209517	33210	600,00053313508988	33210	-0,12474179996462814	33210	600	33210	-0,0663386830915975	33210	0
33220	-0,072734626439349387	33220	599,99757499610052	33220	-0,833887309114308	33220	600	33220	-0,0663386830915975	33220	0
33230	-0,077822453302106465	33230	599,99735624795255	33230	-0,48109844647291378	33230	600	33230	-0,0663386830915975	33230	0
33240	-0,065613831785157353	33240	599,99858862537451	33240	-0,242701770421833	33240	600	33240	-0,0663386830915975	33240	0
33250	-0,058340837410480816	33250	600,00232888708717	33250	0,18152090939063725	33250	600	33250	-0,0663386830915975	33250	0
33260	-0,0687501147742225	33260	599,99774846780849	33260	-0,21996582642997015	33260	600	33260	-0,0663386830915975	33260	0
33270	-0,0743802189847851	33270	599,99851464483106	33270	-0,95238017144859966	33270	600	33270	-0,0663386830915975	33270	0
33280	-0,070319652392318063	33280	599,99849601758251	33280	0,16604754691188722	33280	600	33280	-0,0663386830915975	33280	0
33290	-0,0668710408709694	33290	599,99827549473241	33290	-0,44214660811020373	33290	600	33290	-0,0663386830915975	33290	0
33300	-0,070868625786231626	33300	599,99984905377744	33300	-0,51742142188492668	33300	600	33300	-0,0663386830915975	33300	0
33310	-0,0652975382979636	33310	600,00115037397165	33310	0,17663777852896079	33310	600	33310	-0,0663386830915975	33310	0
33320	-0,069910057613221	33320	600,00158542233146	33320	0,070539504705191353	33320	600	33320	-0,0663386830915975	33320	0
33330	-0,051069023874064028	33330	600,00411423795549	33330	1,0660993414991808	33330	600	33330	-0,0663386830915975	33330	0
33340	-0,071943513363629863	33340	599,99860850290224	33340	-0,50012637110342317	33340	600	33340	-0,0663386830915975	33340	0
33350	-0,0692826677738328	33350	599,99904170444177	33350	0,69219186585571857	33350	600	33350	-0,0663386830915975	33350	0
33360	-0,071170988249100661	33360	599,99820145868227	33360	-0,067782292257556484	33360	600	33360	-0,0663386830915975	33360	0
33370	-0,061416386507657114	33370	600,00087776794214	33370	-0,18796221180105538	33370	600	33370	-0,0663386830915975	33370	0
33380	-0,07318978420559541	33380	599,99898154844857	33380	-0,27692832883863333	33380	600	33380	-0,0663386830915975	33380	0
33390	-0,066522610024899426	33390	599,99783223816894	33390	-0,32846855461653152	33390	600	33390	-0,0663386830915975	33390	0
33400	-0,0685340250070375	33400	600,00081610112727	33400	-0,066085450303102339	33400	600	33400	-0,0663386830915975	33400	0
33410	-0,063927753998956241	33410	599,99878503316518	33410	-0,059435817480805286	33410	600	33410	-0,0663386830915975	33410	0
33420	-0,055233752424926084	33420	600,00265739634676	33420	0,13312349729468828	33420	600	33420	-0,0663386830915975	33420	0
33430	-0,066602084787487692	33430	599,99829660410762	33430	0,17275797826875561	33430	600	33430	-0,0663386830915975	33430	0
33440	-0,0582624084930275	33440	600,0005364841137	33440	-0,04175860283021085	33440	600	33440	-0,0663386830915975	33440	0
33450	-0,070524482893141172	33450	600,00066010611044	33450	-0,24156738195499078	33450	600	33450	-0,0663386830915975	33450	0
33460	-0,064278523262874032	33460	600,00034506887323	33460	-0,52485610931391991	33460	600	33460	-0,0663386830915975	33460	0
33470	-0,06902086731285699	33470	599,99746606447525	33470	-1,0725792914762717	33470	600	33470	-0,0663386830915975	33470	0
33480	-0,068266732470483718	33480	600,00100850882723	33480	-0,08911297129238	33480	600	33480	-0,0663386830915975	33480	0
33490	-0,0656720902451376	33490	599,99945125850513	33490	-0,786874324068571	33490	600	33490	-0,0663386830915975	33490	0
33500	-0,052740373616535781	33500	600,00396321027074	33500	0,60294808421556723	33500	600	33500	-0,0663386830915975	33500	0
33510	-0,071796484798465177	33510	599,99790909181013	33510	-1,1329803939949308	33510	600	33510	-0,0663386830915975	33510	0
33520	-0,065459291063384092	33520	599,99836668210014	33520	-0,019392853004954358	33520	600	33520	-0,0663386830915975	33520	0
33530	-0,066138054763181992	33530	599,99723427706408	33530	0,49987293443566339	33530	600	33530	-0,0663386830915975	33530	0
33540	-0,073636435754379559	33540	599,99834833981924	33540	-0,40022154042866187	33540	600	33540	-0,0663386830915975	33540	0
33550	-0,071298114016053238	33550	600,00028837670015	33550	-0,3904112266366046	33550	600	33550	-0,0663386830915975	33550	0
33560	-0,066850136805961552	33560	599,99879676437217	33560	0,06571636046724072	33560	600	33560	-0,0663386830915975	33560	0
33570	-0,07063343969714099	33570	599,99970698788991	33570	-0,089313986351095664	33570	600	33570	-0,0663386830915975	33570	0
33580	-0,061563740325395626	33580	600,00228188234587	33580	0,73980624581914789	33580	600	33580	-0,0663386830915975	33580	0
33590	-0,068751923445224253	33590	600,00004482448662	33590	0,43965960126474019	33590	600	33590	-0,0663386830915975	33590	0
33600	-0,070263247958425284	33600	600,00267200038388	33600	0,24956985586337771	33600	600	33600	-0,0663386830915975	33600	0
33610	-0,075271256587302576	33610	599,99863588393885	33610	-0,4780626339669688	33610	600	33610	-0,0663386830915975	33610	0
33620	-0,063220080262683678	33620	600,00198233998367	33620	0,019314518069638853	33620	600	33620	-0,0663386830915975	33620	0
33630	-0,058292647429716807	33630	600,00019630294219	33630	0,52792909015533929	33630	600	33630	-0,0663386830915975	33630	0
33640	-0,0675472516309556	33640	599,99683255253569	33640	-1,1414330140954716	33640	600	33640	-0,0663386830915975	33640	0
33650	-0,070171870791303423	33650	600,00103190194784	33650	-0,505283859854531	33650	600	33650	-0,0663386830915975	33650	0
33660	-0,069538130295170614	33660	599,99963936839822	33660	-0,020893569519464611	33660	600	33660	-0,0663386830915975	33660	0
33670	-0,078099587407550325	33670	599,99860348905622	33670	-0,56765251133264161	33670	600	33670	-0,0663386830915975	33670	0
33680	-0,05837566633607328	33680	600,00142022232092	33680	1,5069265911489707	33680	600	33680	-0,0663386830915975	33680	0
33690	-0,055426508031997231	33690	600,00198807295	33690	-0,18591753099307032	33690	600	33690	-0,0663386830915975	33690	0
33700	-0,063164607578063525	33700	600,00232898634624	33700	-0,19300847658241307	33700	600	33700	-0,0663386830915975	33700	0
33710	-0,066559196818612984	33710	600,00090286611567	33710	0,075967273045991976	33710	600	33710	-0,0663386830915975	33710	0
33720	-0,062502871604333307	33720	599,99866408422	33720	-0,28001690815402891	33720	600	33720	-0,0663386830915975	33720	0
33730	-0,0803007491122968	33730	599,99789181993356	33730	-0,52252041095567248	33730	600	33730	-0,0663386830915975	33730	0
33740	-0,065731513548666742	33740	599,99782759658763	33740	-0,36228507412913125	33740	600	33740	-0,0663386830915975	33740	0
33750	-0,058788810082192909	33750	600,000765665022	33750	0,053874830509071325	33750	600	33750	-0,0663386830915975	33750	0
33760	-0,065352595212841411	33760	599,99758225053154	33760	-0,51785239726330168	33760	600	33760	-0,0663386830915975	33760	0
33770	-0,072272688193748824	33770	599,99987409630853	33770	-0,46984515036352692	33770	600	33770	-0,0663386830915975	33770	0
33780	-0,067309267454822588	33780	599,99974267276207	33780	-0,46975326304980003	33780	600	33780	-0,0663386830915975	33780	0
33790	-0,047183638493736677	33790	600,00322740536569	33790	0,67910105044829283	33790	600	33790	-0,0663386830915975	33790	0
33800	-0,067184248678321054	33800	600,00109226465815	33800	-0,6713276566043247	33800	600	33800	-0,0663386830915975	33800	0
33810	-0,065835359466032667	33810	599,99974268717517	33810	0,64408325256000476	33810	600	33810	-0,0663386830915975	33810	0
33820	-0,069790536359109145	33820	600,00036406223785	33820	-0,958403279923727	33820	600	33820	-0,0663386830915975	33820	0
33830	-0,077593093396146465	33830	599,99783295570512	33830	0,018558109333604467	33830	600	33830	-0,0663386830915975	33830	0
33840	-0,075608211764263536	33840	599,99686217828935	33840	-0,22583335973291746	33840	600	33840	-0,0663386830915975	33840	0
33850	-0,074156666177196975	33850	599,99678375506357	33850	-0,89760067618854356	33850	600	33850	-0,0663386830915975	33850	0
33860	-0,065530798042433419	33860	599,99837664790709	33860	-0,22125653783505705	33860	600	33860	-0,0663386830915975	33860	0
33870	-0,073981729083119188	33870	599,99894144702694	33870	-0,95731363808465586	33870	600	33870	-0,0663386830915975	33870	0
33880	-0,0639412780180019	33880	600,00160763508393	33880	1,1830447986843586	33880	600	33880	-0,0663386830915975	33880	0
33890	-0,060231435463457848	33890	600,0020102658558	33890	0,13863270291670782	33890	600	33890	-0,0663386830915975	33890	0
33900	-0,061661490966688957	33900	600,00299584611616	33900	0,63658472935924226	33900	600	33900	-0,0663386830915975	33900	0
33910	-0,066286431272839272	33910	599,999928655778	33910	-0,31002624421794567	33910	600	33910	-0,0663386830915975	33910	0
33920	-0,068958180079031192	33920	600,00066025266085	33920	0,860642320097423	33920	600	33920	-0,0663386830915975	33920	0
33930	-0,073395706222561252	33930	600,000614671351	33930	0,29311565812796325	33930	600	33930	-0,0663386830915975	33930	0
33940	-0,069813580076251158	33940	599,99725429035868	33940	-0,59058673041634746	33940	600	33940	-0,0663386830915975	33940	0
33950	-0,069838894288945408	33950	600,00189825839618	33950	0,12439124325458345	33950	600	33950	-0,0663386830915975	33950	0
33960	-0,06761196615918548	33960	599,99994880105191	33960	0,58457791414014926	33960	600	33960	-0,0663386830915975	33960	0
33970	-0,060211174350569538	33970	599,99773973773972	33970	0,40370041960957437	33970	600	33970	-0,0663386830915975	33970	0
33980	-0,073309739104871749	33980	599,99879195025676	33980	-0,35674992138713862	33980	600	33980	-0,0663386830915975	33980	0
33990	-0,063864609658532384	33990	600,001597626904	33990	-0,12674685933983765	33990	600	33990	-0,0663386830915975	33990	0
34000	-0,074864385813398882	34000	599,998983707417	34000	-0,16830022592343674	34000	600	34000	-0,0663386830915975	34000	0
34010	-0,0631778316515419	34010	599,9991012694037	34010	-0,5750633919185264	34010	600	34010	-0,0663386830915975	34010	0
34020	-0,066736962896419755	34020	600,00157681299083	34020	-0,93331696661264918	34020	600	34020	-0,0663386830915975	34020	0
34030	-0,077890472177663914	34030	599,99867819220844	34030	1,2619633801793382	34030	600	34030	-0,0663386830915975	34030	0
34040	-0,0719359788032017	34040	599,99795241313348	34040	-0,68515959341650823	34040	600	34040	-0,0663386830915975	34040	0
34050	-0,074281205521380886	34050	599,99758673150711	34050	-1,0168849077153108	34050	600	34050	-0,0663386830915975	34050	0
34060	-0,068699524765372263	34060	599,99894177024487	34060	0,11945126008347179	34060	600	34060	-0,0663386830915975	34060	0
34070	-0,0655101654441728	34070	600,00307053121844	34070	-0,26549690674383292	34070	600	34070	-0,0663386830915975	34070	0
34080	-0,06442821990886359	34080	600,00067776077879	34080	0,35476443715876166	34080	600	34080	-0,0663386830915975	34080	0
34090	-0,060832449624529016	34090	600,00151186821108	34090	-0,0480980535062325	34090	600	34090	-0,0663386830915975	34090	0
34100	-0,070715391967642191	34100	599,99898736925468	34100	-0,55813820297515282	34100	600	34100	-0,0663386830915975	34100	0
34110	-0,07983073042466092	34110	599,9953726195821	34110	-1,4157871913962996	34110	600	34110	-0,0663386830915975	34110	0
34120	-0,067860778277513523	34120	599,99967257971559	34120	0,74454256731429624	34120	600	34120	-0,0663386830915975	34120	0
34130	-0,070963936031954347	34130	599,99798366904758	34130	0,40980388979232962	34130	600	34130	-0,0663386830915975	34130	0
34140	-0,065963937020300276	34140	599,9993410950467	34140	-0,14336901962154264	34140	600	34140	-0,0663386830915975	34140	0
34150	-0,062153712575067369	34150	599,99859370191507	34150	-0,75170564304903276	34150	600	34150	-0,0663386830915975	34150	0
34160	-0,0634881491510912	34160	600,00134577121082	34160	0,64503827916429557	34160	600	34160	-0,0663386830915975	34160	0
34170	-0,0636522108004241	34170	600,002827213319	34170	-0,048199173413099171	34170	600	34170	-0,0663386830915975	34170	0
34180	-0,057734805940057532	34180	600,00226570966606	34180	1,0001748687499059	34180	600	34180	-0,0663386830915975	34180	0
34190	-0,07322755438100452	34190	599,996151745233	34190	-0,4994419123597994	34190	600	34190	-0,0663386830915975	34190	0
34200	-0,056230342342950226	34200	600,00370229570967	34200	0,48519324804045227	34200	600	34200	-0,0663386830915975	34200	0
34210	-0,05852812284615691	34210	600,00224555990508	34210	0,81647406714179616	34210	600	34210	-0,0663386830915975	34210	0
34220	-0,073434202028284	34220	599,99848082734388	34220	0,066190614291192024	34220	600	34220	-0,0663386830915975	34220	0
34230	-0,066479038600506662	34230	599,99609992948831	34230	-1,0584700276170085	34230	600	34230	-0,0663386830915975	34230	0
34240	-0,061072028064249662	34240	600,00170742278488	34240	-0,319739919074951	34240	600	34240	-0,0663386830915975	34240	0
34250	-0,062220430579444277	34250	600,0013407854168	34250	-0,0938359081552752	34250	600	34250	-0,0663386830915975	34250	0
34260	-0,073583251591129578	34260	599,9984413354473	34260	-0,69920071350228852	34260	600	34260	-0,0663386830915975	34260	0
34270	-0,067622109763042282	34270	600,00146560523	34270	0,18009925652736775	34270	600	34270	-0,0663386830915975	34270	0
34280	-0,073636207398690826	34280	599,99633874527979	34280	-0,18443283687434509	34280	600	34280	-0,0663386830915975	34280	0
34290	-0,058058032100124841	34290	600,000455573096	34290	0,33439060549159516	34290	600	34290	-0,0663386830915975	34290	0
34300	-0,07589504723020063	34300	600,00106999685659	34300	0,25244998018332765	34300	600	34300	-0,0663386830915975	34300	0
34310	-0,0662817468915717	34310	600,00002123159584	34310	0,5709113782926547	34310	600	34310	-0,0663386830915975	34310	0
34320	-0,06004931781703144	34320	599,99997459199358	34320	-1,014656210227427	34320	600	34320	-0,0663386830915975	34320	0
34330	-0,0696592477756246	34330	600,00068483995972	34330	-0,27936117035447822	34330	600	34330	-0,0663386830915975	34330	0
34340	-0,06062836026112621	34340	600,00107105910809	34340	0,45927410376187977	34340	600	34340	-0,0663386830915975	34340	0
34350	-0,0725936086055293	34350	599,99958578457722	34350	-0,34869639957103771	34350	600	34350	-0,0663386830915975	34350	0
34360	-0,0680013780215922	34360	599,99752911454959	34360	0,11013861831743424	34360	600	34360	-0,0663386830915975	34360	0
34370	-0,067794520978094255	34370	600,00058659262947	34370	0,44977938415587548	34370	600	34370	-0,0663386830915975	34370	0
34380	-0,05303500767022809	34380	600,00395658451112	34380	1,1788379294173488	34380	600	34380	-0,0663386830915975	34380	0
34390	-0,052085864487364873	34390	600,00207138047267	34390	0,13159880647137007	34390	600	34390	-0,0663386830915975	34390	0
34400	-0,0672214575712619	34400	600,00094265786208	34400	0,53886743119055613	34400	600	34400	-0,0663386830915975	34400	0
34410	-0,053806012307739987	34410	600,00206863283881	34410	-0,45467531695610497	34410	600	34410	-0,0663386830915975	34410	0
34420	-0,065131126091666866	34420	600,001286116449	34420	0,44668565169876828	34420	600	34420	-0,0663386830915975	34420	0
34430	-0,0669013150379701	34430	599,99898366056846	34430	-0,35443111817140016	34430	600	34430	-0,0663386830915975	34430	0
34440	-0,066794091142152581	34440	599,99973152885309	34440	0,11575049415908478	34440	600	34440	-0,0663386830915975	34440	0
34450	-0,076341165086023677	34450	599,99806272271474	34450	0,14182275018008278	34450	600	34450	-0,0663386830915975	34450	0
34460	-0,066079537903259281	34460	600,00033916866323	34460	0,19673255620239644	34460	600	34460	-0,0663386830915975	34460	0
34470	-0,065264070240737715	34470	600,00061356074411	34470	-0,54238822579847012	34470	600	34470	-0,0663386830915975	34470	0
34480	-0,07019571557292642	34480	599,99937704624767	34480	0,57398042912319813	34480	600	34480	-0,0663386830915975	34480	0
34490	-0,066577712418753168	34490	600,00138652809437	34490	-0,35192458129344262	34490	600	34490	-0,0663386830915975	34490	0
34500	-0,052952791856267334	34500	600,00153262120637	34500	0,39594116311467964	34500	600	34500	-0,0663386830915975	34500	0
34510	-0,065760677017679	34510	599,998475417491	34510	0,66501404175608814	34510	600	34510	-0,0663386830915975	34510	0
34520	-0,0585349172072363	34520	600,00244473899818	34520	1,0839879656589457	34520	600	34520	-0,0663386830915975	34520	0
34530	-0,073205125503183727	34530	600,00014950324908	34530	-1,1322923855363416	34530	600	34530	-0,0663386830915975	34530	0
34540	-0,060333686874054951	34540	600,0018701321776	34540	0,19100973526938037	34540	600	34540	-0,0663386830915975	34540	0
34550	-0,051792789974596555	34550	600,001919373066	34550	0,17062289161121008	34550	600	34550	-0,0663386830915975	34550	0
34560	-0,060567418880174986	34560	600,00140647975866	34560	0,6543218311231892	34560	600	34560	-0,0663386830915975	34560	0
34570	-0,065190462195590354	34570	600,00079087233382	34570	-0,20745467669747253	34570	600	34570	-0,0663386830915975	34570	0
34580	-0,070643412779211226	34580	600,00096959271536	34580	1,1768205896484594	34580	600	34580	-0,0663386830915975	34580	0
34590	-0,05715595637727415	34590	600,00029593976512	34590	0,406082406106668	34590	600	34590	-0,0663386830915975	34590	0
34600	-0,056424870012280179	34600	600,00311500044836	34600	1,5597440160782041	34600	600	34600	-0,0663386830915975	34600	0
34610	-0,077283889028232064	34610	599,99656707483132	34610	-0,63963170576755735	34610	600	34610	-0,0663386830915975	34610	0
34620	-0,068871786760147519	34620	599,99997393579713	34620	0,31103219676921617	34620	600	34620	-0,0663386830915975	34620	0
34630	-0,055664452242440883	34630	600,00407022432023	34630	1,1518179405758362	34630	600	34630	-0,0663386830915975	34630	0
34640	-0,075265507549080138	34640	599,99658550629943	34640	-1,0718105538870848	34640	600	34640	-0,0663386830915975	34640	0
34650	-0,044656277558346245	34650	600,005651806308	34650	1,3806406714569104	34650	600	34650	-0,0663386830915975	34650	0
34660	-0,068982058297858986	34660	599,99836851727207	34660	0,049623113834703983	34660	600	34660	-0,0663386830915975	34660	0
34670	-0,059812960163842056	34670	600,00312039074947	34670	-0,31361821021624814	34670	600	34670	-0,0663386830915975	34670	0
34680	-0,080513430719771475	34680	599,99795712496655	34680	-0,63067066213806133	34680	600	34680	-0,0663386830915975	34680	0
34690	-0,060322213709580186	34690	599,9988938189457	34690	0,10921071991979406	34690	600	34690	-0,0663386830915975	34690	0
34700	-0,059581444042443935	34700	600,002470426735	34700	1,290749643164971	34700	600	34700	-0,0663386830915975	34700	0
34710	-0,074027205430078347	34710	599,99921864622718	34710	0,39797747554439583	34710	600	34710	-0,0663386830915975	34710	0
34720	-0,068404054094685127	34720	600,00162521483128	34720	-0,63810242798770234	34720	600	34720	-0,0663386830915975	34720	0
34730	-0,081675199443493551	34730	599,99629278557313	34730	-0,71032516889025921	34730	600	34730	-0,0663386830915975	34730	0
34740	-0,061804091662989155	34740	600,0004524624228	34740	-0,12523805177312769	34740	600	34740	-0,0663386830915975	34740	0
34750	-0,062655578934905129	34750	600,002554053694	34750	-0,027989986174568465	34750	600	34750	-0,0663386830915975	34750	0
34760	-0,071931706328152656	34760	599,99707029046374	34760	0,64508165575970411	34760	600	34760	-0,0663386830915975	34760	0
34770	-0,064577595584810216	34770	599,99979291815407	34770	0,06012805208457575	34770	600	34770	-0,0663386830915975	34770	0
34780	-0,063807586218983	34780	600,00027394494975	34780	-0,38242238823435787	34780	600	34780	-0,0663386830915975	34780	0
34790	-0,077467751308011826	34790	599,99655584828224	34790	-0,70214898476964438	34790	600	34790	-0,0663386830915975	34790	0
34800	-0,048144920765336843	34800	600,003754937053	34800	-0,44359979135932209	34800	600	34800	-0,0663386830915975	34800	0
34810	-0,06368925781788623	34810	599,99984283563742	34810	0,66667308057198371	34810	600	34810	-0,0663386830915975	34810	0
34820	-0,072513191444231767	34820	600,00025529343816	34820	-0,39162591360651366	34820	600	34820	-0,0663386830915975	34820	0
34830	-0,063011561528262136	34830	600,000694397977	34830	-0,075873381711651158	34830	600	34830	-0,0663386830915975	34830	0
34840	-0,063695917605841784	34840	600,00075066483612	34840	0,54874389515494348	34840	600	34840	-0,0663386830915975	34840	0
34850	-0,0756712717672488	34850	599,99825309535106	34850	-0,61316969096639218	34850	600	34850	-0,0663386830915975	34850	0
34860	-0,050643505807284328	34860	600,00272151003	34860	1,4383698128749505	34860	600	34860	-0,0663386830915975	34860	0
34870	-0,076705400449272959	34870	599,99770920694641	34870	-0,7525514989774047	34870	600	34870	-0,0663386830915975	34870	0
34880	-0,059906480909397271	34880	600,00083380176022	34880	-0,096686193757751393	34880	600	34880	-0,0663386830915975	34880	0
34890	-0,0800709045073588	34890	599,99822571553955	34890	-0,81145508881816286	34890	600	34890	-0,0663386830915975	34890	0
34900	-0,058238989615094328	34900	600,00234826493238	34900	0,68605337450824833	34900	600	34900	-0,0663386830915975	34900	0
34910	-0,061652756634920571	34910	599,99962012162291	34910	-0,30732807075721852	34910	600	34910	-0,0663386830915975	34910	0
34920	-0,061137422618029083	34920	600,00123356910763	34920	-0,53119392909337071	34920	600	34920	-0,0663386830915975	34920	0
34930	-0,076852405877819913	34930	599,9958007120199	34930	-1,3218651014986211	34930	600	34930	-0,0663386830915975	34930	0
34940	-0,080038782224316526	34940	599,99729847633216	34940	-0,90230904704481341	34940	600	34940	-0,0663386830915975	34940	0
34950	-0,07363311850842702	34950	600,00074061500254	34950	0,46421899490788032	34950	600	34950	-0,0663386830915975	34950	0
34960	-0,074672098004419776	34960	599,99670989860215	34960	-1,4490862547929235	34960	600	34960	-0,0663386830915975	34960	0
34970	-0,065388718168693	34970	600,00226695431274	34970	0,26324688419114756	34970	600	34970	-0,0663386830915975	34970	0
34980	-0,061856630362050635	34980	600,00122614024087	34980	0,51319277673378494	34980	600	34980	-0,0663386830915975	34980	0
34990	-0,068942492079585041	34990	599,99959244782565	34990	-0,88114196087108465	34990	600	34990	-0,0663386830915975	34990	0
35000	-0,0627763324014191	35000	600,00159763454678	35000	0,43055283306369252	35000	600	35000	-0,0663386830915975	35000	0
35010	-0,064105273555609993	35010	599,99828104163373	35010	-0,44231385404800339	35010	600	35010	-0,0663386830915975	35010	0
35020	-0,0765562060055399	35020	599,99594493444522	35020	-1,7768062157793216	35020	600	35020	-0,0663386830915975	35020	0
35030	-0,061902691477557691	35030	600,00050889994122	35030	0,46685305083753537	35030	600	35030	-0,0663386830915975	35030	0
35040	-0,067319379840792212	35040	600,00184291996072	35040	-0,17462473134223644	35040	600	35040	-0,0663386830915975	35040	0
35050	-0,065984457140177408	35050	600,00016302499364	35050	-0,34160738924519363	35050	600	35050	-0,0663386830915975	35050	0
35060	-0,059449797354867516	35060	599,99992190329669	35060	-0,14194963414134054	35060	600	35060	-0,0663386830915975	35060	0
35070	-0,076808481920392122	35070	599,997198795651	35070	-1,3467977617320761	35070	600	35070	-0,0663386830915975	35070	0
35080	-0,071762033638222755	35080	599,99977832517345	35080	-0,0038272882228438387	35080	600	35080	-0,0663386830915975	35080	0
35090	-0,060495397713678574	35090	599,99984647810606	35090	0,2705619633282112	35090	600	35090	-0,0663386830915975	35090	0
35100	-0,051891430595966292	35100	600,00505059524653	35100	1,2629887864383531	35100	600	35100	-0,0663386830915975	35100	0
35110	-0,065183179793349019	35110	599,99917879802649	35110	-0,35524551062231535	35110	600	35110	-0,0663386830915975	35110	0
35120	-0,057740671433670232	35120	600,00010549826141	35120	0,21111120470030786	35120	600	35120	-0,0663386830915975	35120	0
35130	-0,06912199487711472	35130	599,99804808416718	35130	0,25231124006549849	35130	600	35130	-0,0663386830915975	35130	0
35140	-0,066792720992107632	35140	599,99957131379392	35140	-0,23776773604034635	35140	600	35140	-0,0663386830915975	35140	0
35150	-0,061316542798711932	35150	600,00206410801843	35150	1,0146650560337123	35150	600	35150	-0,0663386830915975	35150	0
35160	-0,067673098959316044	35160	599,99793721282219	35160	-0,96569223367610424	35160	600	35160	-0,0663386830915975	35160	0
35170	-0,077596386618208391	35170	599,998237605176	35170	-0,86674125756944687	35170	600	35170	-0,0663386830915975	35170	0
35180	-0,05704357338371769	35180	600,00076189387312	35180	0,99035401656052824	35180	600	35180	-0,0663386830915975	35180	0
35190	-0,060560378194092865	35190	600,00100424268919	35190	0,40613052506419189	35190	600	35190	-0,0663386830915975	35190	0
35200	-0,067411802799604792	35200	599,99983622428181	35200	-0,58835173509871952	35200	600	35200	-0,0663386830915975	35200	0
35210	-0,06859539420381644	35210	599,998411520522	35210	0,23130842981877531	35210	600	35210	-0,0663386830915975	35210	0
35220	-0,067757929702803449	35220	600,00119896236765	35220	0,32755096236649484	35220	600	35220	-0,0663386830915975	35220	0
35230	-0,070411429254684021	35230	600,00144851386	35230	0,0818663300708154	35230	600	35230	-0,0663386830915975	35230	0
35240	-0,066472620808658983	35240	599,99908256455728	35240	-0,8482345907591855	35240	600	35240	-0,0663386830915975	35240	0
35250	-0,0646944472883123	35250	600,00101758844346	35250	0,97099168657715129	35250	600	35250	-0,0663386830915975	35250	0
35260	-0,07731290328290269	35260	599,99743840431472	35260	0,11258541804994755	35260	600	35260	-0,0663386830915975	35260	0
35270	-0,064906257925160082	35270	600,000445921858	35270	-0,98945913059162716	35270	600	35270	-0,0663386830915975	35270	0
35280	-0,05583447923234	35280	600,00269064996439	35280	-0,1925397529622937	35280	600	35280	-0,0663386830915975	35280	0
35290	-0,0722160057804452	35290	599,99769753280691	35290	-0,49334073014033392	35290	600	35290	-0,0663386830915975	35290	0
35300	-0,078270913116992732	35300	599,99781063939952	35300	-0,57258078017610337	35300	600	35300	-0,0663386830915975	35300	0
35310	-0,0611660148627157	35310	600,00213592366424	35310	0,60769785462610215	35310	600	35310	-0,0663386830915975	35310	0
35320	-0,066140809178543078	35320	600,00073254763868	35320	-0,48507226922115487	35320	600	35320	-0,0663386830915975	35320	0
35330	-0,0705568737248403	35330	600,00105718849829	35330	0,84527179906586758	35330	600	35330	-0,0663386830915975	35330	0
35340	-0,077685122931504244	35340	599,99548244296921	35340	-1,3622615958007014	35340	600	35340	-0,0663386830915975	35340	0
35350	-0,058853405512146052	35350	600,003181250112	35350	1,0233881323463692	35350	600	35350	-0,0663386830915975	35350	0
35360	-0,075616469312441176	35360	599,995404713435	35360	-1,5221380384282022	35360	600	35360	-0,0663386830915975	35360	0
35370	-0,059579392841068481	35370	600,0030491715637	35370	0,018499501530441054	35370	600	35370	-0,0663386830915975	35370	0
35380	-0,072628228824912891	35380	599,99953459436847	35380	-0,50478076789931237	35380	600	35380	-0,0663386830915975	35380	0
35390	-0,058696582845321858	35390	600,00190399535791	35390	-0,14656858643455795	35390	600	35390	-0,0663386830915975	35390	0
35400	-0,0689210797074849	35400	600,0005908140904	35400	0,15926776401299908	35400	600	35400	-0,0663386830915975	35400	0
35410	-0,073226197659269909	35410	599,99659261000727	35410	-0,41198533725065517	35410	600	35410	-0,0663386830915975	35410	0
35420	-0,069891016852534377	35420	599,99839730561973	35420	-0,0055583308664926834	35420	600	35420	-0,0663386830915975	35420	0
35430	-0,068639046186473734	35430	599,99937106596792	35430	0,16032611433679794	35430	600	35430	-0,0663386830915975	35430	0
35440	-0,060043575631327069	35440	600,00081304286437	35440	1,0293982162719781	35440	600	35440	-0,0663386830915975	35440	0
35450	-0,055049139271111144	35450	600,00351952291055	35450	1,1875842017300227	35450	600	35450	-0,0663386830915975	35450	0
35460	-0,0669529866452356	35460	600,00171356974386	35460	-0,26438306549666446	35460	600	35460	-0,0663386830915975	35460	0
35470	-0,054659840346031691	35470	600,002411450521	35470	0,33973324269105387	35470	600	35470	-0,0663386830915975	35470	0
35480	-0,062579624249717691	35480	599,99998016433835	35480	0,2166407307245044	35480	600	35480	-0,0663386830915975	35480	0
35490	-0,065437607939645037	35490	599,99986884261284	35490	0,21908515107059878	35490	600	35490	-0,0663386830915975	35490	0
35500	-0,054501296636051827	35500	600,00458859287687	35500	0,99270095204545028	35500	600	35500	-0,0663386830915975	35500	0
35510	-0,068256666064030372	35510	600,00017510986106	35510	0,8567939360084762	35510	600	35510	-0,0663386830915975	35510	0
35520	-0,059606232057812243	35520	599,99919932628211	35520	-0,6117458168256974	35520	600	35520	-0,0663386830915975	35520	0
35530	-0,075626750294729761	35530	599,99725091317271	35530	0,52513863315726561	35530	600	35530	-0,0663386830915975	35530	0
35540	-0,076486153674794582	35540	599,99831270084167	35540	-0,960766867165262	35540	600	35540	-0,0663386830915975	35540	0
35550	-0,069718615008368984	35550	599,99840459434711	35550	0,39852861385557703	35550	600	35550	-0,0663386830915975	35550	0
35560	-0,057876419356513671	35560	600,00240515517714	35560	0,30665435951961117	35560	600	35560	-0,0663386830915975	35560	0
35570	-0,0654436650609981	35570	600,001718541398	35570	-0,701889193922254	35570	600	35570	-0,0663386830915975	35570	0
35580	-0,069719456865870388	35580	599,99960326597989	35580	0,80077115872354576	35580	600	35580	-0,0663386830915975	35580	0
35590	-0,05786303134067039	35590	600,00180956170129	35590	-0,20774029368866448	35590	600	35590	-0,0663386830915975	35590	0
35600	-0,062089453232035269	35600	600,00305752248812	35600	1,0058363653136007	35600	600	35600	-0,0663386830915975	35600	0
35610	-0,0658838769408318	35610	599,99948024057437	35610	0,39803199466797246	35610	600	35610	-0,0663386830915975	35610	0
35620	-0,070280542540531	35620	599,998970335772	35620	-0,37112528046739007	35620	600	35620	-0,0663386830915975	35620	0
35630	-0,074161777347233032	35630	599,99872469090121	35630	-0,11101565203901424	35630	600	35630	-0,0663386830915975	35630	0
35640	-0,05691087314529663	35640	599,99902480044625	35640	0,74121907017300193	35640	600	35640	-0,0663386830915975	35640	0
35650	-0,068228029377066554	35650	599,99955093728977	35650	0,43523088566261592	35650	600	35650	-0,0663386830915975	35650	0
35660	-0,06214712274777752	35660	600,00131733868	35660	0,61002849195210684	35660	600	35660	-0,0663386830915975	35660	0
35670	-0,066526906957824386	35670	599,99981773693992	35670	-0,753321982168347	35670	600	35670	-0,0663386830915975	35670	0
35680	-0,073755731533045307	35680	599,999716820753	35680	-0,90670606774541207	35680	600	35680	-0,0663386830915975	35680	0
35690	-0,070562949457975782	35690	600,00036051296024	35690	-1,0896922901773778	35690	600	35690	-0,0663386830915975	35690	0
35700	-0,075432972799279	35700	599,999802644228	35700	0,036008755683881191	35700	600	35700	-0,0663386830915975	35700	0
35710	-0,073080476470878786	35710	599,99750011348669	35710	-0,95209860847854044	35710	600	35710	-0,0663386830915975	35710	0
35720	-0,074214633094368529	35720	599,99815224912936	35720	0,15363718746036933	35720	600	35720	-0,0663386830915975	35720	0
35730	-0,062996380517644085	35730	599,99958255668832	35730	0,43698709556223059	35730	600	35730	-0,0663386830915975	35730	0
35740	-0,075099947302007322	35740	599,99882164368455	35740	-0,24492466728483348	35740	600	35740	-0,0663386830915975	35740	0
35750	-0,056954095015585945	35750	600,00100713178972	35750	0,19639462478997438	35750	600	35750	-0,0663386830915975	35750	0
35760	-0,0814875848934891	35760	599,99552351516729	35760	-0,71651219737209382	35760	600	35760	-0,0663386830915975	35760	0
35770	-0,0665669718520897	35770	599,99957901745847	35770	-0,61663820451636664	35770	600	35770	-0,0663386830915975	35770	0
35780	-0,077381923731400432	35780	599,998588710726	35780	0,19129034223648173	35780	600	35780	-0,0663386830915975	35780	0
35790	-0,059685275452931209	35790	600,002005253622	35790	-0,12003991098001784	35790	600	35790	-0,0663386830915975	35790	0
35800	-0,072928538082838376	35800	600,00118631612372	35800	0,5590716845107262	35800	600	35800	-0,0663386830915975	35800	0
35810	-0,058542199598718883	35810	599,99984509169008	35810	-0,20507751404536864	35810	600	35810	-0,0663386830915975	35810	0
35820	-0,05031521760538879	35820	600,00523084128872	35820	0,022789963053007289	35820	600	35820	-0,0663386830915975	35820	0
35830	-0,08359686186692776	35830	599,99755220528323	35830	0,13704952673900983	35830	600	35830	-0,0663386830915975	35830	0
35840	-0,061792059869154738	35840	599,99972455178909	35840	-0,67716080230336906	35840	600	35840	-0,0663386830915975	35840	0
35850	-0,071122993245896229	35850	599,99969299501436	35850	-0,38361303389909207	35850	600	35850	-0,0663386830915975	35850	0
35860	-0,068377957828838057	35860	599,99884505730586	35860	-0,19973310295815255	35860	600	35860	-0,0663386830915975	35860	0
35870	-0,065312982957751384	35870	600,001720922884	35870	0,53581727529368228	35870	600	35870	-0,0663386830915975	35870	0
35880	-0,057953454553013942	35880	600,00091209703385	35880	0,86930107483066876	35880	600	35880	-0,0663386830915975	35880	0
35890	-0,0690212562973534	35890	599,99953733554	35890	-0,55359426311658333	35890	600	35890	-0,0663386830915975	35890	0
35900	-0,0701073522771341	35900	599,99952781672914	35900	0,33278586286313705	35900	600	35900	-0,0663386830915975	35900	0
35910	-0,06674472160352829	35910	599,99818444681136	35910	0,38331548771194623	35910	600	35910	-0,0663386830915975	35910	0
35920	-0,0652677101846056	35920	600,00326658045515	35920	0,048059458356113888	35920	600	35920	-0,0663386830915975	35920	0
35930	-0,067306787650975447	35930	600,0007850942244	35930	-0,217078717020233	35930	600	35930	-0,0663386830915975	35930	0
35940	-0,072579186828381964	35940	599,99522024008741	35940	-0,21792941543827615	35940	600	35940	-0,0663386830915975	35940	0
35950	-0,057372460910135419	35950	600,00256082260069	35950	0,77842115823733837	35950	600	35950	-0,0663386830915975	35950	0
35960	-0,063105849257629118	35960	599,99973126521809	35960	0,54793359560743415	35960	600	35960	-0,0663386830915975	35960	0
35970	-0,06300998508769054	35970	600,0016584532259	35970	-0,44710576179898665	35970	600	35970	-0,0663386830915975	35970	0
35980	-0,058800773433545526	35980	600,00217682742414	35980	1,2655784146029749	35980	600	35980	-0,0663386830915975	35980	0
35990	-0,053921667503504522	35990	600,003276288014	35990	0,83231649869642432	35990	600	35990	-0,0663386830915975	35990	0
36000	-0,072441133136175742	36000	599,99967409501357	36000	-1,2771126239706434	36000	600	36000	-0,0663386830915975	36000	0
36010	-0,052526588769455873	36010	600,00223531199856	36010	1,0667847060974074	36010	600	36010	-0,0663386830915975	36010	0
36020	-0,05436914067377812	36020	600,00223869959609	36020	1,4659773645728	36020	600	36020	-0,0663386830915975	36020	0
36030	-0,071137429057129734	36030	599,99843237248706	36030	0,1908649859188013	36030	600	36030	-0,0663386830915975	36030	0
36040	-0,069746033094413962	36040	599,999715609001	36040	0,14193920888489531	36040	600	36040	-0,0663386830915975	36040	0
36050	-0,064272847781687653	36050	600,00037716366626	36050	-0,31973728140175439	36050	600	36050	-0,0663386830915975	36050	0
36060	-0,056101738781502195	36060	600,00132575775433	36060	0,7046296107693435	36060	600	36060	-0,0663386830915975	36060	0
36070	-0,077543297673036068	36070	599,99786158337372	36070	-0,0290187934174099	36070	600	36070	-0,0663386830915975	36070	0
36080	-0,072214758427892864	36080	600,00108959357181	36080	0,0916692993656225	36080	600	36080	-0,0663386830915975	36080	0
36090	-0,0725536217393068	36090	599,99969738840832	36090	-1,552811673358576	36090	600	36090	-0,0663386830915975	36090	0
36100	-0,061596076457258453	36100	600,00065862550287	36100	0,912772053137615	36100	600	36100	-0,0663386830915975	36100	0
36110	-0,074326561377411712	36110	599,994386918718	36110	-0,950482963769021	36110	600	36110	-0,0663386830915975	36110	0
36120	-0,046927043200599476	36120	600,00533516030293	36120	1,2170399864380803	36120	600	36120	-0,0663386830915975	36120	0
36130	-0,066844047688818617	36130	599,99942651293645	36130	0,97544618988557119	36130	600	36130	-0,0663386830915975	36130	0
36140	-0,067281180250625613	36140	600,000028843032	36140	-0,2439445745049168	36140	600	36140	-0,0663386830915975	36140	0
36150	-0,057139073555702476	36150	600,00301147738639	36150	0,58543451519123668	36150	600	36150	-0,0663386830915975	36150	0
36160	-0,069399899871169415	36160	599,99707134194932	36160	-0,40975734156728982	36160	600	36160	-0,0663386830915975	36160	0
36170	-0,063590882198478541	36170	600,00002297735193	36170	0,4497763770294817	36170	600	36170	-0,0663386830915975	36170	0
36180	-0,070674654766566383	36180	599,99889816803739	36180	0,38965097960601236	36180	600	36180	-0,0663386830915975	36180	0
36190	-0,066998222140830579	36190	599,99721434552839	36190	-0,88752099131363282	36190	600	36190	-0,0663386830915975	36190	0
36200	-0,067528233792567657	36200	600,00087607997625	36200	-0,81247890149644852	36200	600	36200	-0,0663386830915975	36200	0
36210	-0,071336072084310323	36210	600,00173462198359	36210	0,55076836724757372	36210	600	36210	-0,0663386830915975	36210	0
36220	-0,070001540076662858	36220	599,99928963423122	36220	-0,30684969683114838	36220	600	36220	-0,0663386830915975	36220	0
36230	-0,068275709539516727	36230	599,99988201107874	36230	-0,50773644945425367	36230	600	36230	-0,0663386830915975	36230	0
36240	-0,0605530516619223	36240	599,99888845692328	36240	0,13042934732524031	36240	600	36240	-0,0663386830915975	36240	0
36250	-0,0641937872619592	36250	600,00306389626394	36250	0,43201969627700521	36250	600	36250	-0,0663386830915975	36250	0
36260	-0,0694593532831045	36260	599,9994615762829	36260	-0,42690992554402662	36260	600	36260	-0,0663386830915975	36260	0
36270	-0,0577200776712339	36270	600,00093827995784	36270	0,62997458090410208	36270	600	36270	-0,0663386830915975	36270	0
36280	-0,059914628926322266	36280	600,00211444522267	36280	0,9108434152180237	36280	600	36280	-0,0663386830915975	36280	0
36290	-0,071089473278457577	36290	599,9972257677822	36290	-0,43570591900966216	36290	600	36290	-0,0663386830915975	36290	0
36300	-0,072728042667607684	36300	599,9990001069782	36300	0,64840425058741036	36300	600	36300	-0,0663386830915975	36300	0
36310	-0,076100673369323038	36310	599,99703689778551	36310	0,5969094069659584	36310	600	36310	-0,0663386830915975	36310	0
36320	-0,068951108934680524	36320	599,99981783689748	36320	-1,1923165610852611	36320	600	36320	-0,0663386830915975	36320	0
36330	-0,062468369840067033	36330	600,001568412299	36330	-0,302241133645904	36330	600	36330	-0,0663386830915975	36330	0
36340	-0,07086249758236024	36340	599,99865622568973	36340	0,067029892506095784	36340	600	36340	-0,0663386830915975	36340	0
36350	-0,066141576767699925	36350	599,99966561490157	36350	-0,45083265878956269	36350	600	36350	-0,0663386830915975	36350	0
36360	-0,075353720009865288	36360	599,996754634222	36360	-0,59962796608475744	36360	600	36360	-0,0663386830915975	36360	0
36370	-0,06062723194381589	36370	600,00225461151626	36370	0,4909250462164324	36370	600	36370	-0,0663386830915975	36370	0
36380	-0,071329993122103433	36380	599,99905188772084	36380	-0,59619485115764692	36380	600	36380	-0,0663386830915975	36380	0
36390	-0,056320684906444304	36390	600,00140098829308	36390	0,569548558552635	36390	600	36390	-0,0663386830915975	36390	0
36400	-0,056385207933723785	36400	600,0038414102803	36400	0,44118395251308151	36400	600	36400	-0,0663386830915975	36400	0
36410	-0,057956482709577088	36410	600,00199800275493	36410	0,57769597059917666	36410	600	36410	-0,0663386830915975	36410	0
36420	-0,065371939378361651	36420	599,99846602192054	36420	-0,720226708006863	36420	600	36420	-0,0663386830915975	36420	0
36430	-0,057232818516158065	36430	600,00302399993109	36430	0,87538461538910139	36430	600	36430	-0,0663386830915975	36430	0
36440	-0,061604497880585932	36440	599,99817602751966	36440	0,10586683545541567	36440	600	36440	-0,0663386830915975	36440	0
36450	-0,063841663701139473	36450	600,00207641206532	36450	1,3793254000767967	36450	600	36450	-0,0663386830915975	36450	0
36460	-0,073238736812960045	36460	599,99686652805121	36460	-1,2421551858267192	36460	600	36460	-0,0663386830915975	36460	0
36470	-0,065274416318250136	36470	600,00070038364618	36470	-0,59035477030636363	36470	600	36470	-0,0663386830915975	36470	0
36480	-0,069437746396291647	36480	599,99849471785035	36480	-0,63850213916962628	36480	600	36480	-0,0663386830915975	36480	0
36490	-0,072351859992495118	36490	599,99823314884259	36490	0,090963635645003649	36490	600	36490	-0,0663386830915975	36490	0
36500	-0,06454174267980245	36500	600,00136017842226	36500	-0,64100709203288952	36500	600	36500	-0,0663386830915975	36500	0
36510	-0,0679374099705613	36510	600,00087843470226	36510	0,74183694551225821	36510	600	36510	-0,0663386830915975	36510	0
36520	-0,067941933124950615	36520	599,99983107718367	36520	-0,36298584301389014	36520	600	36520	-0,0663386830915975	36520	0
36530	-0,0700636477485283	36530	599,99697120273709	36530	-0,28238150111644239	36530	600	36530	-0,0663386830915975	36530	0
36540	-0,0598607619389851	36540	600,00049936534833	36540	0,0045452051915239322	36540	600	36540	-0,0663386830915975	36540	0
36550	-0,070797027911346663	36550	600,00075320913209	36550	-0,53900416890192537	36550	600	36550	-0,0663386830915975	36550	0
36560	-0,059788477697503395	36560	600,00202778027392	36560	1,1037673297006403	36560	600	36560	-0,0663386830915975	36560	0
36570	-0,07619859299098454	36570	599,99724503780021	36570	-0,47819336361349529	36570	600	36570	-0,0663386830915975	36570	0
36580	-0,066944715654387851	36580	600,00028742058646	36580	0,709413683339257	36580	600	36580	-0,0663386830915975	36580	0
36590	-0,06716086769136384	36590	599,9985437216817	36590	-0,24952253381704903	36590	600	36590	-0,0663386830915975	36590	0
36600	-0,062159026425410331	36600	600,00098360851882	36600	1,2140031330128831	36600	600	36600	-0,0663386830915975	36600	0
36610	-0,059429873221188742	36610	600,00081458577642	36610	0,083635198766976893	36610	600	36610	-0,0663386830915975	36610	0
36620	-0,048984881633811955	36620	600,00509116806143	36620	0,43207405766054152	36620	600	36620	-0,0663386830915975	36620	0
36630	-0,070688230658311091	36630	599,9980516976126	36630	0,21085587718908921	36630	600	36630	-0,0663386830915975	36630	0
36640	-0,070978043661461279	36640	599,99910942710039	36640	0,08088060437615896	36640	600	36640	-0,0663386830915975	36640	0
36650	-0,046047637835773855	36650	600,00787294425231	36650	1,8584641490463891	36650	600	36650	-0,0663386830915975	36650	0
36660	-0,059306127491765163	36660	600,00164190636951	36660	1,201964633382387	36660	600	36660	-0,0663386830915975	36660	0
36670	-0,058198714904264315	36670	600,00111995418411	36670	-0,32494173273816584	36670	600	36670	-0,0663386830915975	36670	0
36680	-0,067460834908009346	36680	600,0004715801299	36680	0,58735892092747255	36680	600	36680	-0,0663386830915975	36680	0
36690	-0,066121265465254833	36690	599,99814203867186	36690	-0,36882205798645817	36690	600	36690	-0,0663386830915975	36690	0
36700	-0,063929113984686092	36700	600,00066660274047	36700	-0,637527841637699	36700	600	36700	-0,0663386830915975	36700	0
36710	-0,076721034272998367	36710	599,99688500943194	36710	-0,76245814011141388	36710	600	36710	-0,0663386830915975	36710	0
36720	-0,061250238409310848	36720	600,00198621304173	36720	-0,0334601641731779	36720	600	36720	-0,0663386830915975	36720	0
36730	-0,069119706872629222	36730	599,99964506043318	36730	1,2030109251237331	36730	600	36730	-0,0663386830915975	36730	0
36740	-0,059702435173519607	36740	599,9986579884395	36740	-0,033120038083062242	36740	600	36740	-0,0663386830915975	36740	0
36750	-0,066723199771544353	36750	599,99980658443155	36750	-0,32798942301707318	36750	600	36750	-0,0663386830915975	36750	0
36760	-0,068848837103005031	36760	599,99900376656865	36760	-0,21737969504437826	36760	600	36760	-0,0663386830915975	36760	0
36770	-0,063717316221009318	36770	599,99909496654857	36770	-0,32072002093133689	36770	600	36770	-0,0663386830915975	36770	0
36780	-0,065645950573399822	36780	599,999648349856	36780	-0,059395896064753984	36780	600	36780	-0,0663386830915975	36780	0
36790	-0,066194037944758713	36790	600,00047538410456	36790	-0,5223296024664269	36790	600	36790	-0,0663386830915975	36790	0
36800	-0,06798701998601	36800	600,00266556474082	36800	0,68328235492458123	36800	600	36800	-0,0663386830915975	36800	0
36810	-0,0642317841261237	36810	599,99967468902412	36810	-0,25152323218212375	36810	600	36810	-0,0663386830915975	36810	0
36820	-0,063256270777784424	36820	599,99889524235755	36820	-0,105386999110189	36820	600	36820	-0,0663386830915975	36820	0
36830	-0,081895568029015431	36830	599,99729475537333	36830	-1,2974147319073923	36830	600	36830	-0,0663386830915975	36830	0
36840	-0,078446506901142743	36840	599,99845924968815	36840	-0,17280042660727557	36840	600	36840	-0,0663386830915975	36840	0
36850	-0,060413160806702781	36850	600,00031091738367	36850	0,36103749086984671	36850	600	36850	-0,0663386830915975	36850	0
36860	-0,070959881060001728	36860	599,99736152121773	36860	-0,64048534015698755	36860	600	36860	-0,0663386830915975	36860	0
36870	-0,060633513101151323	36870	600,00172448723083	36870	0,41031816822127104	36870	600	36870	-0,0663386830915975	36870	0
36880	-0,054952772831486418	36880	600,00262177423292	36880	0,74299346812954359	36880	600	36880	-0,0663386830915975	36880	0
36890	-0,067950659892691542	36890	599,99884228194571	36890	-0,8458423818503269	36890	600	36890	-0,0663386830915975	36890	0
36900	-0,069610274851664225	36900	599,9989077704173	36900	-0,11897620649801832	36900	600	36900	-0,0663386830915975	36900	0
36910	-0,068457694426469817	36910	599,99964238004281	36910	0,49016231789418158	36910	600	36910	-0,0663386830915975	36910	0
36920	-0,065507265653118971	36920	600,00091427809366	36920	-0,86345681904907856	36920	600	36920	-0,0663386830915975	36920	0
36930	-0,05370160126918188	36930	600,003076368528	36930	1,9946809728785306	36930	600	36930	-0,0663386830915975	36930	0
36940	-0,071219791059850462	36940	599,997867885849	36940	-1,1809516552644959	36940	600	36940	-0,0663386830915975	36940	0
36950	-0,058439822837741184	36950	600,00359442264607	36950	0,62089010010390755	36950	600	36950	-0,0663386830915975	36950	0
36960	-0,073413240795456983	36960	599,99829116102865	36960	0,048827745860350213	36960	600	36960	-0,0663386830915975	36960	0
36970	-0,065278031679792389	36970	600,00151477380473	36970	0,063822422885877916	36970	600	36970	-0,0663386830915975	36970	0
36980	-0,060935929635062086	36980	600,0032155548846	36980	1,0847635994969411	36980	600	36980	-0,0663386830915975	36980	0
36990	-0,05910714494051747	36990	600,00071917678156	36990	0,49003365911295527	36990	600	36990	-0,0663386830915975	36990	0
37000	-0,071269021689586071	37000	600,00139338835118	37000	0,20947873078671944	37000	600	37000	-0,0663386830915975	37000	0
37010	-0,0687390673789923	37010	599,99790283428661	37010	0,32725302686459007	37010	600	37010	-0,0663386830915975	37010	0
37020	-0,05179195786353849	37020	600,00177637298657	37020	0,76175802352437949	37020	600	37020	-0,0663386830915975	37020	0
37030	-0,072093761600137654	37030	599,9986705834001	37030	-0,84038847123122074	37030	600	37030	-0,0663386830915975	37030	0
37040	-0,0703774341566082	37040	599,99801033458471	37040	0,034252436194285169	37040	600	37040	-0,0663386830915975	37040	0
37050	-0,06113028314517098	37050	600,00274630685726	37050	-0,024886672792933745	37050	600	37050	-0,0663386830915975	37050	0
37060	-0,066089846215235226	37060	599,998808479665	37060	0,37657689478998041	37060	600	37060	-0,0663386830915975	37060	0
37070	-0,074285524997996982	37070	599,99804992113275	37070	-0,64206064250220085	37070	600	37070	-0,0663386830915975	37070	0
37080	-0,067668533044165785	37080	599,99894593625368	37080	0,27694237816039435	37080	600	37080	-0,0663386830915975	37080	0
37090	-0,058886907668459228	37090	600,00080565377459	37090	0,02431288551053068	37090	600	37090	-0,0663386830915975	37090	0
37100	-0,06873115459023435	37100	600,00142975699089	37100	0,0066551362829574412	37100	600	37100	-0,0663386830915975	37100	0
37110	-0,068521516915460864	37110	600,00081743926376	37110	-0,1911272231111523	37110	600	37110	-0,0663386830915975	37110	0
37120	-0,06898000845205321	37120	600,00046290121941	37120	-0,67322697940628917	37120	600	37120	-0,0663386830915975	37120	0
37130	-0,060988441712762992	37130	600,00181359916235	37130	-0,045793773467686823	37130	600	37130	-0,0663386830915975	37130	0
37140	-0,072009236192397075	37140	599,99960661617149	37140	0,72066670834409841	37140	600	37140	-0,0663386830915975	37140	0
37150	-0,058806287424090817	37150	599,99945043286164	37150	0,53823292698214509	37150	600	37150	-0,0663386830915975	37150	0
37160	-0,069032360009567778	37160	599,99875637980278	37160	-0,24830890394285088	37160	600	37160	-0,0663386830915975	37160	0
37170	-0,0685136466796842	37170	599,99968281268934	37170	-0,285119295907732	37170	600	37170	-0,0663386830915975	37170	0
37180	-0,056312286601983966	37180	600,0025155731463	37180	0,91808014570138674	37180	600	37180	-0,0663386830915975	37180	0
37190	-0,062644381041994129	37190	599,9996861184992	37190	-0,41343203176924981	37190	600	37190	-0,0663386830915975	37190	0
37200	-0,06765737647030387	37200	600,00248295498261	37200	1,0737083467915478	37200	600	37200	-0,0663386830915975	37200	0
37210	-0,066161179963785316	37210	599,99798375846058	37210	0,599099679436223	37210	600	37210	-0,0663386830915975	37210	0
37220	-0,0599960534247836	37220	600,00135785034047	37220	-0,070270393513355914	37220	600	37220	-0,0663386830915975	37220	0
37230	-0,056160423286146274	37230	600,00438921300974	37230	-0,13216153970011058	37230	600	37230	-0,0663386830915975	37230	0
37240	-0,0793255008467251	37240	599,99605614302891	37240	-0,6783798672332747	37240	600	37240	-0,0663386830915975	37240	0
37250	-0,063953171181351451	37250	600,00057067730665	37250	0,1756541602295659	37250	600	37250	-0,0663386830915975	37250	0
37260	-0,070510685424280711	37260	599,99789375153114	37260	-1,0922221941852022	37260	600	37260	-0,0663386830915975	37260	0
37270	-0,080552899420551022	37270	599,996755086565	37270	-1,0717096337070664	37270	600	37270	-0,0663386830915975	37270	0
37280	-0,0633684928012242	37280	600,00161138262411	37280	0,57748151927886227	37280	600	37280	-0,0663386830915975	37280	0
37290	-0,067756567022737649	37290	599,98820757835131	37290	-3,2469769908405168	37290	599,98666666666668	37290	-0,0663386830915975	37290	-4
37300	-0,05467280741202156	37300	599,90895141309477	37300	-11,984684862652147	37300	599,89333333333332	37300	-0,0663386830915975	37300	-16
37310	-0,02391512517343845	37310	599,68261012593507	37310	-28,4468925480614	37310	599,64	37310	-0,0663386830915975	37310	-36
37320	0,024923859477730261	37320	599,22921925223079	37320	-55,226679017008337	37320	599,14666666666665	37320	-0,0663386830915975	37320	-64
37330	0,098823614587017355	37330	598,4648162552545	37330	-87,788943298744556	37330	598,33333333333337	37330	-0,0663386830915975	37330	-100
37340	0,16510713396688156	37340	597,3029593094933	37340	-128,79030633346252	37340	597,12	37340	-0,0663386830915975	37340	-144
37350	0,21451119892637779	37350	595,6535410547533	37350	-181,10720782245258	37350	595,42666666666662	37350	-0,0663386830915975	37350	-196,00000000000006
37360	0,24486991404808753	37360	593,43826817358479	37360	-241,48102423344756	37360	593,17333333333329	37360	-0,0663386830915975	37360	-256
37370	0,25468224915420912	37370	590,56577769118962	37370	-308,10567604935972	37370	590,28	37370	-0,0663386830915975	37370	-324
37380	0,28833724406312394	37380	586,97098863864846	37380	-384,10234506354794	37380	586,66666666666663	37380	-0,0663386830915975	37380	-400,00000000000006
37390	0,20408020492650397	37390	582,59253968379073	37390	-460,99362207961696	37390	582,25333333333333	37390	-0,0663386830915975	37390	-484
37400	0,16142778491457083	37400	577,36087634588819	37400	-551,59533230692784	37400	576,96	37400	-0,0663386830915975	37400	-576
37410	0,2215331501659856	37410	571,230417116835	37410	-636,06506196448925	37410	570,70666666666671	37410	-0,0663386830915975	37410	-676
37420	0,13317787131668343	37420	564,504753710146	37420	-692,65610163035853	37420	563,4133333333333	37420	-0,0663386830915975	37420	-784,00000000000011
37430	-0,01104803365949837	37430	556,85719794472686	37430	-799,128228477268	37430	555,01683544627781	37430	-0,0663386830915975	37430	-894,112549695428
37440	0,17516693601743066	37440	548,1419378090834	37440	-905,62491806606022	37440	545,55767243275841	37440	-0,0663386830915975	37440	-996,38671967512335
37450	0,36050340973242273	37450	538,2319548952978	37450	-1033,6536332757528	37450	535,115767719442	37450	-0,0663386830915975	37450	-1090,6608896548187
37460	0,15808243369276381	37460	527,333920245509	37460	-1100,3605659042337	37460	523,77112130632872	37460	-0,0663386830915975	37460	-1176,9350596345137
37470	0,043660682300963954	37470	515,8574348733415	37470	-1177,3963354514051	37470	511,60373319341841	37470	-0,0663386830915975	37470	-1255,2092296142091
37480	-0,39022036990824605	37480	503,65895266160686	37480	-1242,0357940288234	37480	498,69360338071118	37480	-0,0663386830915975	37480	-1325,4833995939043
37490	0,13475857966157864	37490	490,1805955694918	37490	-1395,8754850580147	37490	485,12073186820703	37490	-0,0663386830915975	37490	-1387,7575695735993
37500	-0,0592209353830265	37500	475,79528418052809	37500	-1461,1409211805421	37500	470,96511865590583	37500	-0,0663386830915975	37500	-1442,0317395532945
37510	-0,15219986361270488	37510	460,76898417870456	37510	-1507,5826268468034	37510	456,30676374380778	37510	-0,0663386830915975	37510	-1488,3059095329897
37520	-0,243070108582546	37520	445,27803729195216	37520	-1585,2321138062148	37520	441,2256671319127	37520	-0,0663386830915975	37520	-1526,580079512685
37530	-0,43648574467402451	37530	428,85811182179611	37530	-1672,6868547784211	37530	425,80182882022075	37530	-0,0663386830915975	37530	-1556,8542494923802
37540	-0,37879158727639028	37540	411,9706448156677	37540	-1683,8611367196809	37540	410,11524880873179	37540	-0,0663386830915975	37540	-1579,1284194720754
37550	-0,34543427125550696	37550	395,1883263809309	37550	-1675,6819164967299	37550	394,24592709744587	37550	-0,0663386830915975	37550	-1593,4025894517706
37560	-0,50985158680212062	37560	378,5962699384109	37560	-1647,2881585545124	37560	378,273863686363	37560	-0,0663386830915975	37560	-1599,6767594314658
37570	-0,74052321066644711	37570	362,17919770582176	37570	-1633,5484594546444	37570	362,27416997969522	37570	-0,0663386830915975	37570	-1600
37580	-0,47502217246104866	37580	346,046288767243	37580	-1612,051997222957	37580	346,27416997969522	37580	-0,0663386830915975	37580	-1600
37590	-0,5555584716387304	37590	330,11207123897623	37590	-1586,4682362454344	37590	330,28750331302854	37590	-0,0663386830915975	37590	-1596
37600	-0,76184353227766621	37600	314,33198715523389	37600	-1568,5573687082579	37600	314,38083664636184	37600	-0,0663386830915975	37600	-1584
37610	-0,32992094195494026	37610	298,8457470479197	37610	-1547,5368169965909	37610	298,63416997969517	37610	-0,0663386830915975	37610	-1564
37620	-0,37881227684555618	37620	283,62163955701089	37620	-1507,2232266752576	37620	283,12750331302851	37620	-0,0663386830915975	37620	-1536
37630	-0,46895894776914204	37630	268,56340386782034	37630	-1495,3853459205836	37630	267,9408366463619	37630	-0,0663386830915975	37630	-1500
37640	-0,11732063135098092	37640	253,9282297015582	37640	-1456,7242021267207	37640	253,15416997969521	37640	-0,0663386830915975	37640	-1456
37650	-0,23942209064803044	37650	239,61018138068582	37650	-1409,0583723482521	37650	238,84750331302854	37650	-0,0663386830915975	37650	-1404
37660	-0,13818206662913271	37660	225,83974778572278	37660	-1359,9086926286768	37660	225,10083664636187	37660	-0,0663386830915975	37660	-1344
37670	-0,4573336394087108	37670	212,62958499689506	37670	-1303,5251088267667	37670	211,99416997969519	37670	-0,0663386830915975	37670	-1276
37680	-0,13209202372151949	37680	200,14901302075816	37680	-1219,4170814084682	37680	199,6075033130285	37680	-0,0663386830915975	37680	-1199,9999999999998
37690	-0,591814345666176	37690	188,47717380627515	37690	-1140,8998135533711	37690	188,02083664636189	37690	-0,0663386830915975	37690	-1116
37700	-0,45033382165855879	37700	177,70686311377	37700	-1046,5589446313845	37700	177,31416997969521	37700	-0,0663386830915975	37700	-1024
37710	-0,4832463288098125	37710	167,91875762395614	37710	-946,13270842693692	37710	167,56750331302854	37710	-0,0663386830915975	37710	-924
37720	-0,23739147521557705	37720	159,1555051702596	37720	-844,7018660224611	37720	158,86083664636186	37720	-0,0663386830915975	37720	-815,99999999999989
37730	-0,3641890543384792	37730	151,47497722624451	37730	-732,73381940058323	37730	151,25733453341738	37730	-0,0663386830915975	37730	-705,88745030457164
37740	-0,41388883065247745	37740	144,9209435429602	37740	-623,47866246766966	37740	144,71649754693678	37740	-0,0663386830915975	37740	-603,61328032487631
37750	-0,26352522654615856	37750	139,33889671104819	37750	-529,42585404535123	37750	139,15840226025318	37750	-0,0663386830915975	37750	-509,33911034518161
37760	-0,11920772131468815	37760	134,68159396072343	37760	-437,01907923752594	37760	134,50304867336652	37760	-0,0663386830915975	37760	-423,06494036548628
37770	-0,020886540497747613	37770	130,87169276866553	37770	-357,6868208401533	37770	130,67043678627681	37770	-0,0663386830915975	37770	-344,790770385791
37780	0,06036453150039639	37780	127,80876898074591	37780	-284,69934457225293	37780	127,58056659898402	37780	-0,0663386830915975	37780	-274,51660040609579
37790	0,1528341346252185	37790	125,39994972915864	37790	-222,34112586906576	37790	125,15343811148821	37790	-0,0663386830915975	37790	-212,24243042640057
37800	0,22434005013995931	37800	123,56776328266516	37800	-167,23960731228686	37800	123,30905132378933	37800	-0,0663386830915975	37800	-157,968260446705
37810	0,27489342330745953	37810	122,21330690805988	37810	-121,00947555458437	37810	121,96740623588742	37810	-0,0663386830915975	37810	-111,69409046700983
37820	0,29839497971164491	37820	121,27392215766683	37820	-83,036636993212056	37820	121,04850284778247	37820	-0,0663386830915975	37820	-73,419920487314656
37830	0,29904363477358636	37830	120,6634956891513	37830	-51,076907831597815	37830	120,47234115947447	37830	-0,0663386830915975	37830	-43,1457505076195
37840	0,28605873970289358	37840	120,31276587634703	37840	-27,88895266395437	37840	120,15892117096341	37840	-0,0663386830915975	37840	-20,871580527924372
37850	0,26131814955912952	37850	120,15285339566839	37850	-11,03854927447007	37850	120,02824288224932	37850	-0,0663386830915975	37850	-6,5974105482293677
37860	0,25421441982846937	37860	120,10443454697476	37860	-2,2548442621330875	37860	120,00030629333216	37860	-0,0663386830915975	37860	-0,32324056853417465
37870	0,25353355632505459	37870	120,09625509664986	37870	-0,63244945814991316	37870	120	37870	-0,0663386830915975	37870	0
37880	0,24838944042331215	37880	120,08924556655092	37880	-0,56752358998903862	37880	120	37880	-0,0663386830915975	37880	0
37890	0,23504174773568559	37890	120,07786745860447	37890	-0,5107709873339481	37890	120	37890	-0,0663386830915975	37890	0
37900	0,1955741320431314	37900	120,06206453812627	37900	-1,1757738096159989	37900	120	37900	-0,0663386830915975	37900	0
37910	0,1448746544124602	37910	120,03950948884015	37910	-1,8553089026489558	37910	120	37910	-0,0663386830915975	37910	0
37920	0,099627615160729863	37920	120,01982553936293	37920	-1,7132311462503349	37920	120	37920	-0,0663386830915975	37920	0
37930	0,046864091469510843	37930	120,00018801550132	37930	-1,3444862678032421	37930	120	37930	-0,0663386830915975	37930	0
37940	0,0088192516388914174	37940	119,98382914735392	37940	-1,963857251388542	37940	120	37940	-0,0663386830915975	37940	0
37950	-0,024987966757890848	37950	119,9763700694653	37950	-1,3986973426634473	37950	120	37950	-0,0663386830915975	37950	0
37960	-0,036747980662041192	37960	119,97588969429582	37960	0,37091023181395466	37960	120	37960	-0,0663386830915975	37960	0
37970	-0,032110548633421915	37970	119,98134295346119	37970	0,7502775402082158	37970	120	37970	-0,0663386830915975	37970	0
37980	-0,042743328698422615	37980	119,98934692939719	37980	0,750503613875631	37980	120	37980	-0,0663386830915975	37980	0
37990	-0,040131772537548266	37990	119,99361164791944	37990	0,69027449661986506	37990	120	37990	-0,0663386830915975	37990	0
38000	-0,04259096952884512	38000	120,00184461329656	38000	0,65328028794681248	38000	120	38000	-0,0663386830915975	38000	0
38010	-0,046958466687483165	38010	120,00304882580315	38010	-0,024738506955194417	38010	120	38010	-0,0663386830915975	38010	0
38020	-0,028420734598074544	38020	120,01059184877803	38020	1,5135299987016198	38020	120	38020	-0,0663386830915975	38020	0
38030	-0,040827671322875153	38030	120,00785133367111	38030	-0,75881193251156864	38030	120	38030	-0,0663386830915975	38030	0
38040	-0,051491188303329029	38040	120,00628363076275	38040	0,03044008248337432	38040	120	38040	-0,0663386830915975	38040	0
38050	-0,0666871775791692	38050	120,00064420074855	38050	-0,69623872501630912	38050	120	38050	-0,0663386830915975	38050	0
38060	-0,048555549897293188	38060	120,00187396293465	38060	0,54972531027229687	38060	120	38060	-0,0663386830915975	38060	0
38070	-0,0674931123059641	38070	119,99922275576219	38070	-0,584489004459265	38070	120	38070	-0,0663386830915975	38070	0
38080	-0,051406087490256276	38080	120,00238558019551	38080	0,87659420308827207	38080	120	38080	-0,0663386830915975	38080	0
38090	-0,074353355755143291	38090	119,99555080800873	38090	-0,170706652803028	38090	120	38090	-0,0663386830915975	38090	0
38100	-0,063016664176083967	38100	120,00074856825152	38100	1,4315320034013586	38100	120	38100	-0,0663386830915975	38100	0
38110	-0,065714454320196292	38110	119,99557308079119	38110	-0,28304430888577048	38110	120	38110	-0,0663386830915975	38110	0
38120	-0,070151920147462452	38120	120,00003171881582	38120	-0,84904246652222337	38120	120	38120	-0,0663386830915975	38120	0
38130	-0,052168947528239716	38130	120,00695268635299	38130	1,4506068913689776	38130	120	38130	-0,0663386830915975	38130	0
38140	-0,053807986950681459	38140	120,0008169604986	38140	0,28242132997046421	38140	120	38140	-0,0663386830915975	38140	0
38150	-0,068270989562789861	38150	120,00217532197556	38150	0,069272086787508569	38150	120	38150	-0,0663386830915975	38150	0
38160	-0,080088293765373367	38160	119,99597660798861	38160	-0,65621588532675212	38160	120	38160	-0,0663386830915975	38160	0
38170	-0,06354427454332974	38170	119,99785582488276	38170	-0,54266793712609784	38170	120	38170	-0,0663386830915975	38170	0
38180	-0,067438343939645137	38180	119,99963783317153	38180	0,15731302886761936	38180	120	38180	-0,0663386830915975	38180	0
38190	-0,064155169433597323	38190	119,99942952676231	38190	-0,38747777810459749	38190	120	38190	-0,0663386830915975	38190	0
38200	-0,068863096925767156	38200	119,99993599056658	38200	-0,12675091680764222	38200	120	38200	-0,0663386830915975	38200	0
38210	-0,064509992123158957	38210	119,99722404119085	38210	-1,3366814255204094	38210	120	38210	-0,0663386830915975	38210	0
38220	-0,0769755003339175	38220	119,99884393281012	38220	-0,822263041014782	38220	120	38220	-0,0663386830915975	38220	0
38230	-0,051258656724258007	38230	120,00359150547288	38230	1,1383691484065774	38230	120	38230	-0,0663386830915975	38230	0
38240	-0,060561344486027784	38240	120,00399960315576	38240	1,2108942706233132	38240	120	38240	-0,0663386830915975	38240	0
38250	-0,056414302423829339	38250	120,0016864566356	38250	0,77981379137601048	38250	120	38250	-0,0663386830915975	38250	0
38260	-0,078954602365007412	38260	119,99756150324649	38260	-1,2727782646015435	38260	120	38260	-0,0663386830915975	38260	0
38270	-0,059441269615707421	38270	120,00096378224261	38270	0,23482803614649761	38270	120	38270	-0,0663386830915975	38270	0
38280	-0,067322644648943553	38280	119,99952697947701	38280	0,13756480175237953	38280	120	38280	-0,0663386830915975	38280	0
38290	-0,061737046714227251	38290	120,00016840931563	38290	-0,002962152421832287	38290	120	38290	-0,0663386830915975	38290	0
38300	-0,059920484470669291	38300	119,99936724404276	38300	-0,31122592020019024	38300	120	38300	-0,0663386830915975	38300	0
38310	-0,067212983458456943	38310	119,99990233846393	38310	0,039136125144421607	38310	120	38310	-0,0663386830915975	38310	0
38320	-0,0663743777315833	38320	119,99997289085222	38320	0,10367589765543317	38320	120	38320	-0,0663386830915975	38320	0
38330	-0,060495910883961883	38330	119,99980027604092	38330	-1,0263825635977719	38330	120	38330	-0,0663386830915975	38330	0
38340	-0,080470475451858273	38340	119,99813819972185	38340	-0,65718580865840659	38340	120	38340	-0,0663386830915975	38340	0
38350	-0,054165435224966342	38350	120,00435025801789	38350	0,57237249842673332	38350	120	38350	-0,0663386830915975	38350	0
38360	-0,069280593507968585	38360	119,99996722779417	38360	-0,802802534578134	38360	120	38360	-0,0663386830915975	38360	0
38370	-0,069961307942997222	38370	120,00130538584223	38370	-0,85646408429614307	38370	120	38370	-0,0663386830915975	38370	0
38380	-0,072179190110316566	38380	119,99857357006843	38380	-0,045833525950281589	38380	120	38380	-0,0663386830915975	38380	0
38390	-0,0710832983172612	38390	119,99803887005461	38390	-1,9912450980818783	38390	120	38390	-0,0663386830915975	38390	0
38400	-0,069139998631682117	38400	119,99980528583672	38400	0,50055299628922856	38400	120	38400	-0,0663386830915975	38400	0
38410	-0,0768809364666454	38410	119,99651657437235	38410	-0,58959761163216418	38410	120	38410	-0,0663386830915975	38410	0
38420	-0,06173565853242214	38420	119,99963478599317	38420	0,22230515658686426	38420	120	38420	-0,0663386830915975	38420	0
38430	-0,073750562505343314	38430	119,99945135611762	38430	-0,47255769237005774	38430	120	38430	-0,0663386830915975	38430	0
38440	-0,070934474320904883	38440	120,0003678032061	38440	0,11801072950057841	38440	120	38440	-0,0663386830915975	38440	0
38450	-0,067167463708733888	38450	120,00144764139641	38450	-0,669503160130116	38450	120	38450	-0,0663386830915975	38450	0
38460	-0,067079992136497513	38460	119,99801982663321	38460	-0,591729981983269	38460	120	38460	-0,0663386830915975	38460	0
38470	-0,073556301525344647	38470	119,99979860612616	38470	-0,77372814557543246	38470	120	38470	-0,0663386830915975	38470	0
38480	-0,061613689196483981	38480	119,99846459736983	38480	0,609615163622291	38480	120	38480	-0,0663386830915975	38480	0
38490	-0,068832662106569339	38490	120,00091082488333	38490	-0,256184496199877	38490	120	38490	-0,0663386830915975	38490	0
38500	-0,070294882266913258	38500	119,99962059362909	38500	0,39740831619651351	38500	120	38500	-0,0663386830915975	38500	0
38510	-0,05768006085519433	38510	120,00117487515078	38510	0,45234040692591693	38510	120	38510	-0,0663386830915975	38510	0
38520	-0,0743858729748081	38520	119,99767886188685	38520	-1,0310543734708393	38520	120	38520	-0,0663386830915975	38520	0
38530	-0,066388188284882618	38530	120,00127936627469	38530	-0,2859660705410732	38530	120	38530	-0,0663386830915975	38530	0
38540	-0,069462129874372086	38540	119,99748911921887	38540	-0,531123375736052	38540	120	38540	-0,0663386830915975	38540	0
38550	-0,068895170573028686	38550	120,00190685165295	38550	0,0764108185181347	38550	120	38550	-0,0663386830915975	38550	0
38560	-0,063730886303110842	38560	119,99994809477541	38560	0,89440064710083922	38560	120	38560	-0,0663386830915975	38560	0
38570	-0,057847019153917309	38570	120,0004282749611	38570	-0,39277716431959786	38570	120	38570	-0,0663386830915975	38570	0
38580	-0,072614535612511841	38580	119,99952114683555	38580	-0,27680970275442118	38580	120	38580	-0,0663386830915975	38580	0
38590	-0,06500914559428507	38590	120,00231256089047	38590	1,1622761234838381	38590	120	38590	-0,0663386830915975	38590	0
38600	-0,059642378724347793	38600	119,998842613824	38600	1,0855815397017978	38600	120	38600	-0,0663386830915975	38600	0
38610	-0,071739361824557812	38610	119,99801156998383	38610	-0,10701664767078242	38610	120	38610	-0,0663386830915975	38610	0
38620	-0,071166725760785018	38620	120,00070542600525	38620	0,12958203001186977	38620	120	38620	-0,0663386830915975	38620	0
38630	-0,067409926844111567	38630	119,99850024611757	38630	-0,19654614142487981	38630	120	38630	-0,0663386830915975	38630	0
38640	-0,056996233860924519	38640	120,00127723662421	38640	-0,17510228489056495	38640	120	38640	-0,0663386830915975	38640	0
38650	-0,051209901219177026	38650	120,00555815767221	38650	1,1045307516792955	38650	120	38650	-0,0663386830915975	38650	0
38660	-0,063217674281340938	38660	120,00267703967512	38660	0,74141079698470125	38660	120	38660	-0,0663386830915975	38660	0
38670	-0,06330856136508517	38670	119,99968742031426	38670	0,12493465762214284	38670	120	38670	-0,0663386830915975	38670	0
38680	-0,057207649819419178	38680	120,00378811076597	38680	0,88733902188978742	38680	120	38680	-0,0663386830915975	38680	0
38690	-0,065413946813357993	38690	119,99752247357648	38690	0,23766642888620268	38690	120	38690	-0,0663386830915975	38690	0
38700	-0,066171154605899327	38700	120,00143304357447	38700	1,5989741337373411	38700	120	38700	-0,0663386830915975	38700	0
38710	-0,067457868112650712	38710	119,99872737567549	38710	0,2104079797755492	38710	120	38710	-0,0663386830915975	38710	0
38720	-0,072389874449797359	38720	119,99904340949007	38720	0,32801352139377582	38720	120	38720	-0,0663386830915975	38720	0
38730	-0,066926191912778793	38730	120,0012319671429	38730	-0,31901513419428895	38730	120	38730	-0,0663386830915975	38730	0
38740	-0,064820389576990559	38740	120,00022001678519	38740	-0,2165166186353813	38740	120	38740	-0,0663386830915975	38740	0
38750	-0,060871160679962136	38750	120,00258802220135	38750	0,82372933630718959	38750	120	38750	-0,0663386830915975	38750	0
38760	-0,068296782524380123	38760	119,99887016950056	38760	0,73168686803932659	38760	120	38760	-0,0663386830915975	38760	0
38770	-0,064896981066206491	38770	120,00021835198069	38770	0,21843509980943276	38770	120	38770	-0,0663386830915975	38770	0
38780	-0,063276549864115544	38780	119,99853384597135	38780	0,036991263393189033	38780	120	38780	-0,0663386830915975	38780	0
38790	-0,064741539110983654	38790	120,00004360023792	38790	0,11262690353843574	38790	120	38790	-0,0663386830915975	38790	0
38800	-0,064522260517597532	38800	120,00080877981337	38800	0,56757583135957412	38800	120	38800	-0,0663386830915975	38800	0
38810	-0,074876998016014454	38810	119,99883080714756	38810	-0,21547292469617063	38810	120	38810	-0,0663386830915975	38810	0
38820	-0,059721045161736146	38820	119,99777192868099	38820	-0,16153616773057405	38820	120	38820	-0,0663386830915975	38820	0
38830	-0,0631588413061942	38830	120,00293627666561	38830	0,16543303381034966	38830	120	38830	-0,0663386830915975	38830	0
38840	-0,073137603755966688	38840	119,99928763558464	38840	-0,25451064220926534	38840	120	38840	-0,0663386830915975	38840	0
38850	-0,069924389201919387	38850	120,00054746476803	38850	0,49315079911215037	38850	120	38850	-0,0663386830915975	38850	0
38860	-0,05371935540923669	38860	120,00278827623619	38860	1,3850992997429281	38860	120	38860	-0,0663386830915975	38860	0
38870	-0,07216812977961326	38870	119,99877578591934	38870	-1,0051150699702878	38870	120	38870	-0,0663386830915975	38870	0
38880	-0,067220599566873582	38880	119,99974718987367	38880	0,39583282615573434	38880	120	38880	-0,0663386830915975	38880	0
38890	-0,068522329161106163	38890	119,99955810431887	38890	-0,15952629042358835	38890	120	38890	-0,0663386830915975	38890	0
38900	-0,059988249657252073	38900	120,00141978272865	38900	0,67905960471074123	38900	120	38900	-0,0663386830915975	38900	0
38910	-0,065288681633931256	38910	119,99949832354541	38910	0,026297873793706877	38910	120	38910	-0,0663386830915975	38910	0
38920	-0,056673470136220781	38920	120,00171494712153	38920	0,75744671277911646	38920	120	38920	-0,0663386830915975	38920	0
38930	-0,0831938368503559	38930	119,99720563752886	38930	-0,77003783756725785	38930	120	38930	-0,0663386830915975	38930	0
38940	-0,068860683832621825	38940	119,99776979309725	38940	-1,2705102191657702	38940	120	38940	-0,0663386830915975	38940	0
38950	-0,062953211997448036	38950	120,00251985474668	38950	0,94356822067161483	38950	120	38950	-0,0663386830915975	38950	0
38960	-0,064650142916973685	38960	119,99966505413913	38960	0,1964091952355029	38960	120	38960	-0,0663386830915975	38960	0
38970	-0,063591596588171734	38970	120,00104614903137	38970	-1,1637309371652815	38970	120	38970	-0,0663386830915975	38970	0
38980	-0,066776353961110077	38980	120,00271830757558	38980	0,4661985338156282	38980	120	38980	-0,0663386830915975	38980	0
38990	-0,062340317006790581	38990	120,00117342463175	38990	-0,049626619717383108	38990	120	38990	-0,0663386830915975	38990	0
39000	-0,070923220706001044	39000	119,99844952826632	39000	-1,205027106905737	39000	120	39000	-0,0663386830915975	39000	0
39010	-0,069911645565318217	39010	119,99760832341046	39010	0,18338220140355777	39010	120	39010	-0,0663386830915975	39010	0
39020	-0,064079147317112728	39020	120,00142582538747	39020	0,42748336196717163	39020	120	39020	-0,0663386830915975	39020	0
39030	-0,065344429190227135	39030	119,99698994291546	39030	0,35711445057354774	39030	120	39030	-0,0663386830915975	39030	0
39040	-0,055887978651891074	39040	119,99958940301485	39040	0,69114927700358508	39040	120	39040	-0,0663386830915975	39040	0
39050	-0,072581530015784171	39050	120,00054015980183	39050	0,5985912285427275	39050	120	39050	-0,0663386830915975	39050	0
39060	-0,059341531335368576	39060	119,99929466028358	39060	-0,47825200960923281	39060	120	39060	-0,0663386830915975	39060	0
39070	-0,060239024015611223	39070	120,00024972639844	39070	0,085029908895172368	39070	120	39070	-0,0663386830915975	39070	0
39080	-0,07991047455982328	39080	119,99967306748869	39080	-0,79066685251400481	39080	120	39080	-0,0663386830915975	39080	0
39090	-0,064074975795672465	39090	120,00311714363724	39090	0,12178712159236299	39090	120	39090	-0,0663386830915975	39090	0
39100	-0,053258764821747392	39100	120,00160853272766	39100	1,291958683352826	39100	120	39100	-0,0663386830915975	39100	0
39110	-0,051568604443129364	39110	120,0029002972605	39110	0,38661360156424684	39110	120	39110	-0,0663386830915975	39110	0
39120	-0,054520851642357794	39120	120,00172870481256	39120	0,21410986681761307	39120	120	39120	-0,0663386830915975	39120	0
39130	-0,079789661646174528	39130	119,99695752852068	39130	-0,92543122807584033	39130	120	39130	-0,0663386830915975	39130	0
39140	-0,070806569984115525	39140	119,99672472631005	39140	-1,2815402687517583	39140	120	39140	-0,0663386830915975	39140	0
39150	-0,059655491628367426	39150	120,00131528593855	39150	0,36163533657404567	39150	120	39150	-0,0663386830915975	39150	0
39160	-0,06441294225672585	39160	120,00004322324176	39160	0,99625989723615127	39160	120	39160	-0,0663386830915975	39160	0
39170	-0,083886478023188327	39170	119,99674113901722	39170	-1,5182397190004038	39170	120	39170	-0,0663386830915975	39170	0
39180	-0,073856942749273138	39180	119,99616884999195	39180	-0,15127895634167479	39180	120	39180	-0,0663386830915975	39180	0
39190	-0,058065117697274085	39190	120,00085520250595	39190	0,10639622428502144	39190	120	39190	-0,0663386830915975	39190	0
39200	-0,055813762322435914	39200	120,00480178408701	39200	0,97833884042303354	39200	120	39200	-0,0663386830915975	39200	0
39210	-0,062826331236986235	39210	120,0000344248224	39210	1,0485577818136227	39210	120	39210	-0,0663386830915975	39210	0
39220	-0,064666960880991928	39220	119,99978389408751	39220	-0,052485486019370753	39220	120	39220	-0,0663386830915975	39220	0
39230	-0,065397955643037478	39230	120,00182209120288	39230	0,10462786619208186	39230	120	39230	-0,0663386830915975	39230	0
39240	-0,069512152414581085	39240	119,99986721850841	39240	0,30888552723575335	39240	120	39240	-0,0663386830915975	39240	0
39250	-0,06307377110607372	39250	120,0008009428383	39250	0,45015780676246053	39250	120	39250	-0,0663386830915975	39250	0
39260	-0,067067265980326571	39260	119,99957140939492	39260	-0,56748929051478458	39260	120	39260	-0,0663386830915975	39260	0
39270	-0,066935032421274951	39270	119,99856559182194	39270	0,585806722533958	39270	120	39270	-0,0663386830915975	39270	0
39280	-0,059546108967773397	39280	119,99978520234444	39280	0,27701964953556735	39280	120	39280	-0,0663386830915975	39280	0
39290	-0,062326413110901209	39290	120,00080777345707	39290	0,57824723889024676	39290	120	39290	-0,0663386830915975	39290	0
39300	-0,0733757356104791	39300	119,99780075257671	39300	-0,015589404195662571	39300	120	39300	-0,0663386830915975	39300	0
39310	-0,064489079527037071	39310	119,99913694364955	39310	-0,45959178751337026	39310	120	39310	-0,0663386830915975	39310	0
39320	-0,0628563528871512	39320	120,00148984664854	39320	0,48292590707746175	39320	120	39320	-0,0663386830915975	39320	0
39330	-0,061657721564180396	39330	119,9985174548125	39330	0,42566289766282955	39330	120	39330	-0,0663386830915975	39330	0
39340	-0,070912613538135064	39340	119,99829726380224	39340	-0,55188910428115046	39340	120	39340	-0,0663386830915975	39340	0
39350	-0,077339778881889309	39350	120,00000521255277	39350	-0,19837132671069518	39350	120	39350	-0,0663386830915975	39350	0
39360	-0,063516823278035345	39360	120,00137137561681	39360	0,31380430694770212	39360	120	39360	-0,0663386830915975	39360	0
39370	-0,054083839687421587	39370	120,00344221764962	39370	0,66760784388040406	39370	120	39370	-0,0663386830915975	39370	0
39380	-0,065555288114598875	39380	120,00122784212057	39380	0,79286749336796747	39380	120	39380	-0,0663386830915975	39380	0
39390	-0,07233052610454721	39390	119,9969228605722	39390	-1,5700496301005362	39390	120	39390	-0,0663386830915975	39390	0
39400	-0,0660377397434949	39400	120,00200794842368	39400	0,23683994339319386	39400	120	39400	-0,0663386830915975	39400	0
39410	-0,059835080881904854	39410	120,00157469612127	39410	1,0153243884384495	39410	120	39410	-0,0663386830915975	39410	0
39420	-0,06332579771194087	39420	119,99836526347009	39420	-0,78890771515777036	39420	120	39420	-0,0663386830915975	39420	0
39430	-0,062068614163625031	39430	120,0005022294462	39430	1,1265929291082653	39430	120	39430	-0,0663386830915975	39430	0
39440	-0,069138969283518911	39440	119,99773917243846	39440	-0,36417678583467727	39440	120	39440	-0,0663386830915975	39440	0
39450	-0,064501573792448308	39450	119,99976926460185	39450	0,016288339950970773	39450	120	39450	-0,0663386830915975	39450	0
39460	-0,0706906873301433	39460	119,99705529918489	39460	-0,64440675023079086	39460	120	39460	-0,0663386830915975	39460	0
39470	-0,0702816450276525	39470	120,00007324789057	39470	-0,37980815315152572	39470	120	39470	-0,0663386830915975	39470	0
39480	-0,052013371801299606	39480	120,00362235258082	39480	1,3347997627411294	39480	120	39480	-0,0663386830915975	39480	0
39490	-0,070104034042977423	39490	119,99634249470144	39490	-0,75862302094978307	39490	120	39490	-0,0663386830915975	39490	0
39500	-0,073662288348904287	39500	120,0015256557641	39500	-0,15696634618246041	39500	120	39500	-0,0663386830915975	39500	0
39510	-0,059467421113105823	39510	120,00151792238148	39510	0,13644148123667829	39510	120	39510	-0,0663386830915975	39510	0
39520	-0,081414925112062941	39520	119,99922840519095	39520	-0,805159783259594	39520	120	39520	-0,0663386830915975	39520	0
39530	-0,066481087204249278	39530	120,00162605333637	39530	0,71028042968574168	39530	120	39530	-0,0663386830915975	39530	0
39540	-0,059892516449869017	39540	119,999748936284	39540	0,62889359331756733	39540	120	39540	-0,0663386830915975	39540	0
39550	-0,07292236874971765	39550	120,00001373080292	39550	-1,5375991926417878	39550	120	39550	-0,0663386830915975	39550	0
39560	-0,077023078129284731	39560	119,99654191440584	39560	-0,33464997361762833	39560	120	39560	-0,0663386830915975	39560	0
39570	-0,055931346676278818	39570	119,99962703059872	39570	-0,2272825157556117	39570	120	39570	-0,0663386830915975	39570	0
39580	-0,057521874783238724	39580	120,00073348048433	39580	0,40906185337500067	39580	120	39580	-0,0663386830915975	39580	0
39590	-0,095015041122152172	39590	119,99260614981036	39590	-1,4842832678764555	39590	120	39590	-0,0663386830915975	39590	0
39600	-0,072307439370171964	39600	120,00021931073206	39600	0,97454595814559364	39600	120	39600	-0,0663386830915975	39600	0
39610	-0,0592062974674665	39610	120,00096364875917	39610	-0,514296368760039	39610	120	39610	-0,0663386830915975	39610	0
39620	-0,050573749995590028	39620	120,00747874939245	39620	0,97355322901320185	39620	120	39620	-0,0663386830915975	39620	0
39630	-0,065815276122515948	39630	119,99952051920243	39630	0,22992355142885246	39630	120	39630	-0,0663386830915975	39630	0
39640	-0,061950913210905532	39640	120,00197122844853	39640	-0,1789085358076665	39640	120	39640	-0,0663386830915975	39640	0
39650	-0,064862908467682737	39650	120,00163721373849	39650	0,41467650304288045	39650	120	39650	-0,0663386830915975	39650	0
39660	-0,068196664093193235	39660	119,99775022476746	39660	0,18147106258679346	39660	120	39660	-0,0663386830915975	39660	0
39670	-0,067855106202982379	39670	120,00170343873401	39670	0,2219181428431265	39670	120	39670	-0,0663386830915975	39670	0
39680	-0,070544968673208835	39680	119,9992190214396	39680	-0,75102605706811176	39680	120	39680	-0,0663386830915975	39680	0
39690	-0,064190721225087982	39690	120,00038648366902	39690	0,45158069072087792	39690	120	39690	-0,0663386830915975	39690	0
39700	-0,071341414100547784	39700	119,99842614152652	39700	-0,42291771334898465	39700	120	39700	-0,0663386830915975	39700	0
39710	-0,079083445232203661	39710	119,99743942873532	39710	-0,422319688156503	39710	120	39710	-0,0663386830915975	39710	0
39720	-0,067295226243057407	39720	120,00044410909088	39720	-0,064745555753997777	39720	120	39720	-0,0663386830915975	39720	0
39730	-0,059741642906903016	39730	120,00211059304932	39730	0,10514021283495525	39730	120	39730	-0,0663386830915975	39730	0
39740	-0,064942451616182909	39740	119,99836520518981	39740	-0,1078250903098974	39740	120	39740	-0,0663386830915975	39740	0
39750	-0,064960882715411145	39750	120,00160927807548	39750	0,2291006284714765	39750	120	39750	-0,0663386830915975	39750	0
39760	-0,067330234981465759	39760	119,99959126930389	39760	0,31446171577635107	39760	120	39760	-0,0663386830915975	39760	0
39770	-0,068252495666900073	39770	120,0003346696723	39770	-0,46420849996181984	39770	120	39770	-0,0663386830915975	39770	0
39780	-0,062207467978372982	39780	120,00178787042825	39780	0,27739612366892796	39780	120	39780	-0,0663386830915975	39780	0
39790	-0,068163239127165223	39790	119,99989447606932	39790	-0,15851956016399027	39790	120	39790	-0,0663386830915975	39790	0
39800	-0,061053961552812792	39800	120,001511876234	39800	-0,20618532197283945	39800	120	39800	-0,0663386830915975	39800	0
39810	-0,065421521555324477	39810	119,99851447938967	39810	-0,037214188179022778	39810	120	39810	-0,0663386830915975	39810	0
39820	-0,068834316894984982	39820	120,00044667388069	39820	-0,28968345829045994	39820	120	39820	-0,0663386830915975	39820	0
39830	-0,0636830095987054	39830	119,99909593214474	39830	0,36642440049677111	39830	120	39830	-0,0663386830915975	39830	0
39840	-0,067767839171796657	39840	120,0003918132856	39840	0,018654732489855087	39840	120	39840	-0,0663386830915975	39840	0
39850	-0,070971789147152867	39850	119,99718159891408	39850	-0,70348652890898256	39850	120	39850	-0,0663386830915975	39850	0
39860	-0,061831914949271913	39860	120,00312101465667	39860	0,00067151136391518929	39860	120	39860	-0,0663386830915975	39860	0
39870	-0,070088071212033337	39870	120,00051263591399	39870	-0,25821302522653922	39870	120	39870	-0,0663386830915975	39870	0
39880	-0,067558321503465329	39880	120,00227755985671	39880	0,53847479432626277	39880	120	39880	-0,0663386830915975	39880	0
39890	-0,065675039400900179	39890	119,99892570367329	39890	-0,79363435307403052	39890	120	39890	-0,0663386830915975	39890	0
39900	-0,068009975963008978	39900	119,99808260466939	39900	-0,52492576762930321	39900	120	39900	-0,0663386830915975	39900	0
39910	-0,0704721982740817	39910	120,00088939303127	39910	0,26032162510514212	39910	120	39910	-0,0663386830915975	39910	0
39920	-0,059015491216318945	39920	120,00248995381671	39920	0,57895507377412181	39920	120	39920	-0,0663386830915975	39920	0
39930	-0,071989342953292942	39930	119,99814447773152	39930	-0,19744424400901742	39930	120	39930	-0,0663386830915975	39930	0
39940	-0,065629599463340849	39940	119,99706514777887	39940	-0,064072819558110367	39940	120	39940	-0,0663386830915975	39940	0
39950	-0,055472483767259738	39950	120,00576108110674	39950	0,69464650107326209	39950	120	39950	-0,0663386830915975	39950	0
39960	-0,0708738373066022	39960	119,99600981815109	39960	-0,79862295284713636	39960	120	39960	-0,0663386830915975	39960	0
39970	-0,080890052216498379	39970	119,99812104527167	39970	-0,80159339313249633	39970	120	39970	-0,0663386830915975	39970	0
39980	-0,052507817207482217	39980	120,00262219234281	39980	0,30789030256626027	39980	120	39980	-0,0663386830915975	39980	0
39990	-0,065810571733231182	39990	119,99946457357744	39990	0,065535815459925484	39990	120	39990	-0,0663386830915975	39990	0
40000	-0,059539275500948889	40000	120,00216881919556	40000	0,34780159186420867	40000	120	40000	-0,0663386830915975	40000	0
40010	-0,057973207653250355	40010	120,00054638864312	40010	0,71171798625395888	40010	120	40010	-0,0663386830915975	40010	0
40020	-0,075033413016059272	40020	119,99625303766167	40020	-0,97170605656532638	40020	120	40020	-0,0663386830915975	40020	0
40030	-0,067020011379181	40030	120,00108878198414	40030	0,14326616628394975	40030	120	40030	-0,0663386830915975	40030	0
40040	-0,068385776416029415	40040	119,99791055620378	40040	-0,31368078791884796	40040	120	40040	-0,0663386830915975	40040	0
40050	-0,067381991053926074	40050	120,00018394262712	40050	0,59931678011994194	40050	120	40050	-0,0663386830915975	40050	0
40060	-0,072056104078120353	40060	119,99753379194554	40060	-0,031403434585087986	40060	120	40060	-0,0663386830915975	40060	0
40070	-0,056763026840226542	40070	120,00149938820306	40070	-0,1107355292165951	40070	120	40070	-0,0663386830915975	40070	0
40080	-0,059661864745774944	40080	120,00284109975658	40080	0,0471147875647778	40080	120	40080	-0,0663386830915975	40080	0
40090	-0,074138078589714287	40090	120,00044349441025	40090	-0,066724053494717939	40090	120	40090	-0,0663386830915975	40090	0
40100	-0,084025532939431768	40100	119,99663221114507	40100	-0,97275755751435422	40100	120	40100	-0,0663386830915975	40100	0
40110	-0,063785667699232954	40110	120,00199741142194	40110	0,31201678650439379	40110	120	40110	-0,0663386830915975	40110	0
40120	-0,066398904070530937	40120	120,00040748852452	40120	-0,29069199074467733	40120	120	40120	-0,0663386830915975	40120	0
40130	-0,062637415923817913	40130	119,999935702315	40130	-0,017163221330473398	40130	120	40130	-0,0663386830915975	40130	0
40140	-0,071484682410718023	40140	119,99618457069305	40140	-0,55781181480251063	40140	120	40140	-0,0663386830915975	40140	0
40150	-0,065507571900875916	40150	120,00233735846119	40150	0,39479021301958589	40150	120	40150	-0,0663386830915975	40150	0
40160	-0,069976459702067034	40160	119,99880599457548	40160	-0,1119366082423639	40160	120	40160	-0,0663386830915975	40160	0
40170	-0,078821718673250107	40170	119,99904081243496	40170	-1,3489524384982217	40170	120	40170	-0,0663386830915975	40170	0
40180	-0,072977241593215281	40180	119,99803000689977	40180	0,36263931576779473	40180	120	40180	-0,0663386830915975	40180	0
40190	-0,0683459873919918	40190	119,99732254244492	40190	-1,0568894537340563	40190	120	40190	-0,0663386830915975	40190	0
40200	-0,059584660095822133	40200	120,00326014670317	40200	0,77266592866169459	40200	120	40200	-0,0663386830915975	40200	0
40210	-0,070838025698892582	40210	119,99995164604444	40210	0,19015638538050983	40210	120	40210	-0,0663386830915975	40210	0
40220	-0,062646929601519311	40220	120,00109627927185	40220	-1,0182723027813045	40220	120	40220	-0,0663386830915975	40220	0
40230	-0,069021448345910508	40230	119,99993386695924	40230	-0,013535851037124652	40230	120	40230	-0,0663386830915975	40230	0
40240	-0,060768486858611685	40240	120,00145359727392	40240	0,70022306856368566	40240	120	40240	-0,0663386830915975	40240	0
40250	-0,065749414195172773	40250	120,00103103806417	40250	-0,13526759427331311	40250	120	40250	-0,0663386830915975	40250	0
40260	-0,070187735764309825	40260	119,99726597518094	40260	-0,45121168435352832	40260	120	40260	-0,0663386830915975	40260	0
40270	-0,063470179587190548	40270	120,00296619031582	40270	0,37126762103014788	40270	120	40270	-0,0663386830915975	40270	0
40280	-0,062697303747452443	40280	120,00080326575329	40280	-0,42512723374052985	40280	120	40280	-0,0663386830915975	40280	0
40290	-0,072860821839876758	40290	119,99773778573807	40290	-0,360119945931671	40290	120	40290	-0,0663386830915975	40290	0
40300	-0,067160642269595783	40300	119,99954811553788	40300	0,11589833606700392	40300	120	40300	-0,0663386830915975	40300	0
40310	-0,068186214665919065	40310	119,99945233429325	40310	0,50365633897104367	40310	120	40310	-0,0663386830915975	40310	0
40320	-0,071610266674294168	40320	119,99724693336034	40320	-0,89512690480095092	40320	120	40320	-0,0663386830915975	40320	0
40330	-0,060025872874690252	40330	119,99986666897412	40330	0,14773051590294242	40330	120	40330	-0,0663386830915975	40330	0
40340	-0,060809653022380353	40340	120,00321057569045	40340	0,15674101276088151	40340	120	40340	-0,0663386830915975	40340	0
40350	-0,07379191123722724	40350	120,00069537005057	40350	0,15561773531239062	40350	120	40350	-0,0663386830915975	40350	0
40360	-0,061128209452109131	40360	120,0013046736939	40360	0,617483917534343	40360	120	40360	-0,0663386830915975	40360	0
40370	-0,062190942904628892	40370	119,99914457882977	40370	-0,54713019007021768	40370	120	40370	-0,0663386830915975	40370	0
40380	-0,061932321177083256	40380	119,99958743110116	40380	-0,27359018114420824	40380	120	40380	-0,0663386830915975	40380	0
40390	-0,063073608769824846	40390	120,00082976236277	40390	0,821718079971872	40390	120	40390	-0,0663386830915975	40390	0
40400	-0,065403513625591742	40400	119,99856766453394	40400	-0,66019798166414367	40400	120	40400	-0,0663386830915975	40400	0
40410	-0,068435495712754729	40410	119,99998565116873	40410	1,0719307669727254	40410	120	40410	-0,0663386830915975	40410	0
40420	-0,064731664530393	40420	119,99855785798083	40420	-0,33681912047907536	40420	120	40420	-0,0663386830915975	40420	0
40430	-0,071587439899307034	40430	119,99991441907905	40430	0,0614501175456057	40430	120	40430	-0,0663386830915975	40430	0
40440	-0,05693828358338749	40440	120,00164651481711	40440	-0,39610788482004422	40440	120	40440	-0,0663386830915975	40440	0
40450	-0,067462389791506885	40450	120,00115235653914	40450	0,4276117284626445	40450	120	40450	-0,0663386830915975	40450	0
40460	-0,051809055712504069	40460	120,00360325844741	40460	1,5065486272367086	40460	120	40460	-0,0663386830915975	40460	0
40470	-0,06679507887042227	40470	119,99870628395912	40470	-0,5265866967887145	40470	120	40470	-0,0663386830915975	40470	0
40480	-0,067417189615927242	40480	119,99926901015984	40480	-0,54078500054847978	40480	120	40480	-0,0663386830915975	40480	0
40490	-0,063348442466880581	40490	120,00020438690407	40490	0,6704665023267824	40490	120	40490	-0,0663386830915975	40490	0
40500	-0,063827686539357678	40500	119,99912903434829	40500	0,33009489821952809	40500	120	40500	-0,0663386830915975	40500	0
40510	-0,058750416357497705	40510	120,00214339615651	40510	0,919678204164831	40510	120	40510	-0,0663386830915975	40510	0
40520	-0,062386322678180721	40520	120,00376690739806	40520	0,35367654582932273	40520	120	40520	-0,0663386830915975	40520	0
40530	-0,06776305209999274	40530	119,99754570723388	40530	-0,51101390361973031	40530	120	40530	-0,0663386830915975	40530	0
40540	-0,079561050432858757	40540	119,99607810448121	40540	-1,3285053562184841	40540	120	40540	-0,0663386830915975	40540	0
40550	-0,058659017351416758	40550	120,00226815192131	40550	-0,35211324621886381	40550	120	40550	-0,0663386830915975	40550	0
40560	-0,067117533224759926	40560	119,99827237721303	40560	0,28846312593042717	40560	120	40560	-0,0663386830915975	40560	0
40570	-0,065665637368941016	40570	120,00025083382512	40570	0,517059685567779	40570	120	40570	-0,0663386830915975	40570	0
40580	-0,0722073488652494	40580	119,99932439085117	40580	-0,088754621032520742	40580	120	40580	-0,0663386830915975	40580	0
40590	-0,064005443476492341	40590	120,00126720982463	40590	-0,36620609754592631	40590	120	40590	-0,0663386830915975	40590	0
40600	-0,071576918547649721	40600	119,99930450217256	40600	-0,030256574859177321	40600	120	40600	-0,0663386830915975	40600	0
40610	-0,057523500429761308	40610	119,99769258343535	40610	-0,00859991209336175	40610	120	40610	-0,0663386830915975	40610	0
40620	-0,061929627075482309	40620	119,99898476604091	40620	0,74821658814879743	40620	120	40620	-0,0663386830915975	40620	0
40630	-0,06726483002502856	40630	120,00098759667168	40630	0,52442559859626137	40630	120	40630	-0,0663386830915975	40630	0
40640	-0,073858308741501538	40640	120,00054566347338	40640	-0,22897336778969207	40640	120	40640	-0,0663386830915975	40640	0
40650	-0,074384199912160873	40650	120,00043096619619	40650	-0,32438688875958022	40650	120	40650	-0,0663386830915975	40650	0
40660	-0,062108695671736144	40660	120,00189879052013	40660	-0,32040167932054836	40660	120	40660	-0,0663386830915975	40660	0
40670	-0,060137543192333123	40670	119,99948691599384	40670	-0,25699687303223523	40670	120	40670	-0,0663386830915975	40670	0
40680	-0,063101192975619225	40680	120,00031479621956	40680	0,019466888659207565	40680	120	40680	-0,0663386830915975	40680	0
40690	-0,0663196680356104	40690	119,9999737553607	40690	0,38749949505919679	40690	120	40690	-0,0663386830915975	40690	0
40700	-0,082817917518423018	40700	119,99672516673225	40700	-0,37214860780822723	40700	120	40700	-0,0663386830915975	40700	0
40710	-0,06998467282209675	40710	119,999880002137	40710	-0,14098007305500881	40710	120	40710	-0,0663386830915975	40710	0
40720	-0,0693305661636169	40720	119,99884275950879	40720	-0,41172127173021411	40720	120	40720	-0,0663386830915975	40720	0
40730	-0,059721528228485435	40730	120,00080386450379	40730	1,0246968497216944	40730	120	40730	-0,0663386830915975	40730	0
40740	-0,0616998384338646	40740	120,00109165202576	40740	0,10633143433420578	40740	120	40740	-0,0663386830915975	40740	0
40750	-0,062926914193397077	40750	120,0021331556633	40750	0,5744235589207829	40750	120	40750	-0,0663386830915975	40750	0
40760	-0,075851528734817292	40760	119,99897629220601	40760	-0,24424532794608833	40760	120	40760	-0,0663386830915975	40760	0
40770	-0,06948846240889979	40770	119,99884598997565	40770	-0,90578031674726911	40770	120	40770	-0,0663386830915975	40770	0
40780	-0,066251242692253243	40780	119,99998976512572	40780	0,33938127729506207	40780	120	40780	-0,0663386830915975	40780	0
40790	-0,043980292780964686	40790	120,00517330017557	40790	1,1336390423119254	40790	120	40790	-0,0663386830915975	40790	0
40800	-0,083570450227700654	40800	119,99617838108061	40800	-1,6004327813745189	40800	120	40800	-0,0663386830915975	40800	0
40810	-0,078078473880524787	40810	119,99668704669278	40810	-0,016613594090333618	40810	120	40810	-0,0663386830915975	40810	0
40820	-0,064763563891551287	40820	120,00120476075377	40820	-0,20630790542782032	40820	120	40820	-0,0663386830915975	40820	0
40830	-0,061650629588656324	40830	120,00058914871372	40830	0,44621985589557206	40830	120	40830	-0,0663386830915975	40830	0
40840	-0,065889883902240723	40840	119,99912004770388	40840	0,17401430644747751	40840	120	40840	-0,0663386830915975	40840	0
40850	-0,069737532901177013	40850	120,00144087278143	40850	0,093682024343502257	40850	120	40850	-0,0663386830915975	40850	0
40860	-0,068055672874334422	40860	119,99806918967894	40860	-0,91753138909548282	40860	120	40860	-0,0663386830915975	40860	0
40870	-0,067971794938673127	40870	120,00015782249979	40870	-0,11434565316104949	40870	120	40870	-0,0663386830915975	40870	0
40880	-0,0716069340484374	40880	119,99694984656188	40880	-0,73503084793664453	40880	120	40880	-0,0663386830915975	40880	0
40890	-0,05720910133244491	40890	119,99984216207663	40890	0,5518675204852117	40890	120	40890	-0,0663386830915975	40890	0
40900	-0,064177644811459558	40900	120,00253800470786	40900	-0,04041676245996606	40900	120	40900	-0,0663386830915975	40900	0
40910	-0,076926592169159744	40910	119,99477071797499	40910	-0,042926611339686005	40910	120	40910	-0,0663386830915975	40910	0
40920	-0,053639985657674874	40920	120,00563709143684	40920	1,2605775515201221	40920	120	40920	-0,0663386830915975	40920	0
40930	-0,065538567138255538	40930	120,00082095881268	40930	-0,003551997847817373	40930	120	40930	-0,0663386830915975	40930	0
40940	-0,06188682087000983	40940	120,00351319492083	40940	0,43011236338158276	40940	120	40940	-0,0663386830915975	40940	0
40950	-0,064254398685621689	40950	120,00112285756825	40950	0,21762337962193856	40950	120	40950	-0,0663386830915975	40950	0
40960	-0,062865234552137883	40960	120,0010947408566	40960	0,49121042595592607	40960	120	40960	-0,0663386830915975	40960	0
40970	-0,063457465624510365	40970	119,999819324763	40970	0,5746835887552787	40970	120	40970	-0,0663386830915975	40970	0
40980	-0,075356592141298556	40980	119,99876113858559	40980	-0,66335502769825694	40980	120	40980	-0,0663386830915975	40980	0
40990	-0,059380787657105139	40990	119,9997577981308	40990	-0,42665535126906212	40990	120	40990	-0,0663386830915975	40990	0
41000	-0,070688446338123878	41000	120,0007645729245	41000	-0,15106144798090268	41000	120	41000	-0,0663386830915975	41000	0
41010	-0,072176304863256421	41010	119,99735508867019	41010	-0,25230888986919792	41010	120	41010	-0,0663386830915975	41010	0
41020	-0,058492811593391696	41020	119,99934097470425	41020	0,031461302963492754	41020	120	41020	-0,0663386830915975	41020	0
41030	-0,068826047547334165	41030	120,00217283554329	41030	1,0458448300149716	41030	120	41030	-0,0663386830915975	41030	0
41040	-0,065257141311586109	41040	120,00017213168059	41040	0,18207503384962842	41040	120	41040	-0,0663386830915975	41040	0
41050	-0,048863576233990978	41050	120,00575023507047	41050	1,2270142840567651	41050	120	41050	-0,0663386830915975	41050	0
41060	-0,06311272090383184	41060	120,0010759141378	41060	-0,032090608676185559	41060	120	41060	-0,0663386830915975	41060	0
41070	-0,070523075381115422	41070	119,99810900348568	41070	-0,94398493082628754	41070	120	41070	-0,0663386830915975	41070	0
41080	-0,05743730413182082	41080	120,00059715914122	41080	-0,80986560173585842	41080	120	41080	-0,0663386830915975	41080	0
41090	-0,083256110635292618	41090	119,99405197201185	41090	-0,8106423251214594	41090	120	41090	-0,0663386830915975	41090	0
41100	-0,0733304728793917	41100	119,99916533375435	41100	-0,10417572216638832	41100	120	41100	-0,0663386830915975	41100	0
41110	-0,074140033741060679	41110	119,99633571775252	41110	-0,1260611489930844	41110	120	41110	-0,0663386830915975	41110	0
41120	-0,046645645070209941	41120	120,00158123054644	41120	-0,0661121442545066	41120	120	41120	-0,0663386830915975	41120	0
41130	-0,081230442495940358	41130	119,99787490153199	41130	-1,5035433510737524	41130	120	41130	-0,0663386830915975	41130	0
41140	-0,065913704574363421	41140	119,99756708157962	41140	-0,014745761748726327	41140	120	41140	-0,0663386830915975	41140	0
41150	-0,061581295618092571	41150	120,00560421921253	41150	1,2041616397808406	41150	120	41150	-0,0663386830915975	41150	0
41160	-0,049624386972663491	41160	120,00298954582431	41160	0,62740627640557012	41160	120	41160	-0,0663386830915975	41160	0
41170	-0,070536785534714888	41170	119,99919545963159	41170	-0,23334366851981392	41170	120	41170	-0,0663386830915975	41170	0
41180	-0,067065598902316809	41180	120,0002087867765	41180	-0,027352932362754045	41180	120	41180	-0,0663386830915975	41180	0
41190	-0,068479709210241185	41190	119,99696959973151	41190	-0,51100113282734227	41190	120	41190	-0,0663386830915975	41190	0
41200	-0,0662666366326828	41200	120,00128960088468	41200	-0,404840534161492	41200	120	41200	-0,0663386830915975	41200	0
41210	-0,067026511664208963	41210	119,99801332913113	41210	-0,17217914190939795	41210	120	41210	-0,0663386830915975	41210	0
41220	-0,06438057193382328	41220	120,001045489209	41220	0,92768143919480606	41220	120	41220	-0,0663386830915975	41220	0
41230	-0,07658873952621667	41230	119,9988343248629	41230	0,18727181327776843	41230	120	41230	-0,0663386830915975	41230	0
41240	-0,063221373742294779	41240	119,99791966132381	41240	0,13489581192934766	41240	120	41240	-0,0663386830915975	41240	0
41250	-0,067798197192752638	41250	120,00061675043706	41250	0,21093390384294442	41250	120	41250	-0,0663386830915975	41250	0
41260	-0,059405095480168188	41260	120,00151852663291	41260	0,23321790236660245	41260	120	41260	-0,0663386830915975	41260	0
41270	-0,053078429054891629	41270	120,00222002555857	41270	0,3167674289942834	41270	120	41270	-0,0663386830915975	41270	0
41280	-0,066805671824343188	41280	120,00163210463977	41280	1,1865421415264368	41280	120	41280	-0,0663386830915975	41280	0
41290	-0,059030501436644948	41290	120,00108994421946	41290	0,03431490430020441	41290	120	41290	-0,0663386830915975	41290	0
41300	-0,055026853880208754	41300	120,00443504464371	41300	1,2723949458164896	41300	120	41300	-0,0663386830915975	41300	0
41310	-0,069463667871184978	41310	119,99804205061406	41310	-0,32941729683756232	41310	120	41310	-0,0663386830915975	41310	0
41320	-0,071340819797626437	41320	119,99836985604367	41320	-1,0277940206385039	41320	120	41320	-0,0663386830915975	41320	0
41330	-0,064506926812047463	41330	119,9998979315403	41330	0,33134915351261951	41330	120	41330	-0,0663386830915975	41330	0
41340	-0,063533686765623765	41340	119,99985861587318	41340	0,18723634482304868	41340	120	41340	-0,0663386830915975	41340	0
41350	-0,073404900209816853	41350	119,99905535258624	41350	-0,67117054156897438	41350	120	41350	-0,0663386830915975	41350	0
41360	-0,065486732595491065	41360	120,00034982342788	41360	0,47567864283230987	41360	120	41360	-0,0663386830915975	41360	0
41370	-0,069258328287896978	41370	120,00131058388749	41370	-0,10494720068226678	41370	120	41370	-0,0663386830915975	41370	0
41380	-0,069723989684441726	41380	120,00152388765251	41380	0,24012994473873395	41380	120	41380	-0,0663386830915975	41380	0
41390	-0,068650143528203575	41390	119,99946997561712	41390	-0,886152916929974	41390	120	41390	-0,0663386830915975	41390	0
41400	-0,067097245748550985	41400	119,99940625547067	41400	0,10250272905135012	41400	120	41400	-0,0663386830915975	41400	0
41410	-0,064454686673797862	41410	119,99934380018026	41410	0,44059359622376315	41410	120	41410	-0,0663386830915975	41410	0
41420	-0,066953562575281414	41420	119,99968239223692	41420	0,2218764249241777	41420	120	41420	-0,0663386830915975	41420	0
41430	-0,0636942618804195	41430	120,00038122737577	41430	-0,01701193177825433	41430	120	41430	-0,0663386830915975	41430	0
41440	-0,063024740280760938	41440	119,99779353505623	41440	-0,60505227167108466	41440	120	41440	-0,0663386830915975	41440	0
41450	-0,049777232740215845	41450	120,00600924581855	41450	0,18435487108235851	41450	120	41450	-0,0663386830915975	41450	0
41460	-0,064335187088909881	41460	119,99844157790859	41460	-0,6083036854535635	41460	120	41460	-0,0663386830915975	41460	0
41470	-0,086056514412573185	41470	119,9960706045769	41470	-0,57008687961213655	41470	120	41470	-0,0663386830915975	41470	0
41480	-0,071925339203139121	41480	119,99983056369449	41480	0,11149727391829595	41480	120	41480	-0,0663386830915975	41480	0
41490	-0,061299156874141607	41490	119,99941132720194	41490	0,066755892157665919	41490	120	41490	-0,0663386830915975	41490	0
41500	-0,063483730204768954	41500	120,00103558126531	41500	-0,34669504501050263	41500	120	41500	-0,0663386830915975	41500	0
41510	-0,053917034260098459	41510	120,00183032773751	41510	0,92435476100524128	41510	120	41510	-0,0663386830915975	41510	0
41520	-0,070755363401022828	41520	119,99900938662155	41520	-1,7377079940736844	41520	120	41520	-0,0663386830915975	41520	0
41530	-0,063836794649667877	41530	119,99991886788466	41530	0,47933424258286222	41530	120	41530	-0,0663386830915975	41530	0
41540	-0,062641606896591137	41540	119,9994073994234	41540	0,28890439319780636	41540	120	41540	-0,0663386830915975	41540	0
41550	-0,06302928308365216	41550	120,00033198174754	41550	-0,37273288472381283	41550	120	41550	-0,0663386830915975	41550	0
41560	-0,0758315978640811	41560	119,9971300795595	41560	-0,29587638981464037	41560	120	41560	-0,0663386830915975	41560	0
41570	-0,058261235461493449	41570	120,0004941619725	41570	-0,66041403491017958	41570	120	41570	-0,0663386830915975	41570	0
41580	-0,05576098927384044	41580	120,00304101392041	41580	0,0462882893986028	41580	120	41580	-0,0663386830915975	41580	0
41590	-0,063496998083663048	41590	119,99802164437428	41590	-0,99341572252280275	41590	120	41590	-0,0663386830915975	41590	0
41600	-0,069909151188235166	41600	119,9987557505343	41600	0,25723846649872767	41600	120	41600	-0,0663386830915975	41600	0
41610	-0,0715935299437544	41610	119,99829827150587	41610	1,3278669092153121	41610	120	41610	-0,0663386830915975	41610	0
41620	-0,059698947948075926	41620	119,99904436364191	41620	-0,13946960042446596	41620	120	41620	-0,0663386830915975	41620	0
41630	-0,051022501233199263	41630	120,00524330860704	41630	1,4694193781459373	41630	120	41630	-0,0663386830915975	41630	0
41640	-0,070828336534879771	41640	119,998857848497	41640	-0,26346481465104821	41640	120	41640	-0,0663386830915975	41640	0
41650	-0,068388161286088808	41650	120,00034740944602	41650	0,076509606492843607	41650	120	41650	-0,0663386830915975	41650	0
41660	-0,061054177194620848	41660	120,00133916639619	41660	1,2054394396779524	41660	120	41660	-0,0663386830915975	41660	0
41670	-0,07432470750363375	41670	119,99908906785402	41670	-0,74179580669184908	41670	120	41670	-0,0663386830915975	41670	0
41680	-0,066813945262739066	41680	120,00396356078966	41680	1,4297823272458177	41680	120	41680	-0,0663386830915975	41680	0
41690	-0,062379570494079384	41690	120,00146527018332	41690	-0,18323305133456147	41690	120	41690	-0,0663386830915975	41690	0
41700	-0,067700672109662768	41700	120,00313626191129	41700	0,68387775712302534	41700	120	41700	-0,0663386830915975	41700	0
41710	-0,070808984223165838	41710	119,9972251331012	41710	-0,0514714082586864	41710	120	41710	-0,0663386830915975	41710	0
41720	-0,074825753432629552	41720	119,99683838981781	41720	-0,97010755429863371	41720	120	41720	-0,0663386830915975	41720	0
41730	-0,065144045237206211	41730	119,99913781485785	41730	0,4641313247540676	41730	120	41730	-0,0663386830915975	41730	0
41740	-0,057957611703203078	41740	119,99964792268332	41740	-0,61416119127953284	41740	120	41740	-0,0663386830915975	41740	0
41750	-0,062141023472715065	41750	120,00083673985687	41750	0,070367731206973788	41750	120	41750	-0,0663386830915975	41750	0
41760	-0,075966633563419567	41760	119,99772047916274	41760	-0,48162402360541579	41760	120	41760	-0,0663386830915975	41760	0
41770	-0,072528341376131969	41770	119,99998149019986	41770	0,43942736113964564	41770	120	41770	-0,0663386830915975	41770	0
41780	-0,074459366110730993	41780	119,99925071772111	41780	-0,6697072534242372	41780	120	41780	-0,0663386830915975	41780	0
41790	-0,052783493187208916	41790	120,00150293002005	41790	0,8204674863346767	41790	120	41790	-0,0663386830915975	41790	0
41800	-0,066957613379323169	41800	120,0012917166398	41800	0,95775189915870018	41800	120	41800	-0,0663386830915975	41800	0
41810	-0,064265816079165261	41810	119,9999550042939	41810	0,25063458746137079	41810	120	41810	-0,0663386830915975	41810	0
41820	-0,069530669682869237	41820	120,00196647538893	41820	0,091037380235302459	41820	120	41820	-0,0663386830915975	41820	0
41830	-0,062373084313382107	41830	120,00091786860594	41830	-0,10077537980444085	41830	120	41830	-0,0663386830915975	41830	0
41840	-0,072845780408486951	41840	119,99532592770611	41840	-0,66015389554424631	41840	120	41840	-0,0663386830915975	41840	0
41850	-0,0683479302059569	41850	120,00036464760139	41850	-0,25423059437929041	41850	120	41850	-0,0663386830915975	41850	0
41860	-0,064025650263955514	41860	119,99919850155138	41860	0,087329463223780268	41860	120	41860	-0,0663386830915975	41860	0
41870	-0,054005988181725688	41870	120,00159994080649	41870	0,29237062847493983	41870	120	41870	-0,0663386830915975	41870	0
41880	-0,063852477549048742	41880	120,00125810880272	41880	-0,77006322532771132	41880	120	41880	-0,0663386830915975	41880	0
41890	-0,073303637741002528	41890	119,99508292164028	41890	-1,0202835229875713	41890	120	41890	-0,0663386830915975	41890	0
41900	-0,06977758940510001	41900	120,00096724173554	41900	-0,25423339345348384	41900	120	41900	-0,0663386830915975	41900	0
41910	-0,0757879415302857	41910	119,99931102381184	41910	0,67121481914789627	41910	120	41910	-0,0663386830915975	41910	0
41920	-0,066684682976302631	41920	120,00030781928005	41920	0,80711961896794615	41920	120	41920	-0,0663386830915975	41920	0
41930	-0,063122927910889762	41930	120,00029567118556	41930	-0,741415307530303	41930	120	41930	-0,0663386830915975	41930	0
41940	-0,06429014254801288	41940	120,00041686954543	41940	0,39699462971601918	41940	120	41940	-0,0663386830915975	41940	0
41950	-0,071632476907350265	41950	119,99823833035944	41950	-0,66279240634974135	41950	120	41950	-0,0663386830915975	41950	0
41960	-0,065299545695489236	41960	120,00046677165778	41960	0,015102275777000475	41960	120	41960	-0,0663386830915975	41960	0
41970	-0,057420680634651208	41970	120,00393546479552	41970	1,3734371432829617	41970	120	41970	-0,0663386830915975	41970	0
41980	-0,064847741980440687	41980	120,00234488969176	41980	0,57540790682474685	41980	120	41980	-0,0663386830915975	41980	0
41990	-0,062230697667131137	41990	119,99875197470523	41990	-0,89681049213571318	41990	120	41990	-0,0663386830915975	41990	0
42000	-0,064180198737539371	42000	120,0022467369449	42000	1,0894383872913693	42000	120	42000	-0,0663386830915975	42000	0
42010	-0,0607617838659384	42010	120,00277894708489	42010	0,9489072707282773	42010	120	42010	-0,0663386830915975	42010	0
42020	-0,0569491135362016	42020	119,99970645272371	42020	0,25881834925796132	42020	120	42020	-0,0663386830915975	42020	0
42030	-0,068837523540467849	42030	119,99849011828958	42030	-0,014199535948312442	42030	120	42030	-0,0663386830915975	42030	0
42040	-0,059744079485072987	42040	120,00028251927276	42040	0,17336876716870386	42040	120	42040	-0,0663386830915975	42040	0
42050	-0,061192154938721342	42050	120,00201604571694	42050	-0,80238366875115186	42050	120	42050	-0,0663386830915975	42050	0
42060	-0,060856583045336407	42060	120,00117516855563	42060	1,1778794605087042	42060	120	42060	-0,0663386830915975	42060	0
42070	-0,062184486982294451	42070	119,99864756710898	42070	-0,72850005857773048	42070	120	42070	-0,0663386830915975	42070	0
42080	-0,07762924134056505	42080	119,9989213927463	42080	-0,62088540949378879	42080	120	42080	-0,0663386830915975	42080	0
42090	-0,074794318840278012	42090	119,9968070776025	42090	-1,1913746758518748	42090	120	42090	-0,0663386830915975	42090	0
42100	-0,0566236841257718	42100	120,00394690894392	42100	1,2389329863806171	42100	120	42100	-0,0663386830915975	42100	0
42110	-0,071156126790700658	42110	119,99877238004638	42110	0,79351933710796951	42110	120	42110	-0,0663386830915975	42110	0
42120	-0,074585622157245762	42120	119,99951804217876	42120	-0,80208535168798911	42120	120	42120	-0,0663386830915975	42120	0
42130	-0,06596487889453144	42130	120,00175685407648	42130	0,358900017806414	42130	120	42130	-0,0663386830915975	42130	0
42140	-0,069060461620777822	42140	119,99722777184842	42140	-1,0238091611686881	42140	120	42140	-0,0663386830915975	42140	0
42150	-0,061717724292842009	42150	120,00220199340032	42150	-0,084110104744634678	42150	120	42150	-0,0663386830915975	42150	0
42160	-0,077018741654542741	42160	119,9959530630989	42160	-0,64801717039918427	42160	120	42160	-0,0663386830915975	42160	0
42170	-0,060394329468049172	42170	120,0021687080729	42170	0,43504229374639669	42170	120	42170	-0,0663386830915975	42170	0
42180	-0,054224994555854285	42180	120,00467844018874	42180	1,0769224577238619	42180	120	42180	-0,0663386830915975	42180	0
42190	-0,071388670585011985	42190	119,99681300653107	42190	-1,1766618592472222	42190	120	42190	-0,0663386830915975	42190	0
42200	-0,063164641222565515	42200	120,00229543027146	42200	0,321546693485807	42200	120	42200	-0,0663386830915975	42200	0
42210	-0,06392596615576264	42210	119,99882247171753	42210	0,38004332281619885	42210	120	42210	-0,0663386830915975	42210	0
42220	-0,05703788361029772	42220	119,9996773862183	42220	0,68966266080579863	42220	120	42220	-0,0663386830915975	42220	0
42230	-0,086485392523262511	42230	119,99954137814588	42230	0,14639037390145948	42230	120	42230	-0,0663386830915975	42230	0
42240	-0,046988623202885951	42240	120,0021329943941	42240	0,47748392662468386	42240	120	42240	-0,0663386830915975	42240	0
42250	-0,0767639402135205	42250	119,99742097052702	42250	-0,93555076081403454	42250	120	42250	-0,0663386830915975	42250	0
42260	-0,077198398200875665	42260	119,99666340488201	42260	-0,80287871761890761	42260	120	42260	-0,0663386830915975	42260	0
42270	-0,083589978349779437	42270	119,99678325472972	42270	-1,7176636447006344	42270	120	42270	-0,0663386830915975	42270	0
42280	-0,068519770020866663	42280	120,00054151030794	42280	0,4113800517484304	42280	120	42280	-0,0663386830915975	42280	0
42290	-0,065286869315363635	42290	119,99976277210593	42290	-0,28314977820333381	42290	120	42290	-0,0663386830915975	42290	0
42300	-0,0742283689094151	42300	119,99830103880841	42300	-0,42122086003814924	42300	120	42300	-0,0663386830915975	42300	0
42310	-0,065203733100678077	42310	119,99828323362947	42310	-0,82797343263988987	42310	120	42310	-0,0663386830915975	42310	0
42320	-0,056745854093288632	42320	120,00337257038876	42320	0,5669336951506756	42320	120	42320	-0,0663386830915975	42320	0
42330	-0,057898221237361672	42330	120,00182888383644	42330	1,1093534767272804	42330	120	42330	-0,0663386830915975	42330	0
42340	-0,072240274575509814	42340	119,99921607747915	42340	-0,049652530715993223	42340	120	42340	-0,0663386830915975	42340	0
42350	-0,067635233971863162	42350	119,99872120536708	42350	0,84604446223201	42350	120	42350	-0,0663386830915975	42350	0
42360	-0,05530763702004967	42360	120,00273729044692	42360	0,97016708318788147	42360	120	42360	-0,0663386830915975	42360	0
42370	-0,064686239687789457	42370	120,0024128363025	42370	-0,16853371966732367	42370	120	42370	-0,0663386830915975	42370	0
42380	-0,056595101211436516	42380	120,00280722433169	42380	0,54046810514804866	42380	120	42380	-0,0663386830915975	42380	0
42390	-0,06229078689723172	42390	120,00215788411464	42390	0,1920779926131484	42390	120	42390	-0,0663386830915975	42390	0
42400	-0,060377325660561143	42400	120,00275121980556	42400	0,048192960759957215	42400	120	42400	-0,0663386830915975	42400	0
42410	-0,076277416294355568	42410	119,99737988378146	42410	-0,77527835984468785	42410	120	42410	-0,0663386830915975	42410	0
42420	-0,075242463354453934	42420	119,99528506346512	42420	-1,1872809738993666	42420	120	42420	-0,0663386830915975	42420	0
42430	-0,062143441689729781	42430	120,00097586271116	42430	0,51546087178309374	42430	120	42430	-0,0663386830915975	42430	0
42440	-0,060688825400263754	42440	120,00047900763212	42440	1,4845599772132045	42440	120	42440	-0,0663386830915975	42440	0
42450	-0,06015763224809955	42450	120,00075072208398	42450	0,98906109780094209	42450	120	42450	-0,0663386830915975	42450	0
42460	-0,080746484330085869	42460	119,99632897869842	42460	-0,87471697731039644	42460	120	42460	-0,0663386830915975	42460	0
42470	-0,05711648494700633	42470	120,00202154724612	42470	1,267419630297292	42470	120	42470	-0,0663386830915975	42470	0
42480	-0,061623684812130618	42480	120,00156215198159	42480	0,12683212455222961	42480	120	42480	-0,0663386830915975	42480	0
42490	-0,0636928843591281	42490	120,00011130151208	42490	-0,10870701049670546	42490	120	42490	-0,0663386830915975	42490	0
42500	-0,082264202558120184	42500	119,99977124943072	42500	0,93956239433654387	42500	120	42500	-0,0663386830915975	42500	0
42510	-0,086195296324037413	42510	119,99707322005385	42510	-1,6248111995581787	42510	120	42510	-0,0663386830915975	42510	0
42520	-0,051515142039980033	42520	120,00187614258378	42520	-0,18402385322165785	42520	120	42520	-0,0663386830915975	42520	0
42530	-0,064037082047503455	42530	120,00096314161004	42530	-0,02279609429580487	42530	120	42530	-0,0663386830915975	42530	0
42540	-0,060994095395324889	42540	120,0006712446197	42540	0,47866548292747352	42540	120	42540	-0,0663386830915975	42540	0
42550	-0,074639595874689851	42550	119,99575977072102	42550	-0,66959718414473457	42550	120	42550	-0,0663386830915975	42550	0
42560	-0,067194920198209968	42560	119,99991572555972	42560	-0,19105457196079623	42560	120	42560	-0,0663386830915975	42560	0
42570	-0,075246738396812951	42570	119,99804427553819	42570	-0,22185812998560317	42570	120	42570	-0,0663386830915975	42570	0
42580	-0,069202537730347555	42580	119,99891526590133	42580	-0,50310364338284064	42580	120	42580	-0,0663386830915975	42580	0
42590	-0,062619230364401285	42590	120,00013998028261	42590	-0,11988591396469717	42590	120	42590	-0,0663386830915975	42590	0
42600	-0,081868767988251837	42600	119,99674571835	42600	-1,6590454976315103	42600	120	42600	-0,0663386830915975	42600	0
42610	-0,062141299880581355	42610	120,00210197959892	42610	-0,16928420715652182	42610	120	42610	-0,0663386830915975	42610	0
42620	-0,051815399672581475	42620	120,002160736208	42620	0,43031245930256512	42620	120	42620	-0,0663386830915975	42620	0
42630	-0,063876176282274863	42630	120,00196102563425	42630	0,91323761727724762	42630	120	42630	-0,0663386830915975	42630	0
42640	-0,060786491395825822	42640	120,00004328453854	42640	1,0171338407274888	42640	120	42640	-0,0663386830915975	42640	0
42650	-0,054523295729946054	42650	120,00323090025388	42650	0,21806910941610225	42650	120	42650	-0,0663386830915975	42650	0
42660	-0,0688651444084094	42660	120,00032453932258	42660	0,74662045613980532	42660	120	42660	-0,0663386830915975	42660	0
42670	-0,061595682156687141	42670	120,00152843501371	42670	0,50372267345993649	42670	120	42670	-0,0663386830915975	42670	0
42680	-0,067133382446256273	42680	119,99974480928707	42680	0,041656376719359456	42680	120	42680	-0,0663386830915975	42680	0
42690	-0,058589873610884052	42690	119,99875200388038	42690	-0,40475893771787519	42690	120	42690	-0,0663386830915975	42690	0
42700	-0,0635233644086723	42700	120,00083746681713	42700	-0,0041943034066936058	42700	120	42700	-0,0663386830915975	42700	0
42710	-0,063633976407004272	42710	120,00121695238626	42710	1,113507992903449	42710	120	42710	-0,0663386830915975	42710	0
42720	-0,079974774167942159	42720	119,99763632654998	42720	-1,3749621894565074	42720	120	42720	-0,0663386830915975	42720	0
42730	-0,068202571077904839	42730	119,99820162125862	42730	-0,35746528514739523	42730	120	42730	-0,0663386830915975	42730	0
42740	-0,06896995445547785	42740	119,99937737664224	42740	-0,23839898221745598	42740	120	42740	-0,0663386830915975	42740	0
42750	-0,079682227933778979	42750	119,99757971572943	42750	-0,38336013284834625	42750	120	42750	-0,0663386830915975	42750	0
42760	-0,085905875356352412	42760	119,99450425665285	42760	-0,39220585331578994	42760	120	42760	-0,0663386830915975	42760	0
42770	-0,064611529908606691	42770	120,00306809122193	42770	-0,28788766263321081	42770	120	42770	-0,0663386830915975	42770	0
42780	-0,060366036446187758	42780	120,00183048927774	42780	0,20813583672052016	42780	120	42780	-0,0663386830915975	42780	0
42790	-0,069926656411905971	42790	119,99996633344036	42790	-0,6664616698370095	42790	120	42790	-0,0663386830915975	42790	0
42800	-0,067912190377808032	42800	120,00203570886164	42800	0,084855699737928586	42800	120	42800	-0,0663386830915975	42800	0
42810	-0,063717619166937842	42810	119,99949715169169	42810	0,2658426918218888	42810	120	42810	-0,0663386830915975	42810	0
42820	-0,061965009152780907	42820	120,00047736768369	42820	0,28890131969665189	42820	120	42820	-0,0663386830915975	42820	0
42830	-0,073142926225359658	42830	119,99829338863636	42830	-0,0031445679359088791	42830	120	42830	-0,0663386830915975	42830	0
42840	-0,07003825700099145	42840	119,99726595415146	42840	-0,596418212246512	42840	120	42840	-0,0663386830915975	42840	0
42850	-0,065021309951089623	42850	120,00297187597366	42850	0,85291095549006424	42850	120	42850	-0,0663386830915975	42850	0
42860	-0,059085249415680045	42860	120,00119079972968	42860	1,14211378579945	42860	120	42860	-0,0663386830915975	42860	0
42870	-0,062877531955711233	42870	119,99936246343026	42870	-1,1219043936203388	42870	120	42870	-0,0663386830915975	42870	0
42880	-0,064950214714444329	42880	120,00021983359871	42880	0,70268094953089277	42880	120	42880	-0,0663386830915975	42880	0
42890	-0,058446779889244745	42890	120,00269464322201	42890	0,33835575092599507	42890	120	42890	-0,0663386830915975	42890	0
42900	-0,058058811933790519	42900	120,00247895753687	42900	0,18532637980080152	42900	120	42900	-0,0663386830915975	42900	0
42910	-0,068740340994964858	42910	119,99927347076952	42910	-0,30660245485701165	42910	120	42910	-0,0663386830915975	42910	0
42920	-0,0779519786283708	42920	119,99718818133493	42920	-0,49825402160945437	42920	120	42920	-0,0663386830915975	42920	0
42930	-0,070447252713231226	42930	119,99920716422649	42930	0,59538999367831691	42930	120	42930	-0,0663386830915975	42930	0
42940	-0,071386242097429414	42940	119,99853365508592	42940	-0,34255220959113719	42940	120	42940	-0,0663386830915975	42940	0
42950	-0,055951981034987164	42950	120,0008748430227	42950	0,61778615550530691	42950	120	42950	-0,0663386830915975	42950	0
42960	-0,072147736874713417	42960	119,9982484275502	42960	0,54090599408157369	42960	120	42960	-0,0663386830915975	42960	0
42970	-0,056698802223134254	42970	120,00142624664491	42970	0,78290159036648954	42970	120	42970	-0,0663386830915975	42970	0
42980	-0,069061270285727852	42980	120,00003350194361	42980	-0,081201858760390655	42980	120	42980	-0,0663386830915975	42980	0
42990	-0,061241156332297583	42990	120,00011217991185	42990	0,53407110654908918	42990	120	42990	-0,0663386830915975	42990	0
43000	-0,065868327774676452	43000	120,00219888161807	43000	0,45034431490423965	43000	120	43000	-0,0663386830915975	43000	0
43010	-0,057830907853617525	43010	120,00100320954408	43010	-0,12107726336667726	43010	120	43010	-0,0663386830915975	43010	0
43020	-0,07817887617641818	43020	119,999011083624	43020	0,14566308647278281	43020	120	43020	-0,0663386830915975	43020	0
43030	-0,063541224468257954	43030	120,00252741999564	43030	1,406168874441071	43030	120	43030	-0,0663386830915975	43030	0
43040	-0,065205475864478266	43040	119,99892720975805	43040	-0,23035095522846422	43040	120	43040	-0,0663386830915975	43040	0
43050	-0,068890474790359882	43050	120,00099058673824	43050	-0,16645829523453359	43050	120	43050	-0,0663386830915975	43050	0
43060	-0,062423325887032415	43060	119,999653720042	43060	0,28394078735714223	43060	120	43060	-0,0663386830915975	43060	0
43070	-0,072453226804383736	43070	119,99722290204853	43070	-0,66601149979352381	43070	120	43070	-0,0663386830915975	43070	0
43080	-0,070313687818362072	43080	119,99977340221339	43080	-0,55336520609300477	43080	120	43080	-0,0663386830915975	43080	0
43090	-0,0598732493622041	43090	120,00048556685414	43090	0,65306295402054959	43090	120	43090	-0,0663386830915975	43090	0
43100	-0,060735325338778373	43100	120,0010826894181	43100	-0,89434486584231587	43100	120	43100	-0,0663386830915975	43100	0
43110	-0,079690549154664739	43110	119,99662895958183	43110	-0,33006408176448332	43110	120	43110	-0,0663386830915975	43110	0
43120	-0,06722801322782003	43120	119,99887197498595	43120	-0,25767677348871543	43120	120	43120	-0,0663386830915975	43120	0
43130	-0,068088413767149081	43130	120,00192595483431	43130	1,4845206009526948	43130	120	43130	-0,0663386830915975	43130	0
43140	-0,056186533708925741	43140	120,0003818277272	43140	-0,098647379414548972	43140	120	43140	-0,0663386830915975	43140	0
43150	-0,066861740867936434	43150	120,00257068531488	43150	-0,32812590205294	43150	120	43150	-0,0663386830915975	43150	0
43160	-0,06730478539498766	43160	120,00122754575813	43160	-0,55105663919924275	43160	120	43160	-0,0663386830915975	43160	0
43170	-0,069129701668423013	43170	119,99722333763357	43170	0,027659414383662068	43170	120	43170	-0,0663386830915975	43170	0
43180	-0,061598420904428366	43180	120,00092777216823	43180	0,52934885275481858	43180	120	43180	-0,0663386830915975	43180	0
43190	-0,067347455844298146	43190	119,99765626949275	43190	-0,74043625622908393	43190	120	43190	-0,0663386830915975	43190	0
43200	-0,076289141029870972	43200	119,99951823654648	43200	0,56810851198909851	43200	120	43200	-0,0663386830915975	43200	0
43210	-0,05677781334607284	43210	120,00295025628253	43210	0,76060439760781851	43210	120	43210	-0,0663386830915975	43210	0
43220	-0,0622299353288477	43220	120,00019940527768	43220	-0,87231667435951632	43220	120	43220	-0,0663386830915975	43220	0
43230	-0,065248698478444375	43230	120,00135729883284	43230	0,23002565382096851	43230	120	43230	-0,0663386830915975	43230	0
43240	-0,070755875669217344	43240	119,99717615621125	43240	-0,1726879725820617	43240	120	43240	-0,0663386830915975	43240	0
43250	-0,077367792255493867	43250	119,99671429797887	43250	-0,47541248260008612	43250	120	43250	-0,0663386830915975	43250	0
43260	-0,078307803729291081	43260	119,99890699416159	43260	-0,020880668890545885	43260	120	43260	-0,0663386830915975	43260	0
43270	-0,072521151976301657	43270	119,99972969898582	43270	-0,912074181894009	43270	120	43270	-0,0663386830915975	43270	0
43280	-0,068800141328979131	43280	120,00048889821053	43280	-0,085417295750018954	43280	120	43280	-0,0663386830915975	43280	0
43290	-0,071269517804382621	43290	119,99666472350643	43290	-0,38295648223468604	43290	120	43290	-0,0663386830915975	43290	0
43300	-0,063277073305323478	43300	119,9986238080986	43300	-0,85790201621619944	43300	120	43300	-0,0663386830915975	43300	0
43310	-0,069811118300170338	43310	119,99922958006755	43310	-0,6394986750812357	43310	120	43310	-0,0663386830915975	43310	0
43320	-0,069433401979187848	43320	120,00107229552529	43320	-0,327383478871224	43320	120	43320	-0,0663386830915975	43320	0
43330	-0,0618719657406942	43330	120,00209037744799	43330	0,65026892529248626	43330	120	43330	-0,0663386830915975	43330	0
43340	-0,066376863267048544	43340	120,0005205023474	43340	-0,028182097396960884	43340	120	43340	-0,0663386830915975	43340	0
43350	-0,062275807533699566	43350	120,0027245867463	43350	-0,37363424624978658	43350	120	43350	-0,0663386830915975	43350	0
43360	-0,070933706663657767	43360	119,9988977249901	43360	-0,30801535668677438	43360	120	43360	-0,0663386830915975	43360	0
43370	-0,068433964770211658	43370	119,99800030125506	43370	-0,26407245359452858	43370	120	43370	-0,0663386830915975	43370	0
43380	-0,068655989507341281	43380	120,00048647971408	43380	0,70054204015715127	43380	120	43380	-0,0663386830915975	43380	0
43390	-0,066012080174546781	43390	119,99985218270427	43390	-0,15244090453322071	43390	120	43390	-0,0663386830915975	43390	0
43400	-0,063305820762881479	43400	120,00019379331691	43400	0,25380223611432517	43400	120	43400	-0,0663386830915975	43400	0
43410	-0,060209668091435652	43410	120,00271532728743	43410	0,75009069981072785	43410	120	43410	-0,0663386830915975	43410	0
43420	-0,071109372260889384	43420	119,99835355261828	43420	-1,3945996855498186	43420	120	43420	-0,0663386830915975	43420	0
43430	-0,067515568026253761	43430	120,00096855079039	43430	0,28680893454550921	43430	120	43430	-0,0663386830915975	43430	0
43440	-0,0748448376349346	43440	119,9951094196439	43440	-1,4601492832907024	43440	120	43440	-0,0663386830915975	43440	0
43450	-0,073942087496185943	43450	119,99937027711503	43450	-0,093320943666215989	43450	120	43450	-0,0663386830915975	43450	0
43460	-0,072069803198333615	43460	119,99791877587121	43460	0,24791625242435553	43460	120	43460	-0,0663386830915975	43460	0
43470	-0,047438488763774586	43470	120,00410580700576	43470	0,8634806489838579	43470	120	43470	-0,0663386830915975	43470	0
43480	-0,062090081545545718	43480	120,00025314538321	43480	0,73765300883785179	43480	120	43480	-0,0663386830915975	43480	0
43490	-0,070643586933689051	43490	119,9979619003648	43490	-0,67888475636710777	43490	120	43490	-0,0663386830915975	43490	0
43500	-0,065103498954282912	43500	120,00365856635737	43500	0,54299282581420827	43500	120	43500	-0,0663386830915975	43500	0
43510	-0,063601511633601268	43510	120,00009613291653	43510	0,28743834686817837	43510	120	43510	-0,0663386830915975	43510	0
43520	-0,066863737242750562	43520	120,0013551518734	43520	-0,45361444951553631	43520	120	43520	-0,0663386830915975	43520	0
43530	-0,066283398477256159	43530	119,99870119667706	43530	-0,03981258427654269	43530	120	43530	-0,0663386830915975	43530	0
43540	-0,07062211810832203	43540	119,99787780663647	43540	-1,0392997798018651	43540	120	43540	-0,0663386830915975	43540	0
43550	-0,061001309217226872	43550	120,00209016537829	43550	0,15811155970036417	43550	120	43550	-0,0663386830915975	43550	0
43560	-0,057543715405429165	43560	120,00118801215351	43560	1,3132930012508868	43560	120	43560	-0,0663386830915975	43560	0
43570	-0,068886625570105872	43570	119,99946044472738	43570	-0,38394746153096765	43570	120	43570	-0,0663386830915975	43570	0
43580	-0,06845137005762926	43580	119,99898775080318	43580	0,28482275868905027	43580	120	43580	-0,0663386830915975	43580	0
43590	-0,0773964031684006	43590	119,99687277614008	43590	-0,84503428384370771	43590	120	43590	-0,0663386830915975	43590	0
43600	-0,059513499207570146	43600	119,99992043186515	43600	0,88360367345397617	43600	120	43600	-0,0663386830915975	43600	0
43610	-0,059831291129840737	43610	119,99928160310846	43610	-0,586027417119787	43610	120	43610	-0,0663386830915975	43610	0
43620	-0,061310563673925796	43620	120,00469769196663	43620	1,3027838563616647	43620	120	43620	-0,0663386830915975	43620	0
43630	-0,067511982000049153	43630	120,00155272915902	43630	0,0356466867130904	43630	120	43630	-0,0663386830915975	43630	0
43640	-0,063739089420617692	43640	120,00249552187658	43640	0,310462512917507	43640	120	43640	-0,0663386830915975	43640	0
43650	-0,068649823654551745	43650	120,00129039930823	43650	0,40972283765134881	43650	120	43650	-0,0663386830915975	43650	0
43660	-0,050777709678732734	43660	120,00166989134311	43660	0,32890997601719107	43660	120	43660	-0,0663386830915975	43660	0
43670	-0,084885582406134488	43670	119,99578280207973	43670	-1,0275002547898842	43670	120	43670	-0,0663386830915975	43670	0
43680	-0,064591001986353133	43680	120,00022621553393	43680	0,42238310614894259	43680	120	43680	-0,0663386830915975	43680	0
43690	-0,071246032254288744	43690	119,99818305013083	43690	0,0017800682528334444	43690	120	43690	-0,0663386830915975	43690	0
43700	-0,0657880522382751	43700	120,00110471048936	43700	-0,46314031932130384	43700	120	43700	-0,0663386830915975	43700	0
43710	-0,077867037832153971	43710	119,99587000266257	43710	-0,93552540791210537	43710	120	43710	-0,0663386830915975	43710	0
43720	-0,060053634521120121	43720	120,00170397191913	43720	0,32071177600334883	43720	120	43720	-0,0663386830915975	43720	0
43730	-0,0634709371200203	43730	120,00185698211371	43730	0,838253631064299	43730	120	43730	-0,0663386830915975	43730	0
43740	-0,055207244767404219	43740	120,00090399443363	43740	0,055263296732042055	43740	120	43740	-0,0663386830915975	43740	0
43750	-0,061625559272666074	43750	120,00172783125892	43750	0,32142958465251203	43750	120	43750	-0,0663386830915975	43750	0
43760	-0,074862015558971554	43760	119,99887941225471	43760	-0,82917252085203219	43760	120	43760	-0,0663386830915975	43760	0
43770	-0,063382968883878482	43770	120,00018839537928	43770	0,53385979221908408	43770	120	43770	-0,0663386830915975	43770	0
43780	-0,070962470349585083	43780	119,99897708201502	43780	-0,27254095679017648	43780	120	43780	-0,0663386830915975	43780	0
43790	-0,080221260551967252	43790	119,99597759765449	43790	-1,0884555782086649	43790	120	43790	-0,0663386830915975	43790	0
43800	-0,074068162056259573	43800	120,00043736190926	43800	-0,64535994051227763	43800	120	43800	-0,0663386830915975	43800	0
43810	-0,075281408491266341	43810	119,99770747938797	43810	-0,36085674161285108	43810	120	43810	-0,0663386830915975	43810	0
43820	-0,07334453153849127	43820	119,99853132148772	43820	-0,53620641696596993	43820	120	43820	-0,0663386830915975	43820	0
43830	-0,064836743407003988	43830	120,00136361599918	43830	-0,48983135273743622	43830	120	43830	-0,0663386830915975	43830	0
43840	-0,061344448761016981	43840	120,00146572259602	43840	0,061415775554819294	43840	120	43840	-0,0663386830915975	43840	0
43850	-0,058240334632497753	43850	120,00178139609643	43850	-0,14189364079887865	43850	120	43850	-0,0663386830915975	43850	0
43860	-0,069600997072823176	43860	119,99925305186541	43860	0,3802541933313579	43860	120	43860	-0,0663386830915975	43860	0
43870	-0,070826855875664063	43870	119,99875474376901	43870	-0,45786099244405332	43870	120	43870	-0,0663386830915975	43870	0
43880	-0,067118219907457227	43880	120,00076397451932	43880	0,1798152605076998	43880	120	43880	-0,0663386830915975	43880	0
43890	-0,065642705940477025	43890	119,99920691068498	43890	0,32329458148087675	43890	120	43890	-0,0663386830915975	43890	0
43900	-0,065856950673622655	43900	119,99923073806139	43900	0,62630212911647121	43900	120	43900	-0,0663386830915975	43900	0
43910	-0,061565710053523105	43910	120,00184107684537	43910	0,22244546694606829	43910	120	43910	-0,0663386830915975	43910	0
43920	-0,068576794640002492	43920	119,99717684631044	43920	-0,83786394327607838	43920	120	43920	-0,0663386830915975	43920	0
43930	-0,0727719912294512	43930	119,99867002872257	43930	-1,1048800801761878	43930	120	43930	-0,0663386830915975	43930	0
43940	-0,063281443085044312	43940	120,00199140741123	43940	-0,016665148355947984	43940	120	43940	-0,0663386830915975	43940	0
43950	-0,075587678564698321	43950	119,99954429574642	43950	-1,0035107140406718	43950	120	43950	-0,0663386830915975	43950	0
43960	-0,0676083540858457	43960	119,99962841884589	43960	-0,037317697567124442	43960	120	43960	-0,0663386830915975	43960	0
43970	-0,065863118494946846	43970	120,0009169606718	43970	-0,26742328562791118	43970	120	43970	-0,0663386830915975	43970	0
43980	-0,063381489281069361	43980	120,00160616182463	43980	0,77454122402546022	43980	120	43980	-0,0663386830915975	43980	0
43990	-0,058182800802263866	43990	119,99857304524838	43990	1,2602175100293582	43990	120	43990	-0,0663386830915975	43990	0
44000	-0,054112334266006645	44000	120,00384793297165	44000	0,35629179435644787	44000	120	44000	-0,0663386830915975	44000	0
44010	-0,062909606919535732	44010	120,00043026785265	44010	-0,068266313723816724	44010	120	44010	-0,0663386830915975	44010	0
44020	-0,055505861659441318	44020	120,00427792466886	44020	0,75336162406533391	44020	120	44020	-0,0663386830915975	44020	0
44030	-0,066136040006216243	44030	120,00035122601375	44030	0,22141378080265362	44030	120	44030	-0,0663386830915975	44030	0
44040	-0,05768921646813481	44040	119,99937140496411	44040	0,16071777704897361	44040	120	44040	-0,0663386830915975	44040	0
44050	-0,069203320875878313	44050	119,99930543958655	44050	-0,154176283769614	44050	120	44050	-0,0663386830915975	44050	0
44060	-0,058325588732843991	44060	120,00279546683645	44060	1,6750044222115383	44060	120	44060	-0,0663386830915975	44060	0
44070	-0,062644290958301041	44070	119,99899066500846	44070	-0,62587148321072272	44070	120	44070	-0,0663386830915975	44070	0
44080	-0,059064910627446933	44080	120,00316254624195	44080	0,89203295778743275	44080	120	44080	-0,0663386830915975	44080	0
44090	-0,07218337604294256	44090	119,99803221589148	44090	0,041341251865267395	44090	120	44090	-0,0663386830915975	44090	0
44100	-0,071503677786538891	44100	120,00024647232715	44100	-0,19109827747795743	44100	120	44100	-0,0663386830915975	44100	0
44110	-0,081399427763801546	44110	119,99648004809819	44110	-1,2415630402303441	44110	120	44110	-0,0663386830915975	44110	0
44120	-0,06512156313251842	44120	120,00138637399533	44120	-0,17249750283431081	44120	120	44120	-0,0663386830915975	44120	0
44130	-0,066294125510340335	44130	119,99898812630607	44130	-1,5405567105059013	44130	120	44130	-0,0663386830915975	44130	0
44140	-0,062807073414011635	44140	120,00045659400998	44140	-0,23523367761414807	44140	120	44140	-0,0663386830915975	44140	0
44150	-0,07208099560377712	44150	120,00147555169033	44150	-0,54806764500872251	44150	120	44150	-0,0663386830915975	44150	0
44160	-0,069778423385880722	44160	119,99953054266467	44160	-0,36854655629531385	44160	120	44160	-0,0663386830915975	44160	0
44170	-0,062072699182922929	44170	120,00118297219696	44170	0,84070283285923819	44170	120	44170	-0,0663386830915975	44170	0
44180	-0,058393700164228575	44180	120,00065684775345	44180	0,62404637742936853	44180	120	44180	-0,0663386830915975	44180	0
44190	-0,06986377086765963	44190	119,99720252693055	44190	-0,94327132849995854	44190	120	44190	-0,0663386830915975	44190	0
44200	-0,068295842605205243	44200	120,00254160155032	44200	0,93718964338543076	44200	120	44200	-0,0663386830915975	44200	0
44210	-0,056680205150003014	44210	119,99983755880008	44210	0,89858302649115873	44210	120	44210	-0,0663386830915975	44210	0
44220	-0,055689576084876659	44220	120,00282092115064	44220	1,1178312322586295	44220	120	44220	-0,0663386830915975	44220	0
44230	-0,069645840746135113	44230	120,00271112302764	44230	1,4511756834860066	44230	120	44230	-0,0663386830915975	44230	0
44240	-0,0693593039955987	44240	119,99638743543909	44240	-1,3214017008518697	44240	120	44240	-0,0663386830915975	44240	0
44250	-0,053486413339641582	44250	120,0057362432232	44250	0,8894376592014106	44250	120	44250	-0,0663386830915975	44250	0
44260	-0,062216235199819191	44260	120,00016008567486	44260	-0,3846661985485349	44260	120	44260	-0,0663386830915975	44260	0
44270	-0,056166449372101808	44270	119,9996036747589	44270	-0,70776604423757694	44270	120	44270	-0,0663386830915975	44270	0
44280	-0,082564833483815853	44280	119,99693484872056	44280	0,10521626067371992	44280	120	44280	-0,0663386830915975	44280	0
44290	-0,073220532061740992	44290	119,99553706373916	44290	-1,2064945562915428	44290	120	44290	-0,0663386830915975	44290	0
44300	-0,0671011934405803	44300	120,00203784577637	44300	1,5847323667214837	44300	120	44300	-0,0663386830915975	44300	0
44310	-0,071395246860083542	44310	119,99620221939918	44310	0,20815594123703246	44310	120	44310	-0,0663386830915975	44310	0
44320	-0,063343882943508414	44320	120,0005366481136	44320	-0,55147252499706023	44320	120	44320	-0,0663386830915975	44320	0
44330	-0,0607290792407016	44330	120,00305077844743	44330	0,89462333410601924	44330	120	44330	-0,0663386830915975	44330	0
44340	-0,06770960310236887	44340	119,99842533088912	44340	-1,3712486248062608	44340	120	44340	-0,0663386830915975	44340	0
44350	-0,057079682742304454	44350	120,00633798098691	44350	0,75241906996543373	44350	120	44350	-0,0663386830915975	44350	0
44360	-0,075542305364913839	44360	119,99733867787847	44360	-0,63514829755145041	44360	120	44360	-0,0663386830915975	44360	0
44370	-0,064411353395712745	44370	120,0019580002399	44370	0,25120428218424878	44370	120	44370	-0,0663386830915975	44370	0
44380	-0,0759741298188246	44380	119,99917360465341	44380	-0,64964373735795844	44380	120	44380	-0,0663386830915975	44380	0
44390	-0,081319429717414918	44390	119,99690989945364	44390	-0,87214770100339856	44390	120	44390	-0,0663386830915975	44390	0
44400	-0,063917323795950012	44400	120,00024480621264	44400	0,33830886179227915	44400	120	44400	-0,0663386830915975	44400	0
44410	-0,0703523974292965	44410	119,99917681040208	44410	0,62073613652308179	44410	120	44410	-0,0663386830915975	44410	0
44420	-0,068256468772250264	44420	119,99878375708576	44420	-0,095190427777159858	44420	120	44420	-0,0663386830915975	44420	0
44430	-0,059289910136069608	44430	120,0029738210316	44430	0,69879892868028892	44430	120	44430	-0,0663386830915975	44430	0
44440	-0,063406817659983974	44440	119,99762712849369	44440	-0,36162362041251284	44440	120	44440	-0,0663386830915975	44440	0
44450	-0,074172906633037147	44450	120,00045300218136	44450	-0,74748802547707727	44450	120	44450	-0,0663386830915975	44450	0
44460	-0,07378213982529512	44460	119,99729967021547	44460	0,25447743805765211	44460	120	44460	-0,0663386830915975	44460	0
44470	-0,059823386892888263	44470	120,00081080954406	44470	-0,031397037240532666	44470	120	44470	-0,0663386830915975	44470	0
44480	-0,067789363930588348	44480	119,99990541770704	44480	0,49316496966336476	44480	120	44480	-0,0663386830915975	44480	0
44490	-0,079701372944135582	44490	119,9966358143611	44490	-1,4667340204353798	44490	120	44490	-0,0663386830915975	44490	0
44500	-0,076113423714749343	44500	120,00148226664109	44500	0,12840846744647314	44500	120	44500	-0,0663386830915975	44500	0
44510	-0,065964012096335012	44510	120,00119034948173	44510	-1,1438714582559069	44510	120	44510	-0,0663386830915975	44510	0
44520	-0,069977830442868275	44520	120,0004835372407	44520	-0,62634034401822436	44520	120	44520	-0,0663386830915975	44520	0
44530	-0,073659879802172	44530	119,99926483913959	44530	-0,90833563963224329	44530	120	44530	-0,0663386830915975	44530	0
44540	-0,072731149864424874	44540	119,99660693618579	44540	-0,7572383943597103	44540	120	44540	-0,0663386830915975	44540	0
44550	-0,0697062657169759	44550	119,99866775767464	44550	-0,97587329781513787	44550	120	44550	-0,0663386830915975	44550	0
44560	-0,061568351043822696	44560	120,00217237543875	44560	0,94919903051160026	44560	120	44560	-0,0663386830915975	44560	0
44570	-0,073468548728150965	44570	119,99823139456399	44570	-0,80684052826325692	44570	120	44570	-0,0663386830915975	44570	0
44580	-0,069580877523289411	44580	120,00215639203874	44580	-0,078425998503547284	44580	120	44580	-0,0663386830915975	44580	0
44590	-0,06486611664450305	44590	119,99907633083289	44590	1,3128132237093779	44590	120	44590	-0,0663386830915975	44590	0
44600	-0,058636430762875454	44600	120,0031085249677	44600	-0,086368178537620216	44600	120	44600	-0,0663386830915975	44600	0
44610	-0,070554429295399193	44610	119,99795434401381	44610	0,95164496471892179	44610	120	44610	-0,0663386830915975	44610	0
44620	-0,070378368341012548	44620	119,99912673929094	44620	-0,32056885208607727	44620	120	44620	-0,0663386830915975	44620	0
44630	-0,061904986151705747	44630	120,00232108684347	44630	0,18004385847033444	44630	120	44630	-0,0663386830915975	44630	0
44640	-0,064509871139026717	44640	119,99808981464021	44640	0,46880833146855755	44640	120	44640	-0,0663386830915975	44640	0
44650	-0,065961750484247711	44650	120,00028750529728	44650	-0,66936739069000406	44650	120	44650	-0,0663386830915975	44650	0
44660	-0,058119539407605864	44660	120,00301412130132	44660	0,49089594227168065	44660	120	44660	-0,0663386830915975	44660	0
44670	-0,061994638620124491	44670	120,0012086166367	44670	0,535027901030312	44670	120	44670	-0,0663386830915975	44670	0
44680	-0,063145032311111113	44680	120,00382746433787	44680	0,40295255372628547	44680	120	44680	-0,0663386830915975	44680	0
44690	-0,067592131966326421	44690	119,99976621191566	44690	0,36525303548660387	44690	120	44690	-0,0663386830915975	44690	0
44700	-0,063798725126426814	44700	120,00198834196735	44700	0,10481316662682123	44700	120	44700	-0,0663386830915975	44700	0
44710	-0,076906364404802988	44710	119,99735988042704	44710	0,29895087641566109	44710	120	44710	-0,0663386830915975	44710	0
44720	-0,06131493394192656	44720	120,00092929721835	44720	-0,22728164679508539	44720	120	44720	-0,0663386830915975	44720	0
44730	-0,065532394596045151	44730	119,99900245871402	44730	0,81357994468083716	44730	120	44730	-0,0663386830915975	44730	0
44740	-0,07923879469715972	44740	119,99683681182084	44740	-1,4742188803395844	44740	120	44740	-0,0663386830915975	44740	0
44750	-0,05428277264185729	44750	120,00353825578009	44750	0,44113455619635439	44750	120	44750	-0,0663386830915975	44750	0
44760	-0,074143594288247988	44760	119,9993318503376	44760	-0,54797704865755992	44760	120	44760	-0,0663386830915975	44760	0
44770	-0,0743819963236423	44770	119,99773899070368	44770	-0,52237655300070784	44770	120	44770	-0,0663386830915975	44770	0
44780	-0,0591260855853395	44780	120,00044347805763	44780	-0,017698867884223313	44780	120	44780	-0,0663386830915975	44780	0
44790	-0,0720907308261463	44790	119,99889577412448	44790	-0,093843674294534579	44790	120	44790	-0,0663386830915975	44790	0
44800	-0,068045610635223255	44800	120,00135299576951	44800	0,029706555198406287	44800	120	44800	-0,0663386830915975	44800	0
44810	-0,067309565680802416	44810	120,0016839090213	44810	-0,0761919475026801	44810	120	44810	-0,0663386830915975	44810	0
44820	-0,070096948457609276	44820	119,99872217131163	44820	-0,79326243303496691	44820	120	44820	-0,0663386830915975	44820	0
44830	-0,069400145373734248	44830	119,99844125645723	44830	0,052980920309966539	44830	120	44830	-0,0663386830915975	44830	0
44840	-0,066245312678461774	44840	119,99870652397878	44840	-0,668846159809784	44840	120	44840	-0,0663386830915975	44840	0
44850	-0,076126502036728549	44850	119,99998688146849	44850	-1,0271360929342475	44850	120	44850	-0,0663386830915975	44850	0
44860	-0,065718502662234377	44860	119,9985211193676	44860	0,44816925651030365	44860	120	44860	-0,0663386830915975	44860	0
44870	-0,059562334672372881	44870	120,00336371164762	44870	0,18883705611288534	44870	120	44870	-0,0663386830915975	44870	0
44880	-0,057482140306648694	44880	120,00262901106403	44880	-0,063544860329837152	44880	120	44880	-0,0663386830915975	44880	0
44890	-0,072188459709973937	44890	119,9966170875595	44890	-0,31822554446562928	44890	120	44890	-0,0663386830915975	44890	0
44900	-0,069507331843588288	44900	119,99949639463141	44900	-0,32450750592566613	44900	120	44900	-0,0663386830915975	44900	0
44910	-0,0632746717102207	44910	120,00174934746545	44910	1,2265627190174357	44910	120	44910	-0,0663386830915975	44910	0
44920	-0,053540985865445909	44920	120,00380243814642	44920	1,067989874568503	44920	120	44920	-0,0663386830915975	44920	0
44930	-0,063240623004446411	44930	120,00106277405884	44930	-0,34681411980515037	44930	120	44930	-0,0663386830915975	44930	0
44940	-0,089061492114616544	44940	119,99326188651207	44940	-1,6948914834367796	44940	120	44940	-0,0663386830915975	44940	0
44950	-0,060035370237232058	44950	119,99957872720553	44950	0,070659016955364432	44950	120	44950	-0,0663386830915975	44950	0
44960	-0,070708759764730858	44960	120,00046071960678	44960	-0,33833945079058009	44960	120	44960	-0,0663386830915975	44960	0
44970	-0,073735589856311193	44970	119,99918927202621	44970	0,17084258234631422	44970	120	44970	-0,0663386830915975	44970	0
44980	-0,063225007053683058	44980	120,00180386976244	44980	0,044019242607180986	44980	120	44980	-0,0663386830915975	44980	0
44990	-0,050853134154096535	44990	120,00216564946955	44990	0,5321607801992071	44990	120	44990	-0,0663386830915975	44990	0
45000	-0,065777680466391888	45000	120,00178313326435	45000	-0,36377106317307095	45000	120	45000	-0,0663386830915975	45000	0
EOF
