Name	YT Scope Project	
File	C:\Users\Administrator\Documents\TcXaeShell\TwinCAT_260713\ScopeLog\2026-08-20_Scope_2000mms_jark.csv	
Starttime of export	134316906375540000	Thursday, August 20, 2026	18:10:37.554
Endtime of export	134316907035540000	Thursday, August 20, 2026	18:11:43.554


Name	a	Name	b	Name	x	Name	x (1)
SymbolComment	A coordinate.	SymbolComment	B coordinate.	SymbolComment	X coordinate.	SymbolComment	X coordinate.
Data-Type	REAL64	Data-Type	REAL64	Data-Type	REAL64	Data-Type	REAL64
SampleTime[ms]	10	SampleTime[ms]	10	SampleTime[ms]	10	SampleTime[ms]	10
VariableSize	8	VariableSize	8	VariableSize	8	VariableSize	8
SymbolBased	True	SymbolBased	True	SymbolBased	True	SymbolBased	True
IndexGroup	61462	IndexGroup	61462	IndexGroup	61462	IndexGroup	61462
IndexOffset	0	IndexOffset	0	IndexOffset	0	IndexOffset	0
SymbolName	MAIN.Xpmover[0].MCTOPLC.ACT.ActPos.a	SymbolName	MAIN.Xpmover[0].MCTOPLC.ACT.ActPos.b	SymbolName	MAIN.Xpmover[0].MCTOPLC.ACT.ActPos.x	SymbolName	MAIN.Xpmover[0].MCTOPLC.ACT.ActVelo.x
NetID	169.254.116.218.1.1	NetID	169.254.116.218.1.1	NetID	169.254.116.218.1.1	NetID	169.254.116.218.1.1
Port	851	Port	851	Port	851	Port	851
Offset	0	Offset	0	Offset	0	Offset	0
ScaleFactor	1	ScaleFactor	1	ScaleFactor	1	ScaleFactor	1
BitMask	0xffffffffffffffff	BitMask	0xffffffffffffffff	BitMask	0xffffffffffffffff	BitMask	0xffffffffffffffff
Unit	(None)	Unit	(None)	Unit	(None)	Unit	(None)
Unit ScaleFactor	1	Unit ScaleFactor	1	Unit ScaleFactor	1	Unit ScaleFactor	1
Unit Offset	0	Unit Offset	0	Unit Offset	0	Unit Offset	0

0	-0,022139323008393906	0	-0,083876583309339073	0	119,99876478832968	0	-0,97696227627255039
10	-0,03638636548583702	10	-0,070702089145386365	10	120,00330197673014	10	-0,34035289475618635
20	-0,050803736481650125	20	-0,079867936294679809	20	119,99951623834451	20	0,43123017804747565
30	-0,048899633447566017	30	-0,083111825609353013	30	120,00076742319813	30	0,054095586112553273
40	-0,038754520701480083	40	-0,074133212211498586	40	119,99981078267156	40	0,65276946236106648
50	-0,036104475165636175	50	-0,079771825220574785	50	120,00011071059562	50	-0,84779901328502727
60	-0,04355659075143186	60	-0,0766815535617235	60	120,00265368522017	60	1,1824209740070661
70	-0,033226333326476405	70	-0,08959604203091473	70	119,99631848905871	70	-0,57172204396686255
80	-0,035288120863191837	80	-0,06463090711518335	80	120,00236007271316	80	0,49649790973509467
90	-0,014214410214308791	90	-0,092499105540225682	90	119,99986395163782	90	0,46005916852389939
100	-0,037285731630330492	100	-0,0791212536606317	100	119,99961026658427	100	-0,34454604863692961
110	-0,025087227660614133	110	-0,083500376313114286	110	119,9995968373282	110	0,48804317860429108
120	-0,051167052308942265	120	-0,09257345981860951	120	119,99621245661342	120	-0,14572668768105052
130	-0,037150323052234396	130	-0,079594160519637316	130	120,00209552943244	130	-0,643885416642503
140	-0,035042972309648951	140	-0,078497857003330118	140	120,00083440236666	140	0,46848152275232424
150	-0,040384297124179326	150	-0,081487848701577534	150	120,00000823945643	150	-0,96679189299758272
160	-0,043856079733390209	160	-0,075250560251737056	160	120,00232577764616	160	0,37971341596085306
170	-0,02367214506367242	170	-0,089076362538762	170	119,99657942007202	170	-0,50377501366346233
180	-0,036976468167884448	180	-0,0777771918244287	180	120,00173561770409	180	-0,1026015388387348
190	-0,027519660022789303	190	-0,081898630578712273	190	119,99981987190881	190	0,63385717598716673
200	-0,034669352606113688	200	-0,080695862765728613	200	119,99974210834023	200	-1,0622393849400771
210	-0,031271185345445471	210	-0,082623715099079689	210	119,99973937126084	210	-0,017738251560984464
220	-0,038856003009404748	220	-0,077638762633959232	220	120,00015199319043	220	0,030791987797866904
230	-0,025268136074588606	230	-0,069113845388793269	230	120,00324933397928	230	0,49308628170454932
240	-0,04004824899684193	240	-0,089759800579577	240	119,99852336502612	240	0,35661634842983259
250	-0,047673534079557524	250	-0,088688392505528582	250	119,99934440062781	250	0,59984795253464562
260	-0,030627617854240202	260	-0,08303623737853523	260	120,00036676628172	260	0,11703698723995998
270	-0,043026738393983195	270	-0,080203629397258572	270	119,99815071761417	270	-0,26380735120553533
280	-0,017090090457954538	280	-0,081333572994914421	280	120,00141339098327	280	-0,010069308489254872
290	-0,045589195808493778	290	-0,083421285925456987	290	120,00084803235849	290	0,99250718980004626
300	-0,033565585521124028	300	-0,086234204693297539	300	119,99818266210542	300	-0,63571020761160146
310	-0,017205746476390667	310	-0,074472457987476731	310	120,00244640108592	310	1,3733257337991285
320	-0,037087700194955706	320	-0,0724295873527257	320	120,00304425197817	320	-0,021819397800217466
330	-0,031764261041329817	330	-0,075420173343130142	330	120,00139565272174	330	-0,90768897047500852
340	-0,028879280734889917	340	-0,084650902214445725	340	119,99935908273817	340	-0,38007384796690469
350	-0,045548720121765134	350	-0,0866960018058021	350	119,9976532807933	350	-1,0123188951523252
360	-0,018329238189744166	360	-0,098387538386387891	360	119,99664704439158	360	-1,2802442822295992
370	-0,041049205687610252	370	-0,080369300522837958	370	119,99851722016352	370	-0,14515857107267338
380	-0,036645291941239444	380	-0,0828350675425268	380	120,00197431743327	380	0,23753214736699635
390	-0,021798474044281577	390	-0,092823215179374155	390	119,99859193825101	390	-0,10511875872864865
400	-0,022122097728402294	400	-0,091334335795625568	400	119,99678045875605	400	-0,62773886491022746
410	-0,037138019369395474	410	-0,086012160802814472	410	119,99941905834427	410	0,33159188751551
420	-0,037480750598864909	420	-0,0780904017598962	420	120,00072781790036	420	-0,16424638505875766
430	-0,040628179266022253	430	-0,063328670171804519	430	120,00437542888079	430	1,8132629525545607
440	-0,040877258479712512	440	-0,08141253939079561	440	120,00068650343545	440	0,20881356795282469
450	-0,044946220232587722	450	-0,085952162372590513	450	120,00015190974871	450	-0,057957499129297679
460	-0,0350103224182578	460	-0,080747626772117914	460	119,99907928220465	460	0,36999789454670617
470	-0,03346144355208288	470	-0,080677830145643961	470	119,99915969956686	470	-0,3655938012490334
480	-0,0253096743842764	480	-0,090210214363802527	480	119,998307214422	480	0,010060687981125187
490	-0,024770714182656025	490	-0,08081548639217076	490	119,99970613911138	490	1,1779186034472238
500	-0,045540721472672886	500	-0,080246409686105621	500	120,00113437518753	500	-0,23355724351515489
510	-0,044708103426861046	510	-0,076931869021922381	510	120,00299158925465	510	0,98013462373814741
520	-0,044425532723301478	520	-0,087045785373744008	520	120,00158146198471	520	0,755402785398959
530	-0,0340726177453991	530	-0,076196746471844531	530	120,00231932276007	530	0,64631603762667367
540	-0,04314006372382298	540	-0,072275641756576484	540	120,00257177060298	540	0,675271792344051
550	-0,037524597411068041	550	-0,075024952285120863	550	119,99896701805942	550	-0,27857577539041328
560	-0,017696724153720023	560	-0,088659290366619473	560	119,99776626918889	560	0,44860284565164504
570	-0,030193230947259682	570	-0,09697094929367156	570	119,99524290413928	570	-0,81555694765953646
580	-0,027831555885467849	580	-0,083330663764382279	580	120,00195577900347	580	0,51413834142836445
590	-0,039072973733344167	590	-0,084075782203312785	590	120,00010937465828	590	0,46989449650452075
600	-0,036774593877884176	600	-0,077069697468580611	600	120,0020161659799	600	0,25540268439115593
610	-0,029603667161711894	610	-0,08453321680120969	610	119,99989000946933	610	0,93391074213793723
620	-0,042645876552252861	620	-0,0825368742884407	620	119,99959448896716	620	0,11031152846779041
630	-0,039496907015160683	630	-0,079886572521925	630	120,0021022442096	630	-0,154133291551111
640	-0,034055394782883074	640	-0,07809340291654332	640	120,00107596555721	640	-0,06541418332581303
650	-0,028287958986254417	650	-0,068118248261031258	650	120,00077780115798	650	0,043326880703803736
660	-0,025046998932667531	660	-0,092936891788340789	660	119,99822434680405	660	-0,98260123172615987
670	-0,034520700766380426	670	-0,079319771104573236	670	119,99899410133357	670	-0,076466069407582216
680	-0,040987228167994605	680	-0,076839150172909737	680	120,00304494965874	680	0,053639085288898714
690	-0,0357611253678837	690	-0,084841775320672289	690	120,00047779928892	690	-0,14200146375161851
700	-0,031053440171494813	700	-0,084319192556127978	700	119,99871929763268	700	-0,45720211991294146
710	-0,048306636731841088	710	-0,0748233180164187	710	120,00384818840159	710	1,1205135681484879
720	-0,026072679616515979	720	-0,0904087405220831	720	119,99770675974591	720	-0,20297638417959318
730	-0,031259853361989234	730	-0,065783376460003387	730	120,00365689345557	730	0,12768421201458668
740	-0,046885914201845347	740	-0,0947349356270445	740	120,0001229363394	740	-0,10040269037989827
750	-0,046790405475460393	750	-0,079093462672951823	750	120,00069118052286	750	-0,77300736981130469
760	-0,038068325045206811	760	-0,073816375627194	760	120,00138583352623	760	0,90742833843449233
770	-0,035633944829484315	770	-0,090777531934699882	770	119,99645865243774	770	-0,48935401648914345
780	-0,041537864980671142	780	-0,087789011627344107	780	119,99798961859209	780	-0,21823740052835644
790	-0,027220975238791252	790	-0,082542061896348135	790	119,99861332872527	790	-0,77333938495200127
800	-0,036583905494055644	800	-0,088128573881753214	800	119,9999929736413	800	0,36870206450282283
810	-0,0353901649837825	810	-0,091477484482735752	810	119,99799713092297	810	-0,25450138826984381
820	-0,05147477677773505	820	-0,070997454555876138	820	120,00080584782749	820	0,77632769045639227
830	-0,0420170907436239	830	-0,072319175479863287	830	120,00160594591661	830	0,24536384263407574
840	-0,024787468374324464	840	-0,090753209800631521	840	119,99718964449421	840	0,45405007775680006
850	-0,023593763782211803	850	-0,078491116419106485	850	119,99983961738462	850	0,59378408101212754
860	-0,042783648326510625	860	-0,0976518444241231	860	119,99729555955561	860	-0,73298488229845438
870	-0,037062471507355893	870	-0,079336985377837066	870	119,9993873245718	870	-0,49340255559243218
880	-0,019724636277895832	880	-0,079620139103186049	880	120,00245625282435	880	-0,39919466866371545
890	-0,052333736736402243	890	-0,07141214495363761	890	120,00264631784097	890	0,80551065125229837
900	-0,04188973192913744	900	-0,0804246359870395	900	120,00048826249993	900	-0,49921010267245758
910	-0,028012675986520446	910	-0,080528358104820272	910	120,00214623139256	910	0,93484573755600842
920	-0,029836978148234279	920	-0,083141537587440514	920	119,99635661827124	920	-1,1562214753036781
930	-0,031252775008948713	930	-0,086853366924145761	930	120,00064836006649	930	-0,32398764197169705
940	-0,017406614357747392	940	-0,08634970465545215	940	119,99718655184388	940	-0,29526871622680384
950	-0,034235218906690838	950	-0,095075150175362416	950	119,99733467031312	950	-0,93933695642244286
960	-0,032316211844845961	960	-0,0916411343703334	960	119,99900644660256	960	0,79176398969943484
970	-0,061214313335060194	970	-0,092234182792382532	970	119,99701173353024	970	-1,7877883328496065
980	-0,044288635284169278	980	-0,076351183978098716	980	120,001801244496	980	0,58342453010375228
990	-0,025795857646710146	990	-0,073871081774596364	990	120,0012347920493	990	0,4767106934383919
1000	-0,036377764290254945	1000	-0,078359755998528707	1000	120,00078331222953	1000	-0,96293725721938672
1010	-0,030303708540136285	1010	-0,073453197874543283	1010	120,00167429808535	1010	0,99786782715856126
1020	-0,026494211532530985	1020	-0,08193998389178532	1020	119,99931331941218	1020	-0,83662501071057815
1030	-0,027216134004005032	1030	-0,07946684245705371	1030	120,00393839087481	1030	1,1236254017566341
1040	-0,047130556756261731	1040	-0,074729445402304	1040	120,00201957054571	1040	0,5088495904363517
1050	-0,025280638313247679	1050	-0,094528488894285917	1050	119,99681141285504	1050	-0,42089151930781987
1060	-0,030339477670474627	1060	-0,08047881022730316	1060	120,00044582502983	1060	0,15077303200747672
1070	-0,036005566853383741	1070	-0,088959000830011445	1070	119,99783327505331	1070	-0,18273963581135955
1080	-0,040478760667454518	1080	-0,066408715394077528	1080	120,00331538935161	1080	1,6846357677082668
1090	-0,035482871229100918	1090	-0,086139593140741474	1090	119,99625139927512	1090	-0,47938830079092015
1100	-0,032446301168019248	1100	-0,089039692523147085	1100	119,99790983523037	1100	-0,97115469123391951
1110	-0,031053090105985739	1110	-0,075464702997954131	1110	120,00302380146634	1110	0,76259197467454
1120	-0,040041686857269491	1120	-0,083838623372110926	1120	119,99823344812789	1120	0,039023478078404006
1130	-0,028566778643998997	1130	-0,09204111200134589	1130	120,00048902321474	1130	0,070533812357572723
1140	-0,039580278243517404	1140	-0,076316280936687186	1140	120,0014489055817	1140	0,45343218588762574
1150	-0,033639810220573642	1150	-0,083484517792736163	1150	120,00006713302636	1150	-1,2657113487372684
1160	-0,016211629318044065	1160	-0,074061369998130108	1160	120,00099955709314	1160	0,74393715493870272
1170	-0,041456104418973579	1170	-0,08823491644393601	1170	119,99728039308505	1170	-0,64169378530908827
1180	-0,021362560766451346	1180	-0,076896135791016909	1180	120,00244896645478	1180	0,81485273329776642
1190	-0,036253873199187749	1190	-0,0854374039778537	1190	119,99910868168341	1190	-0,058666144035680767
1200	-0,036021062974853107	1200	-0,079039382965139252	1200	120,00183798333552	1200	0,35985080245037
1210	-0,041130430025302631	1210	-0,077407451872324257	1210	120,00370540415804	1210	0,6466818662268099
1220	-0,0307819349934419	1220	-0,078423512791727629	1220	119,99893748989862	1220	-0,66241903843084249
1230	-0,033636236427279864	1230	-0,08554189885532805	1230	119,99887685022685	1230	-0,039902669938903956
1240	-0,039994626108447229	1240	-0,07506519985268971	1240	120,00131894581614	1240	1,2298467266604471
1250	-0,042998456476940942	1250	-0,0743722222165081	1250	120,00073667887028	1250	-0,31751149605075957
1260	-0,042167938922291273	1260	-0,09349899297173507	1260	119,999093076726	1260	-0,22960208153883349
1270	-0,035183406225160904	1270	-0,086646074620754965	1270	119,99881985830908	1270	-0,75869579638563134
1280	-0,026988001667963959	1280	-0,066120633697906633	1280	120,00521716231418	1280	1,2372175129652299
1290	-0,028772166120218393	1290	-0,080978095884015583	1290	120,00134580316902	1290	1,199613734289291
1300	-0,033011892272379419	1300	-0,082124000405768213	1300	119,9999117869822	1300	0,2433391159344005
1310	-0,0350164371027246	1310	-0,073478479918979253	1310	120,00358565390125	1310	0,42144262936914556
1320	-0,044486233158158257	1320	-0,08779213224984854	1320	119,9963602034159	1320	-0,547097792003663
1330	-0,037885959158795827	1330	-0,077529173841287019	1330	120,00193365172274	1330	0,01819688569309863
1340	-0,02321488212993459	1340	-0,078895166302544714	1340	119,9989652946669	1340	0,796967802166121
1350	-0,019145035267297481	1350	-0,0772138465362381	1350	119,99978970322059	1350	0,522570390884894
1360	-0,031627046540284739	1360	-0,093891434134678139	1360	119,99812066172436	1360	-0,70696368964716716
1370	-0,047089213144252254	1370	-0,088703067398457652	1370	120,00045979126448	1370	-0,66473653578354208
1380	-0,037884995028687751	1380	-0,075492058565246656	1380	120,00328416711845	1380	1,2042407919345564
1390	-0,025254814841415264	1390	-0,073869895295182855	1390	120,00086663406816	1390	0,64378990004184056
1400	-0,031720623499994563	1400	-0,0775322258113762	1400	120,00012093348133	1400	0,35777504678821387
1410	-0,062400036708377953	1410	-0,0763706349920871	1410	120,00124423430817	1410	0,56851224706051906
1420	-0,025318585365297578	1420	-0,082613337119673516	1420	119,99829109597609	1420	-1,3082043227913671
1430	-0,0365766860986818	1430	-0,087051981177224	1430	119,99934105538823	1430	-0,48759396968263807
1440	-0,032824212595699634	1440	-0,092063017407303077	1440	119,99735691802897	1440	-0,44084381783146914
1450	-0,034792780296284256	1450	-0,0841500566686379	1450	119,99864749243272	1450	-0,31753648009670488
1460	-0,034115934872094529	1460	-0,0848844911326777	1460	119,99997280899548	1460	-0,13615516391307109
1470	-0,042780902122150792	1470	-0,087744000234272382	1470	119,99708580299803	1470	-0,0659500942761822
1480	-0,033390997610223017	1480	-0,083492015222476179	1480	120,00154487093039	1480	0,32003375553473268
1490	-0,032548143138044078	1490	-0,082667371262367381	1490	119,9993077825302	1490	0,30235486052665433
1500	-0,035898738687043984	1500	-0,071524842672970573	1500	120,00317184292928	1500	-0,19510871051825976
1510	-0,042957332980876083	1510	-0,076804100234036374	1510	120,00329956077309	1510	-0,11103438232272894
1520	-0,036168274081710368	1520	-0,075406373004859181	1520	120,00032319933992	1520	0,05583183119915941
1530	-0,034156802335407035	1530	-0,077015886055074215	1530	120,00216857020698	1530	0,18256728739057129
1540	-0,025285474999043905	1540	-0,084621290284401629	1540	119,99892258244452	1540	0,049293386326946242
1550	-0,0377973073948175	1550	-0,087975654294021655	1550	119,9976500262859	1550	-1,0721253062431795
1560	-0,03363056901732385	1560	-0,086494203906617884	1560	119,99902933368648	1560	0,4170376116831539
1570	-0,0460192008847559	1570	-0,08416936581150071	1570	119,99800594235035	1570	0,15399336741341846
1580	-0,033940089376096994	1580	-0,0874641872613129	1580	119,9973442007968	1580	-0,18037162647482521
1590	-0,030771092843308576	1590	-0,085988751887057027	1590	120,00052575637692	1590	0,35388681111312947
1600	-0,036253008000604034	1600	-0,089033997340311144	1600	119,99993134842126	1600	-0,085063159623844073
1610	-0,044341723790071536	1610	-0,0904671494768802	1610	120,00019855587343	1610	0,41098636899636021
1620	-0,041351688171133438	1620	-0,076409488703640865	1620	119,999800064521	1620	0,11469077141489133
1630	-0,031511376651698418	1630	-0,0827862920156578	1630	120,00191650783233	1630	-0,068411965769398869
1640	-0,029364047524973489	1640	-0,069617749904933815	1640	120,0045700344027	1640	1,1469668576210481
1650	-0,052973649326267455	1650	-0,081735192128262371	1650	120,0007071391211	1650	-0,10491774872792509
1660	-0,035326722410482909	1660	-0,067484520682494983	1660	120,00297591533418	1660	0,55565305245946173
1670	-0,024933297679422081	1670	-0,074221407420442559	1670	119,9998564028672	1670	-0,69482274314709025
1680	-0,045007829576650477	1680	-0,082118136658374	1680	120,00199687868667	1680	-0,52086550216276339
1690	-0,024987285286407167	1690	-0,087096928491720335	1690	119,9985619744718	1690	0,12638858240811005
1700	-0,035202236319153861	1700	-0,083280822058415707	1700	119,99950081407867	1700	-0,46750716380891177
1710	-0,027283924036544043	1710	-0,0922590553485629	1710	119,99726219723624	1710	-0,032786980687610712
1720	-0,04148987252998549	1720	-0,097933325065089019	1720	119,99595131239332	1720	-1,2422907075518577
1730	-0,017682931260086097	1730	-0,090535237028583473	1730	119,99658762718708	1730	0,066232449713488128
1740	-0,035992890940380329	1740	-0,084718240126473027	1740	119,99935127010849	1740	0,62510340415837506
1750	-0,03630088639576013	1750	-0,097443465744408986	1750	119,99808197090088	1750	-1,0595175055689343
1760	-0,0324561089816167	1760	-0,085091929216685042	1760	120,00016408850506	1760	0,57796828674354
1770	-0,04224713750738663	1770	-0,07693253499627	1770	120,00080937270269	1770	-0,56729543658188553
1780	-0,032281772955077809	1780	-0,0743357422608802	1780	120,00194627375255	1780	-0,17744355087653063
1790	-0,031409941370682787	1790	-0,066382468384714607	1790	120,00356205291739	1790	1,1980070235127189
1800	-0,038408294535705566	1800	-0,080318244663353744	1800	120,00105245203248	1800	-0,24007958871514404
1810	-0,041298990262084008	1810	-0,078557344777629892	1810	120,00079475234685	1810	-0,018167348013942874
1820	-0,021819408164951842	1820	-0,0919260976357431	1820	119,99672626624486	1820	-1,4612500045753238
1830	-0,026760397800545392	1830	-0,078757105102645816	1830	120,00193931036262	1830	0,063210209488338553
1840	-0,028592665025720641	1840	-0,084079828514720734	1840	119,99816541103127	1840	-0,21939294348703553
1850	-0,036367486142556305	1850	-0,087483921385991564	1850	119,99723784144571	1850	-0,47587383120440324
1860	-0,019342001891744103	1860	-0,0935990351594452	1860	119,99943711622478	1860	1,1277180455437941
1870	-0,041276922310659686	1870	-0,086799800326607252	1870	119,99868538388236	1870	-0,016615623765143472
1880	-0,036695515867022223	1880	-0,077663557858543966	1880	120,00186628899432	1880	0,40580680258594104
1890	-0,038142967675211838	1890	-0,08106477185017999	1890	119,99924785049585	1890	-0,13397572968996976
1900	-0,031117285279283209	1900	-0,07890684157313882	1900	119,99932919426752	1900	-0,47940375992931716
1910	-0,031405345325231787	1910	-0,088176291854404371	1910	120,00312266261825	1910	1,1182892292569828
1920	-0,056909780756335154	1920	-0,074215120544660784	1920	120,00163160859869	1920	0,57334600391109736
1930	-0,038482816109331935	1930	-0,079841918051662	1930	120,00155788256376	1930	0,18960337937146632
1940	-0,041939941673523141	1940	-0,07667881290888702	1940	120,00025466743112	1940	0,23251853211387608
1950	-0,031428358257173994	1950	-0,07548594222272588	1950	119,99876685194333	1950	-0,53929381840000834
1960	-0,026298759775201332	1960	-0,085143424840572829	1960	119,99917081679703	1960	-0,49984959422618608
1970	-0,055780788359780578	1970	-0,07649905975370079	1970	120,00180941570078	1970	0,41137867589942095
1980	-0,02425306468840073	1980	-0,078030243068835436	1980	120,00098949733732	1980	0,20817911129666356
1990	-0,025157506784335475	1990	-0,08043835290093225	1990	119,99953339362889	1990	0,38336219181405556
2000	-0,023169453094496396	2000	-0,095634322670690414	2000	119,99683536597988	2000	-0,51444305488023134
2010	-0,03610017128424764	2010	-0,075070788917029951	2010	120,00148387075659	2010	0,79386880984011787
2020	-0,040256691994564428	2020	-0,082349777782213349	2020	119,99797520252426	2020	-0,31345713277335535
2030	-0,039289736064745381	2030	-0,078085379688214537	2030	120,00345015831968	2030	0,39059532131769403
2040	-0,034881592778159977	2040	-0,077494090398421311	2040	120,00203416320457	2040	1,0014564048944927
2050	-0,047984772315499573	2050	-0,083610453720948066	2050	119,99824071642107	2050	-0,62331681067838463
2060	-0,045489430935119674	2060	-0,080626343409247056	2060	120,00386055330955	2060	0,80332850357072538
2070	-0,04499715568700937	2070	-0,082815192299496743	2070	119,9994075769623	2070	-0,7564961644207806
2080	-0,030085820440814471	2080	-0,088906833895514889	2080	119,99955715748564	2080	-0,12127958846090758
2090	-0,0382436923726872	2090	-0,092464650188723116	2090	119,99952186533331	2090	-0,37470104396817433
2100	-0,02949146659940954	2100	-0,0880404606136946	2100	119,99803118997122	2100	-0,32077503647078082
2110	-0,0417884189648244	2110	-0,083550720432419054	2110	120,00053257665367	2110	-0,17397278290873125
2120	-0,028339032056776202	2120	-0,083559712513345513	2120	119,99609539545543	2120	-0,41623454360696871
2130	-0,010597362688105759	2130	-0,089597297597013126	2130	120,00121600299387	2130	1,0181064940527049
2140	-0,026837936364309763	2140	-0,087723959135608057	2140	120,00000850948302	2140	0,51488119024394452
2150	-0,029595325372951942	2150	-0,076411761349090682	2150	120,00225022446158	2150	0,11120287532594168
2160	-0,039924099519472095	2160	-0,071218325074664177	2160	120,00254255053875	2160	-0,022131739993047267
2170	-0,032763230904399386	2170	-0,07678582331645549	2170	119,99965528289442	2170	-0,26252119217937481
2180	-0,031924640585160868	2180	-0,07761514840835837	2180	120,00310806067725	2180	-0,45858641102152853
2190	-0,040629713849828622	2190	-0,077090751749477632	2190	120,00022521407982	2190	1,0619010540824569
2200	-0,036887999726418562	2200	-0,0745124649883039	2200	119,99883957575695	2200	-0,29256068406316016
2210	-0,025974194804802505	2210	-0,066914071917461015	2210	120,0043120126948	2210	1,0463507408416197
2220	-0,056445896126046273	2220	-0,091866480972365175	2220	119,99486871331567	2220	0,1572242171918331
2230	-0,025314053544283167	2230	-0,09052381497885352	2230	119,99872030833848	2230	0,11252143686046624
2240	-0,027632212209467679	2240	-0,09328797247880026	2240	119,99735895499536	2240	0,13338202977901506
2250	-0,0347077447600081	2250	-0,086682581161595	2250	119,99828516210178	2250	-0,89322956865402214
2260	-0,032955891830777455	2260	-0,079580094260942022	2260	120,00068680557095	2260	0,033325973258455141
2270	-0,043426441129146676	2270	-0,069431399718449346	2270	120,00101762077998	2270	0,024462288722809034
2280	-0,037359366470084414	2280	-0,073539251635470107	2280	120,00299931474446	2280	0,92425903602089854
2290	-0,049804036837431613	2290	-0,073585071505003513	2290	120,00228148812799	2290	1,0824415650884451
2300	-0,034700069724894693	2300	-0,0874262967715297	2300	119,99826682633166	2300	-0,18770562225710485
2310	-0,025581643415933043	2310	-0,079927506944164187	2310	120,00232455451777	2310	-0,77129270455210941
2320	-0,028976517703735407	2320	-0,074925545650855657	2320	119,99981576875842	2320	-0,22171203073876319
2330	-0,031315077748718327	2330	-0,0797800071182789	2330	119,99973123587556	2330	-0,79287990287271226
2340	-0,042717799891646133	2340	-0,085215465931648249	2340	119,99876498354072	2340	0,38475561114531132
2350	-0,045151666150572388	2350	-0,086016318151116322	2350	119,99984758156208	2350	-1,0428045172994129
2360	-0,034890831082013692	2360	-0,0795734263563978	2360	120,00203087810266	2360	1,5389139772347902
2370	-0,033668013857246236	2370	-0,084668372758341243	2370	119,9965870693032	2370	0,27992000907596654
2380	-0,030172844829977397	2380	-0,080513797408186	2380	120,00169987220532	2380	0,63102895885567545
2390	-0,027111075281153155	2390	-0,084866326505078415	2390	119,99818573316952	2390	0,49965229211671924
2400	-0,022305326372622988	2400	-0,081074353172969016	2400	119,99940383404073	2400	-0,4698868383349773
2410	-0,035127478513102856	2410	-0,0744433929930301	2410	120,00369498761516	2410	1,0285685477221112
2420	-0,030484986723882893	2420	-0,077938865997555687	2420	120,00094422265367	2420	0,094569785194204156
2430	-0,031233027306658855	2430	-0,084233297579484917	2430	120,00224744288134	2430	-0,11770104120400371
2440	-0,0548403061331476	2440	-0,069128030229824222	2440	120,00196620930552	2440	0,27258348632286533
2450	-0,0317526800738507	2450	-0,067928819748518346	2450	120,00231047403092	2450	0,10259197054398786
2460	-0,024312459376408788	2460	-0,081492022184957241	2460	119,99980052912696	2460	0,20236825714556811
2470	-0,030413188872561583	2470	-0,07639840313911242	2470	119,998299616986	2470	-0,55373585317677154
2480	-0,03369160701346606	2480	-0,077363418021457478	2480	120,00144414118711	2480	0,51292946740455736
2490	-0,036420323855668388	2490	-0,087296514498095043	2490	119,99663882254394	2490	0,42614848848506937
2500	-0,042149157607805743	2500	-0,083670937522546174	2500	119,99945293728962	2500	-0,0018629340285625101
2510	-0,017228101553366688	2510	-0,086549302321166643	2510	120,00073847077547	2510	0,15713149854104119
2520	-0,047720972015143366	2520	-0,086285765170265941	2520	119,99968837695708	2520	0,40323542238379562
2530	-0,031951352907774316	2530	-0,072238292838277554	2530	119,99999085573978	2530	0,073151002277339561
2540	-0,038117619427284255	2540	-0,081065823059772585	2540	119,99816478113563	2540	-0,525890456126746
2550	-0,040885946369563539	2550	-0,073627533815673663	2550	119,99990983240085	2550	-0,2546537934763039
2560	-0,03310339758262433	2560	-0,07916122590205743	2560	120,0007794271968	2560	-0,133368743766131
2570	-0,024021146543322491	2570	-0,081399218765801917	2570	120,00037978449073	2570	-0,533154974082684
2580	-0,021317869277180771	2580	-0,081637263573478239	2580	120,00079758179645	2580	0,21073213630624565
2590	-0,02238503501795451	2590	-0,083332407978556525	2590	120,00035851640945	2590	0,6434460603332699
2600	-0,024772721197302922	2600	-0,080362877898227367	2600	120,00185048898423	2600	0,88187741291874433
2610	-0,02430874090154455	2610	-0,064685725985154166	2610	120,0037716023563	2610	0,75376125713075015
2620	-0,030569632834730343	2620	-0,0905341423434239	2620	119,99807201663742	2620	-0,24782266796042612
2630	-0,038218423010815489	2630	-0,085471088210698418	2630	120,00096562664835	2630	-0,3064823074950907
2640	-0,043113571635265489	2640	-0,080808269232204966	2640	120,00030166114168	2640	0,11182487188969992
2650	-0,035771679550006513	2650	-0,086468805783082789	2650	119,99721416668263	2650	-0,78634143579445825
2660	-0,034275185470108847	2660	-0,074045053383912512	2660	120,00276883347921	2660	0,47129442632439394
2670	-0,056633332169190087	2670	-0,081560886888810427	2670	119,99999212908061	2670	-0,53116713567526519
2680	-0,022984429807399252	2680	-0,074203413596185444	2680	120,0001315008179	2680	-0,24923386492285937
2690	-0,023982387386160247	2690	-0,090984503879804252	2690	119,99845323050096	2690	-0,88716018256465834
2700	-0,045253820207330507	2700	-0,093409486106046991	2700	119,99798750755507	2700	-0,65939598035561353
2710	-0,032739859541784017	2710	-0,082498377796778544	2710	119,9998709474348	2710	-0,031952521128485178
2720	-0,030024840935010812	2720	-0,08014865027699121	2720	119,99793254051319	2720	-0,080777276144692212
2730	-0,027820915264969794	2730	-0,0867142771888861	2730	119,99891955469811	2730	-0,078249917965473648
2740	-0,039066525505616442	2740	-0,077417601339393974	2740	120,001255716106	2740	0,23229392506776667
2750	-0,032861419089613118	2750	-0,08397441489296463	2750	120,00058647392233	2750	1,0328638583464638
2760	-0,033349721751438972	2760	-0,068795951271289291	2760	120,00287253861769	2760	1,3816919978764279
2770	-0,038573449044101163	2770	-0,07205665449228954	2770	120,00083364603779	2770	0,27010670687070515
2780	-0,047249110552070928	2780	-0,070085742047160685	2780	120,00274452657109	2780	0,83430395245538125
2790	-0,040427086746468263	2790	-0,0775103933261215	2790	120,00340383367643	2790	0,57139699852677617
2800	-0,0416292786897043	2800	-0,084564783079271622	2800	119,99785033824155	2800	-0,97201912135398694
2810	-0,033036285256951951	2810	-0,0871724920598019	2810	119,99864106301214	2810	0,28392692512436662
2820	-0,0433453369555422	2820	-0,084129096317876614	2820	119,99629906564884	2820	-0,75987836123598052
2830	-0,020494169300564975	2830	-0,0823659041163093	2830	120,00076872213936	2830	-0,48178376270990242
2840	-0,0201596538627209	2840	-0,087311426018753455	2840	119,99885655848331	2840	0,22083285597366489
2850	-0,035049238597728065	2850	-0,090787970325808584	2850	119,9967157010183	2850	-0,66275697586848259
2860	-0,025992748670970019	2860	-0,081806996078850655	2860	120,00386924285721	2860	0,95496232684844418
2870	-0,053263854007010461	2870	-0,090664575927166036	2870	119,9980410557877	2870	-0,31136276824508713
2880	-0,036469060697869669	2880	-0,071548092052340181	2880	120,00233497382453	2880	-1,0072766833438032
2890	-0,044283299400844023	2890	-0,0787067010611551	2890	120,00032105514926	2890	1,3925976068409227
2900	-0,03503385178517486	2900	-0,069780581456750493	2900	120,00393052868718	2900	0,11597472800713815
2910	-0,033408285112605324	2910	-0,08543881188903335	2910	120,00027320962786	2910	-0,48321741289808273
2920	-0,048255144296908144	2920	-0,094656263484946532	2920	119,99756160436978	2920	-0,84334340874212865
2930	-0,032710259592396054	2930	-0,081589664772420314	2930	120,00046457947993	2930	-0,079501610091850639
2940	-0,040734251376665205	2940	-0,08415040142700396	2940	119,99917067328184	2940	0,23973832345674984
2950	-0,03245212387276257	2950	-0,070517622787348438	2950	120,00035389516897	2950	0,059053345126575306
2960	-0,035819895665294789	2960	-0,08166914160847992	2960	120,0000462493351	2960	0,34403611849921345
2970	-0,041713734605891138	2970	-0,084225597293262428	2970	119,99830713134477	2970	-0,31517470766823708
2980	-0,023464404686130279	2980	-0,090505267389506469	2980	120,00066031881629	2980	0,856006707046275
2990	-0,034217460153564846	2990	-0,074277508534251385	2990	120,00160371654367	2990	1,7708901653519376
3000	-0,044802995502115764	3000	-0,0831309776676664	3000	120,00157236531712	3000	-0,573800336136651
3010	-0,033901232356537893	3010	-0,080775408781013136	3010	120,00026482868795	3010	0,028216118476179441
3020	-0,048231413040563817	3020	-0,079560923245224069	3020	119,99914678472617	3020	0,19130652063874906
3030	-0,0461637819586518	3030	-0,072356712617958258	3030	120,00258359480284	3030	0,92728810567363285
3040	-0,043404802544409211	3040	-0,088343550796430054	3040	119,99853390225059	3040	0,086806885246278082
3050	-0,0417702738921711	3050	-0,074141340302583722	3050	120,0025735554545	3050	0,0782470517433001
3060	-0,036590414175067268	3060	-0,088098442196391222	3060	119,99894944388642	3060	0,1959688763149256
3070	-0,027959062105693544	3070	-0,087234998194868	3070	119,99825351535843	3070	-1,2998129148422404
3080	-0,024935359048003623	3080	-0,079631444568973031	3080	120,00014551942029	3080	0,39009457235448419
3090	-0,025717474763575415	3090	-0,091068127839684432	3090	120,00047677362385	3090	0,1480787881805245
3100	-0,026384805477803711	3100	-0,077025512475139252	3100	120,00022004997042	3100	-0,23594627358612913
3110	-0,034989152135910473	3110	-0,081458878967916371	3110	120,00033476485217	3110	0,84105529300387727
3120	-0,043895995500928355	3120	-0,0868364773935626	3120	119,99855210842142	3120	0,092828626841012979
3130	-0,035893360075862933	3130	-0,079009509585454746	3130	120,00141831029995	3130	0,011742550471728896
3140	-0,044192523840905974	3140	-0,0805795452829582	3140	119,99765345102178	3140	0,2972983817107977
3150	-0,03108728696736027	3150	-0,067136902729688322	3150	120,001900517352	3150	0,048491894263221647
3160	-0,036658253675930522	3160	-0,084403115454766947	3160	120,00140188470857	3160	0,760447890624066
3170	-0,038137076731379567	3170	-0,097864101923173019	3170	119,99541126130779	3170	-0,91901160667953086
3180	-0,034048207724309026	3180	-0,068562204078311359	3180	120,00479344033118	3180	0,105434458656122
3190	-0,025709019857520894	3190	-0,074756440993043127	3190	120,00225028360673	3190	0,76370365895141712
3200	-0,023178876558533144	3200	-0,07750155282660276	3200	120,00078215195954	3200	0,77204753548288685
3210	-0,034843333065881242	3210	-0,0840960897989595	3210	119,99898359559029	3210	0,33684911523922462
3220	-0,043482555528690327	3220	-0,09305192958929874	3220	119,99689123011562	3220	-0,85373865035453023
3230	-0,028785784563021586	3230	-0,079503807018025785	3230	120,00128468787432	3230	0,56866922705424949
3240	-0,0409482230293618	3240	-0,090420747355903081	3240	119,99761794545191	3240	-0,11042480077948236
3250	-0,032921939736508872	3250	-0,073771773866237414	3250	120,00262101150413	3250	0,59485166331628081
3260	-0,045184258423500288	3260	-0,070025862162951868	3260	120,00485935338978	3260	1,1154072380219009
3270	-0,043259507579974314	3270	-0,095457107629647861	3270	119,99693954595338	3270	-1,0374208721744234
3280	-0,02785500168817397	3280	-0,066043222223514358	3280	120,00214518860909	3280	0,4378067317959255
3290	-0,033309771685069	3290	-0,084784777910775239	3290	120,00024898259238	3290	0,54981281791615233
3300	-0,022483541292373468	3300	-0,084577071473637258	3300	119,99959539969798	3300	-0,97533447516828642
3310	-0,042231836760586769	3310	-0,076586139634163775	3310	120,00086346233319	3310	0,65918857875631565
3320	-0,026182431729519923	3320	-0,0939603004741835	3320	119,99319957901233	3320	-1,2633759350095153
3330	-0,040350886169391961	3330	-0,076965366999702342	3330	120,0027130950313	3330	0,70654338265976213
3340	-0,027114839346148823	3340	-0,0835987988604741	3340	119,99943250547051	3340	-0,055882462998910615
3350	-0,041623950506298434	3350	-0,077438975283703859	3350	120,00080475757339	3350	-0,43894293743005708
3360	-0,03441133440275445	3360	-0,072926267785130047	3360	120,00283749666642	3360	1,1482457862252808
3370	-0,035714258418294058	3370	-0,07723352951262584	3370	120,00151091847788	3370	0,49470932687623281
3380	-0,040523347452086515	3380	-0,082486544779421522	3380	120,00002913072024	3380	0,53598212329731454
3390	-0,0416670659933873	3390	-0,087507121301654583	3390	119,99832614929339	3390	-0,068088634981209539
3400	-0,024378169180608044	3400	-0,078062615064648261	3400	120,00060904485933	3400	-0,31846298534225259
3410	-0,031411520192895073	3410	-0,070962368865106942	3410	120,00279746154037	3410	1,2352623400488605
3420	-0,013421299173943749	3420	-0,081814182700695931	3420	119,99817372198854	3420	-0,99370285667455871
3430	-0,029384185407183527	3430	-0,079361680887574032	3430	120,000822227845	3430	-0,20338655363267644
3440	-0,029589179928258144	3440	-0,0830925809346123	3440	119,99926469967564	3440	0,034036212079337359
3450	-0,040561521962715411	3450	-0,097694297347487261	3450	119,99835661310466	3450	-0,10774795157775691
3460	-0,034302079058127793	3460	-0,094328580450435712	3460	119,99680728541021	3460	0,1538700952095961
3470	-0,02778914856326473	3470	-0,095185453322969946	3470	119,99681979917425	3470	-1,0967032090664119
3480	-0,025718657537996917	3480	-0,060827156131017593	3480	120,00599486315785	3480	0,99982110767619847
3490	-0,0545539392814835	3490	-0,0798411659230667	3490	119,99989606469281	3490	0,37558806716668225
3500	-0,036240417304597712	3500	-0,076686927555167539	3500	120,00018245176275	3500	-0,983003206457407
3510	-0,026485886873515035	3510	-0,073772946197465092	3510	120,00417281328171	3510	1,2013283144861133
3520	-0,036145023859293551	3520	-0,092224610679738014	3520	119,99731987253183	3520	-1,3352842645762522
3530	-0,030076654075787791	3530	-0,0781627893983243	3530	120,00387405048708	3530	1,1318995346969549
3540	-0,039948980291373344	3540	-0,082327260595971119	3540	119,99965847168812	3540	0,20218625259418227
3550	-0,034171197212273588	3550	-0,082720369473402819	3550	120,00032202189637	3550	-0,86330295552523584
3560	-0,023687691323539282	3560	-0,091148898106960821	3560	119,99775892800426	3560	-0,16934089646740197
3570	-0,028324753979698473	3570	-0,076570507662587869	3570	119,99813235747455	3570	-0,49837008437648678
3580	-0,03336192181253065	3580	-0,084004135230740518	3580	119,9990702274374	3580	0,88908514685288864
3590	-0,034971798446206161	3590	-0,089645412619370909	3590	119,99859615228078	3590	-0,20329677804865909
3600	-0,039949590298089789	3600	-0,082412344020775782	3600	120,00150927477635	3600	0,58120413472664967
3610	-0,026861268560579792	3610	-0,074005829048859079	3610	120,00135540420335	3610	1,0010717939842628
3620	-0,040146548839113415	3620	-0,075140605531245144	3620	120,00033905091816	3620	-0,48196545846535921
3630	-0,035930542315650578	3630	-0,080333203628597555	3630	120,00086429650843	3630	-0,051244401189331143
3640	-0,038610709088829673	3640	-0,0763651994251485	3640	120,00013658332411	3640	0,3837248498278325
3650	-0,034050087965350931	3650	-0,0846695746264824	3650	119,9982734881896	3650	-1,0959824402357108
3660	-0,0433757331583823	3660	-0,0814549331397494	3660	120,00275173080291	3660	0,73009405638344316
3670	-0,037664314167301732	3670	-0,078686134998595961	3670	119,99978434076931	3670	-0,37980617770387864
3680	-0,028733921533674992	3680	-0,070730299181709644	3680	120,00381497385072	3680	-0,663538091193485
3690	-0,03006626855085905	3690	-0,080598901561747857	3690	120,00012275563546	3690	0,19808680930344375
3700	-0,025564239457591616	3700	-0,0847894265690371	3700	119,99992562843966	3700	-0,15284045753612741
3710	-0,030856258572323759	3710	-0,086040286794506246	3710	119,99995974657395	3710	-0,49998262382678971
3720	-0,041545085721323934	3720	-0,089645587598178963	3720	119,99739450066124	3720	-0,25675596573786119
3730	-0,018145302389845977	3730	-0,087208506951631154	3730	119,99636335528929	3730	-0,31993983992470043
3740	-0,049323817157911204	3740	-0,072377197903650672	3740	120,00115890675376	3740	1,6533165394197178
3750	-0,040403152736844937	3750	-0,080496868134017407	3750	119,99952874933257	3750	-0,7096938429050893
3760	-0,043562063399767821	3760	-0,073984180532423324	3760	120,00220282440608	3760	0,44597204598499307
3770	-0,02943309821739944	3770	-0,080363465807818169	3770	119,99925218814933	3770	-0,59926600923125206
3780	-0,030269822061904643	3780	-0,097965700899706312	3780	119,99806880560838	3780	-0,70579606367678538
3790	-0,031996558092982672	3790	-0,08334746500202489	3790	119,99805735067588	3790	-0,93456211536917821
3800	-0,035420539126108944	3800	-0,080853398777818428	3800	120,00111104256261	3800	0,20305005680156651
3810	-0,015470452445909853	3810	-0,082530080558875035	3810	120,00040614160851	3810	0,070744080045583788
3820	-0,034030492448248774	3820	-0,083187431060665437	3820	119,99761211802131	3820	-1,120357795251824
3830	-0,015057410081732553	3830	-0,08317782259720112	3830	120,00075244388589	3830	-0,343496634523541
3840	-0,035384456186675239	3840	-0,086285231052264655	3840	120,0000733394641	3840	0,33227102272446363
3850	-0,042148266810850307	3850	-0,081761931090299736	3850	120,00069558270583	3850	-0,17754053086757982
3860	-0,034629155226448778	3860	-0,077759798948305162	3860	120,0002722807649	3860	1,0727826344363116
3870	-0,030677331390510123	3870	-0,089950834441273581	3870	119,99695469584752	3870	-0,82917454814919511
3880	-0,028118412687141638	3880	-0,06797319820700945	3880	120,00154424167435	3880	-0,22418485920146453
3890	-0,034385524655401636	3890	-0,093421084000779989	3890	119,99945762365486	3890	-0,67321743290435676
3900	-0,044171073819051679	3900	-0,080794776765251125	3900	119,99998864887181	3900	-0,88979598964726725
3910	-0,033041950424448588	3910	-0,081570758055549669	3910	120,00124198664929	3910	0,73849993075719711
3920	-0,037224847499479206	3920	-0,083009230763431058	3920	119,99640843715919	3920	0,026446614820730061
3930	-0,017420729004664241	3930	-0,085466541335715657	3930	120,00072998759518	3930	-0,16410850898137519
3940	-0,03248687773702677	3940	-0,087960654939541166	3940	119,99977948059679	3940	0,62216783961445288
3950	-0,029363781905511643	3950	-0,082027556643781835	3950	119,99939122515924	3950	-0,57405137289652675
3960	-0,026332293756462368	3960	-0,084362280466114964	3960	120,00128119948916	3960	0,4420347071861388
3970	-0,0382252965952785	3970	-0,0903323643067719	3970	119,99856944501842	3970	-0,9306162399893988
3980	-0,035451575517574316	3980	-0,078080360343273508	3980	120,00033206031941	3980	0,16148591983075733
3990	-0,031103314260180995	3990	-0,09014751778238661	3990	119,9942804350177	3990	-0,51018488030620557
4000	-0,035324572803119868	4000	-0,08929671399049896	4000	119,99970090257014	4000	-0,81101625449687376
4010	-0,019624615649734126	4010	-0,089846521325480669	4010	119,99957754793638	4010	0,40317976028981783
4020	-0,036316689687148448	4020	-0,088100531977796465	4020	119,99662693112035	4020	-0,55302910381056181
4030	-0,033788541973709653	4030	-0,087522186763961091	4030	120,00141918778613	4030	-0,31414877186972179
4040	-0,023477120836464339	4040	-0,084037080935389932	4040	120,00083109389082	4040	0,32506577590836361
4050	-0,028863034704012292	4050	-0,079397617096032977	4050	119,99998834910139	4050	-0,53503401142258034
4060	-0,044824071906324967	4060	-0,071921293660729677	4060	120,00298628402281	4060	1,2195880987619399
4070	-0,046730141711935742	4070	-0,081236890201617673	4070	119,99928268071135	4070	-0,68695242562283487
4080	-0,04159583242446125	4080	-0,0873247430181769	4080	119,99994806429341	4080	-0,39181832904690006
4090	-0,046234031511765118	4090	-0,084043109071616648	4090	119,99810109549725	4090	-0,312214154518727
4100	-0,030619929511801588	4100	-0,080754744620029864	4100	120,00019619383482	4100	-0,42358574212873296
4110	-0,034867400088437958	4110	-0,093818939257089909	4110	119,99716434913481	4110	0,31309975561902825
4120	-0,03443610082378655	4120	-0,084931683477336192	4120	119,99549558809133	4120	-0,67600613357498784
4130	-0,024029165178417512	4130	-0,080779678952247774	4130	120,00166916228902	4130	0,63561183603544635
4140	-0,027545401880714419	4140	-0,078378707333634	4140	120,00081376237679	4140	-0,57965133921090772
4150	-0,025823248140851573	4150	-0,0860266520157921	4150	119,99970760467211	4150	-0,37579839152009786
4160	-0,050131667574789388	4160	-0,075787538186770781	4160	120,00227700214482	4160	0,38960703522819973
4170	-0,022177700675139973	4170	-0,082614178926948459	4170	119,99921977919134	4170	-0,51900210803344249
4180	-0,023162734158796324	4180	-0,075227831590468586	4180	120,00204362341418	4180	0,24650633348487527
4190	-0,039331925067830571	4190	-0,087381890021034608	4190	119,99799511211802	4190	-0,58448864510049381
4200	-0,03738972817587876	4200	-0,0760166808934989	4200	120,00199880216496	4200	-0,26104124639734738
4210	-0,040220045954669055	4210	-0,08433126733784882	4210	120,00011247985428	4210	0,33739349378756955
4220	-0,050087552295297724	4220	-0,081908281409557485	4220	119,99739686579143	4220	-0,64119499420599335
4230	-0,040118579515008773	4230	-0,082083395025777217	4230	120,00179834171821	4230	0,17651952977183488
4240	-0,027440554933629135	4240	-0,085803190806694615	4240	119,9971635342072	4240	-0,79312970061898325
4250	-0,049946299740951425	4250	-0,0819538302287428	4250	119,99851192496156	4250	-0,31900136602940554
4260	-0,041418008531605495	4260	-0,083415398868215931	4260	120,00035158383317	4260	0,55301026976522083
4270	-0,047613049541558324	4270	-0,082652608061830321	4270	119,99835250241087	4270	-0,38651077882843843
4280	-0,020402280667958333	4280	-0,091712891120449072	4280	120,0002912088915	4280	-0,83604903457961277
4290	-0,034889923362972163	4290	-0,086872434211585636	4290	119,99901174703682	4290	-0,41822156471500105
4300	-0,012476318463895622	4300	-0,074764060662563983	4300	119,99898436303974	4300	-0,20894175508233714
4310	-0,027482161392602057	4310	-0,078419274374100748	4310	120,00113265237289	4310	-0,12361232753340107
4320	-0,022898840610596109	4320	-0,094825348935519346	4320	119,99773980531309	4320	-1,1578708848008508
4330	-0,021122257121216022	4330	-0,0705896095052913	4330	120,00242727806463	4330	0,33101872732742
4340	-0,040073820979130516	4340	-0,081849944997390581	4340	120,00014593698253	4340	-0,23220503701417791
4350	-0,040823481297353616	4350	-0,080536598049305047	4350	120,00110434248694	4350	-0,32527420379714372
4360	-0,036601383916183346	4360	-0,074719149845780347	4360	120,00568745499902	4360	1,0152974795455
4370	-0,047798308873412722	4370	-0,068407655918394358	4370	120,0008287110746	4370	0,39710568111934874
4380	-0,037549917486467445	4380	-0,081084897638316972	4380	120,00103035939168	4380	-0,0426681007949502
4390	-0,037310389905621771	4390	-0,090515694144457412	4390	119,9956810905213	4390	-0,785980305740101
4400	-0,022870675046689323	4400	-0,079286721894340828	4400	119,99735035890055	4400	-0,693963193736485
4410	-0,029769936789628085	4410	-0,083442780386262017	4410	119,9988276110961	4410	0,761487489470969
4420	-0,038428005690584556	4420	-0,085192904722446852	4420	119,99676986775059	4420	0,054594980636231139
4430	-0,034850452817828004	4430	-0,080431620284836941	4430	119,99996463439038	4430	0,043546268262925625
4440	-0,039449738469878828	4440	-0,090782696282284941	4440	119,99753303055918	4440	0,54343006394765259
4450	-0,033969590360027245	4450	-0,081637222347887881	4450	120,00118775097862	4450	1,0879700952080653
4460	-0,032592093501904874	4460	-0,092098385058199825	4460	119,99840939257082	4460	0,10381455585510051
4470	-0,045959643769233033	4470	-0,065278786867271454	4470	120,00416291744226	4470	0,90721609496693378
4480	-0,051023095140829582	4480	-0,081674421722244539	4480	120,00119754019399	4480	-0,60327083876030874
4490	-0,037903704453975631	4490	-0,077239782816545116	4490	120,00301942810414	4490	0,17795934744581277
4500	-0,035801622249974234	4500	-0,0687274416182507	4500	120,00325265095604	4500	0,57038691289503607
4510	-0,036764673988504637	4510	-0,070983135411060341	4510	120,00438333900215	4510	1,034940130663035
4520	-0,045461505583626861	4520	-0,0797469232813509	4520	119,99859931590859	4520	-0,79612265434515306
4530	-0,019439949494460065	4530	-0,088066502811245687	4530	119,99956042863748	4530	-0,48723408555967768
4540	-0,016945581930407776	4540	-0,087235006610236532	4540	119,99525433084725	4540	0,29121734247290854
4550	-0,030070858982458589	4550	-0,0995379947317504	4550	119,99780985204922	4550	-0,26493066511494884
4560	-0,024515864578183614	4560	-0,084929045527664893	4560	120,00096700913652	4560	0,853193056461113
4570	-0,0455773679653663	4570	-0,0937692228728168	4570	119,99739323649762	4570	-0,61932807805931622
4580	-0,022878686588457646	4580	-0,088638963588502775	4580	119,9991460078284	4580	-0,90600423530548579
4590	-0,040431520311999258	4590	-0,075023551418319817	4590	120,00043233639123	4590	0,84373929568992534
4600	-0,0408433853684497	4600	-0,089782223595184812	4600	119,99953887069252	4600	-0,89547458953385539
4610	-0,031889542689098833	4610	-0,071471593299930941	4610	120,00202180877365	4610	0,44475782224970806
4620	-0,029234979049538073	4620	-0,092364584741701547	4620	119,99889583989605	4620	0,27271150073436068
4630	-0,040938867061420019	4630	-0,071838269197424948	4630	120,00448323763756	4630	0,10725023255570287
4640	-0,036148331213724086	4640	-0,074496175406501858	4640	120,0009444688031	4640	0,38035114058215325
4650	-0,045614755311696939	4650	-0,085950883555131627	4650	119,99780629765687	4650	-0,88443700218508814
4660	-0,017971215447980311	4660	-0,096518356252535173	4660	119,99439137667807	4660	-1,8363287083683229
4670	-0,033411418854063617	4670	-0,07974037769330132	4670	119,99898357007015	4670	0,21702649225289661
4680	-0,031714754539903856	4680	-0,078928826046830811	4680	120,00247888900775	4680	0,42839661541210311
4690	-0,039506781437043718	4690	-0,088621813724613169	4690	119,99881304555771	4690	-0,11882659112850486
4700	-0,029186205595694143	4700	-0,059586550702838664	4700	120,00368549715816	4700	1,1419574934621615
4710	-0,035414443224982356	4710	-0,095786441706686654	4710	119,99862835136273	4710	-0,012718953934318322
4720	-0,037159725466299226	4720	-0,076802587308676312	4720	119,99979857521635	4720	-0,45501067787179184
4730	-0,038304799093445044	4730	-0,07420750866466487	4730	120,00282498387539	4730	1,6741376045127181
4740	-0,041720859950703564	4740	-0,0907784026478661	4740	119,99997124090444	4740	0,28835233542331223
4750	-0,049062201170618186	4750	-0,0816844301980012	4750	119,99936394261138	4750	-0,19607269258148924
4760	-0,035678235623319079	4760	-0,069603313751904344	4760	120,00072216435663	4760	0,15206548678043191
4770	-0,041056671403843378	4770	-0,081123867304699754	4770	119,99876743140169	4770	0,32466882975602041
4780	-0,035737255189306316	4780	-0,086651031032894774	4780	119,99999133450628	4780	-0,711042911580922
4790	-0,043462564066496207	4790	-0,082050260823269813	4790	119,99949911212242	4790	0,51802524993225907
4800	-0,029281291203171408	4800	-0,084673619363340932	4800	119,99775366827002	4800	-1,0173337900559711
4810	-0,039290214921090617	4810	-0,074100020447927725	4810	120,00186051513872	4810	0,22486275323749033
4820	-0,042641507444482959	4820	-0,088461807448227223	4820	119,99801151239767	4820	-0,77806474288987582
4830	-0,028161256132873329	4830	-0,087893365316677463	4830	119,99804459893521	4830	-1,0767112668486796
4840	-0,030952271328174165	4840	-0,088477474278505122	4840	119,99865421630092	4840	0,17372641859608839
4850	-0,031265300786647313	4850	-0,092879893449515166	4850	119,99851315535165	4850	-0,003020922104396806
4860	-0,046756163304038381	4860	-0,076730473709977487	4860	120,00108310319847	4860	-0,43147203336967949
4870	-0,031874101685661287	4870	-0,0732051699821638	4870	120,00070260485997	4870	-0,39687886894887886
4880	-0,0313760893354265	4880	-0,0746805091528493	4880	120,00296663369035	4880	0,58372595551620332
4890	-0,035086900278791959	4890	-0,071973970393349157	4890	120,00183036316071	4890	0,88056400169266125
4900	-0,036302360606161953	4900	-0,07719521511699716	4900	119,99789418312359	4900	-1,1781651131869044
4910	-0,047093596487137561	4910	-0,067379260446790823	4910	120,00392808803666	4910	1,4823577997724804
4920	-0,030643564282886823	4920	-0,086432956549696613	4920	119,99968937927959	4920	-0,044451666715706495
4930	-0,023180894827097481	4930	-0,0833682514234839	4930	119,99955882667879	4930	-0,27584446988748768
4940	-0,02921490941048422	4940	-0,0905042460415606	4940	119,99755177228975	4940	-0,026364168614660288
4950	-0,036790732496165268	4950	-0,076868596725631844	4950	120,00041524379266	4950	0,13869702312691423
4960	-0,030937987224604235	4960	-0,0804541698780101	4960	120,00175800199166	4960	0,711390057154368
4970	-0,036213856064035349	4970	-0,085569935431803981	4970	119,99680977963509	4970	0,792849162669771
4980	-0,031395252817965465	4980	-0,087944576264353452	4980	119,99808544618456	4980	-0,34118711856748429
4990	-0,036078148816579905	4990	-0,0713134883206748	4990	120,00146804343169	4990	1,082048408924138
5000	-0,022421681499877284	5000	-0,0656937585350303	5000	120,00237391529068	5000	0,14972241319418883
5010	-0,057192620541258128	5010	-0,071591834758421138	5010	120,00436152447036	5010	1,6977466866457482
5020	-0,043868089778574273	5020	-0,0820217739852955	5020	119,99899945339445	5020	-0,90625601271353073
5030	-0,039949886321120745	5030	-0,0752827179558692	5030	120,00279263942689	5030	-0,35686622587046096
5040	-0,0308180027532676	5040	-0,070494259028254042	5040	120,00153476364929	5040	0,88686880995692041
5050	-0,040860106190088792	5050	-0,091506623354427233	5050	119,99892786207352	5050	-0,11669423035134502
5060	-0,042709336575393539	5060	-0,073805709472667722	5060	120,00065240846703	5060	0,60704778836587348
5070	-0,024910298808215957	5070	-0,086105199031708379	5070	119,99719293714499	5070	-0,75984672529780106
5080	-0,029246522583171373	5080	-0,075397472241190838	5080	120,00037089532817	5080	0,25752301988388293
5090	-0,034224446479101146	5090	-0,088525904101996775	5090	119,99885474097393	5090	-0,24444128830269002
5100	-0,030394728727726313	5100	-0,077778383184265942	5100	120,00092085393133	5100	-0,34721256054748717
5110	-0,023089838673611841	5110	-0,099871131880905351	5110	119,99767093777876	5110	-1,84415588348197
5120	-0,046991082156852923	5120	-0,082225848507465171	5120	120,00225921302318	5120	0,701190068317224
5130	-0,038768769882912439	5130	-0,083901490331397127	5130	120,00037493643042	5130	-0,32453187553892893
5140	-0,041003343302467431	5140	-0,091155472000458121	5140	119,99853948387472	5140	-0,7907298723493128
5150	-0,026941851915976613	5150	-0,0768006950210634	5150	120,00040515458252	5150	-0,92047289066051707
5160	-0,040543623922703872	5160	-0,074966466578651067	5160	120,00044422377789	5160	0,77032845311327147
5170	-0,038893078498006557	5170	-0,083554860878979079	5170	119,99862640459867	5170	0,0450091712186176
5180	-0,035586786274997749	5180	-0,075891938603101519	5180	120,00213793692761	5180	1,262527749073501
5190	-0,028644717791919759	5190	-0,0910403928224123	5190	119,99730253122965	5190	0,20273505478406767
5200	-0,037380083636976119	5200	-0,088587286440220764	5200	119,99800919742818	5200	-0,54056689163918314
5210	-0,031317069643009204	5210	-0,093508439455920217	5210	119,99793268814614	5210	-1,0295670514845328
5220	-0,047915541642602269	5220	-0,081721363862312629	5220	120,00074791593167	5220	0,043318684248291495
5230	-0,045061816131333178	5230	-0,072453266930127644	5230	120,00216172093695	5230	-0,27054585851780732
5240	-0,031677609209101634	5240	-0,082519604443752073	5240	119,99866660258334	5240	0,6725236930031735
5250	-0,027956394184074251	5250	-0,079476635740447513	5250	119,99953019452823	5250	-0,99081746729032338
5260	-0,041436566024296018	5260	-0,071505508359611447	5260	120,00261687677211	5260	0,331676931784601
5270	-0,040971785833069568	5270	-0,094850605199586852	5270	119,99722664066806	5270	-0,53798175722056174
5280	-0,021429905016529621	5280	-0,085391605943639592	5280	120,00105720292132	5280	0,0057451681997129356
5290	-0,032420761945175909	5290	-0,088897137561924772	5290	119,99917798934575	5290	-0,13663441282604388
5300	-0,03513107617940938	5300	-0,078918197216510888	5300	119,99990646596801	5300	-0,14312291878831948
5310	-0,028586869013477897	5310	-0,0847991581153899	5310	120,00035562823844	5310	0,31532524606036194
5320	-0,04300022393153323	5320	-0,087145502977183889	5320	119,99893595028948	5320	-0,75554484814397294
5330	-0,028911077496558753	5330	-0,081150649865709551	5330	120,00197367740661	5330	0,034770645364529784
5340	-0,033814303460712118	5340	-0,081727432406750691	5340	119,99817769244822	5340	0,579115563673664
5350	-0,037071293685375525	5350	-0,083214253308232247	5350	119,99922307307665	5350	-0,68660416158832827
5360	-0,039350489229728738	5360	-0,089722547710537115	5360	119,99773684097738	5360	-0,3120943289934684
5370	-0,013347206241652188	5370	-0,085228423415630153	5370	119,99767111252123	5370	-0,066459342285865558
5380	-0,019746502596458791	5380	-0,10322952602267671	5380	119,99594374030507	5380	-1,5486092900987618
5390	-0,029700056372125489	5390	-0,08983506616264432	5390	119,99836948481706	5390	0,12088250535973777
5400	-0,032367413644286629	5400	-0,0696831821968874	5400	120,00448184615301	5400	1,0384969270210016
5410	-0,042495518135829392	5410	-0,082305546545064917	5410	119,99995702295411	5410	-0,056618561387923122
5420	-0,044521286468247295	5420	-0,078463876561598728	5420	120,00174184630036	5420	-0,35015756437277956
5430	-0,015519541892423768	5430	-0,080637323290367866	5430	120,00053683951059	5430	-0,37803719651566958
5440	-0,026912044908460924	5440	-0,0860557520881623	5440	120,00121179218488	5440	-0,075242285941399811
5450	-0,034808258593606582	5450	-0,077064398924056032	5450	119,99829797315404	5450	-0,28127329097553544
5460	-0,023618698401630292	5460	-0,08333840916854432	5460	120,00043236545859	5460	0,618301057914087
5470	-0,041264073106500446	5470	-0,096962800379418082	5470	119,99475110372509	5470	-1,3598299171272221
5480	-0,023169710310577067	5480	-0,10644417446573203	5480	119,99669234503065	5480	-1,8732626934485275
5490	-0,025956872574141428	5490	-0,092598230158500383	5490	119,99612421304221	5490	-0,4919368500124191
5500	-0,035760828737757086	5500	-0,08946731626417323	5500	119,99895238157669	5500	-0,21207751448431383
5510	-0,022705547398461121	5510	-0,096394495887194176	5510	119,99777825219236	5510	-0,74746980658847173
5520	-0,042386478262164524	5520	-0,071212270601846012	5520	120,00428507693869	5520	0,72521569728590685
5530	-0,050266886906292559	5530	-0,0672813715826561	5530	120,00359050600959	5530	0,67490195082670723
5540	-0,044711919265615276	5540	-0,0806157253671692	5540	120,001416719553	5540	0,14702898150169566
5550	-0,042528225216207589	5550	-0,059375677401492327	5550	120,00560319606289	5550	0,574461277980507
5560	-0,032619317661286444	5560	-0,074621518049073535	5560	120,00103471425754	5560	1,7912875536298931
5570	-0,031589239828865044	5570	-0,092526143215924964	5570	119,99530524945045	5570	-1,6873135121923397
5580	-0,030131286723438611	5580	-0,075274785301946145	5580	120,0008029179607	5580	0,29946494454753109
5590	-0,054633451190916851	5590	-0,067782978037187289	5590	120,00047787635378	5590	0,64259370954617989
5600	-0,041150288536334338	5600	-0,088679214423301983	5600	120,00055822194561	5600	0,19330359977506992
5610	-0,024046464586624659	5610	-0,090879318357271519	5610	120,00000212121759	5610	0,16782844172251771
5620	-0,02999057053840069	5620	-0,079489464524455058	5620	119,99971521350635	5620	-0,37234985555693634
5630	-0,027876565547586385	5630	-0,087773965940838167	5630	119,9989395796588	5630	0,82623446920964361
5640	-0,024073039436858203	5640	-0,084917299325580869	5640	119,99819373214551	5640	0,42368231059353606
5650	-0,038306939575760389	5650	-0,087203657393852857	5650	119,99890269334313	5650	-0,84950352602201118
5660	-0,035309179595894205	5660	-0,07581828237286041	5660	120,00218530370235	5660	0,44143191856811864
5670	-0,050965623141670045	5670	-0,081254913434710918	5670	120,00072003764565	5670	-0,81554586031237286
5680	-0,026889597872621417	5680	-0,081088830926841451	5680	120,00079689174996	5680	-0,20605783074519887
5690	-0,029461456525033049	5690	-0,071863210815866	5690	120,00149453865865	5690	0,57370888870535086
5700	-0,024430293836906439	5700	-0,070567086505691712	5700	120,00328016336499	5700	0,053662803476205181
5710	-0,038091999046647833	5710	-0,081213090626455611	5710	120,00102350030439	5710	1,0951826039268191
5720	-0,02408573702926509	5720	-0,087939517245649162	5720	119,9954288336365	5720	-1,3542248727388222
5730	-0,013633019955100396	5730	-0,088704485252962526	5730	120,00063273397031	5730	0,66156742528094681
5740	-0,033908294004438684	5740	-0,075882226531146554	5740	119,99970725397856	5740	0,33519454003441534
5750	-0,031213983400203586	5750	-0,09513553672886492	5750	119,99644882306974	5750	-0,26511639183600022
5760	-0,046107560155432693	5760	-0,074972073838094844	5760	120,00266769375399	5760	1,3374655503922734
5770	-0,03204384370059081	5770	-0,078145873835472945	5770	119,99921581493696	5770	0,31685459843318831
5780	-0,047122423862788358	5780	-0,076681104981442982	5780	120,00275106933327	5780	1,1006735420187945
5790	-0,027455260224895191	5790	-0,082423847407532544	5790	119,99942905178114	5790	1,0106490230505356
5800	-0,045244974203220018	5800	-0,072132503715907834	5800	120,00233012595928	5800	1,0202536378078793
5810	-0,037886102504891279	5810	-0,080255734132631151	5810	120,00224538436935	5810	0,89191518384561364
5820	-0,04075739348913459	5820	-0,080765857049299422	5820	119,99906834625736	5820	-0,84960613167556431
5830	-0,026546120381196921	5830	-0,072938102494929241	5830	120,0025576323558	5830	0,035598967666284176
5840	-0,039922011431054068	5840	-0,0866069351368428	5840	119,99805572074851	5840	-0,25324418768513135
5850	-0,034261673893591728	5850	-0,083333900806464578	5850	119,99907616319706	5850	-0,95679170810060588
5860	-0,02496828912785147	5860	-0,088659106278709529	5860	119,99951296642382	5860	0,73092180565078557
5870	-0,035687622466041811	5870	-0,078164343770272052	5870	119,99930652390346	5870	0,25000929413129636
5880	-0,032715955134664312	5880	-0,088416990352102029	5880	119,99879756678054	5880	0,37242328959243376
5890	-0,036213409825497096	5890	-0,10103092624639391	5890	119,99524964757161	5890	-0,5050367778786633
5900	-0,023977166024564147	5900	-0,070048180670706228	5900	120,0007376776292	5900	-0,010033035091264242
5910	-0,038383123839445643	5910	-0,076410641065259854	5910	120,00378410953218	5910	0,71480873303014159
5920	-0,028951596131837374	5920	-0,0830681848742771	5920	119,99883334921735	5920	0,19688901196476544
5930	-0,032350802820068955	5930	-0,083902529721070651	5930	119,99928596908256	5930	-0,053088279850198941
5940	-0,038972997577434075	5940	-0,087238160070221157	5940	119,99987413812477	5940	-0,569084391302956
5950	-0,056724451221450596	5950	-0,07901614387037037	5950	120,00078063768427	5950	-0,062437590680911259
5960	-0,042155259401346526	5960	-0,073433657059553084	5960	120,00250453289587	5960	0,21182083587358952
5970	-0,034571346734283949	5970	-0,092245798959610756	5970	119,99676824573021	5970	-0,90998117047132121
5980	-0,034574902790187989	5980	-0,077345359868730881	5980	120,00114179473567	5980	0,1254646760823267
5990	-0,025592821984697037	5990	-0,089811660280284561	5990	119,99681468200912	5990	-0,58521306800321971
6000	-0,037806426301022981	6000	-0,077172051049047952	6000	120,00089930265527	6000	0,01355344810583331
6010	-0,040928602064897894	6010	-0,092646998338308917	6010	119,99774000164645	6010	-0,33676448263072467
6020	-0,040757703848475629	6020	-0,0759315920469227	6020	119,99849599482666	6020	-0,83307377966871654
6030	-0,013830247961170583	6030	-0,083993370290541977	6030	119,99881688266282	6030	-0,6211736547655109
6040	-0,02202852659866213	6040	-0,093281901780266963	6040	119,99721783702813	6040	-0,032563205046727078
6050	-0,024917989632117311	6050	-0,088612981498865137	6050	119,99807442693326	6050	-0,265470476454435
6060	-0,041435328303928244	6060	-0,073306931034089376	6060	120,00360696173181	6060	0,47795882610122331
6070	-0,050260806919734	6070	-0,08139317271215385	6070	120,00015848118133	6070	0,25944844138459788
6080	-0,016528012225464486	6080	-0,081689285783985682	6080	120,00167104605457	6080	0,18156159907504954
6090	-0,031627267013788408	6090	-0,079964600917721618	6090	120,00131440702154	6090	1,2789567588857249
6100	-0,026640177231557365	6100	-0,090457908100156845	6100	119,99837365970996	6100	-0,64887454656870747
6110	-0,035529194685042287	6110	-0,084268864633437121	6110	120,00039495760377	6110	0,34748993804053147
6120	-0,038191492004313744	6120	-0,060368355855517121	6120	120,00410942742661	6120	0,70482073156915837
6130	-0,041985747256005714	6130	-0,096295454841543449	6130	119,99814114468273	6130	-1,572130252850634
6140	-0,039418278476518263	6140	-0,0703117921770897	6140	120,00245278663225	6140	0,35542405129935911
6150	-0,04287235426299426	6150	-0,0808079611966142	6150	120,00031477221147	6150	0,26120371430370459
6160	-0,038608776693602034	6160	-0,08302536701938687	6160	120,00088427158218	6160	0,68745367241096977
6170	-0,049254642832272592	6170	-0,0756819916953155	6170	119,99819078780627	6170	0,16440062808543571
6180	-0,022861051110496272	6180	-0,082231097206563353	6180	120,0004586745309	6180	-0,11620946105296037
6190	-0,0399085588606956	6190	-0,077341399672032962	6190	120,00108241736156	6190	-0,765908167306688
6200	-0,036744435738322812	6200	-0,069033174769961569	6200	120,00026529902745	6200	1,0351909589820645
6210	-0,028382542464761622	6210	-0,10177408412734185	6210	119,99681840245549	6210	-0,98837039439096619
6220	-0,028784169191163438	6220	-0,096899651147511617	6220	119,99757356616429	6220	-1,1832627537286347
6230	-0,036498714811410211	6230	-0,066461566049643844	6230	120,0050922327071	6230	1,8586040350605197
6240	-0,029671082554750226	6240	-0,087691226172207787	6240	119,99898463393097	6240	-0,32526536400210865
6250	-0,040890402713048515	6250	-0,084357193697395139	6250	119,99991271855788	6250	-0,48336902880189025
6260	-0,043482812958195879	6260	-0,086608794886421162	6260	119,99762470148355	6260	0,54750545686499585
6270	-0,050425096142497891	6270	-0,0961787174256694	6270	119,9963938444571	6270	-1,2101523301760506
6280	-0,036191740647426217	6280	-0,059584762281239025	6280	120,00616009321797	6280	1,83704515587189
6290	-0,023696427630349664	6290	-0,085808188902871285	6290	119,998005128429	6290	-0,66064256065943061
6300	-0,0339639009765724	6300	-0,088563739078424838	6300	120,0000068061634	6300	-0,62527250989904648
6310	-0,027073488710871531	6310	-0,066460686488552162	6310	120,00199222923828	6310	0,67050094401521421
6320	-0,036012031733290158	6320	-0,082115145686523033	6320	120,00046115735181	6320	-0,99227740051349755
6330	-0,017659993424540721	6330	-0,088046246782056942	6330	120,00085899000167	6330	-0,20756298907794951
6340	-0,030875737123878786	6340	-0,076039209065313709	6340	120,00132418223126	6340	0,20765074335288564
6350	-0,043859366290699406	6350	-0,088351650258597841	6350	119,99888433312523	6350	0,029658284834108616
6360	-0,033191264351838549	6360	-0,09101382345961842	6360	119,99770548374285	6360	-0,94750250086081678
6370	-0,048639538959295396	6370	-0,086079145589886288	6370	119,99711216819721	6370	-0,68600348179205639
6380	-0,035864269574440791	6380	-0,076259255928640454	6380	120,00236328300683	6380	0,29657221983716592
6390	-0,029192775579066986	6390	-0,0843119982345189	6390	119,99882463640768	6390	0,0018227011925445735
6400	-0,04045696528769429	6400	-0,079568843102560918	6400	120,00121882068798	6400	0,94533070146235276
6410	-0,04086737693694599	6410	-0,079210106430240457	6410	120,0006491493702	6410	0,80152826320770909
6420	-0,048293052877662584	6420	-0,090555098419536489	6420	119,99706034862408	6420	-0,92556531396217545
6430	-0,039745655031732323	6430	-0,082670348526615339	6430	120,00143998350524	6430	1,2046575292847968
6440	-0,031709999718661834	6440	-0,0716908213576495	6440	120,00203021036226	6440	0,7784746985000508
6450	-0,036486556387442783	6450	-0,066483104578214963	6450	120,00301068282609	6450	-0,76385322018544288
6460	-0,025409881345671338	6460	-0,08783549825155168	6460	120,00073692891408	6460	-0,085018648061615132
6470	-0,023974629442882405	6470	-0,080045073285977708	6470	119,99973883963993	6470	-1,3686068721686115
6480	-0,032135570332654642	6480	-0,08007390788142095	6480	120,00338243216126	6480	0,67356167050631877
6490	-0,043730989448839831	6490	-0,086503984250054455	6490	119,99720440897342	6490	0,33963436045965151
6500	-0,035545563304233384	6500	-0,074212846470610161	6500	119,99944886410567	6500	-0,0090217931230790471
6510	-0,017817301836706937	6510	-0,089646444341783288	6510	120,00036194113774	6510	0,28040421607827903
6520	-0,052310383245109365	6520	-0,084219646757760225	6520	119,99956711761789	6520	0,023846885497181808
6530	-0,030580759015491812	6530	-0,083813468438645608	6530	120,00157254489314	6530	0,4489750861459918
6540	-0,049425512790455962	6540	-0,078130781699977642	6540	119,99957294563131	6540	-0,23914557949879339
6550	-0,044363251212053971	6550	-0,09118152848132749	6550	119,99808903462049	6550	-0,34153043186198367
6560	-0,042626121371081828	6560	-0,084153416830245853	6560	120,00008676075522	6560	0,78912687224753
6570	-0,034451817364243485	6570	-0,094976873422723651	6570	119,99472207145759	6570	-1,6554957058794062
6580	-0,034646449865661656	6580	-0,067809305743433662	6580	120,00364400597212	6580	1,5216310918972105
6590	-0,040296780770378078	6590	-0,0764039616509809	6590	120,00122020158105	6590	-0,22572813916545884
6600	-0,0392095531334746	6600	-0,073675812668150778	6600	120,00214136719266	6600	-0,78404253582274874
6610	-0,036894506955028356	6610	-0,085858283483127532	6610	120,00004050004498	6610	0,84230650854393763
6620	-0,035439246925778115	6620	-0,086863342371072363	6620	119,99933849260249	6620	-0,5603602098203464
6630	-0,021506488204693707	6630	-0,086458942626486165	6630	120,00077523493239	6630	0,15123603275807887
6640	-0,015981478714479913	6640	-0,074866649241875916	6640	119,99913261917236	6640	-0,049501797715997387
6650	-0,03859034423442164	6650	-0,087889781209586557	6650	119,99674615740632	6650	-0,71347495739910427
6660	-0,034076432320071126	6660	-0,0848254525252581	6660	119,99937489899273	6660	-0,290066367400628
6670	-0,029928395662932754	6670	-0,0965510370822531	6670	119,99775292291848	6670	-1,1373231061394511
6680	-0,0195118017975736	6680	-0,094292800940808691	6680	119,99741521425133	6680	-0,45813352722259015
6690	-0,060092063728549278	6690	-0,07980119483691174	6690	120,00187299320358	6690	0,34608257408458221
6700	-0,030056698693772435	6700	-0,069107776968637166	6700	120,00334038058411	6700	0,975383081789684
6710	-0,03106791463361443	6710	-0,073887874487382557	6710	120,00092303528162	6710	0,20971318542497858
6720	-0,025412056911967618	6720	-0,081064981959510229	6720	119,99686641734087	6720	-0,93380784792611526
6730	-0,037282776107502406	6730	-0,08043746686643885	6730	120,00121497781903	6730	1,1825285336497033
6740	-0,032610751429414914	6740	-0,087931508713182366	6740	119,99828129110723	6740	-0,021604666458296597
6750	-0,032745368857342409	6750	-0,08669285483648359	6750	119,99893531980278	6750	-0,75777595705696765
6760	-0,038386927774469858	6760	-0,087518760953002137	6760	119,99996448589336	6760	0,64015476337709143
6770	-0,038226630969372316	6770	-0,075518627232286334	6770	120,00096575774973	6770	-0,16363119080018218
6780	-0,0317742651942146	6780	-0,07890256943984722	6780	120,00068354293715	6780	0,0494328231537908
6790	-0,0361194618419921	6790	-0,092261658798436119	6790	119,99818022151531	6790	-0,90099223786298976
6800	-0,029314421760200372	6800	-0,08167241655199442	6800	119,99992074343963	6800	-0,3171096840431325
6810	-0,030929111443017437	6810	-0,082627246950528838	6810	120,00089924877192	6810	-0,05831807638054004
6820	-0,031463134106753769	6820	-0,076031004819629516	6820	120,00151842809265	6820	0,23900201988165379
6830	-0,042588318839360505	6830	-0,0843269797463954	6830	120,00074763216851	6830	-0,33091973835881283
6840	-0,036127120499701931	6840	-0,079696235231369983	6840	119,99839441686551	6840	0,6217134051430534
6850	-0,035951966764163644	6850	-0,073269478875942415	6850	120,00122242126734	6850	0,73762529768127971
6860	-0,034513052938203587	6860	-0,081119187141204571	6860	120,00036310839992	6860	0,055015685422654413
6870	-0,049005663259779376	6870	-0,081318504606121236	6870	119,99857912749489	6870	0,21749755464764792
6880	-0,032598948352413663	6880	-0,077560178930026133	6880	120,00201269030579	6880	-0,29503586873322912
6890	-0,027930526435704255	6890	-0,082441180375347381	6890	120,00135613520325	6890	0,98958765203858323
6900	-0,038809777296221752	6900	-0,077698069600018307	6900	120,00124336935105	6900	-0,7236333056712263
6910	-0,03312152309237177	6910	-0,078131087585680034	6910	119,99963885395871	6910	1,0276194479158831
6920	-0,049574111464986692	6920	-0,0836267543523813	6920	119,99866571864109	6920	-0,040060272376482353
6930	-0,041324513135663786	6930	-0,072481499739444233	6930	120,00285952192351	6930	1,1450319486702789
6940	-0,024607786273418791	6940	-0,098314293912233564	6940	119,99391600695226	6940	-0,81586990965504624
6950	-0,03231314539579766	6950	-0,09090394927526825	6950	119,99956580097064	6950	0,11462395707800879
6960	-0,043813652389098574	6960	-0,058218945816849568	6960	120,005309669189	6960	1,3645256352344086
6970	-0,035494408889902053	6970	-0,085413851170406549	6970	119,999051876205	6970	-0,250635948602804
6980	-0,043393854544373556	6980	-0,062193701756600453	6980	120,00682759697311	6980	1,1790163807304102
6990	-0,040474968724206438	6990	-0,087709969928226	6990	119,99810848788759	6990	-0,39608462137024147
7000	-0,033100828362755519	7000	-0,09112614100503183	7000	119,99886984452115	7000	-0,6413404908258
7010	-0,022577862932894453	7010	-0,075218418797113	7010	120,00097005035765	7010	0,513238666326186
7020	-0,02872824086865065	7020	-0,088865700650165774	7020	119,99622144973067	7020	-0,420239693399277
7030	-0,028623720312383721	7030	-0,087474371424801425	7030	119,99943434269778	7030	0,17111633167299606
7040	-0,033048034307524017	7040	-0,081057007659820074	7040	120,00062840313939	7040	0,7078431558854329
7050	-0,020684465817335962	7050	-0,081312892376413773	7050	119,99882818738098	7050	-0,97692244153760854
7060	-0,030316835983422087	7060	-0,085319885175431265	7060	120,00214880163351	7060	1,1546659677298656
7070	-0,048186080403205926	7070	-0,0780088052761717	7070	119,99944863158082	7070	-0,72107915035945436
7080	-0,030346060984957707	7080	-0,065504934099405943	7080	120,00414859780007	7080	1,82719524709033
7090	-0,036027677086536029	7090	-0,083146925448123465	7090	119,99894326989568	7090	-0,38540623867351886
7100	-0,027308588147134556	7100	-0,060060901662574953	7100	120,00467902497675	7100	0,747231083245349
7110	-0,029553152168686987	7110	-0,084969527596920558	7110	119,99965745690764	7110	-0,072862521118473744
7120	-0,03278784570617619	7120	-0,078434516652767142	7120	119,99834334879596	7120	-0,64178930564851
7130	-0,023714165370766149	7130	-0,084548605731526588	7130	120,0005113755805	7130	0,29495652542453676
7140	-0,018627563824439919	7140	-0,081535464544580147	7140	119,99659376977746	7140	-0,75071063122185822
7150	-0,030127697990342376	7150	-0,070369604241239017	7150	120,00218052265484	7150	0,33095596871565236
7160	-0,023818204044668438	7160	-0,0890265954060542	7160	119,99830160622545	7160	0,28861013104905209
7170	-0,040064219594459632	7170	-0,07676191863885426	7170	119,99843310390922	7170	-0,40153252319976984
7180	-0,030479648414600963	7180	-0,082230665909085038	7180	120,00052987808479	7180	-0,20858045361429717
7190	-0,04758623969704328	7190	-0,082531016967832688	7190	120,00085564642853	7190	0,57192635909355927
7200	-0,050914861892337605	7200	-0,0822629618452431	7200	120,0000332321582	7200	-0,5186948376097581
7210	-0,040977335854540053	7210	-0,072060031726057849	7210	120,00287902238944	7210	1,3276668601455621
7220	-0,036192786181505565	7220	-0,080538165359162459	7220	119,99855668534559	7220	-0,88525168314954428
7230	-0,041705086972952568	7230	-0,08950218741154474	7230	120,00135410241299	7230	0,068542891460771915
7240	-0,037604844978280171	7240	-0,0797683754951267	7240	120,00008816241693	7240	0,95290322425697815
7250	-0,02325873897940535	7250	-0,0896143440374607	7250	119,99808178827344	7250	-1,285878478700444
7260	-0,029725027206536612	7260	-0,072662885900530619	7260	120,00356333348833	7260	0,23443119407733681
7270	-0,016712445896985551	7270	-0,085915469987290882	7270	119,99711557885544	7270	-0,38692578898730956
7280	-0,025222184989468488	7280	-0,0839786041123116	7280	120,00053001203554	7280	0,23521514544705813
7290	-0,041755256238147208	7290	-0,079503262941368724	7290	120,00113462251217	7290	0,16934305702339714
7300	-0,03755462977198986	7300	-0,082435806000681913	7300	120,00003746108517	7300	-0,5352273700538307
7310	-0,033299454690467356	7310	-0,082906395287976956	7310	119,99900002381591	7310	0,43450721585325619
7320	-0,032572022026070464	7320	-0,072079817480998	7320	119,99882371645255	7320	-0,62142023828237147
7330	-0,054212002075070036	7330	-0,091665241363367275	7330	119,99928753592195	7330	0,11585003412978789
7340	-0,043287300488715375	7340	-0,077990452702571655	7340	119,99987317977433	7340	-0,0846155530723264
7350	-0,036220803023689789	7350	-0,080201984447442629	7350	120,00193051979557	7350	0,40282390841423649
7360	-0,027878876595490595	7360	-0,075274469942153227	7360	120,00180507571099	7360	0,43124870427617806
7370	-0,026451604847611578	7370	-0,078102070821847322	7370	119,99894415438689	7370	-0,70289409455665
7380	-0,028903040047974726	7380	-0,07662688848776103	7380	120,0026470311053	7380	0,40989163654296457
7390	-0,038930855969231223	7390	-0,084531953675865246	7390	119,99846193061519	7390	-0,401373089346243
7400	-0,028985394911229562	7400	-0,085273639635797011	7400	119,99773604559624	7400	0,014772496216761799
7410	-0,039429138304410895	7410	-0,081432902273518834	7410	120,0004258467561	7410	0,5274602157319872
7420	-0,050713334691692535	7420	-0,083503188743816265	7420	119,99862761297167	7420	-0,18592748048743113
7430	-0,038317330359783679	7430	-0,085046219405159829	7430	120,00089099792837	7430	0,46500646647822486
7440	-0,0347564380731284	7440	-0,088581785006158181	7440	119,99639215919667	7440	-1,270422759989263
7450	-0,028663337900892781	7450	-0,075241878085823333	7450	120,00286698048875	7450	-0,049453681859609439
7460	-0,034129187771254822	7460	-0,0887240861765655	7460	120,00139834466137	7460	0,16375071530732221
7470	-0,03766406355091538	7470	-0,080784804956057207	7470	119,9991058629399	7470	-0,4586492881674063
7480	-0,040526386562729715	7480	-0,08548529631957151	7480	120,00027348304022	7480	0,26768833085955845
7490	-0,041932817910036814	7490	-0,078902823105832937	7490	120,00007404339138	7490	0,35395957102887277
7500	-0,033881738155737744	7500	-0,076213601469782385	7500	120,00170504267419	7500	-0,037889764581288177
7510	-0,022285988018785088	7510	-0,088828157421130149	7510	119,99930427206705	7510	-0,22290601585334569
7520	-0,049930024001291665	7520	-0,083298586120370957	7520	120,00099175630638	7520	-0,84883808377706249
7530	-0,040749029842733618	7530	-0,0677982215668906	7530	120,00238935346647	7530	1,4113779252763123
7540	-0,034520100435555659	7540	-0,08355042154705801	7540	119,99863482041333	7540	0,42063471157596938
7550	-0,031658306594279421	7550	-0,079169391332413616	7550	119,99867083208622	7550	0,80846291512178547
7560	-0,032340630700465889	7560	-0,082667388807156086	7560	120,00088805001472	7560	1,6738028048280649
7570	-0,0397416444281112	7570	-0,088349431113489571	7570	119,99727085018057	7570	0,017585447414842914
7580	-0,036897248073503967	7580	-0,074215739827796431	7580	120,00205325872001	7580	0,66192575245007246
7590	-0,032945818878323818	7590	-0,076915100131290631	7590	120,00203102353763	7590	0,43266729290751688
7600	-0,031726116672517915	7600	-0,08585997067851478	7600	120,00129689376557	7600	-0,75066775224678683
7610	-0,032591036884938078	7610	-0,080776861318867271	7610	120,00099508050917	7610	-0,53762501511398231
7620	-0,035039249988700664	7620	-0,098841829912820131	7620	119,99687090325325	7620	-1,4355510036684163
7630	-0,037644718783432604	7630	-0,079796037420372376	7630	120,00014753570362	7630	0,22415136145243914
7640	-0,044857398822381031	7640	-0,068204334887895873	7640	120,00199928705239	7640	0,49955985156087523
7650	-0,026858319356674553	7650	-0,074964472444607536	7650	120,00156134771383	7650	0,51968063860088631
7660	-0,037896709078162928	7660	-0,086479172309821023	7660	120,00013670918656	7660	1,3281432692554529
7670	-0,04571258742348331	7670	-0,09825535679431241	7670	119,99526903317492	7670	-1,0680756285827191
7680	-0,040821002832806604	7680	-0,077000951967454753	7680	120,00237126930044	7680	0,66286381456394128
7690	-0,038947457431247549	7690	-0,079238078027287329	7690	120,00042542061249	7690	0,44033682291303877
7700	-0,031037621585676665	7700	-0,0800235082196026	7700	119,99897389732277	7700	-0,0046773078973348092
7710	-0,030429471669746012	7710	-0,10221022347541504	7710	119,99758131790139	7710	-0,28440876458265524
7720	-0,038558088619383833	7720	-0,080344729949187663	7720	119,99892777655113	7720	-0,27188868529124993
7730	-0,04752350177037843	7730	-0,07498836521467761	7730	120,00219055407248	7730	1,0709252463595078
7740	-0,045032131946452565	7740	-0,081739169378873613	7740	119,99817587111022	7740	-0,16786359407071028
7750	-0,031201867298372082	7750	-0,0696264599460931	7750	120,00289060052184	7750	-0,60142751850394494
7760	-0,029392386868312637	7760	-0,079948078026484085	7760	120,0007806783873	7760	-0,64651919140094971
7770	-0,036356024524713607	7770	-0,07888816884502739	7770	120,00092444037355	7770	-0,057278683711571243
7780	-0,023979755506649752	7780	-0,0880380308200157	7780	120,00087742520817	7780	-0,12471091242724862
7790	-0,037092650909950016	7790	-0,0891805357274323	7790	119,99783883797791	7790	0,39891073017675349
7800	-0,028035850938373776	7800	-0,083254323172647082	7800	120,00053399595682	7800	-0,078743303436395518
7810	-0,042164525276613921	7810	-0,084959266405834538	7810	119,99869623361145	7810	-0,29303059309767371
7820	-0,033799301706410254	7820	-0,080102692605432	7820	120,00022350537968	7820	-0,72861453281259236
7830	-0,018271724411729848	7830	-0,080345792350264275	7830	120,00186942971939	7830	0,70283589699201177
7840	-0,039395995317277346	7840	-0,09165167078067972	7840	119,99756629360651	7840	0,62632582472625187
7850	-0,03777274161368363	7850	-0,079717913204123428	7850	120,00030853336152	7850	-0,20820130405615311
7860	-0,0248895734104917	7860	-0,080184369995756691	7860	119,999274920274	7860	0,639483106166237
7870	-0,035902904242105661	7870	-0,0768692422370343	7870	120,00061675789057	7870	-0,59929746916631776
7880	-0,040963064626134776	7880	-0,074227628062495055	7880	120,00332150501563	7880	-0,21751372772632421
7890	-0,048979899238339349	7890	-0,094895088571109884	7890	119,99748659939959	7890	-0,20429304242845792
7900	-0,026006867765098831	7900	-0,0849222938290457	7900	119,99813799096442	7900	-0,97455108012493263
7910	-0,027558483216731038	7910	-0,086762742170865256	7910	119,999904084868	7910	0,43770296227081096
7920	-0,023849522622747126	7920	-0,095722380913003474	7920	119,9955869050459	7920	-1,1766885712799613
7930	-0,030976701878681255	7930	-0,0825334847635947	7930	120,00110312943549	7930	-1,243032426325567
7940	-0,032216788693383049	7940	-0,089190801164044584	7940	119,99908382172607	7940	-0,28679147281852324
7950	-0,040901297714177234	7950	-0,075442419161859356	7950	120,00286470955813	7950	0,59392384134216314
7960	-0,048906847216402767	7960	-0,077635468076899014	7960	120,00029864054491	7960	1,0082389201594308
7970	-0,0331555759335259	7970	-0,073376673703891018	7970	120,00176778338826	7970	0,20614884842903536
7980	-0,0247906658047985	7980	-0,0896325727288813	7980	120,00019483946279	7980	-0,10769877471618788
7990	-0,028962863314873213	7990	-0,084623881472889739	7990	119,9994728346317	7990	-0,17360778595829698
8000	-0,032495681887697171	8000	-0,07682688555919856	8000	120,00247669879884	8000	0,43082519798157426
8010	-0,031353130927863904	8010	-0,087266142239757358	8010	119,99642262212153	8010	-0,92563517730149258
8020	-0,038956397839504685	8020	-0,087876986718417191	8020	119,99652308540723	8020	-0,35286355931848062
8030	-0,03426739023025472	8030	-0,079168087450029692	8030	120,00192846231538	8030	-0,37021295467269605
8040	-0,043945851385519104	8040	-0,078621663539748254	8040	119,99899675184146	8040	0,3065201024879855
8050	-0,025445810182330809	8050	-0,078708889240901331	8050	119,99896552505378	8050	-0,53437586983955421
8060	-0,019853371870885494	8060	-0,091714300156059678	8060	119,9976098703514	8060	-0,5741422521502515
8070	-0,048371576493617154	8070	-0,072290627355408033	8070	120,00321875630714	8070	0,886953611213935
8080	-0,018663602634810379	8080	-0,08226436846957623	8080	119,99915667333761	8080	0,2143425064927062
8090	-0,041863183064879766	8090	-0,072143297455201122	8090	120,00115544610455	8090	0,72661433654852747
8100	-0,032026167365866741	8100	-0,085215550301310283	8100	119,99989759895466	8100	-0,31640609806392828
8110	-0,0250306782471924	8110	-0,07743559257046409	8110	120,00096181042203	8110	0,45054958041092941
8120	-0,035680808022981181	8120	-0,075563336198808048	8120	120,00108708699226	8120	-0,0896132188157241
8130	-0,020851399764025211	8130	-0,091771957141055321	8130	119,99953845936409	8130	-1,0884487579544997
8140	-0,023699629825547425	8140	-0,076184469413141165	8140	119,99998897498308	8140	0,29345135173684123
8150	-0,0491332772749452	8150	-0,082745299846358367	8150	120,00167232881371	8150	-0,4785513727944658
8160	-0,031813515232403	8160	-0,080816767282597693	8160	120,00053677876913	8160	0,88834423832448217
8170	-0,039999116053624717	8170	-0,088589913386805885	8170	119,99668970278256	8170	-0,86160446865053475
8180	-0,027019844225329014	8180	-0,086130520305150379	8180	120,00027591380007	8180	0,61411650423471809
8190	-0,028975218134300013	8190	-0,085341199893455649	8190	119,99936141453418	8190	0,42254630436830576
8200	-0,033324353953457723	8200	-0,065948648979059069	8200	120,00415503797608	8200	0,40274147043593361
8210	-0,034175131723160612	8210	-0,086746490816388841	8210	119,99894236288932	8210	-0,67972709680719123
8220	-0,027642384247568697	8220	-0,095881589466970729	8220	119,99422844466602	8220	-1,5394605863575679
8230	-0,037746156087936515	8230	-0,083235047883128674	8230	120,00169924026157	8230	1,3973152182525594
8240	-0,048044151530691581	8240	-0,082295238599251114	8240	119,99970207797323	8240	-0,194418934812635
8250	-0,033828303173981979	8250	-0,078262295416677466	8250	120,0000973769728	8250	0,28233693114241365
8260	-0,0313821849443316	8260	-0,090000832784946083	8260	119,99781038371567	8260	-0,70742653948996315
8270	-0,037124629322745351	8270	-0,082146226993856847	8270	119,99899222082074	8270	-1,5147868372717979
8280	-0,0255770504571227	8280	-0,083897254209949867	8280	120,00126902189327	8280	0,12274180089576126
8290	-0,02998412946166772	8290	-0,072437626471978933	8290	120,0017811663339	8290	0,952412132602601
8300	-0,044798274848327324	8300	-0,0712554432178442	8300	120,00202326567845	8300	-0,059208165147942138
8310	-0,02898147518647631	8310	-0,089646913091252209	8310	119,99959759909439	8310	0,44311898522800469
8320	-0,038820995031342065	8320	-0,086460807352361724	8320	119,99838264629149	8320	-0,35845195375278149
8330	-0,0328837981715477	8330	-0,080281244010379282	8330	119,99981883289371	8330	0,72063795786784435
8340	-0,043293700620079645	8340	-0,093284555565865429	8340	119,99536314673946	8340	0,092260729098497751
8350	-0,045840485805440229	8350	-0,10085616791649904	8350	119,99665655150076	8350	-0,86567399709453241
8360	-0,027403985031842864	8360	-0,0928742790018018	8360	119,99762352884352	8360	-0,10139410390235826
8370	-0,039171993089837841	8370	-0,08485646632796634	8370	120,00119548509859	8370	-0,91133173657716748
8380	-0,033870188865100265	8380	-0,080161604157542532	8380	120,00196446391504	8380	-0,26167277675177086
8390	-0,0306933776297101	8390	-0,071962698400837063	8390	120,00163922705987	8390	-0,085845618671426316
8400	-0,03842843781058939	8400	-0,070124120622372277	8400	120,00335396096766	8400	0,08140682316450705
8410	-0,031746855126689552	8410	-0,0856916968871236	8410	120,00054502378777	8410	0,28248962714429826
8420	-0,04185971378410374	8420	-0,068913234644661245	8420	120,00217118396272	8420	0,43111444890025991
8430	-0,040358508785448451	8430	-0,067045800631071975	8430	120,00600142824402	8430	1,1532323194998779
8440	-0,038672930595932346	8440	-0,079222409568154364	8440	120,00049951215978	8440	0,47427435298856724
8450	-0,032256297108722777	8450	-0,081838779461922681	8450	119,99842348689116	8450	0,19860217420173523
8460	-0,032418605314288154	8460	-0,085419575084254615	8460	119,9978252212738	8460	0,64933460503491891
8470	-0,020254723768522446	8470	-0,094780722501575473	8470	119,99588093438547	8470	-0,02575252039020795
8480	-0,020372963550624821	8480	-0,083203644907451843	8480	119,99969407022651	8480	0,42648306175983186
8490	-0,029973675527477886	8490	-0,093198255087830251	8490	119,99741626029619	8490	0,15193797504553219
8500	-0,028888550563196953	8500	-0,088648631932667227	8500	119,99857807755188	8500	-0,93692601259685426
8510	-0,032209717621562196	8510	-0,081942593070251118	8510	120,00150850494498	8510	0,40019915382795729
8520	-0,053594288880186441	8520	-0,0792537273334374	8520	120,00180287907742	8520	0,37764327870798764
8530	-0,043940755200738271	8530	-0,06786610802917821	8530	120,00419851543157	8530	0,73221049183610709
8540	-0,034370172263092066	8540	-0,0750383979005834	8540	120,00290542508083	8540	0,70973406991651067
8550	-0,03239936064407533	8550	-0,075117930830265175	8550	120,00032303602565	8550	-0,13455646785919262
8560	-0,035244108989182787	8560	-0,080092647020418684	8560	120,00072697170735	8560	0,66231027823907906
8570	-0,040413911839575621	8570	-0,068313356891826119	8570	120,0010975841958	8570	0,17513645751835594
8580	-0,033353761641137271	8580	-0,083255908541480669	8580	120,00122369823224	8580	0,38042007339606132
8590	-0,031523204458919429	8590	-0,081833695805462348	8590	119,99925327798307	8590	0,47365317431323595
8600	-0,0284545214435407	8600	-0,088374657309657059	8600	119,99836675776419	8600	-0,42523708212959227
8610	-0,026479233676080426	8610	-0,098319469524579886	8610	119,99512687157602	8610	-0,24503431681751808
8620	-0,015473120140710032	8620	-0,0881729099338676	8620	119,99866663826603	8620	-0,587612748144656
8630	-0,027844800971185645	8630	-0,075840170753819255	8630	120,00119686014411	8630	0,8735550418627448
8640	-0,029255442168715094	8640	-0,083491301638728019	8640	119,99844058392365	8640	0,30921560267536841
8650	-0,033737689666677	8650	-0,072398057915863165	8650	120,0035200404857	8650	-0,065125359032862817
8660	-0,038282087631729647	8660	-0,085661002796163024	8660	119,99976167487718	8660	-0,090003182946833793
8670	-0,026993893924954094	8670	-0,0714669247670438	8670	120,00101920152973	8670	0,17596519208629619
8680	-0,031604918040055191	8680	-0,080281302069146118	8680	119,99942314958553	8680	0,25320879271411589
8690	-0,023689902570278656	8690	-0,096404807313671514	8690	119,9944312095063	8690	-1,161950591896697
8700	-0,02708068388532069	8700	-0,081659503165600958	8700	120,00228079656144	8700	-0,582368754334301
8710	-0,021917863728804571	8710	-0,083932053445501073	8710	119,99946021511052	8710	0,69076356031008135
8720	-0,03825289881564805	8720	-0,07706086358130261	8720	120,00156761818761	8720	-0,44201545150281851
8730	-0,043086077096324983	8730	-0,075936644354214725	8730	120,00284474828086	8730	1,064453290752885
8740	-0,055157170032813979	8740	-0,067787180338211336	8740	120,00417471095032	8740	1,3449447300893198
8750	-0,02905233615569747	8750	-0,073845166912509169	8750	120,0037795458345	8750	0,61295486535061239
8760	-0,029320990727900179	8760	-0,086657244880211454	8760	119,99808652080829	8760	0,23465022516544754
8770	-0,022942842067439	8770	-0,0946819992768715	8770	119,99680356739016	8770	-1,0527353738662857
8780	-0,023701528704913159	8780	-0,080607532398114981	8780	120,00041392695496	8780	0,71782041086399884
8790	-0,024395604536922837	8790	-0,072675989964204449	8790	119,99913218673567	8790	0,18722270620917522
8800	-0,050449127646071817	8800	-0,0889308049969863	8800	119,99818345075053	8800	-0,57959871426955512
8810	-0,034881875352247488	8810	-0,083575372960652386	8810	119,99993794985315	8810	-0,31496711279188616
8820	-0,026411301613217714	8820	-0,084980182483039832	8820	119,99971981430097	8820	-0,056370960930243519
8830	-0,0263139509535304	8830	-0,07856908207566	8830	120,00228394687935	8830	-0,15303932530886855
8840	-0,02899008890156797	8840	-0,081388929196959017	8840	120,00227580500814	8840	1,408327684036272
8850	-0,037391516375298167	8850	-0,068048125133129453	8850	120,00113681116879	8850	0,41674916706911375
8860	-0,028621045507597032	8860	-0,0869199306263469	8860	120,00058193456344	8860	1,1716334577058385
8870	-0,041197438356186278	8870	-0,073213251156095	8870	120,00105803611083	8870	0,3364468799745115
8880	-0,025260192603166025	8880	-0,0982641244604672	8880	119,99759735219404	8880	-0,35178549999203179
8890	-0,039127863754235583	8890	-0,075590141239625042	8890	119,99940521522784	8890	-0,052949564805394117
8900	-0,039867664584969473	8900	-0,082872651421475027	8900	119,998343285923	8900	-1,0195847594513059
8910	-0,034490363771536907	8910	-0,0725510763404492	8910	120,00434307389497	8910	1,2489190905193379
8920	-0,027648197582298029	8920	-0,065897058753996152	8920	120,00225707555011	8920	0,61246732712191265
8930	-0,0332806350321516	8930	-0,084746622596185678	8930	120,00105143240897	8930	-0,35134904863014149
8940	-0,039354073736672907	8940	-0,072243916686795875	8940	120,00032996769245	8940	-0,17623356638122714
8950	-0,041943733105863426	8950	-0,07400252752290612	8950	120,00117997089612	8950	-0,26900671478935895
8960	-0,030637660304105998	8960	-0,08359877799146552	8960	119,99859087594639	8960	-0,51983976916488828
8970	-0,046743629407614007	8970	-0,076571554468543662	8970	119,99961070016673	8970	0,48483509900174049
8980	-0,042338915511584557	8980	-0,081963615788946675	8980	120,00073547737269	8980	-0,26660549142321477
8990	-0,042653961522675712	8990	-0,08164787784473293	8990	119,99987891381115	8990	0,68762443694114783
9000	-0,021114280376967085	9000	-0,087520558097836335	9000	119,99942471560019	9000	-0,54056739576813329
9010	-0,030239160728448615	9010	-0,080399307870825526	9010	120,00043730333314	9010	0,13438180550208229
9020	-0,04156601688902635	9020	-0,080443763705640173	9020	119,99903432488887	9020	0,11803921668919154
9030	-0,042696853196256462	9030	-0,073100067511317562	9030	120,00379871867874	9030	0,7838879568526711
9040	-0,035344223842909923	9040	-0,082208381206505851	9040	120,00046844363162	9040	-0,1920786930070329
9050	-0,014066607413654444	9050	-0,075328705270174393	9050	120,00047720946087	9050	-0,7310613494553333
9060	-0,0210345707585847	9060	-0,083510440414479456	9060	120,00073245098179	9060	0,25868110307583997
9070	-0,041293425298522771	9070	-0,080897644233512173	9070	119,99996403394287	9070	0,50572992729131427
9080	-0,05222517943074946	9080	-0,075998488715706289	9080	120,00276663513623	9080	-0,16511019039141983
9090	-0,03594427930750764	9090	-0,0860014082802365	9090	119,99814286124193	9090	1,2755941368057568
9100	-0,039677269416581978	9100	-0,083118056399627757	9100	119,99965270388815	9100	-0,088032336650317372
9110	-0,027483367702345902	9110	-0,078518610634772182	9110	120,0027764636225	9110	1,1239298915394309
9120	-0,046990394746923424	9120	-0,077764279681966142	9120	120,00037238769149	9120	0,99733438718083622
9130	-0,023633252230822761	9130	-0,077622955119251769	9130	120,00262145731279	9130	0,098100953807219
9140	-0,054554299113602114	9140	-0,088527639190475321	9140	119,99789564065534	9140	-0,20133750353695273
9150	-0,035874467337830084	9150	-0,087495452744136643	9150	119,99856633484204	9150	0,11167568683913229
9160	-0,026166180123634735	9160	-0,091424583192207656	9160	119,99690406591681	9160	-1,3652657391903755
9170	-0,041540383740888517	9170	-0,081369993604587867	9170	119,99967525982706	9170	-0,53767081027641361
9180	-0,031850822850968588	9180	-0,090422237556765289	9180	119,9996678509434	9180	-0,65621946596756253
9190	-0,014393228419023893	9190	-0,090459095677251286	9190	119,99841916510971	9190	0,40739195954874957
9200	-0,036719158241179987	9200	-0,080806246523855	9200	120,00166918900779	9200	0,90447118327345066
9210	-0,029962793727940595	9210	-0,082278959672326527	9210	120,00166003689891	9210	0,750853140383606
9220	-0,041408197262305074	9220	-0,084748180585004287	9220	119,99957828499153	9220	-0,57888620741405306
9230	-0,035707336142047748	9230	-0,08469120081933719	9230	120,00036389950515	9230	0,045997566831485454
9240	-0,046771242136774582	9240	-0,074090762450943315	9240	119,99960415986153	9240	0,13178860123443215
9250	-0,041483887006521711	9250	-0,08287156147489412	9250	120,00140268151347	9250	0,34854603071848611
9260	-0,030051199084190034	9260	-0,085474915774927454	9260	119,99873942315595	9260	0,72554674369580985
9270	-0,0413896784361265	9270	-0,074332237794105332	9270	120,00114877786444	9270	-0,041058930997636467
9280	-0,021831779398674554	9280	-0,078539376412303186	9280	120,00014436242589	9280	0,18045109571785284
9290	-0,015068016620206277	9290	-0,0859231558546273	9290	119,99788141293762	9290	-0,76794236729665988
9300	-0,035624816891151753	9300	-0,10100408381737663	9300	119,9969945245503	9300	-0,68585304655811452
9310	-0,032727265136300011	9310	-0,0696253031470778	9310	120,0027305530154	9310	1,1700265445239173
9320	-0,035091158122327541	9320	-0,0816372350788426	9320	119,99821207824911	9320	-0,08528798692014683
9330	-0,037909366033544362	9330	-0,081603695550291011	9330	120,00064150298286	9330	-0,14160152386479946
9340	-0,045422172945907682	9340	-0,079784642960241528	9340	120,00015526189253	9340	0,2691449678313797
9350	-0,026422081966011736	9350	-0,084593387126387323	9350	119,99836485313375	9350	-0,85333087230712246
9360	-0,045723596109520787	9360	-0,08093139473880441	9360	120,00010101965617	9360	0,44203689346284852
9370	-0,043992897500877495	9370	-0,07775638875755321	9370	120,00059047759464	9370	-0,21651824934838926
9380	-0,0389663152150209	9380	-0,080929663232869611	9380	120,00032912335931	9380	0,22218410503356312
9390	-0,038617634676455341	9390	-0,081337905281252149	9390	119,99964625579796	9390	-0,10121919330699715
9400	-0,037225141605008782	9400	-0,090113582299403153	9400	119,99824679710544	9400	-1,4389994679362159
9410	-0,042533603802598907	9410	-0,085531556204697046	9410	119,99816355365363	9410	0,394276722211951
9420	-0,046539907725956023	9420	-0,073583973638785258	9420	120,00027761141634	9420	0,021050759310196634
9430	-0,012340362293247441	9430	-0,086966279679531244	9430	120,00138098401079	9430	0,20731895571465375
9440	-0,021860628470723155	9440	-0,083822883166874626	9440	119,99840638809025	9440	0,28604603332837469
9450	-0,032481626688451275	9450	-0,08080327500561	9450	120,00092919781649	9450	-0,89376658410009147
9460	-0,046497054771918685	9460	-0,0860627148114702	9460	120,00141782352235	9460	0,13782408157548515
9470	-0,045335976478267814	9470	-0,07357595070163471	9470	120,00071782437259	9470	-0,014181241412238976
9480	-0,042495169715568611	9480	-0,081959675623685432	9480	120,00290505028183	9480	1,1625435953152938
9490	-0,03586256851423901	9490	-0,093229807244613785	9490	119,99695233343302	9490	0,41948213021442493
9500	-0,046153373317743329	9500	-0,072558842793294276	9500	120,00178638025845	9500	0,0415718100690195
9510	-0,032208095742909282	9510	-0,071357118732646566	9510	120,00225184540423	9510	1,0355598493910327
9520	-0,027184637355611226	9520	-0,09173579086353438	9520	119,99600511433164	9520	-1,3741868064847176
9530	-0,025219390758233665	9530	-0,074909167366043763	9530	120,00270381259561	9530	1,0695643869346794
9540	-0,045556300463004823	9540	-0,081604493560960292	9540	119,9996496951532	9540	-0,36844257934718261
9550	-0,030048678769394866	9550	-0,081693340478585216	9550	120,00116768619704	9550	0,41637050027191963
9560	-0,047795426973368409	9560	-0,079625371776164	9560	120,00187849235428	9560	1,4897565896135399
9570	-0,025645201523418992	9570	-0,0866759092241472	9570	119,99754793584414	9570	-0,83609413040856928
9580	-0,031857748791747749	9580	-0,070392342035720423	9580	120,00385741581542	9580	0,58512639057834415
9590	-0,041959461609944855	9590	-0,080307579020110487	9590	120,0000614027685	9590	0,42902056234713615
9600	-0,015438713475151345	9600	-0,08325135669179709	9600	120,00035751561124	9600	-0,8263986099092282
9610	-0,025862182804133833	9610	-0,077339690040238357	9610	120,00285792130394	9610	0,19329534336499155
9620	-0,032658342301305709	9620	-0,098994580436988971	9620	119,99529843927742	9620	-2,4902225541361824
9630	-0,029116364718684212	9630	-0,0848438602242855	9630	119,99991856043273	9630	0,387767914496942
9640	-0,023367581427430575	9640	-0,081321657531873329	9640	119,99908202518205	9640	0,25525650857577609
9650	-0,036577179909616953	9650	-0,07968380573876252	9650	120,00062303625236	9650	0,25733533374977829
9660	-0,0378475303493394	9660	-0,0725177597130416	9660	120,00126767389538	9660	0,17555553310728239
9670	-0,029078472375427444	9670	-0,087295820180587527	9670	119,99714975487228	9670	-0,62826895215861644
9680	-0,025680316174004021	9680	-0,082440330432303768	9680	120,00209709362395	9680	0,080944652100124623
9690	-0,0558276180882926	9690	-0,090352108776728446	9690	119,99740759582021	9690	-0,29026116904674948
9700	-0,034485567449255447	9700	-0,096456959058105224	9700	119,99784073634051	9700	-0,31632413566602924
9710	-0,021808190554929975	9710	-0,081838554098138533	9710	120,00027158446996	9710	0,50971952294858969
9720	-0,028413559362940408	9720	-0,09131742440090021	9720	119,99653472245477	9720	-0,83158003074037223
9730	-0,037681205683228768	9730	-0,081069029744490456	9730	120,00118024053734	9730	0,42550986851721212
9740	-0,034603088578439092	9740	-0,087602050368855919	9740	119,99837126755588	9740	-0,10876266656406308
9750	-0,025034731358625884	9750	-0,084795994863157767	9750	120,00064781227887	9750	-0,430026961740709
9760	-0,041747550919544713	9760	-0,064850034706012416	9760	120,00664753237899	9760	0,867242184841553
9770	-0,016569084632630217	9770	-0,071627194823832577	9770	120,00109759265206	9770	-0,74853521394175149
9780	-0,036052074734514758	9780	-0,08268810851586797	9780	120,00201291991107	9780	0,19437599156824637
9790	-0,044236280843922782	9790	-0,095466149460885941	9790	119,99681804311278	9790	-0,28499780215992965
9800	-0,03861059535012086	9800	-0,079452724546008824	9800	120,00029689258173	9800	-0,28810984537336781
9810	-0,03068066290108247	9810	-0,07197884578568764	9810	120,00032715243559	9810	0,86669521362737978
9820	-0,04161769330644869	9820	-0,080036473666505945	9820	119,99932732733387	9820	0,48704667039410521
9830	-0,040129253272958465	9830	-0,089767663783990842	9830	120,00061954561357	9830	-0,59175635607573973
9840	-0,028184452436275147	9840	-0,084803610110870412	9840	119,99878152002627	9840	-0,12315805942509236
9850	-0,063789135570224628	9850	-0,088481324275991036	9850	119,99918605286339	9850	-1,0073872979289922
9860	-0,018058311261061857	9860	-0,073170498649661089	9860	120,0028130805364	9860	0,1520121495043758
9870	-0,02984492793366969	9870	-0,090191903109350338	9870	119,99711808266147	9870	-0,35042132155817229
9880	-0,032864576046188212	9880	-0,07178478586296258	9880	120,00486557408503	9880	1,1088737300684202
9890	-0,041921487199266069	9890	-0,085107242860831558	9890	119,99631281870235	9890	-0,22067205497764669
9900	-0,023520930047986811	9900	-0,07336244865905904	9900	120,00266182390737	9900	0,081675673961532858
9910	-0,046982606776238049	9910	-0,08186554551820821	9910	120,00086584919959	9910	0,78662331275586928
9920	-0,037315058035487042	9920	-0,0850660634911281	9920	119,99873423831792	9920	-0,59494331003854739
9930	-0,024129512447311149	9930	-0,067636629371061963	9930	120,0042733716961	9930	1,4402951276187006
9940	-0,039416835502278348	9940	-0,075357963118475216	9940	120,00059138573288	9940	-0,14252376648375437
9950	-0,033164973301742888	9950	-0,074702622320818549	9950	119,99928715773538	9950	-0,55104578407792926
9960	-0,037822304652109125	9960	-0,070722032493321665	9960	120,00345790360194	9960	0,67686244851495969
9970	-0,036550448696966754	9970	-0,093259416519467869	9970	120,00092917659823	9970	-0,31943920797722314
9980	-0,029344266367242147	9980	-0,082536407709763573	9980	120,011131706175	9980	1,4309313088529914
9990	-0,038927438651369814	9990	-0,0920851904635277	9990	120,01756905817402	9990	1,2861201940729707
10000	-0,028002526981860329	10000	-0,082853943850624168	10000	120,03285066859084	10000	1,647123433181046
10010	-0,045758714075724481	10010	-0,0898337549763328	10010	120,05469715292115	10010	2,699586472439131
10020	-0,050737612189799525	10020	-0,096497206046965517	10020	120,07790721591154	10020	2,6030031724621892
10030	-0,0250854846853046	10030	-0,091758358517181643	10030	120,11835518801618	10030	4,60042076116844
10040	-0,036935599589590008	10040	-0,10084921458587602	10040	120,16120609313732	10040	4,8287905456427431
10050	-0,027493470002797053	10050	-0,093406767374832222	10050	120,21736179448102	10050	5,9308910327724407
10060	-0,044115892251256672	10060	-0,094792939879098093	10060	120,28107117941161	10060	7,2016563750549771
10070	-0,025412953879059487	10070	-0,10127468298450969	10070	120,35671398395061	10070	7,9861824282322891
10080	-0,020226910928339319	10080	-0,10845169307789805	10080	120,45016708341751	10080	9,3518747354714939
10090	-0,024674712822609239	10090	-0,1011384348597434	10090	120,55361456400424	10090	11,606368681572755
10100	-0,027419714842176233	10100	-0,1087365960853576	10100	120,67115590485663	10100	11,778576985812258
10110	-0,048820448699841791	10110	-0,090059693107372718	10110	120,81201977970262	10110	15,705914502291648
10120	-0,025836279273500184	10120	-0,12351546726504493	10120	120,9546970799982	10120	13,656561197967886
10130	-0,017221363035608374	10130	-0,11371397346204307	10130	121,13067975844149	10130	17,653345209558061
10140	0,002862255440794971	10140	-0,13243889318569224	10140	121,31610725333229	10140	18,833478382440603
10150	-0,017174710843707461	10150	-0,11919892387836048	10150	121,52779606467165	10150	21,188664548279256
10160	-0,013877610720700383	10160	-0,10908553688955153	10160	121,75937890335162	10160	24,392612691770317
10170	-0,026676607117844843	10170	-0,10956617312345179	10170	122,00904894058691	10170	26,147700931411048
10180	-0,013450067434508647	10180	-0,11797433408495933	10180	122,28145121175351	10180	27,13981767763434
10190	-0,028119500011842657	10190	-0,12678197818865769	10190	122,58135080943735	10190	31,012409525686774
10200	-0,020092331053499168	10200	-0,12305812422766872	10200	122,90470184660065	10200	33,136656480177848
10210	-0,038453640069935888	10210	-0,11312755489082461	10210	123,25654188361327	10210	36,772416937766451
10220	-0,0346235403258524	10220	-0,11098957053425319	10220	123,63244152253995	10220	38,016137675613656
10230	-0,048931213506135635	10230	-0,10698718518430117	10230	124,03927774838456	10230	41,55985793685354
10240	-0,057889814958208281	10240	-0,099975971353588627	10240	124,47515462707986	10240	45,426750306860164
10250	-0,070408464671538759	10250	-0,083243190779460907	10250	124,93776974691309	10250	46,953919826410782
10260	-0,080060628647445661	10260	-0,088361279689739919	10260	125,43206394184736	10260	49,888836520079366
10270	-0,096747149329575982	10270	-0,069307986593265716	10270	125,96075337044	10270	53,557023966402689
10280	-0,095104386079553377	10280	-0,077634287986235867	10280	126,52079169928547	10280	57,001891457034532
10290	-0,0921514670935293	10290	-0,079896684680943131	10290	127,11249799163342	10290	60,439847677182186
10300	-0,090604585217194028	10300	-0,095561784055532825	10300	127,74675738792716	10300	64,123526772156225
10310	-0,0859635953731383	10310	-0,0977156788380752	10310	128,41242426107638	10310	67,926228796840178
10320	-0,071131214858970435	10320	-0,084763935631055914	10320	129,12039880453463	10320	72,197958362724393
10330	-0,048277041121114424	10330	-0,10052563707367505	10330	129,86078863754355	10330	75,639209564693743
10340	-0,037046610923050685	10340	-0,094218888040597762	10340	130,63707646940929	10340	79,74919287069558
10350	-0,013588175349073644	10350	-0,088592264826333977	10350	131,45505439021625	10350	83,359501329377522
10360	-0,00956799043466556	10360	-0,10013942806914407	10360	132,30918888414851	10360	86,921400973101484
10370	0,005459644097016967	10370	-0,090656071719171616	10370	133,2071111863431	10370	90,4876600374531
10380	0,00071683115822216141	10380	-0,081963055207118385	10380	134,15319149125796	10380	95,775361147975175
10390	0,012619035593710835	10390	-0,072115297587784358	10390	135,13988827785738	10390	100,20639106618771
10400	-0,0001979743010400388	10400	-0,085009857381558113	10400	136,17151574777839	10400	104,43847354561572
10410	0,0065493965340948064	10410	-0,11295179196494848	10410	137,24522426568734	10410	108,19006250538693
10420	0,047396101490670771	10420	-0,10949619781219877	10420	138,37026093394383	10420	113,23639939143514
10430	0,040642576360301677	10430	-0,11535887918118749	10430	139,54216488130848	10430	118,38923424520873
10440	0,052842095069505948	10440	-0,099056209078523638	10440	140,76470995317229	10440	123,85072141915435
10450	0,037927072815764948	10450	-0,0876495585498017	10450	142,03436039222441	10450	127,70540112220211
10460	0,030540529318273647	10460	-0,061888290484425845	10460	143,36204367077329	10460	133,70632103361379
10470	0,060905544124727935	10470	-0,045783910244108481	10470	144,73393000186633	10470	138,607824066999
10480	0,020458884432413768	10480	-0,021699455301488438	10480	146,1611982989333	10480	144,5265337263919
10490	0,037832448667691067	10490	-0,012178713931568658	10490	147,64034342144433	10490	150,25581605978749
10500	0,00438404473258739	10500	-0,031301527642454412	10500	149,1816495839752	10500	154,6552632839441
10510	-0,0080758819321826037	10510	-0,029916263932427845	10510	150,79002778164627	10510	162,82511103302613
10520	-0,035261640519294757	10520	-0,027757918044528235	10520	152,45062747092783	10520	167,51773080098153
10530	-0,10640763643097509	10530	-0,020641004687301685	10530	154,17003931336421	10530	174,12376984143177
10540	-0,13034661056107688	10540	-0,010194083963235293	10540	155,94885244659031	10540	179,62925368589313
10550	-0,13438615684640623	10550	-0,010188406682913022	10550	157,77599873828893	10550	184,17727060731312
10560	-0,12382394819554488	10560	-0,0019378097258584083	10560	159,65268991381069	10560	189,02336578100176
10570	-0,10740872539869723	10570	-0,021330266778471964	10570	161,59396698690975	10570	196,07409659954254
10580	-0,097939771045535876	10580	-0,049123375953331445	10580	163,58642070824524	10580	200,71846158236752
10590	-0,031097034750755641	10590	-0,1027698084190093	10590	165,62809695955494	10590	206,51588607102119
10600	-0,0075942643467903307	10600	-0,1764801066550972	10600	167,73865549082203	10600	212,6145170962233
10610	-0,010915042525729734	10610	-0,22294039001872862	10610	169,92019673534082	10610	220,19249622798512
10620	-0,010794843357883277	10620	-0,28352392702430329	10620	172,16633581349714	10620	226,96853254204055
10630	-0,014462832600550533	10630	-0,258020601746388	10630	174,48482438137128	10630	233,27711223685424
10640	-0,038573458035206787	10640	-0,20107187303935034	10640	176,86110628243912	10640	239,78868254172048
10650	-0,076886812586678344	10650	-0,14546751191601937	10650	179,29064044389193	10650	244,79611218594135
10660	-0,085135011594742335	10660	-0,087608561825802067	10660	181,77836197193597	10660	250,3777219939744
10670	-0,096580658128900723	10670	-0,020945898142033605	10670	184,31534966020743	10670	254,57132679386049
10680	-0,068602374201453362	10680	-0,0030396409435966337	10680	186,89299297316478	10680	259,62314695925988
10690	-0,041886021936334027	10690	0,017948835412050741	10690	189,51829673991668	10690	262,83866908695722
10700	-0,012782374433022381	10700	0,050246121860589972	10700	192,18218280268991	10700	268,49775423844062
10710	-0,0094943900696050076	10710	0,032594977638674166	10710	194,87814289517823	10710	271,06408113600673
10720	-0,0063417875689322813	10720	0,054240204678855181	10720	197,63496070280019	10720	277,2683973699219
10730	-0,030162651948465038	10730	0,028507409766357069	10730	200,45017831250155	10730	283,61726297341659
10740	-0,047607811430278771	10740	-0,00678624247013905	10740	203,31381998295225	10740	288,26871930118671
10750	-0,01992499075702775	10750	-0,053061231886683505	10750	206,212419445143	10750	290,37366071370695
10760	-0,012976864066094667	10760	-0,10090188096956061	10760	209,14618087389286	10760	294,69446637494872
10770	-0,023436290172066217	10770	-0,1647394389728262	10770	212,117381239846	10770	297,6983359676359
10780	-0,0034469672238043782	10780	-0,25426424685729343	10780	215,11270421105326	10780	300,36696370464125
10790	-0,00905378597514699	10790	-0,30430041346572689	10790	218,17137977802975	10790	305,65805897908263
10800	-0,002089813873209132	10800	-0,31666445542753074	10800	221,2744102950285	10800	312,59619126778648
10810	-0,0074875201443357284	10810	-0,2157616390725238	10810	224,4267798902851	10810	316,87543827791427
10820	-0,051263361815416866	10820	-0,073520510349322776	10820	227,63002380752212	10820	321,50337231400948
10830	-0,0859652629119927	10830	0,041184201941129192	10830	230,87462755873091	10830	326,0790874210532
10840	-0,10842025355359677	10840	0,087783432897056854	10840	234,15730731716511	10840	329,0527432430967
10850	-0,077573927593164074	10850	0,063823714073414542	10850	237,46646467949253	10850	331,21178658845508
10860	-0,05999943355175693	10860	0,027418003941304663	10860	240,79625113495715	10860	333,29526441194571
10870	-0,074477580054244971	10870	-0,018768163585659289	10870	244,14060509750652	10870	336,09161698326727
10880	-0,11887714041149017	10880	-0,028930287354978827	10880	247,54178020691907	10880	341,54865535665294
10890	-0,17290528103518954	10890	-0,03894908262411359	10890	250,95542098022355	10890	343,45678218211435
10900	-0,15222131312918222	10900	-0,017529562454362851	10900	254,38912096849148	10900	342,97960210153536
10910	-0,10564583036983259	10910	0,0072027607332991444	10910	257,83881541599891	10910	345,1061334324794
10920	-0,017091182268069355	10920	-0,021039645137705894	10920	261,29579749424494	10920	345,31593450935941
10930	0,027939358148729717	10930	-0,06429833940139347	10930	264,79464322076376	10930	351,97723901549062
10940	0,07296989788901341	10940	-0,15813414538307832	10940	268,3321232874253	10940	355,68817597122631
10950	0,11910448081134914	10950	-0,20605409652960682	10950	271,9135154282144	10950	358,55874589097215
10960	0,099824943605207328	10960	-0,16774546290122228	10960	275,52622649696855	10960	362,16918503247928
10970	0,039218005163614379	10970	-0,11930441199559427	10970	279,17609598038393	10970	366,48877395379969
10980	-0,0654877818912338	10980	-0,048717100908902966	10980	282,85258479523856	10980	367,83426242872633
10990	-0,099302871718550026	10990	-0,0060012823333580583	10990	286,54940468583641	10990	369,79656482664438
11000	-0,11075082280220375	11000	-0,0072163393941318647	11000	290,25359625332931	11000	370,0640089100292
11010	-0,10143709984672306	11010	-0,028029057710825672	11010	293,96627688019151	11010	372,79997985764294
11020	-0,1274579820855048	11020	-0,0067785627534114453	11020	297,6935390052202	11020	372,23973375945036
11030	-0,12006233572145429	11030	0,071448385657671962	11030	301,42739167443892	11030	373,55367314870597
11040	-0,051711871832763261	11040	0,11440938342822696	11040	305,15366090529346	11040	374,3555132607197
11050	0,013182645578956207	11050	0,097482536360687308	11050	308,88635616859847	11050	372,1477400223057
11060	0,088923263767517732	11060	-0,024771907243129578	11060	312,62945363310587	11060	375,95175223458727
11070	0,097893916330190081	11070	-0,12859164356738131	11070	316,40586385446193	11070	379,30178289672784
11080	0,1002218571997688	11080	-0,15451043437259746	11080	320,20452477300586	11080	380,74176960007253
11090	0,0245423500235033	11090	-0,14527630643389208	11090	324,01926405311627	11090	381,85390232838677
11100	0,0021923440312651109	11100	-0,15353142137836467	11100	327,85194035499558	11100	383,16902180386757
11110	-0,017404715253182258	11110	-0,21631811954988839	11110	331,70010607139795	11110	384,66659597745269
11120	-0,0057255647800337007	11120	-0,28315891777160557	11120	335,56400265104031	11120	386,70772946188788
11130	-0,019617422464253749	11130	-0,30329411704436948	11130	339,42442450639834	11130	385,26590361018987
11140	-0,045833293942158411	11140	-0,23638917675126325	11140	343,29299763688408	11140	387,960696031227
11150	-0,11360213934129999	11150	-0,090177376754194932	11150	347,17282653896541	11150	389,42162768945582
11160	-0,13573286678597243	11160	0,051853831434240522	11160	351,03781623364438	11160	384,87991585859879
11170	-0,15328843988636998	11170	0,18320547488877426	11170	354,88905253244621	11170	384,01907257969742
11180	-0,052320145054421778	11180	0,20325528390796488	11180	358,70767397879132	11180	381,88001534476382
11190	-0,020439678929725615	11190	0,088309036456448192	11190	362,53667059504181	11190	382,82179184288009
11200	-0,033891921590869643	11200	-0,0343831100342016	11200	366,38723384936526	11200	385,02305796273959
11210	-0,042436444350682861	11210	-0,10634034718480688	11210	370,24061827313562	11210	386,1830795253814
11220	-0,057393976766307045	11220	-0,17504324138015534	11220	374,10098638090852	11220	387,02837242843628
11230	-0,072613030048951546	11230	-0,20648421350569515	11230	377,95680522333265	11230	384,869339028226
11240	-0,0078434869446140452	11240	-0,21936979066430226	11240	381,81996670212396	11240	386,492957164695
11250	0,040200889671866538	11250	-0,21836231720332888	11250	385,67309985225825	11250	385,26245967861223
11260	0,078523719882926751	11260	-0,14796133517122911	11260	389,51217715443585	11260	383,86726523686627
11270	0,0956387736063872	11270	-0,037470271921122469	11270	393,35925397395317	11270	384,69333721079511
11280	-0,022761474177425047	11280	0,0633037760840643	11280	397,20024044590309	11280	384,34725501752837
11290	-0,068676628156820158	11290	0,15589636611117858	11290	401,01654065085563	11290	382,47072707333245
11300	-0,098569016692347938	11300	0,16608064249406848	11300	404,8058585634152	11300	376,87621761124205
11310	-0,079229193011424129	11310	0,12597923289276353	11310	408,57081338251174	11310	376,84237340881407
11320	-0,050768897741033589	11320	-0,029545046770812732	11320	412,32466389966226	11320	374,87829126708675
11330	-0,016094434116496737	11330	-0,11353327814441655	11330	416,07139582892438	11330	373,46801523666113
11340	-0,020696710196788128	11340	-0,12999780115220019	11340	419,80738181126486	11340	373,48928529660589
11350	-0,019241697290143495	11350	-0,14519521518803016	11350	423,53661899214285	11350	372,73122722532423
11360	-0,020401762090280835	11360	-0,1757714987208088	11360	427,25645843292182	11360	371,60789200874359
11370	-0,016655548946638558	11370	-0,18815108366800951	11370	430,96526767225174	11370	369,35421719726787
11380	-0,0081931414669903085	11380	-0,19510949739049954	11380	434,65001583777979	11380	368,55878835749439
11390	-0,035188160575110934	11390	-0,14348465893353588	11390	438,31555595675	11390	366,09646064081818
11400	-0,09201246599980796	11400	-0,067487347803768333	11400	441,97828563329153	11400	364,45777153919107
11410	-0,13036961852627629	11410	0,010130014008877749	11410	445,6221121758054	11410	363,26707947202658
11420	-0,11952564808685427	11420	0,053044099378517395	11420	449,2198260603937	11420	359,51548333092165
11430	-0,10881089825294145	11430	0,032430568121836763	11430	452,77227087239862	11430	351,18461244255457
11440	-0,034707305578924832	11440	-0,05520665790105822	11440	456,28931804147692	11440	351,78353391042765
11450	0,049882716850275483	11450	-0,21111987098833751	11450	459,78000065120091	11450	348,62246829595341
11460	0,097919067122091627	11460	-0,22559758992030898	11460	463,26358627604651	11460	347,25434178617871
11470	0,065024299597564519	11470	-0,15565820615061859	11470	466,72913858542432	11470	346,39329015313723
11480	0,0013081509344060728	11480	-0,069892062487225029	11480	470,17509602948172	11480	344,387447408611
11490	-0,0631024027518445	11490	-0,017234922891793372	11490	473,59751731813714	11490	340,52898800183482
11500	-0,089376565777416928	11500	-0,017004486263248995	11500	476,99279284987108	11500	338,55708497907489
11510	-0,081417402834460875	11510	-0,0711176656631245	11510	480,343905782864	11510	334,86885569655669
11520	-0,12406599543132089	11520	-0,098957886586683488	11520	483,66306720140767	11520	330,88899358066408
11530	-0,17453669194416616	11530	-0,097766019794160913	11530	486,95513429227827	11530	328,3785205609704
11540	-0,23294757457890825	11540	-0,05970899128318792	11540	490,20525592593191	11540	323,02012865802334
11550	-0,20014121194065598	11550	-0,021482559265478974	11550	493,41192926652883	11550	317,78987076833795
11560	-0,11542088800069417	11560	0,031059773713868016	11560	496,56728845836091	11560	315,31464192751667
11570	-0,052021096462118631	11570	0,053302867777589628	11570	499,68266620499622	11570	309,373575371535
11580	0,054892401190363732	11580	0,013954838538114568	11580	502,74526587784726	11580	306,4236797912065
11590	0,088568844055784884	11590	-0,059207386851104236	11590	505,78447869439771	11590	302,7861896710458
11600	0,10538493926890724	11600	-0,12362802748297347	11600	508,79460092713794	11600	299,66006537240452
11610	0,13523941561070174	11610	-0,1557341320201853	11610	511,7663940485603	11610	295,91016138794521
11620	0,10494726164449379	11620	-0,13986736094508226	11620	514,70916865773006	11620	294,22587459078937
11630	0,030815469284969813	11630	-0,12345468589658741	11630	517,609910942243	11630	288,55554557695751
11640	-0,044219499332783477	11640	-0,063011845765969993	11640	520,47992542027384	11640	285,81001565545614
11650	-0,11803547512060501	11650	-0,040944961202965112	11650	523,29396445014925	11650	280,30022537565384
11660	-0,12159210602004657	11660	-0,02414654338213439	11660	526,06106836086224	11660	274,46855937043648
11670	-0,10318753203692842	11670	-0,046266509079877546	11670	528,76379689236319	11670	268,16598805435211
11680	-0,10007074451628475	11680	-0,075883638494527964	11680	531,4108278377679	11680	262,666279234125
11690	-0,075504122101397869	11690	-0,068466707572923974	11690	534,01323328250646	11690	259,32245111292445
11700	-0,068473380506717724	11700	-0,064402404276306946	11700	536,55526012514463	11700	251,10355596005141
11710	-0,059104179811131891	11710	-0,015716008396548648	11710	539,05117779332568	11710	249,33258716660464
11720	-0,023098995673268303	11720	0,0056352482043488241	11720	541,48852110844655	11720	240,81132985293905
11730	0,033334057875643031	11730	0,036020139568433931	11730	543,87645039828988	11730	237,18945162408079
11740	0,057679319471537815	11740	-0,0010815143927865043	11740	546,20570774287546	11740	232,93044863288824
11750	0,08801764838693818	11750	-0,062318193635348712	11750	548,47350074570613	11750	224,63925906838387
11760	0,085625718175985008	11760	-0,14508324758208843	11760	550,68529317293849	11760	219,51626854691881
11770	0,069890946610835447	11770	-0,18829910920452203	11770	552,86353396636969	11770	216,12589472926325
11780	0,030257914238273891	11780	-0,19392833850933466	11780	554,98451329274008	11780	210,46649469490745
11790	-0,02838922876883037	11790	-0,14007211936590286	11790	557,056848784509	11790	204,1254212350988
11800	-0,052804177767154452	11800	-0,059513199596171	11800	559,06597553413951	11800	198,94405094474752
11810	-0,10604715486236471	11810	0,0092504712340445525	11810	561,00713775819963	11810	192,17679977264174
11820	-0,13051993247357865	11820	0,026268561095076408	11820	562,88148858868749	11820	184,98928923037903
11830	-0,098063061661262677	11830	-0,010649420110386165	11830	564,690254768264	11830	178,88206872517878
11840	-0,0754062619598967	11840	-0,069119808560840892	11840	566,43632732140077	11840	172,61095112819143
11850	-0,052396436645650447	11850	-0,13445298850716606	11850	568,11891078006636	11850	166,37216212870925
11860	-0,0070839859471308053	11860	-0,22879802943582525	11860	569,73763106180013	11860	160,51868651128063
11870	0,040681438770082116	11870	-0,2733908517836186	11870	571,3078403047374	11870	155,25754118968604
11880	0,055682089482224924	11880	-0,2839587198886932	11880	572,82057889073815	11880	149,02217957894942
11890	0,062418350899763428	11890	-0,24977974616966431	11890	574,28107936668641	11890	144,39116376085875
11900	0,060035599657474133	11900	-0,21222919239270888	11900	575,69067585738787	11900	139,20057607049893
11910	0,036843031921171422	11910	-0,15679807470628387	11910	577,05713571739227	11910	134,93771719295512
11920	0,0048568214676256065	11920	-0,1103590975995061	11920	578,36538997011075	11920	129,07444251595973
11930	-0,044387350646052363	11930	-0,041100897721937216	11930	579,624935762153	11930	123,35627030654132
11940	-0,0969959894943929	11940	0,011194764238056605	11940	580,842428209592	11940	120,39433115924956
11950	-0,13050638976462783	11950	0,038088433462951335	11950	582,00881359404673	11950	116,38045519402721
11960	-0,15613567892123462	11960	0,035207216795785659	11960	583,12534407497162	11960	109,73527562606319
11970	-0,15108101514752048	11970	0,0394008022652222	11970	584,18869240163224	11970	106,02459833478905
11980	-0,12631430267253838	11980	-0,0045670972683897193	11980	585,19140314710648	11980	98,422024653781264
11990	-0,11123427763193591	11990	-0,0030364596950858019	11990	586,15800131559376	11990	93,783211793787245
12000	-0,089295313250028485	12000	-0,042306702617679388	12000	587,08086142159857	12000	91,463441531486382
12010	-0,039044569082954693	12010	-0,068007205711245938	12010	587,95856927557975	12010	85,647270159054031
12020	-0,0180491480680511	12020	-0,11052333120133215	12020	588,7984984999938	12020	82,404154677176166
12030	0,015413627251981817	12030	-0,13711376563343763	12030	589,594763329003	12030	78,975998654401465
12040	0,035949153549122891	12040	-0,15641598022248979	12040	590,35628488358088	12040	74,7663170433899
12050	0,032351840025952983	12050	-0,14309634305803229	12050	591,0872282828883	12050	72,562209554954393
12060	0,037533685413069146	12060	-0,11734373331130359	12060	591,7841474817634	12060	67,994027036752769
12070	0,00327914178619392	12070	-0,082452606556333977	12070	592,45246858203666	12070	67,266374321283052
12080	-0,034038818124896529	12080	-0,076249444170903832	12080	593,07600623298117	12080	61,883128776610519
12090	-0,055582354772850909	12090	-0,0614486690190321	12090	593,66601920974506	12090	57,609755803531861
12100	-0,087275604041461549	12100	-0,047950450606171244	12100	594,22405598642774	12100	54,005995132391746
12110	-0,074782692224325931	12110	-0,041899629986159037	12110	594,74551309681738	12110	50,889389884979686
12120	-0,082940435119765454	12120	-0,055598246948861632	12120	595,22732840526373	12120	47,414464044091943
12130	-0,071261306192436	12130	-0,070093822442419573	12130	595,67764070778264	12130	44,438780163591836
12140	-0,058371041490990011	12140	-0,087554682728754815	12140	596,09604929570582	12140	41,697739163544121
12150	-0,051331209305427471	12150	-0,10597753931218691	12150	596,48573851035667	12150	37,0669712529051
12160	-0,041152080629541787	12160	-0,11010620408285056	12160	596,8517878933194	12160	35,48801649741052
12170	-0,042187242209552667	12170	-0,087196446057681731	12170	597,19305548520947	12170	34,11572774586034
12180	-0,055180669865461072	12180	-0,092146434680070624	12180	597,5055430941552	12180	30,760630389765254
12190	-0,069307851529193817	12190	-0,092805611762218868	12190	597,7942391275202	12190	28,654646614586241
12200	-0,065374975350070266	12200	-0,074962307157945871	12200	598,06554070464108	12200	25,816040628850516
12210	-0,0870359837552982	12210	-0,0838710550352524	12210	598,31014729449089	12210	23,076546172897196
12220	-0,065511288818779462	12220	-0,054903840950009955	12220	598,54047518297352	12220	22,669332911530212
12230	-0,06550886217645506	12230	-0,073584931614233559	12230	598,74263047097145	12230	20,391648091556469
12240	-0,075375891347130269	12240	-0,07527737595006706	12240	598,92259690341041	12240	16,715790819958478
12250	-0,066607190576478251	12250	-0,095836413310277285	12250	599,08513171669233	12250	14,706456023835591
12260	-0,044992807060881872	12260	-0,10513902753848825	12260	599,22997491481067	12260	14,722514152068895
12270	-0,030945081934238984	12270	-0,12102538654422509	12270	599,35746280321655	12270	10,844822273812321
12280	-0,013752852183020567	12280	-0,10558245560399991	12280	599,47563238164537	12280	11,208703296280973
12290	-0,011179074186322852	12290	-0,12967003636922433	12290	599,56657069962421	12290	9,1654884005973116
12300	0,000704678329646365	12300	-0,13669710096765439	12300	599,655023025304	12300	7,3663486053315079
12310	-0,012008786487771771	12310	-0,13222289447832178	12310	599,72822116204043	12310	8,5648169552982019
12320	0,0046695375358742708	12320	-0,12460214984198795	12320	599,79005930059009	12320	5,546626075341071
12330	0,011101320947672572	12330	-0,12988759451315968	12330	599,84180874976744	12330	4,8798827229964949
12340	-0,0076544743677442167	12340	-0,12790045308286485	12340	599,88570339035073	12340	3,5483065782406649
12350	-0,013001330633330178	12350	-0,11578409846383486	12350	599,92292952813364	12350	2,7155026255633716
12360	-0,012500056165270827	12360	-0,10872921091909649	12360	599,94932223745275	12360	3,0509433032017204
12370	-0,031636399816508488	12370	-0,10076582767774187	12370	599,96796841514242	12370	0,99464667359958248
12380	-0,055125632923516056	12380	-0,0875085798631419	12380	599,98568833343506	12380	2,0083509335156435
12390	-0,042174950428725724	12390	-0,098791647354301015	12390	599,9888140608673	12390	1,0079684475187882
12400	-0,033985654731538188	12400	-0,094604026877496458	12400	599,99468112119234	12400	-0,10783953269542493
12410	-0,029121596921809552	12410	-0,11493556065934478	12410	599,99288862158357	12410	-0,39730569596015985
12420	-0,044742494471334639	12420	-0,09970321170973151	12420	599,99355564466828	12420	-0,6670710468380161
12430	-0,035637237958790147	12430	-0,10810369369766908	12430	599,9932615657475	12430	-0,731550925044486
12440	-0,019160774828540544	12440	-0,090047785970724381	12440	599,998537434068	12440	0,30247392051676136
12450	-0,019350273636867872	12450	-0,089952928228245646	12450	599,99854224309877	12450	-0,018378599596748257
12460	-0,035387455362672092	12460	-0,099474053442509855	12460	599,9964988001326	12460	0,86024644879733114
12470	-0,033588926469460295	12470	-0,092423462118009281	12470	599,996682213866	12470	-0,0898852168733292
12480	-0,037603632829367836	12480	-0,074871266410760431	12480	600,00179313284332	12480	1,2338203771949314
12490	-0,038046064499837724	12490	-0,088554062108812434	12490	599,99840391028454	12490	1,0908141254920283
12500	-0,048272325550679993	12500	-0,087516880966012622	12500	600,00050540236123	12500	-0,20159046741807268
12510	-0,032563468292622452	12510	-0,078729316702936425	12510	600,00114832538407	12510	0,026450339424588076
12520	-0,047842976339330219	12520	-0,07515701713690745	12520	600,00454072341574	12520	0,46424280031538617
12530	-0,015972608443010277	12530	-0,087266470348409481	12530	600,00079641274976	12530	-0,10027565727519724
12540	-0,026424214407301541	12540	-0,080797096455411055	12540	600,00005695695734	12540	-0,10062257125021468
12550	-0,042259393134215249	12550	-0,074994712349563591	12550	600,00101054341542	12550	-0,87637875118728781
12560	-0,037097393233845928	12560	-0,087584809571935818	12560	599,999334566685	12560	-5,9914167392399742E-05
12570	-0,036370567735183684	12570	-0,093309581846906256	12570	599,99555963733394	12570	0,2598485927746515
12580	-0,018339260147405868	12580	-0,096480672778402055	12580	599,99800731566791	12580	-0,27676533863510955
12590	-0,04068039928396916	12590	-0,079268769941759576	12590	599,99901009131941	12590	0,42604307773457845
12600	-0,02828678564321797	12600	-0,082720420651350726	12600	599,9999215036886	12600	-0,31908985533628154
12610	-0,038279891613547119	12610	-0,08468705369314132	12610	600,00260966145447	12610	0,90632498522680827
12620	-0,042006625806823815	12620	-0,095842835724466183	12620	599,99611209438581	12620	-1,5190287106798239
12630	-0,035466097406093446	12630	-0,082359880185581907	12630	600,00099752164635	12630	-0,0877843754696728
12640	-0,031168786642508238	12640	-0,084287908701885725	12640	599,9995942423626	12640	0,22217295039407262
12650	-0,039095335158727769	12650	-0,065287260662008822	12650	600,00440014774165	12650	1,1240742926451799
12660	-0,032615052297813425	12660	-0,081825857760227452	12660	600,0036845145604	12660	0,48156675495525192
12670	-0,04652748750847617	12670	-0,066542027458467864	12670	600,00430554550678	12670	1,1833773185322105
12680	-0,032769562652374108	12680	-0,0735629986172048	12680	600,00125234362235	12680	0,379642754370976
12690	-0,028708707187538467	12690	-0,080259563808079665	12690	599,99867053931041	12690	-0,4132445936429554
12700	-0,021488318727326275	12700	-0,079069089924218586	12700	600,00109500812471	12700	-0,19022468694653943
12710	-0,038809760064530671	12710	-0,088811907759641914	12710	599,99866084739676	12710	1,1427549290977193
12720	-0,041214588673241528	12720	-0,078425430395836743	12720	600,00042522055287	12720	-0,69607360002013163
12730	-0,022031433120025087	12730	-0,084024035673898018	12730	600,00053915427065	12730	0,34479508781261775
12740	-0,044293847558892471	12740	-0,0789700668317575	12740	599,99958154734179	12740	-0,051725036230104646
12750	-0,042153333778723052	12750	-0,081066412413843783	12750	600,00161104188271	12750	-0,0868398773228991
12760	-0,038054980895888421	12760	-0,082443072528945477	12760	600,00005264777622	12760	0,68464663734854359
12770	-0,032811198390344444	12770	-0,085394604986946052	12770	599,9979625994888	12770	-0,93576247786614708
12780	-0,044763189082118612	12780	-0,074506800547265523	12780	600,00327130635969	12780	1,0635416470611405
12790	-0,029815797511153798	12790	-0,082595658745611741	12790	599,99780235280753	12790	0,18121361898363816
12800	-0,031249770658210458	12800	-0,085184205168893259	12800	600,0009368256641	12800	-0,28553093391077278
12810	-0,04023069844683623	12810	-0,073168331099759523	12810	600,00291478430245	12810	0,96547287240037449
12820	-0,0338106357936118	12820	-0,071283550503994347	12820	600,00042641494008	12820	1,1507742668215417
12830	-0,036078791238003387	12830	-0,085345159742134732	12830	599,998939221211	12830	-0,32926457513569518
12840	-0,017505196631403565	12840	-0,085778119457005308	12840	599,99899969431033	12840	-0,087126483566695792
12850	-0,03728174950198751	12850	-0,080566883775581632	12850	599,9994731884558	12850	-0,85112423582356389
12860	-0,040696291341475267	12860	-0,077752070085654615	12860	600,00125459227615	12860	-0,21337659716190921
12870	-0,049757365191536104	12870	-0,075446734700803042	12870	600,0001631567153	12870	-0,27416044017676072
12880	-0,039622075720203168	12880	-0,063839160934149652	12880	600,00449679812891	12880	0,80734981924850935
12890	-0,025071702754705008	12890	-0,098813188735626417	12890	599,99438258917576	12890	-1,0167301051533157
12900	-0,036364819657259032	12900	-0,067267672731968944	12900	600,00444517449182	12900	0,13692351415618145
12910	-0,025165913280895534	12910	-0,081862435001733139	12910	600,000057734598	12910	1,1505460067547941
12920	-0,035380974299792492	12920	-0,0859634799991911	12920	599,99711002855065	12920	-0,29485571669688521
12930	-0,024519087315570877	12930	-0,082954975312425239	12930	599,99873246170614	12930	-0,32648968404751155
12940	-0,022391942115329768	12940	-0,085957289997440012	12940	599,99793520750916	12940	0,25768134238841428
12950	-0,028152069793747462	12950	-0,0713475616594935	12950	600,00314337128759	12950	0,90989329575815991
12960	-0,019212591741608345	12960	-0,073480924207927262	12960	600,0028721868191	12960	0,11802547463652854
12970	-0,041389552787610459	12970	-0,078026583665392488	12970	600,00026940465659	12970	-0,24619753116903087
12980	-0,035098490128142104	12980	-0,07680762714640775	12980	600,001624109919	12980	-0,42807184886707061
12990	-0,04163754345502152	12990	-0,0886314199022556	12990	599,99845626727142	12990	-0,057976040022341316
13000	-0,035949162563229456	13000	-0,09470933226510958	13000	599,99689519152321	13000	-0,99605504356624763
13010	-0,027364847177695214	13010	-0,085929384248141019	13010	599,99856882352015	13010	-0,53737553085821554
13020	-0,032708414175463225	13020	-0,073612152902024219	13020	600,00075016494145	13020	0,24469975785744491
13030	-0,040409164279238838	13030	-0,082340392984254218	13030	600,00029975664313	13030	0,25589572883964329
13040	-0,037801617472092111	13040	-0,089328914067289086	13040	599,99626086461626	13040	-0,17246759583715365
13050	-0,039290139857834722	13050	-0,072567613026037051	13050	600,00152822435234	13050	0,65885637689115928
13060	-0,038169170533370524	13060	-0,093354940778008419	13060	599,99810203805259	13060	-1,0619005633468923
13070	-0,029714312687919259	13070	-0,085729637986482227	13070	599,99887068125736	13070	0,10986768422964927
13080	-0,03271630139391702	13080	-0,08363288398427518	13080	600,00189378637651	13080	0,2198481054860664
13090	-0,0369248004025638	13090	-0,086083645955372962	13090	599,99984449199985	13090	0,12731477289811372
13100	-0,033539499097571444	13100	-0,087677605533413125	13100	599,99899081876038	13100	-1,252031848185384
13110	-0,025954439876612983	13110	-0,075667204977905883	13110	600,00313638681541	13110	0,11528868539601378
13120	-0,031073104315942218	13120	-0,082915672921894612	13120	599,9984217768008	13120	-0,5261582613079433
13130	-0,04244664141553995	13130	-0,080100170424519487	13130	600,00087294826	13130	0,62594429275383767
13140	-0,022391886996730566	13140	-0,074353695302640285	13140	599,99789424579274	13140	-0,60744520308227989
13150	-0,035504276891912379	13150	-0,073557123124641369	13150	600,00091406889089	13150	0,76862001461353613
13160	-0,028274013292410517	13160	-0,0867874754525907	13160	599,99936372125524	13160	0,26700409556972815
13170	-0,034794026102160092	13170	-0,0737443377010259	13170	599,99983416607745	13170	-0,255773303976562
13180	-0,029995847115142641	13180	-0,080719960859957612	13180	600,00091833538988	13180	0,97359777746752463
13190	-0,03415331977089843	13190	-0,087610217879439817	13190	599,99773566603722	13190	-0,42155264494804889
13200	-0,029498490493942753	13200	-0,08366998976660632	13200	600,0015600731316	13200	-0,73382542923060345
13210	-0,043388179070363374	13210	-0,076590565595552107	13210	600,00197397621127	13210	0,26904595775529633
13220	-0,038147253809688683	13220	-0,089987358102883844	13220	599,99736912360106	13220	-1,3817459469405939
13230	-0,024820060782377786	13230	-0,080533037314590591	13230	600,0019800703617	13230	-0,71879558634933993
13240	-0,028502011033102393	13240	-0,078892771227070349	13240	600,00184169845238	13240	0,54826617333724137
13250	-0,048363178138749255	13250	-0,07604887638394775	13250	600,001368723157	13250	1,0840386060807217
13260	-0,0294050527686229	13260	-0,089440378356657954	13260	599,99946862287936	13260	0,40600508656493584
13270	-0,039475363498852813	13270	-0,085000487881829234	13270	599,99938113779763	13270	-0,41261063785336793
13280	-0,041952086817634023	13280	-0,069129667889898008	13280	600,00477328579859	13280	0,70011310977112307
13290	-0,035854952178906517	13290	-0,085418748957222068	13290	600,00044386371485	13290	0,20507148977506395
13300	-0,016127901804342946	13300	-0,094035402073696192	13300	599,99586511514212	13300	-0,55323183927830333
13310	-0,022410020482515294	13310	-0,0802009206408489	13310	600,00187744190021	13310	0,61991221549235243
13320	-0,043881864910748962	13320	-0,0835688559141056	13320	599,99916291947784	13320	0,28498677598397332
13330	-0,0373995219779445	13330	-0,0679243800499749	13330	600,00386751076235	13330	0,70619629914894877
13340	-0,041210968731116245	13340	-0,086857256276025016	13340	599,998798193437	13340	0,745150545127507
13350	-0,038984015323465009	13350	-0,0837919180377469	13350	599,999546811568	13350	-0,7666517074633119
13360	-0,031132089136725768	13360	-0,085773374359663757	13360	600,00045758838769	13360	-0,024335783164587732
13370	-0,0314363576611107	13370	-0,0872477870449661	13370	599,99843524841469	13370	-0,22019544050851009
13380	-0,029231004727660222	13380	-0,08769222104749376	13380	599,99932459913828	13380	-0,20032013315468056
13390	-0,035913196269848943	13390	-0,084134994330204646	13390	600,00121278298991	13390	0,89838525764969612
13400	-0,01776332605835327	13400	-0,076473059921221387	13400	600,001187158525	13400	0,87382427748927172
13410	-0,024858378674615132	13410	-0,091091877643232039	13410	599,99948064295859	13410	0,072494235488368336
13420	-0,031881378743137456	13420	-0,073743020295569589	13420	600,00174351525675	13420	0,3765807460068783
13430	-0,036532093419306133	13430	-0,070777239631582223	13430	600,00196377749262	13430	0,5454751145693153
13440	-0,025880244027251992	13440	-0,089682475914903415	13440	599,99793814981831	13440	0,32745674820766962
13450	-0,042572400746416855	13450	-0,0816039972281632	13450	600,00046816680344	13450	-0,32158115408666987
13460	-0,038140131367218139	13460	-0,081532503700907019	13460	600,00063205260187	13460	0,73405154565602759
13470	-0,019520143518588939	13470	-0,0869599387160472	13470	599,99676586391229	13470	-0,11674500452715358
13480	-0,022156702625245068	13480	-0,070948087748682082	13480	600,0042148824059	13480	0,7993231619891108
13490	-0,051000964017636444	13490	-0,099498267545499341	13490	599,99746970250044	13490	-1,1935522757794312
13500	-0,019256856565972792	13500	-0,08001501306544	13500	599,99988461448424	13500	0,012054718949887397
13510	-0,032645944464207641	13510	-0,074993493942942163	13510	600,00241718529355	13510	0,64000662954982523
13520	-0,053706099638553453	13520	-0,0816546155563609	13520	600,00018414694489	13520	-0,032345558024935883
13530	-0,038525481562358722	13530	-0,065447752309830048	13530	600,00401964083153	13530	0,70480964699260751
13540	-0,038956758024800767	13540	-0,082770389373114539	13540	599,99927879486745	13540	0,054321537814750465
13550	-0,018302977242243779	13550	-0,082603555346950353	13550	599,99978538593086	13550	-0,21059519085241324
13560	-0,029275371645298597	13560	-0,074952274492278578	13560	600,002429680676	13560	0,68831230603991278
13570	-0,028360290175307955	13570	-0,089811677461270056	13570	599,99876656923948	13570	-0,37396538140000768
13580	-0,037479778166266409	13580	-0,073022054280085028	13580	600,00253319825219	13580	1,2100688092035725
13590	-0,035605865506437684	13590	-0,0802731753651658	13590	599,99839718185081	13590	0,0099117243750946882
13600	-0,04176664391877994	13600	-0,081646839640004867	13600	600,00054258453224	13600	-0,2047090431652866
13610	-0,037480897043241132	13610	-0,0824180064025594	13610	600,00093531868879	13610	0,33423102488993617
13620	-0,024212225420775103	13620	-0,086235280507819728	13620	599,99773701907827	13620	-0,88331715093774377
13630	-0,027933191141676521	13630	-0,076431575581251021	13630	600,00343126636108	13630	0,43615551825203419
13640	-0,027136885968508575	13640	-0,084374473260719215	13640	599,99786992004965	13640	-0,43612517865949996
13650	-0,022943794764015667	13650	-0,082012618762313388	13650	600,00121474262426	13650	-0,093509927479022453
13660	-0,022366109838360494	13660	-0,077677218055630479	13660	600,00089072633807	13660	0,29154411591158208
13670	-0,036854977674943709	13670	-0,079971186279192169	13670	600,00053105104064	13670	-0,41409777322043506
13680	-0,035626639562044315	13680	-0,074784223447166745	13680	600,002603110206	13680	0,13566758984078753
13690	-0,037327810843883522	13690	-0,084284003380956263	13690	599,995918341958	13690	-0,72647989205329966
13700	-0,040248928477476929	13700	-0,086687319681225616	13700	599,9994268124708	13700	-0,798486497054864
13710	-0,0261615710656511	13710	-0,08150788491437258	13710	599,99880907711986	13710	0,00046879496045132418
13720	-0,0354228259085898	13720	-0,092698068493745026	13720	599,99692704625681	13720	-0,8786816932622874
13730	-0,04286583125175112	13730	-0,075302373265920763	13730	600,004699805105	13730	0,56004321046123473
13740	-0,039376039925656671	13740	-0,092892614476295932	13740	599,99755444618427	13740	-0,52661832654164353
13750	-0,019488171317633616	13750	-0,078232430669006869	13750	599,99918445564049	13750	-0,38450025938715465
13760	-0,034004760266630324	13760	-0,083071655345340764	13760	600,00086072243926	13760	-0,52869939502782848
13770	-0,034000393206120055	13770	-0,08284590911848784	13770	600,00088658137656	13770	0,16429746547191304
13780	-0,035514315771979194	13780	-0,081535530619528673	13780	600,00139851163	13780	-0,0308192339908768
13790	-0,040875245804253439	13790	-0,0804032397643725	13790	600,00053249714927	13790	0,83314227542292163
13800	-0,033617367094602855	13800	-0,070809038471354183	13800	600,00131180064807	13800	0,40619927531952893
13810	-0,028390443155936848	13810	-0,087472014617500676	13810	599,99821928130245	13810	0,61350738969892682
13820	-0,045729460125718761	13820	-0,078316375912223124	13820	599,99926763803046	13820	-0,34122370854778061
13830	-0,040630106899617081	13830	-0,069942807591348369	13830	600,00229772846808	13830	1,5939045264597185
13840	-0,031851655649967163	13840	-0,0780673102209137	13840	599,99949347786867	13840	0,58615359449067683
13850	-0,034529864107748491	13850	-0,075977671346352263	13850	600,00194662199749	13850	0,74819218577336122
13860	-0,026808686156233039	13860	-0,085345463597916421	13860	599,999083879771	13860	0,24396152902068655
13870	-0,026878429996867837	13870	-0,085442619824761576	13870	599,99774794084362	13870	-0,59472364058756888
13880	-0,042220902220704092	13880	-0,08153102576970947	13880	600,00348900714357	13880	1,1038424118851249
13890	-0,035385806194203118	13890	-0,074039360632926668	13890	600,0010199666217	13890	0,25613862212087313
13900	-0,036508026731430783	13900	-0,0698278723177098	13900	600,00150929074209	13900	-0,10802210441100643
13910	-0,031459696276767687	13910	-0,0730569162424455	13910	600,00005382307745	13910	0,401159295831198
13920	-0,046168992441613675	13920	-0,073839445738087345	13920	600,0017369740608	13920	-0,67695490264062674
13930	-0,033098214437821558	13930	-0,081682429848953755	13930	600,00095526855182	13930	0,63031798748591761
13940	-0,0099490725468494353	13940	-0,088353765187370939	13940	599,99816425172992	13940	-0,26095012187450961
13950	-0,037204219957280668	13950	-0,084842223983515361	13950	600,00042747428108	13950	-0,48517915845436155
13960	-0,025127752871481637	13960	-0,085014038463199784	13960	599,99949491483846	13960	0,29538160637440014
13970	-0,036449928091228143	13970	-0,08048156711568058	13970	599,99930091914462	13970	-0,0020015922053853719
13980	-0,042886835945197245	13980	-0,094389683732702567	13980	599,99944391695385	13980	-0,2098873034522713
13990	-0,040768067722377392	13990	-0,087956263343673083	13990	599,996928091969	13990	-0,11060532011530022
14000	-0,036200200521903349	14000	-0,058748007514907885	14000	600,002522844861	14000	0,058872491772343744
14010	-0,022635441706352188	14010	-0,087077688281459009	14010	599,99919398170107	14010	0,31074190284793463
14020	-0,044939030173799459	14020	-0,089281342026528737	14020	599,99907338481592	14020	-1,2772041489419599
14030	-0,046443649386452485	14030	-0,0860361522407938	14030	600,00092686838559	14030	0,34043820213080722
14040	-0,038715368077441	14040	-0,086723327611052031	14040	599,99950615218177	14040	-0,42328147316360226
14050	-0,052147099121514863	14050	-0,081591688662590478	14050	599,99983977933368	14050	-1,0025812278346011
14060	-0,015315397703592915	14060	-0,076960938521253672	14060	600,00013236904965	14060	0,39240478325284356
14070	-0,040708049420690527	14070	-0,0800739560162442	14070	600,000540686343	14070	0,33213042465480891
14080	-0,032940955080067592	14080	-0,0792994779711199	14080	600,00342084963324	14080	0,42133196699867564
14090	-0,035322055755688149	14090	-0,078309339051523721	14090	599,99885363618489	14090	0,094242451498670332
14100	-0,016128577316495432	14100	-0,076718711388871	14100	600,00140472528051	14100	-0,58866542037378033
14110	-0,036624283999148181	14110	-0,074735433467391366	14110	600,00266534779053	14110	0,97061306783860735
14120	-0,027714061024100668	14120	-0,0855234803426483	14120	599,99893763264629	14120	-1,8822788356142111
14130	-0,018624955934091775	14130	-0,0797620862727998	14130	600,00107818211791	14130	0,53486518835505015
14140	-0,032525956782334352	14140	-0,098818173009889543	14140	599,9971475833363	14140	-0,32110188020055236
14150	-0,030581671171462842	14150	-0,081320009919590763	14150	599,99884805210149	14150	-0,56165760026645439
14160	-0,047058251263686707	14160	-0,077831942639933968	14160	600,00116420670622	14160	1,5577000017350016
14170	-0,031928815801327823	14170	-0,092979614180230791	14170	599,995359896681	14170	-0,89822717959752407
14180	-0,026806860955640752	14180	-0,0703442305919288	14180	600,00272493192927	14180	0,76875956487396035
14190	-0,03723438575040549	14190	-0,088164994696148788	14190	599,99808682884213	14190	1,0282108281247573
14200	-0,022450417034238144	14200	-0,079430776720812585	14200	599,99985436095824	14200	-0,15713731354502353
14210	-0,037959657674099243	14210	-0,0771705551140165	14210	600,0021683827174	14210	0,068109018877124949
14220	-0,036829871795034809	14220	-0,090838347926687948	14220	599,99933776770308	14220	0,56561988474607372
14230	-0,02491518810813783	14230	-0,077339225541624812	14230	600,00269793163341	14230	0,50966131542966131
14240	-0,033674732046150409	14240	-0,07690891167447185	14240	600,00147438899182	14240	-0,212111932226911
14250	-0,028364353307553266	14250	-0,0868655234145343	14250	599,99904943068327	14250	-0,968703187265471
14260	-0,032038316914854939	14260	-0,085686650844075118	14260	600,00081654789062	14260	-0,31281890403158996
14270	-0,033812474122269467	14270	-0,086524759492339939	14270	599,998465407374	14270	-0,96879103474139283
14280	-0,037438750721676087	14280	-0,077711730790016934	14280	600,00082238342225	14280	0,36733131505990196
14290	-0,036632538041568186	14290	-0,082755163487498548	14290	599,99693988851664	14290	0,16245427739920321
14300	-0,027781682118141953	14300	-0,080350521091926058	14300	599,99817574787846	14300	-0,91858992657795879
14310	-0,011733743671051008	14310	-0,087054206297659809	14310	599,99874834228228	14310	0,64591530827720256
14320	-0,03616683801780541	14320	-0,08953642747013596	14320	599,99817116215365	14320	-0,34615016136656424
14330	-0,037363506384970012	14330	-0,090886748610352244	14330	599,99900273648166	14330	0,49144210595430304
14340	-0,034032484914679195	14340	-0,08096033480203263	14340	599,99796623455768	14340	-0,44140303857627528
14350	-0,057674389695377172	14350	-0,076022062067832907	14350	600,00077753994856	14350	0,61568765125819813
14360	-0,023036278916529151	14360	-0,0804787987287584	14360	600,00032723977824	14360	-0,1045435449561359
14370	-0,027311063550329352	14370	-0,090622584060659761	14370	599,9995925240105	14370	-1,1246881078549864
14380	-0,048518513042347881	14380	-0,066382567955976121	14380	600,00310515699925	14380	0,47886948934981033
14390	-0,046287364249989672	14390	-0,082032363854848481	14390	600,000026386462	14390	0,12384972588382048
14400	-0,027066766590540241	14400	-0,0775424083301923	14400	600,00007441893285	14400	-0,47278208325866566
14410	-0,054526649327153391	14410	-0,092982284398957324	14410	599,99932324021268	14410	-0,085699033991195023
14420	-0,032037287061746605	14420	-0,076481315364010635	14420	599,99999788153764	14420	-0,0051834180575505984
14430	-0,019417326443681	14430	-0,084847900530215889	14430	600,00020051028832	14430	0,58503075708002117
14440	-0,032200500113295186	14440	-0,096814475998709612	14440	599,99539876345739	14440	-0,23973128332774776
14450	-0,023814378689518675	14450	-0,090794057914510021	14450	599,99903596099034	14450	-0,17530685646268812
14460	-0,0334755351254803	14460	-0,073636805654450577	14460	600,0015872358141	14460	1,4167658294811412
14470	-0,032461480787977948	14470	-0,080206785738320227	14470	600,002048076787	14470	0,3462667201063982
14480	-0,04137538864181816	14480	-0,082336581666199116	14480	600,001329694795	14480	-0,38059591185283487
14490	-0,048580275942966114	14490	-0,092257773924678668	14490	599,99695631797033	14490	0,448279326594629
14500	-0,034355839707975171	14500	-0,063426239873279056	14500	600,00229533387051	14500	-0,527537427611934
14510	-0,034212462060282722	14510	-0,088916672189143078	14510	599,99822029304187	14510	0,089400023227658526
14520	-0,034665889711435319	14520	-0,08146352741731118	14520	599,9986106008032	14520	-0,52559565788495655
14530	-0,036875178854664521	14530	-0,090735906187181359	14530	599,99777959963274	14530	0,18263387673734996
14540	-0,041303714526179154	14540	-0,0839905443012503	14540	599,99764111827631	14540	-0,52642772596059717
14550	-0,030976012986836873	14550	-0,098852734244599658	14550	599,99668914582446	14550	-1,6532320688700322
14560	-0,03157460541968856	14560	-0,094187665731946951	14560	599,99912602155416	14560	0,19161454550728518
14570	-0,030251427326415257	14570	-0,078198532086327779	14570	600,001588828093	14570	-0,88229745068867815
14580	-0,03866037032651963	14580	-0,08071014962985476	14580	600,00150787523728	14580	0,57128522437102613
14590	-0,030897376734511678	14590	-0,085887201889087647	14590	599,99952315380835	14590	-0,030254139245718681
14600	-0,016078763719188191	14600	-0,085717621657827273	14600	599,99928479574328	14600	-1,1910399717823534
14610	-0,025083142573423318	14610	-0,083980216837402435	14610	600,00101890019516	14610	0,59384378084933975
14620	-0,049579538515483509	14620	-0,09959389416631903	14620	599,99769425048351	14620	-0,8040987130753926
14630	-0,031135714814193825	14630	-0,074707780356931611	14630	600,00006854547439	14630	0,36639953411818316
14640	-0,043887389231142208	14640	-0,082663365970382471	14640	600,0018044533025	14640	0,30353070593816867
14650	-0,03502814033240028	14650	-0,085039646046680989	14650	599,999064456683	14650	-0,33477232778962751
14660	-0,028011631580473272	14660	-0,069029523606919649	14660	600,003387106981	14660	0,61772461837505566
14670	-0,030891893144566623	14670	-0,078174475179766625	14670	599,99952120280511	14670	-0,70601823698537058
14680	-0,033291322302060063	14680	-0,067187423776529531	14680	600,00552999949173	14680	1,0326353673161868
14690	-0,029122720339940188	14690	-0,0908858371345148	14690	599,99793701906765	14690	0,28663245625073325
14700	-0,022678816969129281	14700	-0,088100985976840351	14700	599,99782125836646	14700	-0,65236195222899584
14710	-0,029691880219626782	14710	-0,087019738400961458	14710	599,99798439871506	14710	0,55993806936264923
14720	-0,036169950998805094	14720	-0,07327742847890488	14720	600,00104740621612	14720	0,35291176047016604
14730	-0,036020838027515219	14730	-0,072547363696362527	14730	600,001872982895	14730	0,669022525811189
14740	-0,044031840708064471	14740	-0,094934903719983477	14740	599,99579559052938	14740	-0,46244265733246848
14750	-0,039065841083723019	14750	-0,0932624843309765	14750	599,99736990145527	14750	-0,69691969450758662
14760	-0,030494817994855677	14760	-0,0844195955498229	14760	599,99999175740777	14760	0,49960644320544628
14770	-0,041497163511144963	14770	-0,081016244358939046	14770	599,99839096820847	14770	-0,045214411600925541
14780	-0,042694522551886785	14780	-0,070804935462933219	14780	600,002856245978	14780	0,88747791029295731
14790	-0,019927244970055977	14790	-0,085085016436062158	14790	599,99985747884739	14790	-0,26773934131947374
14800	-0,047614950400223149	14800	-0,082702269213918961	14800	600,003285581489	14800	0,10010625789903485
14810	-0,038493729595263496	14810	-0,076552658329457166	14810	600,00287717006972	14810	1,0611190913227138
14820	-0,042953719766353433	14820	-0,082442294738418936	14820	599,99903709587443	14820	-0,65129242445409263
14830	-0,04733700945367756	14830	-0,067242038009842867	14830	600,0045695481723	14830	0,4047191060750871
14840	-0,0335824425118283	14840	-0,0948532667271766	14840	599,99581048142886	14840	-0,3043838497294139
14850	-0,03069936608294957	14850	-0,07657481424222666	14850	600,00118143234033	14850	0,10145220640524244
14860	-0,023381396345601022	14860	-0,084639420243123972	14860	599,99985778596215	14860	-0,74702514122103869
14870	-0,02064665815344217	14870	-0,095930397667238432	14870	599,99748839803533	14870	-0,92264531455522036
14880	-0,03624255158880417	14880	-0,068119360845639271	14880	600,00404873179173	14880	0,944661963303513
14890	-0,030063972047004586	14890	-0,080477858246690931	14890	599,99871900160019	14890	0,54922012040814872
14900	-0,040346767676491688	14900	-0,080467147671180683	14900	600,00055537563844	14900	0,015282873065052549
14910	-0,030537396348942727	14910	-0,084598003295396643	14910	600,00049040904571	14910	0,27962248110842014
14920	-0,054115393541228587	14920	-0,075641010820518453	14920	600,00151206120859	14920	-0,21128863888418281
14930	-0,041727126705272254	14930	-0,08659701157841454	14930	599,99836398641833	14930	0,15825254450053355
14940	-0,038484788298311264	14940	-0,078490054069984411	14940	599,99846354642307	14940	0,0067681244514031791
14950	-0,030761163703794656	14950	-0,084214256145054539	14950	600,0000012898555	14950	-0,97363186030694027
14960	-0,036008546576713062	14960	-0,090250879431234374	14960	600,00032260916089	14960	0,782358159873483
14970	-0,035456540422184969	14970	-0,077857214368901348	14970	599,9992453774961	14970	0,40842568483572261
14980	-0,032391533859914834	14980	-0,066212380497869358	14980	600,00263117425663	14980	1,2619114114941463
14990	-0,037179924849148595	14990	-0,081689343227745889	14990	599,9983978102415	14990	-0,086644077562711891
15000	-0,037579618451614144	15000	-0,079458134044582213	15000	600,00163024578887	15000	0,68168130939157823
15010	-0,030340958245630229	15010	-0,087829830329042208	15010	599,99954427829539	15010	-0,19938870770493725
15020	-0,030614482923552989	15020	-0,073224496214756157	15020	600,00313344012136	15020	1,5625650425098658
15030	-0,030226796603160636	15030	-0,077564265194421986	15030	600,0003690115982	15030	0,037028864537391508
15040	-0,036718310862032345	15040	-0,073440354875855055	15040	600,00056858141556	15040	0,35232766360167389
15050	-0,052178224135185962	15050	-0,087324817535630164	15050	599,99984670838091	15050	-0,47106915174428143
15060	-0,03587952989375634	15060	-0,070970680746851561	15060	600,0006921525154	15060	1,3144419861263081
15070	-0,027954532433761614	15070	-0,073567806834739471	15070	600,0019441936646	15070	0,0048905853135084443
15080	-0,036982474422019018	15080	-0,065441888728626441	15080	600,00345671430648	15080	1,0129251307813099
15090	-0,029615595768999532	15090	-0,087154665021362959	15090	599,99639294036251	15090	-0,043026926056713544
15100	-0,033006743902623426	15100	-0,083993981811687324	15100	600,00085063454037	15100	0,0045144861894586552
15110	-0,033538027737037221	15110	-0,086656736133203377	15110	599,99817124501328	15110	0,87427295805480176
15120	-0,031701783583627359	15120	-0,08755680088448814	15120	599,99977632330479	15120	0,40003640654411965
15130	-0,034930531915724532	15130	-0,087851504143594022	15130	599,99988551164768	15130	-0,77763765586487144
15140	-0,037953857616909788	15140	-0,081135243391636913	15140	600,00017046670484	15140	0,33604109220493783
15150	-0,020943355861804236	15150	-0,073784592244045391	15150	600,0028323097406	15150	0,54103712897275791
15160	-0,02758295507188201	15160	-0,07654008275249892	15160	600,0003692969766	15160	-0,1678585618628384
15170	-0,040924772845504706	15170	-0,075210807916068045	15170	600,00152137890927	15170	-0,28777939518570245
15180	-0,033492486164360527	15180	-0,084264593021290524	15180	600,00213259105806	15180	-0,64897903663069612
15190	-0,051176409092345256	15190	-0,091085485262654822	15190	599,99908349109489	15190	0,31186450489402368
15200	-0,034788198741397845	15200	-0,071559840609466532	15200	600,00100996620665	15200	0,15296548596446091
15210	-0,025642189273266443	15210	-0,075887281350826147	15210	600,00070391553481	15210	-0,48262049021119535
15220	-0,040335166073491073	15220	-0,093304983838477726	15220	599,99462331786174	15220	-1,9730845072991072
15230	-0,035089844055928424	15230	-0,088432376719174727	15230	599,99852059323871	15230	0,60941120273572658
15240	-0,024926402133205204	15240	-0,095908521093253166	15240	599,99553647551727	15240	-1,3005678929877991
15250	-0,023628002649280434	15250	-0,092527775002989157	15250	599,99818087765084	15250	-0,78797750923752452
15260	-0,019671849351037721	15260	-0,088212839019669989	15260	599,999585082824	15260	0,75667508570625885
15270	-0,041837009707231095	15270	-0,078159405787486744	15270	600,0012338123073	15270	-0,15735181867029177
15280	-0,02755677344783412	15280	-0,08248639626058038	15280	600,00196897948877	15280	-0,2570885260747785
15290	-0,0467524728434768	15290	-0,07516982031399419	15290	600,0005726534946	15290	-0,40868585221847975
15300	-0,022413585993542897	15300	-0,088244191591873591	15300	599,99925944556412	15300	-0,73005967785225867
15310	-0,04151096430973078	15310	-0,072872296773735912	15310	600,0034765075668	15310	0,58980834884712285
15320	-0,033848427046759284	15320	-0,090809595137862451	15320	599,99566905086908	15320	-1,6177499965280904
15330	-0,032613049235118652	15330	-0,084141242532418933	15330	600,00216832966157	15330	-0,752008518556602
15340	-0,036536004902925134	15340	-0,085649687316878359	15340	599,99799095901278	15340	-0,51821967210246522
15350	-0,018516557301714642	15350	-0,092890227824856134	15350	599,99546636098592	15350	-1,4386645280115955
15360	-0,026062984264482808	15360	-0,097259938018569483	15360	599,99699161723663	15360	-0,71086638452689677
15370	-0,021797181129907528	15370	-0,0977386808525548	15370	599,99629265336193	15370	-0,8296913040917443
15380	-0,038065977419130662	15380	-0,08564651513461774	15380	599,99991786841349	15380	-0,27753559181629811
15390	-0,030422433166477129	15390	-0,089574232483062968	15390	599,99447649749789	15390	-0,54458850979258844
15400	-0,040581185672425892	15400	-0,081918251639037751	15400	600,00158729980569	15400	-0,49706267269141274
15410	-0,032607800877723074	15410	-0,0653957390169498	15410	600,00600348373507	15410	0,30099010056127945
15420	-0,037795993825238551	15420	-0,0853703528021106	15420	599,99900317158608	15420	-1,2198105259279855
15430	-0,034083257741493046	15430	-0,098001996016370913	15430	599,99916036029026	15430	-0,61722544925729239
15440	-0,036631000930339469	15440	-0,087300900549692223	15440	599,99796285546336	15440	-0,10944983105367487
15450	-0,027447622874879292	15450	-0,078825295966897621	15450	600,00248262595233	15450	0,11078710451516868
15460	-0,039248663555911251	15460	-0,088435128652017039	15460	600,00110755142884	15460	1,0747266176041292
15470	-0,052620498456573357	15470	-0,065462901736701051	15470	600,00209113433391	15470	0,0924867560331921
15480	-0,030400477827852497	15480	-0,085219263240448581	15480	600,000883330281	15480	-0,014141797259651145
15490	-0,039601216527385318	15490	-0,073994096356934172	15490	599,99961638464856	15490	0,47517872215129703
15500	-0,037595770749927794	15500	-0,07119449475106944	15500	600,00192712591615	15500	0,62170673419213229
15510	-0,025560106472537109	15510	-0,092841593211744261	15510	599,99749531685563	15510	-0,11303645973474011
15520	-0,031525080584078609	15520	-0,07823865831836771	15520	600,00050591678894	15520	-0,51902910479969389
15530	-0,030035218258769609	15530	-0,074444535296404948	15530	600,00202188286335	15530	1,3245513162463198
15540	-0,029551314051441371	15540	-0,097269542059581882	15540	599,99543999921241	15540	-1,4840529814550347
15550	-0,033899916996265968	15550	-0,086153758356358745	15550	599,99954640356123	15550	-1,1808223105607589
15560	-0,043052028720037494	15560	-0,074082338276529353	15560	600,002140762367	15560	0,24022073359961543
15570	-0,047031822488747418	15570	-0,088627789009074059	15570	599,99717498422638	15570	-0,32153242477934729
15580	-0,028353669642951558	15580	-0,096897503682423683	15580	599,997674989697	15580	-0,3937576709427712
15590	-0,034967820042033068	15590	-0,07353585216238881	15590	599,99948702665733	15590	0,76747443758004974
15600	-0,030900653699019804	15600	-0,078139991958662766	15600	600,00066952614679	15600	0,59639436919503308
15610	-0,036076409423253089	15610	-0,086597127547536956	15610	599,99847376251569	15610	-0,045642874443907328
15620	-0,049768350351038493	15620	-0,07354297339113	15620	600,00386362996915	15620	0,13532431110676621
15630	-0,019625600119136815	15630	-0,075822629750596976	15630	600,00217552145045	15630	0,41355022101894984
15640	-0,040837119656006747	15640	-0,082341976401267725	15640	600,00160071284154	15640	-0,32949030510594213
15650	-0,028875235805629888	15650	-0,068829809958244947	15650	600,00277860666733	15650	0,93350458478991849
15660	-0,03250593012303632	15660	-0,091609266824841537	15660	599,99862163313037	15660	0,30695152933537317
15670	-0,041901914509398695	15670	-0,086820323112964337	15670	599,99750111922367	15670	-0,72154653347449838
15680	-0,040409359470829409	15680	-0,090796695268848579	15680	599,99846255146156	15680	0,75622556369752814
15690	-0,037150509288929892	15690	-0,0811464916236056	15690	600,00017694148607	15690	0,91032712840089691
15700	-0,023664163028115966	15700	-0,070907172676428848	15700	600,0021889518855	15700	0,094419481130795041
15710	-0,044206404128092576	15710	-0,072631556268149322	15710	600,00222708443948	15710	0,65729122008696728
15720	-0,024570256562748551	15720	-0,087081977787028184	15720	599,99701174910638	15720	-0,37565181409938775
15730	-0,030092738469383335	15730	-0,077773016279283638	15730	600,0018599962998	15730	0,60908760674876639
15740	-0,0447368252505288	15740	-0,075651689349379228	15740	600,001125528573	15740	-0,052527589363959737
15750	-0,0342798962506574	15750	-0,089930863251799845	15750	599,99821444838756	15750	-1,5525699659441812
15760	-0,0348643058814848	15760	-0,072695154149920213	15760	600,0034803723961	15760	1,4961580254145512
15770	-0,032058161971574274	15770	-0,085854419919847477	15770	599,99732723066586	15770	-0,90307329009489845
15780	-0,038411370671097365	15780	-0,084642968220305065	15780	600,00133640515742	15780	0,55092104216665827
15790	-0,029722939340721188	15790	-0,080636338882536671	15790	599,99843984083839	15790	-0,82141699308630778
15800	-0,037732537584515037	15800	-0,06860992325142129	15800	600,00407825578588	15800	0,39962613370389133
15810	-0,036055936321500774	15810	-0,077098504641487972	15810	599,99940471094646	15810	0,088072006044614709
15820	-0,03769558361362399	15820	-0,0835412282019821	15820	599,9985250973233	15820	-0,51089535671339481
15830	-0,037286608347517673	15830	-0,078709193358142568	15830	600,00085245440459	15830	0,91017637679699992
15840	-0,021717892743811987	15840	-0,08797228236326339	15840	599,99663074761611	15840	-0,70397496335108889
15850	-0,016103915413981804	15850	-0,078906380272397242	15850	600,001835068945	15850	0,65676365485518817
15860	-0,026478062155925648	15860	-0,072794757012686409	15860	600,00093714331911	15860	0,33745853562305889
15870	-0,031790734408784951	15870	-0,073159101360850853	15870	600,00131361313436	15870	0,013992606311386664
15880	-0,029938213627730383	15880	-0,0748170311307198	15880	600,00397595407412	15880	0,88548565706657278
15890	-0,052424445337476429	15890	-0,093303581626377058	15890	599,998758812066	15890	0,61745006674893965
15900	-0,044003017940014169	15900	-0,066649266658792561	15900	600,00134729964259	15900	0,34589273543928978
15910	-0,033326247644239783	15910	-0,08939228629656186	15910	599,99844805398743	15910	-0,318918975058164
15920	-0,026901663591283327	15920	-0,071170416140838536	15920	600,001807482284	15920	0,034834852913053882
15930	-0,032551179535270321	15930	-0,07514257026528294	15930	600,00358198304968	15930	0,27545785419299
15940	-0,040251838964303704	15940	-0,07987276971460297	15940	600,00161132543951	15940	0,77488970339138386
15950	-0,058491198527566471	15950	-0,0770648529660637	15950	600,00165580146768	15950	0,34281612518036586
15960	-0,034702509649415278	15960	-0,087645315594650622	15960	599,99763081518472	15960	0,58518096501786676
15970	-0,029233043639173513	15970	-0,08498668983624881	15970	600,000530546975	15970	0,14910964172625027
15980	-0,026612951821014631	15980	-0,080293410046218608	15980	599,99917696239208	15980	0,58130089157611964
15990	-0,043895687560834937	15990	-0,078484083493316065	15990	599,99902467756465	15990	1,1842808909700695
16000	-0,031698254744710885	16000	-0,08538646063685161	16000	599,99978662198259	16000	0,34588134749393729
16010	-0,040149099161208089	16010	-0,082145044600529793	16010	600,00188134479322	16010	1,1106514421161018
16020	-0,030714131580856105	16020	-0,075888546084972988	16020	599,99899825136276	16020	-0,78256273127230846
16030	-0,0096929593778111531	16030	-0,0903217188412709	16030	600,00069792103318	16030	-0,50728885962831
16040	-0,052974733065215572	16040	-0,0818766813197975	16040	599,99985710383294	16040	-0,9878461262218643
16050	-0,042605026796626089	16050	-0,072133867712419447	16050	600,0018123802364	16050	-1,0405116134137602
16060	-0,027950214099418478	16060	-0,082096869944241938	16060	600,00201930334651	16060	0,704717321274972
16070	-0,051215921045186033	16070	-0,085997937632188173	16070	599,99570608547936	16070	-0,66765804310548327
16080	-0,03846787641573355	16080	-0,067985133041442714	16080	600,00498896288991	16080	0,93634448342467658
16090	-0,035489199160764484	16090	-0,099965544300980924	16090	599,99358998720538	16090	-0,15186580124020263
16100	-0,035104253861057561	16100	-0,075045555254441967	16100	600,000586973908	16100	-0,17811558831758093
16110	-0,045657493112142261	16110	-0,081617076422416154	16110	599,99963301284868	16110	-0,067514886495164239
16120	-0,032328742806088932	16120	-0,083063367870130425	16120	599,99810197254453	16120	-0,23380209665936566
16130	-0,012301449626408488	16130	-0,084177170081252389	16130	600,00017836493328	16130	0,49819644821852166
16140	-0,026939619001626391	16140	-0,087606030790754574	16140	599,99860557021145	16140	0,11609165216265108
16150	-0,050913284324837361	16150	-0,0874704849284444	16150	599,99951788996964	16150	-0,23406524477375321
16160	-0,035747853305746848	16160	-0,075611483592485665	16160	600,0034350411687	16160	0,0095063745920921372
16170	-0,03854983282224874	16170	-0,073716406199560991	16170	600,0017327103003	16170	0,57711282426386856
16180	-0,024305330207283711	16180	-0,088714369519315314	16180	599,99904335083431	16180	-0,54111171753438492
16190	-0,03013594273817859	16190	-0,081262213643696138	16190	599,99991831318653	16190	-0,85527111387148358
16200	-0,037584056061555543	16200	-0,068913375980692831	16200	600,00374421801484	16200	1,4841103272504039
16210	-0,0360552665137433	16210	-0,078720291727995786	16210	600,001520626809	16210	-0,26207963554395841
16220	-0,016423432432694056	16220	-0,082898230911394755	16220	599,99839336992409	16220	-1,2883161579510263
16230	-0,02894119213810397	16230	-0,075778259114780658	16230	600,00254142297979	16230	1,3214875329898315
16240	-0,0321800805022246	16240	-0,079948897518392154	16240	600,00062049679741	16240	-0,26427968138574282
16250	-0,028617769092569065	16250	-0,0780972182708683	16250	600,00042180418632	16250	0,12568954412693806
16260	-0,021605028664456877	16260	-0,092275774026495672	16260	599,9973226915464	16260	-0,40173246157157189
16270	-0,036678620558261328	16270	-0,096755841104804771	16270	599,99590050217921	16270	-1,1272512913035482
16280	-0,047796394794566495	16280	-0,082880933559135436	16280	600,00113185236614	16280	1,2526718080288077
16290	-0,032796278564982087	16290	-0,076359640316728261	16290	599,99895670156207	16290	-0,019707774478557982
16300	-0,034499799814796513	16300	-0,085160367829257233	16300	600,00197207188307	16300	-0,40672695994509078
16310	-0,036011081764466289	16310	-0,075593353568893032	16310	600,00282799404908	16310	0,67717742472713749
16320	-0,025957014868125086	16320	-0,077301988474368519	16320	599,99989908144983	16320	-0,65694026998634614
16330	-0,025770120750276494	16330	-0,087294916068889852	16330	600,00052445761833	16330	-0,1127724016892967
16340	-0,030975942195567346	16340	-0,080755983020590671	16340	599,99933605458875	16340	-0,0663801074747617
16350	-0,038344155514238996	16350	-0,089242653276176129	16350	599,99981652584665	16350	0,22931318860181932
16360	-0,022842309889389647	16360	-0,076533035099364918	16360	600,0003105793196	16360	0,76408522102826615
16370	-0,034288202907137792	16370	-0,077260753565456461	16370	600,00146871236655	16370	0,15340381987063156
16380	-0,027103376401696317	16380	-0,085961994787202137	16380	599,99951685943847	16380	-0,68969919459883622
16390	-0,030213791217782431	16390	-0,087935231642157427	16390	599,99756908428685	16390	-0,053273322375360754
16400	-0,027707412864491816	16400	-0,081239515045862215	16400	600,00030872041293	16400	-0,60923351188979047
16410	-0,03932390908121787	16410	-0,087634817475687576	16410	600,001251806042	16410	0,49083534080390967
16420	-0,028856930859377627	16420	-0,088671258231501168	16420	599,996200229056	16420	-0,44083725273605689
16430	-0,027261013106953884	16430	-0,081754634353080571	16430	600,00020698835226	16430	-0,313053491903434
16440	-0,035298655779155891	16440	-0,098194022154957969	16440	599,99748270114594	16440	-0,85099999851254371
16450	-0,026234200697999314	16450	-0,082434188538868108	16450	600,00023417739	16450	-0,6618102721976995
16460	-0,024492618990775272	16460	-0,068744951199871562	16460	600,00323423022735	16460	1,1204807210054146
16470	-0,034933835127311096	16470	-0,071977549279459388	16470	600,00025945712889	16470	-0,14047044882197088
16480	-0,028697308094345102	16480	-0,082305958395300485	16480	600,00095519390425	16480	0,068805364559937521
16490	-0,039214213570772809	16490	-0,079339271173256024	16490	600,00025010668264	16490	0,572763596353352
16500	-0,0418126411916665	16500	-0,084955267979767587	16500	599,99865703032879	16500	-0,35470298786277421
16510	-0,038319400348154023	16510	-0,088562695248608631	16510	599,9993711919268	16510	0,28101280420612995
16520	-0,025718252874129353	16520	-0,08414786067678208	16520	599,99706418845733	16520	-0,32817398146767585
16530	-0,009644808173502677	16530	-0,08538117082525333	16530	600,000438790227	16530	-0,42683841936007577
16540	-0,050660698851368952	16540	-0,065527773215757118	16540	600,0013176583052	16540	0,38925864106108243
16550	-0,029802817573018281	16550	-0,083812403917677789	16550	599,99967867521013	16550	-0,37989079822045463
16560	-0,029302220730609316	16560	-0,095480163401410814	16560	599,99795438214016	16560	-0,8260692189483716
16570	-0,046458227478598658	16570	-0,084018655246796067	16570	599,99780237934044	16570	-0,11414161019883162
16580	-0,0310423043243627	16580	-0,088255016537687	16580	599,99867861297571	16580	0,48451403115912495
16590	-0,034139638897873442	16590	-0,080757678420927848	16590	599,998704647703	16590	-0,54797191840824067
16600	-0,037661729220169526	16600	-0,07818937282035103	16600	600,00205366336036	16600	0,062155540338217186
16610	-0,023383750299815209	16610	-0,078873106819907585	16610	600,00064681480455	16610	0,48058084365432185
16620	-0,032898260640138177	16620	-0,0718725566659794	16620	600,00277765081671	16620	-0,036406477625873374
16630	-0,024043432646269066	16630	-0,08129881319397983	16630	600,001588623162	16630	0,29691668193890336
16640	-0,0559722154509768	16640	-0,0824433982251357	16640	599,99930033193175	16640	0,098428764852939055
16650	-0,04101210752473624	16650	-0,079685687246961678	16650	599,99989682111561	16650	0,2503812074983417
16660	-0,028805170870887374	16660	-0,086678717995607682	16660	599,998276901841	16660	0,50576193082729448
16670	-0,0217729695076232	16670	-0,086401926993967634	16670	599,99775730511828	16670	-0,64367313944828086
16680	-0,024856581498840995	16680	-0,089512833099892039	16680	600,00130977398919	16680	-0,32456359309299532
16690	-0,035659446646870728	16690	-0,0872124303519964	16690	599,99775989380737	16690	-0,49560324904293607
16700	-0,0367429985869237	16700	-0,0883350094513725	16700	599,99942769995823	16700	-0,41266920271635377
16710	-0,033663822047449783	16710	-0,0791923662011223	16710	600,00111906501172	16710	0,71411949436832911
16720	-0,023847686476829562	16720	-0,073248587105289434	16720	600,00260041120646	16720	-0,024614594828048453
16730	-0,038751951198067361	16730	-0,085131691927429878	16730	600,00016302099982	16730	0,041223967080246116
16740	-0,021974313570576203	16740	-0,085770752824677207	16740	599,99942855866539	16740	-0,34853655373270032
16750	-0,038728790534121635	16750	-0,070482976803122946	16750	600,00264799349429	16750	-0,046582321152757733
16760	-0,036277068164601016	16760	-0,08345739338754761	16760	599,999603568292	16760	-0,1166487886447064
16770	-0,03148627191733825	16770	-0,072972593913690181	16770	600,0021176155268	16770	-0,51244586099700129
16780	-0,021442919162028427	16780	-0,078569372952801933	16780	600,00239936533251	16780	0,83255815940344435
16790	-0,028523881367270704	16790	-0,09221947858301198	16790	599,998213738882	16790	-1,0161652745387211
16800	-0,02929785046286212	16800	-0,0837099873340907	16800	599,99906562437457	16800	-1,0866803963313874
16810	-0,036787040046706444	16810	-0,08124770145620866	16810	599,99993791456473	16810	0,78968640466153273
16820	-0,031565299223919693	16820	-0,081948083359896645	16820	599,99712598691679	16820	-0,19088286159920137
16830	-0,030928858748740275	16830	-0,082249422017730722	16830	600,00235186201928	16830	0,55871224626626492
16840	-0,0335716406842398	16840	-0,087695344583077733	16840	599,99782456011383	16840	-0,37446751275202361
16850	-0,029550196430301684	16850	-0,081102106025465789	16850	599,99824561236437	16850	-1,1262980679781285
16860	-0,0320145146493955	16860	-0,077485253318153258	16860	600,0004957035826	16860	1,1502141224577696
16870	-0,033815898119575076	16870	-0,075519942686802607	16870	600,00025763700455	16870	0,37101097208867984
16880	-0,0245865757637666	16880	-0,078785387454282929	16880	599,9996341612673	16880	-0,17192632029528646
16890	-0,043250547951702058	16890	-0,0845359574186741	16890	599,99888000933367	16890	0,70022476938114342
16900	-0,029638094321758832	16900	-0,085980180301637385	16900	600,00104683212078	16900	-0,33274138700267464
16910	-0,041981874652025596	16910	-0,082297116133116924	16910	600,00223980130693	16910	1,1701065525606602
16920	-0,046065475230132893	16920	-0,089051110287912724	16920	599,997878184653	16920	-0,12581075723636959
16930	-0,02078485103942786	16930	-0,096175376364428675	16930	599,99647042917707	16930	-1,7028609021711838
16940	-0,03497886197926188	16940	-0,086968204602004509	16940	600,00210068725562	16940	0,17217639794458561
16950	-0,028465906766350243	16950	-0,0744860374200335	16950	600,00317200179882	16950	0,16650249036012066
16960	-0,04019459750172448	16960	-0,078857862682138583	16960	600,00088912601757	16960	0,64177704358803955
16970	-0,040497129033840659	16970	-0,082107079397936517	16970	599,998608755853	16970	-1,7413779851623232
16980	-0,038887186000464383	16980	-0,083629631173183561	16980	599,99991356616715	16980	-0,412312034011829
16990	-0,044714705797285946	16990	-0,085473475793692258	16990	599,99785289665431	16990	-0,72117380681430465
17000	-0,028027737852024795	17000	-0,0890803435579991	17000	599,99712983316067	17000	-0,70408790391402554
17010	-0,023771406899990678	17010	-0,083073052225732344	17010	600,00020667077035	17010	0,423038620447334
17020	-0,037431467170188963	17020	-0,075173292422349311	17020	599,99974691006173	17020	0,45436713744023749
17030	-0,014805431884257926	17030	-0,091434849441740268	17030	599,99884126040877	17030	0,169126871049737
17040	-0,024027449590647138	17040	-0,099252704393967245	17040	599,995046640441	17040	-1,1589608260812689
17050	-0,040903873289546921	17050	-0,086705395064532842	17050	600,00047116366829	17050	0,23079446600242071
17060	-0,03396249716547526	17060	-0,086799790564885959	17060	599,998978739063	17060	0,32033731036723451
17070	-0,032530069394444014	17070	-0,076616739942217127	17070	599,99991608141568	17070	-0,87065214167634442
17080	-0,032134624398100158	17080	-0,084012801740445578	17080	600,00066684404646	17080	1,0170119166179719
17090	-0,036396794352375458	17090	-0,088662382493736355	17090	599,99685952698212	17090	-1,4843742388067531
17100	-0,04843544605204566	17100	-0,080952189899914789	17100	600,00246549461167	17100	0,14325571023862449
17110	-0,042417306995212969	17110	-0,0829339342020573	17110	600,00105647409328	17110	0,34294714121910996
17120	-0,045309881965202012	17120	-0,073436237060737916	17120	599,99922227870422	17120	-0,0048181435414803575
17130	-0,031489952000304876	17130	-0,081884727658190742	17130	600,00092259516236	17130	-0,18245931507784019
17140	-0,029540181573896016	17140	-0,08776228429815125	17140	599,99769879345342	17140	-0,21198120043093965
17150	-0,020087033014125111	17150	-0,091079599775811065	17150	599,99827938390342	17150	-0,10348651682703466
17160	-0,027809854128004231	17160	-0,094282576342557073	17160	599,9974959592796	17160	-0,12090934135904191
17170	-0,028620440428177161	17170	-0,085283306416416932	17170	599,99709698422373	17170	-0,53176955282956073
17180	-0,040171143773816892	17180	-0,075353438142099771	17180	600,00286897941157	17180	0,21621651444931272
17190	-0,049479304421068827	17190	-0,068558034766815837	17190	600,00132557365612	17190	1,4465816650680436
17200	-0,025929695754852662	17200	-0,084197654815062362	17200	599,99841664339635	17200	-1,0497326781215952
17210	-0,024912016181565546	17210	-0,071812329924258386	17210	600,00294006519937	17210	0,96875866233785657
17220	-0,0343245183356315	17220	-0,087469894088393507	17220	599,99601827727668	17220	-1,3236174430884662
17230	-0,030785927194889477	17230	-0,082515926477759516	17230	600,0001040924019	17230	-0,53050013905012028
17240	-0,028245620637747507	17240	-0,082313332081764515	17240	599,99924263050866	17240	-0,72959323250178554
17250	-0,046756489382466036	17250	-0,082047288580427	17250	600,0019872415055	17250	0,293201922256066
17260	-0,023832662696206031	17260	-0,078851961803166781	17260	599,99943272558892	17260	0,00968461233523367
17270	-0,032059720817368104	17270	-0,076329677543496663	17270	600,00018433499531	17270	0,385872574269996
17280	-0,027001105582764581	17280	-0,09233917015364615	17280	600,00003606574	17280	-0,33672626855296689
17290	-0,035354463131667062	17290	-0,0776485164254115	17290	599,99826499548192	17290	-0,98744523767366876
17300	-0,0062615937326853614	17300	-0,076077288275604629	17300	599,99971963143571	17300	0,14780202206311704
17310	-0,037282583154272367	17310	-0,0843843441792096	17310	599,99894643032587	17310	0,1802733510955199
17320	-0,026170324502340039	17320	-0,082771783479077585	17320	599,99857482383823	17320	0,9839537201356382
17330	-0,058509695054236907	17330	-0,083513511883179764	17330	600,00245735321414	17330	0,19787129884352928
17340	-0,029770137076610692	17340	-0,076549410500781928	17340	599,99957734071245	17340	0,48910602777345585
17350	-0,026835139471450619	17350	-0,081299900648769921	17350	600,0010862387162	17350	-0,16916654676907242
17360	-0,042917094010417482	17360	-0,083354845681604645	17360	600,00235520090712	17360	-0,13404042165917446
17370	-0,044596371577337375	17370	-0,092202594134458818	17370	599,99777656455842	17370	-1,3849705771909142
17380	-0,035384817880917137	17380	-0,07147195771295653	17380	600,0038017488921	17380	2,0033983177872532
17390	-0,042295189678701432	17390	-0,087613058887499637	17390	599,99819346792833	17390	-0,63196340652147542
17400	-0,034207331431221469	17400	-0,079539740606882556	17400	599,99974706824537	17400	-0,7837361207357052
17410	-0,030333095527311955	17410	-0,078404169888363254	17410	600,00022693072083	17410	0,5418183762901172
17420	-0,0386602648551441	17420	-0,086332427350876526	17420	599,99833244729371	17420	0,1455874719243298
17430	-0,03313674684933262	17430	-0,087250781453985946	17430	600,001125262358	17430	0,72758491131407732
17440	-0,04584777142589553	17440	-0,079345639883470279	17440	599,99971837591954	17440	0,052664211067831576
17450	-0,03261447486395256	17450	-0,081358143907828237	17450	600,00043502924507	17450	-0,4870041472865908
17460	-0,034358349786606332	17460	-0,086207016492954522	17460	599,99884802886959	17460	-0,54373960704386037
17470	-0,025431666075324162	17470	-0,082766206507777745	17470	599,99768602080064	17470	-0,41636362040940367
17480	-0,02829919969164588	17480	-0,0780977086192287	17480	599,99912505629527	17480	-0,37800105435900705
17490	-0,013470116882268894	17490	-0,094771895915206586	17490	599,99807450545154	17490	-0,60127365833371826
17500	-0,035254675753284143	17500	-0,078440787862429542	17500	600,00294044085058	17500	0,45618142173703446
17510	-0,034212364274620731	17510	-0,085184470759057329	17510	600,00069277401019	17510	0,69367963599379467
17520	-0,044259206445742993	17520	-0,075463449282325942	17520	600,00122390760953	17520	0,53086943387291563
17530	-0,021482915430805726	17530	-0,0679974565380206	17530	600,00334116876741	17530	1,1084231281264179
17540	-0,0371641492046422	17540	-0,075922965778837753	17540	599,99759894205238	17540	0,27059211415214146
17550	-0,033363475229450018	17550	-0,087796749804157859	17550	599,998281900337	17550	-0,33009101494635379
17560	-0,035176196913401896	17560	-0,079044449001208009	17560	600,00147166338229	17560	0,97015844805724161
17570	-0,048438505595097735	17570	-0,091925042627353251	17570	599,99745152103822	17570	-0,79340492298928023
17580	-0,032926880808304894	17580	-0,084688488981940258	17580	599,99998731087237	17580	0,25112490250169639
17590	-0,029469514517831676	17590	-0,08011852908335923	17590	600,00085854254712	17590	0,86433603392641856
17600	-0,046402180595544934	17600	-0,081456769929634715	17600	600,00077620093862	17600	-0,80569650283664651
17610	-0,031319323453262722	17610	-0,087166645854277414	17610	599,99840452423655	17610	0,16883226379458416
17620	-0,032507946589395875	17620	-0,076496715673210008	17620	600,00116293887947	17620	0,30060232308304319
17630	-0,03620892724614419	17630	-0,082769855857304925	17630	600,00112247898664	17630	1,0432061340752363
17640	-0,038110660472396009	17640	-0,10417545239974693	17640	599,99438768448181	17640	-1,7758411944042924
17650	-0,02387226747945434	17650	-0,0796404290958508	17650	600,00380899670915	17650	0,77555264622380615
17660	-0,032622573627588414	17660	-0,083744035557767119	17660	600,00129335786687	17660	-0,13949797748995615
17670	-0,043193571741538532	17670	-0,080705717644621769	17670	599,99896830072134	17670	-0,38106230949974546
17680	-0,045797982276564883	17680	-0,072115373377862751	17680	600,00220356544764	17680	1,4527866507460974
17690	-0,033764064768511459	17690	-0,0884107818026999	17690	599,99680202090678	17690	-0,30737676428087757
17700	-0,025144916373169918	17700	-0,085194833360876132	17700	599,99908765344389	17700	-0,54673977568924725
17710	-0,030655449266509479	17710	-0,083724778982553039	17710	599,99919966871153	17710	0,67210584681852659
17720	-0,019986520221546528	17720	-0,086764377559691061	17720	599,99772709282172	17720	-1,7311228480782241
17730	-0,021414203977487951	17730	-0,09091682222259595	17730	600,00059949497074	17730	0,4009845685990242
17740	-0,019865958152962795	17740	-0,075500732411899349	17740	600,00068647865908	17740	0,1463482703688796
17750	-0,028904306795297794	17750	-0,076229219137592452	17750	600,00293943464919	17750	0,25933013958554751
17760	-0,028703784694520628	17760	-0,083306717696741236	17760	600,00096400306086	17760	0,95757572782091349
17770	-0,043289097857070455	17770	-0,0749854101857728	17770	600,00228993739836	17770	0,061399461999284435
17780	-0,05066912546658129	17780	-0,068007414801748947	17780	600,004209345168	17780	1,6414728891578694
17790	-0,02326923227385869	17790	-0,072075564324637922	17790	599,99988901956885	17790	0,29917312229592946
17800	-0,048646069292315415	17800	-0,084859356273136011	17800	600,00011333283317	17800	0,13744846350725609
17810	-0,029970069035040382	17810	-0,080156307376648875	17810	599,99825147366664	17810	0,36444368725279846
17820	-0,045946380587802552	17820	-0,079135873205354729	17820	599,99999038671967	17820	0,92447427612812472
17830	-0,048047904107464429	17830	-0,077635984327165564	17830	600,00080740478188	17830	1,5569670716897184
17840	-0,0286641786785418	17840	-0,086828244692247508	17840	599,9956536142912	17840	-0,23728949759161333
17850	-0,03237887759157116	17850	-0,0826332634801253	17850	600,00023422667255	17850	-0,78732540844372956
17860	-0,025273596247120972	17860	-0,080591415166205174	17860	600,000374490411	17860	0,38849102912242156
17870	-0,031456406389365324	17870	-0,090644779068166509	17870	599,9981216085904	17870	-0,16965829039652922
17880	-0,022066260030761245	17880	-0,088883839236249859	17880	600,00139344613365	17880	-0,29318097532287068
17890	-0,042153004419338835	17890	-0,079636705810274461	17890	600,00207805236448	17890	1,0645879601419377
17900	-0,023599432513395507	17900	-0,081475737610777282	17900	600,0017925900014	17900	-0,32966847149470568
17910	-0,031168540562416736	17910	-0,070879064194203312	17910	600,00190238477353	17910	1,4806217492788381
17920	-0,035241786845203349	17920	-0,0861660287067296	17920	599,99946780371954	17920	-0,73055167124149145
17930	-0,022464709041342477	17930	-0,0738286804305503	17930	600,00223395145042	17930	0,13263856605031055
17940	-0,035062822842919589	17940	-0,087415751315842852	17940	599,99856214553824	17940	0,55995121695993033
17950	-0,041410633547004118	17950	-0,081244964338691411	17950	599,99994071826393	17950	-0,59492122107687262
17960	-0,028483859394897931	17960	-0,084217414703851579	17960	599,99894471308721	17960	0,28021007261713643
17970	-0,042689419463228746	17970	-0,081504080412078767	17970	599,99899392996952	17970	-1,049295216506833
17980	-0,031674409833400273	17980	-0,082513487898513468	17980	600,00101740785828	17980	0,36754045140477171
17990	-0,041195791661304687	17990	-0,08357452346348071	17990	599,99627433449643	17990	-0,66719166224719184
18000	-0,029347823578388981	18000	-0,0949043449519666	18000	599,99650720328	18000	-0,34192151161790596
18010	-0,029609515867838315	18010	-0,069567168968120416	18010	600,00187478245823	18010	0,552420316480926
18020	-0,0166336654661106	18020	-0,089161375155293959	18020	599,99802986566874	18020	-0,36296024497897172
18030	-0,025493186045147907	18030	-0,089784902064282288	18030	599,99889859051757	18030	-0,51966516718983646
18040	-0,023825876498070612	18040	-0,076309692118665923	18040	600,00095945797341	18040	1,6000799640154311
18050	-0,020651776365569918	18050	-0,081448868966314661	18050	600,00270878823073	18050	0,085724956672731389
18060	-0,03690196400227503	18060	-0,079695837778750556	18060	600,00213195292167	18060	0,19285077821360175
18070	-0,044057712274043447	18070	-0,075093311853100544	18070	600,00147228315416	18070	0,39884467019200831
18080	-0,02993820315357754	18080	-0,089770483664723025	18080	599,99908190540282	18080	-0,36469701023571094
18090	-0,033582858993509254	18090	-0,081453479500572926	18090	599,9967704421498	18090	-0,40945608572451664
18100	-0,023769469413375037	18100	-0,082878487336498732	18100	599,99867858882715	18100	0,40757287913567058
18110	-0,027188690453765194	18110	-0,075383530573794155	18110	600,00049959282649	18110	1,1925093564836578
18120	-0,0332853749548658	18120	-0,091853728046139616	18120	599,99628536672731	18120	-0,24524886042089422
18130	-0,036353234342499943	18130	-0,084238501997708187	18130	599,9996393775848	18130	-0,765379932972795
18140	-0,046562007016061648	18140	-0,079723394457709151	18140	599,99840814069569	18140	-0,13269264887008969
18150	-0,026139055401414202	18150	-0,07011820747636123	18150	600,00184529175067	18150	0,28244182363562387
18160	-0,025900939766345225	18160	-0,076391441426682971	18160	600,00372788758682	18160	0,70750915068244158
18170	-0,023872610750647175	18170	-0,080547472173221363	18170	599,99818018920655	18170	0,15572442546440071
18180	-0,019180210320662888	18180	-0,085804853832237	18180	600,00066180917725	18180	-0,50414710061487689
18190	-0,028260752382246058	18190	-0,073539472734624592	18190	600,0017284632512	18190	0,64808320862814872
18200	-0,037192313266286824	18200	-0,084510375774206045	18200	600,00007473021049	18200	0,2572788685613282
18210	-0,021138266884942577	18210	-0,080624473143693864	18210	599,99847400567864	18210	-0,16623511622053416
18220	-0,025863369105824381	18220	-0,077138129112016868	18220	599,9988876662735	18220	-0,73719389253312251
18230	-0,03008317311031496	18230	-0,0759286098957897	18230	600,00093416676327	18230	0,662250127472941
18240	-0,037211313378156231	18240	-0,075694001077683065	18240	600,00156297729666	18240	0,79328415200553482
18250	-0,029949341619619589	18250	-0,0833697073811324	18250	600,0001348390698	18250	-0,26460139870212146
18260	-0,035952359792620826	18260	-0,081467907674905554	18260	599,99952525205947	18260	0,40213467158386973
18270	-0,042493261787900055	18270	-0,083925082213999788	18270	600,00043894531	18270	0,06939413261397534
18280	-0,022665498848657671	18280	-0,084954436861088542	18280	599,99867905052417	18280	-0,6332609176216546
18290	-0,037377865111982662	18290	-0,094978699955260842	18290	599,99661324522	18290	-1,2583496038671449
18300	-0,0235947928899269	18300	-0,08539205211113278	18300	599,99885343113226	18300	-0,68736881651258586
18310	-0,048819075131079595	18310	-0,084437515588231149	18310	600,00075763304119	18310	-0,28579086138775328
18320	-0,0263513817223967	18320	-0,075367025275487054	18320	600,00052584801722	18320	-0,57556566547168841
18330	-0,033451203429343018	18330	-0,072982645710500921	18330	600,00327335195243	18330	0,76303057004747377
18340	-0,042313228215117044	18340	-0,080605644626164444	18340	600,0015362463854	18340	0,70109274525711152
18350	-0,042403661167485195	18350	-0,076741679030748508	18350	600,00164484436721	18350	0,7034008234623309
18360	-0,032086785988893259	18360	-0,089644414220564073	18360	599,99803513101142	18360	-0,62445655380756626
18370	-0,04295609453033284	18370	-0,0857453669211987	18370	599,99786439486491	18370	-0,39511357077549164
18380	-0,041574010785119769	18380	-0,083900702593142987	18380	599,99931631049083	18380	0,24568503805547376
18390	-0,03772119171529334	18390	-0,083096945200266656	18390	599,99945655983811	18390	0,40063731245960832
18400	-0,035203499801991979	18400	-0,074280780839902708	18400	600,00532277992431	18400	0,067208685335094276
18410	-0,01441286900640445	18410	-0,086514437936274238	18410	599,99984693558986	18410	0,51566884859818474
18420	-0,040128159997641813	18420	-0,076271847258863754	18420	599,99822366542469	18420	-0,80980381218674347
18430	-0,039339590398353608	18430	-0,075384158550768451	18430	600,0035281187179	18430	0,33676692262834945
18440	-0,029390059415632393	18440	-0,085721819415356129	18440	599,99989684220327	18440	1,4565966202790408
18450	-0,030759741438900375	18450	-0,086351005496033112	18450	599,99920761487886	18450	-0,58033806601369486
18460	-0,026339510616689828	18460	-0,09593587730766083	18460	599,99859518861433	18460	-0,29769689081305228
18470	-0,041003330752490873	18470	-0,079454270180796621	18470	600,00029399276525	18470	-0,056627561257210773
18480	-0,031812969416969671	18480	-0,083718441829578966	18480	599,99989057659457	18480	0,137555151040121
18490	-0,057742950434607435	18490	-0,079582790108813917	18490	600,00096452239791	18490	0,536686003527706
18500	-0,042536902633556015	18500	-0,067441999862141874	18500	600,00266759287149	18500	-0,626656484281678
18510	-0,028585267852807968	18510	-0,080556474314187068	18510	599,99922348227051	18510	-0,011182956162099501
18520	-0,0142358101709847	18520	-0,087860439003794422	18520	599,99680010553209	18520	-0,84966114001524984
18530	-0,038831664100628868	18530	-0,086691929165555431	18530	600,00075277245219	18530	-0,22052920186069006
18540	-0,034754168866244065	18540	-0,097161188186700886	18540	599,99791415295579	18540	0,31978890396847326
18550	-0,035848225044124486	18550	-0,084217903539031455	18550	599,99934767718844	18550	0,27632884239610672
18560	-0,039251759035558935	18560	-0,0901291193978309	18560	599,99842135324559	18560	-0,082539834866795864
18570	-0,040544567676768437	18570	-0,092805482333218559	18570	599,996979602958	18570	-0,5401240071354021
18580	-0,024493771604998025	18580	-0,07425154098356615	18580	600,00147554364207	18580	0,24650854609058459
18590	-0,039201005746066	18590	-0,074890038078345544	18590	600,00085171666854	18590	0,041068643173907862
18600	-0,049513773455531492	18600	-0,066793811154045479	18600	600,00392591375771	18600	-0,15511451065944984
18610	-0,01981172894874066	18610	-0,096772999381988328	18610	599,997389887063	18610	-0,12577986562823396
18620	-0,051771854824643034	18620	-0,0730668155243163	18620	599,99958770417106	18620	0,26217261697807304
18630	-0,02535948802406926	18630	-0,082164887703420383	18630	600,00235315168788	18630	0,24487539160390553
18640	-0,047859420708068104	18640	-0,081492072481971808	18640	600,00116939323266	18640	1,0574513106703263
18650	-0,032962737272368342	18650	-0,085089246797278154	18650	599,99948909335069	18650	-0,70682984721345887
18660	-0,030940767158119161	18660	-0,083790126615812158	18660	599,999581840107	18660	-0,44146477935762163
18670	-0,042257365505783157	18670	-0,083843911529499771	18670	599,9996916209252	18670	-0,028460318053913414
18680	-0,026290670916341727	18680	-0,0843789298816336	18680	600,00130800984755	18680	-0,93568069144355825
18690	-0,040862666292165	18690	-0,067465639791830012	18690	600,00178960486846	18690	0,42072632294602585
18700	-0,04431895914985301	18700	-0,08697955982458494	18700	599,99776440559481	18700	-0,699853383985771
18710	-0,023790037457944543	18710	-0,073395080688539574	18710	599,99975897988679	18710	1,0701684194568335
18720	-0,024455237617814939	18720	-0,076216325425221387	18720	599,99964728351927	18720	0,14449723700170086
18730	-0,028195607289641572	18730	-0,070674082188830631	18730	600,00440223923238	18730	1,2294423547940747
18740	-0,029197576583409275	18740	-0,076645657687536992	18740	600,00087124498521	18740	1,153881927377959
18750	-0,034364545314841087	18750	-0,07797117588672163	18750	600,00178921752683	18750	0,74647520430695646
18760	-0,0377217565966282	18760	-0,083042657014132326	18760	600,00093832969071	18760	0,819720101835798
18770	-0,025598315581941949	18770	-0,08336696749400889	18770	599,99820054704958	18770	-0,2618835917674075
18780	-0,02419504055835742	18780	-0,071907592279195839	18780	600,00288625326368	18780	0,86353030503604489
18790	-0,035395195083382285	18790	-0,078786878813411412	18790	600,00193842857675	18790	0,74417297260582183
18800	-0,042447292361545465	18800	-0,074581135505186233	18800	600,00256376079346	18800	-0,45398004430134209
18810	-0,035667421004480108	18810	-0,088841191328960109	18810	599,99913927036937	18810	-0,75288936725086053
18820	-0,027292445041800957	18820	-0,084338873106956674	18820	599,99803330034536	18820	-0,27962918706427609
18830	-0,038584055640276678	18830	-0,0758395538929235	18830	600,00138981073167	18830	-0,15701203632908778
18840	-0,039480591446516125	18840	-0,079304432066913233	18840	599,99972590031041	18840	1,0943617282066724
18850	-0,027569528088649157	18850	-0,089077438126567182	18850	599,99909892509152	18850	-0,68697009619702809
18860	-0,016618843294020261	18860	-0,077316562668103786	18860	600,00063891969785	18860	0,0579193610126506
18870	-0,022112067471092848	18870	-0,081245944600089617	18870	599,99977191211065	18870	0,041466416651588761
18880	-0,034971835934843327	18880	-0,080414072631041486	18880	600,00166837671884	18880	0,070424599695276438
18890	-0,033577007664064712	18890	-0,098133977931725944	18890	599,99549020061943	18890	-0,62328040792990491
18900	-0,031613677063103196	18900	-0,069150088835465223	18900	600,00105822771263	18900	0,24392598359906842
18910	-0,041764346686761253	18910	-0,073683901110984426	18910	600,00147926310638	18910	0,17835442585866146
18920	-0,034480536501554145	18920	-0,0739118418217782	18920	600,00126283594579	18920	-0,27939954947451506
18930	-0,038643791782003611	18930	-0,07025726174520501	18930	600,0052670706898	18930	1,3372977497890282
18940	-0,0423355350612	18940	-0,078352002191441242	18940	599,99989456820936	18940	1,1360095766456384
18950	-0,017920608889862959	18950	-0,080235398472616848	18950	600,00133021036527	18950	-0,25711357104169191
18960	-0,033731845480113966	18960	-0,086320854217546789	18960	599,99834517988018	18960	-0,67061500463405821
18970	-0,0375618505679689	18970	-0,082258279180086269	18970	599,99889132870555	18970	-0,061864253833937122
18980	-0,0300267849612875	18980	-0,076329535980490262	18980	600,0008661961848	18980	0,29618240084399805
18990	-0,048082208608893839	18990	-0,0842578014373249	18990	599,99811809396056	18990	0,32709100368523253
19000	-0,032860499586736709	19000	-0,087449018437940562	19000	599,9987670724181	19000	-0,48600350857843477
19010	-0,049762479196231731	19010	-0,080169911613183653	19010	600,00056556267737	19010	0,1930645387328343
19020	-0,030832504348444072	19020	-0,070798742166761158	19020	600,00158425778193	19020	-0,0072184864814465732
19030	-0,024259633622820957	19030	-0,082722837953303888	19030	600,00107550543055	19030	0,28010756242646712
19040	-0,030346729779290767	19040	-0,082682483925563946	19040	600,00076767158282	19040	0,44688127051509774
19050	-0,029804852347216377	19050	-0,09115321019866171	19050	599,9991932312173	19050	-0,98110561822275455
19060	-0,030656044818606253	19060	-0,090518761521932931	19060	599,99820887598662	19060	-0,78178621216447142
19070	-0,026710412007643711	19070	-0,074673383561795356	19070	600,00119019050931	19070	0,90309918319313187
19080	-0,027327595416630192	19080	-0,079902748453149972	19080	600,00093159809683	19080	0,0707779151323022
19090	-0,031760675500427958	19090	-0,0919203074368447	19090	599,9982737575549	19090	-0,38976450730089779
19100	-0,036011753015520474	19100	-0,088330520117546718	19100	599,99743341462636	19100	-0,7424287895515036
19110	-0,03592004344270211	19110	-0,074235006083976443	19110	600,00310277411609	19110	1,6998131745988092
19120	-0,040319284470190661	19120	-0,079212349577624921	19120	600,00144983828966	19120	0,18548960261593794
19130	-0,044988066767418768	19130	-0,067643538135164036	19130	600,00286561157748	19130	0,62308924981235525
19140	-0,032868517363982476	19140	-0,077005451937933858	19140	599,99875877161526	19140	0,67610481474598161
19150	-0,047717140518073332	19150	-0,077159575852473988	19150	600,00136397613937	19150	0,74757359222337771
19160	-0,030445856842185971	19160	-0,0772152562468546	19160	600,00076819841627	19160	0,076394131543920607
19170	-0,037804327232313258	19170	-0,090834601131121448	19170	599,99866451383343	19170	-0,6983630882832137
19180	-0,038729790635161	19180	-0,0683770301566758	19180	600,00549175530546	19180	1,4192892841486826
19190	-0,033582228997080472	19190	-0,095395004410662815	19190	599,99716741828615	19190	-0,505333040185722
19200	-0,044492344905289735	19200	-0,0861650342947823	19200	599,997851048515	19200	-1,0541978751161225
19210	-0,029274987333658384	19210	-0,076792265230208545	19210	600,0010466041482	19210	0,68438246485825638
19220	-0,047877613921366989	19220	-0,072277905886820121	19220	600,00255295470436	19220	0,10560843312813
19230	-0,024857990996333974	19230	-0,068531882845534922	19230	600,00306721971822	19230	0,54885749543568263
19240	-0,040799582487093519	19240	-0,0867800800681231	19240	599,99647457582944	19240	0,043605074464241771
19250	-0,04750671762042092	19250	-0,0751019576378344	19250	600,00181256021415	19250	-0,11169176895521318
19260	-0,033362700879700134	19260	-0,085363803749393535	19260	599,99987965988032	19260	0,36798492648413106
19270	-0,035192201477083032	19270	-0,093371803123098118	19270	599,99594510712575	19270	-1,3067912560423418
19280	-0,023961565469117953	19280	-0,080438277793136712	19280	600,00102630464	19280	0,84553270828604932
19290	-0,035664953104398531	19290	-0,088615503244712207	19290	599,99748015675709	19290	-0,059602237290841686
19300	-0,043831792553150381	19300	-0,080047710762407256	19300	599,99973700516466	19300	-0,42432714712836139
19310	-0,033929024008215965	19310	-0,0658116507422921	19310	600,00462098883759	19310	1,8453746892810137
19320	-0,049492531342754754	19320	-0,091996972714463013	19320	599,99854574495168	19320	-0,094391073862520769
19330	-0,028249870470273809	19330	-0,073809319917338426	19330	600,0038460452821	19330	0,5379196561560482
19340	-0,02147783803006369	19340	-0,094037617320081535	19340	599,99579380841874	19340	-1,1150173928814358
19350	-0,024500565474065081	19350	-0,091994008054859619	19350	600,00000755718611	19350	-0,58306683706385565
19360	-0,034613132715430379	19360	-0,080481428634905622	19360	599,9990430742339	19360	-0,32280091980501313
19370	-0,037554821957891435	19370	-0,068404990797780924	19370	600,003256298187	19370	1,173694471729789
19380	-0,050768093348756205	19380	-0,0794591110566672	19380	600,0000290166663	19380	0,1510523354666925
19390	-0,037279954151650939	19390	-0,069154128461792433	19390	600,00070315333869	19390	0,6833363215604753
19400	-0,037629064944386836	19400	-0,092198998538988969	19400	599,99877066950512	19400	0,12927391659202364
19410	-0,039574452785178946	19410	-0,083609716973100018	19410	599,999328345715	19410	-0,48568115551604418
19420	-0,02760054552423865	19420	-0,082427187914438343	19420	599,99840898997718	19420	-0,7875062034351461
19430	-0,048147471335468817	19430	-0,084958196432776176	19430	600,00155732876271	19430	1,4213214188648564
19440	-0,032784726650862579	19440	-0,093860996228859517	19440	599,99800049422856	19440	-0,27912391785675095
19450	-0,024799011455403908	19450	-0,085027005421100477	19450	599,99866096707729	19450	-0,27623269589663452
19460	-0,034059695796784743	19460	-0,078385307864384191	19460	600,00317510773641	19460	1,3312298599659533
19470	-0,029788510702290112	19470	-0,078853178013396807	19470	600,00203715910391	19470	-0,11395664566554595
19480	-0,045147504175130519	19480	-0,07863217813702221	19480	599,99997061808085	19480	-0,39434452029101241
19490	-0,039631603996106	19490	-0,078091324431560527	19490	600,00012528300169	19490	0,76624199981544594
19500	-0,030164592459831045	19500	-0,077237172456425252	19500	600,00037533613124	19500	-0,29934284159181895
19510	-0,024962027238055753	19510	-0,077544497720852715	19510	600,00011368254127	19510	-0,00093760327257289694
19520	-0,043926807803243345	19520	-0,07281501102430657	19520	600,00199447121076	19520	-0,049443543365118164
19530	-0,046592694825899714	19530	-0,077572917199046659	19530	600,00164970153548	19530	0,26024001229871585
19540	-0,041114576961682733	19540	-0,094957147608293713	19540	599,99656804792744	19540	0,47286167560893783
19550	-0,032499201026077638	19550	-0,090682456492402044	19550	599,99876268112882	19550	0,38351908537151241
19560	-0,037293393516141457	19560	-0,068878747114621941	19560	600,00404000874789	19560	1,7280930727472361
19570	-0,037301539806590574	19570	-0,085223881213139452	19570	599,99787302628658	19570	0,11090850481908944
19580	-0,034842037769254527	19580	-0,077638036865210452	19580	600,00043837898374	19580	-0,011906347882561397
19590	-0,037504961914904128	19590	-0,071792658293401132	19590	600,003302244027	19590	0,14588049331644787
19600	-0,032337873938792179	19600	-0,085812729774299934	19600	600,00094020795723	19600	-0,24867977175204886
19610	-0,036915241404401458	19610	-0,075840517571602331	19610	600,00141763833	19610	0,81836352965083559
19620	-0,033176861025846792	19620	-0,087222625047762237	19620	599,99686255192955	19620	-0,63437884916611409
19630	-0,031064434259426985	19630	-0,073243289962809335	19630	600,0017034075114	19630	0,59653096379084958
19640	-0,040995834448155126	19640	-0,079328027755727892	19640	599,99936726721353	19640	-0,15155445433548503
19650	-0,025267737616653033	19650	-0,082390804263154788	19650	600,00124746612676	19650	0,57634972538629614
19660	-0,040167038518685388	19660	-0,0742987458868853	19660	600,00120315733932	19660	1,1944609620613491
19670	-0,032039940871269532	19670	-0,0909679286844637	19670	599,99604114262274	19670	-1,0795558070472455
19680	-0,025868103421918472	19680	-0,089884887955471782	19680	599,99894498416938	19680	-0,28036136100769815
19690	-0,037109117086510907	19690	-0,077868682656693042	19690	600,00046221585751	19690	0,28369462548335728
19700	-0,035533660337111556	19700	-0,077371677991678836	19700	600,0024718692971	19700	0,76170282237765463
19710	-0,031992355156539087	19710	-0,083675766622915052	19710	599,99812600938833	19710	-0,14152589782360195
19720	-0,029199661629968291	19720	-0,08535346336532	19720	599,99795430366044	19720	-0,99242824206052171
19730	-0,032091881333834414	19730	-0,082181497458704192	19730	600,00222888484541	19730	0,61917876774562564
19740	-0,033971704707817352	19740	-0,083645292785157921	19740	599,99849352108413	19740	-0,12101460657961935
19750	-0,039904600711299573	19750	-0,08962698236852927	19750	599,99932390063759	19750	-0,916420130982377
19760	-0,039444537244806566	19760	-0,085291561330227944	19760	600,00008579102325	19760	0,1283504621039625
19770	-0,031966590901606973	19770	-0,075390743720846962	19770	600,00063158985813	19770	-0,29516999132797817
19780	-0,043058751002274555	19780	-0,081492441940093779	19780	600,00230710645087	19780	1,4202607915628793
19790	-0,03180840403575369	19790	-0,073929142167079992	19790	600,0013443109965	19790	0,33085366373857733
19800	-0,020397073986952868	19800	-0,092163206759605765	19800	599,99621807079336	19800	-1,292248901339377
19810	-0,045391220283518184	19810	-0,083963638049115233	19810	599,99961016383236	19810	1,2320101206585821
19820	-0,039900038017218982	19820	-0,085451856217713645	19820	600,00010340322308	19820	-0,41021648456889193
19830	-0,040189738565076315	19830	-0,080589678309595569	19830	600,00259523978218	19830	0,43289143933648916
19840	-0,0372656407059014	19840	-0,0862795335604656	19840	599,996135441143	19840	-0,0835269184126618
19850	-0,0462066876290023	19850	-0,085624941557842	19850	600,00007715274887	19850	-0,15782741263227337
19860	-0,02095672071239648	19860	-0,086295500163826686	19860	599,99766477726075	19860	0,13664755314935745
19870	-0,034201436230374069	19870	-0,074825788432293122	19870	600,00062081215242	19870	0,24783051921394295
19880	-0,029313610637607703	19880	-0,084760787617547254	19880	600,00085177868846	19880	-0,37957882114904479
19890	-0,040550349606025771	19890	-0,078545875491382561	19890	600,0016085711211	19890	0,057562394496373404
19900	-0,032445223314688645	19900	-0,0791355107877233	19900	600,0029844860203	19900	-0,059338644563791509
19910	-0,054530629494221036	19910	-0,072995867194497646	19910	600,003547812595	19910	0,72934802580692071
19920	-0,02150596877941903	19920	-0,0786534865232496	19920	599,99943767947263	19920	-1,1744576289232949
19930	-0,039508183803257088	19930	-0,070687040069780036	19930	600,00290613902393	19930	0,67041055086682566
19940	-0,046397461565428143	19940	-0,0801036352249916	19940	599,9969795871441	19940	-0,58794422410409886
19950	-0,030372173080960893	19950	-0,078954164340386351	19950	600,00111436637644	19950	0,99659763471179375
19960	-0,017550563147735537	19960	-0,081905308635249752	19960	599,99722704215333	19960	0,73030432967000292
19970	-0,026184738214173831	19970	-0,085576714911246535	19970	599,99738111991212	19970	0,25069088275636475
19980	-0,032550877681332739	19980	-0,10069125091640294	19980	599,9975727368776	19980	0,035908294235464516
19990	-0,044532578464383368	19990	-0,097256535369772482	19990	599,99873982658926	19990	-0,11255364909696643
20000	-0,026030331219136227	20000	-0,0837815942304116	20000	599,998848982206	20000	-0,77080878458408542
20010	-0,017913781004188993	20010	-0,080224891657804526	20010	600,00182478696274	20010	-0,18474350804921982
20020	-0,040147321986719511	20020	-0,083764326683410981	20020	599,999343912657	20020	-0,8048635332169729
20030	-0,022460030248220453	20030	-0,07722286078922759	20030	600,00361254861889	20030	-0,031495382195695421
20040	-0,028591826830278055	20040	-0,0856179244351798	20040	599,99795046632755	20040	-0,068534823187046512
20050	-0,048231159936578304	20050	-0,065620560923619758	20050	600,00544909026348	20050	0,63321491343156733
20060	-0,036575181565287239	20060	-0,078256321285566963	20060	600,00031975982245	20060	0,21227230710872633
20070	-0,036459367315431181	20070	-0,091286812415480714	20070	599,99738245364665	20070	-0,8446882153849411
20080	-0,033956423235506558	20080	-0,094628165279578069	20080	599,99860581494454	20080	-0,14467264825226328
20090	-0,024286146855922446	20090	-0,084882685985694234	20090	599,99742144160143	20090	0,11776525673527327
20100	-0,036266789329835146	20100	-0,076354774652284088	20100	599,99986338087706	20100	-0,060115492808017645
20110	-0,042968069743645809	20110	-0,0770997886825227	20110	600,00174256239234	20110	0,60762320866298947
20120	-0,033638756442221786	20120	-0,086025835469614356	20120	599,9975279389821	20120	-1,0216432079583424
20130	-0,027380363456338361	20130	-0,0731159819189832	20130	600,0035862014056	20130	1,2736556372484573
20140	-0,038770817947865813	20140	-0,083233912840496832	20140	599,99953376537042	20140	0,16244280379574744
20150	-0,032756401855581138	20150	-0,0795269993513968	20150	600,00244997852326	20150	-0,33714561990752279
20160	-0,043767779354660669	20160	-0,088565932336755	20160	600,00089541502814	20160	-0,49395182055703668
20170	-0,032231700635034173	20170	-0,088614844158118253	20170	599,998619383576	20170	-1,3558165731527438
20180	-0,046226142375504438	20180	-0,0801062209788836	20180	600,00182665090392	20180	0,42116503039147646
20190	-0,0283240253175075	20190	-0,089511781297038018	20190	599,99576460021842	20190	-0,323068400124374
20200	-0,024872251883881712	20200	-0,072280392536575991	20200	600,00114772168422	20200	-0,59165622886304647
20210	-0,033141713833838682	20210	-0,08111501282335308	20210	600,00035237178383	20210	0,80380821328811625
20220	-0,04172824612407413	20220	-0,092955811284174253	20220	599,995895260738	20220	-1,2040952812874464
20230	-0,03707325012463393	20230	-0,091336347699047471	20230	599,99847415413194	20230	-0,55236405401365729
20240	-0,040865869420790048	20240	-0,0845059469634968	20240	599,99926212963408	20240	0,82807960997158347
20250	-0,046949483589519531	20250	-0,073342636728221347	20250	600,00380376692124	20250	0,17568437218621125
20260	-0,0207803085986175	20260	-0,086075765861107517	20260	599,99947384477343	20260	-0,11866466185452081
20270	-0,031327370150025818	20270	-0,083089091565474282	20270	600,00029974798815	20270	-0,36668974492943895
20280	-0,018096832556752419	20280	-0,084157389975915792	20280	600,00039943796946	20280	0,20516389821373829
20290	-0,033437760590749134	20290	-0,0767026836856087	20290	600,00006410779076	20290	0,16190898832522788
20300	-0,04839147353303079	20300	-0,071859971986784121	20300	600,00251069007777	20300	-0,39173445617706326
20310	-0,034387639325210384	20310	-0,088992099648046413	20310	599,99781648194346	20310	-1,17833250006673
20320	-0,03303883367441645	20320	-0,08433036375795229	20320	599,997880691842	20320	-0,87973054000028528
20330	-0,038064636649696275	20330	-0,083657576666148314	20330	600,00085201801244	20330	-0,12896104464229857
20340	-0,024896400721973876	20340	-0,085310850890924328	20340	599,99920653616289	20340	-0,029204129603098594
20350	-0,032700886597147191	20350	-0,07471960144054321	20350	599,99922460099731	20350	-0,16784565785039979
20360	-0,037045610824588633	20360	-0,083487358538649026	20360	599,99773866642465	20360	0,11119101998795336
20370	-0,024354928022609395	20370	-0,083585659056908471	20370	599,99748384799364	20370	-0,20638777070905637
20380	-0,03171236578663604	20380	-0,076905965042410568	20380	600,00125841658382	20380	0,49835607247926039
20390	-0,049446357590274978	20390	-0,078852194771001333	20390	600,001286699168	20390	0,898663890920718
20400	-0,029745410141757009	20400	-0,0798638604398977	20400	600,00038174601957	20400	-0,21022089014182105
20410	-0,02051227699641741	20410	-0,078885018380952993	20410	599,99915732118359	20410	0,59805426052546362
20420	-0,048292002176296624	20420	-0,083027266092606564	20420	600,00210139423336	20420	-0,67573824556777007
20430	-0,043086731155265234	20430	-0,078588808674365421	20430	600,00164999704918	20430	-0,030874532920613706
20440	-0,042862529264677977	20440	-0,085328357196499172	20440	600,00000883628638	20440	0,35163546705074739
20450	-0,033556314142858985	20450	-0,082711257917991332	20450	600,00119818279893	20450	-0,41885436298444367
20460	-0,037250944335514076	20460	-0,079612753394688207	20460	600,00173487824725	20460	1,4633207442194498
20470	-0,023816608951635669	20470	-0,080906803699439214	20470	599,99826714886285	20470	-0,42288457217401554
20480	-0,048286910817330095	20480	-0,0907362437199553	20480	599,99813261115207	20480	-0,332859619991988
20490	-0,038101246570536658	20490	-0,07767659612476184	20490	599,99895750145572	20490	0,92073121638207445
20500	-0,033339934311135452	20500	-0,073661028250516652	20500	599,99958291700443	20500	-0,26525864648150649
20510	-0,026379703078172206	20510	-0,084740875962152185	20510	599,99927268587737	20510	0,32228358765351806
20520	-0,033633062774408015	20520	-0,088475988404499009	20520	599,99834579669789	20520	-0,37936075485259835
20530	-0,037048961604150853	20530	-0,084840648909031327	20530	600,00161793838436	20530	0,397510932869264
20540	-0,034367588216280422	20540	-0,07483169936560459	20540	600,00213631821316	20540	0,33190635043640371
20550	-0,042909270640627113	20550	-0,066795555453229086	20550	600,00336319110465	20550	0,545998752168607
20560	-0,039592053227914946	20560	-0,076889052724936707	20560	600,00252746295689	20560	0,9699346039678689
20570	-0,0508260864982586	20570	-0,0912520963434196	20570	599,99605854330878	20570	-1,3848618334918086
20580	-0,0220433927143515	20580	-0,076523710312547358	20580	600,0041974939387	20580	0,88415124254270849
20590	-0,038021020826256066	20590	-0,091128097480225587	20590	599,99615765683643	20590	-0,25114022238427147
20600	-0,034984399410402676	20600	-0,084765370434834009	20600	599,998799789306	20600	-0,28141196485591419
20610	-0,043354856341538239	20610	-0,074175966559962128	20610	600,00186909214881	20610	0,6753535247412884
20620	-0,021910055661222613	20620	-0,087756004674051688	20620	599,99544707333746	20620	-0,94969503879690254
20630	-0,021375097221914538	20630	-0,081916207605528132	20630	599,9991239179202	20630	0,068636261343092975
20640	-0,038177686045083724	20640	-0,097164107038076861	20640	599,99610789693929	20640	0,098086249919983132
20650	-0,043852860026381495	20650	-0,080757371803574049	20650	600,00050385591055	20650	0,25400405313325203
20660	-0,037890737362503236	20660	-0,085665916091850258	20660	599,99844750731063	20660	-0,60720516472961
20670	-0,046254772664579773	20670	-0,071128916630466416	20670	600,00113456739336	20670	-0,66725756194633956
20680	-0,020979718365835367	20680	-0,078957931197026224	20680	600,00176574098589	20680	0,22194440359364245
20690	-0,055292415169701348	20690	-0,088753283292005825	20690	599,99664165311458	20690	-1,1862377930573969
20700	-0,038545987314192155	20700	-0,072324557718174975	20700	600,00455016042872	20700	0,35063437763528027
20710	-0,047799685645062	20710	-0,082611605801838753	20710	599,999008470579	20710	0,97423080303406129
20720	-0,028540056726539368	20720	-0,089897205448891515	20720	599,99800364770192	20720	-1,5916463607063374
20730	-0,036046561555317318	20730	-0,071255988324380612	20730	600,00234482905228	20730	0,698485019296943
20740	-0,034564398385580467	20740	-0,087464396508076442	20740	599,99827740266255	20740	-0,33259414098572049
20750	-0,033202461176925983	20750	-0,0791978061175066	20750	599,99882919539584	20750	0,23510825444230005
20760	-0,030171930045768396	20760	-0,086098860372517461	20760	600,00018063333152	20760	0,69203695524452657
20770	-0,033471144886642309	20770	-0,0696278190486725	20770	600,0010183748459	20770	1,1461352603849317
20780	-0,038148211770235724	20780	-0,077161541042176471	20780	600,00344981827845	20780	0,53264862666905566
20790	-0,031612558099424169	20790	-0,084409305263069792	20790	599,99815993138589	20790	-0,67924820159921684
20800	-0,0400964912984992	20800	-0,074382458281211622	20800	600,00208511479627	20800	0,38724149581035516
20810	-0,040955896292976551	20810	-0,08065712195710964	20810	599,99971362276915	20810	0,58635743358678183
20820	-0,02448280295296322	20820	-0,081482825477306522	20820	599,99985974756066	20820	-0,24796950244926941
20830	-0,043284983252575314	20830	-0,084143838117221453	20830	600,000756719629	20830	0,00079143501407719086
20840	-0,030106281696833794	20840	-0,080555568352991533	20840	600,00201367198281	20840	1,4486012804547013
20850	-0,050433637663764859	20850	-0,076638592604717073	20850	600,00347313008569	20850	1,2046882035143027
20860	-0,023951557131594397	20860	-0,080000615879443307	20860	599,99868305775715	20860	-0,27721071703878336
20870	-0,035400451952260568	20870	-0,073302760094884525	20870	600,00262308299159	20870	0,95232829019518461
20880	-0,027462101650052292	20880	-0,085335113954404768	20880	600,00036533268474	20880	-0,68701244900204994
20890	-0,039039616560651032	20890	-0,0757675385799624	20890	600,00202608205507	20890	0,1658600723557967
20900	-0,040263487786038596	20900	-0,084908622054448851	20900	599,999409204698	20900	-0,88579383585731675
20910	-0,036561108332949628	20910	-0,08919800742332927	20910	599,99714968341732	20910	-0,34192108263263793
20920	-0,040004878939358259	20920	-0,0866227239529291	20920	599,99883985344775	20920	-0,078918278573328074
20930	-0,029916567298531069	20930	-0,075255435844195875	20930	600,00256206791494	20930	1,0327190802458146
20940	-0,040976300042049413	20940	-0,074634808909140565	20940	600,00073730889983	20940	0,26096968295927625
20950	-0,045673377478792181	20950	-0,073892907625987561	20950	600,00142927568686	20950	0,62461923279741072
20960	-0,038691349945262132	20960	-0,09024960543589	20960	599,99910916393424	20960	-0,13611318387049345
20970	-0,029893016879417332	20970	-0,089102312580804768	20970	599,997384971015	20970	-1,0656242344962248
20980	-0,029185276831274188	20980	-0,076192872724917593	20980	600,00209096797175	20980	0,82302768750874056
20990	-0,033757503396477491	20990	-0,081650148982203574	20990	599,999182978086	20990	-0,27822467751737723
21000	-0,041454023640193495	21000	-0,072993355690932765	21000	600,00193080962811	21000	0,0014368585388422339
21010	-0,030243615347485008	21010	-0,061874704811553348	21010	600,00354323611816	21010	1,5920899522211602
21020	-0,031669546408117616	21020	-0,080115356570164956	21020	599,99728315852349	21020	-0,28803222560694475
21030	-0,037608910377994846	21030	-0,090512077413836836	21030	599,99908683808337	21030	0,31880771577223838
21040	-0,036725778475779854	21040	-0,078688510559571143	21040	599,99902496535822	21040	0,24956288039113375
21050	-0,045624862533330986	21050	-0,079861688965008726	21050	600,00217929994267	21050	0,1790035950236025
21060	-0,026145451605920227	21060	-0,073694679296659418	21060	600,00387190489437	21060	0,90861717436682388
21070	-0,026197019472977486	21070	-0,090735017636350418	21070	599,99804986199365	21070	-0,78360092078033394
21080	-0,027717763476685586	21080	-0,082873749643114447	21080	600,00051238770845	21080	-0,058038767009723644
21090	-0,040131256915566328	21090	-0,093131255432012228	21090	599,99515719376245	21090	-0,169391811525671
21100	-0,041374591150981473	21100	-0,088370237458943582	21100	600,00002511535092	21100	0,97570615837730013
21110	-0,049446559148603124	21110	-0,0727634076759476	21110	600,00401108108042	21110	1,0574247485488386
21120	-0,033253586260268239	21120	-0,083145028934688961	21120	599,99829300774934	21120	-1,2733192635342046
21130	-0,041996259977446625	21130	-0,071909069918602478	21130	600,00488412023287	21130	0,670312385882747
21140	-0,03711465499241666	21140	-0,09036734062890979	21140	599,99818536667124	21140	-0,75990004050064364
21150	-0,046002692673938909	21150	-0,050758934901660932	21150	600,00699572317478	21150	1,6102298901999348
21160	-0,051713085738030733	21160	-0,087038622978486191	21160	599,999054515246	21160	-0,16353624691652857
21170	-0,032077338330601765	21170	-0,077784920528578425	21170	599,99936458783986	21170	0,061095101817802158
21180	-0,022604222813576439	21180	-0,096874958664506447	21180	599,99916865922921	21180	-1,0471953639796736
21190	-0,037746732759628407	21190	-0,07484899219168073	21190	600,00048161635721	21190	1,143688556720416
21200	-0,028533133096698266	21200	-0,089362301978180111	21200	599,99818514688559	21200	0,0036608227804949128
21210	-0,035694430983375144	21210	-0,075183730911978067	21210	600,0026015911269	21210	1,7841503403329584
21220	-0,027712577022461091	21220	-0,085293016768772545	21220	599,995985020735	21220	-0,09533350435605481
21230	-0,02866972314288593	21230	-0,085086794276299074	21230	600,00135217139223	21230	0,21819057694802496
21240	-0,039134798790496569	21240	-0,091358067736494283	21240	599,99863848206394	21240	0,025749815784504859
21250	-0,035727784111987994	21250	-0,081517719159918164	21250	600,001485057341	21250	-0,28020490020719435
21260	-0,037619606609462876	21260	-0,069837661553279681	21260	600,00213155712856	21260	0,92061142387403883
21270	-0,039252208939110161	21270	-0,0706763451504094	21270	600,0025480861442	21270	0,67081824636950971
21280	-0,017470189524617492	21280	-0,076534007773070262	21280	600,0016864415694	21280	-0,38569751393361185
21290	-0,0414411527827493	21290	-0,086940318711881334	21290	599,9995646282199	21290	0,013788796570799677
21300	-0,041722360371025571	21300	-0,0793041252119575	21300	600,00222497119046	21300	0,19982296112582212
21310	-0,02055202084181779	21310	-0,081108836194800638	21310	600,00050613370377	21310	-0,17192016375719482
21320	-0,029767114525635779	21320	-0,087184834817340282	21320	599,99727169086248	21320	-0,20383291322401587
21330	-0,027173518507362524	21330	-0,074849022736563325	21330	600,003243418533	21330	0,6297871165834753
21340	-0,04150392564782298	21340	-0,0721889398941122	21340	599,99857509682272	21340	0,33024192660578566
21350	-0,038459577852564326	21350	-0,082347092275047454	21350	599,99942759916007	21350	-0,7300486780999389
21360	-0,030634936652677931	21360	-0,0954067774354468	21360	599,99627715342569	21360	0,13367875021725689
21370	-0,0385512089885209	21370	-0,0790900170902334	21370	599,99895890565381	21370	-0,049021265540503345
21380	-0,0242002827881822	21380	-0,087165983640014891	21380	599,99825890483282	21380	-0,1280742096979651
21390	-0,046493571434322124	21390	-0,071482778671201411	21390	600,00276892823592	21390	0,41467281677750084
21400	-0,025872981873369921	21400	-0,089001829370317476	21400	599,998103888937	21400	-1,2417047224343705
21410	-0,031987603083192671	21410	-0,073695534923714251	21410	600,00360184015847	21410	0,90502395200357855
21420	-0,037009398471866205	21420	-0,08394666586669354	21420	599,99874466729284	21420	-0,821989767814515
21430	-0,029722162434618855	21430	-0,094408294731792172	21430	599,99800325469243	21430	-0,67290847133225073
21440	-0,036335567483982353	21440	-0,0831739857852362	21440	599,99757011230122	21440	-1,1839075691364025
21450	-0,027988576718146477	21450	-0,077416544256747419	21450	600,00024807055252	21450	-1,1085072422022251
21460	-0,039566897380463845	21460	-0,079337640619852046	21460	600,00208351757931	21460	1,3593797531190546
21470	-0,033941418826520804	21470	-0,084530299038161186	21470	599,99783067721614	21470	-0,71702648142471093
21480	-0,036388908708943055	21480	-0,069887066111555762	21480	600,00228594422776	21480	0,1403376284216985
21490	-0,027627233293777038	21490	-0,0834634758301282	21490	599,99834767120956	21490	-0,071683023034965251
21500	-0,031791702434386546	21500	-0,088098299951893458	21500	599,99853665243575	21500	0,19352443419172494
21510	-0,03609076225834984	21510	-0,083355012963928554	21510	599,9997805069811	21510	0,988897108742115
21520	-0,010072402174435498	21520	-0,073412451738589832	21520	599,99933925836547	21520	-0,065159739395030059
21530	-0,0400593733922032	21530	-0,083581307028132865	21530	600,00413314900368	21530	1,2895828348623908
21540	-0,041050811294986549	21540	-0,0880691975248787	21540	599,99899010389993	21540	-0,53167483321350306
21550	-0,040691599673345596	21550	-0,073952075002994125	21550	600,00208587889983	21550	-0,20056943072761296
21560	-0,022998194943203536	21560	-0,077345545144440517	21560	600,00241453780359	21560	0,31235732700177893
21570	-0,020511460290768786	21570	-0,080695283906558432	21570	599,99891694138284	21570	-0,70978343153582246
21580	-0,03744973037980534	21580	-0,080685070296173653	21580	600,00342540072961	21580	0,402601962275845
21590	-0,031713172955870068	21590	-0,084702798525323142	21590	599,99916458357166	21590	-0,034100420619445487
21600	-0,04424063869393139	21600	-0,073752980045146521	21600	600,00248407626782	21600	0,61263072922259731
21610	-0,025719702493601976	21610	-0,085360979320135422	21610	599,99771153194911	21610	-0,23979570501410891
21620	-0,043810371386088696	21620	-0,073066225061066511	21620	600,00004025832141	21620	0,530697737583639
21630	-0,027943961089198308	21630	-0,070704143791236865	21630	600,00243124064173	21630	1,010316812905022
21640	-0,03706751220655613	21640	-0,09131962863781945	21640	599,9977009875829	21640	0,13933828378371593
21650	-0,018438522709879238	21650	-0,10762420001739573	21650	599,99403743850348	21650	-1,4135427764555921
21660	-0,02867707782918643	21660	-0,088045043594393843	21660	599,998074492753	21660	0,15483027197026841
21670	-0,027632912852773688	21670	-0,085016613806311689	21670	599,99860319871016	21670	-0,6648134758409302
21680	-0,031641329854142135	21680	-0,07791395747556587	21680	600,00089385778529	21680	0,47870612385812339
21690	-0,039648959330949307	21690	-0,077552536552582416	21690	600,00290494890908	21690	0,57372258557891653
21700	-0,041908716177786728	21700	-0,080136726840470643	21700	600,00119510839	21700	-0,1749229019635633
21710	-0,040176862485704089	21710	-0,0816427662153803	21710	600,00099612092936	21710	0,48149176455878578
21720	-0,028037825163020707	21720	-0,079796504987497768	21720	600,00001342917017	21720	-0,80880478394894251
21730	-0,026108453381153231	21730	-0,083917145462296339	21730	599,99939506950341	21730	-0,81768083085643972
21740	-0,046486339695353304	21740	-0,065970560141542789	21740	600,004326790434	21740	2,077527806166481
21750	-0,031702006099229366	21750	-0,066875510917270842	21750	600,001564366705	21750	0,72604642339643777
21760	-0,037383990459407775	21760	-0,089461736891650281	21760	599,99655169318464	21760	-0,44749289353389304
21770	-0,0329014128101782	21770	-0,083042037587354608	21770	599,99333901858142	21770	0,026048990618044
21780	-0,036872027526900407	21780	-0,090598861056317259	21780	599,990521202202	21780	-0,70327164904809258
21790	-0,037939083421130615	21790	-0,086790765244077417	21790	599,97949538008606	21790	-0,50535385159797186
21800	-0,02298997058145065	21800	-0,078418647456719157	21800	599,966095795546	21800	-2,4073898246741638
21810	-0,043059404442095814	21810	-0,069784055907177109	21810	599,95041763953964	21810	-1,7583650340718078
21820	-0,039142602723664509	21820	-0,068938390503786376	21820	599,92128752628673	21820	-1,9059064092117775
21830	-0,026259569856473184	21830	-0,060916721034076859	21830	599,88600628192523	21830	-4,2618793977105787
21840	-0,0389028218834742	21840	-0,0612093219112419	21840	599,83867664674449	21840	-5,0680717962397095
21850	-0,023285245028587594	21850	-0,062071405449346626	21850	599,78593692739059	21850	-6,360818689121051
21860	-0,040630564192109989	21860	-0,057172781421060311	21860	599,71961868335177	21860	-6,3849582364975879
21870	-0,033354489244612	21870	-0,047682316352144045	21870	599,64474399340259	21870	-7,9913440329081258
21880	-0,043021479498518415	21880	-0,060173815411976458	21880	599,553059501381	21880	-9,7238269376077113
21890	-0,047430802790178556	21890	-0,061584582913977858	21890	599,445605668456	21890	-11,204688500186832
21900	-0,05343319676543045	21900	-0,055804009805007465	21900	599,32672171175693	21900	-12,358906514917667
21910	-0,047492677334151218	21910	-0,063464912711904228	21910	599,19011839517452	21910	-13,889114822254889
21920	-0,041599986975070904	21920	-0,064497774095164953	21920	599,0367990348841	21920	-16,492017672506027
21930	-0,0334352497815431	21930	-0,0475491815580954	21930	598,86939936530723	21930	-17,167981592582592
21940	-0,061091842370302046	21940	-0,05627260732898396	21940	598,67933204363374	21940	-19,382353668879816
21950	-0,054815769342391359	21950	-0,048469878003011793	21950	598,47195181548375	21950	-22,079459845581706
21960	-0,056726439067587293	21960	-0,05174045181629465	21960	598,24127030811144	21960	-23,275623220375532
21970	-0,050636139309786075	21970	-0,039388519714053737	21970	597,9924169015336	21970	-25,804919571770061
21980	-0,056773316513783735	21980	-0,03756098389101261	21980	597,71918052588876	21980	-27,288722048926957
21990	-0,063647831100113419	21990	-0,045844666123645662	21990	597,41672826489207	21990	-30,170523206482368
22000	-0,048793465567773614	22000	-0,034595228734157074	22000	597,09598076154191	22000	-32,998049141502385
22010	-0,053142257386258857	22010	-0,055202352947257081	22010	596,74273341606033	22010	-36,477244136852022
22020	-0,05017979164239731	22020	-0,045337534594437005	22020	596,36718974844018	22020	-38,556033082178963
22030	-0,040298455012917754	22030	-0,050646787104180968	22030	595,96369737099883	22030	-41,291221127094282
22040	-0,035553075692292858	22040	-0,047438280667527331	22040	595,52976399089323	22040	-43,748685166025275
22050	-0,0033059114420440853	22050	-0,061529394648289749	22050	595,06576033053943	22050	-46,332618682214552
22060	0,032078151652809375	22060	-0,08733247095773912	22060	594,56228352273411	22060	-51,58696257420084
22070	0,037489286833201643	22070	-0,10580955705262568	22070	594,02949068410157	22070	-55,217524715196248
22080	0,043640895878350343	22080	-0,12601887460436839	22080	593,46713388009437	22080	-58,246922623568516
22090	0,028844610472830802	22090	-0,12513811107010869	22090	592,868728306394	22090	-61,3048249798961
22100	0,016512476420225068	22100	-0,11315157328791049	22100	592,24411742321581	22100	-63,681192079169513
22110	0,000495890944521357	22110	-0,10785872726088162	22110	591,58113063125438	22110	-68,2921769969339
22120	-0,018506013014592305	22120	-0,084229970181152289	22120	590,88483734794306	22120	-71,028791466756431
22130	-0,035340827787744646	22130	-0,067818210044185381	22130	590,15627121657019	22130	-74,252934453509937
22140	-0,062576236679802139	22140	-0,039043716167785694	22140	589,38549991723778	22140	-77,789526865547856
22150	-0,0637048201443533	22150	-0,061806028228903749	22150	588,56607650358717	22150	-82,636186706374147
22160	-0,055703984387028588	22160	-0,052058607612395807	22160	587,71354731493523	22160	-87,510908808580382
22170	-0,052830466806644737	22170	-0,054096977439683391	22170	586,81226511920647	22170	-91,260136060738049
22180	-0,0226867401723905	22180	-0,087443546739803438	22180	585,86140583338852	22180	-96,207522061724418
22190	-0,014049085880251014	22190	-0,097397962019220921	22190	584,88020788700419	22190	-100,42298771156244
22200	-0,017355191839901397	22200	-0,12090438886248987	22200	583,84131110707187	22200	-103,46841521368172
22210	-0,028304794701091152	22210	-0,10577369213127071	22210	582,76425706725706	22210	-110,8597434304606
22220	-0,048548632865615345	22220	-0,087837834590399469	22220	581,64031742545978	22220	-112,49002347032318
22230	-0,032396381436654145	22230	-0,089481723088673026	22230	580,465134598439	22230	-119,03821764516493
22240	-0,033155153233194054	22240	-0,089140531997987854	22240	579,24684892002847	22240	-124,1098092023813
22250	-0,026844766739168073	22250	-0,057045104838172808	22250	577,97426277630564	22250	-127,15887480165509
22260	-0,012862557612416113	22260	-0,049911394395363122	22260	576,64335442926711	22260	-134,22319990592925
22270	-0,0038363208718821206	22270	-0,077043166820150721	22270	575,25677779687635	22270	-140,21217067480777
22280	-0,029767673836435672	22280	-0,087572566030342691	22280	573,82199933348727	22280	-145,8655526288149
22290	-0,0098020814867358919	22290	-0,11384203374260495	22290	572,3319315092242	22290	-150,7970046901217
22300	-0,0065646182642574141	22300	-0,14621418799978359	22300	570,79157026210021	22300	-156,00399064914495
22310	-0,0096686038573693539	22310	-0,16846488994019365	22310	569,195249509033	22310	-161,16791761648338
22320	0,00051173274005395289	22320	-0,19672832126335846	22320	567,54621432667477	22320	-167,07607499223141
22330	0,019425309241643447	22330	-0,18696956111404289	22330	565,837685354333	22330	-173,05565170737435
22340	0,020436587893008843	22340	-0,18384032764047062	22340	564,06486688378959	22340	-179,43848816515177
22350	0,014173374943848261	22350	-0,14049979476117824	22350	562,23999935356039	22350	-184,77067416116029
22360	0,038325475711578245	22360	-0,1002652792807389	22360	560,34953982427089	22360	-191,24245633525055
22370	-0,0037526734283599749	22370	-0,060218076084994063	22370	558,40123518776181	22370	-197,0148984696485
22380	-0,0608538062207926	22380	-0,0088526375170329789	22380	556,39230345460976	22380	-203,49464677111871
22390	-0,10831102782273878	22390	0,064162809177108385	22390	554,33606843828647	22390	-207,07597573841667
22400	-0,15019666718235858	22400	0,10537574848252211	22400	552,226698520655	22400	-212,49179990793232
22410	-0,17185318983209189	22410	0,10316445722330576	22410	550,05635144488986	22410	-218,40077205991832
22420	-0,20890809999616389	22420	0,10425236656057911	22420	547,83282726705215	22420	-223,72449623123302
22430	-0,12472512794152479	22430	0,091462727038023731	22430	545,52942481167452	22430	-232,75815989497713
22440	-0,054257775702374729	22440	0,013375234303464777	22440	543,15024215721587	22440	-239,56761917931115
22450	-0,012808868793960962	22450	-0,075133067678772356	22450	540,72003302692792	22450	-244,91869158830821
22460	0,057799225302185508	22460	-0,15548590169053145	22460	538,22680143959656	22460	-250,30368680381139
22470	0,097230812297404462	22470	-0,21207164035960019	22470	535,69963148117347	22470	-253,16606147525664
22480	0,082309912618643552	22480	-0,2046118930427685	22480	533,13605432584825	22480	-257,57736383714246
22490	0,012019260264187074	22490	-0,17978925744078961	22490	530,53025896675149	22490	-260,89576901460435
22500	-0,074151126201764742	22500	-0,12764986883915705	22500	527,87138507632289	22500	-267,54345770121057
22510	-0,13939729877962051	22510	-0,11107440954096522	22510	525,15466255594185	22510	-273,94065538832291
22520	-0,14535599766662202	22520	-0,11041394586999775	22520	522,37865184855355	22520	-279,8988919879414
22530	-0,12473786803135209	22530	-0,11873450992168232	22530	519,55526185167423	22530	-283,28302197643643
22540	-0,0638074507525553	22540	-0,16306887758695593	22540	516,679739163284	22540	-288,90276931537562
22550	-0,068161182575997362	22550	-0,14509666475900357	22550	513,77451902615337	22550	-291,83349227854069
22560	-0,047867230824421972	22560	-0,13052146619389066	22560	510,82907379295949	22560	-296,35889634740209
22570	-0,056455827130914717	22570	-0,098275054534670558	22570	507,85006357957246	22570	-299,21774911113721
22580	-0,042470864260340108	22580	-0,0631663419316707	22580	504,82488095149108	22580	-302,83442768925306
22590	-0,027724543006385046	22590	-0,065867180774168407	22590	501,7591741611476	22590	-307,74779304310175
22600	-0,055562613008258571	22600	-0,061308606932088866	22600	498,66289756110092	22600	-311,65501198607183
22610	-0,052636812349284218	22610	-0,074954808848514451	22610	495,50808320577596	22610	-315,65493879057618
22620	-0,048170717488549272	22620	-0,10592635302130467	22620	492,3331722252347	22620	-319,56727541435885
22630	-0,014844442309287526	22630	-0,12784586412822269	22630	489,12122274151778	22630	-322,67737785127446
22640	0,00030737445105278536	22640	-0,14205336152796039	22640	485,88496405412025	22640	-324,5934840617989
22650	0,019375444834994017	22650	-0,14095214048187116	22650	482,60934017466667	22650	-326,90132686698706
22660	-0,003787989175823233	22660	-0,094618909508627932	22660	479,29317935254363	22660	-333,2340328419632
22670	-0,041842285800545283	22670	-0,052839135738795846	22670	475,92328071124251	22670	-338,12394770695954
22680	-0,075232989028345715	22680	-0,012883847300842867	22680	472,52559738144078	22680	-340,89919506926429
22690	-0,062707397171123266	22690	-0,070050116098335238	22690	469,09942487528707	22690	-343,91048056564915
22700	-0,038105362028517387	22700	-0,10067944634094857	22700	465,6463104948578	22700	-345,80929530301779
22710	-0,0055601176004846427	22710	-0,12055284562546506	22710	462,16666873259658	22710	-348,94336833817891
22720	-0,017208490418116826	22720	-0,096762640224069649	22720	458,65769242479291	22720	-351,66797477946545
22730	-0,067954499517196065	22730	-0,050308320940033825	22730	455,1336092902086	22730	-352,49410382546176
22740	-0,0606937568997972	22740	-0,094409859461350221	22740	451,57637896548619	22740	-355,45694262308103
22750	-0,062787171135140124	22750	-0,16220001432441181	22750	447,983113557237	22750	-360,70984557959929
22760	-0,036521319776594008	22760	-0,19792180579145474	22760	444,38204717567424	22760	-360,07989318374644
22770	0,018507129104472716	22770	-0,25107017347915583	22770	440,75186607611397	22770	-363,54555076406268
22780	0,044021048468463532	22780	-0,26822030573073236	22780	437,11862494816319	22780	-363,55754631077986
22790	0,04596353459424133	22790	-0,22395683224813084	22790	433,472143687303	22790	-365,43063574113017
22800	0,017980285778567331	22800	-0,094391991153897986	22800	429,806426730654	22800	-367,67246435426068
22810	-0,0034278387380038914	22810	0,0035263168094828625	22810	426,11809691636444	22810	-369,86564311837412
22820	0,0033170787336473172	22820	0,078014418982725681	22820	422,41933592352171	22820	-369,7665419963331
22830	-0,0031855960349521368	22830	0,070977968682511328	22830	418,689991821428	22830	-373,61322612892025
22840	-0,0037734417314805539	22840	0,036358307234520076	22840	414,938433413496	22840	-377,3869417174335
22850	-0,04361297608976282	22850	0,031881080557887673	22850	411,15503295828171	22850	-380,21028299012562
22860	-0,10127475157573757	22860	0,039139674140494074	22860	407,35639878981891	22860	-380,5955590046396
22870	-0,17306090221747619	22870	0,014830000951622404	22870	403,55147236036731	22870	-379,04862582183523
22880	-0,18953697188300711	22880	-0,072476244023820746	22880	399,70616355593739	22880	-386,26130257013108
22890	-0,11643052500164375	22890	-0,15917307208667067	22890	395,87145122631881	22890	-384,10597290859528
22900	-0,032262860579843462	22900	-0,23195234271549758	22900	392,03695224453224	22900	-382,84262953553957
22910	0,03566846534770416	22910	-0,25255664408246631	22910	388,22477181289207	22910	-381,09174615458903
22920	0,058548825874039367	22920	-0,19154773634737912	22920	384,42240638821346	22920	-380,33590566097484
22930	0,061322311596239375	22930	-0,11303020610712494	22930	380,590038463768	22930	-383,35474190061012
22940	0,0795189186043006	22940	-0,056673672387150181	22940	376,75479595981164	22940	-383,79835056688137
22950	0,064565412387938462	22950	-0,071823480822311755	22950	372,9095612734348	22950	-385,74284198990307
22960	0,00798380687353787	22960	-0,091757656894225756	22960	369,05165263017523	22960	-385,75956282563021
22970	-0,049999344783686082	22970	-0,082281768973154076	22970	365,19098680071136	22970	-386,30798879377318
22980	-0,11356817881462457	22980	-0,0369918044018103	22980	361,32530748305	22980	-385,15907410381595
22990	-0,14171832977038704	22990	-0,0058268099421670888	22990	357,4534016268247	22990	-387,269234586721
23000	-0,20562834901463795	23000	0,0035294356023183753	23000	353,583131891075	23000	-388,89002574036073
23010	-0,11365391269855486	23010	-0,036983485317078964	23010	349,69091994857331	23010	-388,16469507089323
23020	-0,02664430541392783	23020	-0,10303334698768125	23020	345,82062362887223	23020	-387,0354869393671
23030	0,071400242667668271	23030	-0,20322140584180598	23030	341,978016054695	23030	-382,39362137268654
23040	0,05655099428091933	23040	-0,2362540645084236	23040	338,1745887574732	23040	-378,40919791102647
23050	0,025786208826227435	23050	-0,1835577727056234	23050	334,36032300436938	23050	-381,78187653839728
23060	-0,0024254824723194826	23060	-0,1223049749961035	23060	330,5319660731364	23060	-382,80597923939962
23070	-0,0082179807365842881	23070	-0,1437059771059164	23070	326,70145009476448	23070	-382,13325650331888
23080	0,00523111724072592	23080	-0,18404209205018796	23080	322,86836824891856	23080	-383,71195982579286
23090	0,011488283881169984	23090	-0,16411126732028528	23090	319,03844562485483	23090	-383,14444223364518
23100	-0,020543883295044731	23100	-0,10227843545593617	23100	315,21128698657481	23100	-382,14936425266956
23110	-0,065011344624299389	23110	0,011534725042448348	23110	311,41242556670409	23110	-379,00488425795982
23120	-0,11147185213546362	23120	0,035728664213051951	23120	307,640938954885	23120	-377,07109368829862
23130	-0,11230171231912257	23130	0,018991327481745379	23130	303,87855414116706	23130	-376,89759983237565
23140	-0,058569520616523776	23140	-0,046617091146618363	23140	300,1368406131931	23140	-373,35411019105817
23150	8,5578170793681091E-05	23150	-0,1323661344259027	23150	296,40898928519908	23150	-371,44326235024954
23160	0,02033439614081901	23160	-0,17140841886669234	23160	292,72133982253018	23160	-367,13908988240121
23170	-0,025668947526635108	23170	-0,12034657190777447	23170	289,06363674877957	23170	-365,65105746490633
23180	-0,079650498487352714	23180	-0,060543095827552289	23180	285,39481766489837	23180	-367,53455821914122
23190	-0,10848797482548216	23190	-0,0342439918779383	23190	281,72238809452864	23190	-367,26423740434279
23200	-0,074840850373301529	23200	-0,083195393081127736	23200	278,06119501037546	23200	-366,27224581940555
23210	-0,043459054262551207	23210	-0,12554436827903318	23210	274,42002930697566	23210	-362,69342064598862
23220	-0,041622531973002877	23220	-0,13662840629467932	23220	270,80985708237966	23220	-361,54917487196155
23230	-0,046949363862312417	23230	-0,10920632229207489	23230	267,22268901586671	23230	-358,80034059332809
23240	-0,045056147978665771	23240	-0,078438805322690514	23240	263,673047085452	23240	-353,75238606180949
23250	-0,079589489230603341	23250	-0,078111636185338576	23250	260,15487109661808	23250	-350,81221428958958
23260	-0,094121851867245171	23260	-0,090742184637839216	23260	256,65286128445638	23260	-351,00408316504888
23270	-0,067667708641048291	23270	-0,084499150634728515	23270	253,19948014457182	23270	-342,68768469009876
23280	-0,031141449583862314	23280	-0,16996946777814095	23280	249,76603871549835	23280	-341,22223562905197
23290	0,021535975056349646	23290	-0,2459333626039806	23290	246,38190791368061	23290	-338,65144767515011
23300	0,034959527647673939	23300	-0,23767660862105822	23300	243,03948048261228	23300	-331,86071985032493
23310	0,0079121839670417155	23310	-0,13385377948808194	23310	239,72314592194579	23310	-331,61534615636231
23320	-0,025590075501683227	23320	-0,031220185558521907	23320	236,40515960532795	23320	-331,09103003151307
23330	-0,061378448420361248	23330	0,034372997914307847	23330	233,115045989259	23330	-328,01961514284915
23340	-0,043945553504177788	23340	0,01630139705066929	23340	229,86378015333105	23340	-325,35533073924131
23350	-0,036552113207250818	23350	-0,029342996428677305	23350	226,64123385736667	23350	-320,9486095950183
23360	0,00763968768316126	23360	-0,060570314615330266	23360	223,46300173739735	23360	-316,99779911146862
23370	-0,00720520263520574	23370	-0,080618198325010812	23370	220,31848264165913	23370	-312,939338910801
23380	-0,021550129012933111	23380	-0,053603250924237358	23380	217,21101650994984	23380	-307,93307626718848
23390	-0,060718646895322005	23390	-0,0860560287470613	23390	214,14731643595994	23390	-305,70513659329663
23400	-0,0520979429316212	23400	-0,16132058924805354	23400	211,12892300383336	23400	-300,82618643131167
23410	-0,020399832215597775	23410	-0,23240646966308051	23410	208,14465911600732	23410	-297,90985713706573
23420	0,019442385457727029	23420	-0,2633221812730529	23420	205,21992779640706	23420	-290,0625660045356
23430	0,010514402934932976	23430	-0,264353217389075	23430	202,33885473836097	23430	-287,27993099721078
23440	0,0402299150734984	23440	-0,268318221948569	23440	199,50161342675716	23440	-282,01311712597641
23450	0,022049329360469556	23450	-0,22748974956946444	23450	196,7120977625851	23450	-277,68977809130172
23460	-0,016294983394000095	23460	-0,11625657928396808	23460	193,98959126890816	23460	-270,13855079522864
23470	-0,057516506786718151	23470	0,030582351604542767	23470	191,30778344475223	23470	-267,03890410996382
23480	-0,090238577083659774	23480	0,14735191397022163	23480	188,66592441458784	23480	-262,70093359870691
23490	-0,096870923624554808	23490	0,20413676553672244	23490	186,06687861362229	23490	-257,91560392245879
23500	-0,0802768830592857	23500	0,17081280080981531	23500	183,5145927197776	23500	-253,45129292563527
23510	-0,0575506356257363	23510	0,0720837268466114	23510	181,00963946782889	23510	-249,30070962476927
23520	-0,034334109515484719	23520	-0,016698381579428673	23520	178,54861447560572	23520	-243,8598230106698
23530	0,0075826036815397979	23530	-0,10318668316390063	23530	176,1346877758528	23530	-239,55788352788042
23540	0,012565059331404612	23540	-0,15973642596051568	23540	173,7694836106478	23540	-234,79705254001979
23550	-0,0055246069839565686	23550	-0,18879561836736697	23550	171,46151301219186	23550	-228,86880965908017
23560	-0,036827143869650164	23560	-0,1823941963794822	23560	169,22388557265407	23560	-222,20922979479559
23570	-0,047620777715369281	23570	-0,18671833664472193	23570	167,04976849222192	23570	-215,01118889991236
23580	-0,0899500786276226	23580	-0,20611359919923231	23580	164,93638945067465	23580	-209,60931615764909
23590	-0,09983046692002745	23590	-0,17459572960166672	23590	162,89425133695065	23590	-203,16003715958675
23600	-0,078288379990394646	23600	-0,15436713659998386	23600	160,90338021671943	23600	-196,6042124057258
23610	-0,029869441369085745	23610	-0,14177021659928649	23610	158,99222451263964	23610	-188,82396683423013
23620	-0,001990942272087124	23620	-0,0906844843333456	23620	157,14617080186636	23620	-181,86856615194745
23630	-0,011321669636270345	23630	-0,075493663653309784	23630	155,35291206692131	23630	-178,11159396813125
23640	0,0091305071867444822	23640	-0,036247526445141461	23640	153,61919330451104	23640	-171,32183933149278
23650	0,021148381320137629	23650	0,007392821832774032	23650	151,94133564519973	23650	-165,85694522390054
23660	0,0086280956135408177	23660	0,039631489613066333	23660	150,32002207517073	23660	-161,55418288469747
23670	0,0041140486676060533	23670	0,077464579999303007	23670	148,74347742906906	23670	-157,16406873526896
23680	-0,027476674921969507	23680	0,086598498985075989	23680	147,21810128024626	23680	-151,15080547569016
23690	-0,014021683063778753	23690	0,0974943073409532	23690	145,74340446981802	23690	-146,45650229366248
23700	-0,0030298896959187311	23700	0,0379232441754344	23700	144,30619284760385	23700	-141,17668500090258
23710	0,010140241949941958	23710	-0,030889772243761406	23710	142,91545655716953	23710	-138,01977531633952
23720	0,020059457527453042	23720	-0,10970221661103428	23720	141,5917116891693	23720	-131,47920743515473
23730	-0,0090144581701687571	23730	-0,19810768352277772	23730	140,32139038944217	23730	-125,03806868298555
23740	-0,0060902879580309668	23740	-0,25717276144300866	23740	139,11575851016141	23740	-118,18622780195196
23750	-0,012993207701871564	23750	-0,263734151125025	23750	137,96849388069833	23750	-113,92667060781545
23760	-0,029371238891424907	23760	-0,24309432516634752	23760	136,87545716402892	23760	-107,19497040867077
23770	-0,024569403816422947	23770	-0,19996173158196531	23770	135,8285161987412	23770	-103,78753238737805
23780	-0,051368399013320437	23780	-0,15424572180199905	23780	134,82981901572532	23780	-97,97491360775436
23790	-0,065094623107948127	23790	-0,10975577141619738	23790	133,86275399611009	23790	-95,333751577692382
23800	-0,0770897879159817	23800	-0,046510149249301969	23800	132,94151367118286	23800	-91,550961877160546
23810	-0,096529307470027623	23810	-0,020556779706906555	23810	132,05625249422755	23810	-87,064258779006124
23820	-0,09947989946215284	23820	0,016901933262559482	23820	131,20844771191892	23820	-83,506351146949072
23830	-0,1224677729008343	23830	0,0036062704858563976	23830	130,39490126543785	23830	-79,5022800723854
23840	-0,1187308972065496	23840	-0,012262967832907961	23840	129,61750316438705	23840	-76,26860886613558
23850	-0,12262594040876435	23850	-0,036320786481033568	23850	128,87628991551156	23850	-73,38998283120327
23860	-0,11380396844536635	23860	-0,0742326695264238	23860	128,17887457683506	23860	-68,249821701636165
23870	-0,099708554951770861	23870	-0,10723702194330183	23870	127,51641604150748	23870	-65,705319314036274
23880	-0,073866367034705713	23880	-0,12540867920598794	23880	126,89758303972828	23880	-60,397588291265649
23890	-0,062242202762347591	23890	-0,14246866371436137	23890	126,30836818365215	23890	-57,589996227478139
23900	-0,056222482847207086	23900	-0,14577068907029345	23900	125,7632984685138	23900	-53,564602992996633
23910	-0,032825917533411922	23910	-0,1262144571382306	23910	125,25190866406516	23910	-50,005750210472236
23920	-0,023587799244978839	23920	-0,10353456721031268	23920	124,77517607026239	23920	-46,745041599674835
23930	-0,0078610889545676615	23930	-0,068536177546716	23930	124,33338274055427	23930	-42,923478468244632
23940	-0,018578404089264245	23940	-0,051759876657466689	23940	123,9150684685885	23940	-41,045350855147277
23950	0,012573134333447898	23950	-0,027203918428871876	23950	123,52900798805452	23950	-37,558432881989361
23960	-0,0082369424210668573	23960	-0,028232250399027277	23960	123,16419721271909	23960	-34,872444233831914
23970	0,00198078607399574	23970	-0,037387840347944554	23970	122,82266580150036	23970	-33,498830638883263
23980	0,01087244971210808	23980	-0,038139840367419908	23980	122,51023563181802	23980	-31,244628020493629
23990	0,017994978751232751	23990	-0,04889827657530179	23990	122,21466666402267	23990	-28,413580558179031
24000	0,0019588877094130906	24000	-0,052078232152153389	24000	121,94609938736313	24000	-26,677958480372077
24010	0,0031978503252411881	24010	-0,057913922437251492	24010	121,69865170102857	24010	-23,590644692978412
24020	0,014738011714029957	24020	-0,089194622398293052	24020	121,46212726560073	24020	-23,651940259000476
24030	-0,0049439882186085625	24030	-0,09504349757346435	24030	121,26103959404543	24030	-19,683491643191608
24040	-0,00982931847017946	24040	-0,089536744962811776	24040	121,07381996464494	24040	-17,650713452515845
24050	-0,026204216652560407	24050	-0,082896528129571767	24050	120,90809973818034	24050	-15,003628247522441
24060	-0,028348570925629389	24060	-0,0705835524786071	24060	120,76523265890293	24060	-12,725874844554559
24070	-0,042374968418254354	24070	-0,0642956997488734	24070	120,63537622609719	24070	-13,325823778926614
24080	-0,027936478088683457	24080	-0,0585645675977401	24080	120,52512492658711	24080	-9,537974858500343
24090	-0,041664122094613031	24090	-0,039078000142654307	24090	120,42776104181847	24090	-9,25590598638812
24100	-0,037454799852744962	24100	-0,021060634363808371	24100	120,34796258178143	24100	-6,8951750759433112
24110	-0,054699013521910041	24110	-0,0246815289792778	24110	120,2748372287578	24110	-6,0193130431775232
24120	-0,058272996963337258	24120	-0,022658932670270797	24120	120,21247484260219	24120	-5,9861178028002273
24130	-0,050333963841270521	24130	-0,013845760840929783	24130	120,16619955671223	24130	-3,556519476378742
24140	-0,041627874673839	24140	-0,0370301128205857	24140	120,11387305541135	24140	-5,5027790840810837
24150	-0,050827874945185265	24150	-0,040636070220965118	24150	120,08174438763778	24150	-3,5586923997204059
24160	-0,051075750540600831	24160	-0,055703732359019341	24160	120,05347197870438	24160	-2,7100544753864044
24170	-0,036653192073078905	24170	-0,072094446694950062	24170	120,02790793808588	24170	-2,6574136740130361
24180	-0,044537626197171727	24180	-0,069653307787420113	24180	120,01877843872873	24180	-1,7004803437419302
24190	-0,057670185172095129	24190	-0,074514867577221422	24190	120,00635229369705	24190	-0,97220829785217688
24200	-0,047019093014633785	24200	-0,0843963913832398	24200	119,99972715588845	24200	-1,0857275322874564
24210	-0,041849373108529993	24210	-0,072539951280624959	24210	120,00193950553654	24210	1,7274372657782402
24220	-0,045730006257475787	24220	-0,063344860629146946	24220	120,00228346813636	24220	0,68110307207083542
24230	-0,040292475679198442	24230	-0,060976205852507591	24230	120,00753896894595	24230	0,9090726023666722
24240	-0,026682615449399285	24240	-0,06995712473946307	24240	120,0014289274561	24240	-0,58057101123479493
24250	-0,0331788848097472	24250	-0,054562480983201447	24250	120,006612796063	24250	0,56125414457288425
24260	-0,049294232463731359	24260	-0,061601249352909754	24260	120,00590430558395	24260	0,0021351893422925372
24270	-0,043179074317890954	24270	-0,058393428260926257	24270	120,00578152344853	24270	-0,63971921084492656
24280	-0,025152439488193918	24280	-0,068681459816078316	24280	120,00385273826821	24280	0,60371576892083711
24290	-0,033830288155862163	24290	-0,072393293063087977	24290	120,00040818745967	24290	-0,23342961034205748
24300	-0,03846071843769	24300	-0,080226467433668028	24300	119,99925243525755	24300	-1,2058974093737525
24310	-0,033743679983258175	24310	-0,084371402580627683	24310	119,99784316601283	24310	0,35680316740469825
24320	-0,047817186591919636	24320	-0,082274585473923662	24320	119,9978587376928	24320	-0,27959124149990477
24330	-0,038773653012181115	24330	-0,08155113623049659	24330	119,99895756874911	24330	1,1494046036084906
24340	-0,0288558544181454	24340	-0,094579176743116111	24340	119,99485921473783	24340	-0,67218941354529826
24350	-0,027250484770194833	24350	-0,085973987373250849	24350	119,99771554881832	24350	0,028450919667326824
24360	-0,042345642556341545	24360	-0,089187583524110811	24360	119,99676571670513	24360	-0,31356211756265351
24370	-0,038632174994411489	24370	-0,087870200154789288	24370	119,99675864407857	24370	-1,2162969743474212
24380	-0,022463979596062271	24380	-0,091732434518514955	24380	119,99961268530127	24380	-0,22095477744606806
24390	-0,040839673081191505	24390	-0,07656075449933912	24390	120,00233858228187	24390	0,40300161493727321
24400	-0,03773737939856911	24400	-0,0677322594088406	24400	120,00305968303256	24400	-0,0028131562493335788
24410	-0,034810001500450348	24410	-0,068533630180152488	24410	120,00443732307615	24410	0,87004012613557979
24420	-0,037121571413221158	24420	-0,07504939457395296	24420	119,99921207938566	24420	-0,82623307235167209
24430	-0,033170275857836724	24430	-0,066104459060507423	24430	120,00654265903192	24430	0,75039281699866134
24440	-0,04754432999173154	24440	-0,073094080984725127	24440	120,00416383331995	24440	0,017194322089698871
24450	-0,033311690932684136	24450	-0,078552482224286346	24450	120,00335714756963	24450	-0,80072519726963642
24460	-0,026084772933377329	24460	-0,090787487895603411	24460	119,99849451968777	24460	0,42603911091088359
24470	-0,040104096649031577	24470	-0,078242917615354249	24470	119,99695980892992	24470	-0,90797006341589459
24480	-0,038340749085756756	24480	-0,09763431058760895	24480	119,99831069691489	24480	0,049843541381966672
24490	-0,043178635403072471	24490	-0,085946747687521766	24490	119,99835398242169	24490	0,67109887488196152
24500	-0,035222872682211685	24500	-0,094415312083814346	24500	119,99779960634977	24500	-0,31912065919810539
24510	-0,034581382139813668	24510	-0,099017514684601418	24510	119,99830516945491	24510	-0,76132012499983315
24520	-0,035174138790984653	24520	-0,0857816434256647	24520	119,99933019103021	24520	-0,63070408387417154
24530	-0,017475987623905155	24530	-0,077933732407941755	24530	119,99943226395249	24530	-0,44187008656975446
24540	-0,031784286023295756	24540	-0,087820829462436731	24540	120,00098246244863	24540	-0,82552776754137536
24550	-0,044802464971717366	24550	-0,0797412769017161	24550	120,00092784245555	24550	-0,34614576754145276
24560	-0,047423538179033026	24560	-0,08249368667186241	24560	120,00003914631611	24560	0,0548530184535217
24570	-0,034298891619118421	24570	-0,079615271522030351	24570	119,99982639894732	24570	0,30412239071635344
24580	-0,014849012535658552	24580	-0,076112620306772724	24580	120,0036213184196	24580	1,0023938024984846
24590	-0,048468537134187792	24590	-0,083768900355088355	24590	119,99873051907613	24590	-0,24406371886086214
24600	-0,0321054703456902	24600	-0,094640054830698067	24600	119,99860812598661	24600	-0,98431031950147307
24610	-0,023737582958055246	24610	-0,091393583502910283	24610	119,99700189401962	24610	-0,60627159096088545
24620	-0,045074450935300207	24620	-0,0856019777400481	24620	119,99801218505496	24620	-0,61311227944090452
24630	-0,033304871735038967	24630	-0,0848656093387591	24630	119,99943979031571	24630	-0,20048983421504957
24640	-0,036411966013868223	24640	-0,0892543502991025	24640	119,999437337863	24640	0,48710056286244863
24650	-0,02901093061789918	24650	-0,074301368564167553	24650	120,00229819639087	24650	0,1694965763562829
24660	-0,036791523579419907	24660	-0,082862579957191623	24660	120,00017688007674	24660	-0,3620704112074995
24670	-0,041541308720826384	24670	-0,071978595867234749	24670	120,00027525071963	24670	0,594012700620467
24680	-0,043723770130296831	24680	-0,07267295311000721	24680	120,00231480608392	24680	0,58598905549812774
24690	-0,044099551731318506	24690	-0,085381137565894022	24690	120,00023505863129	24690	-0,13732472263929738
24700	-0,029555029962242112	24700	-0,075343851020297115	24700	120,00153653648476	24700	0,13194551216195158
24710	-0,026881222146612739	24710	-0,085779576036215124	24710	119,99728349827831	24710	-0,63913268460072969
24720	-0,048422652410777554	24720	-0,087619082076406216	24720	119,99759642001125	24720	-0,61029145197635626
24730	-0,01959371521151668	24730	-0,084854709755314409	24730	120,00149807932698	24730	0,0721355706698343
24740	-0,043236675971285096	24740	-0,08281099566869625	24740	119,99804191565806	24740	-0,6869290113844958
24750	-0,038753957867976044	24750	-0,087044332269753	24750	120,00082534581556	24750	-0,49063322495103012
24760	-0,020872605130168989	24760	-0,081317255957721379	24760	119,99929998716064	24760	-0,37230525665226322
24770	-0,044478455305612737	24770	-0,079007092616962121	24770	120,00022293931319	24770	-0,71322483857905361
24780	-0,019677985219398102	24780	-0,080504387512475892	24780	120,00070330191652	24780	-0,33654452129314638
24790	-0,039152763302765708	24790	-0,071297181158519546	24790	120,00130594859091	24790	0,62556032461539413
24800	-0,043989123438271563	24800	-0,087822381858578616	24800	119,99851713941534	24800	-1,3239371810384495
24810	-0,032543726410276752	24810	-0,082915041429786	24810	120,00003168517934	24810	0,88901639108138253
24820	-0,030331963472819714	24820	-0,095129228137736471	24820	119,99716323490168	24820	-1,075224201692198
24830	-0,03246493557089053	24830	-0,0872885171155746	24830	119,99919826156648	24830	0,49757604605549904
24840	-0,048743140281206236	24840	-0,085692152070604918	24840	119,99971467331017	24840	0,72081642459077444
24850	-0,037879694962716412	24850	-0,068332350356780161	24850	120,00300634224604	24850	0,13534740767873693
24860	-0,034999200871504106	24860	-0,089627105248238928	24860	119,99895139329078	24860	-0,08557212610940429
24870	-0,0282071470697972	24870	-0,079396164528123175	24870	119,99965372463362	24870	-0,55489327074284267
24880	-0,032462798742079517	24880	-0,087204633290673433	24880	120,00108525763368	24880	0,42510317589148938
24890	-0,02763660000681464	24890	-0,081818895505646708	24890	119,99918907855648	24890	0,1287845969885264
24900	-0,038149679526929783	24900	-0,088085356897836017	24900	119,9972544973924	24900	-1,1091478887242445
24910	-0,040346566001840362	24910	-0,084301838628589434	24910	119,99935612960788	24910	-0,25064807578734366
24920	-0,039004339298174276	24920	-0,09692437944807096	24920	119,99619826033661	24920	-0,36827631628687163
24930	-0,021275766273149182	24930	-0,082315485261590063	24930	120,00150662473106	24930	-0,065694158392439556
24940	-0,045391240659392353	24940	-0,0868201508847517	24940	119,99735832152648	24940	0,048872167045367426
24950	-0,034216103528145948	24950	-0,080069928968709347	24950	119,99893173900617	24950	-0,40919139935145432
24960	-0,025317355161424557	24960	-0,0960125031456076	24960	119,99729364004224	24960	0,18143951300359046
24970	-0,040973259030665038	24970	-0,076229078229308689	24970	120,00189168932972	24970	0,21838357998373889
24980	-0,025472066831333115	24980	-0,074378889329585543	24980	120,00100155187455	24980	0,13851072117118696
24990	-0,04704280717640761	24990	-0,094410236652223076	24990	119,99798462047556	24990	-1,2795335831333321
25000	-0,048655526703294177	25000	-0,092763533341889082	25000	119,99847380816645	25000	-1,550202745085975
25010	-0,039950029565402952	25010	-0,068416745415377442	25010	120,00457719190801	25010	0,78452571384572289
25020	-0,04524235405111697	25020	-0,079097917462985792	25020	119,99921807237271	25020	-0,31717805562689649
25030	-0,033799092412344585	25030	-0,092261483203601807	25030	119,99962307873197	25030	-0,35022442246307589
25040	-0,029881622999817045	25040	-0,079952653055839887	25040	119,99717615705316	25040	-0,0848051669116571
25050	-0,02949974879598392	25050	-0,087616832669032071	25050	119,99913788738692	25050	-0,84709941591824478
25060	-0,026185513804032445	25060	-0,088552313417838549	25060	119,9992086486122	25060	0,028210035580806515
25070	-0,041488463441391329	25070	-0,076223598844337145	25070	120,00000920321367	25070	0,16273896382417646
25080	-0,03912866840599822	25080	-0,07770345556938775	25080	120,00245525209806	25080	0,046807630973887571
25090	-0,028808297087662128	25090	-0,094186747131478621	25090	119,99586878523139	25090	-0,86818005432153855
25100	-0,026592421754889472	25100	-0,070835693519592388	25100	120,00143705733922	25100	0,61893615904668342
25110	-0,020561858875554093	25110	-0,08484813084645218	25110	119,99977149812388	25110	0,33069405850095179
25120	-0,020632288425737173	25120	-0,081971687096057441	25120	119,99931525368564	25120	-0,70209229613127966
25130	-0,042897730096406753	25130	-0,076837944325440763	25130	120,00309889675644	25130	0,222275687308365
25140	-0,033307002864568412	25140	-0,092105586394494551	25140	119,99598020331162	25140	-0,35086896675977153
25150	-0,039794742716541466	25150	-0,080076654204304223	25150	119,99893197555736	25150	-0,7581534891669246
25160	-0,034836603067120983	25160	-0,092167824792343964	25160	119,99992377424749	25160	1,0144184896215067
25170	-0,045083881731093275	25170	-0,076340580348100318	25170	120,00067299983134	25170	0,10411572324557941
25180	-0,035570208686649396	25180	-0,084075408745984778	25180	120,00093961535694	25180	-0,067383305414178363
25190	-0,045424189475261889	25190	-0,093537561984103734	25190	119,99940731247445	25190	-0,33219369185024561
25200	-0,036227645770604791	25200	-0,087105607772420532	25200	119,99953258984836	25200	0,1285669826155692
25210	-0,023800026970700904	25210	-0,088462599376623582	25210	119,99958886174592	25210	-0,35691018391793045
25220	-0,041913258198604614	25220	-0,072508523143179529	25220	120,00019836854156	25220	-0,47158212133608834
25230	-0,027211324071096308	25230	-0,070069262864913925	25230	120,00345693564469	25230	0,71955355133703192
25240	-0,045559971803421771	25240	-0,0823064574299935	25240	119,9993959828151	25240	0,38571912184631318
25250	-0,019093566642603324	25250	-0,084631959543040064	25250	120,00039878481032	25250	0,13079127494865817
25260	-0,029032697700378533	25260	-0,085271207210872974	25260	119,99973701203658	25260	0,41414927625612769
25270	-0,03398428998099956	25270	-0,081573123421736948	25270	119,998379278406	25270	-0,12366850577459018
25280	-0,030586928328059655	25280	-0,0857229330165494	25280	119,99970974035816	25280	0,099945159844349651
25290	-0,034398333466116669	25290	-0,075480401219172988	25290	119,9988536743311	25290	0,29059911423776197
25300	-0,033096418376373143	25300	-0,094093473653287518	25300	119,99825727340456	25300	-0,63636489332520929
25310	-0,0380430261681182	25310	-0,073541154764802	25310	120,00361447795289	25310	1,5518290899966503
25320	-0,050304024468970046	25320	-0,072564763646912389	25320	120,00197769668911	25320	0,86941834796540529
25330	-0,041156621524940609	25330	-0,076662422740813391	25330	120,0047343540826	25330	0,79007000244556824
25340	-0,025823998716622817	25340	-0,085675575493204273	25340	119,99755438159939	25340	0,55027232943925752
25350	-0,016956203110223247	25350	-0,0947067809219687	25350	119,99705975535986	25350	-0,326645988298916
25360	-0,028917862654266352	25360	-0,079218446699146988	25360	120,00163698398779	25360	-0,0672098573527495
25370	-0,028205827167372296	25370	-0,085259402938069134	25370	119,99984629435761	25370	-0,65546370010614852
25380	-0,013187225667391085	25380	-0,083838064612824989	25380	120,00216573008443	25380	0,4408285850075282
25390	-0,043380691658905464	25390	-0,075487634584225333	25390	120,00053734403842	25390	-0,11536330214380325
25400	-0,020143390904039646	25400	-0,073779406003695869	25400	120,00038874462132	25400	0,25916806847177726
25410	-0,022688094363865423	25410	-0,073250263153195508	25410	119,99986245775475	25410	0,54693408459580806
25420	-0,043263945645878092	25420	-0,080217143017527012	25420	119,9999575774316	25420	-0,12154513892016583
25430	-0,02030243239259491	25430	-0,080004005333519146	25430	120,00090410196421	25430	0,53837818307461993
25440	-0,030436465184587931	25440	-0,0985460084599635	25440	119,99705476673312	25440	-0,0816041062160488
25450	-0,047559554043142008	25450	-0,093987983437906222	25450	119,99764140362882	25450	-0,85808067989978576
25460	-0,052689000147645326	25460	-0,089488789986445744	25460	119,99919120410854	25460	0,194256216381973
25470	-0,030122687792551329	25470	-0,082517089320572348	25470	119,99929294747736	25470	-0,3387579742932379
25480	-0,035321870586338719	25480	-0,08084772965619158	25480	120,00211782587002	25480	0,16148796434051066
25490	-0,030181842964991941	25490	-0,082495932686511189	25490	120,00033110734236	25490	-0,32251429563554618
25500	-0,037274615521999115	25500	-0,085354165175558022	25500	120,00035596579194	25500	-0,57055136875537282
25510	-0,025688751428094896	25510	-0,083250171538813048	25510	120,00162836540397	25510	0,492432358495164
25520	-0,020016049254872947	25520	-0,076438622589834415	25520	119,99917830657144	25520	0,13312662258387786
25530	-0,019114328458212065	25530	-0,082171154409866734	25530	120,00054785938259	25530	-0,44865004989671509
25540	-0,036913131335440538	25540	-0,0799763915135605	25540	120,00004707034826	25540	0,030079035730975048
25550	-0,0396216496378567	25550	-0,075721391973593857	25550	120,00021909658415	25550	-0,367658377298449
25560	-0,036645220965360534	25560	-0,086397735455742725	25560	120,00088878429722	25560	0,94211536225594728
25570	-0,041012664132279657	25570	-0,079222619363291558	25570	119,99707570792651	25570	-0,037727101704462085
25580	-0,026917141134261503	25580	-0,087038052302307184	25580	120,00047161459659	25580	-0,46810103329919817
25590	-0,045212812172515826	25590	-0,079516334358155472	25590	119,99983059170229	25590	0,88903844126177445
25600	-0,033144688961783096	25600	-0,087562329520257318	25600	119,9976600354219	25600	-0,53119856822984346
25610	-0,034034793653415871	25610	-0,087213997945600988	25610	120,00109513876855	25610	-0,0536240728535889
25620	-0,037088472094226145	25620	-0,0893737858372666	25620	119,99773781961565	25620	-0,23115166879282367
25630	-0,025542323910771356	25630	-0,086674597407046278	25630	119,99977533310991	25630	-0,17441900682564759
25640	-0,021028070743268797	25640	-0,074095033342901545	25640	120,00046797947202	25640	-0,310439291050004
25650	-0,025742653691903115	25650	-0,074045163518918183	25650	120,00408786664444	25650	-0,014043571167895286
25660	-0,026459662060348964	25660	-0,077221397800929653	25660	120,00272814545616	25660	1,1684546116410168
25670	-0,030644047337445579	25670	-0,074994730530791365	25670	120,00132930338815	25670	-0,39078949644228139
25680	-0,028905893786033379	25680	-0,07815355201929744	25680	120,00083114642494	25680	-0,31141272247631013
25690	-0,045070960971818168	25690	-0,095977545303390185	25690	119,99697066725489	25690	-0,35553528632958753
25700	-0,022672584858785486	25700	-0,0862241777323406	25700	119,99865805275144	25700	-1,0192958764547666
25710	-0,026750663023987691	25710	-0,0919440188938404	25710	119,99727508405252	25710	0,40833690490208963
25720	-0,024109367396644325	25720	-0,088966949302466042	25720	119,99761020851059	25720	-0,70907764552357166
25730	-0,03439856002202147	25730	-0,073030786969810108	25730	120,00426971718002	25730	0,94039409815052588
25740	-0,02442371819275144	25740	-0,077846621097662966	25740	119,9998084429042	25740	0,78735977423874448
25750	-0,024438573326507666	25750	-0,08635011660228685	25750	120,00057276662126	25750	-0,64342127093542489
25760	-0,017628840198003985	25760	-0,077109392783106925	25760	120,00195267433172	25760	0,5655877204116716
25770	-0,0315987918787694	25770	-0,0899567555691334	25770	119,99742731734223	25770	-0,818470700869235
25780	-0,0287405679051381	25780	-0,097204828761140852	25780	119,99672226795495	25780	-2,0028015635832928
25790	-0,048503432228916961	25790	-0,077601016491309516	25790	119,99946703038843	25790	0,36701212958464868
25800	-0,040758515424177931	25800	-0,086466686255810013	25800	120,00031146927984	25800	-0,43075998053349374
25810	-0,045909056918075938	25810	-0,0825165585576739	25810	120,00090175870751	25810	-0,0061966785475137121
25820	-0,033314181894509146	25820	-0,0846381728357713	25820	119,99854490730883	25820	-0,31263941829152003
25830	-0,044894106806328916	25830	-0,088451681196754672	25830	119,99878341872967	25830	-0,5930021523288731
25840	-0,040844199315430242	25840	-0,078124090601758484	25840	119,99951281750636	25840	0,87796318589972255
25850	-0,040790308274066038	25850	-0,09758140151055511	25850	119,99753971569071	25850	-0,30303911083835045
25860	-0,016537675531960033	25860	-0,072625113012446132	25860	120,00204118056196	25860	0,24551194181099306
25870	-0,028293791731504269	25870	-0,079015958661291269	25870	120,00196222763363	25870	0,57859448254519652
25880	-0,020501943804147535	25880	-0,075257237852012368	25880	120,00248203609633	25880	0,68862700764284557
25890	-0,038500860447972025	25890	-0,079120418507582627	25890	120,00165615573143	25890	1,1302750762256015
25900	-0,050613542185881419	25900	-0,073283420092209423	25900	120,00197752336814	25900	-0,05023220333529773
25910	-0,038836772055031991	25910	-0,086839756745763358	25910	119,99882565105655	25910	0,029102221908757553
25920	-0,029680301814022016	25920	-0,083637755665236235	25920	119,99690712283203	25920	-0,49855155795231987
25930	-0,041426402445620993	25930	-0,079419781492117827	25930	120,00102847966272	25930	-0,097297981146501122
25940	-0,03853673629909897	25940	-0,080567656350097772	25940	120,00093524229584	25940	0,89076700539052711
25950	-0,027443232329693402	25950	-0,075838886721904267	25950	120,00035383505424	25950	0,22894035629620491
25960	-0,054458432510278293	25960	-0,076843647482921953	25960	120,00170234426339	25960	1,5321701331506727
25970	-0,031598840685802439	25970	-0,078499586738779173	25970	120,00000134330233	25970	0,339080508371899
25980	-0,017168822395843775	25980	-0,064463706476908425	25980	120,00277962622454	25980	0,64666547160468746
25990	-0,0347937505010914	25990	-0,094168391966765741	25990	119,99666200678958	25990	-0,42931238481087974
26000	-0,035968758531842	26000	-0,083188844156325867	26000	120,00047494980015	26000	-0,37242211613625442
26010	-0,02997810120777452	26010	-0,07479646118714324	26010	120,00079969114205	26010	-0,48429841059859691
26020	-0,034863344358225065	26020	-0,07689265652936085	26020	120,00168236285624	26020	0,093709957335642746
26030	-0,0370183665162587	26030	-0,071959863666278323	26030	120,00373588045805	26030	1,1611646885850724
26040	-0,030426673665742043	26040	-0,089207323955207418	26040	119,99871369797762	26040	0,031718104615803183
26050	-0,032776901440907044	26050	-0,081007293297606142	26050	120,00280012814046	26050	-0,6140865732585894
26060	-0,013013639509120697	26060	-0,079538368726184125	26060	119,99918595545562	26060	-0,036946282315905271
26070	-0,044728183988763756	26070	-0,08966663811938308	26070	119,99717626987632	26070	-1,215960335320607
26080	-0,054747478937343386	26080	-0,091059055818542817	26080	120,00034894242569	26080	-0,46654380134031304
26090	-0,034256143414781483	26090	-0,070621943145507307	26090	120,00136007277966	26090	1,4981972456851316
26100	-0,042580447098295018	26100	-0,09449669942209038	26100	119,99673830757605	26100	-0,890718327197241
26110	-0,021066312755942129	26110	-0,08882499331207093	26110	120,00190289367231	26110	0,52099557711910538
26120	-0,026737132914210582	26120	-0,0831094537089182	26120	119,99968081691122	26120	-0,77381482389033729
26130	-0,019860208050200931	26130	-0,0817571336299555	26130	120,00190280977662	26130	0,1986116218641204
26140	-0,029725582818032604	26140	-0,094345074780619889	26140	119,99701747649183	26140	-1,4747471643017014
26150	-0,03105784279894622	26150	-0,075307584945416048	26150	120,00179388673944	26150	0,17232439567832586
26160	-0,044134006597846942	26160	-0,074049941075555181	26160	120,00150151327573	26160	1,3827742996795851
26170	-0,053156122525497444	26170	-0,086851455199967093	26170	119,99918069801208	26170	-0,7551619637257091
26180	-0,0358043302194878	26180	-0,074751992537393952	26180	120,00196533601888	26180	1,004959219813591
26190	-0,034742868032352943	26190	-0,089085227838779923	26190	119,99808434557735	26190	-0,24790302825438049
26200	-0,038985227307869179	26200	-0,088906764900699209	26200	119,9982440487186	26200	-0,52827639698346551
26210	-0,033699025933953138	26210	-0,091937244386734007	26210	119,99738463904122	26210	-0,46248020345778929
26220	-0,02514926341409204	26220	-0,081440300904310883	26220	119,99982404657031	26220	-0,27584263150493538
26230	-0,036266902972223035	26230	-0,078691275237739666	26230	120,00277092842495	26230	-0,25436810302867091
26240	-0,0434093276982629	26240	-0,080240149773386713	26240	120,00099985322331	26240	1,2156217797027606
26250	-0,032067441725074676	26250	-0,0966913644225787	26250	119,99561301927609	26250	-1,7040082831457066
26260	-0,046322178407203672	26260	-0,069675090994279376	26260	120,00517991728233	26260	2,2037773041381392
26270	-0,050851705646117143	26270	-0,084043303597278879	26270	119,99828455571267	26270	-0,2851942156879067
26280	-0,026649189856592478	26280	-0,080768779264303925	26280	120,00036066978856	26280	-0,26600555529625092
26290	-0,03434702952120592	26290	-0,086696936203009264	26290	119,99811787541793	26290	0,56239608925223639
26300	-0,036464198372258977	26300	-0,081529880379498848	26300	120,00011131767803	26300	-0,63746853135124
26310	-0,025899116651386986	26310	-0,08848187395073312	26310	119,9982185331272	26310	-0,83869899521794711
26320	-0,043935316771747557	26320	-0,080121869803510826	26320	119,99999121744398	26320	-0,27210311063161746
26330	-0,02234383739773925	26330	-0,084593717910445648	26330	120,0010256384174	26330	0,79122881396493172
26340	-0,027853576240514235	26340	-0,085169124845012753	26340	119,99658836509703	26340	0,095702636440596012
26350	-0,037440930332706221	26350	-0,090254339560515012	26350	120,00002083153963	26350	-0,85048530683851942
26360	-0,039947072616358173	26360	-0,083407530136677746	26360	120,00067883477426	26360	-0,27376673376150118
26370	-0,056721743978094291	26370	-0,073076168974914341	26370	120,00321475358905	26370	0,68269356676535908
26380	-0,026065442334870667	26380	-0,085701996592446039	26380	120,00119240256974	26380	-0,18298049374932876
26390	-0,033705392575498178	26390	-0,0957475876104643	26390	119,9952124937609	26390	-0,9119854749566132
26400	-0,042025260876860947	26400	-0,093744721437325387	26400	119,99844834684714	26400	-0,13475762600893304
26410	-0,032800377448890035	26410	-0,080855143713946087	26410	120,00141482928216	26410	0,58645806916933263
26420	-0,025083384141332109	26420	-0,069596456508254342	26420	120,00206313432845	26420	0,83948054928900606
26430	-0,036658775178701059	26430	-0,066811082447737771	26430	120,00476105747417	26430	0,99585831927980917
26440	-0,043282449131047035	26440	-0,076788720976109837	26440	120,00052131688197	26440	0,5091103740587628
26450	-0,0353686852536649	26450	-0,08573471521462156	26450	119,99960077869734	26450	-0,54757837424797873
26460	-0,052577010103954429	26460	-0,084321543340912589	26460	120,0011959019313	26460	0,054523780228844632
26470	-0,05475110624863723	26470	-0,082074217175862246	26470	119,99860331315284	26470	-0,3760606226804179
26480	-0,026453082746138706	26480	-0,0743460244142509	26480	120,00153343736022	26480	0,99429345904176492
26490	-0,024100890879229415	26490	-0,088466348307560713	26490	119,99657606669628	26490	-0,33183344216312705
26500	-0,027925330877858638	26500	-0,074687740575240441	26500	120,00012765562941	26500	0,030981235286078532
26510	-0,018305532955335813	26510	-0,090777067397767863	26510	119,9986495573071	26510	-0,30965159286704119
26520	-0,04289452393141386	26520	-0,085752323970946981	26520	120,00003408222769	26520	-0,16444511577204671
26530	-0,0443842124538214	26530	-0,073093030207039347	26530	120,00407955544155	26530	0,0747308596862675
26540	-0,044729349235761336	26540	-0,088189034935111987	26540	119,99795454394082	26540	-0,41456045396443836
26550	-0,028127203502329494	26550	-0,077192152156542737	26550	119,99909622326776	26550	-0,61526748479238336
26560	-0,051008527555657483	26560	-0,078942556622107626	26560	120,00345172628705	26560	1,0496423411466598
26570	-0,023361268029760743	26570	-0,085664089892407785	26570	119,99787731194581	26570	-1,0401150761338085
26580	-0,038258112724284248	26580	-0,084339366467275925	26580	120,0021783822103	26580	0,85709262534723463
26590	-0,029638795540962784	26590	-0,08072064728937757	26590	119,9974885027008	26590	0,22972267092972512
26600	-0,029505225557181158	26600	-0,080166399570945721	26600	120,00170055204453	26600	-0,25014904348825662
26610	-0,026216659488433224	26610	-0,086517380066377658	26610	119,99880876903917	26610	-0,36627956065176842
26620	-0,01987412480824105	26620	-0,072534127033369908	26620	120,00019207782236	26620	0,52815887838750586
26630	-0,028923565641518555	26630	-0,08052609334192809	26630	120,00142817765425	26630	0,024648950001484593
26640	-0,036470380148288559	26640	-0,085465447062665192	26640	120,00033050252111	26640	-0,55262736739641038
26650	-0,023585047324393052	26650	-0,075275099548546637	26650	120,00174033387924	26650	0,32414472731353622
26660	-0,02843056725198612	26660	-0,088488538128839986	26660	120,00007162681516	26660	0,4392777128527191
26670	-0,035862629327603812	26670	-0,081238748638212038	26670	119,9996642263423	26670	-0,64524386084135621
26680	-0,037996523241469272	26680	-0,084212941661290439	26680	120,00094085439682	26680	0,14995666175737688
26690	-0,038261465695133806	26690	-0,077902543792761014	26690	119,99961477062251	26690	0,22425392793027865
26700	-0,043380330675036556	26700	-0,08476497790080767	26700	119,99991894199302	26700	-0,267542912027558
26710	-0,03908979919919562	26710	-0,094087158889291186	26710	119,99779317537343	26710	0,55348193525502709
26720	-0,043378382729842666	26720	-0,077443510446616834	26720	119,999157699325	26720	-0,64802266945147269
26730	-0,044673624731170952	26730	-0,090003881165957644	26730	120,00021746093529	26730	-0,33267443568261412
26740	-0,026391691378623384	26740	-0,084323469933331147	26740	120,00010833778616	26740	0,82759446310730578
26750	-0,045062677207475553	26750	-0,072808454495678	26750	120,00011609271401	26750	-0,78262643122791731
26760	-0,041760104834278118	26760	-0,090784959579133032	26760	120,00022791895547	26760	-0,37799353829280813
26770	-0,030568006239697028	26770	-0,083572942125075364	26770	119,99781312042238	26770	-0,50555014505282569
26780	-0,022524724661434757	26780	-0,080961093187037467	26780	120,00197403868559	26780	0,19559032074925087
26790	-0,036583491893069121	26790	-0,080053439049014422	26790	119,99975039602271	26790	0,856991733615153
26800	-0,0310991479117203	26800	-0,079788002235132549	26800	120,00070302850124	26800	-0,50420212119154761
26810	-0,024039632442210006	26810	-0,092992860729228938	26810	119,99591848493728	26810	-0,67157040606540841
26820	-0,040138096736577651	26820	-0,0902504931145881	26820	119,99578523964912	26820	-1,1339841564627138
26830	-0,03078855425672342	26830	-0,077781374455312455	26830	120,0017345983584	26830	0,510797388035692
26840	-0,045645427695263446	26840	-0,081878735668153152	26840	120,00103232876619	26840	0,1510967492740046
26850	-0,047352847443375277	26850	-0,07427050718301316	26850	120,00505901814552	26850	0,90785207723332428
26860	-0,034570311187809954	26860	-0,09353955603734504	26860	119,9979306232906	26860	-0,62756892435987788
26870	-0,033555470125052292	26870	-0,083192269462543378	26870	119,99963998836137	26870	-0,54488596210808582
26880	-0,011880953345112931	26880	-0,085031003884719111	26880	119,9983012705723	26880	0,053661721235774534
26890	-0,034467779458171442	26890	-0,096927245973882845	26890	119,99619139298741	26890	-1,0361871919817345
26900	-0,042676987938062405	26900	-0,082730474272227572	26900	119,99951419480559	26900	-0,24810562238486883
26910	-0,022467231128027391	26910	-0,07667740754261973	26910	120,00307538866616	26910	1,0061804186974985
26920	-0,0538201436058628	26920	-0,077603314063408327	26920	120,00116290278945	26920	0,14814382603266446
26930	-0,038178961497005615	26930	-0,0846681522820544	26930	119,99914782879166	26930	-0,11903562216756546
26940	-0,030645761161456411	26940	-0,088096867580685412	26940	119,99897148218543	26940	0,16574298824748956
26950	-0,027275093344147971	26950	-0,06896167935636105	26950	120,00236613101015	26950	0,50418686874592877
26960	-0,034701570576197806	26960	-0,087639086208598213	26960	119,99945251263911	26960	0,38350599089139614
26970	-0,022147464401198084	26970	-0,080485315163308452	26970	120,00111144811487	26970	-0,24316393622659957
26980	-0,037891884962332034	26980	-0,081958895662814668	26980	120,00083408336063	26980	0,66297481850118067
26990	-0,033391711813142558	26990	-0,082662154523889253	26990	119,99684782050252	26990	-0,86257802654900906
27000	-0,041631400242094975	27000	-0,082380029420681816	27000	120,00049178813023	27000	-1,2363387108877548
27010	-0,038463664152689328	27010	-0,075779890864898211	27010	120,00178386308329	27010	0,56926105324758691
27020	-0,0369998889359152	27020	-0,083962593921099213	27020	119,99871113148717	27020	0,052824829221906594
27030	-0,0356765195713792	27030	-0,075958933852570465	27030	120,00061469715851	27030	0,085109226569342666
27040	-0,028405418403487613	27040	-0,090657916468795369	27040	119,99741404587273	27040	-1,1982092681701164
27050	-0,022344300802342267	27050	-0,0897985343643134	27050	119,99807483209446	27050	-0,63403209328093979
27060	-0,031202764028253428	27060	-0,079809934590250986	27060	120,00344775498532	27060	0,90608053532468324
27070	-0,051634462788804618	27070	-0,0759948575737962	27070	120,00025456220972	27070	-0,56289965339028425
27080	-0,042633122434384656	27080	-0,08687304409891998	27080	120,00065453601964	27080	-0,37833110269099135
27090	-0,041049332017049467	27090	-0,084442238923273308	27090	119,99677684007028	27090	0,38115524081148378
27100	-0,02572277938538416	27100	-0,093773976244056645	27100	119,99741418277947	27100	9,84693812979276E-05
27110	-0,032504532798287834	27110	-0,072764983713756434	27110	120,0007941111862	27110	0,88257768014423521
27120	-0,045685195256520546	27120	-0,077839826656007985	27120	120,00123684751583	27120	-0,32820186794056339
27130	-0,042150802680550561	27130	-0,074451470304666742	27130	120,005180060264	27130	0,55157311931570607
27140	-0,034751613385441429	27140	-0,075043634451329361	27140	120,00068413382401	27140	1,0741097716736929
27150	-0,054427830502819068	27150	-0,082486990815753378	27150	120,00110499460554	27150	0,45322782959149188
27160	-0,0311895765227665	27160	-0,073059338585471367	27160	119,99984001929587	27160	-0,32981000169034674
27170	-0,033728404414399192	27170	-0,080228042466131314	27170	119,99879004881505	27170	0,17361068075081493
27180	-0,031551943307166652	27180	-0,081518350748093743	27180	119,99954724834625	27180	0,27264278642414963
27190	-0,024713586905158361	27190	-0,093987234197473818	27190	119,99554421715297	27190	-0,69215741738675673
27200	-0,029624462937037722	27200	-0,079337156076926429	27200	120,00139780994749	27200	0,24522623066790228
27210	-0,032204196994826517	27210	-0,080105712898539544	27210	120,00199579596105	27210	0,18055109287609072
27220	-0,044198763546830423	27220	-0,078461424554853457	27220	119,99946201115571	27220	0,024667887193543292
27230	-0,036379774547661316	27230	-0,072008180174906677	27230	120,00428520938065	27230	1,3633174684270482
27240	-0,032822425449641895	27240	-0,07281387509179664	27240	120,00181165082857	27240	0,66071798715778807
27250	-0,030738968665044674	27250	-0,080112600963187688	27250	119,99849556172428	27250	-0,40308954819947695
27260	-0,020845797947464946	27260	-0,086345502129185986	27260	119,99916696154737	27260	0,66311453754260674
27270	-0,0404359643275315	27270	-0,085915370087377554	27270	119,99803600243924	27270	-0,5787793301538412
27280	-0,032188922981231986	27280	-0,075300960966668856	27280	120,00288887009128	27280	0,39612173500025138
27290	-0,0416257228019462	27290	-0,0782232516264882	27290	120,00067820649102	27290	1,3972577244031303
27300	-0,028250665335200039	27300	-0,08877792089178288	27300	119,99809134346661	27300	-1,2661265167096794
27310	-0,04235225014898375	27310	-0,067462643987016013	27310	120,00322972983382	27310	0,46488862500204725
27320	-0,032606243554784808	27320	-0,088733490347168612	27320	119,99707767186125	27320	-0,81958630895790563
27330	-0,020544650138491469	27330	-0,082659310087263613	27330	120,0005917914919	27330	-0,11679224825421397
27340	-0,033537891389922019	27340	-0,08573549917036194	27340	119,99958257788552	27340	0,10760630774051544
27350	-0,026313047839267464	27350	-0,089180019677314273	27350	119,99862863585098	27350	-1,1757253160756669
27360	-0,038037372222210139	27360	-0,090605578030349868	27360	120,00056121354906	27360	0,015237929771724723
27370	-0,045835345033898967	27370	-0,084695368439910337	27370	119,99977834079567	27370	-0,43607721715856707
27380	-0,048880072518005968	27380	-0,079803495629511639	27380	120,00268063582273	27380	0,435091985030559
27390	-0,056454384529656391	27390	-0,084634134175975859	27390	119,99864471455456	27390	0,84203830932500656
27400	-0,0398657936971612	27400	-0,080925604713344534	27400	119,99804487585925	27400	-0,703889482397104
27410	-0,057962145853689369	27410	-0,0902511483692236	27410	119,99786040746666	27410	-0,13903725018572377
27420	-0,023270715231166261	27420	-0,083887932401384188	27420	119,99809442825446	27420	-0,2423023191126088
27430	-0,041045993050950108	27430	-0,073783506198855264	27430	120,00005910966384	27430	0,36122489711438621
27440	-0,030706907398829721	27440	-0,087168891747239685	27440	119,99920264966765	27440	-0,22383062312985708
27450	-0,021317930015467015	27450	-0,080882644718505411	27450	119,99885906365742	27450	-0,30416268216643016
27460	-0,0414782393542372	27460	-0,08384842228154038	27460	120,00287988874176	27460	-0,4194198220450418
27470	-0,041503046154765133	27470	-0,081285460672735566	27470	119,99961230454935	27470	-0,13062064248061706
27480	-0,042709247047234215	27480	-0,068080742484898829	27480	120,0037926349211	27480	1,0845826894854316
27490	-0,027648516134265007	27490	-0,099868752777235961	27490	119,99391498073891	27490	-1,9104386133783353
27500	-0,027326078917552458	27500	-0,094288755480149922	27500	119,99640177247404	27500	-0,71251308150366932
27510	-0,033113174850310123	27510	-0,077815860285045543	27510	120,0019109625086	27510	-0,583807658398869
27520	-0,033456048856527643	27520	-0,084301837443366764	27520	119,99704963311818	27520	-0,14653748303842185
27530	-0,020950523100736567	27530	-0,093282557262384755	27530	119,99934359320582	27530	-0,2148090367686481
27540	-0,038289627663671853	27540	-0,089823773026658671	27540	119,9967351337304	27540	-0,12371255809983334
27550	-0,034626161001535552	27550	-0,068870060939594843	27550	120,00341496263482	27550	-0,062458200153189786
27560	-0,029953836389161052	27560	-0,0808411628093208	27560	120,00043723947682	27560	0,35955139550268733
27570	-0,022386702049457974	27570	-0,068287031527803965	27570	120,00096262549177	27570	-0,053182846143818262
27580	-0,029604016338567459	27580	-0,094679064036939972	27580	119,99867454160595	27580	-0,650208881569249
27590	-0,039816561374324433	27590	-0,090753347663083156	27590	119,99913464918353	27590	-0,51493557428005388
27600	-0,035592466004657423	27600	-0,086226158423405225	27600	120,00010109246946	27600	-0,034904132142176969
27610	-0,043073685254275844	27610	-0,078745205264364918	27610	120,00037460288986	27610	0,86054858027758652
27620	-0,031878314275924774	27620	-0,077668877309781253	27620	119,99942434365286	27620	0,044105303577324451
27630	-0,032899732440007226	27630	-0,077667843089958818	27630	120,00227059278744	27630	-0,063590870352306622
27640	-0,024615413627839221	27640	-0,088997251929895632	27640	119,99715824326175	27640	-0,059993514578776
27650	-0,033404347363513734	27650	-0,093797917298796482	27650	119,99790896986728	27650	-0,78978629684899637
27660	-0,014366724872166245	27660	-0,081395661719415174	27660	120,00190175043488	27660	1,2071565985608848
27670	-0,044089949617104038	27670	-0,09040972114542023	27670	119,99790239725739	27670	-0,61220869516276
27680	-0,031023369412198503	27680	-0,086283059050700966	27680	119,99906920512407	27680	-0,055621392450678458
27690	-0,036108706064947933	27690	-0,083027972361984448	27690	119,99949334552179	27690	0,22718489052797095
27700	-0,035534788667702731	27700	-0,08586665361356749	27700	120,00094073198662	27700	0,69924575180453319
27710	-0,030470044623187167	27710	-0,089424136309299712	27710	119,99963266663525	27710	-0,34464794627616113
27720	-0,033615950085327	27720	-0,079535987955292153	27720	119,99878045284798	27720	-0,24287327626591881
27730	-0,051816091383508518	27730	-0,062304059533706081	27730	120,00605984069306	27730	1,8775374555495126
27740	-0,04722760287837343	27740	-0,081894597270224939	27740	119,99849969169082	27740	0,58011806878477079
27750	-0,039557221830036432	27750	-0,0716862343606113	27750	120,00207382530414	27750	0,77525960676475958
27760	-0,043249148478287439	27760	-0,0844604147956385	27760	120,00096515039176	27760	1,0634849599381402
27770	-0,0404409135735234	27770	-0,087486073373148676	27770	119,99971473470417	27770	-0,8191870753623981
27780	-0,034219041820103484	27780	-0,075579344785231678	27780	120,00161703747368	27780	0,57537626907814454
27790	-0,033703503299081672	27790	-0,083992499728167719	27790	120,00027142507132	27790	0,037441003304949927
27800	-0,022668342162735625	27800	-0,07088024778106404	27800	120,0029462537766	27800	1,0169579992514097
27810	-0,0361020931381814	27810	-0,071838530193544164	27810	120,00229850811866	27810	0,6077170540887975
27820	-0,041430660747946782	27820	-0,079504185667647193	27820	120,00150087047351	27820	-0,2944354414220523
27830	-0,022728904475985943	27830	-0,081960280514770681	27830	119,99898741872349	27830	0,012574454172544589
27840	-0,030414529621428061	27840	-0,089484753368806486	27840	119,99812752614713	27840	-0,2369552720139961
27850	-0,03859009760289174	27850	-0,076172170566128641	27850	120,00039534787307	27850	0,21245952344203473
27860	-0,046585120111182536	27860	-0,082860894523608217	27860	119,99978784103892	27860	0,77634965712407489
27870	-0,038787660364012683	27870	-0,079801529220703729	27870	119,99789363630148	27870	-0,30213667806574418
27880	-0,045332932774394138	27880	-0,0842776592778595	27880	120,00124265344857	27880	-0,42197197139323545
27890	-0,035841799425819332	27890	-0,08191130070100841	27890	119,99860310869917	27890	0,58484690516250937
27900	-0,051177671328179	27900	-0,077406311819913171	27900	120,00248220387221	27900	0,52172472406314829
27910	-0,041043323249735322	27910	-0,0872969744504806	27910	119,99902090997249	27910	0,2238011197668518
27920	-0,039378653378294506	27920	-0,076220820133840322	27920	120,00128756791483	27920	0,16352545395132262
27930	-0,033250917325520137	27930	-0,073700812410514752	27930	120,00378110469313	27930	0,35405724224102009
27940	-0,027145847087774982	27940	-0,080017710010484938	27940	120,00167934932648	27940	1,1835774827741643
27950	-0,025216220335725167	27950	-0,07681757691597528	27950	120,00016241829832	27950	-0,51140829395422283
27960	-0,028862293357283943	27960	-0,0879792232702378	27960	119,99923218516885	27960	0,88499457624203548
27970	-0,040313533643096366	27970	-0,080954183642063929	27970	119,99925863559359	27970	-0,57028310028577422
27980	-0,014105999104157758	27980	-0,07970025873264111	27980	120,00131383434247	27980	0,18462900659277981
27990	-0,036108030784261828	27990	-0,076062102975881965	27990	119,99956868475134	27990	0,0088574634775807348
28000	-0,0223101343020815	28000	-0,077182049967040908	28000	120,00000556912099	28000	-0,43944833518631965
28010	-0,037832244291989781	28010	-0,0769997744181863	28010	120,00413273009032	28010	1,0511547794574607
28020	-0,032674436192164515	28020	-0,083941374171326216	28020	119,99833951702244	28020	-0,29864923250990172
28030	-0,026365482900648204	28030	-0,098699396584083207	28030	119,99804898261444	28030	-0,51520316891978457
28040	-0,03794084577958054	28040	-0,070160697111518164	28040	119,99984831399513	28040	0,74681277002067037
28050	-0,028227456718825806	28050	-0,08218424284857595	28050	119,99842602108963	28050	0,13806784908177572
28060	-0,024327614431861891	28060	-0,089223513976140964	28060	120,00081517347506	28060	0,14354572702257118
28070	-0,0272555238438497	28070	-0,077348214228455	28070	119,99944733599159	28070	-0,28364569081121738
28080	-0,012705880557016937	28080	-0,0797313486176133	28080	120,00133403404601	28080	-0,21128880198304392
28090	-0,045698359833561367	28090	-0,083223231261861416	28090	119,99873383193889	28090	-0,38829569159615995
28100	-0,039034406682393635	28100	-0,077193434818681211	28100	120,00131680427317	28100	-0,2143500738757633
28110	-0,03267204898549516	28110	-0,082534575715399031	28110	120,00103296802119	28110	0,21035362176748523
28120	-0,039710280715018947	28120	-0,074754163613319019	28120	120,00181902846241	28120	0,44064274525757613
28130	-0,017633611531495709	28130	-0,07847576892561349	28130	120,00136626055814	28130	0,62827333080712144
28140	-0,033510698897049787	28140	-0,0784649628185821	28140	119,99819421674532	28140	-0,085916834373369083
28150	-0,038793937685054729	28150	-0,084814160165946118	28150	119,9992914583484	28150	-0,935976551021411
28160	-0,045760656191819078	28160	-0,067959161985122057	28160	120,00312546522423	28160	0,55808095203414554
28170	-0,048971063333787514	28170	-0,089055718967351871	28170	120,00027362097146	28170	0,0031259826619253195
28180	-0,023863957763263072	28180	-0,09071699521627323	28180	119,99798448969575	28180	-0,67925490442217906
28190	-0,039318576036595838	28190	-0,08889222793854927	28190	119,99770260229603	28190	0,078899644637270228
28200	-0,010121506786628055	28200	-0,0873042001131295	28200	119,99937966311221	28200	-0,4735259891258195
28210	-0,036699751503548345	28210	-0,091048410204943309	28210	119,99983863000621	28210	0,5366741076544308
28220	-0,034439874773293813	28220	-0,0701083464381643	28220	120,00233742104723	28220	-0,0067311597782537258
28230	-0,018737842353848934	28230	-0,084363307404771062	28230	120,0005405037292	28230	-0,63165705762707347
28240	-0,044117926901585877	28240	-0,084267322333143768	28240	119,99810861581423	28240	-0,23428280466263546
28250	-0,031786855441805852	28250	-0,080904681655538616	28250	120,0009919313174	28250	-0,06380636077331539
28260	-0,031043484960034409	28260	-0,079966282485837745	28260	120,00050637640089	28260	0,097706799750198775
28270	-0,052577254707458478	28270	-0,076817751192400391	28270	120,00107692643611	28270	0,21794159016284537
28280	-0,029368342380862632	28280	-0,085735287644776531	28280	120,00042813091987	28280	0,60691550439210229
28290	-0,033770897240948755	28290	-0,08141498430201316	28290	119,9997350156782	28290	1,0396018613969971
28300	-0,030687262616844724	28300	-0,093752337887409665	28300	119,99682523968561	28300	-0,75177665084323708
28310	-0,049960713862094393	28310	-0,081697361807292826	28310	120,0013146461456	28310	0,013723494879701814
28320	-0,019124229644716738	28320	-0,078191178985805923	28320	120,00061064369103	28320	0,9954586899218929
28330	-0,024071361474781821	28330	-0,077586306298450355	28330	120,00158857355213	28330	-0,1745373161425505
28340	-0,025762520002188889	28340	-0,08775908736020871	28340	119,99733795049095	28340	0,791836000435581
28350	-0,034946771743286149	28350	-0,093486835271029217	28350	119,99783433935387	28350	-0,85148724380923457
28360	-0,01831735003203688	28360	-0,0828039624633872	28360	119,99953902564897	28360	-0,34100474151806992
28370	-0,028134244512008494	28370	-0,098420839755569214	28370	119,99294945621352	28370	-1,3329712367005449
28380	-0,032468538874698909	28380	-0,093729545363216454	28380	119,99846454215748	28380	-0,30998515854876768
28390	-0,042419180814533018	28390	-0,079549051589080461	28390	119,9982248750768	28390	-0,62060009006415473
28400	-0,041501866234932829	28400	-0,087702578417821	28400	120,00064353141694	28400	-0,27679093642040975
28410	-0,03953345494624852	28410	-0,080576032518876184	28410	120,00185538390103	28410	-0,30277362064829488
28420	-0,0482734240809145	28420	-0,0730255408807075	28420	120,00118818267035	28420	-0,14614983478477772
28430	-0,019844339712184026	28430	-0,088744939131545658	28430	119,99772681578054	28430	-0,829859594872695
28440	-0,033420052847337296	28440	-0,08204634915132003	28440	119,99972335653894	28440	1,2743197646648772
28450	-0,029182305097930784	28450	-0,08099718142118438	28450	120,00076587247943	28450	-0,46869446841993589
28460	-0,024586044202390814	28460	-0,079372205238990814	28460	120,00045149636114	28460	0,29024820508111571
28470	-0,043393157926553655	28470	-0,086844831487243451	28470	119,99822681304758	28470	-0,43160895638471486
28480	-0,020459084869112746	28480	-0,0927189851389151	28480	119,99934001800629	28480	-0,54090609967788894
28490	-0,039907973915201379	28490	-0,086784829082422438	28490	119,99821845974981	28490	0,68003818076603073
28500	-0,036190660529417287	28500	-0,077224475548084065	28500	120,00069931338865	28500	0,057219219216774031
28510	-0,035903839604929919	28510	-0,082905375215808472	28510	119,99844869610824	28510	-0,063018086993466976
28520	-0,025743454339074621	28520	-0,087494926892786651	28520	119,99648799698284	28520	-1,4150902033439268
28530	-0,021321669771953204	28530	-0,079843274644151127	28530	120,00025063389252	28530	0,34170133958370141
28540	-0,036173431591666132	28540	-0,090704903408281523	28540	119,99880984312391	28540	0,21234325682454086
28550	-0,035352606468599161	28550	-0,083563886223790518	28550	119,99945587656224	28550	0,19197165256273813
28560	-0,037991678743827952	28560	-0,079286290522137468	28560	120,00016382837886	28560	1,1611839233989951
28570	-0,050052697089706839	28570	-0,085789534767068978	28570	119,99911419131266	28570	-0,54671392095053661
28580	-0,020607575234456353	28580	-0,075008565887164425	28580	120,003184194083	28580	-0,27750989249870345
28590	-0,063486852034100913	28590	-0,0714071060988094	28590	120,00440241808271	28590	1,3288725815830627
28600	-0,042389256938108029	28600	-0,087286188096783665	28600	120,00064031096144	28600	-1,0988644960472531
28610	-0,019840043077707259	28610	-0,073251905382210714	28610	120,00072239244641	28610	0,67724346212030206
28620	-0,016404528997639237	28620	-0,079710657790195136	28620	119,99835041276513	28620	-0,71283007056044412
28630	-0,025660120114210674	28630	-0,072057587985228	28630	120,0035211219133	28630	0,43648822106907115
28640	-0,045382178900982471	28640	-0,085699078356047259	28640	119,99851722293469	28640	0,69949500584108359
28650	-0,033886873207285312	28650	-0,080205666851556057	28650	119,99913966680184	28650	-0,61132587089544921
28660	-0,044435219134646257	28660	-0,0772192807717557	28660	119,99923663334049	28660	-0,085057360172044
28670	-0,031986240020450842	28670	-0,091074330430303524	28670	119,99670833977891	28670	-1,2535800735976972
28680	-0,030315773643147977	28680	-0,089696547922837933	28680	120,00019014589985	28680	0,35167569002296906
28690	-0,04042058225826594	28690	-0,087636809238001531	28690	119,99783119022267	28690	-0,22084588062209334
28700	-0,017357254574605758	28700	-0,083045247134009445	28700	119,99868849480404	28700	-1,0173434048964261
28710	-0,035186013143693642	28710	-0,07663575655412784	28710	120,00174405698122	28710	0,58010251611668717
28720	-0,052243026919219213	28720	-0,081772493954860054	28720	119,99729045614572	28720	-0,25842485833225237
28730	-0,042510844180339208	28730	-0,092502215795945142	28730	119,99764893994761	28730	-0,49895949119163086
28740	-0,031846863036570715	28740	-0,070688794490572332	28740	120,00200055104031	28740	0,4450580974939175
28750	-0,0341906731630078	28750	-0,0955402803379713	28750	119,99678366386785	28750	-0,626415300133583
28760	-0,020036994337714706	28760	-0,07489833570582255	28760	120,00335415294255	28760	0,75395058882453481
28770	-0,02627930211004913	28770	-0,08990575776339528	28770	119,99759652308808	28770	-0,32104168690211365
28780	-0,0305090026314187	28780	-0,080811914114641517	28780	120,00219040301414	28780	0,28952418777812217
28790	-0,047237315428331768	28790	-0,08404263662165537	28790	119,99963849676752	28790	0,48564697370886967
28800	-0,031521319810063869	28800	-0,0819780220003914	28800	119,99986516563348	28800	-0,41879417889699372
28810	-0,024237378972630706	28810	-0,073965907471214787	28810	120,00166144269146	28810	0,36734849048007329
28820	-0,036870276060892181	28820	-0,0803332595105877	28820	119,99932315312513	28820	0,21362172766203114
28830	-0,036130963867817764	28830	-0,082065157537568836	28830	120,0013754347693	28830	0,29287507075350205
28840	-0,039034206592778717	28840	-0,072941920538371938	28840	120,00174423433307	28840	0,704464459235221
28850	-0,034889669111633756	28850	-0,076618299834935885	28850	120,00242725171511	28850	0,70026470009058417
28860	-0,044165244115375479	28860	-0,090691998842282351	28860	119,99943846088273	28860	-0,52780990005338491
28870	-0,048808095980132915	28870	-0,084761374241790879	28870	119,99959192488477	28870	0,58455529821511676
28880	-0,025643842441621854	28880	-0,072846511259132371	28880	120,00028051512607	28880	0,46384073181718155
28890	-0,034191669892131731	28890	-0,087961428310201054	28890	119,99883638085564	28890	0,25885730501287263
28900	-0,039180378037656	28900	-0,086432650321869586	28900	119,99732572105661	28900	-0,33402416531424939
28910	-0,050656289986129775	28910	-0,076083517238007131	28910	120,00055002517418	28910	1,147014365077611
28920	-0,033143023100759658	28920	-0,083212793331857535	28920	119,99725138898018	28920	-1,1749180699396826
28930	-0,013665677638690425	28930	-0,079287005955106113	28930	120,00146607956532	28930	-0,059772852622010708
28940	-0,036464475041146006	28940	-0,0890625244865173	28940	119,99852321336189	28940	-0,36940922684895977
28950	-0,015113656373719716	28950	-0,084606470270532474	28950	119,99948035201749	28950	-0,70771204801802323
28960	-0,039499758955396543	28960	-0,087250248594810412	28960	120,00095145163206	28960	0,3225784347013354
28970	-0,02422096359129244	28970	-0,0801192267333919	28970	119,99889224062278	28970	0,09987114711883123
28980	-0,030100847181972583	28980	-0,0843757351166933	28980	119,99994826202162	28980	0,30834674799262268
28990	-0,046100270934240323	28990	-0,087320757675377225	28990	119,99735244590995	28990	-0,897146315802756
29000	-0,036155236133398695	29000	-0,079282828332533736	29000	120,0001821510789	29000	-0,95882815755971806
29010	-0,030105704131462813	29010	-0,070316237288702108	29010	120,00410794338676	29010	0,895073111738044
29020	-0,037410794026471149	29020	-0,092251200936107142	29020	119,99717957844744	29020	-0,97702446018844724
29030	-0,037228831212649784	29030	-0,080692721866190364	29030	120,0010238822976	29030	0,027084092446602856
29040	-0,022620953741689771	29040	-0,095171517573053532	29040	119,99699762553132	29040	-0,33929432012683386
29050	-0,034441768494227865	29050	-0,081660057616156037	29050	119,99914280000343	29050	-0,8004459041101879
29060	-0,044974082936837211	29060	-0,079533956768847558	29060	120,00175458439382	29060	0,85687947203949388
29070	-0,035019724464200812	29070	-0,07941733495619574	29070	119,9977435025997	29070	0,64156438530141668
29080	-0,02582478929390427	29080	-0,085813691702857728	29080	119,99958736806524	29080	-0,66188034307946664
29090	-0,020370070783375941	29090	-0,091376623580794736	29090	119,99574967018025	29090	-0,55301095274197309
29100	-0,026409361551417446	29100	-0,069629663402197658	29100	120,00214922700185	29100	-0,2190508943425139
29110	-0,034351624420901172	29110	-0,082008529612227959	29110	120,00191846100859	29110	0,40330844505461672
29120	-0,039185638311568932	29120	-0,079094242840869231	29120	120,00193308187993	29120	-0,028273545799625766
29130	-0,041611737063688911	29130	-0,083815813101137088	29130	120,00097509354885	29130	0,38858870793059119
29140	-0,0489733613412896	29140	-0,091851216107745826	29140	119,99785406037978	29140	-0,40591476899639056
29150	-0,038098341550251179	29150	-0,077421636949019726	29150	119,99974810000956	29150	-0,5306842545116599
29160	-0,043910749137417861	29160	-0,077766129266217565	29160	120,00222269506531	29160	0,52419601918540015
29170	-0,017187119432234214	29170	-0,091396148744322253	29170	119,99492120186993	29170	-0,93380007813317512
29180	-0,030961670496651533	29180	-0,080634696773130454	29180	120,00217480464498	29180	0,051962649725223631
29190	-0,031092793854432078	29190	-0,086575973637697257	29190	119,99864342689166	29190	0,37174033818324781
29200	-0,030823265562934271	29200	-0,092702110262974757	29200	119,99827602016281	29200	-0,61614381962995435
29210	-0,026360554393166646	29210	-0,096131782727723783	29210	119,99889990359016	29210	-0,719963354856671
29220	-0,044544621176617609	29220	-0,083929450726807339	29220	120,00086293985932	29220	0,50204019179629289
29230	-0,038701895489386892	29230	-0,077091370589498082	29230	120,00217999146699	29230	-0,26203190165295454
29240	-0,029810815959620197	29240	-0,073510196060582067	29240	120,00140789723388	29240	-0,096023566234387181
29250	-0,0459158553993162	29250	-0,067664720120803934	29250	120,00369426235503	29250	1,1947634747097584
29260	-0,023819538044449137	29260	-0,093125844698320845	29260	119,99724697843159	29260	-0,93781688760074911
29270	-0,040990624688716643	29270	-0,10488598900479208	29270	119,99743116192973	29270	-0,78984463860286092
29280	-0,02093331936573967	29280	-0,077414487654169237	29280	120,00189600827558	29280	0,91318947937455353
29290	-0,05237747011707878	29290	-0,076602147314153074	29290	120,00167640301147	29290	1,2717137064383581
29300	-0,018453980724820591	29300	-0,0702963915781477	29300	120,00141910252464	29300	-0,3426150838160249
29310	-0,037103297678062488	29310	-0,083501636489871675	29310	120,00162703702461	29310	0,68202863050176787
29320	-0,027190863800086895	29320	-0,085195361831048325	29320	119,99855045656925	29320	-0,64875174207525022
29330	-0,040524726405725651	29330	-0,080489806404870773	29330	120,00075812417545	29330	0,40052982218952266
29340	-0,020264955890021894	29340	-0,072277866296244553	29340	120,0013587452861	29340	0,70307909859029627
29350	-0,023603022822841442	29350	-0,087889753785754143	29350	119,99899223794458	29350	-0,60342556201500175
29360	-0,041055530506129534	29360	-0,08182696476856699	29360	120,00152874047207	29360	0,46898586187063862
29370	-0,040346005003161038	29370	-0,084660477051842334	29370	119,9983232552103	29370	-0,68241406551211381
29380	-0,03286439948727761	29380	-0,0864909396983541	29380	119,99897917123542	29380	-0,48069321018488742
29390	-0,032299710886200823	29390	-0,094755303463293972	29390	119,99695487620474	29390	-0,45095638502637625
29400	-0,026209640370723573	29400	-0,084886001880724371	29400	119,99743955851321	29400	-1,2775114907306144
29410	-0,038740789037848208	29410	-0,078504059363900661	29410	120,00192724274064	29410	1,5162006024076546
29420	-0,039389039399651771	29420	-0,078514826328165629	29420	119,99847280255108	29420	-0,59100686301943917
29430	-0,033612663480408672	29430	-0,085129515813262821	29430	120,0020708981839	29430	0,49524976395028719
29440	-0,04175048791233938	29440	-0,078877279275139933	29440	120,00004814479981	29440	0,32617347090953341
29450	-0,038104698187234394	29450	-0,081658193283918629	29450	119,99771381803727	29450	-0,097589668048734257
29460	-0,0360052819056438	29460	-0,086181993435304471	29460	119,99958200051154	29460	0,23776591665424812
29470	-0,034854857470623654	29470	-0,087421552844567346	29470	119,99886654410663	29470	0,24818106411109397
29480	-0,032112621884750427	29480	-0,070750608848068067	29480	120,00259532493224	29480	0,55055045453239027
29490	-0,040323658446314109	29490	-0,07944591091053925	29490	120,00105181972252	29490	0,41067830889324525
29500	-0,035240405869788827	29500	-0,085904864992631877	29500	119,99820552510759	29500	-0,50553372354727932
29510	-0,032447327045484052	29510	-0,083151505521088784	29510	120,00050137007584	29510	0,91630063640936965
29520	-0,030453528708520614	29520	-0,0942468211665444	29520	119,99658842823803	29520	-1,6452501293578441
29530	-0,028780326253860972	29530	-0,085321686901933258	29530	120,00155771201908	29530	-0,61046121797859221
29540	-0,053314952128932794	29540	-0,081166009995379262	29540	119,9999222442961	29540	0,7720397442442587
29550	-0,029856465349031237	29550	-0,083431278245910317	29550	119,99851643989022	29550	-0,10452985950481666
29560	-0,014418778538430398	29560	-0,085157034151038979	29560	119,99833545419396	29560	-0,6827226586110402
29570	-0,022869712494191334	29570	-0,0773322896662993	29570	119,99943971284343	29570	0,093730876262046015
29580	-0,03233758240036947	29580	-0,08487161133204317	29580	120,00080688633105	29580	-0,36606148861245336
29590	-0,049359619259555843	29590	-0,087373514481494274	29590	119,99868241222731	29590	0,056078717760387142
29600	-0,050922509219955267	29600	-0,083338237750881838	29600	119,99977826197352	29600	-0,062982883688961322
29610	-0,022277460815749481	29610	-0,091784314947782553	29610	119,99823260387106	29610	0,71779190653661207
29620	-0,045874716020489155	29620	-0,086902723376927227	29620	119,9975223140772	29620	-1,4429949317491346
29630	-0,028421115615658084	29630	-0,07990154091613566	29630	120,00158461179798	29630	-0,015690127874336074
29640	-0,038030332193190831	29640	-0,084529507659309583	29640	119,99863863370179	29640	-0,76132293580493626
29650	-0,036792948534477371	29650	-0,07959136187602503	29650	120,00268686295543	29650	0,23315940325858081
29660	-0,041294435377540809	29660	-0,088290662260692349	29660	119,99966198736998	29660	-0,30203840812190352
29670	-0,047294866116897184	29670	-0,087761743441940474	29670	119,9964475178094	29670	-0,93995352672528265
29680	-0,032707521938635173	29680	-0,07638242508348006	29680	120,00166814233852	29680	1,2203458231463356
29690	-0,03476272744116881	29690	-0,082383947119140322	29690	119,99867865689221	29690	-0,21730775960125143
29700	-0,033422041201730465	29700	-0,086248700778136886	29700	119,99721451876857	29700	-0,53954921456213933
29710	-0,031626708093522096	29710	-0,087527450353546352	29710	120,00161794032506	29710	0,88883767337078246
29720	-0,041441777365206982	29720	-0,095600995994742866	29720	119,99491096300201	29720	-1,6735356636473382
29730	-0,049103083759590077	29730	-0,0744149927546025	29730	120,0036965530321	29730	0,34452618998108386
29740	-0,045116505311831527	29740	-0,084492876059546779	29740	119,99902272046428	29740	-0,43310908856551594
29750	-0,026851689958496294	29750	-0,080733067137248551	29750	119,99910968805619	29750	-0,45368142307566994
29760	-0,018213859462797584	29760	-0,087080682506537027	29760	119,9995082317505	29760	0,21490831110213363
29770	-0,037097918707777	29770	-0,084612993352981031	29770	119,99827959598434	29770	-0,069549755373135375
29780	-0,037481875902386677	29780	-0,0758934629915589	29780	120,00426376364415	29780	0,65108818930055568
29790	-0,032686814085417716	29790	-0,0859559671609765	29790	119,99975912160005	29790	0,577243261321525
29800	-0,035145517814188752	29800	-0,077395147391425112	29800	120,00010809904489	29800	0,25658436094670606
29810	-0,047246949524173694	29810	-0,069014080884953241	29810	120,00091985720619	29810	0,97830661091544424
29820	-0,031040404368440126	29820	-0,078534783461488955	29820	119,99919114913887	29820	-0,34828397955819212
29830	-0,027960036549423587	29830	-0,079053073715220787	29830	120,00346778049902	29830	0,97547345646349437
29840	-0,041183904551150119	29840	-0,09866984084938743	29840	119,99605683188645	29840	-0,79655796874378682
29850	-0,028208652427972634	29850	-0,08348249631824442	29850	120,00101814812949	29850	-0,63918816019351965
29860	-0,033116610484336173	29860	-0,0892625391646791	29860	119,99960326690864	29860	-0,22234432193224524
29870	-0,037207132485037361	29870	-0,083725710468891962	29870	119,99874109582926	29870	-0,42104101097546032
29880	-0,027468604156495192	29880	-0,069286351942906291	29880	120,00208745400063	29880	-0,27421409905858707
29890	-0,023385453834930681	29890	-0,093420192362461824	29890	119,99852954885918	29890	0,091572373852625
29900	-0,05873681363284175	29900	-0,0707852627217952	29900	120,00255949078785	29900	0,75836366539561251
29910	-0,029420809273494011	29910	-0,0791120077079318	29910	120,00213349646629	29910	0,83325431919871062
29920	-0,028152404252818345	29920	-0,0923994892397203	29920	119,99446592962467	29920	-2,0336908024235694
29930	-0,021817831506567471	29930	-0,080257777940902553	29930	119,99970704420734	29930	0,22585415930178776
29940	-0,035778713029069285	29940	-0,092091212618774732	29940	119,99745208541798	29940	-0,98794139431796979
29950	-0,040005045015635073	29950	-0,076679030146591109	29950	120,00146345115469	29950	-0,68605997229315863
29960	-0,027610029182904505	29960	-0,088640214151265814	29960	120,00005285342583	29960	-0,049177094065584931
29970	-0,036821570202622993	29970	-0,0852951802987884	29970	119,99727997406841	29970	-1,117795264611217
29980	-0,030923673369538721	29980	-0,079303798019477637	29980	119,99994140842746	29980	-0,083451824165780009
29990	-0,035207203895730003	29990	-0,08673448462161866	29990	119,99785561684018	29990	-0,32558730527204571
30000	-0,036144499549097577	30000	-0,08142765360655603	30000	119,99967194070595	30000	-0,75986547193250487
30010	-0,039669107963363016	30010	-0,083953853124390493	30010	120,00167075823359	30010	1,1060306518944154
30020	-0,041872588824863763	30020	-0,077077525413620257	30020	119,99992320637418	30020	0,34063314288836044
30030	-0,035663565144025577	30030	-0,082488158895866914	30030	119,99974026425025	30030	0,23898090664949373
30040	-0,029616440263114961	30040	-0,087688690934783611	30040	119,99933472899546	30040	0,28628749795615077
30050	-0,025523989856875689	30050	-0,081303616432645859	30050	119,9996968941774	30050	-0,87992783762805526
30060	-0,047307305916068527	30060	-0,080685588676520745	30060	120,00227328039846	30060	0,88152269471303413
30070	-0,048810606043448931	30070	-0,08562246888733932	30070	119,99859503675963	30070	-1,1339867329511906
30080	-0,057441285249271806	30080	-0,067852225608124109	30080	120,00671950133057	30080	1,3404605468368849
30090	-0,022312687438155059	30090	-0,072869369782990745	30090	120,00051091135096	30090	-0,0062539334196937829
30100	-0,027010557861136847	30100	-0,08433456900803224	30100	119,99692418294789	30100	-1,0748814150591588
30110	-0,029851858579589576	30110	-0,084913505916262011	30110	119,99842847049477	30110	0,32162310037478004
30120	-0,027277839145321395	30120	-0,08558384283279015	30120	119,99664862708383	30120	-0,37859071818823553
30130	-0,021158728740548013	30130	-0,076218727122211366	30130	120,00277734729875	30130	0,61353683526934111
30140	-0,04882387139143167	30140	-0,073965987361697821	30140	120,00196969287222	30140	1,33859377397625
30150	-0,029121786315915665	30150	-0,086014451444406351	30150	119,99913707327009	30150	-0,28613260934173157
30160	-0,0275870488057782	30160	-0,084124996460426427	30160	119,9988657895303	30160	0,63417046376621811
30170	-0,03167820488289478	30170	-0,073880383240831377	30170	120,0001431127185	30170	0,61048956750530448
30180	-0,039880533435879037	30180	-0,087243634594955308	30180	120,00003777685147	30180	0,070622278296547381
30190	-0,025920077169493395	30190	-0,076266299887105843	30190	120,00123127650367	30190	-0,0339990656930621
30200	-0,045244983931477828	30200	-0,079420883155274846	30200	120,00161715313107	30200	0,19542777343784795
30210	-0,029778510529028655	30210	-0,069360939608661173	30210	120,00385601023832	30210	0,59453465538239647
30220	-0,035807523529460109	30220	-0,097241550485938535	30220	119,99478056880884	30220	-1,3249114155270099
30230	-0,032154797470442122	30230	-0,078334062408282848	30230	120,00132857287527	30230	0,69823982020715
30240	-0,039242141931912659	30240	-0,081447206693674959	30240	119,9985095617858	30240	-0,42712158365755082
30250	-0,059575208077514909	30250	-0,089716929084792507	30250	119,99783569466105	30250	0,721675558070436
30260	-0,036669299408818204	30260	-0,0886058740313221	30260	120,00070197871568	30260	0,1822020182787224
30270	-0,031448037649047376	30270	-0,090770752789119655	30270	119,99489018208006	30270	-1,2837839023517579
30280	-0,035469730165360744	30280	-0,086803756493578743	30280	119,99987354173926	30280	-0,33439159223988263
30290	-0,0418105058676525	30290	-0,073305851439281366	30290	120,00324167366158	30290	0,69921886169350989
30300	-0,029260259735910038	30300	-0,074677091482755822	30300	120,00134025722706	30300	0,39072799237974876
30310	-0,0373675859628312	30310	-0,077152640022817257	30310	120,00288226783076	30310	0,45736771328306652
30320	-0,026259862273190979	30320	-0,085712512864166576	30320	119,99623217550999	30320	-1,3988826950227729
30330	-0,024893375335085031	30330	-0,073591634854611218	30330	120,00195877571896	30330	-0,38259771487697669
30340	-0,032055398632365208	30340	-0,079819752160706428	30340	120,0008568153189	30340	1,1111843893207705
30350	-0,031095778738805716	30350	-0,074735986258458259	30350	120,00229791251267	30350	-0,025211817825108868
30360	-0,043540411458999333	30360	-0,084129907740854631	30360	120,00073600159762	30360	1,1296703271178887
30370	-0,025938902090833025	30370	-0,077353953469956022	30370	119,99988150372822	30370	-0,15843124637224954
30380	-0,033826403765437343	30380	-0,0856481005147773	30380	120,00041627685766	30380	0,34731423965461189
30390	-0,049472485097787289	30390	-0,0786590687582186	30390	119,99999474626465	30390	0,045583483503505329
30400	-0,040143567371133039	30400	-0,070894534435789788	30400	120,0016964486185	30400	0,60353670016962346
30410	-0,029349252336742893	30410	-0,076140232001090741	30410	120,00193970817297	30410	1,2677963099932148
30420	-0,031941651051255071	30420	-0,096265597624827962	30420	119,99529886970103	30420	-0,79876177947403437
30430	-0,029377328460856746	30430	-0,077983514355055544	30430	120,00186245975723	30430	0,65306215886610586
30440	-0,035005491394582942	30440	-0,077402291978697024	30440	120,0007273307105	30440	0,23303665877232038
30450	-0,030461615479925652	30450	-0,092151473085276117	30450	119,99915525143578	30450	-0,7946089286801723
30460	-0,021454399463208217	30460	-0,07975907599699536	30460	120,00051643140982	30460	0,073460624952391362
30470	-0,036738923808602823	30470	-0,08443896365912168	30470	119,99741521601831	30470	0,28266380447013162
30480	-0,03325727009984325	30480	-0,066268135122610733	30480	120,00358506214013	30480	1,3253740992713183
30490	-0,032254543567682356	30490	-0,083416183395424323	30490	120,00119561584573	30490	-0,1290104857613722
30500	-0,034963461231127341	30500	-0,079536143249517133	30500	120,00112654013822	30500	0,56178295691228952
30510	-0,039243429898131343	30510	-0,078924975153460974	30510	120,00187151655636	30510	-0,25208156721208153
30520	-0,035800117492195492	30520	-0,08698739971041787	30520	119,99780308410989	30520	-0,855989831405755
30530	-0,034214592025322961	30530	-0,071793810824637788	30530	120,00213436091738	30530	0,951625756537875
30540	-0,025752693636176514	30540	-0,09341603532983711	30540	119,996002458843	30540	-0,86982432131544485
30550	-0,031343703796446007	30550	-0,07749232351657695	30550	120,00166094527008	30550	0,32966988052368462
30560	-0,02516396803585752	30560	-0,084348102745721035	30560	119,99887475305347	30560	0,65550434270776647
30570	-0,030139293119258854	30570	-0,073477638005522733	30570	120,0010772780323	30570	0,43117466220021466
30580	-0,036725757002432483	30580	-0,081481118329742266	30580	119,99886729231443	30580	-0,69202637807388778
30590	-0,032615655091973984	30590	-0,085502041324111627	30590	119,99938082384081	30590	-0,14395202132072293
30600	-0,033119060193417448	30600	-0,081069115058206132	30600	120,00058773663569	30600	-0,055736768980493456
30610	-0,040720192485148431	30610	-0,0862474408454112	30610	119,99650851719919	30610	-0,50776882102180887
30620	-0,04012341756113972	30620	-0,084671950461869053	30620	120,00115341991496	30620	0,028235160166716511
30630	-0,022198025098545113	30630	-0,078233691941186137	30630	120,0021784395959	30630	-0,307990528927047
30640	-0,045885596670552933	30640	-0,083491235775069256	30640	119,99796322219116	30640	0,68049524100175163
30650	-0,045433451082867969	30650	-0,080475042550920292	30650	120,00191005323156	30650	0,11209603101820105
30660	-0,023556823285339635	30660	-0,0713542548982894	30660	120,00314403002899	30660	1,4478632787463601
30670	-0,027826223662186404	30670	-0,082128818440942511	30670	119,99694359588797	30670	0,63585496952460852
30680	-0,039985845686042361	30680	-0,084789981389547062	30680	120,00288714425508	30680	0,22241590726774407
30690	-0,043500239656646886	30690	-0,081216623496017978	30690	119,99928731280647	30690	-0,096336141622197627
30700	-0,039146431394472964	30700	-0,0714942510552899	30700	120,00008029358347	30700	0,057953904154760177
30710	-0,036397146275067141	30710	-0,085816188972716312	30710	119,99970630331845	30710	0,74174079200435006
30720	-0,038498878947310064	30720	-0,092204309391642258	30720	119,99713111091455	30720	-0,0068522085489540474
30730	-0,036323164019524463	30730	-0,0742101509876292	30730	120,00064761132965	30730	0,4533468017319493
30740	-0,045493966673474155	30740	-0,084801372647823323	30740	119,99865362880954	30740	-0,014507157082730815
30750	-0,043555075313543	30750	-0,08822030655744	30750	119,99921807352865	30750	-0,45508724572672721
30760	-0,032809515039484059	30760	-0,087557071956356633	30760	119,99902867255167	30760	-0,53112232615993793
30770	-0,033609105281373529	30770	-0,076684941495490558	30770	119,99871462182304	30770	-0,99191255482958818
30780	-0,019650176031461616	30780	-0,079341881939340692	30780	120,0018877703088	30780	-0,3126123157375037
30790	-0,021662614430575343	30790	-0,089635416315619235	30790	119,99827105368516	30790	-0,36144302913625348
30800	-0,022005918312558728	30800	-0,0858332120669041	30800	119,9990645102841	30800	-0,62987750614424109
30810	-0,032591677969872911	30810	-0,071402133115389052	30810	120,00302085765381	30810	1,0514558226468438
30820	-0,047184836788567434	30820	-0,07562591018495339	30820	119,99913771198953	30820	0,020545303602517856
30830	-0,03410102886712469	30830	-0,0713261545981214	30830	120,00343971717793	30830	-0,029504282091442249
30840	-0,038908090057806495	30840	-0,077452221186316741	30840	119,99955140587059	30840	0,056966964380337187
30850	-0,029963674239878259	30850	-0,094586550166595659	30850	119,9966618610482	30850	-1,3833754659587558
30860	-0,03876906876465442	30860	-0,089533739781630428	30860	119,99749712610621	30860	0,00060891121620389177
30870	-0,03189056624326124	30870	-0,0863181583666603	30870	119,9974604564807	30870	-0,16808439617258741
30880	-0,028477800995787651	30880	-0,082004474571767252	30880	119,99943924237012	30880	-0,12928487516841036
30890	-0,041962901416440816	30890	-0,07855637746551869	30890	120,00124356228271	30890	0,36740853777428728
30900	-0,011482265355101244	30900	-0,0650823545995797	30900	120,00392904913416	30900	0,23505852527432714
30910	-0,039222350415310775	30910	-0,066785299310943458	30910	120,00288872251684	30910	0,73877682166430247
30920	-0,03585184493974878	30920	-0,084232475581817484	30920	119,99846873989954	30920	-0,19282955216641706
30930	-0,038335131499111358	30930	-0,0917106692845536	30930	119,99859849419919	30930	-0,4351404100433407
30940	-0,042357657896849116	30940	-0,061600749942217183	30940	120,00546558734163	30940	1,4564626374970233
30950	-0,042843709336722324	30950	-0,079273867604242987	30950	120,00160572574484	30950	0,72955409958294082
30960	-0,032879138666358235	30960	-0,09214995593626682	30960	119,99801243890262	30960	0,08199421522707967
30970	-0,051008433207276889	30970	-0,077762138534455585	30970	120,00028724954481	30970	0,677264645038592
30980	-0,026449475098844287	30980	-0,0924393434950531	30980	119,99951754777715	30980	-0,64550965130385674
30990	-0,045272830945518962	30990	-0,066553796014111641	30990	120,00261309140439	30990	0,83948439609917469
31000	-0,041355082002731365	31000	-0,099436374938992919	31000	119,99628372551928	31000	-1,7697962717274711
31010	-0,020754146497995223	31010	-0,0924936187861642	31010	119,99680530537545	31010	0,17108279319999564
31020	-0,042231794226112368	31020	-0,0916961566758656	31020	119,99723102112041	31020	-0,41725414851448528
31030	-0,0049159782203783029	31030	-0,0920103467992384	31030	119,99632530403439	31030	-0,589077015311833
31040	-0,028427025409450343	31040	-0,088217959174145391	31040	119,99806638943198	31040	-0,13595633128065393
31050	-0,038291072635549442	31050	-0,0855838100730056	31050	120,00031715708836	31050	-0,24901698990314158
31060	-0,033166477034691708	31060	-0,081194780310490947	31060	120,00271943535954	31060	0,23231581623479752
31070	-0,039673533345217088	31070	-0,074474221744073824	31070	120,00268951263382	31070	-0,44442960441359047
31080	-0,030721815380587693	31080	-0,068831645558817892	31080	120,00445149107338	31080	0,29425008362539007
31090	-0,0419667433359439	31090	-0,074224536422406673	31090	120,0005117077514	31090	-0,24452365757321082
31100	-0,011954026756872824	31100	-0,088685519625642736	31100	119,99825196791217	31100	-0,79779067232278145
31110	-0,025930357598814482	31110	-0,082456052072219357	31110	119,99978441102593	31110	0,12178418728252546
31120	-0,02929203785231144	31120	-0,078180892462942186	31120	119,9987919588289	31120	0,5100994156300267
31130	-0,040498512049564311	31130	-0,081343271443237913	31130	120,00329623073866	31130	1,2180438322199416
31140	-0,034396710174909487	31140	-0,096024628289017686	31140	119,99492328426172	31140	0,0106236754429469
31150	-0,033542450424266429	31150	-0,081886021107713883	31150	120,00023845669072	31150	0,82584217496878964
31160	-0,03915440634917277	31160	-0,094842801927731812	31160	119,99768667725999	31160	-0,20409369584953818
31170	-0,026252898137020163	31170	-0,091191942046372265	31170	119,99822099004966	31170	-0,49346462733248619
31180	-0,0391313078037606	31180	-0,072486570871368033	31180	120,00303109779866	31180	-0,22832255554604353
31190	-0,041030443362315892	31190	-0,087143133708615969	31190	120,00162077215802	31190	-0,17585395471961132
31200	-0,046804507778556992	31200	-0,073125631271260358	31200	120,00229974361146	31200	0,024123322590686502
31210	-0,031535759155875462	31210	-0,085165512877356478	31210	120,00039986676873	31210	-0,055521195605473112
31220	-0,027413957849215388	31220	-0,084440210291341147	31220	119,99689993011785	31220	-0,84931474689349
31230	-0,020983104576006249	31230	-0,088631620690711538	31230	120,00011870519452	31230	-0,80644551008396259
31240	-0,033179513763811314	31240	-0,069389787531917865	31240	120,00343762418383	31240	0,60286869606965587
31250	-0,021695780669283647	31250	-0,08421327731301069	31250	119,99909459268001	31250	-0,75117214771741425
31260	-0,02122060309877492	31260	-0,096623233050707691	31260	119,99667940892164	31260	-0,46868142671845348
31270	-0,036115217029459711	31270	-0,10186088311446352	31270	119,99636292841963	31270	-1,1892595563977124
31280	-0,022603282239436348	31280	-0,079328888342059353	31280	120,00219193925425	31280	-0,32937953187814289
31290	-0,038867749628008874	31290	-0,089076172885483668	31290	119,99821962685714	31290	-0,19826929031695273
31300	-0,022610107303356806	31300	-0,070992227230245716	31300	119,99975539406191	31300	-0,65025719401605153
31310	-0,034019243427774015	31310	-0,084704435747379458	31310	119,99887921891322	31310	0,025184621885606606
31320	-0,042538437768656637	31320	-0,085880049617157728	31320	120,00045415794612	31320	0,12288699985606921
31330	-0,044481405969403615	31330	-0,083528427060798729	31330	120,00161642462197	31330	-0,2394217550005639
31340	-0,037201043980133318	31340	-0,08312653954434869	31340	119,99947922317543	31340	0,33969082286665531
31350	-0,027649407402814744	31350	-0,085497070048385124	31350	119,99922170076333	31350	-1,0214252237937378
31360	-0,022675612815150768	31360	-0,085925977785377292	31360	119,99948018170227	31360	0,00089064138302846763
31370	-0,0359139283645716	31370	-0,07356345318409882	31370	120,00035338331277	31370	-0,15955960193343549
31380	-0,033239526558760307	31380	-0,083765763107115573	31380	119,99902060769179	31380	-0,10797393041964334
31390	-0,055118400304794028	31390	-0,078049314045106552	31390	120,00304998463922	31390	1,4515544023897153
31400	-0,040005217024519341	31400	-0,083296551974369942	31400	119,99923861860866	31400	-0,70229649438647757
31410	-0,025575539221695424	31410	-0,090485836864888425	31410	119,99889966452543	31410	0,0087435282408959841
31420	-0,038331948180547665	31420	-0,083402058075398341	31420	119,99817308202019	31420	-1,0376047245680984
31430	-0,027426660005244907	31430	-0,080687898780741729	31430	120,00339043064082	31430	-0,092496402519743476
31440	-0,034194570370700048	31440	-0,083911178974573952	31440	119,99868562732874	31440	0,085992936917895363
31450	-0,03345745626213871	31450	-0,081417139870559818	31450	120,00113228940053	31450	-0,14367699637661269
31460	-0,026305319597884822	31460	-0,086083182486238072	31460	119,99957664332041	31460	-0,39816425043702924
31470	-0,03737561610221226	31470	-0,085557294217834867	31470	119,99711351287684	31470	-0,18689758964684888
31480	-0,041405906657160686	31480	-0,090622000982141682	31480	119,99880316161547	31480	-0,87345940347709272
31490	-0,047485376111477823	31490	-0,077694994316470478	31490	120,00010914957413	31490	0,94455679972286377
31500	-0,020277248556141342	31500	-0,083173394129435682	31500	119,99963260701908	31500	0,11367669121981761
31510	-0,031296319662019872	31510	-0,081218570892222286	31510	120,00213923878637	31510	0,51124236303351589
31520	-0,039413839904534745	31520	-0,083423326673025947	31520	119,99972647115928	31520	-0,31426519706322054
31530	-0,025334404100622255	31530	-0,088043618514826255	31530	120,00014330906282	31530	-0,40726089652702785
31540	-0,024976686531146021	31540	-0,098465663480113527	31540	119,99757979379399	31540	-0,79300600373122
31550	-0,022582421156847346	31550	-0,090804040124543628	31550	119,9975316094432	31550	-0,86317648575792272
31560	-0,027244639124609605	31560	-0,079497178267066829	31560	120,00221406257306	31560	0,27809390951120772
31570	-0,033081875693004019	31570	-0,073941734424239333	31570	120,00049698618412	31570	-0,1570275851878456
31580	-0,049362694075153438	31580	-0,085537673680654777	31580	119,99979645910553	31580	-0,98916920330247882
31590	-0,033671025618584163	31590	-0,081625750593163071	31590	120,00154522271998	31590	0,58090326850013974
31600	-0,029152745066790876	31600	-0,082955456915090292	31600	120,00250743029666	31600	0,398521235057565
31610	-0,042758872934978383	31610	-0,092293851872104316	31610	119,99572390413375	31610	-1,5375421053494658
31620	-0,033334766996688574	31620	-0,080324450718821633	31620	119,99983166657445	31620	-0,36198311313277837
31630	-0,032521650037105415	31630	-0,086258570842092347	31630	119,9993206748953	31630	-0,35752897981607989
31640	-0,02308286172659136	31640	-0,072838073070146336	31640	120,00272237056593	31640	1,31290736846002
31650	-0,058213615118076	31650	-0,086354501413359333	31650	119,99849163277838	31650	-0,800758305079813
31660	-0,040769234068596345	31660	-0,0889548648961948	31660	119,99784767460484	31660	0,00069488934463921709
31670	-0,027526749268358273	31670	-0,068246484035579674	31670	120,00176485268304	31670	0,44921171365308332
31680	-0,039035576158833706	31680	-0,090873050256968874	31680	119,9997462995558	31680	-0,58214999643703746
31690	-0,032090856523681349	31690	-0,0913702545148433	31690	119,99918228211452	31690	0,17524814184472382
31700	-0,038696258242956361	31700	-0,0825473061823374	31700	120,00030430591254	31700	0,43975961730527852
31710	-0,028936260854241856	31710	-0,083615225340669619	31710	120,00026390715553	31710	-0,47434676582528917
31720	-0,027170654291074021	31720	-0,074421132190581871	31720	120,00126726430914	31720	0,12542286219869997
31730	-0,019330392002551	31730	-0,085606005716776248	31730	119,99907710204506	31730	-0,89716711761555912
31740	-0,030929363451640397	31740	-0,078553699689196524	31740	120,00116526202625	31740	0,37290362114685638
31750	-0,048922806549029293	31750	-0,070977572647740253	31750	119,99982161875487	31750	0,45767379037101774
31760	-0,027778848166033536	31760	-0,090963787733025742	31760	119,99915540097832	31760	0,40170982583916415
31770	-0,0326189659262621	31770	-0,091948220191537838	31770	119,99654426551984	31770	-1,3958414605077811
31780	-0,019407597210896025	31780	-0,088852148305546649	31780	119,99858700927796	31780	-1,221221301254809
31790	-0,041210940548485252	31790	-0,08829438600661052	31790	119,99823583194855	31790	-0,44897540870224983
31800	-0,036392442889957514	31800	-0,089689601329602048	31800	119,99803751951998	31800	-0,362595224523572
31810	-0,00050057446943855492	31810	-0,092090792096930829	31810	119,99928519292141	31810	0,011461757579276172
31820	-0,045709348920731356	31820	-0,07831144499560605	31820	120,00186343828165	31820	0,30001499901667333
31830	-0,039982988759799547	31830	-0,0816910705580791	31830	120,0016769974453	31830	0,051414854287657019
31840	-0,033691330156645383	31840	-0,077407245965767132	31840	119,99957633321492	31840	-1,045304797297993
31850	-0,037673010659677084	31850	-0,080186103361076719	31850	120,0003071636951	31850	-0,96114605924217866
31860	-0,031051731595912724	31860	-0,0737777280290721	31860	120,00169085502334	31860	0,48182468876564571
31870	-0,0353634384419341	31870	-0,082017748332982976	31870	119,99828860230718	31870	0,42934549707363046
31880	-0,039601866730197589	31880	-0,082960010745051785	31880	119,99973917189604	31880	-0,17519814885443447
31890	-0,023637503010542939	31890	-0,077987980612367391	31890	119,99911233286919	31890	0,39890552743855889
31900	-0,038920027058426496	31900	-0,073324589056916772	31900	120,00133936155777	31900	0,960032743611649
31910	-0,018388685146321516	31910	-0,097737739884403874	31910	119,99667858320228	31910	-0,34429149596087677
31920	-0,052491103409496309	31920	-0,081988202568359744	31920	120,00107353699421	31920	0,20915906334013612
31930	-0,032738830560260758	31930	-0,061212696912334039	31930	120,00383588827295	31930	1,1227246261038044
31940	-0,0534191935632521	31940	-0,078399568205462969	31940	120,00041486882526	31940	0,48811360776681934
31950	-0,033497761335513715	31950	-0,079054482442912632	31950	119,99994628185831	31950	0,021729809791672369
31960	-0,028789212458670405	31960	-0,077307398080145112	31960	120,00301236440032	31960	0,054997582994557787
31970	-0,035802505014551914	31970	-0,0744783972181847	31970	120,00067404947512	31970	0,25476954613524405
31980	-0,016338677518595506	31980	-0,086276825039254809	31980	119,99803495001129	31980	-0,68238883314354193
31990	-0,032452909744782432	31990	-0,082209562010335982	31990	119,99982997807538	31990	0,10314776322777192
32000	-0,034669193225960945	32000	-0,082316592886352485	32000	120,00093739807565	32000	0,025744791151483079
32010	-0,032022132689634775	32010	-0,0910978665662433	32010	119,99889994044538	32010	0,10023519877956716
32020	-0,026087303458078005	32020	-0,090935228337002891	32020	119,99742738516025	32020	0,17735973965559332
32030	-0,045706437812494685	32030	-0,074042054083071379	32030	120,00160318098577	32030	0,39144523116720753
32040	-0,029996228880449203	32040	-0,080358405017536688	32040	120,00128240550021	32040	1,5528219506786685
32050	-0,037447787855254711	32050	-0,076569386573105455	32050	120,0027423530895	32050	0,51099593871595128
32060	-0,034865725749910925	32060	-0,073862212160944962	32060	120,00399333377891	32060	-0,58045717890760673
32070	-0,042797312676051087	32070	-0,070224916913791541	32070	120,00149649995413	32070	0,87512302170344336
32080	-0,02353795733089406	32080	-0,077328428023003284	32080	120,00207132549923	32080	0,81590497556115138
32090	-0,034526909248871751	32090	-0,083418449994774269	32090	119,9989199645796	32090	0,51767443410376057
32100	-0,027617796244415564	32100	-0,0907534283705264	32100	119,99753033931025	32100	-0,45452048760828589
32110	-0,025043513595076009	32110	-0,0781188852780237	32110	119,99910931257506	32110	-0,046105207665776804
32120	-0,024769013751858	32120	-0,096568582458646038	32120	119,99733229474619	32120	-1,0630378982194972
32130	-0,045086764309836075	32130	-0,0752467309784853	32130	120,00288352756847	32130	0,51167703208141757
32140	-0,036858012650206946	32140	-0,077686654614207123	32140	119,99867716460976	32140	0,16347675987123211
32150	-0,029340328256753534	32150	-0,072922551576063283	32150	120,0008394946059	32150	0,29217296374480028
32160	-0,038586343770874304	32160	-0,081750881633087621	32160	120,00215222750275	32160	0,5836064100231072
32170	-0,040943841629602171	32170	-0,078586794250073588	32170	120,00013746361917	32170	0,70160758367549991
32180	-0,0489839149700104	32180	-0,086249040511157241	32180	119,99942534914426	32180	0,11370006033515578
32190	-0,033688025556494007	32190	-0,093921743518779674	32190	119,99810860566785	32190	-1,1949151780855569
32200	-0,031077246870121006	32200	-0,081409414375036029	32200	120,00176595644818	32200	-0,13872981986738045
32210	-0,0506321638880994	32210	-0,080866472092480074	32210	120,00250892788046	32210	0,14906730464761259
32220	-0,025665191054603884	32220	-0,067034954710089481	32220	120,00052782949167	32220	0,3363695734950779
32230	-0,028634658333744671	32230	-0,071137240785162953	32230	120,00096698864985	32230	-0,2681739503242575
32240	-0,032476692848408956	32240	-0,092697905689716809	32240	119,99669579681985	32240	-0,1576380270650326
32250	-0,026624443786054969	32250	-0,07188589848074918	32250	120,00289368876861	32250	0,624584729663991
32260	-0,034177666640923421	32260	-0,097163443793168422	32260	119,99790464490583	32260	0,40271533250426594
32270	-0,048991910646698049	32270	-0,0853569644075691	32270	119,99793895091747	32270	0,11670999926095657
32280	-0,018970007789685321	32280	-0,082572273091246151	32280	120,00086862565239	32280	0,333123273485181
32290	-0,0317757106934815	32290	-0,074036743869684174	32290	120,00149207203921	32290	0,63728466588951238
32300	-0,024377937305360007	32300	-0,079132926292507774	32300	119,99853349252018	32300	0,19882914152114381
32310	-0,035100931783192027	32310	-0,075468469177286238	32310	120,00300434637197	32310	0,74629941551103385
32320	-0,047982451559184881	32320	-0,078609546331324387	32320	120,00017698857789	32320	-0,37864584606050289
32330	-0,030520015158982935	32330	-0,071579946791500829	32330	120,0028222315914	32330	0,78941556849340166
32340	-0,029406481258428537	32340	-0,088404544500800056	32340	119,99753092090423	32340	-0,57841696887951288
32350	-0,04069635626378889	32350	-0,088972569277681046	32350	119,99779658070949	32350	0,1996928825729801
32360	-0,019117999679433274	32360	-0,088923819860184536	32360	120,00112729904269	32360	0,44360303016360081
32370	-0,04305365379293722	32370	-0,0889725469364815	32370	119,99989255022514	32370	-0,30922352284562843
32380	-0,022747303265681855	32380	-0,06969772876533635	32380	120,00248547132627	32380	-0,022835120291906125
32390	-0,047719499124660544	32390	-0,067034858135121417	32390	120,00233702589416	32390	0,55513762723721183
32400	-0,031531969160708918	32400	-0,06549203477538805	32400	120,00220302129773	32400	0,5881066566144022
32410	-0,021876550614120818	32410	-0,083067696895692641	32410	120,00127286714042	32410	0,14194114163561664
32420	-0,034371531408569488	32420	-0,08438675622471499	32420	119,99554972784395	32420	-0,90106645570155552
32430	-0,039818369868531128	32430	-0,08518467716009348	32430	119,99905332110969	32430	-0,59333120183881416
32440	-0,027727098356564114	32440	-0,0933570599989222	32440	119,99624318804594	32440	-0,3116448258369881
32450	-0,035574069158716685	32450	-0,080745862081011116	32450	120,00087033570115	32450	0,13059127324534314
32460	-0,040751456732429719	32460	-0,083076027473482722	32460	120,00095157815609	32460	0,72253399297273924
32470	-0,031311839756865953	32470	-0,083390464954796822	32470	119,99858397754569	32470	-0,57601455552247538
32480	-0,0445064094184773	32480	-0,087447182365955528	32480	120,00024848252292	32480	0,13290159105731136
32490	-0,029107577060497516	32490	-0,074860817191051865	32490	120,001253340637	32490	0,64969677330695852
32500	-0,035280312790609052	32500	-0,0783607226410178	32500	120,00054495796198	32500	0,32240449834016038
32510	-0,037164169786789061	32510	-0,071551497201982145	32510	120,00384337500276	32510	0,565436416369615
32520	-0,040906248923006573	32520	-0,07858587451379466	32520	119,99970232515553	32520	0,3807154692764958
32530	-0,041674528904622032	32530	-0,0818494048708985	32530	120,00217739764187	32530	-0,33067288298125991
32540	-0,019766087720003749	32540	-0,077792806033922274	32540	120,00054348524682	32540	1,170038361081772
32550	-0,04931563024284509	32550	-0,071922768382295013	32550	120,0004049609765	32550	-0,24390064133771994
32560	-0,029657694073577451	32560	-0,076799948879131566	32560	120,00323784738617	32560	1,2125359257106421
32570	-0,034574898015805072	32570	-0,071312868263586349	32570	119,99882036942418	32570	-0,51737361149668981
32580	-0,029825341802397203	32580	-0,0818193776607277	32580	120,00117135197507	32580	0,20138057059349104
32590	-0,038560744910462415	32590	-0,073933063052059128	32590	120,00119533793088	32590	0,55459440873816579
32600	-0,028318132171555526	32600	-0,075100893465399679	32600	120,00242226194845	32600	0,14066021290770431
32610	-0,044876753290836124	32610	-0,07898588189263786	32610	119,99947504096976	32610	0,16489168189018022
32620	-0,047848493828536308	32620	-0,084436942467189566	32620	119,99733343973125	32620	-0,29513588147390374
32630	-0,022251529497387783	32630	-0,073844235590648927	32630	120,00004487569149	32630	0,51122002642259368
32640	-0,029441403016275465	32640	-0,08167161917949857	32640	119,99959487065782	32640	0,4256531577866966
32650	-0,03411874783574944	32650	-0,075733369592193858	32650	120,00161788637774	32650	-0,21857092948686879
32660	-0,038043390331850072	32660	-0,09335579834431576	32660	119,99873237835159	32660	0,02860779185796599
32670	-0,029327383156350931	32670	-0,075397353249678861	32670	120,00266043280527	32670	-0,24476682630755403
32680	-0,035866429271859609	32680	-0,070079738086073221	32680	120,00079244849788	32680	0,237749077466461
32690	-0,045566277531211237	32690	-0,076935906069957941	32690	120,00211777219396	32690	0,91089414115136014
32700	-0,047013273689023652	32700	-0,075387971090472919	32700	120,00219132722145	32700	0,56401508014925483
32710	-0,032549374784181108	32710	-0,073244123178039577	32710	120,00339773015287	32710	0,19922606516089858
32720	-0,021443559379640036	32720	-0,098939782891925759	32720	119,99709272021751	32720	-1,1379805426028651
32730	-0,032291293305188942	32730	-0,078668628265569918	32730	120,0004322049702	32730	0,20326055618618655
32740	-0,013163522485123367	32740	-0,087552220507516154	32740	119,99881107650629	32740	0,2553202483725488
32750	-0,041618950023963174	32750	-0,08714737856603863	32750	119,99603317378352	32750	-0,82693796138719766
32760	-0,032660902133067292	32760	-0,075937226563154048	32760	120,0021826497654	32760	0,63485550225120158
32770	-0,041526995782986451	32770	-0,0755130381387223	32770	119,99972563865363	32770	0,11602519011148765
32780	-0,035289498351974639	32780	-0,084910435159857356	32780	120,00022616051048	32780	-0,6037751698604783
32790	-0,029446181909619056	32790	-0,088682214051964442	32790	119,9996200220215	32790	-0,070791232642176488
32800	-0,035748311531681495	32800	-0,079190033772729887	32800	120,00075184262137	32800	-0,35011222383627366
32810	-0,028079353078393075	32810	-0,089845247249772872	32810	119,99912662712355	32810	0,058789026400482933
32820	-0,057702273284964953	32820	-0,084821828066180438	32820	119,99872533102338	32820	-0,40184271897077384
32830	-0,019250122272590348	32830	-0,091052489068267156	32830	119,99675318533681	32830	-0,97882922477231138
32840	-0,039670185403467145	32840	-0,079701233871380145	32840	119,99982256472589	32840	0,88369815541836427
32850	-0,041706893171912451	32850	-0,07871801937395087	32850	120,00129123134927	32850	0,19013516013479737
32860	-0,038258256116721817	32860	-0,08619433081632627	32860	120,00159632687628	32860	0,35397375663110653
32870	-0,039739530087191346	32870	-0,0817604481362484	32870	120,00180280158791	32870	0,34706173332481216
32880	-0,02815481670285841	32880	-0,072757521235817038	32880	120,00228980386	32880	0,85137629088905553
32890	-0,051496173013419445	32890	-0,0832705034476176	32890	120,00083143508681	32890	-0,786873460902354
32900	-0,021271392453623725	32900	-0,075802621097282571	32900	120,00198801600311	32900	-0,57687721250560853
32910	-0,030244532865777406	32910	-0,083956989869936313	32910	119,9992549158107	32910	0,10975501466483247
32920	-0,040470675830125986	32920	-0,071979437031620935	32920	119,999629984441	32920	0,34577363883831219
32930	-0,029846714526981753	32930	-0,0753222274677573	32930	120,00003461695933	32930	0,54649033591582352
32940	-0,03544249490823493	32940	-0,081704803731824011	32940	120,00112808161349	32940	0,98014376995163544
32950	-0,032299215645209184	32950	-0,092481803397464174	32950	119,99561673050542	32950	-0,37243489038471506
32960	-0,030360612459792834	32960	-0,076705409400796676	32960	120,00101873057955	32960	0,10885512953784746
32970	-0,041668520885619037	32970	-0,087765464950629479	32970	119,9962725114296	32970	0,33372489739782418
32980	-0,035658160846672428	32980	-0,0785224570858693	32980	120,00297170224148	32980	0,6085384132615631
32990	-0,050990535903200379	32990	-0,10191956335196738	32990	119,99546388795602	32990	-0,0042703870782954678
33000	-0,032657720546135291	33000	-0,085382823033767236	33000	119,99844336591566	33000	-0,91910339703818633
33010	-0,026407415610974847	33010	-0,067548380134970873	33010	120,00551364713775	33010	1,3243504313433316
33020	-0,026713515573848077	33020	-0,08386540747681899	33020	120,00065323942452	33020	-0,38194267691158357
33030	-0,033443427373664764	33030	-0,071374776518627753	33030	120,00372608478919	33030	1,3843210422310524
33040	-0,036491676231593287	33040	-0,079811190591972545	33040	120,00010767108404	33040	-1,0196731424274743
33050	-0,035401136842267915	33050	-0,079603471049905589	33050	120,00094227532385	33050	-0,49491241133721664
33060	-0,0418889265735727	33060	-0,0734426025018211	33060	120,00361827853487	33060	1,1743868625333445
33070	-0,041479409966163429	33070	-0,088372206198409547	33070	119,99720431524968	33070	-0,92406364001349561
33080	-0,026112349419592198	33080	-0,089270304869844858	33080	120,00155907053518	33080	-1,3381992112704346
33090	-0,02911436718465997	33090	-0,080744423980647864	33090	119,99946553506624	33090	0,24188828636458493
33100	-0,02232171260577084	33100	-0,09153878610293037	33100	119,99534244608402	33100	-0,96779119924238555
33110	-0,037968673983901149	33110	-0,089370572791017025	33110	119,99748747750394	33110	1,0785430669158937
33120	-0,0327051808392425	33120	-0,09820552376082313	33120	119,9944837724765	33120	-0,86257040211251979
33130	-0,040783878050365562	33130	-0,080021598298906357	33130	120,00103169830908	33130	0,43688032460435955
33140	-0,051546141346937968	33140	-0,08474340860301198	33140	120,0011318100123	33140	-0,34247970429538688
33150	-0,034982090892981425	33150	-0,069675228907533832	33150	120,00406576572036	33150	0,66408697750372991
33160	-0,035363159305095607	33160	-0,071546249347318278	33160	120,0058953028697	33160	1,4400537196862713
33170	-0,03234141257565417	33170	-0,079921460231411418	33170	119,99996573891369	33170	-0,34076917588556926
33180	-0,029234256433148444	33180	-0,077131959739618269	33180	120,00070054577819	33180	-0,46664657602329629
33190	-0,027206171948205456	33190	-0,088437527797708013	33190	119,99793963809294	33190	1,0339054975520379
33200	-0,042637287195233756	33200	-0,095915097395206816	33200	119,99665557649183	33200	-1,1065658164481311
33210	-0,036258332146477577	33210	-0,083562443411174442	33210	120,00032842432908	33210	0,3528093487053362
33220	-0,028423041880719722	33220	-0,070319732736411761	33220	120,00214190530902	33220	0,72198162997847848
33230	-0,023930298839463977	33230	-0,0814154543172311	33230	120,00215076415712	33230	-0,13561695820113195
33240	-0,03820727006251718	33240	-0,096223714342020844	33240	119,99791178024759	33240	-0,84125267596600239
33250	-0,029511218144754013	33250	-0,084166605237781869	33250	119,99782471247754	33250	-0,786226698707952
33260	-0,034634331269803358	33260	-0,077236368702494992	33260	120,001239305644	33260	-0,28889763630835313
33270	-0,045187083344349815	33270	-0,085276013790807487	33270	119,99691987495814	33270	-0,73528762436535455
33280	-0,03115464610146074	33280	-0,097572538090927627	33280	119,99719085080609	33280	-0,43708616350616797
33290	-0,033429434299119189	33290	-0,085800879013068418	33290	119,99923210253746	33290	-0,62844538697855
33300	-0,062995144930147545	33300	-0,087911835596096041	33300	119,99899767515332	33300	-0,82295115187507006
33310	-0,029127570629704867	33310	-0,095502545862775068	33310	119,99762852142362	33310	-1,1651667117000066
33320	-0,043368855078679713	33320	-0,0898248655350242	33320	119,99989750978973	33320	-0,51284122575555546
33330	-0,016895348391887423	33330	-0,0775965749151738	33330	120,00144275453309	33330	-0,12197222734356561
33340	-0,04235138716506949	33340	-0,080404088516578071	33340	119,99907505087091	33340	0,29141103960468484
33350	-0,038842489567453904	33350	-0,074652428866423134	33350	120,00184821891658	33350	1,2530852131371932
33360	-0,017324936742719527	33360	-0,080683997516562453	33360	120,00031969593495	33360	0,22922738164747869
33370	-0,048966833216148	33370	-0,077611148021903428	33370	119,99936944856319	33370	0,92053955150588873
33380	-0,037361580339403136	33380	-0,080807515757376241	33380	119,99898073472085	33380	-1,2623313871850503
33390	-0,045752752938552507	33390	-0,075419317666789873	33390	120,00095566424142	33390	0,47310770213653119
33400	-0,041764824700854915	33400	-0,075665775049789677	33400	119,99950182481662	33400	0,086804022687279547
33410	-0,03398571739999473	33410	-0,088894087269413669	33410	120,00019046382531	33410	0,10370528166073662
33420	-0,021165012094185497	33420	-0,080918148199005613	33420	119,99956976720246	33420	0,28497372568452339
33430	-0,026316127806958047	33430	-0,082438133276598935	33430	119,9994949497159	33430	0,1293417292511431
33440	-0,033078073283746436	33440	-0,08012938073881952	33440	120,00048142385836	33440	0,56215877596232922
33450	-0,0241560630654062	33450	-0,083192098787814819	33450	120,00007607899774	33450	-0,94402821081154276
33460	-0,017070379145791893	33460	-0,076766425648511258	33460	120,00101192938122	33460	0,007903382431284911
33470	-0,039989336261574707	33470	-0,070483521666951154	33470	120,00429630285095	33470	0,917756697653596
33480	-0,039282462127568717	33480	-0,065746998038437324	33480	120,00592096736257	33480	1,4644471815321445
33490	-0,041059020254643475	33490	-0,07528239004174582	33490	120,0020189538366	33490	0,65959692843869966
33500	-0,034606504559113689	33500	-0,073898574502774025	33500	120,00040005532902	33500	-0,0759439717689602
33510	-0,021388966121001527	33510	-0,088409049780780291	33510	120,0001094974816	33510	-0,41919669794180192
33520	-0,025874833501669532	33520	-0,088341223404875421	33520	119,99687716697879	33520	-0,14903517259362442
33530	-0,055010004678808927	33530	-0,091908351654526044	33530	119,99785767090646	33530	0,049442370046895612
33540	-0,034942223889291517	33540	-0,093824337298777913	33540	119,99763855138177	33540	0,3887756322629054
33550	-0,046203064827383393	33550	-0,08400502588983047	33550	119,99847481937337	33550	0,6870234554372725
33560	-0,042911591723156436	33560	-0,072989877994323826	33560	120,0012838909792	33560	-0,1581701295761006
33570	-0,030586508582225783	33570	-0,086151892824207307	33570	119,99757846676464	33570	-0,82029027938861554
33580	-0,027308783861914394	33580	-0,079858924397593747	33580	120,00054072812718	33580	0,26952199434493923
33590	-0,031277503260365581	33590	-0,089404629187911172	33590	119,9993226456302	33590	-1,0415052438218158
33600	-0,026863878529232763	33600	-0,0809439554886951	33600	119,99937803066564	33600	-0,18939767706066735
33610	-0,024097932543339792	33610	-0,0797056231407483	33610	120,00168858713229	33610	-0,42097435082709522
33620	-0,029778490976671356	33620	-0,081000623133080679	33620	119,99861784862097	33620	-0,44089278580220526
33630	-0,038790037636577589	33630	-0,089219835324133176	33630	119,99849018301174	33630	0,44636528913034534
33640	-0,033905970349058616	33640	-0,076752063456183087	33640	119,99974671641287	33640	1,2354217069032354
33650	-0,045293499848477733	33650	-0,078616589704889134	33650	120,00072057429081	33650	0,44730927491819694
33660	-0,0310786660141238	33660	-0,081486301833131658	33660	120,00140639523981	33660	-0,055551979545433727
33670	-0,030286013938461816	33670	-0,084394943970100875	33670	119,9994141684594	33670	0,3707528321782228
33680	-0,037832348348728506	33680	-0,088792100775849481	33680	119,99857154900033	33680	0,23486393896943369
33690	-0,019289944825220777	33690	-0,089685849960929029	33690	119,99638017913637	33690	-0,71851731940420682
33700	-0,02814773845190251	33700	-0,08886912590122252	33700	119,99831220805642	33700	-0,12913859026811975
33710	-0,028679969985555578	33710	-0,060324991083886718	33710	120,00557460002499	33710	1,6932968730946034
33720	-0,048888416649847409	33720	-0,056190373772499219	33720	120,00249416163778	33720	0,40837598965727179
33730	-0,025044542637807633	33730	-0,082462105487312934	33730	120,00094052615758	33730	-0,449407866076481
33740	-0,038711086764336593	33740	-0,083224820695351934	33740	119,99907800845267	33740	-0,76858852819519619
33750	-0,018397387269637688	33750	-0,082344136049577771	33750	119,99961717844359	33750	-0,61943352411300534
33760	-0,026169431376870958	33760	-0,080814929981426448	33760	120,00242240155814	33760	1,559362103678499
33770	-0,040425415048752154	33770	-0,081426330270834638	33770	119,99810353633697	33770	0,19743918091814675
33780	-0,033877872269137708	33780	-0,075746677561167541	33780	120,00063926190276	33780	-0,48598202088695519
33790	-0,034904798530357717	33790	-0,082956014951231283	33790	119,99771974356318	33790	0,024757013173780748
33800	-0,02661431624848374	33800	-0,0855805111211735	33800	119,99757839962406	33800	-0,098510364647857118
33810	-0,019107556527734708	33810	-0,077728448537888573	33810	120,00247653729321	33810	1,0824546473851258
33820	-0,040747077292414	33820	-0,091063719517252062	33820	119,99722826352178	33820	-0,014501774973109827
33830	-0,031824689979503627	33830	-0,087535071316533819	33830	120,00209896444868	33830	-0,33768742328248424
33840	-0,047324580653116476	33840	-0,073680947432761892	33840	120,00286144660726	33840	0,29273953845791945
33850	-0,032699750070634387	33850	-0,0869708871484174	33850	119,99897877213122	33850	-1,0477641738009222
33860	-0,032793785231671847	33860	-0,085393851423339814	33860	120,00145956228904	33860	0,26679691475157574
33870	-0,041398288542886935	33870	-0,082075366322305887	33870	120,00000097296929	33870	-0,75996620883367338
33880	-0,034517467981927348	33880	-0,077282684848239941	33880	120,00074418896691	33880	0,00079596074307443365
33890	-0,028751753736382123	33890	-0,091387147016079764	33890	119,99773302371904	33890	-0,2169710139230383
33900	-0,03426466370337046	33900	-0,0916156424916313	33900	119,99747440223761	33900	-0,05312718371904894
33910	-0,038569263571089848	33910	-0,083903958860596484	33910	119,99950940478399	33910	0,85653450142293319
33920	-0,047674922582262427	33920	-0,08713538894012135	33920	119,9963328268945	33920	0,30137238421852103
33930	-0,01540395060582786	33930	-0,087001677704419911	33930	119,99950137348628	33930	0,23447253906504023
33940	-0,027448018681028634	33940	-0,084818412366980622	33940	120,00032795338045	33940	-0,34216958927377911
33950	-0,033614076419866488	33950	-0,080536512528469162	33950	119,99833653457853	33950	-0,10466011279627396
33960	-0,037680592352631	33960	-0,086498929421683343	33960	120,00232860611015	33960	0,10530653234444015
33970	-0,027827441706054865	33970	-0,068440668694371626	33970	120,00206773210395	33970	0,28278532613690066
33980	-0,029675506316947854	33980	-0,084742065383984086	33980	119,99968339860531	33980	-0,38510731738108395
33990	-0,048172640498003766	33990	-0,088292384131502033	33990	119,99840503463574	33990	0,21825803297364874
34000	-0,026676163706034924	34000	-0,066574034836662591	34000	120,00301592846506	34000	-0,46075549288624917
34010	-0,023925287639144473	34010	-0,071349691361221573	34010	120,00348979908173	34010	0,083557462496631874
34020	-0,052101193507982126	34020	-0,084448037525931163	34020	119,99810239208482	34020	-0,30087343790616061
34030	-0,050575686268540053	34030	-0,08301357778148398	34030	120,00231511174202	34030	-0,006688648753280152
34040	-0,034384129148311987	34040	-0,095723362361687339	34040	119,99675382621663	34040	-0,71293496393951084
34050	-0,039401104109855721	34050	-0,090209332944139187	34050	119,99597112815665	34050	-0,86694811484674861
34060	-0,023538903847242689	34060	-0,0858527120263797	34060	119,99864815182006	34060	1,4116487178020898
34070	-0,036960083712213973	34070	-0,089592352104360173	34070	119,99663965661071	34070	0,0041816504005319916
34080	-0,027799519067731326	34080	-0,090624945499485812	34080	119,99888445398281	34080	-0,60302710099207668
34090	-0,043384555574875264	34090	-0,074079065358800628	34090	120,00311447460254	34090	1,61492531614699
34100	-0,0336706947256313	34100	-0,070909802868935293	34100	120,00030583018193	34100	0,14465906314932847
34110	-0,018497297405533606	34110	-0,074289525831802761	34110	120,00214706280063	34110	0,1743840155218972
34120	-0,044182234742844023	34120	-0,074358761688448752	34120	120,00187460117184	34120	0,4490739018033818
34130	-0,030201443849980667	34130	-0,083438832645738342	34130	120,00201611064981	34130	-0,47316624781417771
34140	-0,03546638516705676	34140	-0,073289101682748867	34140	120,00424532106206	34140	0,55808008729993586
34150	-0,037158147070668023	34150	-0,077110588723606	34150	120,00105505786021	34150	0,21109343450718088
34160	-0,025912435708289785	34160	-0,078346345101269463	34160	119,99782307513041	34160	0,12580365499402835
34170	-0,047106518459537373	34170	-0,0806370410682185	34170	119,99847547277776	34170	0,14630181383551727
34180	-0,029105498487818519	34180	-0,08887412426115196	34180	119,9984488919545	34180	-0,30820213041326483
34190	-0,039805848810204325	34190	-0,091500335928383733	34190	119,99878045768553	34190	0,21178493667479148
34200	-0,038288902208901951	34200	-0,07333698727585862	34200	119,99951800256098	34200	0,71423315889228489
34210	-0,040980548352899868	34210	-0,075306021967380524	34210	120,00098722279084	34210	0,19693067024174948
34220	-0,039308494921182512	34220	-0,090481796406664136	34220	119,99746624911145	34220	-0,40934037135407564
34230	-0,026072182582503836	34230	-0,089762770532708758	34230	119,99863257350711	34230	-1,1420164606889878
34240	-0,018308520898685197	34240	-0,094734386420342431	34240	119,99779688555393	34240	-0,21796448597507948
34250	-0,038366290554824038	34250	-0,073654476210951031	34250	120,00179499180791	34250	0,2502876109871075
34260	-0,020280828302215184	34260	-0,077162431701861656	34260	120,00080047489581	34260	-0,166326062899558
34270	-0,023974065478060205	34270	-0,08232909341398302	34270	119,99930399768786	34270	-0,240271212856692
34280	-0,028273815651743608	34280	-0,079786070093220474	34280	120,00166987231714	34280	0,048507785884644217
34290	-0,041271572982049393	34290	-0,077166003279787648	34290	120,00148608275826	34290	0,34903386234803363
34300	-0,050889457957948879	34300	-0,074503566777856314	34300	120,00123076563027	34300	-1,0732761501463928
34310	-0,021933907348273919	34310	-0,082865948387108493	34310	120,00002812483349	34310	-0,54124871637438376
34320	-0,043379442540831904	34320	-0,077490884744020785	34320	119,99877001801752	34320	0,44202940943021568
34330	-0,038573882113833	34330	-0,0899196981088219	34330	120,0003017817447	34330	-0,17262122918452694
34340	-0,030049703173401141	34340	-0,077433074068039273	34340	120,00092365278333	34340	0,72003210681298424
34350	-0,041368297702407561	34350	-0,075938843872919964	34350	120,00295600957372	34350	1,1873401198557367
34360	-0,039570005370969996	34360	-0,076698480322256429	34360	120,00103075943359	34360	1,2713608723031831
34370	-0,0401093892483745	34370	-0,088252241829803971	34370	119,99797229086437	34370	-0,30626955452884441
34380	-0,039473212705214041	34380	-0,073854331132544068	34380	120,00253825332827	34380	0,24608239110033126
34390	-0,040677119535032204	34390	-0,086087063697238189	34390	120,00223779161215	34390	0,97396096858445014
34400	-0,040434470251392622	34400	-0,08865828649777853	34400	119,99793738135082	34400	-1,2258348772645271
34410	-0,033518688473736347	34410	-0,071208565121814837	34410	120,00344373574035	34410	0,71087178068470624
34420	-0,046714859520037656	34420	-0,074876528893375288	34420	119,99978612214103	34420	0,90512833340354282
34430	-0,028664309741053547	34430	-0,077891404084451915	34430	120,00157889828411	34430	-0,0239701714174113
34440	-0,038903014765396517	34440	-0,087605703778102187	34440	119,99840653502285	34440	-0,519682233152847
34450	-0,040467702045991587	34450	-0,080132072311370359	34450	120,00022015477347	34450	-0,074920259023259744
34460	-0,023672679426114923	34460	-0,0816426832516622	34460	120,00057379777239	34460	0,75582511382339446
34470	-0,032249926954322446	34470	-0,084013889227859975	34470	119,99869311094609	34470	0,1859912014684903
34480	-0,0270686225974812	34480	-0,087754535403720246	34480	119,99853077793144	34480	-1,6798789353478014
34490	-0,03727914907069118	34490	-0,089972044292326983	34490	119,99926908355577	34490	-0,027176065486468046
34500	-0,041499725731592489	34500	-0,078568337938285368	34500	119,99983590925787	34500	-0,326339382060971
34510	-0,040104737885618691	34510	-0,073882960032110562	34510	120,00269084656975	34510	0,10922667724944629
34520	-0,039285468807085104	34520	-0,091818061573034182	34520	119,99520746128135	34520	-1,2112467043436848
34530	-0,043786035623965	34530	-0,0818140102644478	34530	120,00139990561654	34530	0,58793173933097376
34540	-0,057019841360598213	34540	-0,08865172987138277	34540	119,99916669691783	34540	-0,30045542426423355
34550	-0,042884012865572509	34550	-0,090325111468251132	34550	119,99696447121146	34550	-0,33472645052621613
34560	-0,019580658258808181	34560	-0,082237366009661	34560	119,99949980659947	34560	-0,47728388854222858
34570	-0,037566597381879417	34570	-0,079277414248326031	34570	119,99894252897343	34570	0,54680359267887535
34580	-0,030988209815023468	34580	-0,081711602561975571	34580	120,00204039156203	34580	0,52785272891839674
34590	-0,029388247496908357	34590	-0,078062695966789067	34590	120,00289211943948	34590	0,29530620246988293
34600	-0,042732920228364148	34600	-0,068628019605218443	34600	120,00376960017651	34600	0,27284189503122513
34610	-0,036301181609699737	34610	-0,080384913012246539	34610	120,00085215568721	34610	0,085807262507056573
34620	-0,032603447611535975	34620	-0,086281609734868189	34620	119,99730611710487	34620	-0,19100337302632869
34630	-0,033584733165691168	34630	-0,081762037361016449	34630	120,00175799785973	34630	-0,13290685465034982
34640	-0,03307014630092743	34640	-0,07104198453539981	34640	120,0008887143822	34640	0,2419390126800855
34650	-0,033762278581545471	34650	-0,074427346269092684	34650	120,00052404740146	34650	0,66321168778058159
34660	-0,040897830912327807	34660	-0,0799377405908271	34660	120,00257418283771	34660	1,6003571734934536
34670	-0,042616296197158593	34670	-0,091215176534723733	34670	119,99614052015261	34670	-0,20945182302378357
34680	-0,031936126654721272	34680	-0,078088588213577864	34680	120,00264528967956	34680	0,2744318760039815
34690	-0,0317823721308209	34690	-0,081727805745015217	34690	120,00055969107382	34690	0,040037882091538017
34700	-0,039490538862030945	34700	-0,086707118878160974	34700	120,00066728994247	34700	0,0052705914383333469
34710	-0,029460482651851163	34710	-0,09433021466595598	34710	119,99755421687109	34710	0,04640710897409403
34720	-0,040884938701127568	34720	-0,082824960582125684	34720	119,99927651681604	34720	-0,74751531477115063
34730	-0,024666983162689792	34730	-0,068894951250128442	34730	120,00384108187777	34730	0,34470202082040996
34740	-0,040017798236816352	34740	-0,074812879296406981	34740	120,00094909573045	34740	0,84865231087890136
34750	-0,0488038938131919	34750	-0,081962963302381522	34750	119,99862303086992	34750	-0,47744240672387506
34760	-0,038287152838148944	34760	-0,079287346277960774	34760	120,00225806522128	34760	1,1756355805848795
34770	-0,030259168790995116	34770	-0,068688687001893609	34770	120,00243177140828	34770	0,146485978965235
34780	-0,032140546388514366	34780	-0,093942039225344665	34780	119,99843586695002	34780	-1,0461117989427293
34790	-0,036519615592034337	34790	-0,087353241253962946	34790	119,99815468287956	34790	0,34439705849087565
34800	-0,047545545762762695	34800	-0,07791652795094621	34800	119,99894993446929	34800	0,41445696373828134
34810	-0,023685921406470151	34810	-0,079059050783035031	34810	120,00148556220691	34810	0,11566501267061685
34820	-0,040722434152475846	34820	-0,081751352004730923	34820	119,99825673546218	34820	-0,32706238003964727
34830	-0,032259754180056541	34830	-0,08706581151373223	34830	119,99890611722604	34830	-0,044683866876583378
34840	-0,045381386141212517	34840	-0,095158911680944841	34840	119,99746215751608	34840	-0,60132121100739711
34850	-0,035330355700307937	34850	-0,087256866795149365	34850	119,99756379878922	34850	-1,02084912567885
34860	-0,028812813343897611	34860	-0,091751496606215469	34860	120,00072116088644	34860	0,39773619975136187
34870	-0,040024003431423288	34870	-0,062276604114999773	34870	120,00270298354026	34870	0,49516675146014344
34880	-0,032690890235782671	34880	-0,075862919575578766	34880	120,00121331273036	34880	-0,23785351940857949
34890	-0,042508053979152936	34890	-0,0888145543621835	34890	119,99764473989089	34890	-0,042900462369465431
34900	-0,033154957130045841	34900	-0,072336882965304231	34900	120,00216540619319	34900	-0,47219488411691285
34910	-0,027317271285300596	34910	-0,089646513165545977	34910	120,00012526769434	34910	-0,13193045751436133
34920	-0,039635590949819284	34920	-0,078338568109391507	34920	119,99783995484543	34920	0,18683899125611861
34930	-0,037671115731471881	34930	-0,073318224344689126	34930	120,00135278920266	34930	0,45888049739783054
34940	-0,029377666383025462	34940	-0,082119154507349579	34940	120,00022650140579	34940	0,10253167510774019
34950	-0,033573880554496643	34950	-0,094506759855983641	34950	119,99460103010334	34950	-0,86768329670564981
34960	-0,030265632519994232	34960	-0,083932260533739936	34960	119,99998017073121	34960	-0,50045376618479864
34970	-0,039015467482792471	34970	-0,084857175682992517	34970	119,99951322501421	34970	0,097476754376089159
34980	-0,040335531143465317	34980	-0,084329125254981457	34980	120,00294677839223	34980	-0,16353778472175978
34990	-0,041719545455211851	34990	-0,087820489855592321	34990	119,99918284889515	34990	0,04237777141453658
35000	-0,029469544697679175	35000	-0,081861922722157268	35000	119,99837883879604	35000	-0,44515574792514767
35010	-0,030935685791422845	35010	-0,081569204390901623	35010	120,00191811194154	35010	0,4350337982249407
35020	-0,032652113292337144	35020	-0,09439004524726953	35020	119,99678822772897	35020	-0,33762484371653528
35030	-0,01842919088499885	35030	-0,077661122241018551	35030	120,00325923487168	35030	-0,31303878337564917
35040	-0,025286265823900651	35040	-0,072528715894575532	35040	120,00258695207046	35040	0,8402146269587879
35050	-0,022499495493723605	35050	-0,074234370039063177	35050	120,00052860923465	35050	-0,60852879801158166
35060	-0,028817967040626471	35060	-0,086524952424872945	35060	119,99951042034864	35060	0,345406867168526
35070	-0,044550536589238417	35070	-0,072791772028671126	35070	120,00078205368935	35070	0,033497231259350335
35080	-0,025758212846607387	35080	-0,082882120605465917	35080	120,00092277907993	35080	0,11405685540941746
35090	-0,04823563956843744	35090	-0,078597682075678216	35090	120,000254847317	35090	0,53491528542954814
35100	-0,039995787769033335	35100	-0,077684656824437426	35100	120,0004565652247	35100	0,62315566136061462
35110	-0,055178441175787976	35110	-0,080121898571625133	35110	120,00075761653001	35110	-0,17754834184259516
35120	-0,038195126361317069	35120	-0,09441171307852661	35120	119,99740280034654	35120	-0,86118794851183322
35130	-0,036449019207618269	35130	-0,082898683863646738	35130	119,99880252012106	35130	-0,35461901306637189
35140	-0,030046819047759247	35140	-0,0918538936425624	35140	119,99809914813453	35140	-0,98639502135539714
35150	-0,039246928273705864	35150	-0,087438698724486758	35150	119,99939786282377	35150	-0,29435004361903522
35160	-0,021203749678536596	35160	-0,076599111711997167	35160	120,00076376040519	35160	0,89652986255040368
35170	-0,029620989027561467	35170	-0,081609592625518923	35170	119,99793503611409	35170	0,39007916083747429
35180	-0,036433137792651907	35180	-0,080595561457128567	35180	119,99943182428899	35180	-1,2071666175636919
35190	-0,028415878444940014	35190	-0,082287744599236573	35190	120,00070531225768	35190	0,87249594183594281
35200	-0,033253160688428922	35200	-0,090027572241866222	35200	119,99733569688931	35200	-1,3837230749955565
35210	-0,0381134019955518	35210	-0,094663606038210654	35210	120,00007236572331	35210	-0,69337144072818213
35220	-0,033729946396231746	35220	-0,068381672101717333	35220	120,00238595994475	35220	0,77611593661208156
35230	-0,031932653608939592	35230	-0,082023138317335514	35230	119,9993842058406	35230	-0,91883430267545907
35240	-0,04408218373178753	35240	-0,080305040416499412	35240	119,99806191863335	35240	-0,27218775043163174
35250	-0,039062553246009039	35250	-0,07904035395439743	35250	119,99895526168177	35250	-0,8309613930030445
35260	-0,037100404336428028	35260	-0,082618634733475443	35260	120,00149742352846	35260	0,30927992678846766
35270	-0,032332831056379754	35270	-0,081090151606911159	35270	119,99921074611457	35270	0,0066392185365499318
35280	-0,029867940289178774	35280	-0,081033209994312183	35280	120,00234118171804	35280	-0,066796503473019159
35290	-0,01694380161260204	35290	-0,0749120998773714	35290	120,00077506214706	35290	1,1513115806125525
35300	-0,038072010238459804	35300	-0,080444995062989341	35300	119,99839224536778	35300	-1,1722369491066518
35310	-0,033360583147189607	35310	-0,0791113712368101	35310	120,0036242649814	35310	1,0885167745666835
35320	-0,034047876188677863	35320	-0,0797994369856062	35320	119,9968119980708	35320	-0,606068994737659
35330	-0,031862360753171691	35330	-0,086843443847926916	35330	119,99979858142908	35330	0,10488971856969451
35340	-0,047050717504692412	35340	-0,070331875890247142	35340	120,0017772771334	35340	1,1496862919902506
35350	-0,027034061703879543	35350	-0,07307546135353736	35350	119,9999887968155	35350	0,23708373231459723
35360	-0,024759109804479672	35360	-0,078800046167321711	35360	120,00210657101248	35360	0,34726819022217736
35370	-0,032334739451148176	35370	-0,076840576246220413	35370	119,9990609520105	35370	-0,014306868859714106
35380	-0,038450378673311629	35380	-0,099138472223868013	35380	119,99645733312393	35380	-1,1432069588392717
35390	-0,040908403563297141	35390	-0,10200436997342956	35390	119,99455621178976	35390	-0,82005353787391155
35400	-0,03186636131058497	35400	-0,097768191867552312	35400	119,99598396050943	35400	-1,2652932658235663
35410	-0,048421116313774534	35410	-0,075082694817777726	35410	120,0024496337802	35410	0,57715858920570184
35420	-0,043834184225127651	35420	-0,076393255112333927	35420	120,00125570564906	35420	0,93167114626029157
35430	-0,03426335826235364	35430	-0,075299642915713366	35430	120,00234625739361	35430	0,58918118014508569
35440	-0,033441031880484313	35440	-0,069066909910932409	35440	120,00050520811699	35440	0,52634360876976249
35450	-0,028141515594571537	35450	-0,086152007528775484	35450	119,99883793594877	35450	-1,1999989201818007
35460	-0,023953076730989672	35460	-0,072362346697885035	35460	120,00419120049617	35460	0,95366978653606926
35470	-0,035671393823470836	35470	-0,095117240105225029	35470	119,99591133716338	35470	-0,79889562535091818
35480	-0,039332083606190664	35480	-0,077128915732535136	35480	120,00317262364723	35480	0,085144322788830273
35490	-0,039624300968456871	35490	-0,070762939573443165	35490	120,00176778086072	35490	0,38151516681255082
35500	-0,036218391498688413	35500	-0,080193180167919348	35500	119,99945470197302	35500	-0,20858812808789518
35510	-0,017833772694775551	35510	-0,083627752283465	35510	120,00113750594247	35510	0,2831311794403073
35520	-0,054752824276794933	35520	-0,093967330204981048	35520	119,99622761256356	35520	-0,22303505715175731
35530	-0,034313465118797473	35530	-0,086588437127273057	35530	119,99994323657806	35530	-0,88693093678611623
35540	-0,028128716131259886	35540	-0,0830970709892868	35540	120,00022146104283	35540	0,30559984304509613
35550	-0,038482369048711336	35550	-0,094509394576779551	35550	119,99726861997726	35550	-1,031238508304076
35560	-0,031459924852728978	35560	-0,079204879418581814	35560	120,00041205281566	35560	-0,078241754770564109
35570	-0,045059472475268092	35570	-0,084800556840052763	35570	119,99933383600492	35570	-0,75534417666206555
35580	-0,036115992929973209	35580	-0,095483229725286764	35580	119,9991663997526	35580	-0,40083046875762962
35590	-0,030629258543215427	35590	-0,098369586459601643	35590	119,99792777245978	35590	-0,57857875142063531
35600	-0,035156828039079768	35600	-0,078808344236387037	35600	120,00043659517814	35600	0,10804821309657517
35610	-0,028695108676997923	35610	-0,081006889365522389	35610	119,99914175678035	35610	0,15122783614191976
35620	-0,03306763391861705	35620	-0,085923237921098947	35620	119,99723281409185	35620	-0,13071062733917924
35630	-0,033875662674795914	35630	-0,085735152021213026	35630	120,00134713051983	35630	-0,079255009625043865
35640	-0,017931110352723687	35640	-0,078481075648533016	35640	120,00016398006379	35640	-0,058149014647428915
35650	-0,046253843111139933	35650	-0,087355027709092259	35650	119,99839240508915	35650	-1,3322980611221342
35660	-0,0168281552436726	35660	-0,0831659989551579	35660	120,00232164013019	35660	-0,15650330568598783
35670	-0,037945577620936422	35670	-0,076849158398793721	35670	119,99834295256524	35670	-0,65054122530461633
35680	-0,043297392763754508	35680	-0,077065320266159559	35680	120,00349938816993	35680	0,74158463700779309
35690	-0,043862479668541225	35690	-0,080174223387422944	35690	119,99838707880534	35690	0,20693564392050964
35700	-0,035517965731131126	35700	-0,088133400390029634	35700	119,99832748852421	35700	-0,39103747746903994
35710	-0,037183252253593667	35710	-0,090953764502820958	35710	120,00030752662612	35710	0,31381262393724352
35720	-0,0357696950110649	35720	-0,086994127859835652	35720	119,99979502500828	35720	-0,035278082755738877
35730	-0,032805071743843277	35730	-0,099412263388517372	35730	119,99806766028375	35730	-1,0989209842672798
35740	-0,0401583422916083	35740	-0,077149241727421186	35740	120,00080371830485	35740	-0,14694416830462198
35750	-0,041387340225557713	35750	-0,0728527987349443	35750	120,00125313694268	35750	0,0057463967966230739
35760	-0,022506191880320044	35760	-0,074662942901818283	35760	120,00201985446819	35760	1,1075446534113635
35770	-0,044298329333945188	35770	-0,082326260357848249	35770	119,99937087642645	35770	-0,31391552589489713
35780	-0,029052271409073974	35780	-0,075571133376719044	35780	120,00007078346461	35780	0,3121876911043252
35790	-0,02374881749437301	35790	-0,084124895530867008	35790	119,99893278511648	35790	0,44268363137783573
35800	-0,033614990333731908	35800	-0,08955498910569612	35800	119,99727480665997	35800	-0,541485630169548
35810	-0,024514940952484493	35810	-0,078620486350394744	35810	120,00337886460723	35810	2,0604117318075961
35820	-0,046893517874773305	35820	-0,10070258402022606	35820	119,9948432295493	35820	-1,2983198326203294
35830	-0,041025220545421945	35830	-0,079609045262417535	35830	120,0026977712831	35830	0,089352418337556638
35840	-0,043610810569375158	35840	-0,07425077601225126	35840	120,00110477274535	35840	0,98572187915391263
35850	-0,036113566363453496	35850	-0,076233278007537458	35850	120,00043145556572	35850	-0,62397876969295585
35860	-0,02702774961495525	35860	-0,076813009283220754	35860	120,00166551060254	35860	-0,25137392819637716
35870	-0,034655951942081972	35870	-0,08689731832766924	35870	119,99662614129119	35870	-1,0187588462343262
35880	-0,03954447215429191	35880	-0,081916465174636785	35880	120,00059314432811	35880	-0,43597623168636856
35890	-0,036338455246197561	35890	-0,082814611582496339	35890	120,00228577777438	35890	1,1181808233658341
35900	-0,04446422247246918	35900	-0,078535735477923863	35900	120,0003897950877	35900	0,20951823094028907
35910	-0,039078636494618561	35910	-0,084948278832213814	35910	120,00008272211099	35910	-0,96198074589262572
35920	-0,02080789278170159	35920	-0,088782127143529371	35920	119,99783771155835	35920	-0,16570044739666573
35930	-0,029513592234165224	35930	-0,081356225690919826	35930	120,00036216697842	35930	0,75828763210315531
35940	-0,034506140877340295	35940	-0,084867593941552771	35940	119,99485045817765	35940	-0,69438812379616666
35950	-0,026555434864619219	35950	-0,087352025914407924	35950	119,9980632152775	35950	-0,50334444136734835
35960	-0,038489955899696407	35960	-0,081581243422333777	35960	119,99937112289594	35960	-0,011261667573974399
35970	-0,031790760380900042	35970	-0,079335882868550367	35970	120,00123651732234	35970	-0,020542634678982916
35980	-0,026950272648962471	35980	-0,089360474467139961	35980	119,99825036102061	35980	-1,5499976174111028
35990	-0,032267036618490244	35990	-0,074163194768917057	35990	120,00211984186029	35990	0,43473003278111855
36000	-0,027039134857553639	36000	-0,083597698001585646	36000	119,99923102377167	36000	-0,54004295207561759
36010	-0,035118571552511711	36010	-0,078858236213802474	36010	120,00182082348326	36010	1,1716052521649218
36020	-0,0400181110792048	36020	-0,084757086146757532	36020	119,99956086406364	36020	-0,29786546506528755
36030	-0,029335912637655736	36030	-0,086862096931962826	36030	119,99867121658468	36030	-0,62578521336733628
36040	-0,034035469503364349	36040	-0,083942045761681516	36040	120,00110999494264	36040	0,87751898833139519
36050	-0,03954303678831636	36050	-0,086140788038861049	36050	119,99713914039613	36050	-0,18687268117646816
36060	-0,023543236437638875	36060	-0,08397108266587458	36060	120,0007860168262	36060	0,78393255609232426
36070	-0,027571942040990751	36070	-0,086821613667737288	36070	119,99842488011733	36070	-0,12689479494287659
36080	-0,036025617629958658	36080	-0,0862033379666655	36080	119,99815842269256	36080	-0,359408959468389
36090	-0,052645164820769495	36090	-0,088496460047732664	36090	120,00044394396146	36090	0,14397447354537238
36100	-0,01959560519422987	36100	-0,081137749033035819	36100	120,00046936484426	36100	-0,66701414528549829
36110	-0,032823511983392194	36110	-0,071654629742667064	36110	120,00360445154298	36110	0,5812774604374209
36120	-0,024157250169410352	36120	-0,081310848884425135	36120	119,9999845109714	36120	-0,31627544976629768
36130	-0,023880381305290504	36130	-0,079742596014340944	36130	120,00033982956856	36130	-0,66648250699213984
36140	-0,032398404416402335	36140	-0,074954216921411243	36140	120,00261455957229	36140	0,28710497397904405
36150	-0,044024766398537835	36150	-0,090020024852563663	36150	119,99691008106932	36150	-0,4147319554366008
36160	-0,034385327712470028	36160	-0,086038075074618137	36160	120,00037983847491	36160	-0,19441804142937014
36170	-0,034241460772003858	36170	-0,088341335898701009	36170	119,99787107376537	36170	-1,2637405862141891
36180	-0,039361641823038272	36180	-0,079756623916041477	36180	120,00014867353312	36180	0,49056283896909247
36190	-0,03062527805259227	36190	-0,10045681668848369	36190	119,99659285118347	36190	0,3415865465523
36200	-0,04019316820528876	36200	-0,079626080256434653	36200	119,99971797838134	36200	0,23035062320229152
36210	-0,039712288965938071	36210	-0,081748098201708169	36210	120,00236855731767	36210	0,65749840141222249
36220	-0,033168127937078788	36220	-0,074906311672257531	36220	119,99978533468864	36220	-0,25842505960189072
36230	-0,019531151120656929	36230	-0,085120233641867382	36230	119,9994845535368	36230	0,30118401818899654
36240	-0,036482101421836811	36240	-0,081023421518115313	36240	119,99960758546651	36240	-0,53520922401665083
36250	-0,042896892630664832	36250	-0,090138228033865384	36250	119,99947987218209	36250	-1,0368325609144331
36260	-0,030413538227091891	36260	-0,089306858877759451	36260	120,00030270015282	36260	-0,33045020008303239
36270	-0,043479400247926452	36270	-0,074062883170014165	36270	120,00015776342464	36270	-0,17240448610623479
36280	-0,039768701461757268	36280	-0,078829674911757838	36280	120,00115451111613	36280	0,12264057708660192
36290	-0,04306653775977571	36290	-0,085321943157428942	36290	120,00066872905282	36290	0,38469582676488212
36300	-0,020602987901497186	36300	-0,075308372362620057	36300	119,99796448866002	36300	-0,40511042299779731
36310	-0,030985445900519843	36310	-0,070920794774035151	36310	120,00206038400506	36310	0,47868504903950188
36320	-0,031341062807744222	36320	-0,0776220753565635	36320	120,00242103422636	36320	1,3161683648309213
36330	-0,033849452840467774	36330	-0,0783081565243691	36330	120,002417539826	36330	1,4218326367834293
36340	-0,029202289066006245	36340	-0,096478723844447986	36340	119,99615730636958	36340	-1,1464293246446868
36350	-0,030836611671882369	36350	-0,090743119427954461	36350	119,99750994513444	36350	-0,68577086956707078
36360	-0,020852110103909933	36360	-0,0795986409136485	36360	120,00104660032659	36360	-0,36539882995420792
36370	-0,0325182034219589	36370	-0,0785241118348111	36370	120,00049741036429	36370	0,14242143474361091
36380	-0,045391564370490391	36380	-0,070593498240299438	36380	120,0023809193012	36380	0,41061566092065915
36390	-0,058584123215292945	36390	-0,081968879639560274	36390	120,00030723696911	36390	0,4597250475760043
36400	-0,03699827141194495	36400	-0,077991913935983828	36400	120,00048372640248	36400	0,2636210810016496
36410	-0,0416398417973637	36410	-0,08038712646448265	36410	120,00283709067598	36410	1,1754490208892028
36420	-0,041573981085802625	36420	-0,090187456756828321	36420	119,99650124781033	36420	-0,979399191825306
36430	-0,045309053022181349	36430	-0,073006511755314987	36430	120,00425404887652	36430	0,50035500366496288
36440	-0,024844265316399439	36440	-0,084175350907302146	36440	119,99913957315603	36440	0,8728912555537911
36450	-0,019845316367378411	36450	-0,074356237488424362	36450	120,00073273376728	36450	-0,71631692197579888
36460	-0,020274852440464567	36460	-0,081704559529191409	36460	120,0004200478346	36460	0,14002616798200746
36470	-0,041117283635703356	36470	-0,088801264983407679	36470	119,99774406455083	36470	-0,38026612670229154
36480	-0,015852730772313084	36480	-0,087165062123620421	36480	119,99769456905766	36480	-0,95520210669593331
36490	-0,041805124030447588	36490	-0,096136997005315847	36490	119,99798182109599	36490	0,21446297849991813
36500	-0,0488206668721258	36500	-0,083555128083740327	36500	120,00177156097712	36500	0,20411226716760128
36510	-0,025608592059441687	36510	-0,0836992476292647	36510	120,00060931200453	36510	-0,16798782189252226
36520	-0,037967647753039013	36520	-0,078325800224951045	36520	119,99953082707334	36520	0,045794515687426318
36530	-0,051202955929905938	36530	-0,072349417218109044	36530	120,00312475271173	36530	0,17913464906683163
36540	-0,0356154280007882	36540	-0,0779381069850659	36540	119,99994454535118	36540	0,57046625350485325
36550	-0,031614665505901182	36550	-0,071333651846140808	36550	120,00274736758497	36550	0,4772524119724173
36560	-0,0243443307272774	36560	-0,09249553196798653	36560	119,99659542586471	36560	-0,95399286715781673
36570	-0,040351238739266451	36570	-0,087816954573146	36570	119,99776558980521	36570	0,0044548020003659095
36580	-0,013679923071287915	36580	-0,0831925777165935	36580	120,00042472865755	36580	-0,10408074658096989
36590	-0,029778465465320061	36590	-0,092128997582041974	36590	119,99801807042715	36590	-0,11579080486345111
36600	-0,020504442662499164	36600	-0,07091056121236107	36600	119,999937490189	36600	0,95910772248824061
36610	-0,02839674339290384	36610	-0,087821990562717278	36610	119,99888691005333	36610	0,406283252460421
36620	-0,048954267211062559	36620	-0,08140198598690794	36620	119,99947223685288	36620	-0,95415410751980467
36630	-0,03894855100795086	36630	-0,085337039508963819	36630	119,99993232597619	36630	-0,8535327690143415
36640	-0,039270820131643472	36640	-0,075887228695259948	36640	120,00158359715826	36640	0,38335597622367151
36650	-0,038657104039546822	36650	-0,075531489935122209	36650	120,0009432268415	36650	-0,13506765373946278
36660	-0,025552174180647067	36660	-0,07140601349744595	36660	120,00344469472488	36660	0,494404906812106
36670	-0,027477516209226407	36670	-0,08121864486208015	36670	119,9993099241331	36670	0,25069728941005154
36680	-0,032280664667764407	36680	-0,071975393830863155	36680	120,00248285277243	36680	0,69247058173265064
36690	-0,026960211479351254	36690	-0,099106080744237809	36690	119,99513965510002	36690	-0,95857437413576929
36700	-0,04071451255979857	36700	-0,087811837255511963	36700	119,99789588285022	36700	-1,3259328304873272
36710	-0,027292819685643597	36710	-0,085497800230502741	36710	120,00011466995166	36710	-0,60150058595428069
36720	-0,037832953659655444	36720	-0,083298213238653634	36720	120,00063440186997	36720	-0,12889708701843922
36730	-0,02967539145557628	36730	-0,076824401860828492	36730	120,00131137424144	36730	-0,29601867784954705
36740	-0,034327988239065459	36740	-0,08111445770490186	36740	120,00139280412296	36740	1,2235319915790441
36750	-0,047842610667986625	36750	-0,0787833952106682	36750	120,00084415533199	36750	0,34260288296043961
36760	-0,028651323030541444	36760	-0,068226576117209684	36760	120,00407847311311	36760	0,9610085176123726
36770	-0,035991209737031987	36770	-0,08316952958083533	36770	119,99875545615097	36770	-0,60104001294710985
36780	-0,035720284659804424	36780	-0,078876755931529707	36780	120,0000727381188	36780	0,09014590481324064
36790	-0,032433481226022291	36790	-0,095991035450849527	36790	119,99682353266412	36790	-0,21064916300207121
36800	-0,0428041592603784	36800	-0,087829124929556121	36800	119,99877647383983	36800	-0,417299024903037
36810	-0,028133871702501537	36810	-0,087929578257631147	36810	120,00029762703787	36810	-0,18449082686480217
36820	-0,02882428018539495	36820	-0,0819909112210934	36820	119,9991206875916	36820	0,1650364120215205
36830	-0,029767635127500934	36830	-0,0740441158950513	36830	120,00365600446972	36830	0,47295309857242512
36840	-0,032295923306315713	36840	-0,088611954635417919	36840	120,00020258548263	36840	0,3582748144840005
36850	-0,058346514991716024	36850	-0,08022198475939489	36850	120,00079682122809	36850	-0,023483430241570291
36860	-0,036741038911076225	36860	-0,078356616325803388	36860	120,00059097330909	36860	-0,48508640413277532
36870	-0,039609405612559247	36870	-0,070393297600600965	36870	120,0015599851755	36870	-0,084512566456568614
36880	-0,0290047795860612	36880	-0,086422956938483217	36880	119,9988259434747	36880	-0,24388369882087835
36890	-0,027590217849053245	36890	-0,082642497241168275	36890	119,99970689447703	36890	0,40320079198463055
36900	-0,046134106080333595	36900	-0,078781052817209027	36900	119,9996054169382	36900	-0,664619664094751
36910	-0,034413787588400455	36910	-0,082015367878906592	36910	119,99900686755024	36910	1,4067033816374259
36920	-0,037667379056358682	36920	-0,0923546788328929	36920	119,99711420059261	36920	0,29726433459203805
36930	-0,034891784908685275	36930	-0,08008701087399954	36930	120,00004203722642	36930	-0,730420552310724
36940	-0,037028325434031638	36940	-0,089562862670299836	36940	119,99977398778135	36940	0,27004595082172744
36950	-0,03230313646074956	36950	-0,073281995945761846	36950	120,00071167499215	36950	-0,56147168797775171
36960	-0,032446909135117559	36960	-0,086943417841645873	36960	120,00139217899692	36960	-0,10431747088390672
36970	-0,037822409401126141	36970	-0,085334192459159311	36970	119,99859698081338	36970	-0,010937130969774882
36980	-0,044924386951959459	36980	-0,071004472699460891	36980	120,00589566390916	36980	0,634765337839901
36990	-0,027882057005883622	36990	-0,0770626880895415	36990	120,00173270653224	36990	0,12031735930057758
37000	-0,041916898814133463	37000	-0,0669395308132404	37000	120,00289519799466	37000	0,29644281990659704
37010	-0,023411061293344432	37010	-0,067720413797569018	37010	120,00367960831854	37010	0,56675312207440065
37020	-0,033766373167043791	37020	-0,096765050826714466	37020	119,9935724884169	37020	-0,80428992537193755
37030	-0,044357800844108196	37030	-0,09398790083309648	37030	119,99738081272049	37030	-0,53014877332475285
37040	-0,03009381766585946	37040	-0,099240242604536649	37040	119,99586265126418	37040	-0,7641509154637236
37050	-0,030475911251265333	37050	-0,088545267830275415	37050	119,99581335375896	37050	-0,19210573450312118
37060	-0,022159008260705704	37060	-0,090555673013664781	37060	119,99856389528631	37060	0,21890217214891636
37070	-0,032319188956055685	37070	-0,071719520523937944	37070	120,00175812213563	37070	0,83281563745847087
37080	-0,033116189317550879	37080	-0,076611527497790363	37080	120,00104754979414	37080	-0,18688959201292515
37090	-0,021943334671681441	37090	-0,083872162304553161	37090	120,00062631553251	37090	-0,64184855278528274
37100	-0,045743777404964672	37100	-0,072691435092814824	37100	120,00302213219165	37100	-0,20250174624267547
37110	-0,034453231863045108	37110	-0,079694352830782508	37110	120,0012064691674	37110	-0,22015692733705555
37120	-0,029414408639091602	37120	-0,0734904796509143	37120	120,00003430484019	37120	-0,50914868726353824
37130	-0,022789415739259505	37130	-0,084733137948387618	37130	119,99880760825826	37130	-0,55358887497478926
37140	-0,031052158249103051	37140	-0,081317063975990062	37140	119,99765274063398	37140	0,1662050378815568
37150	-0,027377836473841902	37150	-0,0820313835939323	37150	119,99932052808853	37150	-0,23324519190981558
37160	-0,0453644152749169	37160	-0,084930305134136921	37160	119,9986762158189	37160	0,22847095883462071
37170	-0,025357634783154337	37170	-0,0795656328291447	37170	119,99859224497921	37170	0,40999541856368904
37180	-0,049999774979931362	37180	-0,089426423510349379	37180	119,99922015823174	37180	-0,51084213492587871
37190	-0,034086973834561551	37190	-0,072149038353983522	37190	120,00149356147782	37190	1,4661496079903555
37200	-0,032418712833445287	37200	-0,079804666964752455	37200	120,00067577220592	37200	-0,89361839831992607
37210	-0,031085794899184966	37210	-0,0739718846573719	37210	120,0042693225935	37210	0,58112337060209429
37220	-0,053384117824203846	37220	-0,080669179756039086	37220	119,99910307623073	37220	-0,12566563606440806
37230	-0,032530907832340326	37230	-0,083351798819715162	37230	119,99877514683675	37230	-0,31088105624654261
37240	-0,026339839395549215	37240	-0,076388482992220855	37240	120,00031563203316	37240	0,76343915539776552
37250	-0,028321185338827191	37250	-0,083203863162195468	37250	119,99713748615557	37250	-0,9089314740722203
37260	-0,03377875284940856	37260	-0,08902248593752006	37260	120,00000597257373	37260	0,52308578887594026
37270	-0,0423428675047085	37270	-0,086105876315248367	37270	119,99968038962074	37270	-0,44435585386920484
37280	-0,027302452489249208	37280	-0,086690645170939842	37280	119,99969195531669	37280	-0,57602474290650574
37290	-0,033062189206547514	37290	-0,088850534531726644	37290	120,00147356725063	37290	0,2204283768135884
37300	-0,037106153418673841	37300	-0,075396237313285291	37300	119,99919155034218	37300	-0,24823854290973038
37310	-0,0426420778188395	37310	-0,085269905442215452	37310	120,00065304718976	37310	-0,22263078336058564
37320	-0,042786830266988679	37320	-0,07454804825050744	37320	119,99965391475793	37320	-0,095486045309447473
37330	-0,0421265306731583	37330	-0,07671648884870351	37330	120,00265741789991	37330	-0,1253659215423952
37340	-0,0326338384582724	37340	-0,075901893362837577	37340	120,00111892513532	37340	0,58684528902095345
37350	-0,032537177423862862	37350	-0,072372252757121655	37350	120,00104809269449	37350	0,033395428554957945
37360	-0,031583652674545423	37360	-0,083450756171949789	37360	120,00056272177783	37360	0,39479632249046381
37370	-0,036473902144948472	37370	-0,083580325121560689	37370	119,99800319169633	37370	-0,23698296361429941
37380	-0,031340770604395225	37380	-0,093858742907106538	37380	119,99640112934837	37380	-0,98276915452113278
37390	-0,03094483537671781	37390	-0,080222567138838685	37390	120,00010205162806	37390	0,31538724206711738
37400	-0,033557556415525061	37400	-0,090298829428023863	37400	119,99872506774824	37400	-0,40963961958552564
37410	-0,034711796873791521	37410	-0,092150945943797774	37410	120,00084140797743	37410	0,9825623583245594
37420	-0,030444715137266626	37420	-0,095628994072498849	37420	119,99621128793034	37420	-0,63924044873493679
37430	-0,026642031060796545	37430	-0,080759656222663734	37430	120,00235979753656	37430	-0,3574670686909085
37440	-0,025996598318561374	37440	-0,078532498440974846	37440	120,00279585337455	37440	0,74351140763057422
37450	-0,046868477033469157	37450	-0,066641417290164248	37450	120,00033779627849	37450	0,18588816889581725
37460	-0,020710761747471891	37460	-0,072272445474837813	37460	120,00211278002412	37460	0,016877873288674378
37470	-0,023828498083795162	37470	-0,08623980945602315	37470	119,99764550988977	37470	-0,32393849236048389
37480	-0,024398403086473581	37480	-0,087052639902712114	37480	120,00143542650952	37480	-0,56514139821016351
37490	-0,039972867088258812	37490	-0,0821782755313489	37490	119,99885643339282	37490	0,7657669664274791
37500	-0,045921410439284258	37500	-0,086551482481862313	37500	119,99881346326494	37500	-0,016472384586480211
37510	-0,022481323249735206	37510	-0,089209048680865682	37510	119,9986700925804	37510	-0,57600533956396016
37520	-0,033919988261172519	37520	-0,07364561331318914	37520	119,99909965368831	37520	0,755250803842902
37530	-0,030291889775324026	37530	-0,083655424091974254	37530	119,99965450511793	37530	0,74387191377295192
37540	-0,038179863915581064	37540	-0,0908520024918475	37540	119,9978757034131	37540	-0,612732908839124
37550	-0,042563315858943948	37550	-0,074849598125217021	37550	119,99968095806341	37550	0,3699308543194903
37560	-0,031461203060185794	37560	-0,082134243796498946	37560	120,0012392992753	37560	0,42073265206987881
37570	-0,036411179679730309	37570	-0,081021747048454273	37570	120,00098270999864	37570	0,21500348151450149
37580	-0,035870460185945245	37580	-0,068363641767774819	37580	120,00222305431998	37580	-0,08792425415972
37590	-0,037513349954911089	37590	-0,081606628643035334	37590	120,00264661036046	37590	0,35414831276493663
37600	-0,035173791801266022	37600	-0,092621530224027249	37600	119,99704920567542	37600	-1,0958248048736277
37610	-0,031301471469721592	37610	-0,083197702184970454	37610	120,00290325452527	37610	0,22890090097612714
37620	-0,0428473621159603	37620	-0,084402919667537449	37620	119,9991989163054	37620	-0,16621624779389937
37630	-0,043858101610115406	37630	-0,078505861560234036	37630	120,00121876620246	37630	0,09837078825648915
37640	-0,044407725454196641	37640	-0,081883496475283743	37640	120,00075897215426	37640	1,0129969163386043E-05
37650	-0,054152773745044777	37650	-0,08708851793458354	37650	119,99848433558469	37650	0,019101166731496963
37660	-0,020882775116824612	37660	-0,084866035101512291	37660	119,99964678820649	37660	0,32971651302429961
37670	-0,018871466988086925	37670	-0,079758554123679923	37670	120,00045032345133	37670	0,65829139136081016
37680	-0,039901883870146065	37680	-0,086656289892822841	37680	119,99954605777819	37680	-0,972245296441322
37690	-0,022447731572775707	37690	-0,092636257905842373	37690	119,99970264054595	37690	-0,0428308736637453
37700	-0,047877264995865969	37700	-0,076936013987292648	37700	120,00092083823242	37700	0,9220986617684086
37710	-0,030594794049827297	37710	-0,089254460286751561	37710	119,9992203910617	37710	-0,16337222868229839
37720	-0,024844357253165965	37720	-0,089655756761274186	37720	119,99731519482458	37720	-0,73344009850450975
37730	-0,030765188638729828	37730	-0,087825414993856266	37730	120,001156275339	37730	-1,0520427684951113
37740	-0,0406443840028431	37740	-0,076819606428802811	37740	119,99939746322245	37740	0,82131364065100976
37750	-0,049015154649722135	37750	-0,083187514489159689	37750	120,00042226156161	37750	-0,059856542467221149
37760	-0,036358352818559071	37760	-0,077509301725042737	37760	120,00304300613564	37760	1,4790662356107176
37770	-0,038337069979870242	37770	-0,091686732360145934	37770	119,99796232340287	37770	-1,0558904937258915
37780	-0,038045159577504609	37780	-0,089442352233052635	37780	119,9999721812938	37780	-0,11089821586275783
37790	-0,029406924679541136	37790	-0,072855886826169988	37790	120,00202998320795	37790	0,76377049936361607
37800	-0,043201420980164662	37800	-0,066662732539481628	37800	120,00235930519409	37800	0,12692389158327994
37810	-0,034546679716223917	37810	-0,08852385790751828	37810	119,99939677212453	37810	1,0247983201149005
37820	-0,029311917629058142	37820	-0,0876525596439916	37820	119,99663474329468	37820	-0,59198639957953048
37830	-0,0315810768661295	37830	-0,0732247162409409	37830	120,00114048703793	37830	-0,30421286509871714
37840	-0,031789443831494325	37840	-0,071954553681683214	37840	120,00239910737388	37840	0,74774421740619657
37850	-0,035810753848937456	37850	-0,085985971216963289	37850	119,9983304097011	37850	-0,57354912397451985
37860	-0,040475657998637143	37860	-0,086118428491550186	37860	120,00107999021896	37860	0,030959826959998576
37870	-0,030475917727197349	37870	-0,0936319087006605	37870	119,99879771764427	37870	-0,13165643519920744
37880	-0,035771781685140842	37880	-0,084661494044344449	37880	120,0000663752662	37880	0,053791123760366641
37890	-0,03612233572610489	37890	-0,078672603766023419	37890	120,00026589449547	37890	0,19754013974924148
37900	-0,040626176361691156	37900	-0,07306664920273559	37900	120,00131163259972	37900	0,13308861706158859
37910	-0,029779418295693361	37910	-0,07917242020777715	37910	120,00142988176704	37910	0,19856973298312969
37920	-0,039455797317297488	37920	-0,075685006290455034	37920	120,00188579803999	37920	0,56954402981499075
37930	-0,028343837760067065	37930	-0,077844115298269428	37930	120,0017190191856	37930	0,098257807318814672
37940	-0,041101636646453936	37940	-0,077267741221258873	37940	120,00078635867843	37940	0,898056532355247
37950	-0,036197074764857881	37950	-0,0801368887540904	37950	119,99960476261066	37950	-0,13140213163066872
37960	-0,028243958330830422	37960	-0,075005330847986551	37960	120,00150720371958	37960	1,0290770874134834
37970	-0,035199863800846845	37970	-0,0959449485013369	37970	119,99373474639269	37970	-1,1516273876653524
37980	-0,0344296047030321	37980	-0,088432578883189783	37980	120,0000513027282	37980	-0,50576067830200577
37990	-0,029650150156214694	37990	-0,094900454543257726	37990	119,99761280796925	37990	0,12346292475874864
38000	-0,027855809987790608	38000	-0,08389438686767893	38000	119,99896913767515	38000	-0,711916154971239
38010	-0,021189636143762628	38010	-0,068274488002393	38010	120,00266453709219	38010	0,48784904885960334
38020	-0,046019778259226235	38020	-0,083916391605943844	38020	119,99864923688941	38020	-0,10844999391753765
38030	-0,026059760205201281	38030	-0,076582871541117217	38030	120,00152070227843	38030	-0,70922903799558545
38040	-0,046366780776305093	38040	-0,081107918200770263	38040	120,00053674282182	38040	1,0971809155194294
38050	-0,034953041855806763	38050	-0,078554192250851571	38050	119,9999304711958	38050	-0,858419917831301
38060	-0,026485320006929793	38060	-0,085508848941271393	38060	119,9974241852923	38060	-0,42117654543412963
38070	-0,034619502051187287	38070	-0,073809367717235078	38070	120,00074240198296	38070	0,61964131986268345
38080	-0,021773727075937825	38080	-0,077604696102656689	38080	120,00250072557765	38080	0,60316625940686164
38090	-0,045801521074237253	38090	-0,088166646801668941	38090	119,99826018444084	38090	0,09208604245843996
38100	-0,030447138378554308	38100	-0,088484744421581746	38100	119,99839448591719	38100	-0,2761408795331024
38110	-0,040328084907080758	38110	-0,083967716986381349	38110	120,00072631937252	38110	-0,03342500388319064
38120	-0,039488136161033985	38120	-0,078952268729470934	38120	119,99924615287992	38120	0,37116461298638881
38130	-0,032571338383669469	38130	-0,073545926933468148	38130	120,00148503966143	38130	0,69342969001761978
38140	-0,031745824835851248	38140	-0,085607444159835108	38140	119,99786617370161	38140	0,831080355438528
38150	-0,047776424850738575	38150	-0,0729554613817226	38150	120,00155647313507	38150	-0,521612994475549
38160	-0,031828285442412126	38160	-0,096638621194245752	38160	119,99948407931157	38160	-0,89501859980954634
38170	-0,032227736165185282	38170	-0,083101801577981985	38170	119,99891111845152	38170	0,56869380688934035
38180	-0,036157465345634715	38180	-0,079098646388048	38180	120,00222147414522	38180	-1,1748786880633002
38190	-0,026909846312844148	38190	-0,078284645563859084	38190	120,00397689574949	38190	0,45320937810357753
38200	-0,04270863994063364	38200	-0,0866870879992068	38200	119,99920578130481	38200	-0,50675823683463916
38210	-0,033179615379969447	38210	-0,091531931609089637	38210	120,00005206686198	38210	-0,41577589045996372
38220	-0,0453720594770324	38220	-0,08767120912036884	38220	119,99741262788014	38220	-0,15046323302135436
38230	-0,040249089549172182	38230	-0,074570338172114989	38230	120,00041522386739	38230	0,54825316113025835
38240	-0,019638479264341736	38240	-0,089734011645993525	38240	119,99812582357434	38240	0,70424043354695376
38250	-0,038366151335532284	38250	-0,0882870343471726	38250	119,99650864912405	38250	-0,45456731038096865
38260	-0,023886279687363659	38260	-0,075380438687654289	38260	120,00120223958415	38260	1,1441213251140177
38270	-0,015717515196424572	38270	-0,0848647597388736	38270	119,99672142884194	38270	-0,2763022491548266
38280	-0,052235622297404166	38280	-0,0762826764503353	38280	120,00404162216019	38280	0,89191634087569216
38290	-0,03427677638712863	38290	-0,090916068550037976	38290	119,99721456650235	38290	0,21961332222517718
38300	-0,03213326763855015	38300	-0,067610017453336183	38300	120,0037404787186	38300	0,34014304056878475
38310	-0,036252182777394192	38310	-0,085092500062243462	38310	120,00001586300334	38310	-0,33114895541276457
38320	-0,027768701957483752	38320	-0,081568311889652356	38320	119,99752084605841	38320	-1,1514422769025565
38330	-0,043034350965752539	38330	-0,064890809729441015	38330	120,00537330973896	38330	0,037512824584060606
38340	-0,026353263567556948	38340	-0,083216703892640728	38340	119,99816303208569	38340	-0,30628550115499831
38350	-0,033281679092058605	38350	-0,075724479700300162	38350	120,00016096704567	38350	-0,48087610193950125
38360	-0,026017456753714474	38360	-0,071679032043912308	38360	120,00346272927467	38360	1,3226012418084472
38370	-0,035421877687366536	38370	-0,086567793791691425	38370	119,99799308665131	38370	0,74061761368199774
38380	-0,027461850037129316	38380	-0,096757206963763331	38380	119,99662613373009	38380	-0,31442412811663006
38390	-0,0315770351862857	38390	-0,087638207920053668	38390	120,00029487657145	38390	-0,38466470120831908
38400	-0,049716004544041306	38400	-0,083145953496342753	38400	119,99955374101484	38400	0,1321004871635294
38410	-0,031356992539816129	38410	-0,084642022440906711	38410	120,0006411273493	38410	0,15243047171291269
38420	-0,047096798936927135	38420	-0,08478130235422604	38420	120,00001740052521	38420	-0,16857192346524566
38430	-0,024868906318271728	38430	-0,084665975952511852	38430	119,999103250395	38430	-1,060874697983081
38440	-0,037232139673728758	38440	-0,075119764982801013	38440	120,00161141480373	38440	0,56275771360552085
38450	-0,03231265947394673	38450	-0,090838075459947237	38450	119,99803379892656	38450	-1,3777002295910159
38460	-0,01474574784424394	38460	-0,072698442604704969	38460	120,00334164669096	38460	0,584959271585963
38470	-0,035038420772886159	38470	-0,091422894602888272	38470	119,99716425090786	38470	-0,44459314614240852
38480	-0,040376311983898856	38480	-0,086942237104123563	38480	119,99745495759213	38480	-1,1987354825612639
38490	-0,035149182118625055	38490	-0,077790960707065912	38490	120,00022004357697	38490	0,88596948307193468
38500	-0,033968258982847915	38500	-0,087979964147134188	38500	119,99893133073093	38500	-0,43208973402309248
38510	-0,02842354534329096	38510	-0,08384128491995603	38510	119,9991402738337	38510	-0,51937568755455
38520	-0,026523343138372731	38520	-0,083860506246570751	38520	119,99846793282775	38520	-0,53052386238301208
38530	-0,027456427862619266	38530	-0,078216920606912946	38530	120,00177257196697	38530	0,65624850351699537
38540	-0,045798808868150596	38540	-0,07827130575408299	38540	120,00029279542513	38540	0,13892393894115157
38550	-0,046692784467308374	38550	-0,081615955099211823	38550	120,0000027186239	38550	-0,40682752235931485
38560	-0,029915561065858631	38560	-0,080993618197778811	38560	120,00192114712138	38560	0,966593871059837
38570	-0,040297816147791293	38570	-0,083112893487317638	38570	119,99771378031998	38570	-0,55534470209260145
38580	-0,024232614395229116	38580	-0,092943654613270366	38580	119,99929193939126	38580	-0,17342161241225695
38590	-0,031164070192416023	38590	-0,096612008642553329	38590	119,99629009194852	38590	-0,75847584843033056
38600	-0,045074122102237095	38600	-0,077354144873914024	38600	120,00072429626171	38600	0,60655809188297782
38610	-0,038341945099149247	38610	-0,091263253333515384	38610	120,00215266045001	38610	0,42032579507179957
38620	-0,043306142647514333	38620	-0,076410675537577979	38620	120,00026429333398	38620	0,39531107790100262
38630	-0,030948038403861757	38630	-0,078544028326831841	38630	120,00012413892225	38630	-1,3844085852162888
38640	-0,032779973047517105	38640	-0,072994482426765789	38640	120,00267561656924	38640	0,62653035721015593
38650	-0,029620014080532987	38650	-0,0766420011993056	38650	120,00099295913681	38650	-0,7546484417594812
38660	-0,013905467885795728	38660	-0,073582789119264871	38660	120,00243115128579	38660	-0,20637882690386478
38670	-0,041749644805713595	38670	-0,084259588350122386	38670	120,00043961356028	38670	0,028588696658175733
38680	-0,028864136480743763	38680	-0,083713708391838865	38680	119,99892143273102	38680	0,16112456306518125
38690	-0,043129859172021105	38690	-0,089217721212541873	38690	119,99951815440193	38690	0,30218007683504911
38700	-0,026425443244139507	38700	-0,087542629009581957	38700	119,99722330167893	38700	-0,57348676623080919
38710	-0,039691169843379885	38710	-0,084292417792661056	38710	120,00044246949763	38710	0,27026522024551219
38720	-0,02930801319024854	38720	-0,084551329580032711	38720	119,99722021253328	38720	-0,00861710190552721
38730	-0,036610664255061647	38730	-0,074849839394518641	38730	120,00295184981847	38730	0,85593170740859836
38740	-0,031930567768106835	38740	-0,084674538469881391	38740	119,99846141143425	38740	0,093783832975041781
38750	-0,022522999079155715	38750	-0,098765767399860413	38750	119,99616821742822	38750	-0,47814873000462504
38760	-0,02276520707091409	38760	-0,0773999565055261	38760	120,00204822182351	38760	0,50834212905783871
38770	-0,032104475325695284	38770	-0,080454985344183633	38770	119,99868566152341	38770	-0,32514832405799809
38780	-0,034125415483164556	38780	-0,075464517607464365	38780	120,00229308632946	38780	0,29979602802173766
38790	-0,048189571104653495	38790	-0,074958553888203508	38790	120,00455914749716	38790	0,36657999068035552
38800	-0,051544231727480225	38800	-0,0833993979549266	38800	119,99914183203021	38800	-1,1424956266621242
38810	-0,024847524543568686	38810	-0,080561066169394041	38810	120,00159353763051	38810	0,75646672237616364
38820	-0,022027753820469165	38820	-0,0782388891563971	38820	119,99819162552049	38820	0,46802546905102194
38830	-0,035368026028474393	38830	-0,078372840495932863	38830	120,00008300225086	38830	0,084582458451036735
38840	-0,053385895742359933	38840	-0,091924946719351266	38840	119,99656304943707	38840	0,24894399717765037
38850	-0,023533253400102837	38850	-0,074473351522064787	38850	120,00007090573523	38850	-0,62364189894242006
38860	-0,03876299083473371	38860	-0,088646825843045771	38860	119,99970236777355	38860	1,7027972960433608
38870	-0,036476527352422669	38870	-0,090322912983847231	38870	119,99711746750008	38870	-0,13460812691926155
38880	-0,037851912923224935	38880	-0,066716441802768062	38880	120,00539758577281	38880	0,7979606848592129
38890	-0,042734474030033491	38890	-0,078551303615251353	38890	120,00211287318696	38890	0,29231748908863853
38900	-0,02335535519425418	38900	-0,082982334426866866	38900	120,00009481971256	38900	-0,40580921543737519
38910	-0,029544494910849015	38910	-0,07385409262908281	38910	120,00191403068729	38910	0,32702709653781975
38920	-0,045006275179284155	38920	-0,071791482603104792	38920	120,00180043590223	38920	0,83275973558631566
38930	-0,0364998885472044	38930	-0,0679897818545127	38930	120,00203582035006	38930	0,50582722311961592
38940	-0,047039546336529195	38940	-0,085355920044591055	38940	119,99905912950747	38940	0,0072009786762225747
38950	-0,037500496348365109	38950	-0,076220303103146148	38950	120,00097888569721	38950	-0,39240652696174294
38960	-0,014383762345888094	38960	-0,0851257973523492	38960	119,9989482806173	38960	0,2442937221222205
38970	-0,038137894860344995	38970	-0,0826812930852745	38970	119,99784776884725	38970	-0,8259395985618152
38980	-0,018887822267964177	38980	-0,092126692303609342	38980	119,99869135010498	38980	-0,435498192349718
38990	-0,021422078460312015	38990	-0,10009317002166088	38990	119,99377943815087	38990	-1,0688585237276775
39000	-0,030374301036405454	39000	-0,08001231574680967	39000	120,00077088518739	39000	0,0083068457224549086
39010	-0,030271679400287445	39010	-0,083134041176531739	39010	120,00113121513303	39010	-0,33616426814009315
39020	-0,053574528984545622	39020	-0,077250016837962773	39020	120,00063208171285	39020	-0,783016083839089
39030	-0,030509451351059255	39030	-0,079246741144654548	39030	120,0015866749694	39030	0,33238723792201635
39040	-0,027402048002774168	39040	-0,0700425886612706	39040	120,00295884615873	39040	0,84479333152466918
39050	-0,03112239597299752	39050	-0,079868860252730753	39050	119,99999312328764	39050	-0,779081095890481
39060	-0,016634812702666327	39060	-0,083223706167258354	39060	120,00142388461161	39060	1,1405015760320911
39070	-0,03686652314722938	39070	-0,0699360165401625	39070	120,00202698909635	39070	0,90205861656269359
39080	-0,045762052420935666	39080	-0,081633459020950608	39080	120,00086681557039	39080	0,44390287933837685
39090	-0,041340886897878196	39090	-0,074876869703213556	39090	120,00196595775624	39090	0,84263352847309114
39100	-0,064201481904000088	39100	-0,080648024934786081	39100	119,99940131536923	39100	-0,43705000294527796
39110	-0,037184467797799853	39110	-0,082002749078613074	39110	120,00246309598619	39110	0,44371738571592534
39120	-0,00923253349695234	39120	-0,092289506565092369	39120	119,99636833084776	39120	0,092352571080706491
39130	-0,03065480597330375	39130	-0,087567013403498525	39130	119,99831936232783	39130	-0,31822134058021312
39140	-0,0391271715711872	39140	-0,091359184494405915	39140	119,99973098217473	39140	-0,17961713773009849
39150	-0,0415378232493322	39150	-0,073271223090296725	39150	119,99929402386066	39150	0,54274319054948927
39160	-0,043959935457580895	39160	-0,082010169572028974	39160	120,00064352237409	39160	-0,1636281563176957
39170	-0,035924743609110493	39170	-0,081792430151919532	39170	119,99924189307845	39170	-0,19388052398402411
39180	-0,037831703130505975	39180	-0,074729837329175514	39180	120,0014858385707	39180	-0,33812383438897087
39190	-0,038291274835534669	39190	-0,088285338581417752	39190	120,00032414885618	39190	0,98271367955580646
39200	-0,024664706311907487	39200	-0,079080129010259778	39200	119,99939590470747	39200	0,33687404519846892
39210	-0,0357445824965883	39210	-0,071566587178913885	39210	120,00636904350616	39210	0,93727064153378725
39220	-0,030142596987748693	39220	-0,082994661572697317	39220	119,999376568616	39220	0,82021021822272089
39230	-0,036055658350642658	39230	-0,0747093431982662	39230	119,99963695210839	39230	0,073980308250945037
39240	-0,028485830426763351	39240	-0,084886764630467723	39240	119,99775043370649	39240	-0,17342063924517251
39250	-0,042973697034534589	39250	-0,076282022634426	39250	120,00010647334906	39250	0,0055012402176669375
39260	-0,043880902483220623	39260	-0,093261938264541	39260	119,99996908071726	39260	0,34858539969371855
39270	-0,044398305014789891	39270	-0,083085132377325177	39270	119,99937854176308	39270	0,519037250581474
39280	-0,046382734572837959	39280	-0,073154087934374515	39280	120,00298585485386	39280	0,7677067816762293
39290	-0,017994190719739112	39290	-0,069719213942548278	39290	120,00496173797836	39290	1,8302253621405116
39300	-0,023660029753952736	39300	-0,084137315420255071	39300	120,00075627812352	39300	-0,45746794140987368
39310	-0,012845272693648564	39310	-0,077128097310575308	39310	120,00046965484675	39310	-0,39649994073621475
39320	-0,036836872083063826	39320	-0,0714096333981331	39320	119,99860242517789	39320	1,49634242378362
39330	-0,029379931678769136	39330	-0,08881458239774441	39330	120,00124890209085	39330	0,273609947388753
39340	-0,044997843889727496	39340	-0,062898904550744442	39340	120,00543948774705	39340	1,1525008516538025
39350	-0,030752538911451688	39350	-0,084269191659912979	39350	119,99787101561451	39350	0,048584018109900651
39360	-0,018098699194205706	39360	-0,0904065744597346	39360	119,99739762320247	39360	-1,0241167993068858
39370	-0,04151691410676462	39370	-0,082001050027429287	39370	120,00005129873254	39370	0,35573938499598745
39380	-0,029332026189429504	39380	-0,078692858877394439	39380	120,00000108522941	39380	-0,30409155275498534
39390	-0,036821144619078469	39390	-0,082900177938054084	39390	120,00323326782871	39390	0,33137563338947196
39400	-0,030363399186777249	39400	-0,080401393236506885	39400	119,99929688247657	39400	-0,73221249764413665
39410	-0,038771091033850569	39410	-0,082882199419815866	39410	120,00032214727624	39410	-0,362282223679057
39420	-0,040467306536700477	39420	-0,092415058284054177	39420	119,99846284802685	39420	-0,3154018902208986
39430	-0,023965619475549815	39430	-0,079041175050943643	39430	119,99848186498529	39430	-0,35617881050118216
39440	-0,037533020122870964	39440	-0,086426446658786057	39440	119,99816920617732	39440	-0,34528097358122989
39450	-0,040722349057968725	39450	-0,085656721457700341	39450	119,99790391977044	39450	0,076457445162413443
39460	-0,042404488729420535	39460	-0,074143865491043529	39460	120,00266341632364	39460	0,43103042808595193
39470	-0,03265013343663839	39470	-0,075907792259527762	39470	119,99982456993389	39470	0,39475433560675266
39480	-0,040160458756452473	39480	-0,082913987836639808	39480	120,00015237764606	39480	-0,7411834405913722
39490	-0,024858732350611843	39490	-0,077566354843463331	39490	120,00075934701198	39490	0,9602759403797716
39500	-0,036633647079532837	39500	-0,073609186293386558	39500	120,00186997026772	39500	0,20252892102023862
39510	-0,027749081469159321	39510	-0,092807273367573648	39510	119,99889086548009	39510	-0,8730212428525318
39520	-0,029017070595986943	39520	-0,078266325327262437	39520	119,99975656090724	39520	0,23450037481216246
39530	-0,0397804968173898	39530	-0,083245351045638433	39530	120,00049175731193	39530	0,85061718734752489
39540	-0,035369104416065389	39540	-0,081386813054198384	39540	120,00050921016539	39540	-0,57623676149783176
39550	-0,039101094626995313	39550	-0,093746557865492	39550	119,99669676220158	39550	-0,36275250400166903
39560	-0,035073751434661134	39560	-0,080539801770205088	39560	120,00182326863785	39560	0,26299340236082097
39570	-0,055992751696343587	39570	-0,0788221359100896	39570	120,00025874033986	39570	-0,11238773074204025
39580	-0,054034796734612082	39580	-0,070963277934021685	39580	120,00513703299902	39580	1,1933150450162784
39590	-0,036575509211553829	39590	-0,070955745660022218	39590	120,0019328476495	39590	0,42834519575163787
39600	-0,034741609333825106	39600	-0,079516828990188332	39600	120,00032701209788	39600	-0,4642407311182446
39610	-0,039901710315952271	39610	-0,083501004639183446	39610	120,0003828613975	39610	-0,038137156609587768
39620	-0,02350136462408612	39620	-0,08578130674472452	39620	119,99809833158582	39620	-0,3954664575330209
39630	-0,023041501905207228	39630	-0,092974654364078771	39630	120,00028031445034	39630	-0,26351496690598253
39640	-0,050256876028566565	39640	-0,085002579710117626	39640	120,00001421290523	39640	1,3072661712970555
39650	-0,0398592412952486	39650	-0,077249523894617186	39650	120,00066537513986	39650	0,33746202061006236
39660	-0,037989844736617179	39660	-0,077864211928100613	39660	120,00239888509827	39660	0,19609508866960396
39670	-0,034032799276673478	39670	-0,089242032844831121	39670	119,99921285525258	39670	-0,63692517348573208
39680	-0,02262248427256975	39680	-0,084261960793987442	39680	119,99870088878288	39680	0,2292170137701855
39690	-0,039957787919573884	39690	-0,080546273909323576	39690	119,99768510840839	39690	-0,021154773127481818
39700	-0,032033108860673627	39700	-0,086408228987215868	39700	119,99822561700819	39700	-0,90100977291614637
39710	-0,022452976140915015	39710	-0,088332329135430335	39710	119,99906054596922	39710	0,15373525363242044
39720	-0,042698187239160343	39720	-0,076900342392800636	39720	120,00160494267713	39720	0,97732142637508879
39730	-0,021898471675821221	39730	-0,080517996233495953	39730	120,00089328503293	39730	0,00011774132898248468
39740	-0,043040760439536814	39740	-0,076320807626441722	39740	120,00419387337622	39740	1,2393924435906745
39750	-0,043113692875451026	39750	-0,072079652965396285	39750	120,00138834621249	39750	0,42880344772514067
39760	-0,021295954980776147	39760	-0,082619196753938126	39760	120,00044496196311	39760	0,47685124149532881
39770	-0,030686603682230609	39770	-0,094826071568046719	39770	119,9957270695991	39770	-0,25958945193858379
39780	-0,053816798472283996	39780	-0,075259217334296483	39780	119,99981253567314	39780	-0,39525063597422777
39790	-0,021052830925890005	39790	-0,085960712767551586	39790	119,99968412765232	39790	0,53033345020978728
39800	-0,018974457531764841	39800	-0,081578056125504284	39800	119,99941310267667	39800	-0,44151348531984469
39810	-0,032652810880220769	39810	-0,0800807499715571	39810	120,00355968525287	39810	0,881862918278894
39820	-0,043477642911705056	39820	-0,081363284482287357	39820	119,99789530839868	39820	-0,088481570509609336
39830	-0,033114559545414313	39830	-0,085664569718695543	39830	119,99953602531902	39830	-0,38470443922891862
39840	-0,036499098212919412	39840	-0,078912501091575091	39840	120,0010615993689	39840	0,31771074411437045
39850	-0,030512405142210864	39850	-0,091471107792406567	39850	119,99693676068121	39850	-1,2993489805899259
39860	-0,030804202895566735	39860	-0,080116034598352051	39860	120,00204586794125	39860	0,50895547769361182
39870	-0,037889707518684486	39870	-0,086369143805728993	39870	119,99930851746181	39870	0,75710309853823943
39880	-0,032176049906480722	39880	-0,08048583639191953	39880	120,0007571844825	39880	-0,58948009088052566
39890	-0,032315550016395106	39890	-0,086152814663359736	39890	119,99985980171978	39890	0,52058780656658965
39900	-0,038999475667049963	39900	-0,079789930312111457	39900	120,00036638204711	39900	0,14883265258879366
39910	-0,039184704170422219	39910	-0,07862625020212223	39910	120,00000883149109	39910	-0,52368313108918674
39920	-0,03448877433401791	39920	-0,096004212411018711	39920	119,99427740087334	39920	-1,2376331010880137
39930	-0,030902469352927436	39930	-0,077119424124156191	39930	120,0016392390053	39930	-0,008503735831951742
39940	-0,0406503599190488	39940	-0,058515263741274332	39940	120,00452071897223	39940	0,95153741194191888
39950	-0,04796057662767373	39950	-0,0763354876206691	39950	120,00092890272534	39950	0,46816651528915626
39960	-0,016087781856470564	39960	-0,081090171163621508	39960	120,00003954882834	39960	-0,039601278541587237
39970	-0,037236579600214349	39970	-0,083799386006493087	39970	120,0013725700032	39970	-0,29674149858102689
39980	-0,036434482742339104	39980	-0,10356042954062801	39980	119,99533109644374	39980	-1,0396958091532804
39990	-0,047428416778703152	39990	-0,079103076083865617	39990	120,00094913797143	39990	0,23501295598714261
40000	-0,041482980107598086	40000	-0,0839994483605068	40000	119,99899787817846	40000	0,2849232773882992
40010	-0,043379517732159041	40010	-0,065210210735376264	40010	120,00400161413384	40010	1,9775665851464865
40020	-0,04150787873338381	40020	-0,072095922863503109	40020	120,00091512545195	40020	0,71788976422704542
40030	-0,03381096341002119	40030	-0,080722509202683812	40030	120,00052505558136	40030	0,11538288684824782
40040	-0,026518861327434411	40040	-0,077043193617829159	40040	120,00122767301012	40040	0,2311395648175415
40050	-0,033418187142240909	40050	-0,070554006162781582	40050	119,99980372295549	40050	0,19782208109021532
40060	-0,019013220380450526	40060	-0,075540588802671033	40060	120,0002369799119	40060	0,067977207071132417
40070	-0,034239589091865578	40070	-0,0686395584035065	40070	120,00266711547874	40070	1,0688275528192857
40080	-0,028373896058655621	40080	-0,079844523091189418	40080	119,99902166483443	40080	-0,44848465554275624
40090	-0,059802646868656759	40090	-0,096352004984579215	40090	119,99814926250228	40090	-0,12371759646367753
40100	-0,02672902032506504	40100	-0,084098426839829377	40100	119,99648910094517	40100	-2,0179786438930809
40110	-0,025493456482426086	40110	-0,077821910964331359	40110	120,00104927714787	40110	0,26647012535936632
40120	-0,0418418310844452	40120	-0,084950140118480288	40120	119,99815446865806	40120	0,46788708088585595
40130	-0,034419449638443393	40130	-0,084968883760115355	40130	120,00075588303618	40130	-1,5850518152305333
40140	-0,033527798182492081	40140	-0,093528068920444879	40140	119,99912892771393	40140	0,77259554806727726
40150	-0,036757169705827174	40150	-0,073852439994045477	40150	120,00058984438329	40150	0,43468970382768246
40160	-0,033722603452324883	40160	-0,081286559471431555	40160	120,00228751941479	40160	-0,38120620348146039
40170	-0,04135896616190407	40170	-0,080714703346069089	40170	119,9993101900802	40170	-0,556460923639686
40180	-0,014179520766172661	40180	-0,08886597952018363	40180	119,99807970171811	40180	-0,55440250673234592
40190	-0,024524732686031021	40190	-0,069804169589886056	40190	120,00432516489543	40190	1,3736715281162852
40200	-0,040674204486263	40200	-0,081566103687047961	40200	120,00034878187746	40200	-0,60139971193045338
40210	-0,03462630505139333	40210	-0,089137313836689977	40210	120,00231694199616	40210	0,34162250153081231
40220	-0,036134262305969875	40220	-0,084630017433669	40220	119,99951325792488	40220	0,44742517536892651
40230	-0,037348762759034079	40230	-0,077025527747314623	40230	120,00048734955031	40230	0,027585250977933296
40240	-0,036876786615806768	40240	-0,077118383604037943	40240	120,00147778031378	40240	0,87227209755891688
40250	-0,029206762661953385	40250	-0,070320431967970443	40250	120,00285868345303	40250	0,895827682474927
40260	-0,036304657478683618	40260	-0,065269564881398234	40260	120,00451185807457	40260	0,970690239753172
40270	-0,042128781077775006	40270	-0,088488538906892775	40270	119,9987513052466	40270	-0,14570886373812031
40280	-0,033079035873771839	40280	-0,082685637280560026	40280	119,99985081886588	40280	-0,2870886780360718
40290	-0,020159267980355583	40290	-0,084609107919949217	40290	120,00032341632657	40290	0,62768837022279378
40300	-0,038386353007685482	40300	-0,089045219776782883	40300	119,99635155395777	40300	-0,81496272772034684
40310	-0,046737745441088191	40310	-0,0905571513933974	40310	120,00084695854972	40310	0,48626294212665755
40320	-0,0363157289581495	40320	-0,086943372467100863	40320	119,99783500395692	40320	0,36720136292545213
40330	-0,03334684273682402	40330	-0,065844969964992908	40330	120,0030784747285	40330	0,0036167505493738816
40340	-0,0176071833626	40340	-0,0880924531381976	40340	119,99887462477823	40340	0,18039421950729506
40350	-0,034777758789454376	40350	-0,079015245181685456	40350	120,00007065942816	40350	-0,29422856423254151
40360	-0,022155434144659363	40360	-0,072888136710506646	40360	120,0015819962573	40360	0,89425784866634739
40370	-0,0336108690185187	40370	-0,076942108497706385	40370	119,99995010439902	40370	-0,093039122812989122
40380	-0,030032099759127847	40380	-0,092192116622073439	40380	119,99730492789153	40380	-0,61591079752679434
40390	-0,034052721915399528	40390	-0,093895282164814423	40390	119,99771306693165	40390	0,19136339518150539
40400	-0,031402690957440138	40400	-0,08837412405982055	40400	119,99820121522068	40400	-0,92966368890300344
40410	-0,036719728070129645	40410	-0,060002916006818265	40410	120,00624241846305	40410	1,332558773029475
40420	-0,01420187537841123	40420	-0,089104825733514	40420	119,99939815821288	40420	-0,0083056576737526866
40430	-0,024447592512687494	40430	-0,085227340569781485	40430	119,99987673993412	40430	-1,7690064694249279
40440	-0,011392901887070553	40440	-0,090943162532499275	40440	119,99729848068276	40440	-0,240244883208117
40450	-0,039427207173625835	40450	-0,082919686480389512	40450	119,99765533816144	40450	-0,13039582021600435
40460	-0,021964248738797831	40460	-0,088578596035883181	40460	119,99920380242226	40460	-0,29025999800111763
40470	-0,039978959459850867	40470	-0,0863416722782902	40470	119,99811482216262	40470	0,083775338683124256
40480	-0,031793725506694924	40480	-0,08356509277513631	40480	120,00061653768425	40480	0,6073228787970355
40490	-0,040268986655120784	40490	-0,088672766715291285	40490	119,99851606405093	40490	0,39451974164318349
40500	-0,042117253065335487	40500	-0,078866832078972993	40500	120,00130408474112	40500	0,95101053550327719
40510	-0,030575577655804851	40510	-0,0760287701229014	40510	120,00337197196375	40510	0,55197456612329643
40520	-0,042548129249226754	40520	-0,087109189858188454	40520	119,99936201168424	40520	-0,24360079046937183
40530	-0,02827976951593552	40530	-0,0758824240829789	40530	120,00189014239194	40530	0,24298155508756653
40540	-0,031941003215718564	40540	-0,070775618406941951	40540	120,00248375687059	40540	0,971809175318643
40550	-0,041830706194253955	40550	-0,0737819829829045	40550	120,00084834845613	40550	-0,17524084700373224
40560	-0,025671962240140716	40560	-0,076798123148052774	40560	120,00164560002597	40560	0,051144283538191587
40570	-0,033327003037712077	40570	-0,087877199520377425	40570	119,99766295061524	40570	0,10353394996248472
40580	-0,036150893977879767	40580	-0,07890521760765444	40580	120,00267213479718	40580	0,46798817372407375
40590	-0,039331941635544841	40590	-0,0871841684685434	40590	119,99909134084975	40590	0,47914595929663317
40600	-0,02949555568827435	40600	-0,089387640986300185	40600	119,99831291521247	40600	-0,65736464111658388
40610	-0,038094226540940045	40610	-0,090692725960200088	40610	119,99917366249211	40610	-0,28543597701030987
40620	-0,043637471812872808	40620	-0,081596331339382419	40620	120,00051782538509	40620	0,6251670327529808
40630	-0,038930156822000912	40630	-0,090534667231039229	40630	119,99794404559906	40630	-0,15877324496336509
40640	-0,035892682503237482	40640	-0,086246522066678946	40640	119,99945044552547	40640	0,69954988745256208
40650	-0,02721787831942871	40650	-0,090987524044257348	40650	119,9973844511444	40650	-0,44845077535472827
40660	-0,033697251830651517	40660	-0,078468723824202155	40660	120,00098517313016	40660	-0,23389176015029689
40670	-0,033018726202977633	40670	-0,07464315135370389	40670	120,0026588341681	40670	0,82690067825873093
40680	-0,050554468511151536	40680	-0,07241719716690509	40680	120,00369192003056	40680	0,2852470432598333
40690	-0,036446360259304922	40690	-0,082650312169503484	40690	120,00052897507406	40690	0,0969870117822777
40700	-0,038868724466746753	40700	-0,076822763651247017	40700	119,9997746411227	40700	-0,6227759760362237
40710	-0,032962067082715887	40710	-0,076319919396729	40710	120,00068228646563	40710	0,041134811670124366
40720	-0,027559953590679566	40720	-0,0867878291426117	40720	119,99600388030117	40720	-0,54521463957464744
40730	-0,025780052539542537	40730	-0,10312239223325864	40730	119,99696213660667	40730	-1,7055060142021878
40740	-0,022240685997612905	40740	-0,079627028413341031	40740	120,00073307798543	40740	0,35708011822605523
40750	-0,04004243887640576	40750	-0,094769024833566057	40750	119,99821205606857	40750	-1,0648621436289163
40760	-0,028175662505773639	40760	-0,082404017833472662	40760	120,00013869412518	40760	0,4978849499995826
40770	-0,03494534316604863	40770	-0,086141074643526619	40770	119,99796251703441	40770	-0,055045122104617095
40780	-0,045568448425853281	40780	-0,081682234686161939	40780	120,00119898848406	40780	0,14612330994756403
40790	-0,019246641792736406	40790	-0,073560936321694151	40790	119,99984542226686	40790	0,8407174621853718
40800	-0,024521927524527871	40800	-0,10188416282068531	40800	119,99375936092413	40800	-2,2229456321169123
40810	-0,037725817493616504	40810	-0,071171665845098542	40810	120,00354777355381	40810	0,95435504064206433
40820	-0,030526423680785984	40820	-0,06788948134206535	40820	120,0025891416019	40820	0,26834291982439384
40830	-0,043018875659162764	40830	-0,080656589090882386	40830	120,00074278499648	40830	-0,556748307079421
40840	-0,042649151642979527	40840	-0,0857974412109815	40840	120,0002629871628	40840	-0,42397020266832736
40850	-0,034738203828629036	40850	-0,089135372987808381	40850	119,99673368570477	40850	-0,9857097298341948
40860	-0,013085846922085863	40860	-0,079654016853299661	40860	119,99987012891994	40860	-0,024567586544444076
40870	-0,038461343476582914	40870	-0,079789139084711108	40870	120,00060273384625	40870	0,058721801226467418
40880	-0,03760053071165325	40880	-0,075200289835955919	40880	120,00073931796938	40880	0,74261860717103734
40890	-0,027382480888578396	40890	-0,081381426845464677	40890	119,9987383453232	40890	1,4449484908875667
40900	-0,03219009327090714	40900	-0,082067739969867673	40900	120,00004766057538	40900	-0,56501099673524058
40910	-0,037678634108134657	40910	-0,088200966532492278	40910	120,00141477050757	40910	-0,37569994753837377
40920	-0,035500097238905237	40920	-0,087748517961690212	40920	119,99761420564532	40920	-0,086211704434856484
40930	-0,047784840700211349	40930	-0,081894155710645067	40930	119,99984071564944	40930	0,0025495978651369211
40940	-0,033738182784104613	40940	-0,07762071671696337	40940	120,00118081650956	40940	0,6464284316759612
40950	-0,040416645743350632	40950	-0,0772827284673682	40950	120,0007115406237	40950	-0,3477646130553998
40960	-0,044514780294433523	40960	-0,078176294473910793	40960	120,00086416539955	40960	0,15098348555608165
40970	-0,03940822706493248	40970	-0,077883355692868556	40970	120,00015509948391	40970	-0,74646472967711786
40980	-0,043636363699953752	40980	-0,077429839182813459	40980	119,99990761332052	40980	0,084618034956484345
40990	-0,02866723443592975	40990	-0,079555795441452484	40990	120,00087529573943	40990	0,37470170929807134
41000	-0,017616223955265024	41000	-0,091249659543965966	41000	119,99517142902471	41000	-1,4041360049786078
41010	-0,022889594070045278	41010	-0,080100312148945765	41010	120,00349069806714	41010	1,1126072937555929
41020	-0,041622962351865	41020	-0,079445155292172678	41020	119,99912182573594	41020	0,4832194661277151
41030	-0,02535262390095485	41030	-0,0742339891252621	41030	120,0011165679263	41030	-0,94820432687232925
41040	-0,034471318223067191	41040	-0,08594696798453702	41040	119,99913586427549	41040	0,45391019537707977
41050	-0,044486100409297145	41050	-0,084573956497893635	41050	119,99815981601122	41050	-0,42793410497555384
41060	-0,026792705714378369	41060	-0,072012684501517363	41060	120,00371460432919	41060	0,29690356842994187
41070	-0,037390056787126091	41070	-0,082849283265634246	41070	119,99843875748132	41070	0,084003054819703216
41080	-0,042235932556040121	41080	-0,080534343590811172	41080	120,00203504590694	41080	0,090755995449379484
41090	-0,036471950093511937	41090	-0,081586278197489231	41090	120,00036344794312	41090	-0,14190566947317468
41100	-0,042238501625984949	41100	-0,077031566338241875	41100	120,00127624307636	41100	-0,13347099751038355
41110	-0,034440666710535479	41110	-0,081887655204360074	41110	119,99876221871021	41110	0,08505529833335107
41120	-0,042768042227861847	41120	-0,087421130061422769	41120	119,99720305319504	41120	-0,17744275386138336
41130	-0,015388486192790546	41130	-0,075749655699267351	41130	120,0005501604641	41130	-0,23992165686128508
41140	-0,028122497965467064	41140	-0,091224018469956175	41140	119,99782867859798	41140	0,48701067874626247
41150	-0,035323672033398756	41150	-0,080848738321077043	41150	119,99858534366435	41150	-0,69334042492609782
41160	-0,04600536467891618	41160	-0,081348559754827646	41160	120,00126561778792	41160	-0,23845606129688687
41170	-0,030628883348386204	41170	-0,07471204213164763	41170	120,00063805420703	41170	0,061579907683484425
41180	-0,024159528814713664	41180	-0,073934541613263488	41180	120,00204330703824	41180	-0,26571856109517439
41190	-0,02388838320367136	41190	-0,089216216303099144	41190	119,99814733798317	41190	-0,720619553690531
41200	-0,034456967798904226	41200	-0,079457248619854023	41200	119,99891115193954	41200	-0,31664068782182947
41210	-0,0322761262904223	41210	-0,079341769528658776	41210	120,00156184828855	41210	0,33823580590031821
41220	-0,031981424072299779	41220	-0,086480244232821038	41220	119,9967932795942	41220	0,011889116799164323
41230	-0,044043720709800879	41230	-0,075213158202737759	41230	120,00217783774812	41230	0,11800034618279121
41240	-0,015977132594353762	41240	-0,090419978159175893	41240	119,99770918105365	41240	-0,48515262270383236
41250	-0,029788716507519946	41250	-0,077895093924410047	41250	119,99914479741592	41250	-0,66889846508299566
41260	-0,0235387836459472	41260	-0,086706502629683949	41260	120,00001370022034	41260	0,18917922719285735
41270	-0,034606797886410266	41270	-0,066725244703879277	41270	120,00328795235957	41270	0,54416410907576851
41280	-0,02884977028980867	41280	-0,079635427812522488	41280	120,00064805656673	41280	-0,19999059865143631
41290	-0,03591977892806604	41290	-0,086492170204765739	41290	119,99927111227443	41290	0,36602443995934869
41300	-0,048543222657831717	41300	-0,080836173912599979	41300	120,00092969263427	41300	0,026419127934547829
41310	-0,036879510306640745	41310	-0,080218535898640614	41310	120,00049781767024	41310	0,38883635009712708
41320	-0,034045983574545913	41320	-0,080524588596303376	41320	119,99914621042744	41320	-0,038148156243370576
41330	-0,030124231441417848	41330	-0,079201934953970682	41330	120,00021477334624	41330	-0,09375764685916399
41340	-0,028672748718561729	41340	-0,071300575210738085	41340	120,00258541077747	41340	1,1848350990721457
41350	-0,029419874441977342	41350	-0,0748470029080802	41350	120,00280957106142	41350	1,354313005681256
41360	-0,023219717602517904	41360	-0,087161341861980532	41360	119,99935744186934	41360	0,39195664551565906
41370	-0,027511762486927334	41370	-0,088288747767141088	41370	119,99801185821369	41370	-0,72639312941667078
41380	-0,028316376433471412	41380	-0,07979907627363568	41380	120,00181723179632	41380	0,11819298404322906
41390	-0,049629410289150161	41390	-0,077981972640249086	41390	120,00238468557961	41390	0,37196865082404645
41400	-0,031923263374526979	41400	-0,075852905935001033	41400	120,00030878202091	41400	-0,69113659271950456
41410	-0,035761006588175638	41410	-0,0695512645614977	41410	120,00345496596663	41410	0,889217778280412
41420	-0,03473352393823257	41420	-0,071495378470081417	41420	120,00061209091379	41420	-0,41846813035000829
41430	-0,036361044775113871	41430	-0,0813837511020921	41430	120,00058156216518	41430	-1,1158350845694476
41440	-0,042001193850262	41440	-0,080594383116057863	41440	120,00149164717827	41440	0,364168464984312
41450	-0,042655641581279415	41450	-0,082464016669394735	41450	119,99595865023611	41450	-0,39786961437393242
41460	-0,022635571061361985	41460	-0,086305179617550659	41460	119,99621515560045	41460	-0,605466134266007
41470	-0,017949504666093252	41470	-0,10520255400285006	41470	119,99092527810271	41470	-1,9463864642412183
41480	-0,036938238483575719	41480	-0,085110057496013983	41480	119,99956983376474	41480	-0,65133931253892841
41490	-0,025574350785467766	41490	-0,0789971618264718	41490	120,00016731899686	41490	0,65716251101958911
41500	-0,044861376301582712	41500	-0,078707783080128144	41500	120,00130149501899	41500	0,46403859186333257
41510	-0,014897795478218248	41510	-0,089053197859395208	41510	120,00033050207414	41510	-0,42227225974350346
41520	-0,015655407310965985	41520	-0,084813524302629825	41520	119,99818385849459	41520	-0,297725566448923
41530	-0,036965762287679595	41530	-0,077045666065401738	41530	120,00305353863804	41530	-0,69153459707145482
41540	-0,0368118392408279	41540	-0,087321643000535437	41540	120,00033576949726	41540	0,080596910339603478
41550	-0,054341414600389458	41550	-0,077375355772839841	41550	120,00116142730448	41550	-0,25159655522745927
41560	-0,020566392951027513	41560	-0,082658849704945789	41560	120,00181268755314	41560	0,020646992061849445
41570	-0,046762371784686681	41570	-0,079987082714839314	41570	119,99763446707942	41570	-0,2933825755870958
41580	-0,027712952373665157	41580	-0,0772837015607378	41580	120,00005770876085	41580	-0,30077435862630553
41590	-0,03597631000384309	41590	-0,082187543552044565	41590	119,99887572412175	41590	0,037289418218975912
41600	-0,027380295268291447	41600	-0,095867350678692523	41600	119,99669932215195	41600	-1,0952842175007038
41610	-0,035636212145029295	41610	-0,085124125878492676	41610	119,99885059429919	41610	0,55741680665194437
41620	-0,033832444847512591	41620	-0,083994118113191921	41620	119,99787786475075	41620	-0,48997115657956014
41630	-0,030949326023521826	41630	-0,078672336075098492	41630	119,99981640462225	41630	0,23698626840702608
41640	-0,030261307696620811	41640	-0,086133909960943431	41640	119,99973778005909	41640	0,089259447358056826
41650	-0,037260100799712016	41650	-0,079025596816458085	41650	119,99928208965241	41650	-0,43904472506425452
41660	-0,038629365186795495	41660	-0,085829596059362814	41660	120,00215211470754	41660	-0,2840115859318163
41670	-0,036610892963235081	41670	-0,081805681923092968	41670	120,00051705194558	41670	0,55623240728659662
41680	-0,05591227647038121	41680	-0,070573502823672155	41680	120,00063520724206	41680	-0,51851824538240887
41690	-0,027295416407073843	41690	-0,074881797782063109	41690	120,00065544182644	41690	-0,11790229435510063
41700	-0,043498384875432304	41700	-0,086183194295624169	41700	120,00000262029775	41700	0,18409862524260753
41710	-0,032478077401266431	41710	-0,085636764986991978	41710	120,00263066765369	41710	0,27359332502694744
41720	-0,028956690295722898	41720	-0,077873785850109165	41720	119,99778544209609	41720	-0,66362109669678393
41730	-0,029731183816450162	41730	-0,07541728407302771	41730	120,00084070062987	41730	0,15436770272066103
41740	-0,040258378299640463	41740	-0,084079736263046961	41740	119,9972729922916	41740	-0,25887793801211867
41750	-0,0411946489030801	41750	-0,084493144681995744	41750	119,99996580235963	41750	0,38149936919862792
41760	-0,023200506019532507	41760	-0,081519190561645069	41760	120,00016034084646	41760	0,37245984166369467
41770	-0,034464902017780158	41770	-0,087455002425866152	41770	119,99801234720323	41770	0,24276221671695003
41780	-0,041415855588723731	41780	-0,090289673071369633	41780	119,99960392801889	41780	-0,43612251896812748
41790	-0,036143456120684564	41790	-0,0877506146266689	41790	119,99927552323317	41790	0,67758041090767052
41800	-0,037258571920110804	41800	-0,064887677715002437	41800	120,00316085392302	41800	0,60913757458733642
41810	-0,029395715966778153	41810	-0,079274319616103053	41810	120,00151331890319	41810	0,58525708492585438
41820	-0,02011402718260303	41820	-0,08600615654048685	41820	119,9965833022702	41820	-0,53957499475301152
41830	-0,0418113894265817	41830	-0,0687179613889842	41830	120,0036875084123	41830	0,91018483986534415
41840	-0,032260782899601152	41840	-0,073524249914327072	41840	120,00028089924139	41840	0,50821884558862573
41850	-0,042608144859831013	41850	-0,073451504739536308	41850	120,0026502212321	41850	-0,068872061615950553
41860	-0,018030828278824258	41860	-0,079268217953378725	41860	120,00105144608823	41860	0,50430223814124986
41870	-0,040192639390167081	41870	-0,081881545301684872	41870	119,99892524225452	41870	0,037005799030729876
41880	-0,04858452876009025	41880	-0,0806832441061406	41880	120,00066495776424	41880	0,067478786986449518
41890	-0,0387968474862453	41890	-0,088621273319746591	41890	119,99862939671323	41890	0,16402953737660148
41900	-0,028892298214924454	41900	-0,07687398991665105	41900	120,00053578841362	41900	-0,44462426794213439
41910	-0,025643367370436924	41910	-0,078251175545564433	41910	120,00017289718292	41910	0,48659362475580231
41920	-0,031753659121067292	41920	-0,0733030429243956	41920	120,00043064801517	41920	0,8947127040325541
41930	-0,033202884787137385	41930	-0,085983878981241338	41930	119,99934899607315	41930	0,081964260719613019
41940	-0,034960873662400395	41940	-0,080086322927984455	41940	119,99883076713122	41940	1,0132480357168519
41950	-0,041513214817094454	41950	-0,089415541533099316	41950	119,9970878694255	41950	-0,12386952164703646
41960	-0,030881884861568704	41960	-0,07186164184270423	41960	120,00434612142087	41960	0,41061614045415973
41970	-0,02508035296575846	41970	-0,0792435899066517	41970	119,99823084964	41970	-0,44992125415220308
41980	-0,048646880040249155	41980	-0,0770377086949569	41980	120,00180126255837	41980	0,71291937306108766
41990	-0,031002672740294467	41990	-0,0731944656401463	41990	120,00158658653848	41990	0,094219453541265819
42000	-0,039395378686921778	42000	-0,075839373167381943	42000	120,00198897774247	42000	0,034977185255368359
42010	-0,034865985029934751	42010	-0,07355677467226529	42010	120,00358457982432	42010	0,27556628778799463
42020	-0,032557546360082124	42020	-0,08058495834421299	42020	119,99952588242506	42020	0,13099562312357438
42030	-0,04208226986960642	42030	-0,087505391793833029	42030	119,99691474859954	42030	-0,16533126764964495
42040	-0,04797659423034651	42040	-0,087900278076885247	42040	119,99801505750271	42040	0,03990921748659193
42050	-0,035624063252263215	42050	-0,081314504723483921	42050	119,99957962194283	42050	-0,74877721218099436
42060	-0,0253505809972194	42060	-0,08833877555912	42060	119,99983429873862	42060	-0,17434065370783997
42070	-0,022636626187860959	42070	-0,095976832289636577	42070	119,99518180020421	42070	-0,82125851747273249
42080	-0,046308685477293325	42080	-0,084958666603810157	42080	119,99882367331155	42080	-0,57500516955192038
42090	-0,026011175857856107	42090	-0,079557755991060936	42090	120,00114111195393	42090	0,59630887744133343
42100	-0,043293614273667014	42100	-0,0729473665949272	42100	120,00073745329584	42100	0,25068929470907586
42110	-0,037107861601274425	42110	-0,081042676526149868	42110	120,00071789054229	42110	0,44253862935699229
42120	-0,024249105016194553	42120	-0,095001398180143	42120	119,99778977413726	42120	-0,059384826455971096
42130	-0,025918442202181986	42130	-0,07389081858409402	42130	120,001546161946	42130	0,096141145318698523
42140	-0,028196471545563911	42140	-0,080176632737631773	42140	119,9993635142702	42140	-0,50205256358861616
42150	-0,040044820268633083	42150	-0,079486476366280243	42150	120,00048352008118	42150	0,66199516762538513
42160	-0,051907544291274921	42160	-0,077339648276191289	42160	120,00135083778201	42160	0,25681416300780358
42170	-0,038073216409548652	42170	-0,077218225856730965	42170	120,00015553305541	42170	0,32171988763572545
42180	-0,036225908299022773	42180	-0,096511569117043824	42180	119,9968429084872	42180	-1,2236904184226345
42190	-0,037318165155060687	42190	-0,073473219894300168	42190	120,00306377847156	42190	1,3637722326251598
42200	-0,048992498681074546	42200	-0,074029244809735759	42200	120,00199911373143	42200	0,65909692730744063
42210	-0,031007399793393807	42210	-0,09184047840345648	42210	119,99912381449978	42210	0,33057592078675213
42220	-0,03086411273844181	42220	-0,0821697585213014	42220	120,00090849771642	42220	-0,60248345977896678
42230	-0,036132487239977584	42230	-0,071359134246733152	42230	120,0027323669193	42230	-0,67023341238756484
42240	-0,041316063170937993	42240	-0,075127585023679958	42240	120,0012318567024	42240	-0,5134897590133034
42250	-0,049935415696558176	42250	-0,080539852626879849	42250	120,00008935398353	42250	0,54223069143547153
42260	-0,03524280025941097	42260	-0,081604635122320357	42260	120,00161025137254	42260	0,44379140145348234
42270	-0,038851009305079356	42270	-0,08095218865101	42270	119,99849167270777	42270	1,1596028902416178
42280	-0,024152909159895517	42280	-0,093458087111201987	42280	119,99611712961014	42280	-1,5963771071558466
42290	-0,038115805119770918	42290	-0,078489391950346252	42290	120,00026834334086	42290	0,72931854606867175
42300	-0,038806876079290481	42300	-0,086695376563286047	42300	119,99870148000973	42300	0,61137850718696751
42310	-0,026277074319760875	42310	-0,0929216367322889	42310	119,99908115361025	42310	-0,762358936894532
42320	-0,023086349822502794	42320	-0,094399247338271444	42320	119,9971027575607	42320	-0,58106059591230408
42330	-0,034990248015002966	42330	-0,067283324073612136	42330	120,00383957925794	42330	0,28823832824833939
42340	-0,036234437820963937	42340	-0,07390694310878633	42340	120,00200506219119	42340	0,12595641011151798
42350	-0,033363513784399605	42350	-0,090747251448444366	42350	119,99740824556648	42350	-0,70524244782194989
42360	-0,03342560179827378	42360	-0,078194537718330764	42360	120,00446253537893	42360	1,3607309430929289
42370	-0,019798246949696258	42370	-0,0788224711194172	42370	119,9997617829298	42370	0,7351366225703958
42380	-0,046774219982801568	42380	-0,082453840780120455	42380	120,00216127026795	42380	-0,16188657134011569
42390	-0,024683241879301803	42390	-0,0761124246572821	42390	120,0011415712506	42390	0,41121225500374659
42400	-0,03575979579484493	42400	-0,085609309866193528	42400	119,99822842174966	42400	-0,51314387454375054
42410	-0,032994325631534496	42410	-0,074370020675911044	42410	120,00221974108523	42410	0,96496991612709626
42420	-0,026178017225083224	42420	-0,091004564613531846	42420	119,99752768116906	42420	0,4551008564364491
42430	-0,039026762235928394	42430	-0,076050611723683326	42430	120,00155136611167	42430	0,82035791371875888
42440	-0,020326651758969843	42440	-0,083778541793585168	42440	119,99990468968676	42440	0,31723537989173556
42450	-0,030985165527274042	42450	-0,083864312607484032	42450	119,99949668779036	42450	-0,634224393628803
42460	-0,018778360802124965	42460	-0,089348375059030441	42460	119,99859577931282	42460	-0,47486613109305409
42470	-0,047351165562569943	42470	-0,080916317643621019	42470	119,99964658660146	42470	0,033684435564895365
42480	-0,013918162551594941	42480	-0,080251119725236186	42480	119,99982994421676	42480	-0,028721260558282863
42490	-0,033767634204967568	42490	-0,0760139694335979	42490	120,00277291995644	42490	0,50587464887429867
42500	-0,039770024308518254	42500	-0,077571428606263731	42500	120,00146153649833	42500	0,31432236154685844
42510	-0,040162936324752055	42510	-0,085577110264720355	42510	120,00185982032969	42510	-0,11967182904822721
42520	-0,049251544375298731	42520	-0,074674353617105352	42520	120,00115254860404	42520	0,75728268194924886
42530	-0,034075331282480491	42530	-0,075133240294454867	42530	120,00033013732647	42530	-0,32316605198809389
42540	-0,029076005593078821	42540	-0,086399391113561846	42540	119,99716812490115	42540	-0,58238554562611478
42550	-0,029454750434628196	42550	-0,07739602952728554	42550	119,99891987662848	42550	0,60237684341854369
42560	-0,038660833567464255	42560	-0,081699302659728482	42560	120,00129974139875	42560	0,64404172625102307
42570	-0,019698709558258976	42570	-0,087857660793782155	42570	119,99805329795248	42570	-0,3076380125695965
42580	-0,033146973709690122	42580	-0,07877167423318461	42580	120,00129044614211	42580	0,011207678875880756
42590	-0,01872120958151403	42590	-0,0904159754788569	42590	119,99741384744885	42590	0,25217181298459568
42600	-0,03781281015158381	42600	-0,0853518567257727	42600	119,997396519284	42600	-0,66673460154807485
42610	-0,01572882445301084	42610	-0,0716276410492718	42610	120,00439755516587	42610	0,73742217777010466
42620	-0,039614702930925158	42620	-0,07632029647238868	42620	120,00043846042107	42620	0,63332346233277548
42630	-0,047501981409836087	42630	-0,08712459187746896	42630	120,00014429958857	42630	-0,85494758669613558
42640	-0,037190760839342529	42640	-0,078562562422402019	42640	120,00211816699462	42640	0,47059311209119337
42650	-0,035225091292468549	42650	-0,084318287766032285	42650	120,00061296349908	42650	-0,1523272261709985
42660	-0,034408840529084495	42660	-0,07268308657724433	42660	120,00099764311604	42660	0,01926524622987838
42670	-0,039896743558049272	42670	-0,084844478307235613	42670	119,99725446618365	42670	0,4314123526970276
42680	-0,03478248090980407	42680	-0,099838404308222925	42680	119,99737843864158	42680	-0,80982826681650644
42690	-0,037650326388006021	42690	-0,092034358461691154	42690	119,9983610186314	42690	-0,20600476249414154
42700	-0,034075923895501806	42700	-0,091004174888725017	42700	119,99728764923945	42700	-0,5257428990325842
42710	-0,025244514745344962	42710	-0,060105624796276867	42710	120,00788052751877	42710	1,7419926266933024
42720	-0,047188094437588084	42720	-0,078457905992786875	42720	119,99985146922452	42720	-0,17924805080849252
42730	-0,019250889235587487	42730	-0,0838764487350034	42730	119,99923915476425	42730	-0,73519950788512234
42740	-0,029996872740186427	42740	-0,077294040599094879	42740	120,00260681380802	42740	0,57694364642424345
42750	-0,035187394486062284	42750	-0,082155477787387687	42750	119,99881912037597	42750	-0,67009503388626512
42760	-0,03198686907542176	42760	-0,0751014469474205	42760	120,0025952847959	42760	0,11660626761398141
42770	-0,0390063955725957	42770	-0,081715187764433539	42770	119,99740798503299	42770	-0,35210430624292366
42780	-0,024245207142839505	42780	-0,089510782992011234	42780	119,99789939382936	42780	-0,65455837612794376
42790	-0,0418293567154218	42790	-0,075824563880022955	42790	120,00207737267594	42790	0,97378580272379811
42800	-0,037904696802311164	42800	-0,080767042390990848	42800	119,99812274774796	42800	-0,86505088085808968
42810	-0,033327581089243739	42810	-0,084443258394443152	42810	120,00279323850543	42810	1,5395881910249767
42820	-0,031967142764605529	42820	-0,087325006363588364	42820	119,99850479448631	42820	-1,1482077961909714
42830	-0,050894349895962566	42830	-0,089358911416873923	42830	120,00129838093781	42830	-0,525767904181072
42840	-0,039897483191831222	42840	-0,079207166889494057	42840	119,99991723974985	42840	-0,25678081153242649
42850	-0,031140768400073893	42850	-0,0859530922106874	42850	119,99814497888077	42850	-0,80185177305457145
42860	-0,021643396109146382	42860	-0,097357727838420824	42860	119,99759858697217	42860	-0,95499651906395944
42870	-0,044418073038131778	42870	-0,075383282346944039	42870	119,99887849978053	42870	0,44462217421544542
42880	-0,026512809226375139	42880	-0,09737210642293577	42880	119,99744086661961	42880	-0,71383912925660142
42890	-0,040092008010784955	42890	-0,089715107390257356	42890	119,99879077395237	42890	0,21066923295545625
42900	-0,028786219246219269	42900	-0,094567072728420409	42900	119,99459931966389	42900	-0,94986668541581665
42910	-0,023269979972078	42910	-0,074199439733576664	42910	120,00264673425203	42910	0,05465981250860924
42920	-0,039246550345183984	42920	-0,085729411371351288	42920	119,99913359916953	42920	-0,40908512238170525
42930	-0,03622311018562379	42930	-0,080924277219627277	42930	120,00226977657864	42930	0,11517239687376152
42940	-0,035515841232769421	42940	-0,088637324670681278	42940	119,99897645232609	42940	0,171037106895208
42950	-0,039248346961466986	42950	-0,0636789810124434	42950	120,0037872603648	42950	0,53981752020854223
42960	-0,029255982908440122	42960	-0,086912063177019147	42960	120,00095293146772	42960	0,36090165775278937
42970	-0,039226480487136665	42970	-0,095635723887752974	42970	119,99773426002587	42970	-0,427435406327213
42980	-0,030507587260042456	42980	-0,079229901405890008	42980	120,00023223155458	42980	-0,17638645958675236
42990	-0,030362961000675967	42990	-0,089406152435871564	42990	120,00040453572012	42990	-0,32754327632573893
43000	-0,034926499595933323	43000	-0,094446364292673154	43000	119,99539197993369	43000	-1,5766895383095971
43010	-0,034107922438046688	43010	-0,086410765955900679	43010	120,00025993386615	43010	0,69575894488593582
43020	-0,026103910551522138	43020	-0,088809599113963925	43020	119,99597934285387	43020	-0,6232237373440308
43030	-0,04471868270984173	43030	-0,074907769738531554	43030	120,0003002808098	43030	0,29922972342889709
43040	-0,051475500729086771	43040	-0,080693237012465377	43040	120,00132132015185	43040	0,43127405511169586
43050	-0,0221254694778308	43050	-0,082391982978485753	43050	119,99824961592191	43050	-0,8468765895216861
43060	-0,041362199055935918	43060	-0,07750034784288605	43060	120,00252968970702	43060	0,48635283224876891
43070	-0,037453449127846518	43070	-0,08439730393852185	43070	120,00068404980001	43070	0,12617813247801643
43080	-0,04053372308291292	43080	-0,08314678660010158	43080	120,00061124418961	43080	0,17405070496800507
43090	-0,0428895817013979	43090	-0,078763199400836648	43090	119,99919291930655	43090	-0,076384043186323164
43100	-0,046760571122415308	43100	-0,083166372724614079	43100	120,00015932389476	43100	0,0907791468035869
43110	-0,043134197550137213	43110	-0,076095111719139477	43110	120,00168695720929	43110	0,29750568927277915
43120	-0,026595929377453011	43120	-0,084836087487686979	43120	120,0002146400612	43120	-0,81138676369226859
43130	-0,0365490628516857	43130	-0,075898311561302875	43130	120,002026553539	43130	1,4120378335314947
43140	-0,025936216285963366	43140	-0,083006115147490928	43140	119,99868238902539	43140	-0,39646697636367978
43150	-0,038961730983402582	43150	-0,090627221925223156	43150	119,99653088629339	43150	-0,70461575335451276
43160	-0,025338965933694935	43160	-0,081305754447546508	43160	120,00064922171548	43160	0,35712796042552
43170	-0,021607755127821367	43170	-0,0866902829477892	43170	119,99898253440489	43170	-0,074895887549617166
43180	-0,046457569692387693	43180	-0,086870748203561179	43180	120,00089720580459	43180	-0,54770872349672817
43190	-0,03675471839765207	43190	-0,079209597648000687	43190	120,00329641714878	43190	-0,1129143511803658
43200	-0,038479150248322214	43200	-0,078268394416849407	43200	120,0007489967001	43200	0,044842623784321592
43210	-0,04564243988081338	43210	-0,085869244887954124	43210	119,99928587484293	43210	-0,291712970931828
43220	-0,033923825357326486	43220	-0,089206175234696955	43220	119,998936990161	43220	0,20149416410318763
43230	-0,032109727036405383	43230	-0,079350178846625055	43230	120,00241751479899	43230	-0,1370984672371493
43240	-0,024892990130146449	43240	-0,086807407225631586	43240	119,99970272815018	43240	0,70387429547287272
43250	-0,05074729215430538	43250	-0,081415394745806433	43250	120,00261134109657	43250	0,25835754889072171
43260	-0,018205819348573352	43260	-0,078115563510933683	43260	120,00161019260887	43260	0,51954898013235806
43270	-0,031847080295566821	43270	-0,092614161121090138	43270	119,99562351213758	43270	-0,23849019003648453
43280	-0,042657627410546906	43280	-0,078699640184366232	43280	119,99905925849686	43280	-0,51242127730555453
43290	-0,027352295400766106	43290	-0,081362798221261717	43290	119,99958387741172	43290	0,062043568835981333
43300	-0,047263524870971949	43300	-0,078374713186528167	43300	120,00103868103639	43300	0,12172811668695549
43310	-0,033426456798041175	43310	-0,077968402607216672	43310	120,001239173655	43310	1,1620020039982715
43320	-0,034071947572941838	43320	-0,08350746683546359	43320	120,00120044882735	43320	0,13483797793887076
43330	-0,039019475577058642	43330	-0,081834845758999325	43330	120,00040661641428	43330	-0,61121021528124364
43340	-0,02924291512096483	43340	-0,086116739581402008	43340	119,99920327967394	43340	-0,18174447065584931
43350	-0,01732653049545823	43350	-0,08832280915590611	43350	119,99749332416377	43350	-1,4862296341470722
43360	-0,03845722001676187	43360	-0,067234835765892176	43360	120,00649600472637	43360	1,4285316736269589
43370	-0,045952524936836277	43370	-0,081032998479376561	43370	120,0011336502082	43370	-0,51090444707954275
43380	-0,053084363371917909	43380	-0,084479046250776443	43380	119,99964858480497	43380	-1,0450414512378266
43390	-0,028482111631596859	43390	-0,091743039139272051	43390	119,99645844752979	43390	0,12057096332356099
43400	-0,02810363518045797	43400	-0,079559177391585731	43400	119,99814962217141	43400	-0,925712377058039
43410	-0,035296819658263257	43410	-0,0884802126564515	43410	119,99985635588133	43410	-0,72141912237875916
43420	-0,032862269017507856	43420	-0,0895132500985689	43420	119,99574682107281	43420	-0,97617941788148044
43430	-0,028468543118685529	43430	-0,077066210692443515	43430	119,99980387999337	43430	0,14791568733124649
43440	-0,014743349704064285	43440	-0,08429359110236688	43440	119,99897424083227	43440	0,02527937806901355
43450	-0,034088438149068853	43450	-0,086160491341747969	43450	119,99882934616259	43450	-0,77349572190367211
43460	-0,022962481746759252	43460	-0,1007269273992787	43460	119,99781767600676	43460	-0,086477272521255338
43470	-0,034494701699954194	43470	-0,0829188457347338	43470	119,99808501198896	43470	-0,28983746383648124
43480	-0,033270411398522728	43480	-0,085431259610161722	43480	120,00141112818665	43480	0,35283696670836462
43490	-0,023793783782799224	43490	-0,081838886393510724	43490	120,00003639950658	43490	0,38643893805426943
43500	-0,038764165742086257	43500	-0,0851347933333676	43500	120,00197875163818	43500	-0,58599098718031184
43510	-0,040252962667727821	43510	-0,066217352761816659	43510	120,00638651400288	43510	1,4515348571799436
43520	-0,063922507725281089	43520	-0,074005369103246843	43520	120,00275865054611	43520	0,88316083472677831
43530	-0,044787715692526507	43530	-0,082827314158870388	43530	120,00113548627077	43530	-0,65086213335266119
43540	-0,031002604915680111	43540	-0,076152194965692976	43540	120,00052798573711	43540	-0,16826562817531976
43550	-0,034078120759588923	43550	-0,075370677142690162	43550	119,99966772623732	43550	-0,46885784269574493
43560	-0,034605724479600329	43560	-0,0843554897650033	43560	119,99863550387643	43560	0,13340987926162273
43570	-0,026612181553663322	43570	-0,081438331444131276	43570	119,99796842390508	43570	0,011949078737188007
43580	-0,015444709626520463	43580	-0,093112955840374073	43580	119,99848776067508	43580	-0,36364704392415814
43590	-0,037019370410124076	43590	-0,080543518562119526	43590	119,99920666819338	43590	0,36505894627730995
43600	-0,042679242701762078	43600	-0,07061492348439509	43600	120,00224342933711	43600	0,27049719995621013
43610	-0,02985756718040871	43610	-0,085866108582494827	43610	119,99990048856355	43610	0,22677012297310042
43620	-0,031597605031020569	43620	-0,0767688473268675	43620	119,9993905872107	43620	-0,26649002213890027
43630	-0,03915235719166988	43630	-0,086575897889364165	43630	120,00038814612276	43630	-0,76564753309142086
43640	-0,03702721795540008	43640	-0,086038772607758454	43640	120,00128290606887	43640	0,42986515674761661
43650	-0,032975945022031813	43650	-0,081468656744393367	43650	120,00064582843798	43650	-0,630791778741228
43660	-0,029429342556789251	43660	-0,07184802512955335	43660	120,00301437599883	43660	1,0080108961985272
43670	-0,033307190855196088	43670	-0,074271613505083989	43670	120,00189880754786	43670	0,63811317211203611
43680	-0,038967738350774613	43680	-0,077825855624905557	43680	120,00138685181729	43680	-0,10801117512399411
43690	-0,038635458276817747	43690	-0,08014166383797694	43690	120,00122972946039	43690	0,48801525558945635
43700	-0,0370582328058858	43700	-0,077350628068610733	43700	119,99863455971125	43700	-0,21302537628860396
43710	-0,041902394344474715	43710	-0,08270828315474435	43710	119,99969057338832	43710	-0,34937451275712861
43720	-0,022301549705610494	43720	-0,084582757416731186	43720	119,99747383508772	43720	-0,19624144134617888
43730	-0,024416250061958574	43730	-0,077905831851198371	43730	120,00144993187458	43730	-0,22289438162623998
43740	-0,041513258063206437	43740	-0,086317496749245812	43740	119,99805455372845	43740	0,10631287253693666
43750	-0,037287533503610082	43750	-0,097534866354935537	43750	119,99612619672469	43750	-0,80302976742596888
43760	-0,035415842086985394	43760	-0,084755998836920726	43760	119,99945358878028	43760	0,12186546706345394
43770	-0,015386669336399348	43770	-0,08565698736493664	43770	119,99671203352099	43770	-0,30725328766901328
43780	-0,036572576517892294	43780	-0,085656099850510425	43780	120,00213208086544	43780	-0,33749331004111888
43790	-0,035426502541259335	43790	-0,079402966754767129	43790	119,99988816070066	43790	-0,22887308717924748
43800	-0,038657872174876387	43800	-0,075357639661929765	43800	120,00109882964313	43800	0,29251151069579756
43810	-0,025468691693776843	43810	-0,075571009936372321	43810	120,0020759468982	43810	0,050325639841973052
43820	-0,036120328597930441	43820	-0,080902824224976008	43820	120,00081804864762	43820	0,0660527965256203
43830	-0,044213581957934692	43830	-0,0817519409369711	43830	119,99847175370307	43830	-0,91018339818632377
43840	-0,029555031406717138	43840	-0,074707775785666827	43840	120,00290652273765	43840	1,0938022001684589
43850	-0,028553326161588632	43850	-0,077678813973147853	43850	120,00043188729963	43850	0,94551086511038351
43860	-0,02583880388730166	43860	-0,083754510960829628	43860	119,9997995270797	43860	0,22669632716838872
43870	-0,012729551748988792	43870	-0,095382962335292573	43870	119,99625988332237	43870	-0,15044444873856733
43880	-0,039855418449246983	43880	-0,070129248865116123	43880	120,00331410198267	43880	0,80525912333908867
43890	-0,021995981895224469	43890	-0,091941452207435909	43890	119,99751997258326	43890	-0,43843611589004983
43900	-0,028445550267433378	43900	-0,0856277679675129	43900	119,99877391459913	43900	0,24977950400874638
43910	-0,030510056675540298	43910	-0,074421711496179377	43910	120,00125361946304	43910	-0,60008396521432883
43920	-0,036693762892520673	43920	-0,0767733900518797	43920	120,00050889399223	43920	0,26646885041428892
43930	-0,032335821263424262	43930	-0,071816719086415931	43930	120,00319445210697	43930	0,82171469736616376
43940	-0,039486544885329808	43940	-0,092057705134764	43940	119,99675399545539	43940	0,12201251283383648
43950	-0,046449750992030421	43950	-0,070385524754757151	43950	120,00200934493594	43950	0,55855008967784092
43960	-0,020794040658937231	43960	-0,086921769697296161	43960	119,99946736376425	43960	-0,26889205026059892
43970	-0,039619856711124536	43970	-0,090198843764091263	43970	119,99951562330008	43970	-0,85297511415423821
43980	-0,022479762409233228	43980	-0,094985225074620455	43980	119,99929937657629	43980	-1,2540439841257094
43990	-0,035810880844878296	43990	-0,084782111579144656	43990	119,99982735767954	43990	-0,24123255538524729
44000	-0,042317803208982409	44000	-0,077261511751249276	44000	119,99919581654693	44000	0,41583694532699284
44010	-0,037627640814091146	44010	-0,086847332661216484	44010	120,00007121068062	44010	0,38838919869413757
44020	-0,021203767782179021	44020	-0,087928114643989516	44020	119,99834179873025	44020	-0,89822081454752456
44030	-0,029365334612669682	44030	-0,0755563179245122	44030	120,00218140954915	44030	0,17195734303550703
44040	-0,033074927652915212	44040	-0,0752855862383979	44040	120,00317263003439	44040	0,43213888046104332
44050	-0,043921976005294287	44050	-0,090129424120900192	44050	119,99746986272275	44050	-1,6811714596143734
44060	-0,033864954621129165	44060	-0,0872258234200811	44060	119,99994195265091	44060	-0,66371840226656975
44070	-0,0278646392028157	44070	-0,079837819359433224	44070	120,00011807952579	44070	1,3158426007229744
44080	-0,033254785445135951	44080	-0,065228333048572826	44080	120,0017471815836	44080	1,4462653101599856
44090	-0,01506835332774591	44090	-0,086378718956540784	44090	119,99862672228774	44090	0,11969071096876141
44100	-0,018201088848211529	44100	-0,071975413621516687	44100	120,00168271287694	44100	0,41776500378291914
44110	-0,03069924873732249	44110	-0,077980170349774253	44110	120,00214030282582	44110	0,57172290999810993
44120	-0,0253596089120855	44120	-0,0758981565538679	44120	120,00086628999074	44120	-0,079083148254904131
44130	-0,044297890734759954	44130	-0,0936372292323557	44130	119,9996629964691	44130	-0,79005692861803989
44140	-0,037877733642458646	44140	-0,078405533100092462	44140	120,00031295904182	44140	0,42168998225459503
44150	-0,03363386802351799	44150	-0,071505277791841848	44150	120,00123843009689	44150	0,18917401772888115
44160	-0,044018958440228996	44160	-0,077784745156434715	44160	120,0015237493547	44160	-0,16077860089331872
44170	-0,03617074928602447	44170	-0,086270654547821846	44170	119,99916884536935	44170	0,092003897783536515
44180	-0,052043079095347923	44180	-0,080038218739592965	44180	120,0006467986899	44180	0,1190011710365302
44190	-0,039647099912626972	44190	-0,08572421057392686	44190	120,00022062928014	44190	0,81104887550511418
44200	-0,037357639948790926	44200	-0,076697574501792362	44200	120,00074546397748	44200	0,70362420039043716
44210	-0,043147498585285708	44210	-0,084962815568906613	44210	119,99990071786446	44210	-0,13615870695070809
44220	-0,015472078548284309	44220	-0,088398381154854114	44220	119,99693058500681	44220	-0,5817959600788527
44230	-0,024832315676049616	44230	-0,077710233198440809	44230	119,99927492432592	44230	-0,11552466691442841
44240	-0,02646140217153465	44240	-0,078796719018208755	44240	120,00077343326689	44240	0,88679571881146213
44250	-0,043608651416401079	44250	-0,068095105273260556	44250	120,00397930739651	44250	0,30568555338520265
44260	-0,028452955308688035	44260	-0,0752618676504181	44260	120,00296522682586	44260	1,0192075348448273
44270	-0,043064341501976675	44270	-0,073347382232586328	44270	120,00112669786822	44270	0,77990119365588839
44280	-0,049513097423056714	44280	-0,076192044928085956	44280	120,00180040628315	44280	-0,48713501925289904
44290	-0,031178156401731716	44290	-0,073947097011577	44290	120,00269738233411	44290	0,80466270987489
44300	-0,044212711909402555	44300	-0,085972379957190842	44300	119,99706493864919	44300	-0,3857566496379502
44310	-0,051311410962956605	44310	-0,082922663607722838	44310	119,99906163857833	44310	0,026640995089965841
44320	-0,050810108360388885	44320	-0,071348850599795122	44320	120,00115198537247	44320	1,5701644465748368
44330	-0,035978537490671009	44330	-0,08586549625861771	44330	119,99993110679311	44330	-0,087735545922509317
44340	-0,033872088069997155	44340	-0,093595672133622118	44340	119,99995459923093	44340	0,30197894103068312
44350	-0,03469303238114569	44350	-0,083874645520037913	44350	119,99873779619557	44350	-0,42406692339495167
44360	-0,023685338500292898	44360	-0,072987746768536768	44360	120,0033422585211	44360	0,23371471690478529
44370	-0,019070850664067461	44370	-0,080820043359966676	44370	119,99977526020636	44370	-0,043569352932805019
44380	-0,030412579250677373	44380	-0,075192275943035833	44380	120,00199442908091	44380	0,083457124664748722
44390	-0,026494605010889578	44390	-0,085051918540680574	44390	120,00093640217028	44390	1,1927392385554194
44400	-0,022306847846979286	44400	-0,0811383109149744	44400	119,9976892714849	44400	-1,14656465977018
44410	-0,03598489359487065	44410	-0,08186697028632002	44410	120,00096327685404	44410	-0,056292564964901565
44420	-0,031824455995488915	44420	-0,082360450184264036	44420	119,99917375418536	44420	-0,67101268998792518
44430	-0,036495445092461554	44430	-0,10206635732486905	44430	119,99562283211007	44430	-1,5762531528832404
44440	-0,030702249904796381	44440	-0,083948064802995048	44440	119,99960034518828	44440	-0,54741683819840314
44450	-0,035498373253696668	44450	-0,084269327220210369	44450	119,99809927875262	44450	-0,59725852304049876
44460	-0,034463808052961016	44460	-0,061955263711739567	44460	120,00524350419858	44460	1,5939144347062075
44470	-0,051408162186459924	44470	-0,0884960937427609	44470	119,99763235367183	44470	-0,3713919782023507
44480	-0,031667398783749079	44480	-0,073147583704236088	44480	120,0028294793868	44480	0,0477691356112709
44490	-0,026880303264264896	44490	-0,080892004189953084	44490	119,99965301577817	44490	0,40771663198371411
44500	-0,040532159211886409	44500	-0,072162591591107147	44500	120,00192065784505	44500	0,999638913994964
44510	-0,027875330477059212	44510	-0,086454836380343167	44510	119,99891118536537	44510	-0,062296943548370676
44520	-0,034182089619833683	44520	-0,097572487943748509	44520	119,99565754005735	44520	-0,11991379072013719
44530	-0,030807514754564506	44530	-0,073753805887485049	44530	120,00308971497202	44530	0,87817133850997442
44540	-0,042465106882413083	44540	-0,088271632628266608	44540	119,99951803751993	44540	0,083812419017829556
44550	-0,038530213876599412	44550	-0,062096931103971062	44550	120,00297175098568	44550	-0,21450218551733113
44560	-0,035030673874255611	44560	-0,091299505743660511	44560	120,00021235200902	44560	0,068803455718075
44570	-0,0396028994917936	44570	-0,078532977343689012	44570	119,99929340877939	44570	-0,12286050977342422
44580	-0,018666100003632544	44580	-0,090809569689451558	44580	119,99744293478923	44580	-1,1342918494999545
44590	-0,0409528715088871	44590	-0,080147305452114279	44590	120,00117428424896	44590	0,34529113641774756
44600	-0,040933255334810147	44600	-0,0779379083014834	44600	119,99861370746292	44600	-0,40618451472446204
44610	-0,035700183778792	44610	-0,07957071425627317	44610	120,00212487770497	44610	0,17956781608039274
44620	-0,026311321808098035	44620	-0,088962197824179384	44620	119,99680321127481	44620	-0,37998423499961859
44630	-0,046211035598725816	44630	-0,086721346980994263	44630	119,99930491782918	44630	-0,29742775913725894
44640	-0,041310707434120075	44640	-0,06933134108192987	44640	120,00100365892949	44640	0,86476746785454162
44650	-0,027341253008516028	44650	-0,0745609924895314	44650	119,99980328235377	44650	-0,42473638343236525
44660	-0,0352898784858751	44660	-0,082273788631622491	44660	120,00141068215629	44660	0,018696933580059527
44670	-0,0416104190620939	44670	-0,085961385973889318	44670	119,99994184619709	44670	0,41647068807276111
44680	-0,044989904712511804	44680	-0,077865099874711061	44680	120,00196517823785	44680	-0,29394699804304081
44690	-0,052205294764523118	44690	-0,084337185940609821	44690	119,99986066893534	44690	0,90363899882374377
44700	-0,038794229285265429	44700	-0,082147290800242009	44700	119,99849830054346	44700	-0,11843207727018171
44710	-0,019482245661250768	44710	-0,080988650416336336	44710	119,99968385556991	44710	-0,090244508678815366
44720	-0,037406378195030905	44720	-0,084113088823456236	44720	119,99917388369056	44720	-0,25619094588589497
44730	-0,025367562535729624	44730	-0,066895544743957258	44730	120,00334359719967	44730	-0,29690064599700894
44740	-0,038084271724666947	44740	-0,077523247003710341	44740	120,00145552034233	44740	0,3936442922220792
44750	-0,040368061796037025	44750	-0,089312013077077368	44750	119,99681719255138	44750	-0,550647780160484
44760	-0,034521429550819008	44760	-0,077423750349770851	44760	120,00313998397803	44760	-0,68196334168354056
44770	-0,030299005381551471	44770	-0,084627738826302756	44770	119,99769974417264	44770	0,005750885025934474
44780	-0,028809171742393204	44780	-0,084488874913370191	44780	119,99933068542215	44780	-0,2723371535074719
44790	-0,034248498387132439	44790	-0,088064893153638718	44790	119,9991502522478	44790	0,11632071560716037
44800	-0,036786379969762431	44800	-0,075659947796748034	44800	120,00019263401772	44800	0,20660176778877537
44810	-0,026221510796082374	44810	-0,092734127866952468	44810	119,99944684947948	44810	-0,0069426242397216953
44820	-0,044650239896789339	44820	-0,07753978250430707	44820	120,00186326178915	44820	0,82210735523036083
44830	-0,035618090401706715	44830	-0,0763740258106244	44830	120,00133066220808	44830	0,09294872206295883
44840	-0,037495938635456035	44840	-0,080710684753100587	44840	119,99916256814966	44840	-0,23042868033348296
44850	-0,040796359982172979	44850	-0,075586001767972172	44850	120,00018776139555	44850	-0,95231930458801528
44860	-0,0236153565206987	44860	-0,077985848520657167	44860	120,00159681159302	44860	0,5720870379423858
44870	-0,037874348453242092	44870	-0,076051138801138077	44870	119,99878939084333	44870	0,613979696667968
44880	-0,018069973940882784	44880	-0,077993348544191252	44880	120,00078449132985	44880	-0,22322147908565199
44890	-0,037474277048664711	44890	-0,0891012383050604	44890	119,99975452082667	44890	0,0077655000460853385
44900	-0,028282994957320277	44900	-0,0765623508854355	44900	120,00005725592997	44900	-0,62916655344815431
44910	-0,016323904783569685	44910	-0,082747891926895231	44910	120,000445339008	44910	-0,47487821850569656
44920	-0,042628108871258591	44920	-0,084444705784935487	44920	119,99723277039975	44920	-0,49641571397043982
44930	-0,036184817889595	44930	-0,093769614116014491	44930	119,99852458805798	44930	-1,1191596557129548
44940	-0,040717946040539035	44940	-0,0793032322221271	44940	120,00053173458537	44940	1,0604606374238306
44950	-0,046250695520718234	44950	-0,080762551912238578	44950	119,998219316152	44950	-0,33771971402182488
44960	-0,034630817819612046	44960	-0,0839878592660772	44960	120,00265142694609	44960	0,39602106658877456
44970	-0,03358091216852821	44970	-0,089214589435896524	44970	119,99871202400551	44970	0,35047817522251362
44980	-0,042297523528298873	44980	-0,069958858528555365	44980	120,00321878138291	44980	0,28544510430101155
44990	-0,018216968212834618	44990	-0,083504755607707232	44990	119,99850836964941	44990	-0,41702199812506818
45000	-0,032074136201887669	45000	-0,073871845065640873	45000	120,00159166758698	45000	0,73662719914053454
45010	-0,034480826294286442	45010	-0,073568162177817281	45010	120,00406219909046	45010	0,80580479089159784
45020	-0,029011225921962702	45020	-0,091250868501834739	45020	119,99785441753619	45020	-0,31882605435730049
45030	-0,033115741772822144	45030	-0,0777964979505484	45030	120,00082090525227	45030	0,44197581654948215
45040	-0,029444217634992158	45040	-0,072442149064791392	45040	120,00336945907793	45040	0,77513911760846776
45050	-0,030160980954932956	45050	-0,079851498731071474	45050	119,9994033400595	45050	-0,51184515159538624
45060	-0,031580482334612005	45060	-0,074399391169368514	45060	120,00143336419906	45060	0,58000727091100635
45070	-0,04200387520773561	45070	-0,0794042254181773	45070	119,99750549501523	45070	0,34950666455849472
45080	-0,031526518075355094	45080	-0,066865984056826283	45080	120,00394433647456	45080	0,61067253693868251
45090	-0,044080052440180983	45090	-0,090110422906229962	45090	120,00020992164309	45090	0,61178256672422515
45100	-0,04144271919116458	45100	-0,10116289738123199	45100	119,9937061401217	45100	-2,0067945101174245
45110	-0,033494112838141771	45110	-0,074784415564894041	45110	120,00269575549777	45110	0,565961327032235
45120	-0,025214308396264005	45120	-0,089309169638161143	45120	119,99795523444001	45120	-0,25436377847933694
45130	-0,0093651022132868328	45130	-0,089358413637753209	45130	120,00041129244534	45130	-1,0713091299276984
45140	-0,038780281892144455	45140	-0,073867918815381711	45140	120,0008530032365	45140	0,82386493528323412
45150	-0,056835399039720923	45150	-0,07400837689878885	45150	119,99946808621094	45150	0,16366835360334459
45160	-0,021721279080998041	45160	-0,085112725947843235	45160	119,99748576306673	45160	-1,2140028690400464
45170	-0,040123202529457377	45170	-0,086921161500543409	45170	119,99880960930909	45170	-0,052105997047761587
45180	-0,034903196214175786	45180	-0,0867538217762339	45180	120,00021194232144	45180	-0,67215383572483856
45190	-0,0369361601373301	45190	-0,083174831713640665	45190	120,00099948729229	45190	0,87600741305471574
45200	-0,0428243568406541	45200	-0,072279168032386709	45200	120,00209058849794	45200	0,70026627117611917
45210	-0,029550654968108755	45210	-0,095041689055391107	45210	119,99910310422624	45210	-0,87261854261174954
45220	-0,051242453832334112	45220	-0,073362676411069583	45220	120,00176164675422	45220	0,71655785278347517
45230	-0,0404870660394869	45230	-0,076382464222390783	45230	120,00009862036245	45230	-0,9681570070695541
45240	-0,028349483267176529	45240	-0,079333354046564483	45240	119,99939762010955	45240	0,56458800314499791
45250	-0,028773249811697012	45250	-0,090749000710099254	45250	119,99568329052623	45250	-0,86020035212959212
45260	-0,021409176509096361	45260	-0,085865973791012837	45260	120,00178642996976	45260	0,31203198603192106
45270	-0,02281317762659648	45270	-0,084096535703028122	45270	119,9984481198333	45270	0,36846577024076815
45280	-0,043609810265072026	45280	-0,088013526504970449	45280	119,99789250889758	45280	-0,69135608481779376
45290	-0,030036597382380868	45290	-0,076120475943665777	45290	120,00226604891302	45290	0,710055473491433
45300	-0,047540137735940513	45300	-0,0789739426024445	45300	120,00009418025158	45300	-0,35572903830239572
45310	-0,036238493540191881	45310	-0,091929418737436319	45310	119,99841968866764	45310	-0,111278796030785
45320	-0,049816574545486353	45320	-0,072884958727239768	45320	120,00262666786749	45320	1,0359306031393298
45330	-0,029550088657911252	45330	-0,084854817314026762	45330	119,99791564391792	45330	-0,38830788036663116
45340	-0,035149990500571604	45340	-0,079789248674059426	45340	120,00323241639735	45340	0,62973528130129541
45350	-0,042300855252800862	45350	-0,074502099933431015	45350	119,99996505303365	45350	-0,014408844272071727
45360	-0,024351559554717666	45360	-0,064959919510957961	45360	120,00294812022146	45360	1,2910523015446846
45370	-0,019365812728895468	45370	-0,09205921367586832	45370	119,99597907738215	45370	-0,68344128117530434
45380	-0,0325668889877	45380	-0,08685155962491159	45380	119,99918131273311	45380	-0,27272710620422524
45390	-0,037017640226066476	45390	-0,0834112979196568	45390	120,00086575254224	45390	0,4542871374698374
45400	-0,035480988206704464	45400	-0,078071938783793871	45400	119,99749829346686	45400	-0,6513918190888166
45410	-0,041592499782246974	45410	-0,0865228137960087	45410	120,00120416455624	45410	0,55787259732724126
45420	-0,041808776791374666	45420	-0,079503646429876548	45420	120,00039114301481	45420	-0,46272428460674514
45430	-0,029020937914075035	45430	-0,07396380062361195	45430	120,00306036074353	45430	0,18809882178881554
45440	-0,044395338818129244	45440	-0,087006901162383368	45440	120,0002047868242	45440	-0,3061703470492701
45450	-0,044322698523470656	45450	-0,077163988639809986	45450	119,99904159199527	45450	-0,24807224594160954
45460	-0,030664913939146492	45460	-0,073245563587668372	45460	120,00336404767207	45460	1,1307914235415428
45470	-0,041695466633726	45470	-0,080906021307888168	45470	119,99782661113309	45470	-0,045519134465734787
45480	-0,021098635818381336	45480	-0,077653132453364734	45480	120,00061020463249	45480	0,32810248807262815
45490	-0,033134920862298842	45490	-0,09417268359739607	45490	120,00007255295891	45490	0,85218461664378076
45500	-0,041032778244518543	45500	-0,080205065015100968	45500	119,99962510824838	45500	-0,44414150293618748
45510	-0,018361964291197373	45510	-0,074761594327624414	45510	120,00329669300149	45510	0,76303588478701712
45520	-0,030869802404179462	45520	-0,089267916687862922	45520	119,99663390806833	45520	-0,053288427859715437
45530	-0,037813639437081811	45530	-0,07436969797689609	45530	120,00105899490011	45530	0,032240272207043841
45540	-0,036809119526226591	45540	-0,082648912087182336	45540	120,00033624639447	45540	-0,19952253272716017
45550	-0,043070677392387006	45550	-0,07254650737574575	45550	120,00238994756174	45550	-0,11379242269420875
45560	-0,025874064567559182	45560	-0,071764318718469916	45560	120,00229226501591	45560	0,2886916147843408
45570	-0,032942746085398572	45570	-0,090883248044607234	45570	119,99840204728089	45570	0,17741005114338068
45580	-0,022926270662422987	45580	-0,0794064345810193	45580	120,0002742293476	45580	0,14293021453115318
45590	-0,031521117846926905	45590	-0,0912194305569858	45590	119,9984281445017	45590	0,028165107901970139
45600	-0,035088282228854809	45600	-0,0876647306303406	45600	119,99882200556661	45600	-1,0193040333847971
45610	-0,030283698033806806	45610	-0,091632212064290536	45610	119,99875691912284	45610	0,003910576722605863
45620	-0,035863289935403574	45620	-0,080554488549061859	45620	120,00038654292459	45620	-0,37215755306777609
45630	-0,0374782594777255	45630	-0,082518634046760408	45630	119,99916220187406	45630	0,21523841775219649
45640	-0,037708088451419916	45640	-0,084121515309598188	45640	120,00267886579002	45640	0,69949790244740229
45650	-0,033049739906114567	45650	-0,078409562409584382	45650	120,00016269717806	45650	-0,522696977630366
45660	-0,032312434421337237	45660	-0,0907945558955129	45660	119,99800810357209	45660	0,045973058615206952
45670	-0,041420278089612829	45670	-0,080056433746402131	45670	120,0002670444799	45670	0,57007189758000265
45680	-0,027663123160568463	45680	-0,073129454647467854	45680	120,00073984343585	45680	-0,59322476142325919
45690	-0,027369951465101277	45690	-0,098653231145792566	45690	119,99706800932954	45690	-1,104223160397674
45700	-0,028240392407407732	45700	-0,077230108459156274	45700	119,99950939102926	45700	0,038698262112474319
45710	-0,042236427499132451	45710	-0,080149088063993373	45710	120,00112758105311	45710	-0,4375568363836273
45720	-0,024240247049184645	45720	-0,080787309420034939	45720	119,99854703418886	45720	-0,10315777319444028
45730	-0,040962685589945112	45730	-0,086424849987740776	45730	119,99963308200648	45730	-0,6373381900118853
45740	-0,03190121559671566	45740	-0,081109632083683589	45740	120,0000958574082	45740	0,33690779836799611
45750	-0,027640769425553654	45750	-0,089691915458608135	45750	119,99532866984761	45750	-1,5498007951289754
45760	-0,026043171357067886	45760	-0,073503791394997214	45760	120,00207130158843	45760	1,0418145169819426
45770	-0,040459627621587294	45770	-0,094072098858162659	45770	119,99833533360832	45770	-0,69277450535540019
45780	-0,018687276855247278	45780	-0,079955369340825588	45780	119,99984853044633	45780	-0,26452975144035606
45790	-0,033039502242664054	45790	-0,085584094760091073	45790	120,00050943338933	45790	0,19925150597349556
45800	-0,029907965870894702	45800	-0,09480631989884479	45800	119,99656380162679	45800	-0,71186421397544464
45810	-0,029076988928041662	45810	-0,085875375218225081	45810	120,00256767339829	45810	0,32601473410933
45820	-0,040887122301604788	45820	-0,08546799071518392	45820	119,99737931444003	45820	0,32331408879433454
45830	-0,03506653611739783	45830	-0,083181691525730281	45830	120,00172077356707	45830	-0,51728619027435907
45840	-0,031492142942453706	45840	-0,07775536310819213	45840	119,99934561085004	45840	-0,10252379591355354
45850	-0,029130259969050748	45850	-0,083357217460957117	45850	120,00052081598327	45850	0,25228495295958919
45860	-0,026099674689896168	45860	-0,08046190098134802	45860	120,00105479582369	45860	0,13993032344888237
45870	-0,031520402981777058	45870	-0,084967412887489033	45870	119,99694110679295	45870	-0,71742629847511707
45880	-0,046811393477656962	45880	-0,075571488515766019	45880	120,00212040814446	45880	0,42629482660417617
45890	-0,048838925772713225	45890	-0,076877897918483484	45890	120,00159052405957	45890	0,2867096006173932
45900	-0,049527016846309335	45900	-0,08831505055242142	45900	119,99756662343904	45900	-0,078024237053183343
45910	-0,034203188338214056	45910	-0,081343818707463336	45910	120,00092714536052	45910	0,026491135065942084
45920	-0,049723298586969646	45920	-0,081114657479209082	45920	119,9963220959433	45920	0,074735518248345512
45930	-0,025236929568470266	45930	-0,10012823239225861	45930	119,99968913967012	45930	-0,68320129708103516
45940	-0,026033615056255489	45940	-0,080560478204301261	45940	119,99969894726426	45940	-0,26621453229817338
45950	-0,040354977807514986	45950	-0,090292900348528132	45950	119,996590131759	45950	-0,74909383969032617
45960	-0,031307945397250216	45960	-0,076831483864179748	45960	120,00379303189094	45960	0,63514160957261956
45970	-0,0398056783291841	45970	-0,067255269166045531	45970	120,00283524929462	45970	0,994947889980669
45980	-0,028914260194720428	45980	-0,090555936673676909	45980	119,99900608918199	45980	-1,9262913341005783
45990	-0,034416287696333606	45990	-0,080416481590599442	45990	120,00192022574612	45990	1,3120203683291982
46000	-0,04564319891954477	46000	-0,076768799605065233	46000	120,0015312795519	46000	-0,17485349485277463
46010	-0,033944841528833362	46010	-0,074055700782671666	46010	120,00328954147493	46010	0,87496089906852792
46020	-0,032521155076009951	46020	-0,087015904829404092	46020	119,99637414132346	46020	-1,442478851422351
46030	-0,035616638265855878	46030	-0,089575902647337224	46030	119,99754153411655	46030	-0,62984884845214673
46040	-0,047497311008522038	46040	-0,10366817773702766	46040	119,99643409477294	46040	-1,2794293603807145
46050	-0,047904697617818563	46050	-0,0749993136787235	46050	119,99992339104406	46050	0,69449327007023931
46060	-0,031710057880176036	46060	-0,09085145579813067	46060	119,99917557283122	46060	-0,014760210708209709
46070	-0,034787039831492762	46070	-0,085349474149694488	46070	120,00022200078176	46070	-0,36354856895469567
46080	-0,025540611102993639	46080	-0,077583742506699138	46080	120,00217797525443	46080	-0,083932910072716554
46090	-0,027182443629909053	46090	-0,088428240446458056	46090	119,99913859948005	46090	0,17934651682882605
46100	-0,036811912685604187	46100	-0,070347957610660733	46100	119,99891685977666	46100	-1,0986290108280772
46110	-0,0358220254214761	46110	-0,077755341695341443	46110	120,00276035555818	46110	-0,14702205175741456
46120	-0,035520767814548743	46120	-0,075847414491453546	46120	120,00036030585321	46120	0,054389060520822152
46130	-0,031727059813206442	46130	-0,076977963722701576	46130	120,00129226575342	46130	-0,1098754890203812
46140	-0,036578244256618972	46140	-0,082971459358125388	46140	120,00020036002519	46140	1,1433316058156016
46150	-0,03355776415103251	46150	-0,10001849957873335	46150	119,99701395985879	46150	-0,9966382149282802
46160	-0,047462589230288281	46160	-0,0850856248214544	46160	120,00094851119134	46160	0,80489879451233681
46170	-0,04112585054036378	46170	-0,090610853373795167	46170	119,99639220886088	46170	-0,16313938555444596
46180	-0,051724317459364254	46180	-0,06522822638512496	46180	120,00580354591033	46180	1,6936056944417466
46190	-0,032551739895238442	46190	-0,084061130919246288	46190	119,9994158680762	46190	0,94720412672055287
46200	-0,023592486151288113	46200	-0,084383843252411217	46200	120,00087011916429	46200	-0,27847284394465177
46210	-0,012916145966422132	46210	-0,075018970063243526	46210	120,00183696358076	46210	1,0424475108168665
46220	-0,027834847673023716	46220	-0,068592930583521158	46220	120,00113210177887	46220	-0,67426429157980416
46230	-0,030583905093119656	46230	-0,07333241427325457	46230	120,00409134240145	46230	1,197300192423969
46240	-0,036148173495666867	46240	-0,0758470792977301	46240	120,00114941248044	46240	0,62200929553406092
46250	-0,043137487715301383	46250	-0,084723583970317942	46250	119,99836598131313	46250	-0,75087646963340082
46260	-0,04326397237232503	46260	-0,0759711235087297	46260	120,00150196297716	46260	0,69542971492904693
46270	-0,039070359114120434	46270	-0,083255847487889972	46270	119,99899392117271	46270	-0,23407226531477871
46280	-0,049739145434490963	46280	-0,07797850560195313	46280	120,00002422792628	46280	-0,023045124243894877
46290	-0,0419758248890223	46290	-0,086153975674986755	46290	119,99856748338532	46290	0,42645326450758125
46300	-0,029415177834303929	46300	-0,10412479012496295	46300	119,99526587837214	46300	-1,0713358555864325
46310	-0,027119608356422381	46310	-0,0785103671641853	46310	119,99897064013027	46310	0,28180798667931173
46320	-0,03640865758041039	46320	-0,086142353535672775	46320	119,99847643383841	46320	-0,9910374681601537
46330	-0,043228549222039656	46330	-0,087370610380928276	46330	120,00050589151428	46330	-0,10942264654773865
46340	-0,030771728815000787	46340	-0,1003655434935552	46340	119,99707108394509	46340	-1,2863549747947225
46350	-0,037905330696030248	46350	-0,074824355154156058	46350	120,00176084435371	46350	0,64303406071749747
46360	-0,034190205584253418	46360	-0,069810470294464508	46360	120,00539172344426	46360	0,95105382544335715
46370	-0,034746757179065259	46370	-0,06702139753221234	46370	120,00292336933788	46370	0,54846856541036848
46380	-0,014439978640052675	46380	-0,08314942371734621	46380	119,99973030702162	46380	-1,0584948283304123
46390	-0,032297046783235063	46390	-0,083217091610575777	46390	119,99837047227292	46390	0,36680937850418105
46400	-0,025759427420241579	46400	-0,093569914371342627	46400	119,99676704872134	46400	-1,173889646936549
46410	-0,026128609529830767	46410	-0,077315951887779122	46410	120,00196084487807	46410	1,303886517581246
46420	-0,021766683849256643	46420	-0,082932376098582339	46420	119,99705295167932	46420	-0,35802019449874706
46430	-0,038757201592352915	46430	-0,084179915184855236	46430	120,00039051373761	46430	-0,6972689276074916
46440	-0,026687587030624509	46440	-0,088461255422023335	46440	120,0006153356222	46440	-0,057715092561214869
46450	-0,046244319346233444	46450	-0,089374550449333678	46450	119,99934832505103	46450	-0,64017010805049279
46460	-0,028025446657838966	46460	-0,081296046238924113	46460	120,00269424743541	46460	0,17301740543673583
46470	-0,055922429418061824	46470	-0,08143294179574076	46470	120,00168224640484	46470	0,77646040185280962
46480	-0,038453006986011062	46480	-0,075847720349806386	46480	120,00196222823709	46480	-0,508106010678476
46490	-0,037633624722749129	46490	-0,084064701143302348	46490	119,99858574365726	46490	0,71070030326281075
46500	-0,050468867908124895	46500	-0,0881775966636571	46500	119,99731869667546	46500	0,15043209346941536
46510	-0,029204209039655239	46510	-0,077455958452163257	46510	120,00082058366385	46510	0,047182465986242678
46520	-0,027057437850183146	46520	-0,092120827485617826	46520	119,99679198338325	46520	0,97605153886620788
46530	-0,029037246774305248	46530	-0,086584165585153139	46530	119,9999432476657	46530	-0,44727103767638487
46540	-0,033566844748967276	46540	-0,084194486658011172	46540	120,00100390496101	46540	0,50726912052408923
46550	-0,031947414106973895	46550	-0,078208034218397476	46550	120,00186445220632	46550	-0,461341906780277
46560	-0,0365568630305662	46560	-0,078908257231537049	46560	120,00062530042105	46560	0,57815224976368773
46570	-0,023149986977823903	46570	-0,0871096821332179	46570	119,99665996051382	46570	-0,59328141950620661
46580	-0,011210938368749278	46580	-0,0875212229044502	46580	119,9989574897012	46580	-0,37412966016849808
46590	-0,02796925425500842	46590	-0,084957979010054543	46590	119,99998293112984	46590	0,24239607525765816
46600	-0,044694652352593081	46600	-0,078018964452228654	46600	120,00052130997622	46600	-0,87889134774963873
46610	-0,040873631991428107	46610	-0,085413919503023739	46610	120,00132974533892	46610	0,77979813650587393
46620	-0,053138065422194118	46620	-0,070828600213780291	46620	120,00282108709445	46620	0,86275825848874788
46630	-0,038820793427786507	46630	-0,06228198368151542	46630	120,00351292137765	46630	0,11316793721800594
46640	-0,041952975729472555	46640	-0,078376936588653759	46640	120,00015000168868	46640	0,48564288401296218
46650	-0,040769251119015082	46650	-0,096352346468433728	46650	119,9968309271252	46650	-1,1338140040067208
46660	-0,031521831542854782	46660	-0,081754543755492487	46660	119,99986913712309	46660	-0,11974081295277979
46670	-0,036465969594706472	46670	-0,075100507071854256	46670	120,00016081578484	46670	0,46453274717030724
46680	-0,030209101865794567	46680	-0,078549274958112189	46680	120,00142584362952	46680	0,23451896522376992
46690	-0,015582400401085782	46690	-0,088058321743513857	46690	120,00165332696223	46690	0,30247902921825559
46700	-0,023120914778697991	46700	-0,089051454717413936	46700	119,99845982998507	46700	-0,1224390932568607
46710	-0,03291370657006748	46710	-0,080229438612699572	46710	120,00111792188592	46710	0,09579444077911195
46720	-0,037972767149162638	46720	-0,092981004473730033	46720	119,99838005455534	46720	-0,85017428051737409
46730	-0,036743986150446377	46730	-0,076660390774290613	46730	120,00151209679467	46730	0,786839158096135
46740	-0,02889715556757037	46740	-0,080955838649743012	46740	120,00167277108761	46740	0,225354798819055
46750	-0,044459754060999626	46750	-0,074338883777688089	46750	119,99933512013382	46750	0,10070231722315459
46760	-0,029308650892946934	46760	-0,077966797428392381	46760	120,00014269982518	46760	0,30238673548654732
46770	-0,036057408459985132	46770	-0,078375236647048985	46770	120,00042910581905	46770	0,49491558629197757
46780	-0,036004113463446757	46780	-0,082154327395353055	46780	119,999170687865	46780	-0,17934618367364669
46790	-0,04392546860207884	46790	-0,09587432521177508	46790	119,99790077164279	46790	-0,45495148662441809
46800	-0,031140456184704762	46800	-0,084194589208116941	46800	119,99732822003432	46800	-0,96710036408500311
46810	-0,037695597085054711	46810	-0,0851099885145564	46810	120,00139959434198	46810	1,1175519390751183
46820	-0,032642099364782851	46820	-0,091426745589588312	46820	119,99688293391704	46820	-0,10296369472431
46830	-0,044852093259901075	46830	-0,0798518436630968	46830	120,00162384289776	46830	-0,19318969065253352
46840	-0,034438695834449279	46840	-0,086991372627295768	46840	119,99845092198505	46840	0,013468685924634048
46850	-0,040682054596070293	46850	-0,072143129372396281	46850	120,00350750321803	46850	-0,2319581522347203
46860	-0,031618930692965112	46860	-0,074099283216299952	46860	120,00206049779787	46860	0,58279365415110207
46870	-0,03351580271173623	46870	-0,084112891420740021	46870	119,9983026637095	46870	0,25051972587582594
46880	-0,037972176609491703	46880	-0,075053414656482562	46880	120,00193285180835	46880	0,75386871322255544
46890	-0,026174136571063468	46890	-0,09063846035988192	46890	119,99946840266539	46890	0,551895591895476
46900	-0,030400916404313121	46900	-0,080085904619182774	46900	119,99889037322582	46900	0,16652706207084461
46910	-0,021051162228713748	46910	-0,08513437262991741	46910	120,00060295898602	46910	-0,41035191029983187
46920	-0,0480855962867565	46920	-0,074371047098941392	46920	119,99855867790184	46920	0,8499876979617319
46930	-0,033204280895010964	46930	-0,0785174033223413	46930	119,99950550467882	46930	0,45922544094733475
46940	-0,033685870987975167	46940	-0,0804831201164184	46940	119,99944285711631	46940	-0,1538939818474746
46950	-0,040085811816962462	46950	-0,066267532753600519	46950	120,00420214324524	46950	-0,064997506965944959
46960	-0,04026321731023251	46960	-0,072312961294235159	46960	120,0031718444699	46960	0,51269605874561441
46970	-0,038292677449607189	46970	-0,072921503488451084	46970	120,0007841422261	46970	-0,055077493156581322
46980	-0,030294639601040781	46980	-0,068762184722222827	46980	120,00116797835288	46980	-0,153521907792313
46990	-0,038456548955874158	46990	-0,077091548258809067	46990	120,00015070760738	46990	-0,042863837944401448
47000	-0,027410144175343688	47000	-0,091912019116384344	47000	119,99948395631351	47000	0,24069318110410756
47010	-0,039999543876334427	47010	-0,095334387062760748	47010	119,99723204275271	47010	-0,078512879439097572
47020	-0,054619606044670067	47020	-0,084174828616490421	47020	119,99904099410581	47020	0,031692403718865836
47030	-0,032678191047859607	47030	-0,084047322791993562	47030	119,99671630107486	47030	-0,89641218547723689
47040	-0,03718094477573864	47040	-0,087608460024012319	47040	119,99925476580062	47040	0,277257260782674
47050	-0,026907100354315566	47050	-0,091445210551526851	47050	119,99676651285662	47050	-0,6381957993043097
47060	-0,032813443660023651	47060	-0,085720458641364849	47060	119,99946697825625	47060	0,21801103248188458
47070	-0,027547712921085755	47070	-0,07447269472278488	47070	119,99913255561421	47070	0,081351971211263807
47080	-0,025712737730590018	47080	-0,071424041101274829	47080	120,00270707984323	47080	-0,16559000984242145
47090	-0,036151752519320374	47090	-0,086552279202248575	47090	120,00119087981265	47090	-0,591185777786161
47100	-0,0459936979790955	47100	-0,071223742273126653	47100	120,00152857150447	47100	-0,98010033212288972
47110	-0,034942614660791974	47110	-0,080059335510587235	47110	120,00103885934045	47110	0,14492883731597281
47120	-0,041687494198806616	47120	-0,074208446773077738	47120	119,99906346382875	47120	0,19093818595884832
47130	-0,015637944721516542	47130	-0,087125613915613673	47130	120,00116219030176	47130	0,30561725756330771
47140	-0,036039296686871024	47140	-0,098351823491563253	47140	119,99677097981102	47140	-1,296824119401893
47150	-0,031807711941215684	47150	-0,073493953978571475	47150	120,00172023598776	47150	0,21092025480382753
47160	-0,035698580923984632	47160	-0,083434953662301969	47160	119,99724085856363	47160	-0,21731981297403158
47170	-0,038975716527214592	47170	-0,091076472055274874	47170	119,99773642078567	47170	0,39007850422252732
47180	-0,029119776035283696	47180	-0,094532236784035065	47180	119,99526571404873	47180	-0,67230658938907173
47190	-0,021781323328005003	47190	-0,0886818400992984	47190	119,99901489817111	47190	0,37092398238142094
47200	-0,02662686824944924	47200	-0,078190695122019024	47200	119,99790390512612	47200	-0,74532125849690578
47210	-0,024412749188031335	47210	-0,082362913750117644	47210	120,00176744390313	47210	-0,28964006807134485
47220	-0,021927032382161416	47220	-0,0741852732483351	47220	120,00170410632904	47220	0,62740833447226219
47230	-0,03912309564581861	47230	-0,076647686785926025	47230	120,00286422175476	47230	-0,10382554447948481
47240	-0,036389589659919168	47240	-0,087967799779213526	47240	119,99890367590993	47240	-0,043593532358011722
47250	-0,051238447157099132	47250	-0,083508519778348139	47250	119,99985819997136	47250	-1,1958536348372129
47260	-0,041449242900638519	47260	-0,077047245448564075	47260	120,00232052906209	47260	0,59856152296452958
47270	-0,027276474001051394	47270	-0,077992391170522563	47270	119,99842429868053	47270	-0,80455528054017522
47280	-0,045160617229244561	47280	-0,079663643755894617	47280	120,00210606329137	47280	0,13161598610662367
47290	-0,04399177871221488	47290	-0,0796715056357111	47290	120,00200789998482	47290	0,33512763196958262
47300	-0,04707369348559854	47300	-0,08029232432462656	47300	119,99971160128415	47300	-0,039505115047306694
47310	-0,026570932551024332	47310	-0,081932313150390623	47310	120,00008319654111	47310	0,58569797489792208
47320	-0,033135034446238207	47320	-0,077756145243163072	47320	119,99724668465727	47320	0,540611106207277
47330	-0,021842436088906316	47330	-0,08259307112668908	47330	119,99963881797207	47330	-0,27029543856857974
47340	-0,038164286802452423	47340	-0,082904815160800907	47340	119,99996210014537	47340	0,18621141036390648
47350	-0,033466373830955749	47350	-0,084106512032466316	47350	119,99840059969016	47350	-0,43348822654138552
47360	-0,01312843727852115	47360	-0,089767289603169556	47360	119,99849087666264	47360	-0,43009644998717911
47370	-0,0449114609878443	47370	-0,076858831076980078	47370	120,00247787065955	47370	1,3315111877043329
47380	-0,043156211222248407	47380	-0,075245398694327531	47380	120,0005836512985	47380	-0,2637613952674151
47390	-0,041450770569389339	47390	-0,063631687685238483	47390	120,00452733256057	47390	0,83771603317971244
47400	-0,035427350003718466	47400	-0,076198532536784422	47400	120,00103708791265	47400	-0,36227940070835585
47410	-0,03726053198176215	47410	-0,073462589731978223	47410	120,00235307361905	47410	-0,31382080558064562
47420	-0,039410415933321473	47420	-0,069700016385059765	47420	120,00335405930738	47420	0,94035370095704707
47430	-0,04099155795044801	47430	-0,079448106249228129	47430	120,00124921907216	47430	-0,059206961856709484
47440	-0,039104654034620205	47440	-0,093254380701355763	47440	119,99951442089434	47440	-0,038704742781655255
47450	-0,050541943440593984	47450	-0,088838418328015825	47450	119,99551211338407	47450	-0,599628255127922
47460	-0,037553720959459032	47460	-0,084523640872384426	47460	119,99981846776142	47460	0,080162006530037022
47470	-0,04358993184168828	47470	-0,08978903224815854	47470	119,9972871110072	47470	0,25058118121663225
47480	-0,02511027531340812	47480	-0,078600607348604093	47480	120,0008659078978	47480	0,1523517701013011
47490	-0,042763077840634975	47490	-0,099072386873979068	47490	119,99711313430075	47490	-0,12168448129618459
47500	-0,032494413297331763	47500	-0,074508791210603068	47500	120,00114894644929	47500	-0,21710192164283382
47510	-0,039885706632198287	47510	-0,076798480127887522	47510	120,00334962175236	47510	0,71705228799882925
47520	-0,050761457400018292	47520	-0,067666557719406	47520	120,00186086444276	47520	0,2198494305757806
47530	-0,036558930235298555	47530	-0,082101429601535464	47530	119,99886110080828	47530	-1,4500423504243454
47540	-0,039282537595804634	47540	-0,0742325458601879	47540	120,00161341990214	47540	0,98854047935673928
47550	-0,027503251107238971	47550	-0,082112943241104061	47550	119,99755165358106	47550	-0,27903799264222778
47560	-0,030852670422987456	47560	-0,081173505349540348	47560	120,00143045971444	47560	0,63315036406646841
47570	-0,044359203070327133	47570	-0,081296086318123517	47570	120,00023404965788	47570	-0,31257960209101454
47580	-0,02986587223642154	47580	-0,0881793915120131	47580	119,99982739920505	47580	-0,37690642651101491
47590	-0,030440449013096473	47590	-0,082777188628333873	47590	119,99839483753358	47590	0,23685964715855171
47600	-0,039003153772385106	47600	-0,073905680906920249	47600	120,00222634852466	47600	-0,80493839750172147
47610	-0,035542503692019743	47610	-0,084583278258604469	47610	120,00220351246372	47610	0,71761569265497838
47620	-0,031310242358442562	47620	-0,094683719995331511	47620	119,99721278211162	47620	-0,62531999968076257
47630	-0,035545615903433053	47630	-0,073019779444327332	47630	120,00273695452367	47630	0,35348184698412277
47640	-0,0351172738407492	47640	-0,079417975705840249	47640	119,99949580141295	47640	0,094515961947580551
47650	-0,026397109696828024	47650	-0,086007720770053225	47650	119,99628699206949	47650	-1,2843139716728691
47660	-0,031341115907944979	47660	-0,077393514959709156	47660	120,00369485891243	47660	0,26596265161342753
47670	-0,020804924024941853	47670	-0,094260456336438314	47670	119,99650260419139	47670	0,078648055412408657
47680	-0,040817020728444418	47680	-0,080793433526044345	47680	120,00238782070277	47680	0,26459838712310679
47690	-0,0470652350618414	47690	-0,086279166115963229	47690	119,99913596702351	47690	-0,030977510870403679
47700	-0,037815814128619653	47700	-0,077808772707078547	47700	120,00028655733695	47700	-1,2825971162364263
47710	-0,0392900811824457	47710	-0,080051772789364581	47710	120,0001206833233	47710	0,47009843253325229
47720	-0,03619774639673743	47720	-0,0890906719264702	47720	119,99631626630053	47720	-0,24598959646137886
47730	-0,019743860616795263	47730	-0,081235595816949224	47730	119,99926064744689	47730	-0,22764113017469151
47740	-0,0479967854419387	47740	-0,081315827968600943	47740	119,9982830097006	47740	1,0239464718340878
47750	-0,022617892772481153	47750	-0,09865085489832158	47750	119,99588699418055	47750	-2,4521991177397333
47760	-0,032845649250812729	47760	-0,081659148381410876	47760	120,00050763959723	47760	0,43180499437097936
47770	-0,0430143269096404	47770	-0,077150726291074292	47770	120,00134535053412	47770	0,049018375283545107
47780	-0,032112991160749331	47780	-0,089031725843736989	47780	119,99878107785058	47780	-1,2884974895258929
47790	-0,054382124488488948	47790	-0,067478660192891421	47790	120,00570502664324	47790	1,8055243111661155
47800	-0,04027309269435779	47800	-0,07361042576708951	47800	120,00219424078409	47800	-0,036094082608427919
47810	-0,027833516970160777	47810	-0,078325029980557015	47810	120,00170161294223	47810	0,28203183904184936
47820	-0,04308141047905447	47820	-0,087793107746092947	47820	119,99650958679113	47820	-0,83598007596802937
47830	-0,025732924453025892	47830	-0,098288582858079773	47830	119,99617612712258	47830	-1,7975822605865799
47840	-0,037740858704656967	47840	-0,073425479361271723	47840	120,00235621602307	47840	-0,13964895092734109
47850	-0,046361286883550679	47850	-0,087101424055073581	47850	119,99737830162104	47850	-0,56032148176984431
47860	-0,039434642114675976	47860	-0,08934440715120974	47860	119,99920986229513	47860	-0,676850359182149
47870	-0,045338507514667871	47870	-0,07731575161171754	47870	119,99929784002663	47870	-0,062892539357684143
47880	-0,035296610067778456	47880	-0,078440624728807362	47880	120,00058210760692	47880	-0,50311710996347
47890	-0,02245538995529375	47890	-0,085145105141971891	47890	119,99894490320132	47890	0,0702520927185977
47900	-0,04997673916643168	47900	-0,080343179500743142	47900	120,00030634777828	47900	-0,809266216506575
47910	-0,029048351672456063	47910	-0,081359201438666429	47910	120,00078562526925	47910	0,17498861209219752
47920	-0,045507455781491034	47920	-0,0854527234496259	47920	120,00001373432218	47920	0,56746436680442125
47930	-0,032777357798644317	47930	-0,089062099947117779	47930	119,99879571450541	47930	-0,64692089323386293
47940	-0,015719453588403313	47940	-0,086051905963755129	47940	119,99966729887382	47940	-0,19482876707550684
47950	-0,019070145462647639	47950	-0,088254340728811873	47950	119,99825942347853	47950	-0,68789195461775166
47960	-0,03234479212833484	47960	-0,072456881164660855	47960	120,00426302858506	47960	1,1105279368020149
47970	-0,044954971876905447	47970	-0,064232042920577381	47970	120,00363842185067	47970	0,45807551593991647
47980	-0,033845155879875882	47980	-0,083099269765715453	47980	120,00110754691515	47980	-0,95674620450408321
47990	-0,022223036549118943	47990	-0,080150104749999243	47990	120,00152846103565	47990	0,75734119317517279
48000	-0,048280093677952295	48000	-0,0749039384749637	48000	119,9993255119043	48000	-0,10997807935355397
48010	-0,022424643172276226	48010	-0,080224011683913993	48010	120,00042801613688	48010	0,76946973278701991
48020	-0,029902123511021495	48020	-0,093920847126593487	48020	119,99632716945601	48020	-1,3212380882556927
48030	-0,021744844040324757	48030	-0,091656067130098884	48030	119,9987394999503	48030	-1,0341682875840945
48040	-0,02868629087702693	48040	-0,085168446347932525	48040	119,99690977796628	48040	-0,01370447770273997
48050	-0,041127782704342357	48050	-0,0876543137483267	48050	119,99852517082017	48050	-0,5158840486905073
48060	-0,035569353179900148	48060	-0,076205665736100159	48060	120,00131042979787	48060	0,79693060644946567
48070	-0,027248043213091763	48070	-0,0963426829119308	48070	119,99449104349823	48070	-0,74279062567677734
48080	-0,045089901755270875	48080	-0,072625768584305223	48080	120,00378949961511	48080	1,2384005926687534
48090	-0,045740560883887622	48090	-0,075688199426218808	48090	120,0022070607059	48090	0,9318951601658696
48100	-0,031559102374682339	48100	-0,09205107282650285	48100	119,99731754517492	48100	-0,71190133658540256
48110	-0,029605652002584297	48110	-0,076466238773850892	48110	120,00383756198359	48110	0,82992074568724727
48120	-0,048927445415848113	48120	-0,078627830805272914	48120	120,00251237388184	48120	-0,42857378458780615
48130	-0,017357461830945203	48130	-0,077558797558197431	48130	120,00109235252228	48130	-0,52425645307242408
48140	-0,037817648210150739	48140	-0,089922705495708133	48140	119,99964763320601	48140	0,31083974076874576
48150	-0,040836697169324247	48150	-0,090670285918395	48150	119,99901634409649	48150	-1,1604859673103751
48160	-0,028844817797328181	48160	-0,0860017147583854	48160	120,00061316323317	48160	0,48170404868641681
48170	-0,028932372885045285	48170	-0,082837986921834542	48170	119,99815110992482	48170	-0,018998980582165259
48180	-0,024838429046957461	48180	-0,093240920035663546	48180	119,99859158003966	48180	-0,85295398151162394
48190	-0,034043860326721305	48190	-0,090153782283870082	48190	119,99714533531621	48190	0,074285498360214253
48200	-0,0345175458884353	48200	-0,081269661152999467	48200	119,99872826962755	48200	-1,3260347451094918
48210	-0,030987466376680407	48210	-0,097890394468687553	48210	119,99814428578137	48210	-0,30454100522449623
48220	-0,03067167021473655	48220	-0,0770982621178292	48220	120,00192389637327	48220	0,272163965594999
48230	-0,030629150551861113	48230	-0,076446650368959757	48230	120,00161023000753	48230	-0,74237384672168183
48240	-0,039127427879987138	48240	-0,088759178656118431	48240	119,99763644378483	48240	0,733429470086576
48250	-0,038273901900106745	48250	-0,078982536622874064	48250	120,00003593243493	48250	-0,19109428322819022
48260	-0,038492466832764867	48260	-0,0680502298720789	48260	120,00509921774975	48260	0,89398733627930849
48270	-0,034228700554258064	48270	-0,0844903293234574	48270	119,99912252942154	48270	0,90548521976542551
48280	-0,037227136140754041	48280	-0,079719301215434107	48280	120,00013152154425	48280	-0,52838670679364186
48290	-0,029427150223390652	48290	-0,085121134160266662	48290	120,00071198419911	48290	-0,12307634030770487
48300	-0,044463013072090378	48300	-0,08117445230085929	48300	119,99898458803344	48300	0,11555308985860793
48310	-0,033881812277004132	48310	-0,080953686691834226	48310	120,0019154344718	48310	0,22874725337774512
48320	-0,034740621702936104	48320	-0,071636704240864407	48320	120,00003904904223	48320	0,48054375714505015
48330	-0,026084258346998204	48330	-0,0859289427772089	48330	119,9994971417062	48330	-0,025279490672786481
48340	-0,035872704791251174	48340	-0,083149949720065272	48340	120,00096471554561	48340	0,85074070070065277
48350	-0,049586633866256079	48350	-0,083520194644854759	48350	120,00031461487657	48350	0,12798209647531794
48360	-0,025311556037341951	48360	-0,082205889765341114	48360	119,99780437495954	48360	-0,61138488263958646
48370	-0,041326574331613859	48370	-0,077581490166031913	48370	120,00077210806003	48370	0,77178042743632935
48380	-0,034432480046143382	48380	-0,078091437820045254	48380	120,00022465982283	48380	0,79560017658375026
48390	-0,051444707614843981	48390	-0,081105546298435277	48390	120,00224369002221	48390	0,28989785811757945
48400	-0,049759111463686369	48400	-0,082778973053324073	48400	120,00142221359126	48400	-0,42938658244206124
48410	-0,013515202672335665	48410	-0,078224481205775742	48410	120,00062659652504	48410	0,48845268481944465
48420	-0,0436022646252795	48420	-0,096119778546183976	48420	119,99692010233642	48420	-1,0395920233170752
48430	-0,044228708777876144	48430	-0,071262009947358054	48430	120,00031604535317	48430	-0,48399667074785568
48440	-0,02494362102634232	48440	-0,0828359639357976	48440	120,00012826496973	48440	0,093399358070829219
48450	-0,022011693677115085	48450	-0,098844409275925263	48450	119,99570602917564	48450	-1,4599944385904868
48460	-0,025145253481990832	48460	-0,083910094916327477	48460	120,00114074466288	48460	0,25026164308599741
48470	-0,037724500474042404	48470	-0,088223493937083772	48470	119,99833802495161	48470	-0,079807423256475662
48480	-0,027850617289392265	48480	-0,078224013640964679	48480	120,00273498504052	48480	-0,11904070769409936
48490	-0,032032878311457881	48490	-0,096867416202930837	48490	119,99811993903671	48490	-0,64668984303656019
48500	-0,01559435912369366	48500	-0,092911432286332168	48500	119,99653120903814	48500	-0,90549398220953314
48510	-0,034903120013700828	48510	-0,073822281487442062	48510	120,00165767410071	48510	-0,030127601965015183
48520	-0,024883221860009859	48520	-0,093700486832884025	48520	119,99430446416541	48520	-0,100891015231018
48530	-0,032716968205877335	48530	-0,081710080858018	48530	120,00069021073229	48530	-0,72316346784578478
48540	-0,036284154102463696	48540	-0,074399536471273092	48540	120,0008628784359	48540	1,1301328225608165
48550	-0,019652308179484497	48550	-0,08113555004569456	48550	119,9988218373245	48550	0,58586477955801708
48560	-0,033664710836563888	48560	-0,083481214287773164	48560	120,00193280477656	48560	0,50475418574799069
48570	-0,035993065733099273	48570	-0,0918209887706515	48570	119,99665378768819	48570	-0,92798314444385255
48580	-0,028928563557568614	48580	-0,073570353274756764	48580	120,00455143770634	48580	0,42568862008840769
48590	-0,025657991936222684	48590	-0,063865105939854477	48590	120,00534572497747	48590	1,1770372868454939
48600	-0,042693238304911008	48600	-0,0805849424724283	48600	120,00001691354289	48600	-0,55710335787535414
48610	-0,024438593101668907	48610	-0,075885687492509873	48610	120,00114485736995	48610	0,68286711002882672
48620	-0,042413784361235822	48620	-0,078731207480786922	48620	119,99923265406213	48620	0,30131398096488354
48630	-0,044197121209877108	48630	-0,090273996887642344	48630	119,99849477767725	48630	-0,1122490908477661
48640	-0,033338252754416341	48640	-0,0855008744874306	48640	120,00026116778939	48640	0,3171946249008506
48650	-0,034669833977397084	48650	-0,07662481645612719	48650	120,0010136546238	48650	-0,86646125290586773
48660	-0,035038860943474082	48660	-0,066031628051216956	48660	120,00368348971915	48660	2,0406439265200973
48670	-0,03604928749461371	48670	-0,094247869969748987	48670	119,99719124327183	48670	-0,8969961007352667
48680	-0,032812311470761656	48680	-0,080246803561355592	48680	120,00149820790686	48680	0,44114727841122325
48690	-0,037931708948012149	48690	-0,081548362454397574	48690	119,99791795332433	48690	0,38890071433546292
48700	-0,025411046308912076	48700	-0,0843043470113507	48700	119,99761681531253	48700	-0,65528198155646411
48710	-0,029881106087003936	48710	-0,069468172293698158	48710	120,00519975573785	48710	0,95529561506351646
48720	-0,035115502044883555	48720	-0,090646792483059707	48720	119,99741027545818	48720	-0,47636408926176776
48730	-0,029908529858656763	48730	-0,070772793151060331	48730	120,00261621578166	48730	-0,13253487805366354
48740	-0,037698888708832742	48740	-0,081651411634363985	48740	119,99968866657375	48740	0,94901451217959254
48750	-0,025609211909144551	48750	-0,086178634944598959	48750	119,9975765258289	48750	-1,1039743446010724
48760	-0,036744973984598479	48760	-0,078139607578203929	48760	120,00203990149555	48760	0,604657770935262
48770	-0,0502537197619789	48770	-0,080374352548526887	48770	120,00006968401654	48770	0,433517043671499
48780	-0,034595066485518459	48780	-0,085724280345405565	48780	120,00083432656025	48780	-0,077064437416801912
48790	-0,041995784109243907	48790	-0,094001960174492291	48790	119,99917323648322	48790	-0,046463081212317348
48800	-0,030447664399799113	48800	-0,0694688326045816	48800	120,00093137726232	48800	0,74482348676359134
48810	-0,036223538103426663	48810	-0,077424972761614724	48810	120,00153690866974	48810	0,39761224709692827
48820	-0,036375957154217729	48820	-0,086977285575934482	48820	119,99671205376119	48820	-0,78291968786005472
48830	-0,031279399778044455	48830	-0,085761519306728817	48830	120,00047905315394	48830	0,26714813880270405
48840	-0,045546924124035194	48840	-0,087574505810061418	48840	120,00030750858437	48840	0,44743386312241651
48850	-0,035559610174814987	48850	-0,087141999817564722	48850	119,99740894132489	48850	-1,4947779692396148
48860	-0,023276573665485484	48860	-0,092627280764825209	48860	119,99730071008166	48860	-1,4568383936218323
48870	-0,032467649652646022	48870	-0,080463426858260412	48870	119,99831805308598	48870	-0,16149886946965314
48880	-0,038514622259045006	48880	-0,077885079650841113	48880	120,00042520891304	48880	-0,68662033925076682
48890	-0,0287470754241136	48890	-0,08461001685845447	48890	120,00194639737468	48890	0,18652486092987863
48900	-0,018600270567225744	48900	-0,079385764235462328	48900	120,00025448120486	48900	0,84491524083032166
48910	-0,036674388016440386	48910	-0,080410910277630768	48910	120,0002326255667	48910	0,24737803830973323
48920	-0,02954615553264307	48920	-0,075905926265586246	48920	120,00082157534516	48920	0,959716772164376
48930	-0,04053458471782128	48930	-0,085331213207574849	48930	119,99897051826147	48930	-0,23580836116068843
48940	-0,028560026121326909	48940	-0,079268857806849641	48940	119,99966776707944	48940	0,22310098416538016
48950	-0,033238830819659157	48950	-0,067335581874178249	48950	120,00295312423792	48950	0,71899209113931628
48960	-0,039039977167960378	48960	-0,089487245887696174	48960	119,99815592303148	48960	1,0838517292339676
48970	-0,03696618463837615	48970	-0,095041669586997821	48970	119,99659183934391	48970	-0,1926425502442865
48980	-0,025851053784973498	48980	-0,08562027747244956	48980	120,00147116008289	48980	0,17487965432494229
48990	-0,023189641582548104	48990	-0,085793086614357292	48990	119,99969759443694	48990	-0,26175971914658291
49000	-0,034660962948996038	49000	-0,072487028781168389	49000	120,00049545217236	49000	-0,066889292501157882
49010	-0,033375900132683926	49010	-0,081254014379014375	49010	120,00013715844358	49010	-0,64997870832188409
49020	-0,035548676185865213	49020	-0,06681313069882748	49020	120,00208803427589	49020	-0,11326828689950647
49030	-0,042161067635859084	49030	-0,076631479137232963	49030	120,0014175531465	49030	0,10214074710564683
49040	-0,02899803496902123	49040	-0,087696391226824016	49040	119,99644396656976	49040	-0,6615009255202573
49050	-0,03538122480247289	49050	-0,076663432262782522	49050	120,00096317934103	49050	0,60976595434587866
49060	-0,035187011764080886	49060	-0,0888973886419492	49060	119,9988215325984	49060	0,46844482774878854
49070	-0,047538686578042957	49070	-0,090070085236214778	49070	119,9966698649343	49070	0,093897752975108925
49080	-0,038533281766281811	49080	-0,089673198193979009	49080	119,99960466121101	49080	-0,073516845645467011
49090	-0,033614854021152579	49090	-0,06916638119136044	49090	120,00062757169103	49090	0,0224105399895162
49100	-0,026995334709867105	49100	-0,10016835452927603	49100	119,99605686296472	49100	-1,2499041617633162
49110	-0,0326962394007689	49110	-0,0898010506540957	49110	119,99968531104248	49110	-0,62347517359628779
49120	-0,037681531772672534	49120	-0,093587260701568947	49120	119,99851715617747	49120	0,05769755864896553
49130	-0,04296634459467797	49130	-0,086864687434443852	49130	120,00082381229545	49130	0,16889574918218397
49140	-0,041531753384331925	49140	-0,064258489019174775	49140	120,00258586525567	49140	1,5090473991396043
49150	-0,040576155086736634	49150	-0,078940435038372489	49150	119,99905147572333	49150	-0,29346806710471712
49160	-0,025637458053668481	49160	-0,079583359475980914	49160	120,00321564784916	49160	0,74399840778625337
49170	-0,045803459299052746	49170	-0,081301678810834152	49170	120,00034382445672	49170	0,04405271234921692
49180	-0,033117927075091529	49180	-0,089026784539533735	49180	119,99935214674079	49180	-0,68120813459363139
49190	-0,033887599553254641	49190	-0,095209039650167693	49190	119,99758331954749	49190	-0,97221828545884614
49200	-0,031131189343043687	49200	-0,0926932912285885	49200	119,99759502570214	49200	-0,69893573926947417
49210	-0,015344539096838051	49210	-0,070429892121820326	49210	120,00168421403818	49210	0,96753126016298241
49220	-0,019902237615058729	49220	-0,096336909603257567	49220	119,99496150535838	49220	-1,5090517601644526
49230	-0,049654758314549123	49230	-0,075815983897298808	49230	120,00341559329722	49230	-0,034495057893531855
49240	-0,034734865178397495	49240	-0,066988075165169719	49240	120,00310163900755	49240	1,4042958731925017
49250	-0,032733214727580166	49250	-0,083249593275766073	49250	119,99969868135037	49250	0,52933544832786827
49260	-0,042064152724861643	49260	-0,083880849407006547	49260	119,9994651768892	49260	0,52580119008949111
49270	-0,03548861810872906	49270	-0,088119816258546646	49270	119,99735116077447	49270	-0,1607681419548086
49280	-0,0299342982061372	49280	-0,078703475567866749	49280	120,0004597830787	49280	-0,37174487005435897
49290	-0,020087934372619333	49290	-0,081629114771756828	49290	120,00083849796111	49290	1,3784534127366568
49300	-0,03597723034317387	49300	-0,083393161027988327	49300	119,99904474459822	49300	-0,20837651261509094
49310	-0,019702390872221028	49310	-0,079645975307463174	49310	120,00127864559336	49310	-0,21020214390772929
49320	-0,0281467004414245	49320	-0,074765712480111463	49320	120,00300708338176	49320	0,67041994160831431
49330	-0,021652118583148597	49330	-0,07537396174387144	49330	120,00066235762655	49330	-0,029491977234199912
49340	-0,04013167101332582	49340	-0,074975585700149783	49340	120,00224410026401	49340	0,48489502789642897
49350	-0,029036478542504886	49350	-0,074157289983654728	49350	120,0001690573406	49350	-0,32796605222595787
49360	-0,035093871002476615	49360	-0,0790130554518953	49360	120,00312714937122	49360	0,57720499297751526
49370	-0,041942185534839131	49370	-0,080490919163810126	49370	119,99772929609667	49370	0,014125018306215487
49380	-0,029847363447243428	49380	-0,0898743911224077	49380	119,99747508873715	49380	-0,47394827562945963
49390	-0,028304399473358187	49390	-0,085446123346743286	49390	119,99744342429847	49390	-0,17878353985293827
49400	-0,03674520702819991	49400	-0,09654414231018045	49400	119,99519501219727	49400	-0,9630835235971078
49410	-0,027413761070204566	49410	-0,085609186730300282	49410	119,99928303400196	49410	0,96662423251748264
49420	-0,042281165421892621	49420	-0,080933759403490388	49420	119,99760128389175	49420	0,035219233366728026
49430	-0,037790563788519478	49430	-0,090911780940385017	49430	119,99939437469025	49430	-0,480585072413495
49440	-0,039263210794388631	49440	-0,086324914455234034	49440	119,99856597806407	49440	-0,55563000124527262
49450	-0,039205147723404311	49450	-0,077183086116996383	49450	120,00007541883289	49450	-0,17367621363326766
49460	-0,034991015140003634	49460	-0,083880750134999071	49460	120,00108773329633	49460	-1,0859408121833578
49470	-0,013601698257369073	49470	-0,0882956638170993	49470	119,99878912790398	49470	-0,48554253149957105
49480	-0,046977914254972671	49480	-0,071913753804395325	49480	120,00597480720118	49480	0,18182979694550222
49490	-0,026368586902307381	49490	-0,078100507080386128	49490	120,00020926947094	49490	0,088471729105573022
49500	-0,053757337137955531	49500	-0,08905837613048645	49500	119,99922263119366	49500	-0,17366687374536935
49510	-0,043238074190861557	49510	-0,0771754284191739	49510	120,00015515497086	49510	-0,011916852813998277
49520	-0,041755836558536819	49520	-0,07208003488210811	49520	120,00237461588657	49520	0,72819526773819243
49530	-0,043019493384537019	49530	-0,086332706778535592	49530	119,99921612357723	49530	-0,10784404372871095
49540	-0,040662190037361517	49540	-0,084049018408558482	49540	119,99967940592659	49540	0,47923792339810634
49550	-0,034600329095823369	49550	-0,08571384715335445	49550	119,99706141219143	49550	-0,34553774078476518
49560	-0,013466143807379953	49560	-0,083866546191031774	49560	119,99832954445036	49560	0,26336881048547345
49570	-0,020127541794061708	49570	-0,078903381937011324	49570	119,99799761216298	49570	-0,14785700941673749
49580	-0,018255746866034143	49580	-0,0730398155098875	49580	120,0019323031708	49580	-0,32843110519253593
49590	-0,0255767699272784	49590	-0,091425021716704136	49590	119,99886785803166	49590	-0,719821271410268
49600	-0,036263609863086008	49600	-0,0938015597351139	49600	119,999701941298	49600	-0,32980737920899572
49610	-0,028512686954310772	49610	-0,083010888797439675	49610	120,00062456682005	49610	0,21659460030852726
49620	-0,049884567317865718	49620	-0,088848743877267364	49620	119,99983806106519	49620	0,49077905934814914
49630	-0,03862711566722464	49630	-0,083699201843648346	49630	120,00108476605303	49630	-0,075449889316279023
49640	-0,04861497436474544	49640	-0,077844323803696755	49640	120,00103673903624	49640	0,72253123194383784
49650	-0,036451648428614439	49650	-0,07501378394332131	49650	120,00061107718102	49650	-0,70779491311218989
49660	-0,035128867696613782	49660	-0,070697077664832977	49660	120,00289679577681	49660	1,4696626717663324
49670	-0,019764015330977724	49670	-0,087201380767361281	49670	119,99849106323264	49670	-0,043014783858463912
49680	-0,020970742925191157	49680	-0,08076077450117275	49680	120,00139113670105	49680	0,20160786577688034
49690	-0,030038276964671252	49690	-0,096571981886353492	49690	119,99837815699577	49690	-0,37252132006537
49700	-0,029335406104936828	49700	-0,084161356283651109	49700	119,99981206159936	49700	-0,80757757321264556
49710	-0,037812755882218892	49710	-0,0756654362104668	49710	120,00040373126252	49710	0,039336606163070886
49720	-0,031288703266254922	49720	-0,0751297054564994	49720	120,00018700895306	49720	-0,34333573044975546
49730	-0,032560205999993444	49730	-0,076776648033015676	49730	120,00077577746575	49730	-0,34076978095189847
49740	-0,028794728139960358	49740	-0,0788294549949952	49740	119,99908463230192	49740	0,32624617843629977
49750	-0,014335041905328427	49750	-0,0889556655525809	49750	119,99636008599188	49750	-0,81365349422504052
49760	-0,035500039721399264	49760	-0,079260399225318523	49760	120,00092215234727	49760	1,231041116041854
49770	-0,046280360823733373	49770	-0,083294553071447466	49770	120,00004712058757	49770	0,086360553165879775
49780	-0,015461039359928524	49780	-0,077505629340322735	49780	120,00031990239327	49780	-0,14481850273052832
49790	-0,023881228096949106	49790	-0,073645385350589926	49790	120,00266795610403	49790	0,61274241825007592
49800	-0,033084032960114661	49800	-0,079166126850385	49800	119,99912311170145	49800	-1,1810639073198226
49810	-0,034740002559358309	49810	-0,077786254505711139	49810	120,00218176152934	49810	0,48252196862053043
49820	-0,047493395070011414	49820	-0,06888902971380334	49820	120,00073685485411	49820	0,28047004020511079
49830	-0,03811744826401918	49830	-0,0888437694364648	49830	119,99969387282594	49830	-0,33445526683378624
49840	-0,037624157202892583	49840	-0,0724504472365693	49840	120,00136087009041	49840	0,41119397424503945
49850	-0,03355211357657157	49850	-0,068468863781529762	49850	119,99964250967388	49850	0,049685432006527058
49860	-0,034576610224305006	49860	-0,069820534544801929	49860	120,00416146605819	49860	1,6581309386822618
49870	-0,0351222998616998	49870	-0,077076218427067411	49870	120,00017243478604	49870	0,5892806676818706
49880	-0,025684572427260674	49880	-0,094247351833283463	49880	119,99509699755097	49880	-0,29847484398342861
49890	-0,032085502294581264	49890	-0,090206791426984262	49890	119,99860881536067	49890	0,60110354524313281
49900	-0,03613828801738659	49900	-0,07828777140916085	49900	120,00091878739289	49900	0,58885216486723979
49910	-0,029991693520745866	49910	-0,088652750286036225	49910	119,99809446974697	49910	-1,1080977335078166
49920	-0,043268444390535885	49920	-0,085149876879188541	49920	119,99988214862734	49920	-0,040586221637076786
49930	-0,022560324088812183	49930	-0,087275078331707959	49930	119,99963303428312	49930	-0,50033500528545893
49940	-0,028208600077652603	49940	-0,0836763299757264	49940	119,99992781107598	49940	0,36892447869882666
49950	-0,040526872076727352	49950	-0,078188107120983452	49950	120,00132738014692	49950	0,124854876563731
49960	-0,019540228813150522	49960	-0,0626852160418998	49960	120,00694755470786	49960	1,8109065946811813
49970	-0,050390347116873548	49970	-0,074887609187125878	49970	120,00214443799146	49970	-0,066938206233963071
49980	-0,033253410113721876	49980	-0,084024648340757208	49980	119,9994373980725	49980	-0,45139295656794071
49990	-0,030568949296241477	49990	-0,078587111835960469	49990	120,00051002339914	49990	1,9443678932934625
50000	-0,026007346029180207	50000	-0,0792057328473079	50000	120,00005647030498	50000	0,094745790542772962
50010	-0,030873118508402898	50010	-0,075280617559933	50010	120,00218965541103	50010	0,79826383390447009
50020	-0,034558889514626996	50020	-0,083171970900329031	50020	119,99947269399937	50020	-0,73716693777808706
50030	-0,031394014278025704	50030	-0,088425273737931853	50030	119,99933578997707	50030	-0,81422093553648256
50040	-0,03322289146302998	50040	-0,078738662061264661	50040	120,0022432184989	50040	0,48644133361783376
50050	-0,040396603579471509	50050	-0,080312309022413486	50050	120,00023096237777	50050	-0,50538695761104169
50060	-0,033200408206580295	50060	-0,081073572689628573	50060	120,00050393223664	50060	-0,078418352932295377
50070	-0,045955204319041119	50070	-0,0891307588327297	50070	119,99557300585543	50070	-0,81948672644056719
50080	-0,036225627231201318	50080	-0,075018611977747257	50080	120,00143928850292	50080	-0,064802841937503769
50090	-0,031303455975546485	50090	-0,0715928000922633	50090	120,00130854789265	50090	1,1369493804221329
50100	-0,023740318291119524	50100	-0,084144057616585069	50100	119,99882325043525	50100	-0,17449215129049908
50110	-0,027348475224357356	50110	-0,082145706524048109	50110	120,00085752841125	50110	0,42613942709262986
50120	-0,0457916238689436	50120	-0,088286501639919718	50120	119,99853680750734	50120	0,46162196981515624
50130	-0,027946323891494675	50130	-0,079378987028804318	50130	120,00079496500227	50130	-0,65662992106314055
50140	-0,043141743269569391	50140	-0,084101509803668345	50140	120,00262609462234	50140	1,1436850945071853
50150	-0,036404171462074357	50150	-0,079192489857676115	50150	119,99997573639786	50150	0,53236313858322459
50160	-0,01509831474643154	50160	-0,0686932124178764	50160	120,00126445248466	50160	0,94278911440147628
50170	-0,04859414434000546	50170	-0,087121067461001872	50170	119,99830008501922	50170	-0,44133677698013762
50180	-0,041451490654357312	50180	-0,091826257910891107	50180	119,99969243429941	50180	0,0047344464726539748
50190	-0,0469465616590984	50190	-0,074484100736089659	50190	120,00219244576856	50190	-0,0669878691426449
50200	-0,027151773288218582	50200	-0,083809034044348127	50200	119,99845190334048	50200	-0,0722611356247766
50210	-0,023005717809869163	50210	-0,077380497494252062	50210	120,00138096969035	50210	0,10589551913317963
50220	-0,036109867459423226	50220	-0,074571866889336272	50220	120,00093066609391	50220	0,36707667992722504
50230	-0,030813354228823295	50230	-0,0831847379308221	50230	120,00169466410581	50230	-0,094143604411956849
50240	-0,018304903875724313	50240	-0,084762943336466126	50240	119,99911471051692	50240	0,5495569275920813
50250	-0,041733407452165965	50250	-0,081952785841648446	50250	119,99789082993735	50250	-0,82139538608833174
50260	-0,0316672475377189	50260	-0,0861265911551783	50260	119,99841789436488	50260	-0,24062463831367331
50270	-0,020045183246311663	50270	-0,080287325349766639	50270	120,00023806191163	50270	-0,19312041657069631
50280	-0,027966297983609226	50280	-0,077748362481158462	50280	120,00119953247757	50280	-0,0297677685521906
50290	-0,030783119607748006	50290	-0,081814488338415231	50290	119,99812539835634	50290	-0,52363100967095366
50300	-0,041869840260215556	50300	-0,09165494369015964	50300	119,9986666537033	50300	-0,67652665839664761
50310	-0,027491676955545361	50310	-0,072035428567669757	50310	120,00259928158626	50310	1,1639203425702602
50320	-0,029317599925521041	50320	-0,10172782388936177	50320	119,99376663323146	50320	-1,4223875411161744
50330	-0,011440199349302311	50330	-0,080622625760890979	50330	120,00026070070452	50330	-0,88491103169980323
50340	-0,040503325083514112	50340	-0,090407325645069633	50340	119,9982800142035	50340	0,25165198254812804
50350	-0,027643994692181231	50350	-0,081810645454083439	50350	119,99890176854194	50350	-1,319614599529088
50360	-0,03144735416344914	50360	-0,088357800802955744	50360	119,99931153124466	50360	0,23191438972491429
50370	-0,046669875532574533	50370	-0,082571748587603438	50370	119,99923782780505	50370	-0,584724887914605
50380	-0,026236644098526093	50380	-0,079754131980831838	50380	120,00036659601076	50380	-0,10956324639523074
50390	-0,0236694825120033	50390	-0,078074011664151358	50390	119,99960527136103	50390	0,27554595798510351
50400	-0,045413469966409811	50400	-0,087747463579498017	50400	119,99773122082721	50400	-0,59180528478907468
50410	-0,028935898759323054	50410	-0,086410319750280934	50410	120,00153202271439	50410	-0,42230081042701395
50420	-0,024855416958101523	50420	-0,086887386252634147	50420	119,99847052814498	50420	-0,51722965199931981
50430	-0,031701999284130519	50430	-0,07015229681898201	50430	120,00306598828229	50430	0,57734838679344969
50440	-0,03325576070690419	50440	-0,087833688794962186	50440	120,00067212496563	50440	-0,135736682860985
50450	-0,025792394451722402	50450	-0,0846045244973833	50450	119,99676414404343	50450	-0,92457452967537224
50460	-0,025237513918883587	50460	-0,09092013254511	50460	119,999338524042	50460	-0,65790213050576607
50470	-0,04327251392400043	50470	-0,084956865413220117	50470	119,99755215450008	50470	-0,23058127626702768
50480	-0,040983901766002369	50480	-0,078049936856614	50480	120,00101122049253	50480	-0,435689080865821
50490	-0,034057129547441604	50490	-0,085326370433465415	50490	119,99705244777711	50490	0,33580929215113586
50500	-0,057325477261645878	50500	-0,094547057393417025	50500	119,99775965805861	50500	-0,70504601019584068
50510	-0,030455873065261846	50510	-0,072261083275524593	50510	120,00218044155325	50510	0,73400877775282725
50520	-0,041994642435307532	50520	-0,085828789652075507	50520	119,99781726221477	50520	0,031281262049135061
50530	-0,02983615027719945	50530	-0,093397165997739479	50530	119,9980939923985	50530	-0,96850363120939487
50540	-0,0210213205096653	50540	-0,0888359209992187	50540	119,9985717975915	50540	0,22067843253910946
50550	-0,038034646742903334	50550	-0,0863179391164069	50550	119,9982102965468	50550	0,859748078410636
50560	-0,0254699220915725	50560	-0,080319443881227748	50560	120,00104111278982	50560	-0,060277832214458642
50570	-0,040584042532694667	50570	-0,06957410827031435	50570	120,00281053465531	50570	0,99655217658816619
50580	-0,025604742541024919	50580	-0,078541131349534041	50580	120,00119270936338	50580	-0,65960906920570672
50590	-0,055927464430461912	50590	-0,075472838178661086	50590	120,00267104736064	50590	0,49479505282497993
50600	-0,036620888337414	50600	-0,062778680252456961	50600	120,00343853979005	50600	-0,10602737773599988
50610	-0,024800766078388114	50610	-0,082800321830571857	50610	120,00093315158993	50610	-0,7947121056553883
50620	-0,051724342769470938	50620	-0,06859100260762431	50620	120,00190604525785	50620	0,62732129036896656
50630	-0,016347640334194242	50630	-0,081794291131977531	50630	119,99922978094487	50630	0,67957611689530228
50640	-0,034802113286186723	50640	-0,093288097752262183	50640	119,99728928306996	50640	0,21430645827460074
50650	-0,0449245103515863	50650	-0,08437623208413747	50650	119,99754301768394	50650	-0,40013163778437166
50660	-0,035431403307904341	50660	-0,088477852261804157	50660	119,99938086175767	50660	-0,32848964622401633
50670	-0,023311162539160594	50670	-0,087711691222113142	50670	119,99593315021745	50670	-0,74414302700383883
50680	-0,026191647380734085	50680	-0,082985591847901261	50680	120,00044328015824	50680	-0,32385141746932117
50690	-0,033462943598985349	50690	-0,089483510483283818	50690	119,99782662313265	50690	-0,35671864890202493
50700	-0,036458943743139141	50700	-0,0887055843796037	50700	119,99822455046164	50700	-0,13161476482308174
50710	-0,028123068682043419	50710	-0,081226113353999069	50710	120,00210800386638	50710	0,86401007928867779
50720	-0,027403228079027179	50720	-0,089010861379505021	50720	119,99775960024286	50720	-0,27827732184786125
50730	-0,030926604697116906	50730	-0,068010176459177674	50730	120,00303414840154	50730	-0,17796899149371925
50740	-0,03588567972210318	50740	-0,078962899447620846	50740	120,00031634545452	50740	-0,097737797853079955
50750	-0,021622623305899969	50750	-0,089010487124258575	50750	119,99952693974228	50750	-1,7843815768264582
50760	-0,012212519822690055	50760	-0,079413182348430172	50760	120,00139317673477	50760	-0,7798655722521004
50770	-0,037631027609871109	50770	-0,076636633391328521	50770	120,00073801371799	50770	-0,17367459463979451
50780	-0,043157910707154454	50780	-0,084471350123341407	50780	119,99879039279126	50780	-0,50269352340803208
50790	-0,03259701317242937	50790	-0,080645031401654313	50790	120,00141488485745	50790	1,2174518392844078
50800	-0,027603428251305726	50800	-0,081707641075288523	50800	119,9989987567341	50800	-1,3378435080331916
50810	-0,028727735993011722	50810	-0,083917432131913633	50810	119,99922797104726	50810	-0,93259729548950165
50820	-0,023820099278260905	50820	-0,087101102107451339	50820	119,99618730307149	50820	0,26036576338171191
50830	-0,044423504793815322	50830	-0,0921104211322961	50830	119,99569558757413	50830	-0,728936017336484
50840	-0,031215930529896047	50840	-0,071094682967763653	50840	120,00298838597044	50840	1,8330627369085955
50850	-0,026484408789282505	50850	-0,082564732672955568	50850	119,99938014422418	50850	-0,15843778253079288
50860	-0,045102451107368761	50860	-0,075560300148975079	50860	120,00343630271534	50860	1,2373385470053109
50870	-0,038432108284493421	50870	-0,073773801711639941	50870	119,99902523610777	50870	-0,33883056697383324
50880	-0,030842331806488418	50880	-0,09864427957325915	50880	119,99642497505109	50880	-1,5663095954425135
50890	-0,024659939318096912	50890	-0,072676003542427259	50890	120,00203595078416	50890	0,15400626568690756
50900	-0,032932595739210507	50900	-0,081113638781235592	50900	119,99823369042991	50900	-0,40598532974122581
50910	-0,03280140836945121	50910	-0,085394518498178376	50910	120,00112978617131	50910	-0,21645305744926272
50920	-0,041225677443780855	50920	-0,078497549201619082	50920	120,00204159113815	50920	-0,053398353797753317
50930	-0,0369138666542009	50930	-0,077894720588630714	50930	120,00393231727614	50930	0,81436571904100719
50940	-0,037583335195392316	50940	-0,085058770089183292	50940	119,9987144763674	50940	0,21644345804175227
50950	-0,031914356570501713	50950	-0,0869743493301611	50950	119,99918138599948	50950	-0,28899030572055434
50960	-0,027306838489788928	50960	-0,0939609574887252	50960	119,99734788760826	50960	-0,29076983874778511
50970	-0,028557828084941155	50970	-0,078644736591543918	50970	120,00056592789893	50970	1,3162439563847361
50980	-0,028016396939309792	50980	-0,08361661998054927	50980	120,00063974884633	50980	-0,58851633662275649
50990	-0,042147871481896262	50990	-0,0884281168974721	50990	119,99990261739005	50990	0,02612830470426411
51000	-0,026853265539753975	51000	-0,077491636660514784	51000	120,00080275284347	51000	0,65411691013234641
51010	-0,03222464524877533	51010	-0,0854952725245801	51010	119,9985282657411	51010	-0,73306087208964943
51020	-0,04331000310100374	51020	-0,076916112055197355	51020	120,00014906097925	51020	0,18658812219216669
51030	-0,038446941711893126	51030	-0,07408034833844	51030	120,00182411360113	51030	-0,0964814205637661
51040	-0,023732841394398761	51040	-0,0805354499042911	51040	119,99992328966339	51040	-0,0799704107407962
51050	-0,038498462660127165	51050	-0,068706400838599052	51050	120,0030541665129	51050	0,69804090708906763
51060	-0,03894614976244784	51060	-0,082814360623514563	51060	120,00007004045907	51060	-0,33051798495421836
51070	-0,032962270227339947	51070	-0,087121736398648286	51070	119,99727494035295	51070	-0,20222618017337363
51080	-0,0431203686847389	51080	-0,08850168299372603	51080	120,00040701728544	51080	-0,23678644451921543
51090	-0,031169240601798733	51090	-0,084227999214697882	51090	119,99862946421374	51090	-0,5300647741895923
51100	-0,035642861205150006	51100	-0,081771125019065027	51100	119,99878525732224	51100	-0,66576157598656382
51110	-0,0096430089218997976	51110	-0,082106663679528347	51110	120,00014324058058	51110	-0,10158480798943015
51120	-0,032885844205176332	51120	-0,087640581570365764	51120	119,99847350532065	51120	-0,37407089677515537
51130	-0,035958348362678812	51130	-0,090570023525425772	51130	119,9973874013622	51130	-1,0905759957922792
51140	-0,04420755539345736	51140	-0,086716812455547562	51140	119,99999570768104	51140	0,46401533436161013
51150	-0,017503690799318523	51150	-0,064184462296394629	51150	120,00050753347631	51150	-0,03926376823957467
51160	-0,031881899206770661	51160	-0,0842648285793477	51160	120,0031978015423	51160	0,83090258218462509
51170	-0,023586654074223438	51170	-0,081678807850924268	51170	119,99942039837382	51170	0,43716602702870655
51180	-0,029021887491857506	51180	-0,080048720839260484	51180	119,99982584920703	51180	0,016909960328510245
51190	-0,025720015291140347	51190	-0,088704314208540774	51190	119,9994808932116	51190	0,41325047891197719
51200	-0,036118191780690326	51200	-0,075783719424257809	51200	120,00072233729284	51200	0,12550572254332748
51210	-0,028554760572068971	51210	-0,085128049522555843	51210	120,00190084041468	51210	0,97421203093433506
51220	-0,033493753576943577	51220	-0,0892353793704215	51220	119,99840761203978	51220	-0,36094307395612313
51230	-0,027118850747903007	51230	-0,07733401917110104	51230	120,00175451053278	51230	0,594517663644528
51240	-0,030807081390173151	51240	-0,081790141249205153	51240	119,99886943636687	51240	0,86442354618984951
51250	-0,04238091090346989	51250	-0,067943644492422781	51250	120,00235380620354	51250	0,60668866039563507
51260	-0,028684724101376829	51260	-0,087305948922267854	51260	119,9995582449491	51260	0,715310489550688
51270	-0,029891852254441364	51270	-0,0769526648690636	51270	119,99854343885535	51270	-0,032705710939342741
51280	-0,01761518076957912	51280	-0,08167581884832191	51280	120,00033809089707	51280	-0,13774383019231118
51290	-0,035872540293472713	51290	-0,089964506314463011	51290	119,9987259746423	51290	0,29254315518800456
51300	-0,025178519121746651	51300	-0,084050740932828952	51300	120,00068779020575	51300	-0,11149398523117504
51310	-0,033471724629281295	51310	-0,071403461810600227	51310	120,00537075494935	51310	1,1807544918086996
51320	-0,02994921646676163	51320	-0,081120927336370968	51320	119,99891181844811	51320	-0,45921823416664242
51330	-0,028220560674105062	51330	-0,09154455255795324	51330	119,99833696075827	51330	-0,64283527967006138
51340	-0,042032388060876752	51340	-0,079932398962855908	51340	119,99887459338622	51340	0,39014281890887159
51350	-0,021033599362058432	51350	-0,063571189341042278	51350	120,00246615257736	51350	0,25617219941054337
51360	-0,026848405272648816	51360	-0,080583169265143348	51360	120,00059265935695	51360	0,79247529588113885
51370	-0,039620747618490042	51370	-0,072048480769797432	51370	120,00314991435775	51370	0,638777249633938
51380	-0,033514395087232508	51380	-0,083235391568940817	51380	120,00107302553271	51380	-0,2040608532365194
51390	-0,038247399340400265	51390	-0,07879943645432147	51390	120,00143085631078	51390	0,24623590660725392
51400	-0,031511280332028019	51400	-0,085957988948317021	51400	119,99625377973132	51400	-1,1735112334227558
51410	-0,023966581274307706	51410	-0,078815975810039976	51410	120,00115880739162	51410	0,529147954888235
51420	-0,028859847056357843	51420	-0,091888409380683	51420	119,99576728984512	51420	-0,50669468984973753
51430	-0,01951760880712685	51430	-0,09327872555065693	51430	119,99874067015453	51430	-0,78718821346199008
51440	-0,023281104932668238	51440	-0,094976594039558354	51440	119,99964462327718	51440	-0,10298717907308627
51450	-0,04091914897459964	51450	-0,076682114832428885	51450	119,99968682215065	51450	-0,87105816693080229
51460	-0,015977661582292784	51460	-0,074906202577381051	51460	120,00285160492287	51460	0,97102440657104916
51470	-0,047478183303452506	51470	-0,083069702806908133	51470	119,99819071792521	51470	-0,49802723435045965
51480	-0,033477193128896583	51480	-0,077217030998076169	51480	120,00142898358023	51480	-0,010956372354205157
51490	-0,03286452452684778	51490	-0,090216351257109931	51490	119,99669458253905	51490	-1,178512313101475
51500	-0,041755561181330711	51500	-0,082532398206847921	51500	119,99877126450103	51500	-0,078919746259255741
51510	-0,033853074962879343	51510	-0,0847745896165457	51510	119,9999358596986	51510	-0,50410431912388387
51520	-0,048542797747692656	51520	-0,07459399322621231	51520	120,00101210488292	51520	0,6989652012493115
51530	-0,046647100380995808	51530	-0,079993264832480079	51530	120,00144900054588	51530	-0,49538349159280914
51540	-0,032645033503516663	51540	-0,081259025626677542	51540	119,99957649735676	51540	0,23793938524081665
51550	-0,031261646581470723	51550	-0,083311687258711714	51550	119,99746936223357	51550	-1,1577205784513105
51560	-0,031105684203237491	51560	-0,087293277395365951	51560	120,00017741965911	51560	0,59143492457397351
51570	-0,031928586711116889	51570	-0,087623055361603808	51570	119,9973915700042	51570	-0,34924417713561462
51580	-0,020719084485432419	51580	-0,075611854754386754	51580	120,0014566004045	51580	-0,39291580823026584
51590	-0,037152581488279685	51590	-0,085181470408527582	51590	119,99961745014853	51590	-0,30114277847302795
51600	-0,02890049871423989	51600	-0,085944551485356582	51600	119,99913987937913	51600	-0,42950493691351233
51610	-0,033816894566748176	51610	-0,0809319542556617	51610	120,00366023482516	51610	-0,46065719736816862
51620	-0,057522570864570521	51620	-0,07249613611345955	51620	119,99922263424865	51620	-0,10067160526356275
51630	-0,034683804398944376	51630	-0,082753887374687113	51630	119,99954056160534	51630	-0,560965760917819
51640	-0,042715284481366196	51640	-0,081895887003643655	51640	119,99951455026992	51640	0,29880301060316994
51650	-0,044623966106366139	51650	-0,080639393106837057	51650	120,00009575489125	51650	-0,12793509832938196
51660	-0,018039836099645913	51660	-0,094576795720140355	51660	119,99737922237939	51660	0,079395736328993327
51670	-0,04626865036295006	51670	-0,086923726758945649	51670	119,99689308745955	51670	-0,098316140836853028
51680	-0,041461856250667027	51680	-0,078693166901917522	51680	120,00054861643119	51680	-0,41198001576926008
51690	-0,03691350145576975	51690	-0,083460403211409642	51690	119,99989135981005	51690	-0,16339091201251496
51700	-0,022987140020929692	51700	-0,088063909262455956	51700	119,99914624493563	51700	-0,49744894638450821
51710	-0,029266466106909	51710	-0,084437094786820266	51710	120,00128683503033	51710	-0,5666680039176013
51720	-0,033515417483711056	51720	-0,0794583027155066	51720	119,99850204896127	51720	0,22812884208301676
51730	-0,02588982675081283	51730	-0,077332259446744628	51730	120,00031854061638	51730	-0,11506557340586443
51740	-0,043879872370413	51740	-0,072086884028118525	51740	120,003432571116	51740	0,50301187227774691
51750	-0,053671665264814664	51750	-0,078118097424648147	51750	120,00013080672667	51750	-0,875555538001431
51760	-0,027396714823773878	51760	-0,085615887635387689	51760	120,00013373602911	51760	-0,20476143282890552
51770	-0,04011818011165573	51770	-0,08873681422902735	51770	119,99723332010736	51770	-0,17118614611573735
51780	-0,017574042706703333	51780	-0,09396055964786626	51780	119,99778832213141	51780	-1,0250145515284235
51790	-0,043945768589532773	51790	-0,086248437836746669	51790	119,99884374526097	51790	0,55857322615356786
51800	-0,049649013518123744	51800	-0,1009345104891219	51800	119,99519138376486	51800	-1,2653732887543165
51810	-0,038799377854729256	51810	-0,072683595490726047	51810	120,00385276870586	51810	0,32747916769456642
51820	-0,04222763466093972	51820	-0,0891969642630022	51820	119,99740717781084	51820	-0,55911834785283776
51830	-0,033085128910170708	51830	-0,073363246085032169	51830	120,00325726894337	51830	0,20540859044379067
51840	-0,042424789493504006	51840	-0,080468387949651943	51840	120,00075743993158	51840	-0,083554726578396327
51850	-0,038784368428282888	51850	-0,075934666010047489	51850	120,001189299443	51850	-0,42409696220059678
51860	-0,020527092832052451	51860	-0,080748504341850144	51860	120,00101049013728	51860	0,27162546570211743
51870	-0,020015095944782992	51870	-0,094001624250702825	51870	119,99519234554845	51870	-1,0750044496504203
51880	-0,037775431952180909	51880	-0,073388775505211432	51880	120,00431587295363	51880	0,53256242289789379
51890	-0,017541097111304731	51890	-0,081739695247549968	51890	119,99980001669064	51890	0,08202152898819115
51900	-0,049556962731300752	51900	-0,088497845919434368	51900	119,99752706589914	51900	-0,4416739346272584
51910	-0,03956046434453022	51910	-0,061839633915383559	51910	120,00542210299793	51910	1,4800382424686691
51920	-0,036361738776517209	51920	-0,083560340264367636	51920	119,99818943472555	51920	0,33150356422598681
51930	-0,030209775908731595	51930	-0,09797169417185729	51930	119,99686923238981	51930	-0,6901396438903673
51940	-0,034534419771962671	51940	-0,08512776525266029	51940	120,00013213660758	51940	-0,040242547657471983
51950	-0,04814536485503438	51950	-0,073272292406536418	51950	120,00144081421372	51950	0,08647928832926402
51960	-0,025808111108774349	51960	-0,09238554010141517	51960	119,99876963994815	51960	-0,29264675846519661
51970	-0,041782163987414342	51970	-0,083696671655023772	51970	120,00134087043172	51970	-0,21756283586666708
51980	-0,038293690966566533	51980	-0,071873858771834068	51980	120,00427334765415	51980	0,57549173218446148
51990	-0,040909276528620746	51990	-0,074878004446458549	51990	120,00131996024716	51990	0,1374321733345191
52000	-0,031057584142181363	52000	-0,084448973773008293	52000	119,99820472631636	52000	-0,35891301636700806
52010	-0,020234551928156323	52010	-0,07865515939186124	52010	120,00196254937276	52010	0,15673513463757269
52020	-0,052339499281148567	52020	-0,08958009150990219	52020	119,99687770213815	52020	-0,33057384545284385
52030	-0,041849860034524	52030	-0,085250383307664324	52030	119,99914847464106	52030	0,0847882439157161
52040	-0,03106897887948518	52040	-0,065630258076094058	52040	120,00296405312398	52040	1,2430697141557325
52050	-0,030640824344893076	52050	-0,0910175667074421	52050	119,99654594545503	52050	-0,632147204688623
52060	-0,026742791125772172	52060	-0,0732879177584657	52060	120,00240822898149	52060	1,856848524103383
52070	-0,047847525215508946	52070	-0,08497949110155277	52070	119,99827569486415	52070	0,15185214704443983
52080	-0,039036304484135732	52080	-0,09081800466120947	52080	119,99780212386516	52080	-0,473647829817766
52090	-0,040118137829787924	52090	-0,075752785423995536	52090	120,00217532375334	52090	0,5023714774416006
52100	-0,027369096575792173	52100	-0,0920263304811459	52100	119,99875372883098	52100	-0,41301760517287933
52110	-0,0259471142314567	52110	-0,083951343197314537	52110	120,00026115969547	52110	0,37437150313718737
52120	-0,028863583671919976	52120	-0,085682767923986214	52120	119,99783618087824	52120	-1,6691682345106413
52130	-0,030081452961714269	52130	-0,059463079759267658	52130	120,00590766185901	52130	-0,15911290523303559
52140	-0,028113224202587276	52140	-0,072781610174181929	52140	120,0023403407578	52140	0,56012848121211578
52150	-0,041812038698761232	52150	-0,0866143794414495	52150	119,99963636306994	52150	-0,91817032119768482
52160	-0,036727351233994378	52160	-0,087138796899016158	52160	120,00193355033659	52160	0,61384414123489273
52170	-0,037172139188777466	52170	-0,089951361402179353	52170	119,99600831169416	52170	-0,93718910261625821
52180	-0,0438731031251855	52180	-0,077278626761063882	52180	120,00072132530917	52180	-0,3455901262993184
52190	-0,021876266915538	52190	-0,083572964213307913	52190	119,99721925429418	52190	-0,79165495343156933
52200	-0,035456344509757869	52200	-0,080948764584430358	52200	119,99949782210732	52200	-0,088205102831682924
52210	-0,0314391534539027	52210	-0,07830396062018298	52210	120,0017015505703	52210	0,87822850622728366
52220	-0,042235366622406692	52220	-0,084076204673792621	52220	119,99994442405509	52220	-0,064859281716626138
52230	-0,037607862911696155	52230	-0,08705881483229358	52230	119,99946948633551	52230	-0,1394476512512029
52240	-0,037887327439416925	52240	-0,08332111217209974	52240	120,00108657056705	52240	0,28195252438351681
52250	-0,025140237337084557	52250	-0,077650983396199566	52250	119,99843406465554	52250	-1,3359811041251819
52260	-0,024944402351788453	52260	-0,08214016525883247	52260	119,99982313905264	52260	0,08643715794631418
52270	-0,03205453728102832	52270	-0,091884580199969812	52270	119,996742633431	52270	-0,68069861259626219
52280	-0,041518766139804861	52280	-0,081600874397467021	52280	120,00144602541262	52280	-0,35851191439167041
52290	-0,030524476400233445	52290	-0,087301063515381791	52290	120,00162901575453	52290	0,48482655188913082
52300	-0,033325852762591909	52300	-0,0796898529663721	52300	119,99880442528077	52300	0,0085876223546768049
52310	-0,033050665700536309	52310	-0,085817352184436771	52310	120,00165058378703	52310	0,24115939779275411
52320	-0,038012285311079544	52320	-0,077650670303494929	52320	119,99930231122225	52320	-0,90372308916286992
52330	-0,027192093362305589	52330	-0,086327079245431565	52330	119,99848744339784	52330	-1,0768740953578682
52340	-0,046245582285006755	52340	-0,091333354191393712	52340	119,99717081642376	52340	-0,27589147237854816
52350	-0,031805110565170526	52350	-0,069678405685475772	52350	120,00211728309527	52350	0,2559061691968651
52360	-0,033183827027991282	52360	-0,078552033240514157	52360	120,00238938633268	52360	0,57703943927682322
52370	-0,034159309773893726	52370	-0,087963230987412239	52370	119,99781592119831	52370	-0,063204395937969407
52380	-0,037435628754259431	52380	-0,067676009433172868	52380	120,00497717697435	52380	0,94119161907535176
52390	-0,049747235475823069	52390	-0,078111500753026628	52390	120,00049905311774	52390	0,929298398015574
52400	-0,030146594044032832	52400	-0,092852697403326523	52400	119,99680957345896	52400	-0,25005243443420494
52410	-0,033636255827770745	52410	-0,086603876162212476	52410	120,0001960285115	52410	-0,19976026663767324
52420	-0,03395393197462	52420	-0,088490512948308564	52420	119,99808053586276	52420	-0,74482049201494438
52430	-0,041301460795806391	52430	-0,091290664709806457	52430	119,99860626633979	52430	-0,75682403999494285
52440	-0,027827707307621637	52440	-0,075974009752091426	52440	120,00162362482257	52440	0,46250239302267748
52450	-0,038252036966712893	52450	-0,074789203495974732	52450	120,00158298218506	52450	0,23871139478650938
52460	-0,057596572911472917	52460	-0,0804006943383049	52460	120,00296709069052	52460	0,8392852153070125
52470	-0,031658314456386505	52470	-0,083363332850640154	52470	119,9972817985405	52470	-0,6668910576853827
52480	-0,031768825543570987	52480	-0,075270773291024592	52480	120,00168165050091	52480	0,69556525104368894
52490	-0,030127330339832246	52490	-0,095030615429102239	52490	119,996378684356	52490	-0,87142963477313651
52500	-0,03284961068533538	52500	-0,074075838735052982	52500	120,00023039985236	52500	0,047802852117967226
52510	-0,034626133930066	52510	-0,079861774944415709	52510	120,00133927942487	52510	0,72156123545441309
52520	-0,029660057476901411	52520	-0,077455131923233722	52520	119,99961650339617	52520	0,42383204360299032
52530	-0,033411777030126696	52530	-0,078905829647692174	52530	120,00189999210328	52530	0,53595636203333918
52540	-0,022874564499300559	52540	-0,076058671095098618	52540	120,00238759004694	52540	0,36460048673918516
52550	-0,026688617891798209	52550	-0,098064441038725622	52550	119,99551704387851	52550	-1,6855357616150801
52560	-0,036034148812795826	52560	-0,078496475302210655	52560	120,00272718638774	52560	1,5175915746498794
52570	-0,051203022783434783	52570	-0,090973661467709729	52570	119,99755340741147	52570	-0,529221961956867
52580	-0,058940146462669249	52580	-0,077309751965327772	52580	120,00058484817984	52580	-0,15646719568769643
52590	-0,034700885429076643	52590	-0,0806077077270431	52590	119,99935435318086	52590	0,56961887271474732
52600	-0,036773044486305147	52600	-0,096103360106179744	52600	119,99624098261535	52600	-1,0672228210509005
52610	-0,031200652794833191	52610	-0,079989045185194771	52610	120,00043443988125	52610	0,39519181798257841
52620	-0,041630355967873435	52620	-0,088400226494031064	52620	119,99805400948125	52620	-0,30273640292643367
52630	-0,040529382972545255	52630	-0,077303660873809327	52630	120,00396841726541	52630	-0,51711913571372359
52640	-0,039239476590806843	52640	-0,089308131582338371	52640	119,99743462312605	52640	-0,44499150706042312
52650	-0,031892024717314955	52650	-0,075084356971235083	52650	120,00091281171164	52650	-0,045585634611854844
52660	-0,021514033324246385	52660	-0,080276970187957639	52660	120,00245606219946	52660	-0,0070852382912451606
52670	-0,042200193250681278	52670	-0,087729311891888692	52670	119,99868601479287	52670	-0,20172592263164474
52680	-0,053320708771517247	52680	-0,082832682362162818	52680	120,0006215197548	52680	0,38284233121810535
52690	-0,024572860923745596	52690	-0,078098362586547884	52690	119,99991885346981	52690	-0,30094482613118095
52700	-0,029826649377960698	52700	-0,081947881832923411	52700	119,9998239179167	52700	-0,40916729995170786
52710	-0,040845267738209838	52710	-0,084661782334248481	52710	119,99990796222375	52710	-0,022696750389159678
52720	-0,036338040734578241	52720	-0,08423757022512042	52720	119,99695804103534	52720	0,36790746720892226
52730	-0,044428437091298595	52730	-0,083160972194127367	52730	119,99842058930757	52730	-1,0848202632018267
52740	-0,029993402601133524	52740	-0,076529844632336586	52740	120,00094337273957	52740	1,3548711907612532
52750	-0,032558867105596828	52750	-0,088481917189519213	52750	119,99926830458409	52750	-0,45612143115349535
52760	-0,02985094963211652	52760	-0,076580897608852491	52760	120,00132538296957	52760	0,35757006911604566
52770	-0,034067691769633604	52770	-0,090054552481122985	52770	119,99750439178573	52770	-0,21533273287672833
52780	-0,038692216435065249	52780	-0,090517621029839151	52780	120,00071883065631	52780	0,13104186572926047
52790	-0,030823464168239084	52790	-0,074919692039219665	52790	120,0005026259652	52790	1,0295674485199124
52800	-0,03561578049701003	52800	-0,074051078286357819	52800	119,99915335117048	52800	-0,12112860745717569
52810	-0,023060490795636067	52810	-0,07982030545353791	52810	120,0040736244882	52810	0,51596707307256717
52820	-0,024031845219115819	52820	-0,0821462201033856	52820	119,99908639890704	52820	-0,013148671978488763
52830	-0,020841219127550444	52830	-0,076930847160294039	52830	120,00194363473473	52830	-0,045808445854528472
52840	-0,039287991061367669	52840	-0,0810680535248392	52840	120,00281857993645	52840	1,1817027003447609
52850	-0,043115585376791866	52850	-0,063721383694186132	52850	119,99976178467608	52850	-0,93606758431899051
52860	-0,035325195826485349	52860	-0,092799678002626548	52860	120,00029821928115	52860	-0,1638298598564634
52870	-0,0323069905784092	52870	-0,089519770462769155	52870	119,99885098819857	52870	-0,56907971927695877
52880	-0,032803652164722676	52880	-0,082747663450339917	52880	119,99823131994776	52880	-1,1231695695146258
52890	-0,039654389880380045	52890	-0,08382423629406946	52890	120,0005252918926	52890	0,83068679261143008
52900	-0,032454931166453434	52900	-0,075071483252558927	52900	119,99955387713337	52900	-0,38718485171920469
52910	-0,021973256871429894	52910	-0,085990462364164244	52910	120,00145062909037	52910	-0,40170139577245872
52920	-0,033585241099153937	52920	-0,080873509410943262	52920	119,99826123622023	52920	-0,062196662600345
52930	-0,02824888656902854	52930	-0,088850273430356022	52930	119,99811743507559	52930	0,044818545843064328
52940	-0,037596047220195945	52940	-0,079976339700712287	52940	120,00154855832278	52940	1,7870275840562608
52950	-0,027590097202133131	52950	-0,084216537786051066	52950	119,99654717347953	52950	-1,2435745558434361
52960	-0,04263634645477514	52960	-0,07852733763285831	52960	120,00124523242617	52960	0,12504848029691038
52970	-0,050782621968658175	52970	-0,0831110689728628	52970	119,99974564929048	52970	0,14071035965207235
52980	-0,030843490511124165	52980	-0,1009482157762318	52980	119,99582057981641	52980	-1,6101408677378755
52990	-0,058400211892645049	52990	-0,07101971131679069	52990	120,0029323166503	52990	1,4109237595958053
53000	-0,033547228383474542	53000	-0,073712327805940475	53000	120,00044271826495	53000	-0,209375161460018
53010	-0,048382599180452464	53010	-0,081089565131843663	53010	120,00232626299639	53010	0,14887607259686886
53020	-0,0611987273476474	53020	-0,079093357312160745	53020	119,99954270383263	53020	-0,11373801141765466
53030	-0,037487385946274508	53030	-0,078945068793052853	53030	120,0010978789266	53030	0,36293556334921295
53040	-0,024950549335480441	53040	-0,077050038179684047	53040	120,00144905234339	53040	0,75506860046996449
53050	-0,039149041661458737	53050	-0,085064165525853552	53050	119,99901952530976	53050	0,22755818978214057
53060	-0,030702350260672726	53060	-0,079596970830422	53060	120,00231709333536	53060	0,39564885254430116
53070	-0,040053906960117444	53070	-0,077275495360713417	53070	120,00072246365545	53070	0,39162739397183804
53080	-0,026746103251043041	53080	-0,082187634980180085	53080	120,00173023530563	53080	-0,69394244890423074
53090	-0,02697408849128418	53090	-0,085068086322265035	53090	119,99822699481263	53090	-0,6070838691604572
53100	-0,04301146548498775	53100	-0,093514711967971786	53100	119,99861963393393	53100	-0,580593552132275
53110	-0,042361436537386214	53110	-0,0827826239533684	53110	120,00156203897689	53110	0,057881950638426716
53120	-0,046498352723752169	53120	-0,084211732679718238	53120	119,99662068014364	53120	-1,0519337529590305
53130	-0,051457433566632869	53130	-0,0848222661627558	53130	119,99937853809321	53130	-0,62337382809954678
53140	-0,041651610952013425	53140	-0,0820494005751445	53140	119,99936105519318	53140	0,49625690443607762
53150	-0,021780252425123606	53150	-0,07563450717988443	53150	119,99986627494964	53150	-0,03950474286611183
53160	-0,038853638001486834	53160	-0,094417138959857455	53160	119,99951520024081	53160	-0,16313538449201404
53170	-0,0359335434046836	53170	-0,080464181751392583	53170	119,99954518733588	53170	0,78261759171156864
53180	-0,019663310134621293	53180	-0,094909175835189569	53180	119,99856629985852	53180	0,18008489779427217
53190	-0,044858787220459231	53190	-0,092498219832966286	53190	119,99776189017111	53190	-0,72788955651411213
53200	-0,037028093474283715	53200	-0,064272121062004181	53200	120,00459976258846	53200	0,96792331855013547
53210	-0,041623402236824258	53210	-0,066473707910745139	53210	120,00577063528833	53210	2,0049719119909577
53220	-0,040064456071216767	53220	-0,06390397226485646	53220	120,00331005374137	53220	1,1943209132657633
53230	-0,042920842561566586	53230	-0,0742311970597392	53230	120,00252391903734	53230	-0,084140238954439256
53240	-0,029254923127956637	53240	-0,0763842220385976	53240	120,00110939989371	53240	0,084626546856049589
53250	-0,043791758247833212	53250	-0,089001308299666557	53250	119,99827740083872	53250	-0,13460696124173038
53260	-0,037856647470757149	53260	-0,08227917729774506	53260	119,99972094917251	53260	0,36212939754330392
53270	-0,03857230148814695	53270	-0,080188406296752376	53270	119,99811278645012	53270	0,39232202534299848
53280	-0,039152978173028874	53280	-0,088188732836690042	53280	119,99831828239627	53280	-0,64118277863788786
53290	-0,032593244515608619	53290	-0,076892762209154	53290	120,0003583356238	53290	0,90387396126731034
53300	-0,04565824942963103	53300	-0,070067803550549188	53300	120,00484120153055	53300	0,81333034020644446
53310	-0,027893386971521113	53310	-0,084592267160836343	53310	119,99821143997991	53310	-0,0195028683861663
53320	-0,030976312500959054	53320	-0,078506962515040524	53320	119,99882185639548	53320	-0,52858348684865542
53330	-0,024985889342159229	53330	-0,070497711408297359	53330	120,00129609485758	53330	0,56140468328446558
53340	-0,03595482867532513	53340	-0,080122037652313377	53340	119,99979616411285	53340	0,77286043900846058
53350	-0,037573443761755684	53350	-0,082112369708345123	53350	120,00058900652823	53350	0,1646330288557146
53360	-0,024805468448917418	53360	-0,07799095068441883	53360	120,00194690616783	53360	0,013340864585829781
53370	-0,039041079664023273	53370	-0,0802965476740292	53370	119,99965983499682	53370	-0,44278482895177107
53380	-0,03912204852777821	53380	-0,071861966149691189	53380	120,00326157774754	53380	0,35536899128669586
53390	-0,046034062438404834	53390	-0,072022130809722043	53390	120,00403541334174	53390	0,3031461194909722
53400	-0,038272635932823457	53400	-0,0806726462284633	53400	119,99922073313745	53400	-0,41689153910950949
53410	-0,029736119212658004	53410	-0,08874824076388689	53410	119,99856844680909	53410	0,76770419956324154
53420	-0,030056309210429389	53420	-0,0736985434661532	53420	119,99927949635051	53420	1,3091360808464283
53430	-0,034952076528437154	53430	-0,08167815414735119	53430	119,99870916998673	53430	-1,1180010575617931
53440	-0,0423318495091456	53440	-0,080254086157267632	53440	120,00015482476974	53440	0,81418821796895635
53450	-0,044255175051180075	53450	-0,0733306155852858	53450	120,00130938647469	53450	0,5121618924522694
53460	-0,014374908031360285	53460	-0,090986696552615431	53460	119,99958756927471	53460	-0,44729738516865358
53470	-0,03821157525561282	53470	-0,083824244344489762	53470	119,99741382565581	53470	0,094538823173430819
53480	-0,039155662873362106	53480	-0,075856891431742776	53480	120,00083225777182	53480	0,56471256412296877
53490	-0,036023267826594478	53490	-0,071643581336162748	53490	120,00318063018791	53490	1,0979659640361508
53500	-0,029202182784415047	53500	-0,075434572163223426	53500	120,00192399988468	53500	0,94007798072429627
53510	-0,029251158158281811	53510	-0,071837745139262443	53510	120,00354527769733	53510	0,06292506006876053
53520	-0,0272537035959492	53520	-0,069919491250104826	53520	120,0000501025239	53520	0,18263573876613565
53530	-0,037436027113194555	53530	-0,0815110881866318	53530	120,00254886618743	53530	0,028397904953753612
53540	-0,048820776572443013	53540	-0,075348914831206718	53540	120,00138978028764	53540	1,2914642973865087
53550	-0,036856907466661405	53550	-0,070255583829561832	53550	120,00012088645906	53550	-0,16888056512548053
53560	-0,04689500696835773	53560	-0,07867293111280016	53560	120,00268611038594	53560	1,5469532473129095
53570	-0,030919815508868943	53570	-0,092866550535193632	53570	119,99643918693185	53570	-1,0815988144582043
53580	-0,036262558528835163	53580	-0,065034543672077352	53580	120,00296872140896	53580	0,52468102291451779
53590	-0,044750515040393429	53590	-0,059859998464959388	53590	120,00343395326938	53590	1,6503624268801984
53600	-0,0261144747941854	53600	-0,088134273412779171	53600	119,99738615976806	53600	-1,0749543916548958
53610	-0,025718133144725132	53610	-0,089630756759124769	53610	119,99754307345836	53610	-0,47548124089584054
53620	-0,042281098711536756	53620	-0,087312988736078234	53620	119,99634702412023	53620	-0,23373368621394541
53630	-0,031873060694433381	53630	-0,088216904913973757	53630	119,99884498167448	53630	-0,97332554995396781
53640	-0,034171085865801934	53640	-0,082767829960247036	53640	120,00133692564016	53640	0,25657801097713495
53650	-0,051055913591880164	53650	-0,078792520257269169	53650	120,0011196925543	53650	-1,1087600245016258
53660	-0,02879183000864045	53660	-0,081894730529140217	53660	120,00249616867347	53660	1,1013089600269699
53670	-0,023850912135451811	53670	-0,093072382406305693	53670	119,99728751331492	53670	-0,30066820117059756
53680	-0,033102172311138753	53680	-0,072679134854602159	53680	120,00074928882997	53680	0,55455913138815194
53690	-0,023946037462185158	53690	-0,0805775645528254	53690	119,99983248480315	53690	0,635976516888686
53700	-0,052468070748868507	53700	-0,073844328214224514	53700	120,00381163004479	53700	0,092867715749800767
53710	-0,031263583842667426	53710	-0,072058864665976441	53710	120,00282114819927	53710	1,3508085160241696
53720	-0,034411066027419272	53720	-0,087655599694904385	53720	119,99825940531893	53720	0,20480680424652303
53730	-0,031718037919070609	53730	-0,079781787788414868	53730	120,00083554777453	53730	0,49694741929216057
53740	-0,022468025025559547	53740	-0,081418608575833384	53740	120,00065585651963	53740	0,73075745987600049
53750	-0,045626070163605627	53750	-0,084026284116736447	53750	120,00044800769551	53750	-0,0578441464007578
53760	-0,028933126320610389	53760	-0,066112838521358269	53760	120,00251096493912	53760	0,71780299210444654
53770	-0,030888591462269868	53770	-0,090236350865155662	53770	119,99736290900499	53770	-0,73697902106230184
53780	-0,033086468441841051	53780	-0,086839138238094374	53780	120,00093651557344	53780	-0,2082045448768175
53790	-0,039596971262081705	53790	-0,080641849214080866	53790	120,00069491352539	53790	0,24859313594240218
53800	-0,038447927235393226	53800	-0,075689575467484935	53800	119,99982415541012	53800	0,98240292088059156
53810	-0,030528362458980218	53810	-0,072630834114085288	53810	120,00284044434939	53810	1,5321422568193637
53820	-0,041410174786581641	53820	-0,084919366485780731	53820	119,99743048285153	53820	-1,1241134071075867
53830	-0,025301713314963111	53830	-0,078765068626816315	53830	120,00190308444894	53830	-0,28242188684722114
53840	-0,032949542643937645	53840	-0,095359827259707181	53840	119,99632140376009	53840	-0,58853717394733984
53850	-0,025976522267445668	53850	-0,086387819743827	53850	120,00037052040118	53850	-0,18670894903183635
53860	-0,034659698703748507	53860	-0,08024766786838218	53860	119,99977224454267	53860	0,81437442580807129
53870	-0,025099459927480711	53870	-0,086369246750035031	53870	119,99935683848787	53870	-0,542119333026152
53880	-0,050039976253857067	53880	-0,0638884027432829	53880	120,00520917862085	53880	0,81297556656211267
53890	-0,018906001170658132	53890	-0,076242952916983145	53890	119,99947115067079	53890	0,14661698752496211
53900	-0,036325722682019931	53900	-0,083539480798097629	53900	119,99970672821456	53900	-1,0135515870894374
53910	-0,036965727635653	53910	-0,084742371401471076	53910	119,9999924827159	53910	-0,304925698435262
53920	-0,020334642941818758	53920	-0,080912261503379643	53920	120,00023716547612	53920	-0,10629387973160182
53930	-0,024382184543297339	53930	-0,089008817129446083	53930	119,99875297417087	53930	-0,31747652340058524
53940	-0,028923927426221827	53940	-0,074153024868069933	53940	120,00209119109766	53940	0,55475155793842013
53950	-0,028613998718114	53950	-0,094718419104867183	53950	119,9961336893745	53950	-1,0963636741845864
53960	-0,030194398923912381	53960	-0,087502031499684163	53960	120,00235596783821	53960	0,29658084778925725
53970	-0,028038589437701315	53970	-0,087051651015854	53970	119,99796376361901	53970	0,13608714616116838
53980	-0,043320432417189032	53980	-0,06978549870060699	53980	120,00481187539289	53980	0,55645645191817072
53990	-0,043575740008099842	53990	-0,072338414729708	53990	120,0021659502851	53990	0,35783530587885004
54000	-0,035554605405055485	54000	-0,06573580846498113	54000	120,00191842693918	54000	-0,19742609317053617
54010	-0,027000806622713321	54010	-0,082706469590078463	54010	120,0006928324801	54010	0,86164358471698554
54020	-0,048136163792633149	54020	-0,092241353420319319	54020	119,99778471146034	54020	0,31647461722388537
54030	-0,025082880370393908	54030	-0,076808502778937207	54030	120,00236550943716	54030	1,0465078925360263
54040	-0,03269050036305661	54040	-0,091872260674031425	54040	119,99579348520796	54040	-0,34193651749059789
54050	-0,0349093939159614	54050	-0,095245478116090534	54050	119,99641376854194	54050	-1,4838008012746038
54060	-0,034740005617918839	54060	-0,065234876032955857	54060	120,00581781794746	54060	1,4306281071238778
54070	-0,039926167579777939	54070	-0,077033992745134491	54070	120,00046001839257	54070	-0,066851237162249139
54080	-0,021152115034826467	54080	-0,076134410035223407	54080	120,00116449527367	54080	0,1164220898008359
54090	-0,037799048666287693	54090	-0,084523346415690773	54090	120,00061556440146	54090	0,50596829418520928
54100	-0,011058568111352829	54100	-0,0866839136362148	54100	119,99889400526929	54100	-0,3866045624148351
54110	-0,020329724831352567	54110	-0,083403538224216867	54110	120,00004928867686	54110	0,068794828900045318
54120	-0,050187194573277139	54120	-0,095707151526175885	54120	119,99717831628425	54120	-0,46345928910174217
54130	-0,0327807567882875	54130	-0,056698198357321282	54130	120,00402010834429	54130	0,7051092344165637
54140	-0,012481392515757786	54140	-0,081624598329216369	54140	120,00106821641901	54140	-0,056646796177277969
54150	-0,047106559711280645	54150	-0,08525095920720252	54150	119,99928240145047	54150	0,25410724394343842
54160	-0,0437739435351094	54160	-0,0752144530486905	54160	120,00233536434261	54160	0,25536148653462776
54170	-0,051208585966021819	54170	-0,071535001464779951	54170	120,00231017349813	54170	0,65604595486118056
54180	-0,028367450148118555	54180	-0,0858656319186296	54180	119,9995826994668	54180	0,13917495392777191
54190	-0,03882729298373646	54190	-0,082310022283928641	54190	120,00043580733771	54190	-0,087799062225465338
54200	-0,031491845069835663	54200	-0,077972439826920814	54200	119,99984169743792	54200	-0,81539287048218334
54210	-0,026096041720024284	54210	-0,085736855380510457	54210	119,99874603797787	54210	-0,060444159959671673
54220	-0,034715468098371054	54220	-0,087876300120749776	54220	119,99890754619341	54220	-0,85202674808408785
54230	-0,050411979326744946	54230	-0,071203843529033667	54230	120,00533623806393	54230	0,99693528365695239
54240	-0,026880964578360547	54240	-0,0799963505801218	54240	119,99769433082084	54240	0,18577028317714964
54250	-0,036582061175903194	54250	-0,084023762223459073	54250	119,99978881706649	54250	0,20858858252444296
54260	-0,035942687473263971	54260	-0,087438564110558351	54260	119,99884165396912	54260	-0,092727511560793813
54270	-0,03918944620316156	54270	-0,089307175080876031	54270	119,99880633744138	54270	0,505146806324504
54280	-0,023834039093696975	54280	-0,075164658407562951	54280	120,00043983424628	54280	0,18693410649585093
54290	-0,027357696746894044	54290	-0,088179873572854339	54290	119,9995186433389	54290	0,31176772268482805
54300	-0,036977018407772087	54300	-0,093889232072502479	54300	119,99616126710214	54300	-0,84555389419840032
54310	-0,036535171400000586	54310	-0,074197855659453832	54310	120,00298682489181	54310	-0,034008021331257278
54320	-0,038990436941132217	54320	-0,084459156721851975	54320	119,99965609262212	54320	-0,049151573858514763
54330	-0,035263213036988504	54330	-0,073705046040737646	54330	120,00160381501021	54330	0,37559037338449064
54340	-0,023906303278726115	54340	-0,075579818623784878	54340	120,00070627259318	54340	1,3284325851909398
54350	-0,028803881225528783	54350	-0,080131633702016661	54350	120,00031025289687	54350	0,06572217020890686
54360	-0,033728498086737634	54360	-0,0854512620862209	54360	120,00031436234877	54360	0,136213431787791
54370	-0,02327356804369039	54370	-0,079338608531979465	54370	120,00141048118908	54370	1,032452676620448
54380	-0,01913286901148268	54380	-0,07449452339751142	54380	120,00148065684877	54380	0,11259837728192829
54390	-0,034995548989354038	54390	-0,079802845022420452	54390	119,99900869939354	54390	-0,12291814468535722
54400	-0,035614666963586068	54400	-0,0939089281445804	54400	119,99769946750922	54400	-1,1433713862460602
54410	-0,033611345129072323	54410	-0,078664921625010431	54410	120,0025076739886	54410	0,40684398769379954
54420	-0,027171064978361987	54420	-0,0891983630577546	54420	119,99886366496989	54420	-0,85176331454066467
54430	-0,036262850064779667	54430	-0,072832124721805128	54430	120,00361813771622	54430	0,5413678790011327
54440	-0,032632808193675714	54440	-0,081181779849745159	54440	120,00067046941346	54440	0,8595480191492133
54450	-0,042360639545309442	54450	-0,07675099524453978	54450	120,00052482149441	54450	-0,093036345371938556
54460	-0,032027029407104328	54460	-0,087002977040294374	54460	120,00164783121521	54460	0,58839661867302273
54470	-0,034241283866746061	54470	-0,08867471681720758	54470	119,99570792711907	54470	0,18309571139558867
54480	-0,020947639426475994	54480	-0,077097315114631193	54480	120,0020883754124	54480	0,14525874066169703
54490	-0,041344321960493452	54490	-0,08271861906469144	54490	120,00011524557928	54490	0,84016370053796163
54500	-0,018508541435275805	54500	-0,083030974189871209	54500	119,99820191993109	54500	-0,62805129077688227
54510	-0,047056594992354317	54510	-0,081698571615379981	54510	120,00109025995697	54510	0,60163466642591379
54520	-0,037166618289386749	54520	-0,090364065658032122	54520	119,997714207395	54520	-0,99021099161965975
54530	-0,032863874974334142	54530	-0,082896297733395366	54530	119,99861922144061	54530	-0,78320114583907363
54540	-0,039981582460730213	54540	-0,0841591772958116	54540	120,00042725221546	54540	0,8155534312511814
54550	-0,035801913206434874	54550	-0,074514736434286633	54550	120,002388587688	54550	0,17660258169017573
54560	-0,024553994190782802	54560	-0,0832104536139842	54560	120,00210717577049	54560	0,51815422201771688
54570	-0,032241249451519287	54570	-0,079815912798091332	54570	119,99886117408967	54570	0,10085661544484526
54580	-0,0338218483567642	54580	-0,067624426126856638	54580	120,00291962281411	54580	0,51073032275094254
54590	-0,02588843700922551	54590	-0,077530190498434071	54590	119,99927273539893	54590	0,24199539340796744
54600	-0,036194373871217961	54600	-0,080116039009844639	54600	119,99778621878629	54600	-0,39130871681665341
54610	-0,044508876592474295	54610	-0,085847284257808465	54610	120,00007317031646	54610	-0,38106521335373661
54620	-0,039724891831244266	54620	-0,082106605073786754	54620	119,99952972737705	54620	-0,28876827759747664
54630	-0,050428586993213113	54630	-0,072636064297241426	54630	120,00321768612994	54630	0,50597099804568035
54640	-0,037876000966785263	54640	-0,0711772547471013	54640	120,001677162126	54640	0,81660608015465641
54650	-0,033252167323896874	54650	-0,0791234979487625	54650	120,00121104890289	54650	0,018057125530195235
54660	-0,042126829388604348	54660	-0,085215728849500558	54660	120,00099061613015	54660	0,28809644439053406
54670	-0,035843724475438377	54670	-0,0803152637359092	54670	120,00086422647277	54670	0,6829499515922699
54680	-0,0462326109905015	54680	-0,08015034502478155	54680	119,99966837543332	54680	-0,33751209257533932
54690	-0,035170811220036742	54690	-0,072769750912027489	54690	120,00137262810057	54690	1,6209795947351811
54700	-0,045915358930855112	54700	-0,072160762974457	54700	120,00045937748836	54700	0,66280995055400393
54710	-0,035951619031301604	54710	-0,080718558198555029	54710	120,00284780798559	54710	0,94023069943215776
54720	-0,048516236834953992	54720	-0,08923861286082585	54720	119,99961251021988	54720	-0,71783575542486189
54730	-0,030479546996237707	54730	-0,08888125724838869	54730	119,99971329747818	54730	-0,88847305673470767
54740	-0,03878189476370307	54740	-0,0863745796320577	54740	119,99862753602513	54740	-0,096950553661521943
54750	-0,039922398559210787	54750	-0,073607854447974547	54750	120,0008381882077	54750	0,25589657061344162
54760	-0,032679114883990466	54760	-0,070404410061395348	54760	120,00418574694972	54760	1,7073859679542562
54770	-0,031837671296102321	54770	-0,085984111275940342	54770	119,9983333380297	54770	-0,3276996970909713
54780	-0,037623743672993468	54780	-0,082195467355345234	54780	120,00020223425936	54780	0,11302322491509359
54790	-0,02661537177951509	54790	-0,078067456771672511	54790	120,00178222946214	54790	0,31563923433524288
54800	-0,028228655002038524	54800	-0,077859715256345954	54800	120,00067844092916	54800	-0,10342363244259129
54810	-0,022889049815486385	54810	-0,077342926049073987	54810	120,00056775297887	54810	-0,24665352404155003
54820	-0,045203363673676708	54820	-0,0875329358416947	54820	120,00010562587954	54820	0,17429724283117815
54830	-0,030333118383871951	54830	-0,0724433504964993	54830	120,00081594644448	54830	-0,45847490611295283
54840	-0,025294857845946879	54840	-0,075722484728534475	54840	120,00106772537401	54840	1,2754453801492902
54850	-0,043827984541996143	54850	-0,1039843036222179	54850	119,99354682292662	54850	-2,0660321584188117
54860	-0,028219379029440037	54860	-0,092486131107020322	54860	120,00067203671925	54860	0,053612186461687181
54870	-0,041770339509524052	54870	-0,08293653345399081	54870	119,99979097898705	54870	-1,0508951743515427
54880	-0,036737016189924754	54880	-0,0687786812090818	54880	120,00293763449486	54880	0,34402210849229126
54890	-0,052009036249423442	54890	-0,066471283263143485	54890	120,00205471945554	54890	1,8611205237577915
54900	-0,046935476653009504	54900	-0,073161931200032435	54900	119,99983092529539	54900	-0,893403185042661
54910	-0,03528650331666084	54910	-0,087204825280147488	54910	120,00132935550947	54910	0,76203448651852612
54920	-0,0389413747325064	54920	-0,09586142408154226	54920	119,99523114167155	54920	-0,60166835254835838
54930	-0,045046688788236665	54930	-0,084882987287441952	54930	119,99941176724977	54930	-0,96455774834516539
54940	-0,024113307017335186	54940	-0,087100996162356559	54940	119,99741674185702	54940	0,15230675189240395
54950	-0,025421552052005719	54950	-0,085185648435673389	54950	119,99951649018961	54950	-0,28733551588705203
54960	-0,033038592767307244	54960	-0,08785644446796062	54960	120,00105666323444	54960	0,13022582549252598
54970	-0,037154772641569252	54970	-0,091855453975049323	54970	119,99809766140396	54970	-0,12664895329917264
54980	-0,033582768026077681	54980	-0,071690658694052986	54980	120,00319208804422	54980	0,89057668484961527
54990	-0,032339792506125127	54990	-0,0788450452319612	54990	119,99930081757813	54990	-0,69160564880386088
55000	-0,0330819259361622	55000	-0,082308517413707469	55000	119,99979252488899	55000	-0,4052340989845703
55010	-0,021579673237428987	55010	-0,0805701606063793	55010	120,00180819479098	55010	0,2055977656313015
55020	-0,037751919187492031	55020	-0,07432043882635353	55020	120,00204574721192	55020	0,35715561720699174
55030	-0,038763821614492842	55030	-0,067730819610988632	55030	120,00673403934856	55030	1,4839029368891856
55040	-0,057407191287549952	55040	-0,085781566190609893	55040	119,99933500064894	55040	0,7266957459266139
55050	-0,045526957435331014	55050	-0,085457884423078764	55050	119,9977969207301	55050	-0,77091158266150983
55060	-0,039568448050648929	55060	-0,094478761783692911	55060	119,99740197924187	55060	-0,48739387831850345
55070	-0,046479457776433739	55070	-0,091436105698887313	55070	119,99744401219235	55070	-0,44884061737311914
55080	-0,025555002321881303	55080	-0,07391041050166082	55080	120,00297686672779	55080	0,77989309614353275
55090	-0,043675406217481248	55090	-0,069099738795919491	55090	120,00223858565683	55090	0,67406686272516647
55100	-0,027574604997580222	55100	-0,085691836998227522	55100	119,99838085419235	55100	0,046850602655134688
55110	-0,019944598760718926	55110	-0,082787608471402319	55110	120,00316069670672	55110	0,6951357453036795
55120	-0,041266352701956069	55120	-0,076233394637764448	55120	120,00128794054423	55120	-0,2417593463792726
55130	-0,020871352840171407	55130	-0,081138431347565793	55130	120,00214854584746	55130	-0,37754344791216721
55140	-0,030973301110363862	55140	-0,086286408802287148	55140	119,99987411043178	55140	0,29532162155927394
55150	-0,052243903629891952	55150	-0,0741946415915848	55150	120,00107370223948	55150	0,17338452388153491
55160	-0,031717135933442206	55160	-0,077625938809911976	55160	120,00171394161092	55160	-0,18868603599374614
55170	-0,034384411409218357	55170	-0,08350148431836267	55170	119,9983536635537	55170	-0,9514969903267736
55180	-0,038740805581021526	55180	-0,0756921816071611	55180	120,00220628838422	55180	0,95319722936801821
55190	-0,041093960045257109	55190	-0,080030177958399284	55190	119,99947660839695	55190	0,83632666670011635
55200	-0,037912396119690127	55200	-0,0769611320372686	55200	119,99981702567669	55200	0,32942719629684747
55210	-0,01569212156043873	55210	-0,0832800207606434	55210	119,99845415404397	55210	0,59787371487613039
55220	-0,044589377265091115	55220	-0,08940095610746529	55220	119,99809063452868	55220	-0,45451430526235703
55230	-0,037334155224561807	55230	-0,078687930880705609	55230	120,00103849607491	55230	0,95981689492596378
55240	-0,024933092119810991	55240	-0,07797790024450453	55240	120,00144220375373	55240	0,36985032532576423
55250	-0,022248365145952513	55250	-0,088321538813224881	55250	119,99996505345864	55250	-0,85697073413891478
55260	-0,044489524075758791	55260	-0,072669839009306958	55260	120,00228461549143	55260	0,18206637250107466
55270	-0,041390176484274031	55270	-0,084430341085752411	55270	119,99838402763137	55270	-0,53707106443681185
55280	-0,038358721358950319	55280	-0,0712421692477309	55280	120,00376914315285	55280	0,49297806927549725
55290	-0,033189511188379393	55290	-0,080957824809784015	55290	119,99982600792113	55290	0,47499170945205538
55300	-0,04376107579004436	55300	-0,076236382995438126	55300	120,00058119105489	55300	-0,2474709354524447
55310	-0,037708079128199866	55310	-0,079274923012175591	55310	120,00253649230211	55310	0,68764445728759882
55320	-0,03369639971096109	55320	-0,091754590934011351	55320	119,9957712723504	55320	-0,53928352723902839
55330	-0,029798518743345114	55330	-0,086520246459774741	55330	119,99715014074032	55330	-0,73893756111064335
55340	-0,028786131986568347	55340	-0,074381528043552192	55340	120,00214170278871	55340	0,93605357863279537
55350	-0,024993022153992493	55350	-0,087029117559453528	55350	119,99818163325107	55350	-0,06190016180613872
55360	-0,023006942056010921	55360	-0,078129388234967484	55360	120,00215608354223	55360	0,60385602960324325
55370	-0,049875124133653914	55370	-0,08928018472343216	55370	119,99761758222948	55370	-0,30302372258337978
55380	-0,026470177404648857	55380	-0,088588416230354031	55380	119,9992233078999	55380	-1,2613888196336602
55390	-0,031402513050175912	55390	-0,078054962588571586	55390	120,0007315203475	55390	1,2803196182047949
55400	-0,047137231720099787	55400	-0,089342845957096184	55400	119,99819640621048	55400	-1,3082152067777548
55410	-0,0359127583723255	55410	-0,08439587772187071	55410	119,99895080576914	55410	-0,19023690917521749
55420	-0,02851749653567533	55420	-0,072613348681826492	55420	119,99969938893035	55420	-1,1623186546159274
55430	-0,026568805130386609	55430	-0,073800220618168932	55430	120,00092642654985	55430	-0,12452556867372178
55440	-0,033329197997118094	55440	-0,087359510946573127	55440	119,99903428837808	55440	-0,36902908130795342
55450	-0,033622166721128249	55450	-0,080670280681422277	55450	119,9992484449361	55450	-0,21923898031718836
55460	-0,035204342434017523	55460	-0,079271953980441262	55460	120,00094357267589	55460	-0,19372098694605344
55470	-0,031114434339017647	55470	-0,084203339029339519	55470	119,99942175917694	55470	-0,10062922891083248
55480	-0,036210882448480079	55480	-0,083079081398320376	55480	119,99889473859689	55480	0,12384827343335023
55490	-0,024688431696607484	55490	-0,076650637260107846	55490	120,00207825780539	55490	0,77940016821338154
55500	-0,03400449312396947	55500	-0,08958804846253926	55500	119,99591513551512	55500	-1,4230055929161294
55510	-0,027012553348143811	55510	-0,082385030153030628	55510	120,00080765724367	55510	0,0029740463594304933
55520	-0,039297872985758486	55520	-0,088025165955778861	55520	119,99627858197076	55520	-0,28596675956187845
55530	-0,037197215238279152	55530	-0,080084584472213186	55530	120,00093056150253	55530	0,51243688011590238
55540	-0,033204511694504647	55540	-0,081904335553445645	55540	120,00017526070269	55540	0,21603643264393324
55550	-0,041991335671903489	55550	-0,08555947709070208	55550	119,99859518274498	55550	-1,0846655603940916
55560	-0,017310158102601461	55560	-0,07979331914660881	55560	120,00257808912741	55560	-0,31882093009096285
55570	-0,035624248085099348	55570	-0,069543357222764446	55570	120,00059382322546	55570	0,17567932891051938
55580	-0,018180226233060835	55580	-0,070869220341793	55580	120,00193480218975	55580	-0,42731980444688766
55590	-0,032747934025930056	55590	-0,08577960262684188	55590	119,99890390012254	55590	0,055714295826119142
55600	-0,032372016848788793	55600	-0,0800958133024428	55600	119,99758517134369	55600	-1,1829080938005323
55610	-0,028604726194104143	55610	-0,095842312278226177	55610	119,99937603117118	55610	0,21871904604383929
55620	-0,031686140198697546	55620	-0,076167381531075162	55620	119,99848850607494	55620	0,59576559243896809
55630	-0,03028913983070276	55630	-0,07922999184083003	55630	119,9994548720717	55630	-0,32932841709098831
55640	-0,03782602794655595	55640	-0,085942930798106817	55640	120,00014012329834	55640	0,58002258620634684
55650	-0,045715211489898683	55650	-0,0952870790014089	55650	119,99573206984167	55650	-1,6706753243584431
55660	-0,028756603481852858	55660	-0,077291298107271811	55660	120,00189473004211	55660	0,64952950414266719
55670	-0,034739593660291973	55670	-0,09192788737319324	55670	119,99686201524324	55670	-1,0650046992405844
55680	-0,031537475406513547	55680	-0,07752092399160565	55680	120,00289067660557	55680	0,3325528767402951
55690	-0,025489347412293285	55690	-0,082978241550744042	55690	119,99985757469507	55690	0,45041089439886195
55700	-0,049017983496499648	55700	-0,087972461730097387	55700	119,99762951324233	55700	-1,0279591472430445
55710	-0,033435565632044563	55710	-0,080190182717045713	55710	120,0019767767507	55710	-0,24370685071461734
55720	-0,029755430523402755	55720	-0,092145992363353746	55720	119,99869648621124	55720	-0,39053292120273048
55730	-0,026296590160759005	55730	-0,086784502788611953	55730	119,99921527271368	55730	-1,2116578087055097
55740	-0,032848032058462283	55740	-0,093259546954607586	55740	119,99731787886677	55740	-0,72666696101333828
55750	-0,028024974243870633	55750	-0,081013418223523676	55750	119,99892167349556	55750	-0,28630217285987103
55760	-0,031144924424301557	55760	-0,0904557964729944	55760	119,9991158498556	55760	-0,22883420469350491
55770	-0,042269808724882146	55770	-0,084945765746364227	55770	119,99950673174349	55770	0,25578473034507276
55780	-0,041768569423583007	55780	-0,083814097163549137	55780	119,99887496181195	55780	-0,46796157659575149
55790	-0,027815973958646083	55790	-0,078180055355850236	55790	120,00248610661072	55790	0,73694680927572287
55800	-0,04800938551297395	55800	-0,088618101045563155	55800	119,9983285278435	55800	0,2110748433328038
55810	-0,03945289647297727	55810	-0,086277400713664867	55810	119,99960554304445	55810	-1,2744847203161431
55820	-0,035203563972038325	55820	-0,094213271078360486	55820	119,99756583985278	55820	0,16954346195193704
55830	-0,043820320283719669	55830	-0,087612434132865721	55830	120,00125290535488	55830	-0,330838679204724
55840	-0,029552265347184692	55840	-0,079965618613105582	55840	120,00217171941004	55840	0,94204722445508893
55850	-0,033756033493494438	55850	-0,08888881559965485	55850	119,99750527552418	55850	-0,81490062719186707
55860	-0,027535402102291575	55860	-0,079010766037048208	55860	120,00275303559505	55860	0,53908292651477441
55870	-0,028114483094562159	55870	-0,075626346988146881	55870	119,99955095903847	55870	0,3305956678120332
55880	-0,046485360083386322	55880	-0,08187889643140836	55880	120,00270210756577	55880	-0,254806523149672
55890	-0,043267835661361477	55890	-0,075808826633132723	55890	120,002251648223	55890	1,323360908672313
55900	-0,031077631976678823	55900	-0,0778923967301673	55900	120,00040101232221	55900	-0,63081019066180666
55910	-0,021675654445435934	55910	-0,083854603807032982	55910	119,99959599827368	55910	-0,15452238688956255
55920	-0,036069546973574583	55920	-0,071645305551896049	55920	120,0000401256651	55920	0,65947378109753763
55930	-0,041608341769501719	55930	-0,060286747008140407	55930	120,00329801930647	55930	1,1009212880192103
55940	-0,045214771777514318	55940	-0,091474664352969984	55940	119,99851871268278	55940	0,83183178331571606
55950	-0,033365476427714813	55950	-0,085459562826897539	55950	119,99805753485452	55950	-1,2017127025325207
55960	-0,022755281930844789	55960	-0,07677440714808216	55960	120,00317258959086	55960	0,98352309424426754
55970	-0,045132875937636589	55970	-0,085001185534258811	55970	119,99787972795652	55970	-0,36783794507705925
55980	-0,028605925038696873	55980	-0,088329031389632981	55980	119,99916562316591	55980	-0,34330807293371812
55990	-0,0317355741007765	55990	-0,081528246258385909	55990	120,00064750878143	55990	0,1515200123729849
56000	-0,038013473843202368	56000	-0,0915956231090202	56000	119,99718795275796	56000	-0,62081970306413969
56010	-0,013753271357990761	56010	-0,075247931978304317	56010	120,00420409073227	56010	0,4913421070746592
56020	-0,045981772779724324	56020	-0,075730275559337215	56020	120,00066690380703	56020	0,047530349781931075
56030	-0,044265479117698715	56030	-0,058266874742003809	56030	120,00500388555543	56030	-0,21949640277188626
56040	-0,047412402010718564	56040	-0,07747507703105791	56040	120,00088340561452	56040	0,93793637814357644
56050	-0,038987737988304558	56050	-0,090027705536283892	56050	119,99733968208263	56050	-1,4013005985656204
56060	-0,027070595830016794	56060	-0,075239558736743609	56060	120,0003949834818	56060	0,39413665422349153
56070	-0,041849950807273745	56070	-0,098217585509803293	56070	119,99556257425878	56070	-1,0664587457176253
56080	-0,032191737795169054	56080	-0,078919333543564674	56080	120,00038330296293	56080	0,78051257184176381
56090	-0,036438818324852733	56090	-0,0919688992684618	56090	119,99856065345558	56090	-0,25225681257781118
56100	-0,030604356905006569	56100	-0,08069433569820747	56100	119,99881930320056	56100	0,20708970236085833
56110	-0,031327831190940625	56110	-0,0806832225375412	56110	120,00265828781939	56110	0,72457741054728153
56120	-0,018940692470629305	56120	-0,073201399539185544	56120	120,00027021233927	56120	0,095242304817812012
56130	-0,036539949744957383	56130	-0,070026424877814741	56130	120,00322668828805	56130	0,50422652114624211
56140	-0,044475146859281257	56140	-0,093148593008148733	56140	119,99930570015245	56140	-0,19145240802774133
56150	-0,029883421412609721	56150	-0,088309781596802986	56150	119,99835553468218	56150	-1,014617734048219
56160	-0,037488905246525185	56160	-0,079683781374501411	56160	120,0026108766496	56160	0,8689735341252105
56170	-0,032014956709473158	56170	-0,081612879751673986	56170	120,00000535962927	56170	-0,077226240995141776
56180	-0,03024092706079648	56180	-0,097691811559006747	56180	119,99743517635618	56180	-1,1246177253395913
56190	-0,032245042717535713	56190	-0,074506736625420539	56190	120,00120294025696	56190	1,3297162619470113
56200	-0,04517549834167018	56200	-0,0868764259597533	56200	119,99470629711881	56200	-1,0800274462881387
56210	-0,031488145464404593	56210	-0,088020254168727746	56210	119,99935856202646	56210	-0,05213966336938991
56220	-0,035895183034428235	56220	-0,080719629722939779	56220	120,00019303873644	56220	0,96675825822362249
56230	-0,032206573874687318	56230	-0,079813201266672573	56230	120,01178873173977	56230	1,8649046553447406
56240	-0,025225862822155269	56240	-0,11333027906627582	56240	120,10992709711876	56240	14,495221051057555
56250	-0,033548724306725237	56250	-0,18073674269831208	56250	120,38632266712833	56250	34,428891956181161
56260	-0,053894295671250335	56260	-0,30762301250655222	56260	120,94600618481634	56260	66,823431680604671
56270	-0,0443487139371067	56270	-0,51508244712772311	56270	121,87896415677859	56270	106,84190221160259
56280	-0,019326300116949184	56280	-0,74570760542014825	56280	123,30530429547395	56280	160,3022153544714
56290	-0,018501130604992765	56290	-0,99397079404233235	56290	125,33208039788983	56290	224,52252291349834
56300	-0,00025069769380751489	56300	-1,2192100635606944	56300	128,05512992928846	56300	296,05505076054493
56310	-0,043759078361122354	56310	-1,4301855254366522	56310	131,59432350386638	56310	381,63167168244462
56320	-0,034988532466813126	56320	-1,5912688582188024	56320	135,81392796416844	56320	403,763004871672
56330	0,020104278620962875	56330	-1,1910873567406313	56330	139,53890759459992	56330	368,09330930079176
56340	0,14022791487912	56340	-0,26848682693419323	56340	142,58672411393584	56340	273,96488903272245
56350	0,16981567833043279	56350	1,0505500286552196	56350	144,67012183733755	56350	176,69098116989687
56360	-0,031997302584900938	56360	2,065004305699917	56360	145,93879567131148	56360	109,00408570460303
56370	0,014401086601259007	56370	2,9449311184477875	56370	147,153543014397	56370	116,05975485986684
56380	0,10869640035048109	56380	3,1842039771026243	56380	147,404995249748	56380	-12,14459324950721
56390	0,15141591112887631	56390	3,2416811994828802	56390	147,13328055861317	56390	-28,55149843583283
56400	0,13864643886316463	56400	2,9845546486967081	56400	146,78738041471178	56400	-35,820948690300767
56410	0,06332709417175926	56410	2,4953113862605485	56410	146,37978084567533	56410	-39,297938762918108
56420	0,059444151484649092	56420	2,054360317190862	56420	146,01043618669777	56420	-34,754695865992076
56430	-0,018673682205670044	56430	1,6974949528066012	56430	145,72238691152654	56430	-26,693102033669827
56440	-0,034568924634279727	56440	1,5274966850939924	56440	145,52353773879827	56440	-16,225566787134341
56450	-0,00352561396296779	56450	1,4973281265921967	56450	145,43002974817176	56450	-4,30935712390425
56460	-0,033548342735691537	56460	1,5255443685625227	56460	145,46655704129987	56460	6,4973487599273225
56470	0,029736185906680649	56470	1,6884676139383139	56470	145,59341626271157	56470	14,710688168742291
56480	-0,0010059671948197237	56480	1,851872151868889	56480	145,7852118093092	56480	20,967497741587238
56490	0,060943315598475718	56490	2,0180990787948119	56490	145,98824908443038	56490	19,233192840938351
56500	0,027345328362149448	56500	2,1608738277531145	56500	146,16444244048779	56500	16,479255782713402
56510	0,035048525222288879	56510	2,2699351845368287	56510	146,29080678698651	56510	9,7399355419912741
56520	0,039090601397190741	56520	2,3511498409092031	56520	146,3564133863398	56520	4,7001864219382821
56530	0,0484596028281222	56530	2,3579609325495481	56530	146,36545957754663	56530	-0,65939121130101619
56540	0,040902606239209063	56540	2,3454884240342211	56540	146,34228018228131	56540	-3,067995567395557
56550	0,057498572262010134	56550	2,2835206067986364	56550	146,2891091101196	56550	-5,9871472570531212
56560	0,032005437316561421	56560	2,2351493305008918	56560	146,23315065641654	56560	-6,9258698482101346
56570	0,041633292009319922	56570	2,209345361645155	56570	146,17597000553658	56570	-5,9372275827180809
56580	-0,011700932638169017	56580	2,1762991906013394	56580	146,12968995749384	56580	-4,6898905606659813
56590	-0,031120390292105459	56590	2,1498429152485916	56590	146,09162912452436	56590	-3,9279082559133536
56600	-0,058424882933587517	56600	2,1479447345472114	56600	146,07919384462136	56600	-0,061113084972459264
56610	-0,11131325717790037	56610	2,122721268639868	56610	146,07582716835165	56610	0,11416165529706349
56620	-0,10380137739988245	56620	2,1457307583628809	56620	146,09162327430849	56620	1,9468747853813944
56630	-0,12869211773856987	56630	2,1767680383376451	56630	146,10794824646615	56630	2,6225100823901535
56640	-0,079751040254227079	56640	2,2004544272618	56640	146,12147582893624	56640	2,0853924969845838
56650	-0,072882379794103946	56650	2,2299131218352435	56650	146,1433617834698	56650	2,2448759610630575
56660	-0,054390923468517052	56660	2,2211787746568876	56660	146,15550183005712	56660	1,5743521990899971
56670	-0,024469219580296912	56670	2,2591762099210424	56670	146,16917272356474	56670	0,88514479938848778
56680	-0,032586012603641946	56680	2,2506803728792866	56680	146,17760786699597	56680	0,31696795568698455
56690	-0,030087420223008806	56690	2,2674299685718644	56690	146,18447239791763	56690	0,90337855643285647
56700	-0,015949027531006955	56700	2,2298819095901843	56700	146,17552242995373	56700	-1,5531262872627611
56710	-0,071598885049656336	56710	2,2316533727789616	56710	146,17660233101955	56710	-0,28310414841527809
56720	-0,066043702262594539	56720	2,2243490378815074	56720	146,17182399263317	56720	-0,8535496010975776
56730	-0,094513908176517433	56730	2,2009898271884105	56730	146,16377562896312	56730	-0,68732569051350378
56740	-0,11320034022697637	56740	2,194048406346063	56740	146,15819983229471	56740	-0,56526590617769323
56750	-0,093413859484122813	56750	2,1916680976139666	56750	146,1551617653557	56750	0,18779833432873638
56760	-0,11683343530422714	56760	2,1702532076127969	56760	146,14991008004691	56760	0,085033932751858
56770	-0,10660716344414706	56770	2,1815192030213408	56770	146,150447485075	56770	-0,19593006829026502
56780	-0,11278912908118872	56780	2,1721293815626717	56780	146,1508191194151	56780	-0,20136629579399346
56790	-0,10304714602248573	56790	2,1881488211232472	56790	146,15322677213811	56790	0,037715742094104956
56800	-0,084591043286336251	56800	2,2082502573749716	56800	146,15964296460177	56800	0,67044896816002686
56810	-0,10018992509503875	56810	2,1853254424917519	56810	146,15684819331131	56810	0,35123180582588104
56820	-0,05719964687991172	56820	2,1944079267488523	56820	146,15726328576093	56820	-0,097027965241748476
56830	-0,10548319915040859	56830	2,1882036541539316	56830	146,15731200883323	56830	0,786465386646291
56840	-0,086722229917441634	56840	2,1800509407091009	56840	146,15189821259915	56840	-2,4792930975727603
56850	-0,072702601009253631	56850	2,1948157788208094	56850	146,15299351780382	56850	-0,53860542530426492
56860	-0,10690529611387721	56860	2,1948044173454853	56860	146,15537860252775	56860	0,17827290015699282
56870	-0,1072577216101131	56870	2,2016517954804042	56870	146,15399576286126	56870	0,0116677818096238
56880	-0,0984604076171077	56880	2,1823667195558283	56880	146,15126185368638	56880	-0,82914068972149468
56890	-0,10825234976567678	56890	2,1934568054048968	56890	146,15124331351166	56890	0,0883152015795412
56900	-0,091065702120686945	56900	2,195789188954921	56900	146,15210315799951	56900	-0,49201863016418046
56910	-0,11598779915067091	56910	2,1880793583072573	56910	146,151473273204	56910	-0,4404367395057297
56920	-0,090031728669233119	56920	2,219329041520643	56920	146,15820332146546	56920	1,3137662353789843
56930	-0,10021917994262465	56930	2,1870954470993724	56930	146,15243444880525	56930	-0,60914300275147748
56940	-0,092656036824626864	56940	2,2112091047874292	56940	146,15665107618364	56940	-0,21475809842250704
56950	-0,0811238802218868	56950	2,200921776628916	56950	146,15599379575258	56950	0,11312131889154531
56960	-0,10356148430928926	56960	2,2036497487408782	56960	146,15969977023826	56960	0,12317647566811224
56970	-0,073473911773240627	56970	2,2229500260855484	56970	146,1612987663049	56970	0,67182180673363023
56980	-0,082142663315302566	56980	2,19951285535045	56980	146,15843643952715	56980	-1,0318397841416451
56990	-0,097764934932611278	56990	2,1974819591282166	56990	146,15424323638965	56990	-1,0432601111489253
57000	-0,060382437512893038	57000	2,2155874361730108	57000	146,15831220560247	57000	-0,447458712447361
57010	-0,10584181747280515	57010	2,1910613805596708	57010	146,1581568375538	57010	1,0528258721738006
57020	-0,0743102955271758	57020	2,1836078137996817	57020	146,15170956773793	57020	-0,47868425825301208
57030	-0,10440869712588746	57030	2,1973538249811511	57030	146,15845955965341	57030	0,97427154359813639
57040	-0,0964243553055342	57040	2,1814221364208226	57040	146,15178047688121	57040	0,19460704878664537
57050	-0,08723328116188471	57050	2,1589081022835259	57050	146,15150359191091	57050	0,19340846979787385
57060	-0,077982338327142117	57060	2,1505771469737707	57060	146,14923946646363	57060	0,0081417423894635244
57070	-0,053033863539213785	57070	2,1417950714535721	57070	146,14959123988857	57070	-0,19770246601849256
57080	-0,0647665119474931	57080	2,1177630517683377	57080	146,14525768882115	57080	0,80930488889296426
57090	-0,051838779256014066	57090	2,1170035027024423	57090	146,14349490874909	57090	-0,62190950960677394
57100	-0,019693237821225465	57100	2,1221866208644586	57100	146,14714011940558	57100	1,6521291124628963
57110	-0,056408638507353455	57110	2,0906101984426555	57110	146,14257845379066	57110	0,76352420994010206
57120	-0,031325937500186515	57120	2,0885027187044733	57120	146,13971397612417	57120	-0,89664433516137387
57130	-0,052711105565137487	57130	2,1115762377518816	57130	146,1460193218787	57130	0,19218312372518842
57140	-0,061704136268124765	57140	2,116156630163657	57140	146,14598591346072	57140	-0,053275413406134745
57150	-0,034021441473629142	57150	2,129007085124202	57150	146,15042126695448	57150	0,40402819933702505
57160	-0,068614429375588731	57160	2,1230190274454031	57160	146,14837857502326	57160	-0,74478685755215612
57170	-0,037925777033644595	57170	2,1322063635484905	57170	146,14946292871591	57170	-0,70150845824619634
57180	-0,053031284479812459	57180	2,1454762515065293	57180	146,15183262019497	57180	-0,24978434377931541
57190	-0,066719418767365257	57190	2,1295644883790166	57190	146,14681478306954	57190	-0,50038401500895491
57200	-0,047146930257802991	57200	2,161614693447663	57200	146,15405052595145	57200	0,784009108589196
57210	-0,086070671368173618	57210	2,1418281067885712	57210	146,15151582128544	57210	0,21848754836302714
57220	-0,050557195745854926	57220	2,1516892728693984	57220	146,14968935948477	57220	-0,53978193219112147
57230	-0,06352822856531655	57230	2,1458648344740761	57230	146,15248366712149	57230	1,3543347068934797
57240	-0,043285904327734166	57240	2,1339442584405184	57240	146,14843113477187	57240	-0,15843151808554923
57250	-0,044165828624652841	57250	2,1477869391893125	57250	146,15166219999992	57250	1,0167965789253795
57260	-0,061648914828589516	57260	2,123061272351686	57260	146,14528626772253	57260	-2,0881581362283081
57270	-0,04007259189272639	57270	2,1413533057246941	57270	146,15175680352576	57270	1,3431867706431038
57280	-0,054406709745805769	57280	2,1232945566236334	57280	146,14692402321336	57280	-0,11869045007871254
57290	-0,0424132342114768	57290	2,1278372385938584	57290	146,14587031383368	57290	-0,68467027978534056
57300	-0,040501681269442751	57300	2,1422751954668118	57300	146,14787697893613	57300	0,48000880517357125
57310	-0,078033162218555191	57310	2,1146715132252409	57310	146,14558527635961	57310	0,20802747485957562
57320	-0,0044799893797622713	57320	2,1014041953745948	57320	146,13980263685838	57320	-1,1737193391618219
57330	-0,048711942654061639	57330	2,1054058118343915	57330	146,14464583596717	57330	0,56840439411103416
57340	-0,051468120766757816	57340	2,1155113152497491	57340	146,14518854336848	57340	0,0031250010880338186
57350	-0,040227891240771925	57350	2,1221578249354356	57350	146,1472940061534	57350	-0,806546125739808
57360	-0,0561198007072839	57360	2,1289588551216863	57360	146,148515898668	57360	0,52681981639084619
57370	-0,034694717918247672	57370	2,1310575140380346	57370	146,14984360734172	57370	0,00080518751639968578
57380	-0,052367552755451928	57380	2,1315764042334364	57380	146,14966200627782	57380	1,0396167815165414
57390	-0,055216431626087775	57390	2,1241783736186872	57390	146,14732127793261	57390	-0,88901781831039783
57400	-0,058536974547406979	57400	2,1188332544227393	57400	146,14646660533498	57400	-0,55958139571815046
57410	-0,07965064288857561	57410	2,1217639472994358	57410	146,14773493779217	57410	-0,09840927702649567
57420	-0,03362354752540616	57420	2,1358461876213051	57420	146,14762664809575	57420	1,1000565132725535
57430	-0,054729316547299685	57430	2,1264501562584437	57430	146,14820201893184	57430	-0,2092945793810212
57440	-0,0486700981581154	57440	2,1274411165268297	57440	146,14689924889598	57440	-0,884526672844516
57450	-0,0445403035213166	57450	2,1174480572746268	57450	146,14402263940042	57450	-0,62986100999593164
57460	-0,079355447215817151	57460	2,1315060664519865	57460	146,14963077603341	57460	1,0714998084744603
57470	-0,025181055730760304	57470	2,1430092762365569	57470	146,1497978839659	57470	-0,64340445565378812
57480	-0,063201454857073	57480	2,1438347965941982	57480	146,15107804083735	57480	0,31315578157200052
57490	-0,044905469623804956	57490	2,141917968552888	57490	146,14780545969418	57490	-1,1291104600273125
57500	-0,054989057398412228	57500	2,1609734254196997	57500	146,15335540464255	57500	0,95160361897190249
57510	-0,06250786793573393	57510	2,1313387112142328	57510	146,14735534352505	57510	0,018669822247460666
57520	-0,030791574759505051	57520	2,1287207046016481	57520	146,14539598960533	57520	-1,3509716347034075
57530	-0,059583891807186914	57530	2,1378207533815381	57530	146,15085512476861	57530	1,0133256726144304
57540	-0,065094174421731446	57540	2,1188305359654755	57540	146,14473420510268	57540	-1,7562930348290231
57550	-0,037476732392336738	57550	2,1209402342837662	57550	146,14761450218953	57550	-0,31644075867962806
57560	-0,076537979485594626	57560	2,1235498639523711	57560	146,14952741989586	57560	0,17227016905327836
57570	-0,033676691313125728	57570	2,1279984497969697	57570	146,14668745657389	57570	-0,48965725914804681
57580	-0,040275426358127836	57580	2,1125241320866115	57580	146,14440554949562	57580	-0,26920415668916531
57590	-0,057970140396565221	57590	2,1302177326553697	57590	146,14843841701062	57590	-0,40353887478050576
57600	-0,0256877564434322	57600	2,1182659344580972	57600	146,14478216892968	57600	-1,7280721983915637
57610	-0,06587683252504517	57610	2,1182047792736216	57610	146,14442538349496	57610	-0,31340325262611485
57620	-0,023527024842876595	57620	2,1338040880611304	57620	146,1461809681837	57620	-0,31112871550672333
57630	-0,045721155494742621	57630	2,1099383959581117	57630	146,14335760235147	57630	-0,36183127949883148
57640	-0,050391099583680453	57640	2,1148220839880914	57640	146,14615968534653	57640	-1,1477408156189655
57650	-0,042614008503966933	57650	2,1337507560866973	57650	146,15048244348324	57650	0,34318199727142928
57660	-0,057287494254078107	57660	2,1236321061125958	57660	146,14714077562843	57660	-0,33927684223356314
57670	-0,045202128393552976	57670	2,1242529426213741	57670	146,14685337584498	57670	-0,2223912847579862
57680	-0,068583095205784969	57680	2,1410157784084234	57680	146,1497550461668	57680	0,52584097761304927
57690	-0,050271017063016343	57690	2,1295053431786242	57690	146,14821564500693	57690	-0,32048709870035785
57700	-0,056490781300631225	57700	2,13032473239656	57700	146,15025135744398	57700	0,15665134921799168
57710	-0,058026471270661496	57710	2,1087375449472217	57710	146,14477426808134	57710	-0,48927198611994427
57720	-0,0537954649672822	57720	2,1434231704990254	57720	146,14969205379498	57720	-0,87658212996991758
57730	-0,062861662878365046	57730	2,1309382946068913	57730	146,14895894961981	57730	-0,34628895591806119
57740	-0,06122626982021516	57740	2,1203490612389997	57740	146,14702398162649	57740	-0,36678756060946127
57750	-0,052608327096912655	57750	2,1435529148782893	57750	146,14925616493784	57750	-0,17035078325846526
57760	-0,069985069406969067	57760	2,1392481347765142	57760	146,14860069580462	57760	-0,83135126891280242
57770	-0,025045794725423766	57770	2,1217223399606842	57770	146,14434841906964	57770	-0,32184547668270291
57780	-0,034556260316137517	57780	2,11701363115403	57780	146,14756922570385	57780	0,20931329673280485
57790	-0,049498640540585677	57790	2,1334018517573741	57790	146,14617415441313	57790	0,68105899164210881
57800	-0,033556159419147073	57800	2,1200576601863217	57800	146,14429982361344	57800	-0,3795183955616066
57810	-0,076809072149651575	57810	2,1193499019963573	57810	146,14587681774341	57810	-0,14063452537513424
57820	-0,058245743730808756	57820	2,1385335046994647	57820	146,14965375523471	57820	0,37253040050647396
57830	-0,051411306662829746	57830	2,1135551044364531	57830	146,14641559988576	57830	-0,49621133078251511
57840	-0,070066529531535068	57840	2,1290082986649939	57840	146,14808104799508	57840	-0,095517869813237261
57850	-0,049812193533384626	57850	2,1445452095504591	57850	146,15028916863437	57850	1,3610584382613935
57860	-0,065024310241257335	57860	2,1280356218928214	57860	146,14828609755105	57860	-0,16317846858519516
57870	-0,047436461238751157	57870	2,1333320990383497	57870	146,14839853927853	57870	0,26256600255167778
57880	-0,058824964963007688	57880	2,1381736692253734	57880	146,15025196671061	57880	1,40960349603556
57890	-0,058845211112263568	57890	2,1438284789654891	57890	146,15215249823103	57890	1,0084121487308941
57900	-0,039845523592178626	57900	2,128696527306253	57900	146,1483971516775	57900	0,58985944715628313
57910	-0,069957237755401885	57910	2,1175383417651727	57910	146,14630918965969	57910	0,87934614758151253
57920	-0,033224340203498667	57920	2,120007498755673	57920	146,14463116200142	57920	-0,098876367816290445
57930	-0,050642714726948028	57930	2,13054682042798	57930	146,14582971921828	57930	0,31877294183167026
57940	-0,051465684272247507	57940	2,121364060465182	57940	146,14385750602239	57940	-0,25448353272116853
57950	-0,045236290368166114	57950	2,1485661826830018	57950	146,15172986599777	57950	0,28849885009414211
57960	-0,07320871757744403	57960	2,1242888603927859	57960	146,14781946787062	57960	-0,53231047826583389
57970	-0,05747223988858606	57970	2,1522525084143469	57970	146,15402818953157	57970	0,787812396394604
57980	-0,063079703782356847	57980	2,1151363865371278	57980	146,14546115031493	57980	-0,80918785182084574
57990	-0,040479667715416612	57990	2,1122517196934192	57990	146,14449491413112	57990	-1,6871387051009794
58000	-0,042521114515092585	58000	2,1440529971657294	58000	146,1483760258447	58000	-0,24600969765390568
58010	-0,049810761971365622	58010	2,1234934691881313	58010	146,14807089698354	58010	0,018066769423988438
58020	-0,028043970256392697	58020	2,1208964352468969	58020	146,144347836414	58020	-1,0622341953110965
58030	-0,052928772517180034	58030	2,1305525294602412	58030	146,15020783886141	58030	-0,34806151202159907
58040	-0,059607627258320445	58040	2,1215213201200736	58040	146,14579470121211	58040	-0,72499898928562634
58050	-0,043700221124991154	58050	2,13227365067246	58050	146,1464761505714	58050	-0,39053277981851964
58060	-0,066105307488442469	58060	2,1328787453654026	58060	146,14830344337037	58060	0,48840513350764381
58070	-0,042818230397736919	58070	2,1253683310962215	58070	146,14614751650797	58070	-0,69969396875133516
58080	-0,077977516933364688	58080	2,1325397664977763	58080	146,14739683317583	58080	1,3067782121937632
58090	-0,059702113807645972	58090	2,1228706040599183	58090	146,14897726015539	58090	0,50106563959795469
58100	-0,035154636921144636	58100	2,1274185735672084	58100	146,14723213699926	58100	0,31382693847126947
58110	-0,076523776625915085	58110	2,0898984992616394	58110	146,1406090043358	58110	-0,987918006505049
58120	-0,04735791024630006	58120	2,1342735765160188	58120	146,14991311475893	58120	0,017804997051446614
58130	-0,041085397589386584	58130	2,1306764517184273	58130	146,14682775525409	58130	0,26995453207227516
58140	-0,04844696086295059	58140	2,1322135655135175	58140	146,14740488455738	58140	-0,26590171983214206
58150	-0,0198514906228243	58150	2,1337050519926826	58150	146,14949458029827	58150	0,20386014339486441
58160	-0,078060607313194183	58160	2,1295714735377667	58160	146,1493776951273	58160	-0,27304126038089138
58170	-0,035932323946243884	58170	2,1301275176343712	58170	146,1494183342987	58170	-0,097673116615917377
58180	-0,052868694791878355	58180	2,1319846208993751	58180	146,14961750299321	58180	1,0857216267341405
58190	-0,041527375588662742	58190	2,1180848805960815	58190	146,1465576889525	58190	-0,090510344043102986
58200	-0,044172363135289515	58200	2,1442240874826228	58200	146,15073447496556	58200	1,0922349897578454
58210	-0,069568645119516173	58210	2,1307624609827127	58210	146,14811910849983	58210	0,37008616662673821
58220	-0,041126908221879956	58220	2,1262109764786472	58220	146,14641294492373	58220	-0,97953286580714161
58230	-0,064557696572377768	58230	2,1386648518327931	58230	146,14793166547094	58230	0,84255180414287345
58240	-0,066128257381264821	58240	2,143093719375043	58240	146,15062692403075	58240	1,1477730393217387
58250	-0,03705325951798915	58250	2,1433175186651114	58250	146,14911037479996	58250	1,0630938403787964
58260	-0,062699271545095248	58260	2,1173436489420876	58260	146,14745229327738	58260	0,0630485424306968
58270	-0,042533758415718485	58270	2,1203019649232959	58270	146,14605482104926	58270	-1,2618579737635522
58280	-0,049811554793544335	58280	2,1183925960694956	58280	146,14596434647081	58280	-0,83333134964503286
58290	-0,046271221354142945	58290	2,1256523996919858	58290	146,14914743360845	58290	-0,048411059370316145
58300	-0,043569601690444541	58300	2,1372169001033328	58300	146,15007866217937	58300	0,47045860524693617
58310	-0,051633423732984171	58310	2,1223770207006303	58310	146,14591670757145	58310	0,29567120023379839
58320	-0,038839499504458058	58320	2,1365514072024916	58320	146,14571203463984	58320	-0,756590675291438
58330	-0,061630014304303878	58330	2,1206552632561939	58330	146,14933560028882	58330	0,48962745838092647
58340	-0,049871760779309104	58340	2,1164904172513004	58340	146,1441533756543	58340	-0,94590211092930943
58350	-0,020987884085902919	58350	2,1327873325514326	58350	146,15121874352357	58350	-0,22288733293228696
58360	-0,060234505214991095	58360	2,128751732788813	58360	146,14629833456277	58360	-0,62086202728443451
58370	-0,0446532863525823	58370	2,1346413437688421	58370	146,147397100504	58370	0,068825311379679316
58380	-0,053700360244542271	58380	2,1234613899731687	58380	146,14680882910304	58380	-0,063290448593355253
58390	-0,058496043953552949	58390	2,1251462177470595	58390	146,14828656125519	58390	0,732173909126462
58400	-0,039593836027522353	58400	2,1364562516703609	58400	146,15089913722164	58400	1,2548406300202672
58410	-0,058143532829394544	58410	2,1206861976448006	58410	146,14481029632421	58410	-1,3976947967316293
58420	-0,047708808222985406	58420	2,13946579692013	58420	146,14919370300675	58420	0,055059097438764332
58430	-0,0612793471579697	58430	2,142281765409308	58430	146,14966026594908	58430	0,34349537534596919
58440	-0,052495842315364923	58440	2,1240344073281805	58440	146,14529815935194	58440	-1,153186348225526
58450	-0,029382818730350719	58450	2,1325285065802118	58450	146,14721155386673	58450	-0,35443367253921082
58460	-0,073144222434300257	58460	2,1389301431733672	58460	146,15110537719207	58460	1,3202102596799987
58470	-0,060102937811562514	58470	2,1317565632194895	58470	146,14700016832941	58470	0,34158288703303386
58480	-0,062433782438042734	58480	2,1355462437700883	58480	146,15072410559787	58480	0,99174520093499241
58490	-0,060288372282790513	58490	2,129334542614461	58490	146,14870627471862	58490	0,77217050027005329
58500	-0,048733961398860021	58500	2,1194596265434535	58500	146,14283930208524	58500	-1,4356429549871281
58510	-0,0628953089797162	58510	2,1242135648819791	58510	146,14983750685533	58510	0,97679381338721261
58520	-0,03472702696954505	58520	2,1265129144545787	58520	146,14682151687464	58520	0,10430115365368958
58530	-0,062504095678275362	58530	2,1191741901573935	58530	146,14671796400626	58530	0,69697062138187
58540	-0,06028652457494077	58540	2,1359782918648236	58540	146,1505044602724	58540	-0,098082000161649
58550	-0,043717154764653807	58550	2,1441322744255094	58550	146,147933676394	58550	0,27504360976876152
58560	-0,08077976531972926	58560	2,145183681598684	58560	146,152380219989	58560	0,13954144545602515
58570	-0,03970677618834996	58570	2,1303173808388012	58570	146,14809678638554	58570	0,3531027880987927
58580	-0,063242206261556952	58580	2,1276485319136125	58580	146,14976323168807	58580	0,94012409919743
58590	-0,054894424595738969	58590	2,1259177169948531	58590	146,14794594475154	58590	0,13593611457133406
58600	-0,039407035849443453	58600	2,1405564075827792	58600	146,14937832106347	58600	0,81148114977922226
58610	-0,072867568260696888	58610	2,1146193575875785	58610	146,14346972173479	58610	-1,0555206391714558
58620	-0,043520959195458821	58620	2,1411206987431775	58620	146,14837629236612	58620	-0,7259767861948796
58630	-0,0827230684811151	58630	2,1343089229362477	58630	146,14884719177653	58630	0,6232587883283589
58640	-0,044331616522866851	58640	2,1283028551275009	58640	146,1481126570765	58640	0,62774395875475009
58650	-0,040504054182932223	58650	2,1309113389702832	58650	146,14937123474118	58650	0,4749932016479832
58660	-0,066541603931604271	58660	2,1201328392265415	58660	146,14790411660599	58660	0,13843753731274408
58670	-0,053706826202756144	58670	2,1399381421793047	58670	146,15075314738522	58670	-0,088309293938454991
58680	-0,056184933659402844	58680	2,1342880449805359	58680	146,14806652670336	58680	0,13681812909766039
58690	-0,055353516044272806	58690	2,140420024997717	58690	146,14920952900295	58690	0,1173161732547176
58700	-0,043313121455292938	58700	2,1405132932362565	58700	146,14883510319817	58700	0,8683294330205179
58710	-0,062711205018338392	58710	2,1059234988290623	58710	146,14303224873154	58710	-1,3324644043407403
58720	-0,041640207473850818	58720	2,13512080353382	58720	146,14952819471304	58720	0,031753272176513636
58730	-0,055376380909258255	58730	2,135621829379045	58730	146,1479927154266	58730	-0,03445738305825384
58740	-0,055977516340316426	58740	2,1386139335988759	58740	146,15130809978456	58740	1,0951458736123256
58750	-0,055529232313989547	58750	2,1455303990274057	58750	146,14938543859978	58750	0,69054803656459007
58760	-0,076953015611173764	58760	2,1277916137841522	58760	146,14840702802172	58760	-0,095970019384088667
58770	-0,051350952889621479	58770	2,1261498608915121	58770	146,148122683038	58770	-0,62318388322606544
58780	-0,065423860722293684	58780	2,1259957343885452	58780	146,14870953744696	58780	-0,126187817394495
58790	-0,054088158078727036	58790	2,1222126589216836	58790	146,14617452227341	58790	0,81098863033907609
58800	-0,042422486576474031	58800	2,1276581618137729	58800	146,14720710178969	58800	-0,28298227652415692
58810	-0,057501562823332061	58810	2,1301944770570991	58810	146,15077114744565	58810	0,013770993079786742
58820	-0,04488153840193549	58820	2,153123071135858	58820	146,15226294631998	58820	0,89277937988959244
58830	-0,044584224929293349	58830	2,1264348813106961	58830	146,14739111542056	58830	0,064899773076145861
58840	-0,058466024050017953	58840	2,1275039729900564	58840	146,14604167855893	58840	-0,042563483875184716
58850	-0,0467524335665398	58850	2,1414248576386221	58850	146,15108569213606	58850	0,18912331499681345
58860	-0,07180971650601202	58860	2,125031370579693	58860	146,14477596481248	58860	-0,0690105202467409
58870	-0,0431224209212447	58870	2,1114715433051847	58870	146,14219104433772	58870	-1,1725795074536571
58880	-0,063457221488837576	58880	2,1243485755451537	58880	146,14959649529084	58880	0,21678099878874269
58890	-0,0681389132734045	58890	2,1298737270243171	58890	146,15160303634119	58890	0,41653692488575889
58900	-0,042074734331090533	58900	2,1173896091435003	58900	146,14707556451316	58900	0,16143135066416198
58910	-0,0643149997771561	58910	2,128382624560635	58910	146,14790106998271	58910	0,36421866322065355
58920	-0,035558877660657691	58920	2,1331436420904675	58920	146,14834500989102	58920	-0,17075045912121603
58930	-0,046557975673915279	58930	2,1334922413947455	58930	146,14843128394085	58930	0,73725667400411432
58940	-0,061966371890995693	58940	2,1369738727060175	58940	146,14840908901027	58940	-0,90015533289565375
58950	-0,058384800587436586	58950	2,141593564024086	58950	146,15038891315029	58950	-0,48178116873141152
58960	-0,056018440288159672	58960	2,1184247818157935	58960	146,14602421154274	58960	-0,19038060788996436
58970	-0,030843382595283731	58970	2,1321737150985243	58970	146,14762760549962	58970	-0,86629738079113139
58980	-0,050886192546515996	58980	2,1248201582658348	58980	146,14751776116296	58980	0,637692070330346
58990	-0,052562242882787123	58990	2,1239497030000258	58990	146,14565915574269	58990	-0,63672619534629438
59000	-0,0547261007102841	59000	2,1306808960114427	59000	146,14711590447354	59000	-0,37565790035903651
59010	-0,070270432576234831	59010	2,1229403883622049	59010	146,14629442294745	59010	0,29474228683747061
59020	-0,047168694647412558	59020	2,1253848928118253	59020	146,14648064000173	59020	0,049668059320902014
59030	-0,066117466307650433	59030	2,1317769013112193	59030	146,14807702024353	59030	0,89023972729148459
59040	-0,079109862204691725	59040	2,1336987544031558	59040	146,15129151019102	59040	-0,0895660596443271
59050	-0,032783233356685315	59050	2,1416846268822707	59050	146,15029120310834	59050	-0,52229938219047622
59060	-0,063780888554508988	59060	2,113883955322819	59060	146,14388605933948	59060	-0,72819002441900615
59070	-0,037270806875967094	59070	2,1365894542453749	59070	146,14808432892309	59070	0,84621285679733971
59080	-0,047287817431772634	59080	2,1310221211235829	59080	146,14764611454902	59080	0,86035637976297219
59090	-0,052210662679640835	59090	2,1346998411871141	59090	146,14959746022433	59090	0,557183803161278
59100	-0,029886211751871609	59100	2,1530237726209256	59100	146,15194725269956	59100	0,084702887796497484
59110	-0,0624585951465647	59110	2,1269376978479331	59110	146,14765098803397	59110	0,22862586660757936
59120	-0,049639591154870322	59120	2,1323896183401478	59120	146,14878275171623	59120	-0,6118880497128294
59130	-0,063404579767803712	59130	2,1143281869629096	59130	146,14774067741715	59130	0,02332724069930904
59140	-0,058347209393097808	59140	2,1392206494774442	59140	146,15102117089566	59140	0,9904867234149981
59150	-0,04374033406236863	59150	2,129329222928344	59150	146,14574236953445	59150	-0,31499346873535272
59160	-0,063183446067379467	59160	2,1162316334198379	59160	146,14455630346015	59160	-1,4172973902802102
59170	-0,048751174090906353	59170	2,1222016083312174	59170	146,14638834201605	59170	-0,74180347871564978
59180	-0,040989417722097861	59180	2,1321018054757253	59180	146,14910319194203	59180	0,81705005871045133
59190	-0,040305520880229484	59190	2,1169469539400123	59190	146,14460120842105	59190	-0,92672929967083162
59200	-0,054157675462481604	59200	2,1437195842731422	59200	146,148971835637	59200	-0,52231270405627284
59210	-0,066659289834709784	59210	2,1188657858059479	59210	146,14625062362939	59210	0,073458205950829858
59220	-0,061643767527608466	59220	2,1212165641228959	59220	146,14562813022934	59220	-0,36094328128158554
59230	-0,062331744306780533	59230	2,1173536190429623	59230	146,1465908254429	59230	0,48870473564237316
59240	-0,05707732941692522	59240	2,1418880346223403	59240	146,15091408535753	59240	1,0007742644037494
59250	-0,046828351514087728	59250	2,1309668778379511	59250	146,1493000938346	59250	1,0303670556192013
59260	-0,064248364184409337	59260	2,1289648674061792	59260	146,15044737068186	59260	0,66694021667516412
59270	-0,051705505157732069	59270	2,1269775540543381	59270	146,14716271906036	59270	-0,3450210654877135
59280	-0,05760096090121488	59280	2,1272927739534468	59280	146,14994430479544	59280	0,7416170400425659
59290	-0,055118384660910437	59290	2,1239203914083675	59290	146,1455247429889	59290	-1,4720166797760439
59300	-0,037674333221827075	59300	2,1516436785886288	59300	146,15168146369854	59300	0,07267036530791976
59310	-0,066356898835372879	59310	2,1093877657223841	59310	146,14548288320069	59310	-1,1029789062871118
59320	-0,0382965332694582	59320	2,1392010550800644	59320	146,14964595361636	59320	0,26180357965866308
59330	-0,053671308398754849	59330	2,1261996904548011	59330	146,14657588045915	59330	-0,35871735493036128
59340	-0,063918639277336611	59340	2,1235759522327289	59340	146,14502841903436	59340	-0,60774192002026806
59350	-0,042466938225033508	59350	2,1338188946277192	59350	146,1474039596167	59350	-0,16190251853793938
59360	-0,060229113571074529	59360	2,107265679911519	59360	146,1442938798001	59360	0,94920659490322068
59370	-0,047085170113129959	59370	2,1275833227708616	59370	146,14530795838456	59370	-0,54095333002932067
59380	-0,051165593734477668	59380	2,1160501122912891	59380	146,14617018642628	59380	0,85475558069933433
59390	-0,055471205258682009	59390	2,1243629000295359	59390	146,14739077036549	59390	-0,019824088409250207
59400	-0,054843804303119408	59400	2,1343573291050282	59400	146,15091107151906	59400	1,2188997179308485
59410	-0,067797054018822273	59410	2,1322699809486454	59410	146,15083927425286	59410	0,36833853691758683
59420	-0,038010764043627833	59420	2,1417338006457234	59420	146,14931476368753	59420	-0,4547258781031735
59430	-0,060605715686371367	59430	2,1360663025471998	59430	146,14982200015712	59430	0,87067086339421129
59440	-0,045549291321347447	59440	2,1211954883629578	59440	146,14409237446381	59440	-1,4609170825872122
59450	-0,04246359026874786	59450	2,1239512317019003	59450	146,1472672356561	59450	-0,41974860887414911
59460	-0,0817702812948386	59460	2,124991079206727	59460	146,14723993908956	59460	0,81304671686611674
59470	-0,0631748077489738	59470	2,1426529806048631	59470	146,14911265707332	59470	-0,017550782225259048
59480	-0,055868140009584552	59480	2,1309398887350186	59480	146,14847312552445	59480	0,91800804427501526
59490	-0,060181310110484394	59490	2,1261964535143716	59490	146,14791732151264	59490	0,40661323986637765
59500	-0,021282499473448034	59500	2,1156525628164409	59500	146,1444346738129	59500	-0,42755133061550976
59510	-0,074458834627531084	59510	2,1211065466939503	59510	146,14701125920837	59510	1,1492048711387235
59520	-0,046040679821431639	59520	2,1419967186613609	59520	146,14794126614265	59520	-0,55679175179697415
59530	-0,057419791870572626	59530	2,1292784679883079	59530	146,14856591305218	59530	0,37232864280619138
59540	-0,037471790103923028	59540	2,1247760088254286	59540	146,14561461385372	59540	-1,0688321643380196
59550	-0,032172451156094663	59550	2,1426044111742009	59550	146,1497606573389	59550	-0,17214963116442422
59560	-0,068358662793186115	59560	2,1168468348987179	59560	146,14823702675511	59560	-0,3240289068841713
59570	-0,0468825985147679	59570	2,1399844190381576	59570	146,14849300177772	59570	0,44655642057400646
59580	-0,063421216570138425	59580	2,1391417800471428	59580	146,15117633236943	59580	0,32667893502282824
59590	-0,059897788883118572	59590	2,11384793718034	59590	146,14367739181441	59590	-0,5258138226097343
59600	-0,043930285985945283	59600	2,1421651948616187	59600	146,14857663719261	59600	0,91398247123512522
59610	-0,061745699079211722	59610	2,1182173693791695	59610	146,14621436694722	59610	-0,67257145433279031
59620	-0,054800770262302623	59620	2,1181494160441234	59620	146,14791454498067	59620	-0,67180289314306063
59630	-0,053717877074630445	59630	2,1285906671800512	59630	146,14393461931283	59630	-0,28646270370119281
59640	-0,059669401382392247	59640	2,1301788391015215	59640	146,14864388042932	59640	0,073646736677379671
59650	-0,033693311191235045	59650	2,1286658652374273	59650	146,14762029466564	59650	0,1839444993811285
59660	-0,078902222073764836	59660	2,1341770072074917	59660	146,15200754892427	59660	1,2028430916933255
59670	-0,036620686774361942	59670	2,122213796332904	59670	146,14892055868586	59670	-0,46097087092166777
59680	-0,042480924723513148	59680	2,1383848891743766	59680	146,15063718324529	59680	0,63259830197350109
59690	-0,067118645318889766	59690	2,1461751428498261	59690	146,15272567939687	59690	0,22450085576864343
59700	-0,051622548140555037	59700	2,1372301785405132	59700	146,14790719475661	59700	0,21424187971374309
59710	-0,05040685146913701	59710	2,1088414012698915	59710	146,14220403274936	59710	-0,80671206857527389
59720	-0,036796540575048733	59720	2,123638927353988	59720	146,14428104545644	59720	-1,0807756488556231
59730	-0,051204511911033673	59730	2,1193978912973965	59730	146,14539754089867	59730	-1,1076110951601503
59740	-0,053692187715903825	59740	2,1142376016458844	59740	146,14423416602347	59740	-0,685104408595455
59750	-0,043686728746407666	59750	2,12793533487113	59750	146,14601377284109	59750	-0,28889480052339167
59760	-0,073654538846852011	59760	2,1169063086848867	59760	146,14617929345479	59760	-0,3162075890173921
59770	-0,033189080284392235	59770	2,1220755023802864	59770	146,14665315873205	59770	-1,373270214259819
59780	-0,058051495322451727	59780	2,1333085689601683	59780	146,15023475775129	59780	0,77750968847715918
59790	-0,0573224057074357	59790	2,1173028318785021	59790	146,14500613059298	59790	-0,41756146399349525
59800	-0,051185904168272234	59800	2,13177435215245	59800	146,14932836832207	59800	0,0871673189189921
59810	-0,064368892262265331	59810	2,1223571119840043	59810	146,14685960620452	59810	0,23345210083205548
59820	-0,031253324367300259	59820	2,1232601423960649	59820	146,14717322897863	59820	0,20506401389179157
59830	-0,0667972276340753	59830	2,1373035974278665	59830	146,15058255458141	59830	0,46963723380485495
59840	-0,063933204933117729	59840	2,114443771844202	59840	146,14446415490792	59840	-1,6199468027113857
59850	-0,0387386004664176	59850	2,1569193935120805	59850	146,15172204626032	59850	1,2599496396691763
59860	-0,084632694501222724	59860	2,1290825478085154	59860	146,14843346966549	59860	0,37275132495388869
59870	-0,040994402561235321	59870	2,1442545140361964	59870	146,14967301047216	59870	0,13225117367467421
59880	-0,051488749016250918	59880	2,1279674361354224	59880	146,14649197441011	59880	0,82046536270284309
59890	-0,058987092380519225	59890	2,122087538075478	59890	146,1464523100403	59890	-0,26516761854117427
59900	-0,024736524687653548	59900	2,1401550596526508	59900	146,15051952519335	59900	0,19572048514322588
59910	-0,072395807235774351	59910	2,1332461384976114	59910	146,14925925455785	59910	0,65408619647842159
59920	-0,029539133709612364	59920	2,1224182059495971	59920	146,14576043118689	59920	-0,27478260739074289
59930	-0,056789202432727823	59930	2,1251903091804394	59930	146,14599300480094	59930	-0,54387091080016892
59940	-0,069523876845034527	59940	2,117701657537594	59940	146,14469904965159	59940	-0,40357089737647989
59950	-0,037901069835204686	59950	2,1212993613240063	59950	146,14629504494138	59950	-0,34867991622907074
59960	-0,056634603051010167	59960	2,1219398926993547	59960	146,1476208416627	59960	-0,62286578694938977
59970	-0,045939720335281715	59970	2,1219447216404039	59970	146,14825532218151	59970	-0,64103971899021661
59980	-0,050432979018747173	59980	2,138525734144916	59980	146,15040234722457	59980	0,84466216469757938
59990	-0,060183821700166944	59990	2,1401504026663036	59990	146,15048676809971	59990	0,49460610895035684
60000	-0,050781875747230983	60000	2,1438141352816751	60000	146,15077617702562	60000	0,68324913937847875
60010	-0,052939246874791748	60010	2,122860875198918	60010	146,14649633457574	60010	-0,37863337920785411
60020	-0,047684186529259785	60020	2,137714947763143	60020	146,15146589285237	60020	0,63825021732589
60030	-0,0547870715163653	60030	2,140208115565597	60030	146,14749168007944	60030	-0,41049288220337465
60040	-0,0665442019129311	60040	2,1370443959614827	60040	146,14888102553667	60040	0,6824004008234863
60050	-0,056726957642855444	60050	2,1220345548444537	60050	146,14669756504679	60050	0,84886015579901208
60060	-0,041175030752520436	60060	2,1080571443400284	60060	146,14356271271549	60060	0,038654123375291394
60070	-0,050776168557127153	60070	2,1160719041310556	60070	146,14344363830497	60070	-1,846614090507835
60080	-0,066354999576900831	60080	2,1371524385857197	60080	146,14838052033318	60080	0,71038754737199428
60090	-0,058856381330623028	60090	2,1184979204605581	60090	146,14742300245791	60090	0,5103926973610754
60100	-0,065562761272086656	60100	2,139143806822871	60100	146,15202995884536	60100	1,3580579841517586
60110	-0,070382046793607433	60110	2,1202642004093915	60110	146,14921957070322	60110	-0,23385542448840904
60120	-0,052474087322317182	60120	2,1401771053541396	60120	146,15060921860393	60120	0,16913322405842796
60130	-0,035848217471830313	60130	2,1273878043020829	60130	146,1491110792775	60130	-0,36862259743408388
60140	-0,055536144796345055	60140	2,1371990676023724	60140	146,14952910865662	60140	0,56342609346798656
60150	-0,026211845092795116	60150	2,1387290621826418	60150	146,14803493212583	60150	-0,36792314824483074
60160	-0,061262062002798538	60160	2,136344217119146	60160	146,14851186338254	60160	1,1641237757476479
60170	-0,047821862100777511	60170	2,1335882087033826	60170	146,14724820419727	60170	0,50636709097301136
60180	-0,052742613827785507	60180	2,1259854579423751	60180	146,14771743207905	60180	0,14418726818782379
60190	-0,0616929712037853	60190	2,1292680877376822	60190	146,14684390369035	60190	-0,65826329264619021
60200	-0,038843056779931447	60200	2,1246278466006863	60200	146,14767096569213	60200	0,40205636389537291
60210	-0,064603935596977122	60210	2,1293755847943596	60210	146,14714509667047	60210	-0,85924726870898827
60220	-0,041551315594185331	60220	2,1376560299604961	60220	146,14748947859295	60220	0,882065259085435
60230	-0,057823377969553	60230	2,1284114424886371	60230	146,14873512394075	60230	-0,19144881780374617
60240	-0,0669598637090156	60240	2,1226875767938456	60240	146,14638724937015	60240	-0,74279439542735681
60250	-0,042305587123760667	60250	2,1372741704082876	60250	146,15020394012402	60250	0,43258403041236337
60260	-0,066727147526473421	60260	2,141547202341695	60260	146,15025051248705	60260	0,47115139454460175
60270	-0,049701116651170142	60270	2,1182748824296866	60270	146,14250161536407	60270	-0,45816084369283672
60280	-0,048775643058210576	60280	2,1278302842324011	60280	146,14980113104454	60280	0,35185828923223372
60290	-0,045242247993410235	60290	2,1384260989125679	60290	146,149360898401	60290	1,1496008050310385
60300	-0,033928785226603621	60300	2,1568794421246253	60300	146,15384925445071	60300	2,2558139373062591
60310	-0,076024886135827585	60310	2,1324279707080707	60310	146,14812342190726	60310	0,2205128494185673
60320	-0,032354883574086432	60320	2,1346508884093391	60320	146,15083362993698	60320	0,30659223719982087
60330	-0,063934625631700756	60330	2,128625334399838	60330	146,14773580216283	60330	0,18304795574028365
60340	-0,054962856468587631	60340	2,1167717702737252	60340	146,1433681995083	60340	-1,0927396392809279
60350	-0,028463912782196437	60350	2,1405660650688554	60350	146,14885285717659	60350	0,029062826442567635
60360	-0,069242879868700091	60360	2,1237387523210542	60360	146,14631468091113	60360	-0,48442650788125796
60370	-0,049793202477512517	60370	2,1231474507545571	60370	146,14691359248027	60370	0,22412356344218745
60380	-0,05925862195807946	60380	2,1231192561512695	60380	146,14777051015898	60380	-0,43956878505626606
60390	-0,068451411755323766	60390	2,12332671263154	60390	146,14518866335325	60390	-1,0527502068781831
60400	-0,031789494471823027	60400	2,126690629101482	60400	146,14720237051085	60400	1,171699044211906
60410	-0,068586169934366642	60410	2,1225792364701146	60410	146,14661257024113	60410	-0,41086228662476143
60420	-0,045113328511103896	60420	2,1294625757162304	60420	146,14605132599579	60420	-0,75578404312608471
60430	-0,073411409645076017	60430	2,1350215937585388	60430	146,15069965190318	60430	1,0116466011688
60440	-0,059464712595684317	60440	2,1257476053730637	60440	146,14642215923374	60440	-0,41059375433541595
60450	-0,039358521029584564	60450	2,1530018524315042	60450	146,15481838128582	60450	0,93634584219629247
60460	-0,061316290933180126	60460	2,1286192898256324	60460	146,14727190024556	60460	0,92839538349223327
60470	-0,029613286430460288	60470	2,1366049696232761	60470	146,14983826274298	60470	-0,43365454163243861
60480	-0,046706923915935783	60480	2,1394004449709381	60480	146,15025234828607	60480	0,17086880765148238
60490	-0,0690238262969978	60490	2,1170676726091338	60490	146,14580731988019	60490	-1,0488699974216007
60500	-0,045704614932400814	60500	2,1295401673399863	60500	146,14573743493315	60500	-1,19707207053711
60510	-0,0684311950408343	60510	2,1124406836074545	60510	146,14708791134328	60510	0,016194024963340964
60520	-0,036240231534943219	60520	2,1284740961364479	60520	146,14804306904463	60520	0,34829441937424
60530	-0,05823495540421042	60530	2,132091140468809	60530	146,14704122687695	60530	-0,678796999669326
60540	-0,05572817276999259	60540	2,1123314598416778	60540	146,14521234751948	60540	-0,81126059557512764
60550	-0,033726246182002172	60550	2,1387252430075177	60550	146,14785845679424	60550	0,2071342915216734
60560	-0,066783087980818986	60560	2,1290670167791137	60560	146,14780527306851	60560	0,27855997230875884
60570	-0,040023422120081344	60570	2,1483395981590516	60570	146,1503161287238	60570	0,83989665600964014
60580	-0,039201934113422966	60580	2,1387808288700527	60580	146,1485812397425	60580	0,19235973768026859
60590	-0,048443101593695116	60590	2,1320399723017727	60590	146,1498722877993	60590	-0,40891469462647989
60600	-0,045204127719176326	60600	2,1375820987540344	60600	146,14855623979989	60600	0,70620527937581812
60610	-0,060376371399551654	60610	2,1057519516638297	60610	146,14121263168289	60610	-0,86174941626028567
60620	-0,049726908286551512	60620	2,1322849444595757	60620	146,14787584636335	60620	-0,0306784491275572
60630	-0,059587431356359	60630	2,1160611310855346	60630	146,14758212837393	60630	0,38357534102370067
60640	-0,0770442142706996	60640	2,1198641185460634	60640	146,14752414970317	60640	-0,35092053055168304
60650	-0,046046789735373274	60650	2,1343558781956817	60650	146,14849450377741	60650	0,35523560866410953
60660	-0,059440386427762164	60660	2,1221677737731981	60660	146,14498000034516	60660	-0,40519931129823811
60670	-0,044810877534423976	60670	2,1401765999918	60670	146,15170662563358	60670	1,0999145835829207
60680	-0,0468567811808957	60680	2,126752814832003	60680	146,14817367724186	60680	0,51672276234517234
60690	-0,052060746148746229	60690	2,1296241243117149	60690	146,14926135855544	60690	-0,69220553141646934
60700	-0,027253166397537741	60700	2,1301308240685537	60700	146,14746108531577	60700	-1,0723725908025272
60710	-0,077208335090506022	60710	2,1285205996458365	60710	146,14760316308468	60710	-0,5939249325779894
60720	-0,043040461693769086	60720	2,1379194402469506	60720	146,15127125902825	60720	1,2095288859202011
60730	-0,051239446835365313	60730	2,1309508974665419	60730	146,14872669352883	60730	-0,19325941366225591
60740	-0,043687393663855226	60740	2,1246436202464	60740	146,14418390696358	60740	0,45401701566672759
60750	-0,034370504605625164	60750	2,1338076566393043	60750	146,14847571737795	60750	1,0547540997421447
60760	-0,05659710114700147	60760	2,1320276143629697	60760	146,14613406944983	60760	1,3045064957494641
60770	-0,049717759739323096	60770	2,1166995148071375	60770	146,14426021436967	60770	-0,45807354195131156
60780	-0,06161176259663	60780	2,1434718481695874	60780	146,15080311957053	60780	1,9697920651084524
60790	-0,068310621497524066	60790	2,1350001993833514	60790	146,15023399534167	60790	0,92157976538601161
60800	-0,042213982915093574	60800	2,141480153904237	60800	146,14998300845696	60800	0,88321886659987814
60810	-0,057228966049608157	60810	2,1278881716025464	60810	146,14784392969165	60810	-0,58254635755241035
60820	-0,04125452831191892	60820	2,1264198257620559	60820	146,14678704075502	60820	-0,9040970993819325
60830	-0,055386117256010441	60830	2,1390065366508875	60830	146,14958485555147	60830	0,55392031559972077
60840	-0,059864354612904819	60840	2,1096166483047711	60840	146,14420994661074	60840	-1,2839541783639337
60850	-0,030796142609503595	60850	2,122988505327442	60850	146,1443264593554	60850	-1,0608972942300841
60860	-0,067578370094583548	60860	2,1248874763675341	60860	146,14913496628057	60860	0,0088518617457025162
60870	-0,051386264924103218	60870	2,1215727643083468	60870	146,14341126855607	60870	-1,0442484825377
60880	-0,034202818949431245	60880	2,1323985938667969	60880	146,14560842794566	60880	-0,48160067941932938
60890	-0,062882145489370017	60890	2,1195097141913424	60890	146,14939556063587	60890	0,0938012064815783
60900	-0,048034835787226136	60900	2,1287825911427167	60900	146,1467460446934	60900	-0,67055490123080475
60910	-0,093152807098281151	60910	2,1319423951111909	60910	146,15083917419327	60910	0,25313938582946321
60920	-0,058327857784314541	60920	2,144816003893312	60920	146,15032990461194	60920	-0,5579929315982608
60930	-0,0625675764935963	60930	2,1309074367315541	60930	146,14860317140818	60930	0,23531705585789087
60940	-0,066137952497874741	60940	2,1213770722465082	60940	146,14376379989912	60940	-0,3548118235572173
60950	-0,047271832655838085	60950	2,1260301376059503	60950	146,145306770288	60950	0,34747596864488683
60960	-0,058725825074217974	60960	2,1047690960287455	60960	146,14079943110957	60960	-1,1195287399222202
60970	-0,039547365310415361	60970	2,1262336754738929	60970	146,14656214205496	60970	-0,3144386969819421
60980	-0,06367257062129561	60980	2,1397579339203383	60980	146,15050238381869	60980	0,074888611231281377
60990	-0,062164606613938037	60990	2,1320114600658813	60990	146,14902810773143	60990	-0,00833914705279315
61000	-0,045016412242071667	61000	2,1413079439362126	61000	146,15204303832036	61000	-0,33280314525213328
61010	-0,077635192193677066	61010	2,1109370177048192	61010	146,14729573374262	61010	-0,12947922614193141
61020	-0,028948557254066174	61020	2,1269442094322955	61020	146,14654405047676	61020	-1,1378248111708491
61030	-0,029685931200325512	61030	2,1207393630263054	61030	146,14447969839458	61030	-1,1207720881761945
61040	-0,048509187838003419	61040	2,1391566751719218	61040	146,15037988277047	61040	-0,29668275413533118
61050	-0,037841193365176738	61050	2,1249691593171955	61050	146,14543061417473	61050	0,30082360276537418
61060	-0,069184417546002311	61060	2,1375224015987522	61060	146,15230738348487	61060	1,1507013366157319
61070	-0,044513144175596583	61070	2,1268044452218358	61070	146,14537330921462	61070	-0,67334023090789474
61080	-0,06093005008630642	61080	2,1240792112233762	61080	146,14689607917831	61080	1,1926136010310562
61090	-0,056206924962054358	61090	2,1200157793175207	61090	146,14293063657738	61090	-1,6100017149419388
61100	-0,044645817267461377	61100	2,1381153703491598	61100	146,15025612101567	61100	0,89951528840237127
61110	-0,068289066502374984	61110	2,1332549573256028	61110	146,15055264873391	61110	0,53621885320553864
61120	-0,037236340105796233	61120	2,1221492612471411	61120	146,14665273079274	61120	-1,3024845493093635
61130	-0,056350088017692951	61130	2,1260708709919576	61130	146,14765769505914	61130	1,0193138774074688
61140	-0,0394334980699819	61140	2,119154410807107	61140	146,14216515891704	61140	-0,8779868640714501
61150	-0,032733338775333361	61150	2,1393374379408669	61150	146,14927332739688	61150	-0,1060220492182421
61160	-0,060966424574221509	61160	2,1264939106256229	61160	146,14986425074085	61160	0,14433168960112036
61170	-0,036886324299790482	61170	2,1415221272589391	61170	146,15017677860087	61170	0,68461197603214108
61180	-0,058220353361331668	61180	2,1098794897644475	61180	146,1436774990126	61180	-0,27284614867637097
61190	-0,059104784908239984	61190	2,1371797665349486	61190	146,14892928794785	61190	0,28431105332377304
61200	-0,036470117513692911	61200	2,1371757494234513	61200	146,14801221285887	61200	-0,68563172134093964
61210	-0,073142248715771144	61210	2,1224784694825871	61210	146,14746456312156	61210	-0,22845318462150133
61220	-0,057888604708294163	61220	2,1389389156589118	61220	146,15214583558222	61220	0,90410980286777143
61230	-0,0587329277911168	61230	2,1315414997909938	61230	146,14873080978072	61230	0,72437611945816038
61240	-0,057055573280411637	61240	2,1375251519997751	61240	146,1478960548599	61240	0,69072115883771046
61250	-0,0276824030580969	61250	2,128471407604021	61250	146,14634912297376	61250	-0,95750384895097373
61260	-0,069378312227290476	61260	2,1183821349526708	61260	146,14622896866698	61260	-0,54958149909730836
61270	-0,05981938103667292	61270	2,1369240085538195	61270	146,14896322961457	61270	0,35288232951700327
61280	-0,045161116895140331	61280	2,1147481243900033	61280	146,14404762775735	61280	-0,76508854992416575
61290	-0,057325773048871626	61290	2,1220445693263619	61290	146,14762758707406	61290	0,032549788669957141
61300	-0,029251172716395032	61300	2,1389269052310942	61300	146,1500805012565	61300	0,172931795371845
61310	-0,076326852920694868	61310	2,1201532513324493	61310	146,14683903381703	61310	1,4303388605417133
61320	-0,041784583004886855	61320	2,1449833479112157	61320	146,15312578307612	61320	0,3792756308123777
61330	-0,047125567514208259	61330	2,1203644779392161	61330	146,14770214201604	61330	-0,57990013501842541
61340	-0,060747595161659632	61340	2,1235323990732682	61340	146,14645192839603	61340	-0,540433323640351
61350	-0,046555879288738271	61350	2,1422928663447527	61350	146,15099601168231	61350	0,0590090504840496
61360	-0,069632247947071527	61360	2,1337614546871659	61360	146,14792130632006	61360	0,87725910147323516
61370	-0,035331764573683005	61370	2,1276518169292995	61370	146,14702855962904	61370	-0,42050054726769848
61380	-0,074253308140102586	61380	2,1401658630621632	61380	146,15046025690609	61380	1,0559335976112168
61390	-0,062609041690603343	61390	2,1209127021650351	61390	146,1454096265974	61390	0,19596213813779628
61400	-0,047938274660696618	61400	2,1378118208027983	61400	146,14764782044239	61400	-0,67750348709600439
61410	-0,063741086619896081	61410	2,1255199716776434	61410	146,1501275724963	61410	0,042509279922063159
61420	-0,04036075404989	61420	2,1372842067272639	61420	146,14781386249419	61420	-0,42534461322186778
61430	-0,032746503712148177	61430	2,1151273575886971	61430	146,14616794364153	61430	-0,27072205836722824
61440	-0,052736764951524975	61440	2,1314733500903587	61440	146,14753437055921	61440	0,20585652492978571
61450	-0,040853113355771985	61450	2,1221470668779503	61450	146,1455170301054	61450	0,451220927746405
61460	-0,075259950258864047	61460	2,1061067193077281	61460	146,14394815089887	61460	-0,35215826506307324
61470	-0,037818304730145844	61470	2,1131921312737947	61470	146,14473542983586	61470	-1,5576252974285754
61480	-0,052539488680416808	61480	2,1345120347365656	61480	146,15118742730058	61480	1,2747793953385511
61490	-0,070728770375035124	61490	2,1240889021673723	61490	146,14579726134446	61490	-0,92169915287231463
61500	-0,021834848403050271	61500	2,1312653907036569	61500	146,14814578047961	61500	-0,41342556749085763
61510	-0,057009759872310023	61510	2,1383593040038433	61510	146,15005472758139	61510	0,24562742047993671
61520	-0,035231692171432877	61520	2,1340732868060344	61520	146,14770686204557	61520	-1,1142455180775461
61530	-0,05136636316657088	61530	2,1371949134377477	61530	146,15106135778203	61530	0,73840461727746343
61540	-0,0587892957973856	61540	2,1224597790028437	61540	146,14527762122785	61540	-0,92084383893203658
61550	-0,036145233570433394	61550	2,1309793816855236	61550	146,14761779201604	61550	0,06007252397046986
61560	-0,053132776292790285	61560	2,1105879869892537	61560	146,14548900954193	61560	-0,70216142296078776
61570	-0,044974533796133948	61570	2,1130530274702233	61570	146,14488023709279	61570	-0,71774906485274215
61580	-0,051889328962842859	61580	2,1363396086174227	61580	146,14774609205855	61580	0,40945725723316695
61590	-0,044640559165092235	61590	2,117405249799877	61590	146,14426115295723	61590	-0,94398590491819578
61600	-0,047721082069399914	61600	2,1301346719790004	61600	146,1488536825936	61600	0,72837992998405077
61610	-0,069347598037723918	61610	2,1199273677072332	61610	146,14723560209288	61610	0,24004714141229894
61620	-0,054530851384547	61620	2,140387607914251	61620	146,14993100243552	61620	1,0209574784744264
61630	-0,037949695687882624	61630	2,1351033336313709	61630	146,14954318680222	61630	0,59776113644082163
61640	-0,0543457990363817	61640	2,1154282498675254	61640	146,14388420339895	61640	-1,6376208612543415
61650	-0,0366883491865332	61650	2,1317218554067274	61650	146,14864121752609	61650	-0,05790358973221138
61660	-0,057349269402045815	61660	2,1234502082117186	61660	146,14841211384479	61660	0,097833566013545009
61670	-0,049752878157436016	61670	2,1342419401921351	61670	146,14697354390682	61670	-0,19307707743347172
61680	-0,049902967024065124	61680	2,1291084444444719	61680	146,14808859463824	61680	0,60081174393222014
61690	-0,073656535350899763	61690	2,1327813722231688	61690	146,14925618092386	61690	0,11181907387013707
61700	-0,024159640382290955	61700	2,1233196437726773	61700	146,14547258130807	61700	-0,3978849426186194
61710	-0,063972937183356726	61710	2,1235518329009806	61710	146,14576600720292	61710	0,685773643018887
61720	-0,037913035390837534	61720	2,1278948057237916	61720	146,14626260184477	61720	-0,73555754581376731
61730	-0,056881017549498494	61730	2,1368139367371821	61730	146,151158032618	61730	1,2647726548793736
61740	-0,066241721114302127	61740	2,1125208348485258	61740	146,14888793569841	61740	-0,082614033269868714
61750	-0,020715425232642026	61750	2,1421996375203998	61750	146,14782553038504	61750	0,38605483446966821
61760	-0,073649178345332411	61760	2,1258916719214729	61760	146,148915952739	61760	-0,26022547532804496
61770	-0,0387841905092503	61770	2,1244514180849903	61770	146,144514255385	61770	-1,3747164406175507
61780	-0,037493564638699906	61780	2,1162724673832662	61780	146,1460713231414	61780	-0,23996390986840066
61790	-0,05610769387042968	61790	2,1367088532616632	61790	146,14699537834358	61790	0,19698255426519618
61800	-0,040238719529674179	61800	2,1355839757789652	61800	146,14805359175765	61800	-0,55491651827190347
61810	-0,069781143733403564	61810	2,1149260091159534	61810	146,14581134280689	61810	-0,22392604379632475
61820	-0,044829755073893238	61820	2,1213522606163133	61820	146,14555201118398	61820	-0,96683006732031163
61830	-0,047429500720871591	61830	2,1126357901961996	61830	146,14325454225102	61830	-1,5068316202235035
61840	-0,065721037839772914	61840	2,1249133126557971	61840	146,15031721641233	61840	0,38445763261939453
61850	-0,043355439037234648	61850	2,1388092611065233	61850	146,15043924775765	61850	-0,45093117512545206
61860	-0,0515357960819384	61860	2,1173466330935984	61860	146,14600526211029	61860	0,54388450356240992
61870	-0,053130627423541139	61870	2,1433944502593505	61870	146,14979163017486	61870	0,72509216404454491
61880	-0,04775991087309181	61880	2,1300016662835031	61880	146,14770251196381	61880	-0,8246585386494375
61890	-0,051174731596163994	61890	2,1241157453667294	61890	146,14522448853253	61890	-0,10832922230444153
61900	-0,03164621063930826	61900	2,130569325525705	61900	146,14760460682655	61900	0,089879346042929187
61910	-0,070657904074855948	61910	2,1267277759189396	61910	146,14877557900127	61910	0,66144412593356117
61920	-0,047611718648126758	61920	2,1285533696088907	61920	146,14678149272339	61920	-0,23082108134768437
61930	-0,059011940483174263	61930	2,135604104874016	61930	146,15017621987261	61930	0,79770692598548021
61940	-0,053559049830594736	61940	2,1177419712593406	61940	146,14299675934754	61940	-0,90879633814515726
61950	-0,041204389771629095	61950	2,1424296965665253	61950	146,1513513779411	61950	1,3937224291514991
61960	-0,067957890427264162	61960	2,1121318561647122	61960	146,14712656274	61960	-0,44629466937280382
61970	-0,029769683919869661	61970	2,1306818897600115	61970	146,14735242533732	61970	-1,0925075662619517
61980	-0,056420290186480572	61980	2,1325256931327403	61980	146,15009068155973	61980	0,9770004966206598
61990	-0,059299824278544563	61990	2,1181538287521908	61990	146,14633011046917	61990	0,43285817406316945
62000	-0,053484500321909073	62000	2,1445170088033123	62000	146,1512103509998	62000	0,48828356498298747
62010	-0,078540099689314857	62010	2,1297091349348807	62010	146,14727061662484	62010	-0,876807907008995
62020	-0,034186856177381993	62020	2,1247033258969892	62020	146,14713677749677	62020	0,0088515664562453245
62030	-0,053924360044213179	62030	2,1309118144378965	62030	146,14749066838965	62030	-0,30036998542676091
62040	-0,0662437021990973	62040	2,128042067365973	62040	146,14794987417807	62040	-1,2834468673124626
62050	-0,034343028892330416	62050	2,1295285395271644	62050	146,14697158698348	62050	0,18267244238452321
62060	-0,067786779273768485	62060	2,1242345176361064	62060	146,14770238337772	62060	0,62921316958874818
62070	-0,033823334488033534	62070	2,13163882170123	62070	146,1469341788596	62070	1,1259371377056007
62080	-0,052250931946243258	62080	2,1386124300564289	62080	146,14954554899964	62080	0,59609808284037979
62090	-0,049939435587905062	62090	2,1107602279453035	62090	146,14605817569537	62090	-0,80860382377299789
62100	-0,037961371695598142	62100	2,1291529769097362	62100	146,14679804051448	62100	-0,46903801856576943
62110	-0,061892795166198049	62110	2,121751095946641	62110	146,14595006221916	62110	-0,54142735212647253
62120	-0,051188581881183068	62120	2,1210874121059962	62120	146,14462612064546	62120	-0,65741753320583307
62130	-0,0634559672747571	62130	2,1366085858596482	62130	146,15145182903808	62130	1,762060213981766
62140	-0,072065363321350828	62140	2,1144609581160134	62140	146,14678956671298	62140	0,30348386295451424
62150	-0,045633013285175356	62150	2,1405011717429772	62150	146,1500273396824	62150	0,82126593300849526
62160	-0,061701603775817619	62160	2,1243231873807211	62160	146,14747252695196	62160	-0,26225491831854697
62170	-0,039252496444068107	62170	2,13460351053708	62170	146,14805402111264	62170	-1,0268131528628253
62180	-0,030031735143376967	62180	2,122001800400811	62180	146,14834798987411	62180	-0,031620102145064111
62190	-0,035422940722614434	62190	2,1181294884121193	62190	146,14519087094197	62190	-0,20322592897686942
62200	-0,051847505739512259	62200	2,1594570198065974	62200	146,15503868885421	62200	1,1461196548520618
62210	-0,064957655588272267	62210	2,1348947445978435	62210	146,14773463245857	62210	0,44240398465905606
62220	-0,038032416843898249	62220	2,1153786264004446	62220	146,14394235285849	62220	-0,71920859050104968
62230	-0,045353822724853068	62230	2,1303184620700204	62230	146,147115784707	62230	0,75778244216003932
62240	-0,081170292258397669	62240	2,12770179599011	62240	146,14853939774056	62240	-0,49467832469877815
62250	-0,02990406734083002	62250	2,1428551118562851	62250	146,14755378831563	62250	-0,59777591643203332
62260	-0,081191143511955749	62260	2,1174181298479682	62260	146,14699102017437	62260	-0,13218403125562958
62270	-0,067125915710250714	62270	2,1220469140717744	62270	146,1470400999072	62270	-0,27723773318715417
62280	-0,044798224171208517	62280	2,1253100452457843	62280	146,14684357209347	62280	0,15676353110040681
62290	-0,0595679902652119	62290	2,1234793269485026	62290	146,14666320814271	62290	0,096833222408391817
62300	-0,036064367321454974	62300	2,1392111160653293	62300	146,14909212406187	62300	0,95461834453195382
62310	-0,0485043880360478	62310	2,1258175969174151	62310	146,147625757472	62310	-0,21942483291248158
62320	-0,049878189182811894	62320	2,127215826415163	62320	146,14850583405647	62320	-0,537373763292643
62330	-0,06050725546845178	62330	2,1444885458978638	62330	146,15381118152655	62330	1,587879055706185
62340	-0,079202911575756929	62340	2,1338912363899754	62340	146,15073534792731	62340	1,132351400143617
62350	-0,038748397832653374	62350	2,1334932404710893	62350	146,14661417506645	62350	-0,66303292915899315
62360	-0,057913049067181276	62360	2,1163760576532558	62360	146,14697403615153	62360	0,68756221549090335
62370	-0,037055740142425624	62370	2,1424149928149023	62370	146,14792856103526	62370	0,21346537494213236
62380	-0,053972129974609047	62380	2,1274990577924906	62380	146,14747456618221	62380	1,0931192031301604
62390	-0,067431266595879016	62390	2,1301556979629686	62390	146,1490040811824	62390	0,26583035190115334
62400	-0,047643069634529543	62400	2,1348407116701442	62400	146,14670445522918	62400	-0,077773765117259253
62410	-0,060516289337950731	62410	2,1136761510632858	62410	146,1431976572193	62410	0,6561524850339302
62420	-0,061904140276838042	62420	2,1320569503564974	62420	146,14635585621531	62420	-0,45544329863752553
62430	-0,044807586110900875	62430	2,1368812371818415	62430	146,150782848734	62430	1,4569783727163932
62440	-0,064775069478263114	62440	2,1459500839047325	62440	146,15087027746139	62440	1,6047147174764027
62450	-0,039989373223527774	62450	2,1290089786099595	62450	146,14891761028949	62450	-0,8588095835976326
62460	-0,065276598459400967	62460	2,1257174339528	62460	146,15113994716498	62460	0,88150438565250944
62470	-0,047824081745637188	62470	2,1412117348321735	62470	146,15045956816627	62470	-0,68401877868024785
62480	-0,058573008520141724	62480	2,1343922658828922	62480	146,14784021286295	62480	0,42166491021371771
62490	-0,056740315208205556	62490	2,1212768130307458	62490	146,14554271091475	62490	-0,82580800460156789
62500	-0,046669551247682427	62500	2,1352074836607606	62500	146,14729171011325	62500	0,5818610574096903
62510	-0,066162298584488646	62510	2,1348727362408617	62510	146,15024616280778	62510	1,0139543675699105
62520	-0,040199903837355624	62520	2,1262845892577142	62520	146,145013138023	62520	-0,77199037223981359
62530	-0,05691121739525485	62530	2,140488852399137	62530	146,15110293827513	62530	0,93034811569666065
62540	-0,054260707508661556	62540	2,134925362607162	62540	146,15042810378344	62540	1,0438555707743162
62550	-0,021010315500923048	62550	2,1369639439635293	62550	146,14684821514842	62550	0,11832465023436883
62560	-0,073506453833429783	62560	2,1152774631308606	62560	146,14646271664719	62560	-0,18047704452385455
62570	-0,049381287302578819	62570	2,1357650914872357	62570	146,14936373612238	62570	0,36960026145453112
62580	-0,048006412926912156	62580	2,1342636821793204	62580	146,14826735348566	62580	-0,34408462263399509
62590	-0,08709606530293322	62590	2,1288708569247285	62590	146,14808542322555	62590	-0,0072363205033929567
62600	-0,037357415805815114	62600	2,1535352386723168	62600	146,15200394879753	62600	0,85914959241281474
62610	-0,058486621509672321	62610	2,1287299014893351	62610	146,14974755315555	62610	1,0713085273695486
62620	-0,059996389824910623	62620	2,13676878253005	62620	146,14918548891279	62620	-0,081201499159771956
62630	-0,037246421125818462	62630	2,1367075640437041	62630	146,14770454427293	62630	0,45625937179065512
62640	-0,081352712285839054	62640	2,1241040739379216	62640	146,14877663113614	62640	-0,47387539990659477
62650	-0,032402593652043517	62650	2,1411552272736363	62650	146,14855493344396	62650	0,81827970877768974
62660	-0,071489859133170228	62660	2,1115626216781305	62660	146,14340225336682	62660	-0,41020264035029608
62670	-0,046671155692439223	62670	2,114618354156363	62670	146,142414319025	62670	-0,75594444909628633
62680	-0,031612132371362046	62680	2,1193834987241273	62680	146,1454383982219	62680	-0,34662994687163451
62690	-0,064352601419664479	62690	2,1098261997402252	62690	146,14601376228629	62690	-0,83556509042875826
62700	-0,034940697516516461	62700	2,1343174142982719	62700	146,15077444674964	62700	0,71673451910191344
62710	-0,062839915518286674	62710	2,1464746745413659	62710	146,15327705682529	62710	1,6185413061424789
62720	-0,055361152536825428	62720	2,1561044258674777	62720	146,15366954002471	62720	0,73136294345779185
62730	-0,062989537017889632	62730	2,1500553606413679	62730	146,15138749949543	62730	1,1932704753745933
62740	-0,052432096815694357	62740	2,115849089013889	62740	146,14636662825441	62740	-0,345581620302014
62750	-0,030105483379639426	62750	2,1348677209590496	62750	146,14790524684031	62750	-0,0404216840976912
62760	-0,058981784597596718	62760	2,1339311490012589	62760	146,14902390211447	62760	1,4208331127649938
62770	-0,054347242284786136	62770	2,1133717377309607	62770	146,14512428594864	62770	-0,81359087003276487
62780	-0,048421712663587767	62780	2,1244702070041153	62780	146,1471408083566	62780	-0,7874261876477302
62790	-0,059627888826994123	62790	2,1188753835253173	62790	146,1452338999008	62790	-1,2980903121091556
62800	-0,0672152669018719	62800	2,13978302506507	62800	146,14978774846827	62800	1,1522974369109922
62810	-0,076064742440883168	62810	2,1188720874251503	62810	146,14637394987037	62810	-0,34047307581225483
62820	-0,055295371564854624	62820	2,1305930257959167	62820	146,14954085041211	62820	0,14947845082675623
62830	-0,063521956667728766	62830	2,1371150400381258	62830	146,15064847187028	62830	0,36882235805446295
62840	-0,062411648968712562	62840	2,1227944752025225	62840	146,14775519780716	62840	-0,2136248266017291
62850	-0,034655390785510165	62850	2,1420199386353915	62850	146,15074227995655	62850	0,79899303267102018
62860	-0,058719075432642	62860	2,1354081368417108	62860	146,14975102298129	62860	0,41138213102999555
62870	-0,053226427610284816	62870	2,1291959630551038	62870	146,14950542339844	62870	-0,22001035840814312
62880	-0,061711441329333962	62880	2,138833322760648	62880	146,1494376522119	62880	-0,18985340784116828
62890	-0,068457677900293723	62890	2,1097131605734778	62890	146,14265242467891	62890	-1,1393936939646814
62900	-0,044506290357439866	62900	2,1330359261657925	62900	146,1477722159282	62900	-0,20694591748705765
62910	-0,048659998707020528	62910	2,1196379858843706	62910	146,14654128952111	62910	-0,10700055855215185
62920	-0,036861657120966222	62920	2,1013658091010057	62920	146,142347803632	62920	-1,2949164011482708
62930	-0,066124469199962871	62930	2,1298960357575236	62930	146,1478974381748	62930	0,89203789268690747
62940	-0,048842218296850634	62940	2,1289909733469532	62940	146,14624405422907	62940	0,44457347816516812
62950	-0,051638337972012088	62950	2,1351156263634081	62950	146,150429331088	62950	-0,74273550797746835
62960	-0,060743693050019233	62960	2,118908259745806	62960	146,1479182276673	62960	1,5670750733946408
62970	-0,0489995091963039	62970	2,1221318843368571	62970	146,14705042758229	62970	-0,48083471620826912
62980	-0,054008097101224749	62980	2,1399117117327533	62980	146,14900244292051	62980	1,7919421424145403
62990	-0,061851096330957679	62990	2,1235141785414395	62990	146,14481985703364	62990	-0,70747916607227146
63000	-0,040841365500285082	63000	2,128104139945699	63000	146,1497697933869	63000	0,88484778648804219
63010	-0,061936934319351392	63010	2,1128973567476121	63010	146,14542533669942	63010	-0,1579413939739206
63020	-0,046582717468623552	63020	2,1282643673789927	63020	146,14816505584125	63020	-0,91361344907942121
63030	-0,041994236047640264	63030	2,1276130256653847	63030	146,14687268564737	63030	-0,68948549519378033
63040	-0,071471562063855049	63040	2,138077494418225	63040	146,15054588212072	63040	1,1877799427519427
63050	-0,051502253379930828	63050	2,1496100540744982	63050	146,15007678771337	63050	0,52529765404361772
63060	-0,0649228926922555	63060	2,1361828334093467	63060	146,14906032132814	63060	0,25752297794176043
63070	-0,059614466787589852	63070	2,1322749460535015	63070	146,14932737763721	63070	0,39394874266410063
63080	-0,060565466569247495	63080	2,1312237487864194	63080	146,14662276477645	63080	0,7089233266521987
63090	-0,086442752059612188	63090	2,1344056898771071	63090	146,14783806459818	63090	0,69991462987016639
63100	-0,035518223736163139	63100	2,1214426794656633	63100	146,14507532580774	63100	-0,56064799795213383
63110	-0,0786399238436493	63110	2,1219622032376595	63110	146,14649068976445	63110	-0,050305580706767494
63120	-0,047280861348298849	63120	2,1420735219680993	63120	146,15289536262142	63120	1,0612992424302341
63130	-0,046237024158439652	63130	2,134086766216122	63130	146,15011596802813	63130	0,70153414221820332
63140	-0,059161001213403605	63140	2,1209857870865831	63140	146,14672200701673	63140	-0,74911293243327037
63150	-0,016072790613217206	63150	2,1256514367491124	63150	146,14668399178265	63150	-1,0051579786411442
63160	-0,058743283301515473	63160	2,1199813690476339	63160	146,14532711620888	63160	-0,029454193124092032
63170	-0,052058686877552739	63170	2,1312115683507371	63170	146,1484192519211	63170	0,04794768227625229
63180	-0,052496853348376823	63180	2,1458537903660408	63180	146,15271957703453	63180	0,86907572475616346
63190	-0,059713360721330759	63190	2,125789617897393	63190	146,14630799663459	63190	0,29187664084331211
63200	-0,034213195200996784	63200	2,1363205964834591	63200	146,15044809447412	63200	0,62720713702680708
63210	-0,084476789416128628	63210	2,1240836572686024	63210	146,14928603959621	63210	0,59691494068782158
63220	-0,049892280659980047	63220	2,13218147180204	63220	146,14840849379866	63220	-0,31022077937456083
63230	-0,036637767936480756	63230	2,1244659102626611	63230	146,14663346459511	63230	-0,27719734563179649
63240	-0,060409760569390666	63240	2,1312848226764123	63240	146,15032934126859	63240	1,1909473917807194
63250	-0,036219638923556632	63250	2,136012755205698	63250	146,14530645857622	63250	-0,8572487696206621
63260	-0,058370836153809419	63260	2,1251731037430868	63260	146,14790056876197	63260	1,0868846649651953
63270	-0,058598279585345039	63270	2,1279846418958215	63270	146,14733576330841	63270	0,021590484343380012
63280	-0,062202039120058221	63280	2,1436078107909182	63280	146,15088417043114	63280	0,58891619827919217
63290	-0,080455255790061589	63290	2,1329489346907162	63290	146,14758969850024	63290	1,6013631684191199
63300	-0,046660762642900915	63300	2,1334344375852439	63300	146,14793097689926	63300	-0,38830023338852293
63310	-0,063878887464851528	63310	2,1290664537652404	63310	146,1474372577473	63310	0,29379124858400313
63320	-0,041232644923406815	63320	2,1338077184421764	63320	146,15110743759789	63320	0,59661978413237249
63330	-0,033780725369000716	63330	2,1186362153890577	63330	146,14536713348247	63330	-0,55703674680595772
63340	-0,066571373788524235	63340	2,1200843916747178	63340	146,14915011022097	63340	0,061135348688984847
63350	-0,035232824527953649	63350	2,1218248620669926	63350	146,14405221002565	63350	-0,82009997084250952
63360	-0,072627650483189712	63360	2,1295421954266542	63360	146,15020740721405	63360	0,28086843802132522
63370	-0,037611475136444153	63370	2,1232501476405683	63370	146,1468088961517	63370	-1,7656605432445514
63380	-0,049026142534913608	63380	2,1246415873879649	63380	146,14831426609817	63380	-1,2872914158634825
63390	-0,055557598521975296	63390	2,1301095470044511	63390	146,14964959427675	63390	-0,45670013673481741
63400	-0,043411611015124023	63400	2,1565169077355932	63400	146,1509105817174	63400	0,14707502794179983
63410	-0,050553192526108189	63410	2,1264552341901148	63410	146,14635092618619	63410	0,433725267128338
63420	-0,04327288334310514	63420	2,1236664125430296	63420	146,14749119945356	63420	-0,29939001645439317
63430	-0,0666322807096638	63430	2,1098123354885963	63430	146,14355659139872	63430	-1,139798050406152
63440	-0,065464401334064087	63440	2,1125181970398685	63440	146,14488343391918	63440	-0,48887576675245437
63450	-0,027208227788972941	63450	2,1337957859693528	63450	146,14731781891985	63450	0,32426173346877185
63460	-0,062960963465086631	63460	2,1067682350893291	63460	146,14389398733684	63460	-0,50661572969880475
63470	-0,055840760095693318	63470	2,1372942123568954	63470	146,15021752939765	63470	1,2168376492907229
63480	-0,060001189094469394	63480	2,1323755685389378	63480	146,14968178021027	63480	1,2768191486048597
63490	-0,069663175098859886	63490	2,141943455739288	63490	146,14983694789862	63490	0,681094410631307
63500	-0,030161578436046083	63500	2,1368115047406562	63500	146,14828247288821	63500	-0,11297471431205275
63510	-0,075739145065962257	63510	2,1439182895755238	63510	146,15294650966169	63510	-0,21581512229215333
63520	-0,0511283845248668	63520	2,1418219582392446	63520	146,15050021236132	63520	0,99647600068805953
63530	-0,059386261768966747	63530	2,1268036062165727	63530	146,14910107704574	63530	-0,14006932601001979
63540	-0,048651418744405928	63540	2,1090670331234138	63540	146,14525258521604	63540	-0,37015695745491384
63550	-0,02520061774551783	63550	2,14321757147301	63550	146,14808399502385	63550	1,2164813135687789
63560	-0,050026365500060829	63560	2,13179728995153	63560	146,146415630349	63560	0,058442676728843068
63570	-0,047591889150460039	63570	2,1242551944019317	63570	146,14558706757481	63570	-1,0209934842474571
63580	-0,060704051243931571	63580	2,1404396958083742	63580	146,15054932941297	63580	1,2809274571967504
63590	-0,055847052637435626	63590	2,1228351911283552	63590	146,14817775249125	63590	0,032614740220594254
63600	-0,035699219470498381	63600	2,1243931733914025	63600	146,14463640163257	63600	-0,34225469555787258
63610	-0,069858828483335592	63610	2,1284026825643481	63610	146,14975676407556	63610	1,1800503268853961
63620	-0,043088765905751392	63620	2,1322678569986011	63620	146,148792365744	63620	-1,1640330065645985
63630	-0,026148217483493007	63630	2,1246505064614571	63630	146,14759653234907	63630	-0,0049172629710975135
63640	-0,066876408301072554	63640	2,1145377823592435	63640	146,14664559770151	63640	-0,84828670333914369
63650	-0,017747172785922083	63650	2,1298633207468067	63650	146,14555696872941	63650	-0,30903781416912524
63660	-0,061835564033081949	63660	2,133338593738181	63660	146,14795059418111	63660	-0,084455841242091129
63670	-0,060272036405401047	63670	2,1475262732925149	63670	146,15131260669509	63670	1,1543999695089935
63680	-0,056400404131465957	63680	2,1373302295518637	63680	146,15135369363679	63680	0,91583393429086346
63690	-0,051864582550462557	63690	2,1230749437573588	63690	146,14685942615196	63690	-0,41916630568826962
63700	-0,047795965717974467	63700	2,1264076260406357	63700	146,14543718368819	63700	-0,297210885330069
63710	-0,062088914742379736	63710	2,12218643786909	63710	146,14760564580737	63710	0,41272241436159285
63720	-0,046561048377515971	63720	2,1196327919626259	63720	146,14633123544039	63720	-0,16205711256330202
63730	-0,037072297992306304	63730	2,1159517462959689	63730	146,14478924423597	63730	-0,88855224685615919
63740	-0,055396799473806692	63740	2,127357939984091	63740	146,14831017675869	63740	0,37192144408055017
63750	-0,04687054616617254	63750	2,1313163868671725	63750	146,14796916600665	63750	-0,3064634453327858
63760	-0,080560471329195624	63760	2,1353468966829912	63760	146,15081607261232	63760	1,2981236113294172
63770	-0,051004300870760792	63770	2,1269592143578628	63770	146,15015437548709	63770	-0,31608435093446269
63780	-0,055284952931762082	63780	2,1491293028058323	63780	146,15123541958721	63780	0,49247014229704555
63790	-0,063026389198051647	63790	2,1303635165352595	63790	146,14792339606564	63790	-0,15627069975017605
63800	-0,027590872239552814	63800	2,1296138244016038	63800	146,14634278442435	63800	-0,34473013973743549
63810	-0,070209293195867425	63810	2,1231435702438954	63810	146,14544575570363	63810	-0,51598179466047533
63820	-0,0390741345471497	63820	2,13569800012125	63820	146,14860472481797	63820	0,29884231868084471
63830	-0,052337093567826551	63830	2,1267756806692995	63830	146,1484135037777	63830	0,61757485786539978
63840	-0,058318027248166926	63840	2,1163498490980586	63840	146,14675870250608	63840	-0,31038086877198118
63850	-0,028742843190273936	63850	2,1473476068204	63850	146,15262052691477	63850	1,149764814450323
63860	-0,068228747616047525	63860	2,1310449717279165	63860	146,14771428281	63860	0,28792307729599409
63870	-0,040477814698740754	63870	2,1250597179570034	63870	146,14608137203751	63870	-0,7175149243229102
63880	-0,047129617432024325	63880	2,1185618801202915	63880	146,14478492711427	63880	-0,17861313305552506
63890	-0,076723137359451479	63890	2,1299961324056453	63890	146,14974444820797	63890	0,36867265488327094
63900	-0,033047220551766149	63900	2,1341335287050684	63900	146,14869719354394	63900	0,38305439627779714
63910	-0,067242381239541932	63910	2,1222058179946219	63910	146,14752658334831	63910	-0,15699325361743211
63920	-0,051203458905227039	63920	2,1274360048046703	63920	146,14621792057392	63920	-1,5910815345878291
63930	-0,048818689408290948	63930	2,1436602148395134	63930	146,15277962591077	63930	0,14097545365591158
63940	-0,0573210487152739	63940	2,129011047854934	63940	146,14589331811644	63940	-0,43716234395898568
63950	-0,037754282291603533	63950	2,126881249029227	63950	146,14752318834661	63950	-0,059951800534302796
63960	-0,0771337542166236	63960	2,1361260709298353	63960	146,15045919965573	63960	2,3223057994738605
63970	-0,049047584150808919	63970	2,1185122374722667	63970	146,14396790504608	63970	-0,23314630981277273
63980	-0,063191361205888474	63980	2,1245257240514794	63980	146,14759810604178	63980	-0,40259337864534012
63990	-0,057956814668591469	63990	2,1102466057464544	63990	146,1430692763588	63990	-1,3510843697007853
64000	-0,045663375987936565	64000	2,1260771665664517	64000	146,14719588901323	64000	0,64489676251087669
64010	-0,03636053305746096	64010	2,1153286343241291	64010	146,14340062733783	64010	-0,16345514895842905
64020	-0,028884130133173508	64020	2,1258128033760046	64020	146,14827069498381	64020	0,15993344280270494
64030	-0,072260860847570371	64030	2,1333628185636377	64030	146,14833036658786	64030	-0,25237375085514796
64040	-0,06793837063745041	64040	2,1169079344140767	64040	146,15037137350902	64040	0,0096153932871301251
64050	-0,047848760443468558	64050	2,1466532683538131	64050	146,15273984839379	64050	0,71456933576869253
64060	-0,048216753578590218	64060	2,1068667101080805	64060	146,14355025151804	64060	-1,3992172475118718
64070	-0,047780622147934569	64070	2,1412226843630733	64070	146,15031942714933	64070	-0,090656947393963655
64080	-0,054238700048919293	64080	2,135523621821243	64080	146,14952526755539	64080	-0,33413040289690649
64090	-0,072954647427946939	64090	2,1320411638151513	64090	146,14573605884536	64090	-0,36139793393611364
64100	-0,044574547268013139	64100	2,1316567352091611	64100	146,14709789459477	64100	-0,76703902064781171
64110	-0,0542617093834633	64110	2,131276184481695	64110	146,14539637569263	64110	0,24659104081921557
64120	-0,047652105485084466	64120	2,1163252331468811	64120	146,14461015301214	64120	-1,3342511183293504
64130	-0,0550374391039229	64130	2,1271566017205612	64130	146,14821162075762	64130	0,63600262873746483
64140	-0,061978120021534473	64140	2,1210690628766495	64140	146,14709410953347	64140	0,2224415339162007
64150	-0,025393848455358949	64150	2,1216720684511219	64150	146,14645689199719	64150	-0,61204660263710586
64160	-0,070803364381239492	64160	2,1378645709385387	64160	146,1488666325055	64160	0,77802443925458886
64170	-0,042792355088277945	64170	2,1271719556632824	64170	146,14714287599409	64170	-0,89296446666368889
64180	-0,070269526749843339	64180	2,1454945500731029	64180	146,15307352543704	64180	0,51312976659267084
64190	-0,075374743096926	64190	2,1210124531559251	64190	146,14620047778527	64190	0,59508984768775686
64200	-0,059309906472475943	64200	2,1467071537642641	64200	146,15274593171395	64200	-0,02517453593454072
64210	-0,047891242563318837	64210	2,1164335700878016	64210	146,14581526966836	64210	0,75056292638558386
64220	-0,0566420242359058	64220	2,1324515455396051	64220	146,14603357032809	64220	-0,34941819229592
64230	-0,040453638849941978	64230	2,1243067326559317	64230	146,14749933696288	64230	0,21973929272453879
64240	-0,0665027418767924	64240	2,1280377684216356	64240	146,14734434495219	64240	0,24659367449344
64250	-0,024596857757549193	64250	2,1300036799402524	64250	146,14875905568826	64250	-0,32796909143462005
64260	-0,05818713067023415	64260	2,1169212284430636	64260	146,1462102371639	64260	0,19123213075417817
64270	-0,048755091853622812	64270	2,1182721956400004	64270	146,14505414926364	64270	-0,20780753736140309
64280	-0,051694206127310238	64280	2,1239591116740186	64280	146,14715374708175	64280	1,0028282685366263
64290	-0,074391799703360253	64290	2,1160345031728354	64290	146,14622776713156	64290	-0,61801600891834441
64300	-0,042207764209895589	64300	2,13859584510604	64300	146,14927559446039	64300	0,043485166979439938
64310	-0,06365192988743755	64310	2,1374645499922	64310	146,14997583013098	64310	0,687479718370077
64320	-0,053734736920874014	64320	2,1421352149278969	64320	146,15032890846098	64320	0,91381473761024778
64330	-0,038237987974981	64330	2,1236953294088017	64330	146,14566176966338	64330	-0,066928771109180843
64340	-0,076739122033880863	64340	2,1378260504970203	64340	146,15026605259018	64340	-0,18626801425945544
64350	-0,025052549588514862	64350	2,135132350260625	64350	146,14955635664441	64350	0,79363195696122624
64360	-0,063120302586688645	64360	2,127589843260056	64360	146,14577043010871	64360	0,60298843413947545
64370	-0,049674458926642351	64370	2,1226393945725448	64370	146,14533797386812	64370	-0,65440223628234051
64380	-0,058373440969309506	64380	2,1305000376931438	64380	146,14859832582721	64380	1,0791827039983548
64390	-0,056372325869008283	64390	2,1128800943345616	64390	146,14375986055617	64390	-0,9071212576319504
64400	-0,024141620752313523	64400	2,1293467399469663	64400	146,14780761904348	64400	0,2679838768114331
64410	-0,053165460475322321	64410	2,124135228890518	64410	146,14902009038065	64410	0,89942756515936839
64420	-0,049974294759789047	64420	2,1314879561971902	64420	146,14933046503427	64420	-0,96085347422831391
64430	-0,051619628696592167	64430	2,1283852081207928	64430	146,14560006273723	64430	-1,1241629748676778
64440	-0,076120605503701852	64440	2,1248868749478391	64440	146,14704142839605	64440	-0,30870873175812619
64450	-0,036714696713422354	64450	2,1291241185527761	64450	146,14713253157652	64450	-0,81393399953248891
64460	-0,058722152186062838	64460	2,1239690386540468	64460	146,1474253594092	64460	0,67082600031163553
64470	-0,043180763393044323	64470	2,1339164075587376	64470	146,14878255169973	64470	-1,0578338934907345
64480	-0,049252174067309792	64480	2,1205448918626337	64480	146,14678808251804	64480	-0,024472800505457915
64490	-0,0659182285851354	64490	2,1150326977544753	64490	146,14619705301593	64490	0,24150276226530493
64500	-0,032857814166932876	64500	2,1327725992147419	64500	146,14748401327785	64500	0,49959148228761496
64510	-0,0697005186878776	64510	2,1378964326115226	64510	146,15194060444904	64510	1,4542692810390376
64520	-0,046867779999317835	64520	2,1441929786566463	64520	146,15031485108008	64520	0,7215463878356565
64530	-0,052040941003877163	64530	2,1406746985641916	64530	146,15136534686846	64530	-0,25877054603019556
64540	-0,075819967932458029	64540	2,129337747264413	64540	146,14734591100051	64540	0,21224649571447929
64550	-0,0471292670474756	64550	2,1379949910140854	64550	146,14955871242518	64550	-0,19030191214126893
64560	-0,062691245587579922	64560	2,1187357360470216	64560	146,14518920869423	64560	0,69330077847603488
64570	-0,052065832287303736	64570	2,1303896966618119	64570	146,14802235569678	64570	0,67308622660559059
64580	-0,045849283030721721	64580	2,1354536291620647	64580	146,14735941772591	64580	0,85816245008365777
64590	-0,073524289341426061	64590	2,1275804117700465	64590	146,14962246602948	64590	0,94973348152609793
64600	-0,0340835462913833	64600	2,1232011634805379	64600	146,14543526881212	64600	-1,0383587734608595
64610	-0,053561317455340214	64610	2,12048106701379	64610	146,14591639223394	64610	-0,54904708492150056
64620	-0,061719157110268472	64620	2,1305512556376778	64620	146,14727912984557	64620	0,4238143897921241
64630	-0,050820151371531945	64630	2,1289645525141063	64630	146,1509949975719	64630	0,54613836221634882
64640	-0,071504414967518748	64640	2,1395209396707906	64640	146,15054470342969	64640	-0,335779798513087
64650	-0,040731343413060062	64650	2,1455458847504194	64650	146,15162810805398	64650	0,19297702870617944
64660	-0,068615685123840073	64660	2,1334414598921119	64660	146,14987550116331	64660	1,3761080760469076
64670	-0,05300767622954549	64670	2,1446796664129542	64670	146,15099500508953	64670	0,26628457405311834
64680	-0,051615793242090778	64680	2,1286663113971391	64680	146,14596268918439	64680	-0,46125539335815291
64690	-0,064468749184749985	64690	2,1190810602288659	64690	146,14777592187087	64690	0,33297157929502741
64700	-0,01638927762018989	64700	2,1135131459790721	64700	146,14257067352997	64700	-0,9451183580711644
64710	-0,065122440449044389	64710	2,1053586185161612	64710	146,14299238719775	64710	-0,53609954397124571
64720	-0,044599302744871276	64720	2,1211269002848381	64720	146,14697777294333	64720	-0,72559392469213269
64730	-0,045114620364958093	64730	2,1301374190154334	64730	146,14816822101454	64730	-0,20312941463164469
64740	-0,062008168562084895	64740	2,1025983975425557	64740	146,14347229397296	64740	-1,0711358457430609
64750	-0,061104544055017883	64750	2,138055459276174	64750	146,15149091324483	64750	0,23928172314782481
64760	-0,068890386166666942	64760	2,1329232355668508	64760	146,1488379618352	64760	0,52102595630139692
64770	-0,044267766569166957	64770	2,1210223711656524	64770	146,14611629054903	64770	-1,36582097172336
64780	-0,054231628782729885	64780	2,148944806359697	64780	146,15114004595523	64780	0,753419315719837
64790	-0,06692217018219962	64790	2,1294829471956245	64790	146,15117233126557	64790	0,0898483876002677
64800	-0,040828732958819607	64800	2,1311662624818424	64800	146,14800898798134	64800	-0,76368405263566552
64810	-0,051591418905588715	64810	2,1240323315053566	64810	146,14617715565939	64810	-0,034109163229250505
64820	-0,045937321404680723	64820	2,1429206939641432	64820	146,15133809852205	64820	0,385999269277172
64830	-0,043381585969460873	64830	2,123735928571465	64830	146,14558858337688	64830	-0,19278236418678985
64840	-0,064636791707937111	64840	2,1269821438244865	64840	146,14825416282022	64840	0,18228778466310175
64850	-0,034109932360088739	64850	2,1266634293735214	64850	146,14827576337999	64850	-0,52378032837330235
64860	-0,058932527785918537	64860	2,1126279131936641	64860	146,14578187732414	64860	0,053971141943918305
64870	-0,07123075463078124	64870	2,1322301765996552	64870	146,14961230314114	64870	0,022501639196834428
64880	-0,039048033674635718	64880	2,114928865030421	64880	146,14555924973931	64880	-0,12301802151054227
64890	-0,077108458809294289	64890	2,1382791784502739	64890	146,14810848243602	64890	0,6664684965898483
64900	-0,027747798755979027	64900	2,1389378282867804	64900	146,14858227734746	64900	-0,35198693308750684
64910	-0,065315862828332738	64910	2,11878815531631	64910	146,14574607714991	64910	-0,13389010193876516
64920	-0,057903219602228	64920	2,1438896300136241	64920	146,15348101161811	64920	0,98819893033194983
64930	-0,032619453559506621	64930	2,124306982275614	64930	146,14690139217805	64930	0,049189634215716892
64940	-0,076792772077017526	64940	2,1344579062236875	64940	146,14810967119036	64940	-0,52534111931057947
64950	-0,0344890988082564	64950	2,141812016033565	64950	146,14919025427892	64950	0,43857704241302947
64960	-0,0602364691850009	64960	2,1180596470757549	64960	146,14643036236555	64960	0,14489056997100097
64970	-0,053218746353967866	64970	2,1303449338683387	64970	146,1470590405149	64970	0,53992422364495929
64980	-0,051826231011251507	64980	2,1392456123044683	64980	146,14934141329348	64980	0,77864430316830791
64990	-0,063582419362776449	64990	2,1144810008026917	64990	146,14305116188277	64990	-0,38275659190350886
65000	-0,034737382990914036	65000	2,145077562311851	65000	146,15033199562802	65000	1,6952084312747455
65010	-0,050999540705735251	65010	2,1288044028375892	65010	146,14833799842211	65010	0,18459166086259971
65020	-0,053507511331066369	65020	2,1280354024136625	65020	146,14882931940963	65020	-0,65987980854784811
65030	-0,033844871743856024	65030	2,1407280568079807	65030	146,14864516436006	65030	-0,0015882901991272624
65040	-0,0608825093381278	65040	2,1220548584485952	65040	146,14611682638164	65040	-0,072595651351362145
65050	-0,02106541798883857	65050	2,1283775209519464	65050	146,14779631732066	65050	-0,82629267353025782
65060	-0,057769794451526545	65060	2,1192016579857302	65060	146,14566494326923	65060	-0,56777159464799232
65070	-0,052382191687980056	65070	2,1276825114684987	65070	146,147897356334	65070	0,14495633689035747
65080	-0,064200151397246191	65080	2,1319282849223984	65080	146,14917735349175	65080	0,63165912658575252
65090	-0,051100176677300269	65090	2,1173206504902984	65090	146,14680665834845	65090	0,04606923059664203
65100	-0,035510671142647963	65100	2,123654522550261	65100	146,14658856541442	65100	-0,13669103248704928
65110	-0,077210404314872944	65110	2,1249236152276438	65110	146,1463291832751	65110	-0,44399751537710808
65120	-0,04410090283971739	65120	2,1232287038570741	65120	146,14698101441891	65120	-0,36614699360034159
65130	-0,049935517688562657	65130	2,1375777438854637	65130	146,14660993484134	65130	0,27300352144834633
65140	-0,067122885074423058	65140	2,1070973297387696	65140	146,14294048585873	65140	-0,70002545630599045
65150	-0,044600873930921034	65150	2,1308289669446072	65150	146,14548007864676	65150	-0,24825069772931496
65160	-0,043419339829945905	65160	2,1168246963315829	65160	146,14856563893633	65160	-0,27528900480849722
65170	-0,0396774736215692	65170	2,1392075192460989	65170	146,15138414859666	65170	-0,086955596395652368
65180	-0,0426946525393249	65180	2,1171690450283909	65180	146,14568851505925	65180	-0,85517650679385548
65190	-0,078991738126824057	65190	2,1292075410534057	65190	146,14993646986304	65190	0,55150220132566374
65200	-0,022516482958522953	65200	2,1305874110430087	65200	146,14555118252662	65200	-1,4818090918654621
65210	-0,068599866224875461	65210	2,136849294042316	65210	146,14930530708898	65210	0,47409421706962629
65220	-0,036460640512862935	65220	2,1197484115272629	65220	146,14566897160489	65220	-1,253062085277745
65230	-0,053241827594703736	65230	2,1295515066050767	65230	146,14592263464	65230	0,44551388916798207
65240	-0,059488575801379874	65240	2,1178882300589787	65240	146,14666077127635	65240	-0,64579270595318561
65250	-0,052682304009169192	65250	2,1413811185792646	65250	146,15274076245046	65250	1,4559303197468512
65260	-0,061415391438042005	65260	2,1154642754671995	65260	146,14598277069459	65260	-0,63692112567847325
65270	-0,047750268456427464	65270	2,131457114722656	65270	146,14980123767185	65270	-0,29960899010702674
65280	-0,047714783606342646	65280	2,1367328074508563	65280	146,14844668146696	65280	0,12330918825694787
65290	-0,074476830543111189	65290	2,1265502511449079	65290	146,14842972921053	65290	0,44107418396299647
65300	-0,038147412095884611	65300	2,1312553344025442	65300	146,14947770511429	65300	1,5014158506397071
65310	-0,058232838399034453	65310	2,1310472775190337	65310	146,14582995604047	65310	-0,64502548557019912
65320	-0,049637649642657392	65320	2,1229444582242896	65320	146,1461064160647	65320	-1,1296805542119057
65330	-0,043762311160455342	65330	2,1233480921408141	65330	146,14646772873292	65330	-0,81863452868714726
65340	-0,076936937769437844	65340	2,1280006840582653	65340	146,15011934834081	65340	1,0870905782341249
65350	-0,034406534672631627	65350	2,122590975732713	65350	146,14408735434014	65350	-0,99274276617463253
65360	-0,062745187854199469	65360	2,1278089798171371	65360	146,15136286772787	65360	1,5678933730734113
65370	-0,038724481231993305	65370	2,1324232177994227	65370	146,14837381577226	65370	0,3971256289319256
65380	-0,05841920454535502	65380	2,1369682189092885	65380	146,15112855952958	65380	0,34910214610132051
65390	-0,091534065222099253	65390	2,128004127459139	65390	146,14818869637267	65390	0,052043121334131075
65400	-0,04083153972130419	65400	2,14144197572634	65400	146,14975546801927	65400	0,12752859351679891
65410	-0,050256056498289674	65410	2,1270672730700197	65410	146,14805355920541	65410	0,42605332731185674
65420	-0,062797711346371091	65420	2,1384079628412151	65420	146,14738888909406	65420	-0,69192682236336966
65430	-0,034431013820683795	65430	2,1071473554885185	65430	146,14273133082639	65430	-0,90148279623112615
65440	-0,0727891054445313	65440	2,1210875149731985	65440	146,14660973677556	65440	-0,48521776226954877
65450	-0,033868489458285689	65450	2,12531694627932	65450	146,14609806925361	65450	-0,23130400401862505
65460	-0,063431382189595847	65460	2,1184956146334719	65460	146,14695112081463	65460	0,11050681464602619
65470	-0,044585745122939453	65470	2,1231343734407839	65470	146,14722129840925	65470	0,60451673673943529
65480	-0,053974922851507214	65480	2,1389498493010124	65480	146,1501840092387	65480	1,0232373422936814
65490	-0,0575131134837041	65490	2,1127320006413832	65490	146,1455296148539	65490	-0,46523172305977856
65500	-0,042370816219713919	65500	2,1394828058659754	65500	146,15114273909461	65500	0,31628271877359848
65510	-0,057245594803072015	65510	2,1240290772735264	65510	146,14654236262967	65510	-0,30042496703064486
65520	-0,05578932648078247	65520	2,1375283200050328	65520	146,15100962673833	65520	0,38106328797415095
65530	-0,053007584158644178	65530	2,1417469724050031	65530	146,14913472505856	65530	0,4995669304195971
65540	-0,08726960359857025	65540	2,1490403309742665	65540	146,15188188211894	65540	1,0565038494389882
65550	-0,029495431002963934	65550	2,1469467205887951	65550	146,14972432554748	65550	0,016485620014896618
65560	-0,053517452061505578	65560	2,1091709480547562	65560	146,144647090874	65560	-0,040928320546415209
65570	-0,050407398589876438	65570	2,1264900240971882	65570	146,14622268055334	65570	0,48491291414403881
65580	-0,045109111668233136	65580	2,1268898755960044	65580	146,14392056973063	65580	0,32764379530448057
65590	-0,070023108882533838	65590	2,111913715575152	65590	146,14382732243575	65590	-1,1420027968867144
65600	-0,034233842364379104	65600	2,1280007299874715	65600	146,14718895494133	65600	0,09056272334999374
65610	-0,055118045865900987	65610	2,1078469163319604	65610	146,14393137559821	65610	-0,92680159285744124
65620	-0,05257261040371463	65620	2,1203706374628237	65620	146,14634413291813	65620	-0,03905795043523852
65630	-0,04672042834077024	65630	2,1307194957858941	65630	146,14844537402161	65630	-0,4264443651721832
65640	-0,052471548734214	65640	2,1178762899173731	65640	146,14704558840407	65640	0,2310691802786557
65650	-0,039391418672860036	65650	2,129029844169303	65650	146,14713979316568	65650	-0,86918275240318765
65660	-0,0778754834352669	65660	2,1401396823112862	65660	146,15241466315791	65660	1,8442744294686104
65670	-0,042664822874254889	65670	2,1247560931616185	65670	146,14844248525424	65670	-1,1122750779052004
65680	-0,040936331311637375	65680	2,1245188465460081	65680	146,14587233316576	65680	-1,3161620976534287
65690	-0,069518409575480958	65690	2,1373709411937374	65690	146,14816634694873	65690	0,24052821235008609
65700	-0,048351605986034593	65700	2,1337967177432189	65700	146,14779198235775	65700	-0,048400783484912946
65710	-0,0525897460177284	65710	2,1171308208041291	65710	146,14720320250993	65710	0,67456770178144487
65720	-0,054329157181584618	65720	2,1265264668243087	65720	146,14530122837803	65720	0,29794024752892956
65730	-0,044396454071674869	65730	2,1209748892978042	65730	146,14839534430487	65730	0,86913625324072608
65740	-0,067910932963519341	65740	2,1332221694122238	65740	146,14929615114795	65740	-0,64440719429430815
65750	-0,0410213244360148	65750	2,1389554508958435	65750	146,14980511283412	65750	0,42401743054618268
65760	-0,06035619485114093	65760	2,1286055994091475	65760	146,14857852154555	65760	0,96778316378962437
65770	-0,051342127522039031	65770	2,1300098837574293	65770	146,14820821459219	65770	0,98683513049691651
65780	-0,052596749838349915	65780	2,1427801466537404	65780	146,15192370635481	65780	1,297101758502363
65790	-0,075977615122428357	65790	2,12376692489018	65790	146,14485816195105	65790	-0,36512832540408224
65800	-0,047935524687774164	65800	2,1215852622121618	65800	146,14552954566159	65800	-0,27909766172286804
65810	-0,07869152169685785	65810	2,1072127367970981	65810	146,14326420225635	65810	-1,0432333287515763
65820	-0,054003811339920688	65820	2,1303420330232132	65820	146,14889660797007	65820	0,41201985549707509
65830	-0,038491364180068259	65830	2,1367350674648615	65830	146,15003753751174	65830	0,70089715680384135
65840	-0,064327351695768781	65840	2,1296997681388157	65840	146,14884492163591	65840	-0,084608559126128483
65850	-0,027167963854793992	65850	2,1516761339449109	65850	146,15218014606339	65850	0,024469371401774409
65860	-0,042876386231757206	65860	2,12991188728198	65860	146,14924116041146	65860	0,090977625063991985
65870	-0,047040993999670745	65870	2,126954397367435	65870	146,14782714551131	65870	-0,5873200318359727
65880	-0,039804303492406885	65880	2,1250192789692521	65880	146,14735152424558	65880	-0,80426644507739387
65890	-0,039294485812385885	65890	2,1125224123361512	65890	146,14327971327126	65890	-0,11124301707406142
65900	-0,039900644275737474	65900	2,124703487470232	65900	146,14420305783665	65900	-0,46008240123596561
65910	-0,067157063272629325	65910	2,1238390396642313	65910	146,14688893152845	65910	0,47091795357744892
65920	-0,041387220138698819	65920	2,1129517471116661	65920	146,14430554861616	65920	-0,52438702641085122
65930	-0,063692397720284691	65930	2,1333304772841641	65930	146,14933932806048	65930	0,22800844920701807
65940	-0,074209734134096969	65940	2,1292522186374288	65940	146,148574180502	65940	0,52968226223904835
65950	-0,03822235350920189	65950	2,1585224630409767	65950	146,15241535766359	65950	0,38930912275300877
65960	-0,037295139724327332	65960	2,1169453344789497	65960	146,14678446451947	65960	0,3089177175209189
65970	-0,044963466124388951	65970	2,1349895159589196	65970	146,14799848700238	65970	-0,63037806432128662
65980	-0,051991687726658874	65980	2,1377552518990979	65980	146,14915627803435	65980	0,055421658243936217
65990	-0,057177415784732788	65990	2,1189530127750467	65990	146,1473558483502	65990	-0,927450600960438
66000	-0,0405290999225777	66000	2,1314863078396078	66000	146,14844004496547	66000	0,67091628180046414
EOF
