Name	YT Scope Project	
File	C:\Users\Administrator\Documents\TcXaeShell\TwinCAT_260713\ScopeLog\2026-08-20_Scope_1000mms_B.csv	
Starttime of export	134316834603040000	Thursday, August 20, 2026	16:11:00.304
Endtime of export	134316835704040000	Thursday, August 20, 2026	16:12:50.404


Name	a	Name	b
SymbolComment	A coordinate.	SymbolComment	B coordinate.
Data-Type	REAL64	Data-Type	REAL64
SampleTime[ms]	10	SampleTime[ms]	10
VariableSize	8	VariableSize	8
SymbolBased	True	SymbolBased	True
IndexGroup	61462	IndexGroup	61462
IndexOffset	0	IndexOffset	0
SymbolName	MAIN.Xpmover[0].MCTOPLC.ACT.ActPos.a	SymbolName	MAIN.Xpmover[0].MCTOPLC.ACT.ActPos.b
NetID	169.254.116.218.1.1	NetID	169.254.116.218.1.1
Port	851	Port	851
Offset	0	Offset	0
ScaleFactor	1	ScaleFactor	1
BitMask	0xffffffffffffffff	BitMask	0xffffffffffffffff
Unit	(None)	Unit	(None)
Unit ScaleFactor	1	Unit ScaleFactor	1
Unit Offset	0	Unit Offset	0

0	-0,026547275685539568	0	1,0969758735201738
10	-0,0038478225046596308	10	1,1012780042272508
20	-0,012459174665997783	20	1,1042467988128815
30	-0,00050608401673855918	30	1,1183508252370598
40	-0,0057427098486470384	40	1,1235245137569589
50	-0,011277817395015101	50	1,1082821721928553
60	-0,019270960001444657	60	1,1084279469753307
70	-0,02554414205253722	70	1,1199650914489518
80	-0,010751624445966857	80	1,1144839371097404
90	-0,013590971641909744	90	1,1084822706207862
100	-0,021372362829782974	100	1,1195320257580326
110	-0,017935939659749975	110	1,1114743060149535
120	-0,032506017490364733	120	1,1146054753986656
130	-0,00679129075059989	130	1,0976234512296981
140	-0,009095410854791262	140	1,092908489409028
150	-0,005831931226130088	150	1,1166639686332713
160	-0,011343732805379677	160	1,1017476420871994
170	-0,0083093238093019054	170	1,1226940245947539
180	-0,003949551529270439	180	1,1143337520373724
190	-0,00085032208811543382	190	1,1227838668386005
200	-0,02167651658218123	200	1,0924344668216788
210	-0,014293998818109424	210	1,1057963853502928
220	-0,034378494021197643	220	1,1150434219248508
230	-0,0043663548774927029	230	1,0992993416201715
240	-0,023228794193732142	240	1,1087646452639846
250	0,0016060331170243806	250	1,1041568278636171
260	-0,010019934219526024	260	1,1090829777144464
270	-0,023684602571143229	270	1,1062480865976967
280	-0,020253439062240898	280	1,129819434403929
290	-0,011826242672425179	290	1,1004479989128706
300	-0,0064291035557025753	300	1,1044382021341888
310	-0,0074383459226417536	310	1,1114846421766307
320	-0,014959326992268188	320	1,1094606434418335
330	-0,00960972598081881	330	1,0942984706548375
340	-0,016403375990190788	340	1,1164877833849012
350	-0,01016738999210905	350	1,1047198965637148
360	-0,013354874767996704	360	1,1218765303494729
370	-0,019098645364788704	370	1,1060756674375023
380	0,0011870862127432516	380	1,1184689781045276
390	-0,0077092713249222421	390	1,1132392572356635
400	-0,0044812769857425416	400	1,1133334825776824
410	-0,023570821733378718	410	1,1041212307920874
420	-0,021971572194203957	420	1,105838324939751
430	0,014965380359884357	430	1,1024857589855095
440	-0,026561302719192412	440	1,1151614927308391
450	-0,013127115085522495	450	1,1172221345714759
460	-0,0067324689704441687	460	1,1067524445550621
470	-0,024573381476171104	470	1,1141608335608662
480	-0,0064313813987536246	480	1,1107091331480836
490	-0,026131156442604889	490	1,110762687806423
500	-0,0042489642752192268	500	1,1046031925523141
510	-0,024632409272314935	510	1,1122945830005415
520	0,003280834359055608	520	1,1071955697116427
530	0,00660166727905506	530	1,1061106437343735
540	-0,011656524528365115	540	1,1039611846631081
550	-0,0037318576809615115	550	1,1039608290190386
560	-0,026000169739442289	560	1,1057550784792607
570	-0,026111214869785758	570	1,1056727519843423
580	-0,011874871458935118	580	1,1296874362978335
590	-0,011926822867498127	590	1,109851485531465
600	-0,020472769119032005	600	1,1167441839438486
610	-0,027613946064818415	610	1,0941385176255929
620	-0,0052775123758905772	620	1,1116134649322473
630	0,0020542261722744509	630	1,1108340631262215
640	-0,02663777628999827	640	1,1144746469393319
650	-0,0075415993105739151	650	1,0956575408122997
660	-0,021343519904354256	660	1,0992859284963241
670	-0,015320875451409503	670	1,1069167990744324
680	-0,01712426942403291	680	1,1220516315828923
690	-0,036168548091135365	690	1,1074252107106519
700	-0,0095756608376147065	700	1,1105285498166748
710	-0,019245744831680813	710	1,1086581686926624
720	-0,024464644305456192	720	1,1090111678731505
730	-0,0053860463515589185	730	1,1074072338343206
740	-0,01913404598153717	740	1,1140612920347297
750	-0,019556393454772513	750	1,1075512483174879
760	-0,0076206456057305878	760	1,1001334393050559
770	-0,010533141581555957	770	1,1113376058404503
780	-0,012381320163480557	780	1,1020169188171418
790	-0,030645807088281057	790	1,114627493160546
800	-0,021384136895186642	800	1,1028793980055482
810	-0,01795738790885304	810	1,1004830570075224
820	-0,020558367277216483	820	1,1139118466410032
830	-0,0062460243587379961	830	1,1159807030081541
840	-0,021813321550599851	840	1,1071578787344985
850	-0,007529667541135052	850	1,1152664637363008
860	-0,0023343790777824135	860	1,0970001055163261
870	-0,02729933966168183	870	1,1080122636651955
880	-0,009969706215873583	880	1,0975311771941281
890	-0,0087505450064228833	890	1,1109577815060159
900	-0,0017748754476338176	900	1,1099238476753111
910	-0,021139273823479406	910	1,0996941661978144
920	-0,028175711218061575	920	1,1188142092407776
930	0,0016367235843568063	930	1,1182249661404786
940	-0,024937083265276324	940	1,117737412099344
950	-0,01519806498401108	950	1,1178531399296467
960	-0,020294232451762095	960	1,1159475057719248
970	-0,013329719874539778	970	1,1086358062357982
980	-0,010654382682948927	980	1,1052864548046668
990	-0,013498615138213713	990	1,101250871516881
1000	-0,00073374835027365914	1000	1,1078334188283863
1010	-0,026595498111290413	1010	1,1047077464545458
1020	-0,015371790821898013	1020	1,1192074726086887
1030	-0,010678214812603797	1030	1,10834150652226
1040	-0,019187272364808924	1040	1,1190217131212246
1050	-0,019875772854323518	1050	1,117480903538427
1060	-0,026019689967877374	1060	1,1074387522366294
1070	-0,015576612832234807	1070	1,1084138747799894
1080	0,0014423609601043985	1080	1,1035554342155562
1090	-0,019241449807368419	1090	1,1089764187499289
1100	-0,00056876829428037956	1100	1,0882752499181672
1110	-0,0081956151868364888	1110	1,1103438675478767
1120	-0,020480739299245414	1120	1,1166973734896382
1130	-0,0014846784179552899	1130	1,0929317078801508
1140	-0,0039277067596986317	1140	1,1162633561669859
1150	-0,0022737587076718828	1150	1,1164057707430917
1160	-0,024775673108758296	1160	1,1051038118897423
1170	-0,017357285871805992	1170	1,1025290809876582
1180	-0,014295762169697268	1180	1,1090009593159727
1190	-0,018066831560584033	1190	1,113569211314964
1200	-0,0057824986134056	1200	1,1063861044565821
1210	-0,0026552281420069231	1210	1,1114341963481693
1220	-0,027635118020856511	1220	1,1206169689372509
1230	2,6363887138222175E-05	1230	1,1104422849888846
1240	-0,016660851213496686	1240	1,1080175432238311
1250	-0,017379024509284587	1250	1,1177031264328012
1260	-0,011159147108856422	1260	1,1058588063263906
1270	-0,0072182771079471646	1270	1,0983607608891397
1280	-0,014468757036000366	1280	1,1108588052087014
1290	-0,02927509243911983	1290	1,1139527354000454
1300	-0,017433382283168077	1300	1,1057383243205372
1310	-0,0074784284517123972	1310	1,1092203537901839
1320	-0,022322975218600098	1320	1,1165751942134043
1330	-0,00750411636102174	1330	1,1105373728504897
1340	-0,026572332415680494	1340	1,1127624464472026
1350	-0,007280304885814823	1350	1,1064246043420765
1360	-0,011137338642274605	1360	1,1185101911275821
1370	-0,01547700918022253	1370	1,1190189974158333
1380	-0,012751302408588858	1380	1,102380019955701
1390	-0,026947487860665052	1390	1,1138012304516474
1400	-0,012324244307598882	1400	1,0904076140024923
1410	-0,00902448341505533	1410	1,1257575506642799
1420	-0,007652232150447952	1420	1,1100445028430144
1430	7,4018389752146662E-05	1430	1,0999086449933955
1440	-0,01672472257163048	1440	1,10136020264382
1450	-0,010876570534473518	1450	1,0911227650427706
1460	-0,0012012854415691041	1460	1,1000563518219386
1470	-0,018050569790843345	1470	1,1116287609189763
1480	0,00062631038103576082	1480	1,1115492066941914
1490	-0,023989971370402756	1490	1,1264016067372362
1500	-0,026662540952130952	1500	1,1082616628819724
1510	-0,027337874824264582	1510	1,0884847684286372
1520	-0,019424579573933225	1520	1,1020330903889328
1530	-0,0086380198506725275	1530	1,0992600431400275
1540	-0,018325532065155654	1540	1,1166347668419361
1550	0,0042068475760529056	1550	1,1062495683885223
1560	-0,030674209719072872	1560	1,1210066976400246
1570	-0,010427460886514332	1570	1,1170515132040906
1580	-0,0064102109468115237	1580	1,1185974237873981
1590	-0,025786779109737885	1590	1,1024444271851415
1600	-0,011270945251005757	1600	1,1212790195425262
1610	-0,013854968717717759	1610	1,1024276477395707
1620	-0,014368108282937263	1620	1,1152082004671917
1630	-0,00755437775661655	1630	1,1151332963892002
1640	-0,018956514198970292	1640	1,1136322311405773
1650	-0,016733129543465931	1650	1,1024793695835586
1660	-0,023603626210148238	1660	1,1081133484712853
1670	-0,020893406357394752	1670	1,1122339240364554
1680	-0,00052209366882600527	1680	1,1074289888213982
1690	-0,028037981321512345	1690	1,1206301719669261
1700	-0,0097682248174132229	1700	1,1079967276505041
1710	-0,014381256288691613	1710	1,1047358836135968
1720	-0,026169876175529946	1720	1,108224159326779
1730	-0,011307087859614285	1730	1,0968198008002843
1740	-0,020791639281352411	1740	1,1116833244670068
1750	-0,010246108042890096	1750	1,1155560526661412
1760	-0,012380796537446254	1760	1,1104483918262269
1770	-0,013814369091287282	1770	1,0847351707463515
1780	-0,0098981017177531931	1780	1,1017499402310553
1790	-0,027459514514489372	1790	1,1130938813907654
1800	-0,0037160535427274732	1800	1,1025506762576591
1810	-0,014495139821045423	1810	1,1067914008874062
1820	-0,012284391617268206	1820	1,1031008814184009
1830	-0,0040816447000993654	1830	1,1095728279971735
1840	-0,031056431687960819	1840	1,11892877593709
1850	-0,019582228922977681	1850	1,0995141370940826
1860	-0,0058217928540688071	1860	1,1073945665435041
1870	-0,013627117244871631	1870	1,1029522096632993
1880	-0,00286700008729152	1880	1,1119946125436864
1890	-0,0089013686217621311	1890	1,1268278123615707
1900	0,0041745105115897525	1900	1,1095226672202772
1910	-0,021849902505651445	1910	1,1166872314524552
1920	-0,02685916305202873	1920	1,0991102538352515
1930	-0,0059888293772164215	1930	1,1143480481495889
1940	-0,018387955043005031	1940	1,1063736095204901
1950	-0,013860367437566976	1950	1,1049172187970549
1960	-0,019032048670826557	1960	1,1067130050421352
1970	-0,022673511352968835	1970	1,0970135479752621
1980	-0,0038106465244782924	1980	1,1185576450489028
1990	-0,019382653714000157	1990	1,114263435973698
2000	-0,0087714830752309136	2000	1,1091743886466807
2010	-0,027124851475796432	2010	1,1051540091985013
2020	-0,012755006002027988	2020	1,1170498091358598
2030	-0,0029771657702773466	2030	1,101787213708961
2040	0,0029929330074561643	2040	1,1182440308528878
2050	-0,017303135120432162	2050	1,114356716193202
2060	-0,021669721276026895	2060	1,1086791855931293
2070	-0,020415888807321071	2070	1,1046070727461566
2080	-0,0031082116538372309	2080	1,1220398196614461
2090	-0,021217716195734936	2090	1,1004574221846282
2100	-0,018885899407023891	2100	1,1052973439927694
2110	-0,017096091237366603	2110	1,1103064373948479
2120	-0,024492743313540982	2120	1,1029944874812512
2130	-0,017350077905245752	2130	1,0999228717726191
2140	-0,032506700148418756	2140	1,107608549296752
2150	-0,01561253294479608	2150	1,0982719375774799
2160	-0,0097456557536727655	2160	1,1279790913261345
2170	-0,0083664303399156054	2170	1,1163219557814248
2180	-0,013715490848593304	2180	1,1048401403805315
2190	-0,017801926590072154	2190	1,1181427233760513
2200	-0,010662676029649661	2200	1,1165346210902314
2210	-0,016574805605887744	2210	1,1098687485710324
2220	-0,0173399870584645	2220	1,1261187682666867
2230	-0,018753353468645009	2230	1,1037843289281213
2240	-0,025347949497451533	2240	1,1099762212706457
2250	0,0011920853180526392	2250	1,1185194394731708
2260	-0,026736831767104074	2260	1,1163323646892038
2270	-0,01657336507437928	2270	1,1208777100895122
2280	-0,0023383264478629559	2280	1,1102672791015078
2290	-0,020888556914548956	2290	1,0961252639840218
2300	0,0071961566340028767	2300	1,1153042497766363
2310	-0,0046613040245538917	2310	1,103805948639065
2320	-0,025838976366844384	2320	1,1074762177937969
2330	-0,012087154043724924	2330	1,1002904806527567
2340	-0,010948960284041284	2340	1,1062103697415013
2350	7,3561866938162083E-05	2350	1,0946731589524696
2360	-0,0441419753588354	2360	1,1123483019949323
2370	-0,0097065993579919033	2370	1,1041941993644993
2380	-0,0025506339648252094	2380	1,1021467971049028
2390	-0,023795443458940354	2390	1,1148929369308944
2400	-0,011484114386687403	2400	1,0996761314898049
2410	-0,013189960469679947	2410	1,1069223646665287
2420	-0,0088535946441518718	2420	1,113549063135044
2430	-0,0049952047357018107	2430	1,1084873572714475
2440	-0,021231391204374363	2440	1,1081772298061916
2450	-0,00803304995604667	2450	1,1015937250128511
2460	-0,015208575602002675	2460	1,112219564156085
2470	-0,02157558970740843	2470	1,1096851616613508
2480	-0,018833975611358571	2480	1,1232221670686249
2490	-0,031716634512666549	2490	1,1135922380454868
2500	-0,0092144747089591347	2500	1,1161763732335746
2510	-0,011846281413758576	2510	1,1109226797760028
2520	-0,011226776986665892	2520	1,1221852096998792
2530	-0,012416771608213133	2530	1,0997877436529575
2540	-0,02083506819928	2540	1,1120553402851563
2550	-0,0053470144336357391	2550	1,1060750451133861
2560	-0,017374819420580865	2560	1,1230259637458941
2570	-0,011930885997028068	2570	1,1228446017814677
2580	-0,010718131375071504	2580	1,1198725086218777
2590	-0,026734417201220349	2590	1,0944485643546678
2600	-0,032621992393825079	2600	1,0976434537116748
2610	-0,012631227596979525	2610	1,1054532224194711
2620	-0,012531425447854239	2620	1,1006430382205978
2630	-0,023916955851555306	2630	1,104951984910395
2640	-0,017096684773249014	2640	1,133243273032176
2650	-0,016062184902233462	2650	1,1218831358842676
2660	-0,016293063729330138	2660	1,1129863892980652
2670	-0,017284985425146792	2670	1,108195997864768
2680	-0,012679671494780949	2680	1,0999116952251418
2690	-0,010987766244061498	2690	1,1140375208586082
2700	-0,0078062312608083119	2700	1,0945325597874218
2710	-0,013415922833229814	2710	1,1099636909936035
2720	-0,029602030240603934	2720	1,11420079106156
2730	-0,0051221954114868667	2730	1,1047982638618596
2740	-0,026007905043190359	2740	1,1293353565322928
2750	-0,0024563147471283074	2750	1,1038279450641453
2760	-0,021644614496427093	2760	1,1103355219324715
2770	-0,0094577442111371	2770	1,1010077611942388
2780	-0,021355768979957016	2780	1,1210345416653194
2790	-0,01263922023352026	2790	1,1129174668734136
2800	-0,0079070465115071119	2800	1,0998930055250755
2810	-0,018074848294179831	2810	1,1176677569240636
2820	-0,00027097134189538782	2820	1,1077356568916772
2830	-0,0080525673526433989	2830	1,1096109300910295
2840	-0,023572900504257911	2840	1,11402528959013
2850	-0,01820901295451903	2850	1,1100386467098951
2860	-0,024297519337120255	2860	1,1026480742940961
2870	-0,0070831635449105689	2870	1,0985318700534283
2880	-0,0085122221338347591	2880	1,0917744257842117
2890	-0,022687232950562512	2890	1,1093127703194348
2900	-0,0016163164647254188	2900	1,1078666510164312
2910	-0,019220766357999443	2910	1,1074923498397371
2920	-0,0046549527061658449	2920	1,1169553605320881
2930	-0,012027486826643112	2930	1,1119032940755051
2940	-0,019255556955253234	2940	1,0960985184669658
2950	-0,0040262494005753168	2950	1,105020726585793
2960	-0,026113196957284916	2960	1,1051915410721669
2970	-0,018717952566216403	2970	1,1177192271185292
2980	-0,028194084296457932	2980	1,1210158766752174
2990	-0,01579729783543125	2990	1,1111452676316402
3000	-0,010913792078254143	3000	1,101765876093586
3010	-0,0081040285549702912	3010	1,1089936034048915
3020	-0,0015946693958736144	3020	1,1125570573172272
3030	-0,026105447589846578	3030	1,0977808650557475
3040	-0,016447795363143763	3040	1,1139923893131905
3050	-0,019678693721620594	3050	1,1073293456021383
3060	-0,023952776321685017	3060	1,1008979072147305
3070	-0,022330330588199415	3070	1,1105429863811216
3080	-0,0065348216632417945	3080	1,1059213610176335
3090	-0,015457142200119511	3090	1,1091137742866801
3100	-0,0039631220016655656	3100	1,1108162763903997
3110	-0,0066626075783206545	3110	1,1106353526455632
3120	-0,009641054433884912	3120	1,097967873092178
3130	-0,020252549634301713	3130	1,1101248304383835
3140	-0,0177817706403307	3140	1,105661473513905
3150	-0,010284679700433405	3150	1,1084282580520868
3160	-0,022288726824993589	3160	1,0990802609108703
3170	-0,022653810491023527	3170	1,1055928786031319
3180	-0,016634528591533783	3180	1,1104261449423423
3190	-0,026089301709309117	3190	1,1266632112696642
3200	-0,020216624516171768	3200	1,100772110483871
3210	-0,013798577987800305	3210	1,1009842872670941
3220	0,0042097006307513056	3220	1,0950989146506118
3230	-0,014711530225682865	3230	1,1025266459858445
3240	-0,0091056368863213413	3240	1,1067604869763983
3250	-0,010258031567646847	3250	1,1062061361308058
3260	-0,0028626132560782345	3260	1,1165695996836607
3270	-0,0064621846469657294	3270	1,1058928462956543
3280	-0,013010442905236262	3280	1,1079770080477456
3290	-0,021390820860730287	3290	1,117636622018922
3300	-0,013153073011652255	3300	1,1018503539118141
3310	-0,038968770910542849	3310	1,1240705041516323
3320	-0,019095739206171067	3320	1,1022013848077603
3330	-0,020267852087086098	3330	1,1142006128896578
3340	-0,016107498676605516	3340	1,0948411740840363
3350	-0,0168047906066011	3350	1,1188464745858
3360	-0,022861894453646534	3360	1,1164888537116453
3370	0,013484244223464122	3370	1,0919415212176216
3380	-0,012871351744569879	3380	1,0941427095338634
3390	-0,021254752163379197	3390	1,1107116807189257
3400	-0,018642525845200594	3400	1,1130701110446266
3410	-0,011447270763831429	3410	1,1119790510509542
3420	-0,013252335404781218	3420	1,123421357646702
3430	-0,014925763058391625	3430	1,1208977960002384
3440	-0,0068450447772385875	3440	1,1161927950632331
3450	-0,014858386302890747	3450	1,1040084461115174
3460	-0,023512788149583238	3460	1,1194495807912663
3470	-0,00805075386442565	3470	1,1080071692777092
3480	-0,013403041838948629	3480	1,1012731679862584
3490	-0,010115009829886688	3490	1,1068808455738801
3500	-0,006386236996445872	3500	1,0927951447785811
3510	-0,008645872491181773	3510	1,1082555363841253
3520	-0,0029267023702117608	3520	1,1125849833507804
3530	-0,011444196309257628	3530	1,1062208061690524
3540	-0,030200872065347582	3540	1,1153696398188515
3550	-0,0035112278416399179	3550	1,0945931009028411
3560	-0,023138746591424786	3560	1,1015625618212561
3570	-0,0029334774694602427	3570	1,112152506067881
3580	-0,027232909101232348	3580	1,1040670222882567
3590	-0,014151097656989556	3590	1,1110077411690607
3600	-0,0011088291880388763	3600	1,1106244756985917
3610	-0,015611762351044682	3610	1,1130138127267988
3620	-0,011234769020168645	3620	1,1106075442595582
3630	-0,021649473730859903	3630	1,1124339481691075
3640	-0,020110650594486929	3640	1,0988811206559999
3650	-0,0091408019924393378	3650	1,097163605771073
3660	-0,021724514076413435	3660	1,11186882358856
3670	-0,025660358932459177	3670	1,1064976971381837
3680	-0,0024115788735431217	3680	1,1184389258603398
3690	-0,01076386376881344	3690	1,1018618971610334
3700	-0,0044347982946589008	3700	1,1054852680755898
3710	-0,02589181602858771	3710	1,1228728485004118
3720	-0,011269308526375624	3720	1,1130292690935624
3730	-0,016886668946777962	3730	1,1057920135388935
3740	-0,013840844135921789	3740	1,109670381914555
3750	-0,0023947081810220434	3750	1,0977037673303862
3760	-0,018351301909052362	3760	1,1169748698333264
3770	-0,018999921631557046	3770	1,1037355495540737
3780	-0,019835941139809625	3780	1,1083640228764546
3790	-0,01732411124816436	3790	1,1174945590224055
3800	-0,0013918980233494018	3800	1,1101625920141225
3810	-0,022480420755201402	3810	1,1124784615357291
3820	-0,0064200736622154952	3820	1,1160395612597196
3830	-0,0069006824024451571	3830	1,1008895810017096
3840	-0,017344825117748937	3840	1,1012664607754703
3850	-0,017936152518459991	3850	1,125283297425316
3860	-0,025425705685298054	3860	1,0994066551150927
3870	-0,018356507021809954	3870	1,1162452593666241
3880	-0,018244670526114445	3880	1,1171289230613086
3890	-0,012320164477521942	3890	1,108198085160319
3900	-0,0043162119337468172	3900	1,1018252575954988
3910	-0,0040836930516891393	3910	1,1070990938276928
3920	-0,018405997803195649	3920	1,10727861660731
3930	-0,017312143467841178	3930	1,1113553211295815
3940	-0,0046284942105970766	3940	1,1107376162613474
3950	-0,0083423460082407679	3950	1,0971121637536119
3960	-0,025759921668002953	3960	1,113292506918796
3970	-0,0060493741672834143	3970	1,1163308481333161
3980	-0,015074192329253841	3980	1,1128459101440684
3990	-0,017439535918730757	3990	1,0966440675681737
4000	-0,013768915033601616	4000	1,1088101736811329
4010	-0,019874331924748544	4010	1,1129589697999733
4020	-0,00302504928087205	4020	1,0992960719484106
4030	-0,012944511370095587	4030	1,1144356619065852
4040	-0,028056957655584421	4040	1,1125030056642731
4050	-0,010699916704177411	4050	1,1276998366949675
4060	-0,0012199244215256072	4060	1,1039590575704592
4070	-0,016238435046752372	4070	1,1080200266884044
4080	-0,012824360198534538	4080	1,1216430757687617
4090	-0,0033773271323459149	4090	1,1113945936845002
4100	-0,018258451322256713	4100	1,0958576803632796
4110	-0,0070359341576818881	4110	1,0958363554584594
4120	-0,02361686521453853	4120	1,1185372020601905
4130	-0,019931353440458415	4130	1,1216396442621583
4140	-0,015693980135989809	4140	1,1239697914844957
4150	-0,0060173941861884454	4150	1,0993150749604128
4160	-0,024628316829889543	4160	1,1084848532763947
4170	-0,016081403586951662	4170	1,1054406519354354
4180	-0,0080632547840676812	4180	1,1034211414027422
4190	-0,019732996508389191	4190	1,1231547446847676
4200	0,0039737345366744406	4200	1,0998755794685691
4210	-0,010213810461864979	4210	1,1122342157365541
4220	-0,010416126109608879	4220	1,1093732232076234
4230	-0,027788463217199758	4230	1,1170139864233113
4240	-0,026950247845929014	4240	1,1092231698054165
4250	-0,015447405450535792	4250	1,111408460570029
4260	-0,013307099281072824	4260	1,1047691647684368
4270	-0,0054547538335964468	4270	1,1073597568371412
4280	-0,020707579737587665	4280	1,1128779643598135
4290	-0,014156425958117913	4290	1,1074644047545827
4300	-0,026496495667248827	4300	1,1098433645006463
4310	-0,02959452854888547	4310	1,1115709937991953
4320	0,0035599095051556408	4320	1,1130636567394832
4330	-0,01496284699203289	4330	1,1191113833284057
4340	-0,019660753320134772	4340	1,123480892587353
4350	-0,013273772120516711	4350	1,1052957571155342
4360	-0,027875559185545559	4360	1,1006350874754394
4370	-0,0020675160030878869	4370	1,1082606418351706
4380	-0,011463122344627668	4380	1,0952147265281937
4390	-0,019465818162576063	4390	1,1063399657889903
4400	-0,00772034258639509	4400	1,110467622166077
4410	-0,019496144955619583	4410	1,1164317121754976
4420	-0,021974651549267143	4420	1,1027940726328787
4430	-0,0025627234064669979	4430	1,1085751016326069
4440	-0,016772863499782076	4440	1,1102012978323745
4450	-0,01187991757794361	4450	1,1081239222080355
4460	-0,017783670251610872	4460	1,1056039498055539
4470	-0,0087765720458746251	4470	1,099352563048535
4480	0,0029177052319357142	4480	1,0938622033916221
4490	-0,0031023687834767504	4490	1,1204051970893951
4500	-0,020774469277051868	4500	1,1173442567596137
4510	-0,019794914772347266	4510	1,1065962149733322
4520	-0,018285590024412029	4520	1,1101654825452509
4530	-0,025160918777537348	4530	1,1035005547222709
4540	-0,019168865034764639	4540	1,1107022566042109
4550	0,0043744953460855378	4550	1,0974248561550644
4560	-0,021161699740299415	4560	1,1110994650531541
4570	-0,0056286261893350271	4570	1,1195579659111092
4580	-0,012238620567406747	4580	1,1156554966531369
4590	-0,025687435612919592	4590	1,1042161056318132
4600	-0,0113920229399129	4600	1,0998745845370705
4610	-0,022519230188059007	4610	1,1117715457988331
4620	-0,010432272889957442	4620	1,1195160584111974
4630	-0,013555719475413418	4630	1,1062499424408041
4640	-0,0063795750088854819	4640	1,1176878119785287
4650	0,0016983563460205679	4650	1,0952080207946544
4660	-0,023283793002638227	4660	1,10305477916982
4670	-0,019264964194685395	4670	1,0991845417829262
4680	-0,011704841771507471	4680	1,11632826573842
4690	-0,020336117828192866	4690	1,1168186708537868
4700	-0,0012574015403953281	4700	1,11695887215188
4710	-0,018213604813109772	4710	1,1268475675711931
4720	-0,01751308523306826	4720	1,1136924511557245
4730	-0,013728892085767559	4730	1,1021743349585655
4740	-0,01328446722537055	4740	1,1065933300643962
4750	-0,0058067907361867583	4750	1,1055178913396568
4760	-0,02340277049811372	4760	1,108738453006523
4770	-0,0057987923987116033	4770	1,112457077801096
4780	-0,018775412849715498	4780	1,0997633828227371
4790	-0,016030730042149204	4790	1,120118925185202
4800	-0,0095060165298529713	4800	1,1262327542316886
4810	-0,015707538211728322	4810	1,1134133074445654
4820	-0,013823341828011794	4820	1,0990709999616035
4830	-0,018331571130850946	4830	1,1104537692888556
4840	-0,0064387714718218336	4840	1,1067242342165125
4850	0,00550398220838576	4850	1,0962674798811876
4860	-0,028391096261875779	4860	1,1220724652510781
4870	-0,0014931117604143568	4870	1,1055305046181747
4880	-0,014369932986557513	4880	1,1100715005371762
4890	-0,018509804869930049	4890	1,1074048914543726
4900	-0,026250226191699706	4900	1,1084946557791913
4910	-0,019263110726456829	4910	1,1112985650445435
4920	-0,00988425504939515	4920	1,1059847717272471
4930	-0,015204313151718968	4930	1,0934324829489615
4940	-0,0071589676482281565	4940	1,105673821274481
4950	-0,017585563732397398	4950	1,1041183841182192
4960	-0,019515965117256361	4960	1,1225974588291294
4970	0,0048158995911174668	4970	1,1103849974187321
4980	-0,019673245024829384	4980	1,1061457412358411
4990	-0,0033856944489152412	4990	1,0971158130589038
5000	-0,015424771730491036	5000	1,1008439193818518
5010	-0,023267550735293244	5010	1,1160548257243494
5020	0,0057482810497036926	5020	1,1078978706376403
5030	-0,027100805763129454	5030	1,0961810046479752
5040	-0,011779397537529815	5040	1,1142546816946635
5050	-0,00954789325888202	5050	1,1164887805606174
5060	-0,013305872703896977	5060	1,1169137646941212
5070	-0,014531510059092459	5070	1,1062309752880442
5080	-0,0072101538254354322	5080	1,1154199649422525
5090	-0,008118652054813616	5090	1,1141216856768705
5100	-0,014010577270545579	5100	1,1044012885868411
5110	-0,010503405460354448	5110	1,1099161656146048
5120	-0,011962504700102015	5120	1,1044437620157284
5130	-0,028307019219327184	5130	1,1125894489579096
5140	-0,013256546410456092	5140	1,110231924032151
5150	-0,014105689014548768	5150	1,1211306284090614
5160	-0,02280971171918484	5160	1,1131658638130926
5170	-0,010116143657123058	5170	1,1197379892193333
5180	-0,022324999368123891	5180	1,112247603098695
5190	-0,0066476775609978812	5190	1,104484389456255
5200	-0,022685376039752108	5200	1,1164151511344362
5210	-0,013105739649693235	5210	1,1074893316461278
5220	-0,0013273251330403536	5220	1,1065689031965524
5230	-0,0096387098911533357	5230	1,0961163581810443
5240	-0,01815732574216284	5240	1,1161370252865397
5250	-0,012660290475948102	5250	1,1061098049664879
5260	-0,013097360064296309	5260	1,1128570858790714
5270	-0,0051391058561023606	5270	1,1061060654530412
5280	-0,019837506816371479	5280	1,1113550373353773
5290	-0,0090939156340930829	5290	1,1143018496341341
5300	-0,010242883357001487	5300	1,1175209808260809
5310	-0,018539217366111572	5310	1,1053678002045457
5320	-0,0086736078161557522	5320	1,099510471003152
5330	-0,0081443561777582319	5330	1,0980425172932637
5340	-0,0027768555216314016	5340	1,1141801784276
5350	-0,010854510917339638	5350	1,1039569869697319
5360	-0,01975623190592973	5360	1,1046647700655687
5370	0,0093822311612498412	5370	1,1035754466595382
5380	-0,02188665129911959	5380	1,1147350768885296
5390	-0,0084785467694307257	5390	1,1184059952272445
5400	-0,014571816145521246	5400	1,1152325384985895
5410	-0,012379911998358738	5410	1,1205453063908655
5420	-0,0053419230448595537	5420	1,10721373350856
5430	-0,012334261182753284	5430	1,1157246535732457
5440	-0,018786291932831285	5440	1,1136662386344298
5450	-0,021296958100872402	5450	1,1061234256654042
5460	-0,011834847972237952	5460	1,100173663283238
5470	0,0046987176545939171	5470	1,0966849534517007
5480	-0,024383244724551348	5480	1,1096743651206955
5490	-0,021610839354923209	5490	1,1083966041090361
5500	-0,0048160593996951105	5500	1,1190235453925017
5510	-0,0048651157468106556	5510	1,1177814242410618
5520	-0,0050926161605820341	5520	1,1067541732574382
5530	-0,00788417008172126	5530	1,1047832370109003
5540	0,0017567438301876739	5540	1,1060269717509952
5550	-0,011212747704817424	5550	1,1192103145428727
5560	-0,021411382865525658	5560	1,1217440773964225
5570	-0,021762611097806594	5570	1,1059971221799589
5580	-0,021325261304188013	5580	1,1134179066302976
5590	-0,011801519444854665	5590	1,0956066594742608
5600	-0,029325698727444772	5600	1,1082822498039218
5610	-0,020664850545684232	5610	1,1167933166327178
5620	-0,0070836281490922288	5620	1,110390733103255
5630	-0,01091713111927965	5630	1,1076544574832703
5640	-0,014453486949289354	5640	1,099557810453079
5650	-0,0081211432900269425	5650	1,101682389087866
5660	-0,011217023202503571	5660	1,1184179338009004
5670	-0,020007816688500237	5670	1,0972791846645924
5680	-0,019506269051055781	5680	1,106019578796581
5690	-0,022796534920220119	5690	1,1055895029644935
5700	-0,0074603893903029744	5700	1,095696891894018
5710	-0,021228477302392905	5710	1,1130887208456648
5720	-0,012929559296507	5720	1,1094131248834114
5730	-0,020310978051086937	5730	1,116109808867962
5740	-0,0060452105185975769	5740	1,1141833756514694
5750	-0,027931588994447754	5750	1,1176491799097283
5760	-0,020698122522899976	5760	1,116771010594902
5770	-0,0033090117808422695	5770	1,1134077054651128
5780	-0,017376510543222722	5780	1,104936636780395
5790	-0,020511706218536024	5790	1,1066145892195058
5800	-0,0043570780162810992	5800	1,1072528713502
5810	-0,018226584259409234	5810	1,1034436653597946
5820	-0,008152830397017391	5820	1,1169559940180058
5830	-0,021569088230795019	5830	1,1064636731017268
5840	-0,015896782622737509	5840	1,1111660251117967
5850	-0,0054558170550315808	5850	1,1073546260909013
5860	0,00068741623611608908	5860	1,096685833104428
5870	-0,0084566762441303581	5870	1,1040769902656038
5880	0,0013523149581691192	5880	1,1079609467093423
5890	-0,0085153806706688186	5890	1,0989909980333812
5900	-0,0095587283185878148	5900	1,1088441808441596
5910	-0,017947336601511592	5910	1,1134827325012602
5920	-0,00902745559877334	5920	1,1158538722058586
5930	-0,0272281219544695	5930	1,1084290015040683
5940	-0,003004412129645	5940	1,1143414470379589
5950	-0,010854580402949151	5950	1,1052337332441462
5960	-0,016247685536794523	5960	1,0998098787243198
5970	-0,00971944975348477	5970	1,1145584619459896
5980	-0,0033141303586606014	5980	1,1028461741612827
5990	-0,010030430253296661	5990	1,1038595257923063
6000	-0,014485609223725588	6000	1,1149431880905438
6010	-0,01256747825234218	6010	1,1093138779709919
6020	-0,0052961628579240956	6020	1,1124037889782743
6030	-0,010064970074307534	6030	1,1191250805881989
6040	-0,017252514021919338	6040	1,1013742784856244
6050	-0,0088904598835118954	6050	1,1041712529095622
6060	-0,011531232827270647	6060	1,1153826625967849
6070	-0,002138127424074451	6070	1,109031303084755
6080	-0,026438380502714305	6080	1,1243893243723633
6090	-0,00764092717611522	6090	1,1055388607705656
6100	-0,016794393794679289	6100	1,1197953476606486
6110	-0,02618459691015166	6110	1,0950537958863056
6120	-0,0060141175899146634	6120	1,1271698429642092
6130	-0,010817106754960457	6130	1,1102729187724125
6140	-0,015713981745002124	6140	1,1124917080144667
6150	-0,011691749202468757	6150	1,1138599574741304
6160	-0,0024454936687661496	6160	1,1087946012894698
6170	-0,007327696070003914	6170	1,0978911031497796
6180	-0,01106290789498361	6180	1,1138542821793718
6190	-0,0109908765944346	6190	1,1146237293826387
6200	-0,014618907736055379	6200	1,0884486171832901
6210	-0,021092554684627261	6210	1,1189885562332114
6220	-0,00077587810361571152	6220	1,0993107479531095
6230	-0,032595516591747517	6230	1,1138051544774787
6240	-0,0011461197974299965	6240	1,1048675055300146
6250	-0,018713580710928334	6250	1,1055945927213802
6260	-0,017860482339125662	6260	1,1201105889663778
6270	0,011693432248588377	6270	1,1156842506481526
6280	-0,019000571049523234	6280	1,112887412410198
6290	-0,0032805530176253581	6290	1,1301539066452311
6300	-0,0019726209257624455	6300	1,0999111844872276
6310	-0,021328989135080571	6310	1,1130954583269104
6320	-0,025619381247034872	6320	1,1024864213275329
6330	-0,014296764384564235	6330	1,1091070556162059
6340	-0,01712761536976996	6340	1,107178497456097
6350	-0,015298097319222629	6350	1,1058196589949887
6360	-0,016822365297157943	6360	1,1059401043289705
6370	0,00082816131273015178	6370	1,1016109338070688
6380	-0,0091825902074130685	6380	1,1170570370698265
6390	-0,018957796992103357	6390	1,1146021571998761
6400	-0,013265418353142261	6400	1,0977415400401436
6410	-0,019641783536932109	6410	1,122452424308483
6420	-0,0078770461163048984	6420	1,1023312490109143
6430	-0,026674073184924263	6430	1,1236421143805233
6440	-0,024079080693476088	6440	1,0990590700756018
6450	-0,012838140938225114	6450	1,1252923052383039
6460	-0,02391347963538475	6460	1,1025599867014213
6470	-0,010199593992128114	6470	1,1020522442074059
6480	-0,015535336342369647	6480	1,1089768537401394
6490	-0,016577889394209882	6490	1,11073206390571
6500	-0,0085475869177127628	6500	1,12103455093723
6510	-0,026654156562848724	6510	1,1026703564864639
6520	-0,0070114536279671635	6520	1,1120758662585346
6530	-0,0029543719884109775	6530	1,1131631126686061
6540	-0,0070503101851889611	6540	1,1284826507392438
6550	-0,024221825885209484	6550	1,110079077052893
6560	-0,0087173128296263776	6560	1,1144044027570377
6570	-0,026495596944435769	6570	1,1022246601127022
6580	-0,018916359020873231	6580	1,1028153687272271
6590	-0,0037867684754972061	6590	1,1090635026572295
6600	-0,0056819401261693787	6600	1,0936101080213705
6610	-0,0072848659601571237	6610	1,1038747444066612
6620	-0,0012344467866697833	6620	1,106339650190747
6630	-0,01056486919544798	6630	1,1014449602373075
6640	-0,0052882540148182274	6640	1,1176068796281895
6650	-0,027401815217255442	6650	1,1154477759062775
6660	-0,011756056432749433	6660	1,1075139557903351
6670	-0,014619212675813249	6670	1,1124964852849324
6680	-0,012554776033028363	6680	1,1121366659319951
6690	-0,0044389222741756194	6690	1,1023852134689713
6700	-0,0053472566857966745	6700	1,12274859315247
6710	-0,017433481151621397	6710	1,1133220992499684
6720	0,0017476913686277256	6720	1,1163900315485986
6730	-0,018833616111646575	6730	1,1167238404171422
6740	-0,0020038357899655056	6740	1,106354967053788
6750	-0,01609243390840218	6750	1,1022986702607349
6760	-0,011813199460890879	6760	1,0970794346385733
6770	0,00030105343333910203	6770	1,1065074169485516
6780	-0,010708532354038692	6780	1,1035923327113464
6790	-0,0075736730460453884	6790	1,1112243174239274
6800	-0,017761320616298117	6800	1,1080939214892365
6810	-0,014796532247032167	6810	1,1140945396493933
6820	-0,015226088296624541	6820	1,0942493358636687
6830	-0,017134087416662652	6830	1,1058159996798147
6840	-0,014458451048501861	6840	1,1019141287815912
6850	-0,012997733275399347	6850	1,1109365232630335
6860	-0,020612395699015535	6860	1,1163759679064469
6870	-0,0084771390167576854	6870	1,0911877603948812
6880	-0,018206927746000263	6880	1,119954363267631
6890	0,002361140369984915	6890	1,1072951438333369
6900	-0,018343336719336578	6900	1,1079138309458898
6910	-0,015411668188677535	6910	1,120932283760461
6920	-0,011692691595782434	6920	1,1015144597871618
6930	-0,031877087426660636	6930	1,1070064286035029
6940	-0,018652166731735462	6940	1,0970793777567314
6950	0,0072698393378788587	6950	1,1245723042669333
6960	-0,015045620100917511	6960	1,1185639388030124
6970	-0,022116381572221792	6970	1,0953110471056031
6980	-0,012765035626425305	6980	1,1077264084167657
6990	-0,018295719236710185	6990	1,1206721934434136
7000	-0,0043994988857463382	7000	1,1050215932215186
7010	-0,0058179792116108651	7010	1,0894399843652063
7020	-0,012002585005759327	7020	1,1026221321472
7030	-0,027716111762939141	7030	1,1234216895652491
7040	-0,0083178295257701276	7040	1,1112284372375583
7050	-0,012787347048371344	7050	1,107483844126383
7060	-0,0050078875744109354	7060	1,1098772978479654
7070	-0,01833423890435305	7070	1,0988102202109524
7080	-0,025396733385050361	7080	1,1092812202946243
7090	-0,014326420162286375	7090	1,1056582814091358
7100	-0,013216320524369043	7100	1,0960171357792594
7110	-0,015017180785185474	7110	1,1031084580639565
7120	-0,0025944138248764647	7120	1,0952633661634954
7130	-0,022028087913883325	7130	1,1216860660092911
7140	-0,0073526741020332794	7140	1,1120735388474095
7150	-0,016760643000251506	7150	1,0966517300766598
7160	-0,01204985131762751	7160	1,0953437028305082
7170	-0,013712163364892208	7170	1,1232700386013295
7180	-0,0049011496711239338	7180	1,1222430910803249
7190	-0,021780234917704012	7190	1,1263992764263351
7200	-0,0066540189732203657	7200	1,1190631925162995
7210	-0,015998506676182658	7210	1,1122402309602322
7220	-0,02026983943317761	7220	1,1053319846150962
7230	-0,012444617778760436	7230	1,117112835272587
7240	-0,001810839240962361	7240	1,1009368997816216
7250	-0,030072611050012417	7250	1,1172568753716898
7260	-0,020470971310290739	7260	1,1132640396427243
7270	-0,017940540109170504	7270	1,1120213754655874
7280	-0,023968073254159332	7280	1,1114197976313811
7290	-0,011223618662053755	7290	1,1003319531240166
7300	-0,014716539647534251	7300	1,098419363335744
7310	-0,010666402723209047	7310	1,1163879430937411
7320	-0,0030145833943156044	7320	1,0909843223249034
7330	-0,013066891136448275	7330	1,1283893687967519
7340	-0,0087086523794976389	7340	1,1101001456865349
7350	-0,010519232867281183	7350	1,112584628975583
7360	-0,024358038473828579	7360	1,1172821693075565
7370	-0,01713059231725049	7370	1,1033412650379055
7380	-0,024922040367199763	7380	1,0956481274804917
7390	-0,0096880200256843838	7390	1,11602864494546
7400	-0,024150406474754089	7400	1,100372028790916
7410	-0,021494658872344967	7410	1,1057341855527938
7420	-0,016188957695107267	7420	1,1022017521143839
7430	-0,022143002970422539	7430	1,1207486758361098
7440	0,00059374240281914953	7440	1,1159850403807963
7450	-0,00952476442856918	7450	1,1022684342266953
7460	-0,0069389488733382822	7460	1,0937286650050901
7470	-0,025441506766149719	7470	1,0949689405992413
7480	-0,01282761324005155	7480	1,1245285116310735
7490	-0,0029459379528030032	7490	1,1085034930170867
7500	-0,023577846337279839	7500	1,0998358233757111
7510	-0,0031187109927140228	7510	1,1203079049390574
7520	-0,0041501233414980819	7520	1,1140904627328563
7530	-0,0029082022928284173	7530	1,1137126199283982
7540	-0,00069795442113773989	7540	1,1138042101486092
7550	-0,025017494286403784	7550	1,103671306016085
7560	-0,016308560477526487	7560	1,1058723627095481
7570	-0,01275335010859205	7570	1,1081111421654639
7580	-0,010850052287518489	7580	1,1087182275444931
7590	-0,018935276234888124	7590	1,1163238667379098
7600	-0,017109597646268817	7600	1,1095650473237149
7610	-0,02286989836720035	7610	1,115001081161739
7620	-0,0090427216531054552	7620	1,10128112538555
7630	-0,014054717481160928	7630	1,1064421889783827
7640	0,0060076627295688944	7640	1,1128345157750892
7650	-0,017011622691619117	7650	1,1111776223666103
7660	-0,025404162851311425	7660	1,0883175171482782
7670	-0,023605115765944366	7670	1,1049477384659123
7680	-0,015419133498165217	7680	1,0987813716863732
7690	0,0046735098949769877	7690	1,1082778164039122
7700	-0,020604967819773921	7700	1,1244059252076848
7710	-0,033338587642236926	7710	1,1007339888695356
7720	0,0063887194018429081	7720	1,1143315841012489
7730	-0,021211438808782079	7730	1,1231807925465087
7740	-0,015193916576245676	7740	1,1091797938934296
7750	-0,0134687663755474	7750	1,115457026460061
7760	-0,015533868438567709	7760	1,0980438689412733
7770	-0,018810641092076752	7770	1,0988931291071853
7780	-0,0165167452931952	7780	1,1046915439087293
7790	-0,0087276625639447387	7790	1,1215234074293174
7800	-0,024559580527807212	7800	1,1183435897873681
7810	-0,021405270661960768	7810	1,1111343550934372
7820	-0,015987569136864888	7820	1,1024861596519007
7830	-0,018584365886062625	7830	1,1056255225953979
7840	-0,014203422537571432	7840	1,1025394980678536
7850	-0,01639431467875295	7850	1,112371098897408
7860	-0,0039668955218498626	7860	1,0970806848311021
7870	-0,00862234560770321	7870	1,0988190302308638
7880	-0,0063614099214302777	7880	1,1154798368766412
7890	-0,001390445480410882	7890	1,097348866122293
7900	-0,022114160171364798	7900	1,1238275755369787
7910	-0,007629288941759205	7910	1,1029605852173943
7920	-0,0011381698627532537	7920	1,096310393676426
7930	-0,019931977711109543	7930	1,103738946955352
7940	-0,016998756998534349	7940	1,1120353361567148
7950	-0,026247647438957734	7950	1,1001279035552736
7960	-0,018275965065980712	7960	1,1155890634890302
7970	-0,019040921562216307	7970	1,1076246339905294
7980	-0,023488553557330989	7980	1,1072883100414845
7990	0,0042749165750241283	7990	1,096180304298318
8000	-0,018324569422756797	8000	1,10814227116811
8010	-0,010038116639254449	8010	1,1251331705869936
8020	-0,0085399374246936163	8020	1,113485626813477
8030	-0,011953238584712365	8030	1,1058272513545526
8040	-0,0054084061456319988	8040	1,0933263908903168
8050	-0,024912259159635512	8050	1,1150689433228516
8060	-0,0059622444524366968	8060	1,1144522176943104
8070	-0,018754251165714508	8070	1,1291737505893484
8080	-0,019693126276021714	8080	1,1095125565406745
8090	-0,015036957289350207	8090	1,1117872979502048
8100	-0,015789143031699125	8100	1,1077048982961872
8110	0,0035407659144806865	8110	1,1044128028080293
8120	-0,012152463713316439	8120	1,1071988524242982
8130	-0,023156163202078788	8130	1,1039569749853764
8140	-0,000416961663326438	8140	1,096872493955757
8150	-0,015299604865179239	8150	1,1067284939887865
8160	-0,0060510363741199816	8160	1,11615320620408
8170	-0,012310351434735906	8170	1,1134143457500296
8180	-0,01437262882555318	8180	1,1224863378671923
8190	-0,013663919125877904	8190	1,1066415055353576
8200	-0,024367529743646039	8200	1,1032577051468278
8210	-0,013752281825953871	8210	1,1141012038587048
8220	-0,012117403935605623	8220	1,1037209049642796
8230	-0,0064098146273411146	8230	1,1202546860045823
8240	-0,0040199825792618495	8240	1,0993704314577382
8250	-0,0090484887066326937	8250	1,1098486001584893
8260	-0,016786094977501335	8260	1,1111097149309512
8270	-0,017144076229375148	8270	1,1146290696573937
8280	-0,021615626420295617	8280	1,1115023662707406
8290	-0,0071581766802274	8290	1,1152675074420413
8300	-0,026294286163113339	8300	1,1116674724787063
8310	-0,00035879216554742682	8310	1,0940653349062044
8320	-0,022288939456924142	8320	1,1026471638550681
8330	-0,0088126785304743823	8330	1,1226312715786562
8340	-0,0030683315697798575	8340	1,1123600516228533
8350	-0,013077906765753851	8350	1,1136444101055518
8360	-0,020628724037810173	8360	1,1082700154351373
8370	-0,0093454375714335011	8370	1,1117177980482627
8380	-0,00814001530471972	8380	1,1156228643717876
8390	-0,018491395632498756	8390	1,1011673762751357
8400	-0,02167287531595875	8400	1,1143975835065356
8410	-0,013253705595818949	8410	1,1108422602945867
8420	-0,00890238977616447	8420	1,1045373901917297
8430	-0,011491556912068926	8430	1,1225043843414624
8440	-0,024851586108275526	8440	1,1129856185754132
8450	-0,015909639408910166	8450	1,1083156490028689
8460	-0,012314042073949988	8460	1,1132132012880995
8470	-0,012519600828367802	8470	1,0877301194297162
8480	-0,022998381042921984	8480	1,1102651819000895
8490	0,0028935803436945327	8490	1,1104735273605306
8500	-0,024354303107782627	8500	1,1221449129331331
8510	-0,004506898027787992	8510	1,1160432620451635
8520	-0,012175158624798028	8520	1,1106039875819183
8530	-0,004381532568150927	8530	1,11555831347374
8540	-0,0087409298755431759	8540	1,099405938113462
8550	-0,011623898340244892	8550	1,1107067967629996
8560	-0,014351547073627962	8560	1,0934217684593506
8570	-0,015219773977082534	8570	1,1054674232838304
8580	-0,011115085576461412	8580	1,1225684411254426
8590	-0,008936163450952465	8590	1,1117804922362398
8600	-0,019389309044349632	8600	1,1084945449569432
8610	-0,0039218927603845233	8610	1,1121024759446183
8620	-0,0093626998180268931	8620	1,1209916284417862
8630	-0,0099468931420727061	8630	1,0971289642340665
8640	-0,019236119171051683	8640	1,0966930302828704
8650	-0,016421567532960629	8650	1,1041098311977111
8660	-0,024802543428531842	8660	1,1083742730579083
8670	-0,025287191805206905	8670	1,11162742013209
8680	-0,022359316613363836	8680	1,1053462679683912
8690	-0,010928528407141123	8690	1,0987293308969857
8700	-0,0073823946818103118	8700	1,1040382012499743
8710	-0,0013054685753045535	8710	1,1162694375499336
8720	-0,026872959937999319	8720	1,117992542570543
8730	-0,0061197272492427915	8730	1,1048511182819711
8740	-0,023656721959411074	8740	1,0971174122364003
8750	-0,0226958109428736	8750	1,1155784956147816
8760	-0,018848995060052179	8760	1,1010761457354301
8770	-0,015895874814216449	8770	1,101322919844657
8780	-0,014202234107355891	8780	1,114354024816415
8790	-0,012734895798920669	8790	1,0992194618937732
8800	-0,023248646843438241	8800	1,1088629944576613
8810	-0,0095133354292804527	8810	1,1090597072648647
8820	-0,019533662074361514	8820	1,1077259724286714
8830	-0,00617603188901154	8830	1,1074189259160312
8840	-0,017749180549766836	8840	1,110993717095677
8850	-0,022674992842107129	8850	1,1116267136914222
8860	-0,021685439325039628	8860	1,1068937241215755
8870	-0,024736884214958205	8870	1,1135187632882642
8880	-0,013217208437145897	8880	1,0997017507903226
8890	0,0027629350604430614	8890	1,099211298871734
8900	-0,0082045302459067444	8900	1,1123057442545112
8910	0,00735853109331983	8910	1,1177382572840362
8920	-0,0058827748072268248	8920	1,0967513498006669
8930	-0,014455905441902667	8930	1,1210192275003983
8940	-0,016541932651157984	8940	1,1107703950412955
8950	-0,01201697021047334	8950	1,1168463365604133
8960	-0,011256981757430016	8960	1,1081023938976691
8970	-0,0078169010939359677	8970	1,1058972132855471
8980	-0,00970433544819845	8980	1,1046405966066926
8990	-0,0032755417198678067	8990	1,0900666884204555
9000	-0,0240948542553125	9000	1,0996016610578383
9010	-0,022288942210785194	9010	1,101030377720527
9020	-0,021280909004907315	9020	1,1232596383861191
9030	-0,0089605725205387	9030	1,1230365866998509
9040	0,0036833373562619818	9040	1,1132712474660875
9050	-0,012860122518446699	9050	1,1063687905966826
9060	-0,0072988833930205319	9060	1,1183345251036203
9070	-0,016934889770753896	9070	1,1070151317805999
9080	-0,007756048011926084	9080	1,1054998486091341
9090	-0,030190983808158454	9090	1,0994303454941445
9100	-0,010044832979594307	9100	1,1106820443805032
9110	-0,00926363227212666	9110	1,1046145320944714
9120	-0,014100367380991503	9120	1,1152502372986832
9130	-0,012491059141996249	9130	1,1161383160809932
9140	-0,009434559382944718	9140	1,1078876639671551
9150	-0,02215345650396244	9150	1,1151279303634833
9160	-0,021427408041776303	9160	1,122746807634285
9170	-0,0042751673082906038	9170	1,1101447860634768
9180	-0,0065247624717056476	9180	1,1155297288636974
9190	-0,00896121978404214	9190	1,1119901145012228
9200	-0,032816064204238382	9200	1,1135670182326418
9210	-0,023640703621807022	9210	1,1040803843244487
9220	-0,011824162486647862	9220	1,0987244027493475
9230	-0,018583419841320132	9230	1,109391434038441
9240	-0,016175965089494235	9240	1,1076417843696291
9250	-0,033017097305766387	9250	1,1314113378666861
9260	-0,0090899809762403378	9260	1,1119051450301198
9270	-0,011067345741737338	9270	1,1211744538464303
9280	-0,0072700389911886688	9280	1,1288480765443267
9290	-0,0068534155000247992	9290	1,0974728755950798
9300	-0,01162339174567893	9300	1,1167921090384532
9310	0,005413779342503736	9310	1,1130556154522977
9320	-0,016548130278110886	9320	1,1043261248647975
9330	-0,025834770804823055	9330	1,113750821258968
9340	-0,028615501891194849	9340	1,1066981922913965
9350	-0,035285695150764872	9350	1,1150161616974161
9360	-0,019221208697065933	9360	1,1157704339967682
9370	-0,017333853712742917	9370	1,1139943875783185
9380	-0,010364825699967818	9380	1,1142433454397822
9390	-0,00085949741850282	9390	1,1036501345869161
9400	-0,015112884083813253	9400	1,1104338513358569
9410	-0,012456571552541417	9410	1,0963690112358628
9420	-0,0077384765553731236	9420	1,1025921575578168
9430	-0,0068636674962789081	9430	1,1161487021064629
9440	-0,0016535500467100988	9440	1,114352845963734
9450	-0,021922257470945197	9450	1,095276740614926
9460	-0,0083667827001146812	9460	1,1016891890871761
9470	-0,02395182536302003	9470	1,1201287002614673
9480	-0,0076873037711306371	9480	1,1065491314394058
9490	-0,015490819300245033	9490	1,1138343650230227
9500	-0,017058524611908685	9500	1,1063409645895308
9510	-0,0010961984981289008	9510	1,1221113705526775
9520	-0,014493651004172983	9520	1,1158644539534022
9530	-0,0030038144470965686	9530	1,0918187946213627
9540	-0,0046728183295407	9540	1,0888994801952368
9550	-0,019042285746174809	9550	1,1072692107918343
9560	-0,0050065276058298145	9560	1,1044425026223723
9570	-0,016033711785941141	9570	1,1112416448625211
9580	-0,010070646605946384	9580	1,1111395021787369
9590	-0,029190920408471568	9590	1,100328553431672
9600	-0,016628794502364933	9600	1,1180508872705064
9610	-0,0022160724248492646	9610	1,1106239727487655
9620	-0,0026603451966670006	9620	1,1189213178802442
9630	-0,019063337379632055	9630	1,1032612366555812
9640	-0,0032822704342968839	9640	1,1157276364544631
9650	-0,023558429377828358	9650	1,1032130540492406
9660	-0,01091962891266789	9660	1,1047292068900998
9670	-0,025316778019020075	9670	1,1160138515429467
9680	-0,018480143480305238	9680	1,1161081260361137
9690	-0,011223355278814934	9690	1,1203869276950687
9700	-0,027898987568723284	9700	1,1126731754631603
9710	-0,0074405462558273716	9710	1,1055413618886132
9720	-0,014249748821071082	9720	1,1148967145977948
9730	-0,011382643938517	9730	1,1126597420604878
9740	-0,025721500976826957	9740	1,1088230372041961
9750	-0,006029338220111544	9750	1,1071018937346597
9760	0,0011726226104376554	9760	1,1085031344091774
9770	0,010164892475658584	9770	1,1188731615592429
9780	-0,022641672593741804	9780	1,1106192262891146
9790	-0,0029904221718627371	9790	1,1079921045787726
9800	-0,0071667922157483376	9800	1,1046897896270327
9810	-0,0080849339629378587	9810	1,1218382899908448
9820	-0,023352953777339119	9820	1,1160275483778692
9830	-0,013385041026728608	9830	1,1152390955715998
9840	-0,013474820144591665	9840	1,0941252531718373
9850	-0,01339341657567561	9850	1,1229612410915146
9860	-0,012011305920820375	9860	1,0944080967415621
9870	-0,023269069510638087	9870	1,0970716403632181
9880	-0,017428664136479213	9880	1,1329887446361184
9890	0,0080776773084150783	9890	1,1050172062644028
9900	-0,028588515045459024	9900	1,1128666190326022
9910	0,0019935606332192619	9910	1,093395136068035
9920	-0,0081207441949465529	9920	1,1265049964585685
9930	-0,02236939846476119	9930	1,1003822734971529
9940	-0,015978978899321337	9940	1,0986940517850659
9950	-0,029180713804512079	9950	1,1282130039271396
9960	-0,0010576546714269359	9960	1,1057170648794641
9970	-0,025992170055901331	9970	1,1045126923849722
9980	8,1533943691721521E-05	9980	1,0963750685710016
9990	-0,026488110556302107	9990	1,1060313330771683
10000	-0,016610878998231545	10000	1,1093906454240321
10010	-0,00988552085096106	10010	1,1085105625942338
10020	-0,00688171716683646	10020	1,1116579505414928
10030	-0,015943642486966638	10030	1,1165560372428665
10040	-0,03113658101730872	10040	1,1204366784178541
10050	-0,011327503103485062	10050	1,1073114991162958
10060	-0,018996558026392756	10060	1,113540721982343
10070	-0,031800217139327569	10070	1,1246640984618117
10080	-0,013087737479491332	10080	1,1074398584916247
10090	-0,016829229508635347	10090	1,103105315785055
10100	-0,016086226349089985	10100	1,1095040838821249
10110	0,0018629480765715023	10110	1,1019257332043848
10120	-0,013584536057238947	10120	1,1081164461276882
10130	-0,0015460816314095613	10130	1,1088667139429982
10140	0,00309918460280789	10140	1,1069296705977056
10150	-0,030560922201696147	10150	1,1130458661721452
10160	-0,021464472644016179	10160	1,1022383412431582
10170	-0,029824321610235495	10170	1,1096389471373422
10180	-0,0078532817127187765	10180	1,126381373561465
10190	-0,02043197224271253	10190	1,1108464768155533
10200	-0,017973426155726606	10200	1,1183995559796243
10210	-0,024055082467221756	10210	1,1070745100866637
10220	-0,013022367573234628	10220	1,1055438201071348
10230	-0,0041468572464319359	10230	1,102301650598245
10240	-0,00995567381450747	10240	1,1048797411549287
10250	-0,028617407080182729	10250	1,1179830560455148
10260	-0,008710653895720245	10260	1,1190303460500286
10270	-0,027262244197414104	10270	1,0990204038725631
10280	-0,0058771070888897128	10280	1,1071036523977644
10290	-0,019018150119832284	10290	1,1081867752659651
10300	-0,016484959514133313	10300	1,1104975276902096
10310	-0,0093787880110376958	10310	1,1036991984016504
10320	-0,01434947514540259	10320	1,1128996395940094
10330	-0,029344924950300527	10330	1,1093777096817774
10340	-0,004293691859690133	10340	1,1007649915832383
10350	-0,023032218676258681	10350	1,1031515668276144
10360	-0,015516239378600123	10360	1,1092948090323409
10370	-0,0081459589222838726	10370	1,1235190326926687
10380	-0,012056065862061685	10380	1,1062710835016227
10390	-0,020651371583016873	10390	1,1130159560493769
10400	-0,03073324061163896	10400	1,1095060701660693
10410	-0,011528847470409354	10410	1,0929529029270655
10420	-0,021091021765867135	10420	1,1162501173376893
10430	-0,018559390675718466	10430	1,1192719309036774
10440	-0,0087699267973372613	10440	1,0987077505185448
10450	-0,0026263268965941796	10450	1,1158745670766697
10460	-0,0097886642666375947	10460	1,1135516275610946
10470	-0,023866601275890457	10470	1,1105813748239677
10480	-0,019256501052109326	10480	1,109488840269055
10490	-0,011493701288670603	10490	1,0980191538946296
10500	-0,016830912767933363	10500	1,1091996779805311
10510	-0,0035342280134468673	10510	1,0994181302355992
10520	-0,017837297254933333	10520	1,0955430375859143
10530	-0,015934157659507484	10530	1,1119261607224036
10540	-0,0093011589961779339	10540	1,1042241627901512
10550	-0,019197137451026577	10550	1,1137232691533143
10560	-0,0154023660754342	10560	1,101799700118419
10570	-0,007482884473979671	10570	1,1113927612420458
10580	-0,0048978624745560258	10580	1,1133217721247781
10590	-0,020445181569816027	10590	1,1115870127230287
10600	-0,035275171251078236	10600	1,1244318725517979
10610	-0,013239817927229553	10610	1,1134095532855697
10620	-0,024979014030734922	10620	1,1195784239854385
10630	-0,0029782408059519229	10630	1,1066346849646829
10640	-0,0024671246335398536	10640	1,1078316413372396
10650	-0,025538596015763384	10650	1,120293097272538
10660	-0,0059070673212496738	10660	1,1050963160748595
10670	-0,036316035819126895	10670	1,1105903129017765
10680	-0,021063584907897278	10680	1,1042922845021397
10690	-0,0072192361951168961	10690	1,119232510902745
10700	-0,0240360047710316	10700	1,1093042103064912
10710	0,0050563372690189	10710	1,0991682080203442
10720	-0,028173643252315982	10720	1,1034685627516856
10730	-0,011522523417380892	10730	1,1154502363918633
10740	-0,013503742239888884	10740	1,130787707403853
10750	-0,014432761097184712	10750	1,1160314126335773
10760	-0,014057222906023634	10760	1,1005880651134903
10770	-0,00434498284920937	10770	1,1092375535500592
10780	-0,016779830203846668	10780	1,1040425156011282
10790	-0,020586364149171137	10790	1,1130965880776702
10800	-0,0037273866971814337	10800	1,1119657202813007
10810	-0,0073937999044480672	10810	1,1066258668549784
10820	-0,02852015824849952	10820	1,1080962984380989
10830	-0,016538841845972811	10830	1,1066581796890045
10840	-0,011650392793613938	10840	1,1080179661238434
10850	-0,031234094211085823	10850	1,1059463337870918
10860	-0,0028818029268365495	10860	1,1032518966885194
10870	-0,014394290551572616	10870	1,1072368942999586
10880	0,0078567163235475565	10880	1,1063019906908005
10890	-0,0090849080981671663	10890	1,1043297704748942
10900	-0,0177422598912477	10900	1,1024243057432213
10910	-0,0052498863272898693	10910	1,1036970370515464
10920	-0,019006124964771456	10920	1,1125104441939961
10930	-0,026482902311977082	10930	1,1190034358999317
10940	-0,0029373395303187765	10940	1,1058214369015276
10950	-0,0093359500636485283	10950	1,117852079283006
10960	-0,014472329996402874	10960	1,106047962708093
10970	-0,02728984709897718	10970	1,1120659514718561
10980	-0,0070652769559992066	10980	1,1094276993778089
10990	-0,017640179406368403	10990	1,1098399598996167
11000	-0,016311737760909651	11000	1,1038037399897005
11010	0,0065263241834041131	11010	1,1090774284722904
11020	-0,025419523876199595	11020	1,1035718040176148
11030	-0,0054377152909615267	11030	1,1117997023221335
11040	-0,0090791923279403622	11040	1,1093894985182145
11050	-0,024990957950203046	11050	1,1050756221312152
11060	-0,01993299612920349	11060	1,0999916994342414
11070	-0,0083057711470741653	11070	1,1182736477681243
11080	-0,025485299411860011	11080	1,1025540371858775
11090	-0,0073432827909194346	11090	1,119129604698206
11100	-0,0087289474655957884	11100	1,1227666473831017
11110	-0,00822323410525446	11110	1,1143414491320232
11120	-0,020685954745158788	11120	1,1123961420230082
11130	-0,014573522051238338	11130	1,0940794594978278
11140	-0,019155366608546109	11140	1,1025578253190165
11150	-0,0064292861738641455	11150	1,1117796716339159
11160	-0,022774586460320909	11160	1,0969941586961785
11170	-0,014267651400304953	11170	1,1283340675918427
11180	-0,0019114677034948492	11180	1,1022986494176461
11190	-0,008935122435649076	11190	1,118903656264806
11200	-0,01044715723110801	11200	1,1102461761325151
11210	-0,0053394516753426753	11210	1,1025457389210689
11220	-0,029672454988707939	11220	1,1219979062698302
11230	-0,018406201753644803	11230	1,1159708130856194
11240	-0,014118928060399275	11240	1,1170859650815472
11250	-0,023422933956853666	11250	1,1102021865643659
11260	-0,018210590844988328	11260	1,1004456605990665
11270	-0,031911005138701105	11270	1,1145504027615305
11280	-0,00942273117363147	11280	1,103713431514936
11290	-0,025968209729702312	11290	1,1117991026850178
11300	-0,007276002141875861	11300	1,1129786147781129
11310	-0,0141312722772954	11310	1,1056590747881443
11320	-0,026551867315791108	11320	1,1164480031059518
11330	-0,019656396316734364	11330	1,1094320332136858
11340	-0,014466080474356899	11340	1,111302956829723
11350	-0,023319052803945306	11350	1,119552471282828
11360	-0,00649259986778667	11360	1,1075887058520306
11370	-0,018434052548451003	11370	1,1063870259226392
11380	-0,014362154185900606	11380	1,0999044072482971
11390	-0,013451684000039609	11390	1,1144968419620107
11400	-0,013986568373574737	11400	1,1130720538685659
11410	-0,015054214933871539	11410	1,0950217888044833
11420	-0,026233390801713229	11420	1,1258570048176888
11430	-0,018753840492041766	11430	1,105706200285026
11440	-0,022514943470198275	11440	1,1162825644515455
11450	-0,013629610861282284	11450	1,111547938387176
11460	-0,017750915650454974	11460	1,120873100503305
11470	-0,032800477769079087	11470	1,1030348441107043
11480	-0,010610330402155062	11480	1,1077849226789669
11490	-0,0098694290525422716	11490	1,1173213498997265
11500	-0,013241765015862885	11500	1,1083727433004595
11510	-0,015529776959664151	11510	1,1056775680868189
11520	-0,027690859376736914	11520	1,1120009499948178
11530	-0,023190843713973713	11530	1,1102085170712188
11540	-0,017845045635297426	11540	1,1255911881151606
11550	-0,0019883243861968194	11550	1,109324790749364
11560	-0,01708709973834862	11560	1,1167179220949071
11570	-0,023620741150258376	11570	1,1182734617600523
11580	-0,0058349511554766044	11580	1,1076886714331475
11590	-0,016648863191898441	11590	1,1058894723270096
11600	-0,013867077705536354	11600	1,1072431715139657
11610	-0,011777880280516358	11610	1,1168745560527797
11620	-0,017921063519430465	11620	1,1207864927663125
11630	0,01004522031597916	11630	1,1128310943368516
11640	-0,024849194497833196	11640	1,119173243014419
11650	-0,011361926937932008	11650	1,1157693711652896
11660	-0,00998108962395302	11660	1,1082252098816376
11670	-0,017831217217007259	11670	1,0920984931514335
11680	-0,0058015140077291808	11680	1,0977899938188698
11690	-0,016849861121467562	11690	1,110066478786818
11700	-0,0016310165129684421	11700	1,1021270770671223
11710	-0,0081358041772836391	11710	1,1071987960200507
11720	-0,011408550081522782	11720	1,1130148020656967
11730	-0,0083096268562032824	11730	1,1011259208592994
11740	-0,013147087195904848	11740	1,1233041514475937
11750	-0,024308697771485494	11750	1,1123499094968827
11760	-0,0090163521098669871	11760	1,0982704298692361
11770	-0,020081189579113246	11770	1,116521874006067
11780	-0,0077786939814523462	11780	1,094265606554407
11790	-0,027105170143244664	11790	1,0944541092009048
11800	-0,0079179543744173214	11800	1,103655221037356
11810	-0,020255560902022362	11810	1,1210256789199873
11820	-0,01675641562218616	11820	1,1246344842735556
11830	0,0091644897918703155	11830	1,098745183577422
11840	-0,00978062121935218	11840	1,1002666473614908
11850	-0,010876064212350147	11850	1,1019661337434303
11860	-0,0095767688849212173	11860	1,1155213444056253
11870	-0,012694712298053216	11870	1,0983649267581159
11880	-0,018804102495764228	11880	1,0948645390758556
11890	-0,018251243929298808	11890	1,1267958792960828
11900	-0,026452670865174232	11900	1,1113731938048337
11910	-0,0041343290225375612	11910	1,1241946852315374
11920	-0,01797921127411839	11920	1,1214348684695961
11930	-0,012386302985820195	11930	1,1108218089587598
11940	-0,021043785989829672	11940	1,1177517860705868
11950	-0,0083740225550062285	11950	1,0986577459792302
11960	-0,016513241497437773	11960	1,0976548608172028
11970	-0,023294266907433366	11970	1,1124497533424109
11980	-0,020668810900940363	11980	1,113185427150448
11990	0,0050763921939975315	11990	1,1062978123753786
12000	-0,020350340992132385	12000	1,1265492668105175
12010	-0,01830630671914751	12010	1,1250673286579493
12020	-0,016014747145025831	12020	1,1198144483098032
12030	-0,0048402666277222615	12030	1,1077132314051039
12040	-0,031032017534357272	12040	1,0940961359986372
12050	-0,0023595952220324154	12050	1,0950861603246163
12060	-0,007918842140161763	12060	1,1136248397643636
12070	-0,027827935185797549	12070	1,1064545786169131
12080	-0,010875426645849088	12080	1,1093753981084176
12090	0,0043337113735751115	12090	1,1075364346373957
12100	-0,010054330736317832	12100	1,0988637260514789
12110	-0,0098983841170644151	12110	1,1056318449332971
12120	-0,013314906152378068	12120	1,1188257879054764
12130	-0,0050474501208773188	12130	1,103755717595502
12140	-0,017192524699389266	12140	1,1222933026166873
12150	-0,013480674672497495	12150	1,1242504285317365
12160	-0,030705502730638972	12160	1,1117469172269769
12170	-0,022171217995983865	12170	1,1202402753563063
12180	-0,002394456008624036	12180	1,098198717722318
12190	-0,013532824130509174	12190	1,1125853179122458
12200	-0,03349243989071285	12200	1,1154572195166155
12210	-0,011397018905374066	12210	1,1036393322750104
12220	-0,0057463345336849648	12220	1,1128689024716898
12230	0,0026649505681487283	12230	1,1021401804123969
12240	-0,026381670843315039	12240	1,1042115853197108
12250	-0,00582353274800077	12250	1,1011033458113571
12260	-0,028679950508981721	12260	1,1162261083905192
12270	-0,021909227300392516	12270	1,1093798277525666
12280	-0,0019297562242658545	12280	1,104609266641037
12290	-0,015252859151298152	12290	1,0998532533019885
12300	-0,004911269342500209	12300	1,1248663674955044
12310	0,0090741499480762218	12310	1,1039501591825605
12320	-0,015980027672234533	12320	1,1048845752139447
12330	-0,0025399882030330743	12330	1,1055534503572617
12340	-0,021987298579795297	12340	1,1142974557332248
12350	-0,022577421206748188	12350	1,1083916707453545
12360	-0,01982133365977666	12360	1,1141229608646543
12370	-0,021458445145862939	12370	1,1146022869826482
12380	-0,020482541842172002	12380	1,1194807009777796
12390	-0,01892822970986446	12390	1,0962872311588836
12400	-0,010287438864169706	12400	1,1045412103522392
12410	-0,014434920212936325	12410	1,0888900082911888
12420	-0,014226099019316957	12420	1,1102794084091114
12430	-0,00427790165242766	12430	1,1160186052422898
12440	-0,022547411110017047	12440	1,1026899286226977
12450	0,0011257744043669533	12450	1,1125547525728365
12460	-0,0065860816475911904	12460	1,1014836277508968
12470	-0,013846605669916943	12470	1,114979207833894
12480	-0,0052901726248965227	12480	1,1203213397265175
12490	-0,024974671757389089	12490	1,0981987324415454
12500	-0,0043156447591596817	12500	1,1105030274567607
12510	-0,0018270694242888731	12510	1,107197511616973
12520	-0,011572601874990212	12520	1,1053888587564889
12530	-0,01856660875688336	12530	1,1143540750064656
12540	-0,01117569808572727	12540	1,1172993905577375
12550	-0,0061616645285312065	12550	1,1130792639890212
12560	-0,008310565618090569	12560	1,1031204632862859
12570	-0,010184681596946764	12570	1,1241676956348559
12580	-0,012131031505656703	12580	1,1194051065976118
12590	-0,020655926526023265	12590	1,108972629154239
12600	-0,0082181933443237157	12600	1,1101660500222761
12610	-0,024079432927849923	12610	1,1163196633713279
12620	-0,017371533092638964	12620	1,1145695718788069
12630	-0,0030098332439406766	12630	1,10468125482582
12640	-0,029535386215774347	12640	1,1155417580078888
12650	-0,014004022320619787	12650	1,1005433431314795
12660	-0,0015672039679078646	12660	1,1067807796768527
12670	-0,017934111654526859	12670	1,1197668579197624
12680	-0,01033769952502815	12680	1,1251480403569052
12690	-0,020443758048227959	12690	1,0968565861078425
12700	-0,00536881212163606	12700	1,0902032993341386
12710	-0,022637353345686766	12710	1,1210120604041123
12720	-0,016160193354279838	12720	1,09504733688881
12730	-0,0050812649068437766	12730	1,1072834992452827
12740	-0,017491381979830516	12740	1,1150620902886586
12750	-0,0047764324269730218	12750	1,1187431635579457
12760	-0,01457557134879659	12760	1,1203713429833602
12770	-0,017121581043244405	12770	1,1070003289593728
12780	-0,010773605057417701	12780	1,1034319599594236
12790	-0,025956506429504592	12790	1,134195366920796
12800	-0,011747357935089365	12800	1,1060237647638584
12810	-0,026192755161268125	12810	1,1039024557462713
12820	-0,019229376617741958	12820	1,1027786962137804
12830	-0,0078420989193895285	12830	1,1066359782659345
12840	-0,00817644669035774	12840	1,1058166018503166
12850	-0,012974647104793693	12850	1,1120130235303338
12860	-0,00744125343954943	12860	1,1091822351703906
12870	-0,01624928792932331	12870	1,117154312805513
12880	-0,010098109727413381	12880	1,1089173173467717
12890	-0,025337332406856376	12890	1,1015412070635418
12900	-0,0012246880835228881	12900	1,1213965039957705
12910	-0,02465080016332339	12910	1,1060271184030948
12920	-0,025712930744825287	12920	1,1184886914670085
12930	-0,020395708635381888	12930	1,1044950822778981
12940	-0,00799165600364862	12940	1,1105528515196599
12950	-0,017504220447118558	12950	1,117031131257938
12960	-0,011479969993188566	12960	1,1137940039319607
12970	-0,01420322153494407	12970	1,1173172824536091
12980	-0,018147967927098902	12980	1,1094873498950391
12990	-0,0061927466452661121	12990	1,1090012258856765
13000	-0,014971075174366902	13000	1,1116124886422776
13010	-0,016465358670861505	13010	1,0972889951357117
13020	-0,011508778791139497	13020	1,0983272161751168
13030	-0,025946172045045221	13030	1,1099571390072776
13040	-0,025589139926049779	13040	1,1053292812369897
13050	-0,02367868554153809	13050	1,1080380235513663
13060	-0,016898009005363469	13060	1,1025782910865538
13070	-0,016792137389300178	13070	1,120594934470325
13080	-0,006314970797902354	13080	1,1078102819652389
13090	-0,015814803379073261	13090	1,1120902456978041
13100	-0,0087787638902278864	13100	1,1158562620712804
13110	-0,015225295831225758	13110	1,1088741418479431
13120	-0,0056755914057527836	13120	1,1098584176418489
13130	-0,0070674467766783022	13130	1,1019896287516446
13140	-0,017113502250235824	13140	1,1034166024734202
13150	-0,010513852583658169	13150	1,1055125409283282
13160	-0,021309610192124368	13160	1,1074280184684227
13170	-0,025667421055616962	13170	1,1093158286332299
13180	-0,00067597514750623075	13180	1,0982451680135077
13190	-0,022714038451163644	13190	1,1197828746890888
13200	-0,0098079882179785156	13200	1,1079841901907925
13210	-0,007508631921402757	13210	1,0998641541188357
13220	-0,032690680950615142	13220	1,1029302486563204
13230	-0,0089273157312776789	13230	1,1047621077492265
13240	0,0041832042156881646	13240	1,1106622016661347
13250	-0,008176885798754311	13250	1,0925612272830394
13260	-0,020736117377010272	13260	1,1177106147534426
13270	-0,011226947004555029	13270	1,118444720549346
13280	-0,017930006823202949	13280	1,1081548665726626
13290	-0,01831904936222882	13290	1,1052313083048253
13300	-0,023918178619737124	13300	1,1184911852705268
13310	-0,019090961499391296	13310	1,1193846467211821
13320	-0,013279719681226257	13320	1,1156157999555842
13330	-0,0032135754930952484	13330	1,111932806222022
13340	-0,015607325879049012	13340	1,1206078196553098
13350	-0,010560062449187578	13350	1,0953522603206471
13360	-0,023152925405672611	13360	1,0957445146681153
13370	-0,011834756258539863	13370	1,1163515416541943
13380	-0,0079346607113024679	13380	1,0957305402294515
13390	-0,017494246262235832	13390	1,1105457794108946
13400	-0,022228923055740098	13400	1,1167353268709834
13410	-0,010752549314233957	13410	1,1106105956327634
13420	-0,019264205116280065	13420	1,1231867371548034
13430	-0,0014995950328905428	13430	1,0975214999191134
13440	-0,00497556869029134	13440	1,1071013709029129
13450	-0,0049851961824073764	13450	1,1021132885458949
13460	-0,017068700546655685	13460	1,1119671808261351
13470	-0,00018941941032796686	13470	1,1088879913405216
13480	-0,011917663610887931	13480	1,1019478932982165
13490	-0,023875444341461355	13490	1,1060829281952049
13500	-0,025787596040904952	13500	1,1190697943521557
13510	-0,026527461045969761	13510	1,1102380434565844
13520	-0,012692986565842042	13520	1,099525329989983
13530	-0,01635759108143417	13530	1,1054951504811135
13540	-0,02122712130398767	13540	1,1202481016655779
13550	0,004783268015481605	13550	1,1019169858971445
13560	-0,0093697744767382452	13560	1,1233535733258824
13570	-0,013420012212788095	13570	1,1106144441094943
13580	-0,022195489143137005	13580	1,1264101264060362
13590	-0,031923580796505278	13590	1,1156562205103759
13600	-0,0096737564118914241	13600	1,1165994475719805
13610	-0,020680980147960836	13610	1,090708916125664
13620	-0,015405367434583931	13620	1,1035742649312621
13630	-0,0017270314983413584	13630	1,1053595485448331
13640	-0,028447871004485165	13640	1,1075422283026282
13650	-0,016212220774935591	13650	1,1164429336965756
13660	-0,011356227760529095	13660	1,1120966887093318
13670	-0,004423679941559764	13670	1,111321493935888
13680	-0,0038938329016353682	13680	1,1005342704624321
13690	-0,019347895062558376	13690	1,10952468146454
13700	-0,0052686610505162735	13700	1,1104704708059965
13710	-0,016142735382005158	13710	1,1028737695256463
13720	-0,027676998589742843	13720	1,1081547266376779
13730	-0,012136615033744889	13730	1,1136198688205317
13740	-0,028317327425876331	13740	1,1092756002543331
13750	-0,012219727893355702	13750	1,0945675062748002
13760	-0,014901595663029075	13760	1,1170454679361352
13770	-0,025169260802771841	13770	1,1028457339006792
13780	0,00037719513166029669	13780	1,104734351521693
13790	-0,020078981489349269	13790	1,1085997679619386
13800	-0,020944195734407554	13800	1,1217964217865217
13810	-0,025655475075833604	13810	1,1108904603050569
13820	-0,014342530378905115	13820	1,110920042094897
13830	-0,018991589176017804	13830	1,0970526621486261
13840	-0,022062639376394612	13840	1,1099184727354641
13850	-0,015765859478565448	13850	1,1249712218869521
13860	-0,019346654006824959	13860	1,1117299915141155
13870	-0,0078453567430895269	13870	1,1233847825815486
13880	-0,0084255726966789915	13880	1,0975630094380966
13890	-0,027219982766406373	13890	1,1077366472041827
13900	-0,021877032741624083	13900	1,1080513395992637
13910	-0,016274522815377356	13910	1,1018856796465106
13920	-0,02455292463668575	13920	1,0973304433179718
13930	-0,031279174971318026	13930	1,103921591159855
13940	-0,00932466898950943	13940	1,1116918637000379
13950	-0,0035047357513284722	13950	1,0898237490870775
13960	-0,010633554799558173	13960	1,114778304621644
13970	-0,013110918814513968	13970	1,1173247834226157
13980	-0,013577042506188743	13980	1,10635344022413
13990	0,0017153387440255346	13990	1,1195463969918202
14000	-0,0070960835143370022	14000	1,1115265343305258
14010	-0,02310384488926143	14010	1,1066250583351827
14020	-0,016331863459358272	14020	1,1058209730257256
14030	-0,022861453715030129	14030	1,11683319703053
14040	-0,018337561094133328	14040	1,111603620105883
14050	-0,0058854840364609669	14050	1,1140760370627454
14060	-0,0054196550052908786	14060	1,1186915511348703
14070	-0,023216224571586858	14070	1,1034592023725873
14080	-0,015915409389622454	14080	1,1057678982548911
14090	-0,023382831142376364	14090	1,1195551217785384
14100	-0,0020498859766068076	14100	1,0987074088433848
14110	-0,017329152348606904	14110	1,1071464566503031
14120	-0,014183213430822331	14120	1,106506972031595
14130	-0,0035155102865903095	14130	1,108028261534902
14140	-0,020060865623862213	14140	1,1190581594458713
14150	-0,00862986318354451	14150	1,0965053157760052
14160	-0,023964298600278822	14160	1,1118839571437122
14170	-0,027592848480902474	14170	1,1077852678244129
14180	-0,014881712722956495	14180	1,1158846653311643
14190	-0,019714021114907342	14190	1,1137429043451279
14200	-0,012523144709642567	14200	1,1075574947385452
14210	-0,010501737646218014	14210	1,1002683782611098
14220	-0,01706038997030274	14220	1,0982504293341404
14230	-0,015563547398838825	14230	1,0978247157839165
14240	-0,0385250204545859	14240	1,112454933536944
14250	0,0042411598959035965	14250	1,1020367445808044
14260	-0,013441640007153548	14260	1,1199380459955128
14270	-0,01508469317327207	14270	1,1172438872087354
14280	-0,0075266801797378791	14280	1,1089820166227287
14290	-0,018082955510869844	14290	1,1150304718741897
14300	-0,0068289682133438221	14300	1,1001668722558478
14310	-0,018455306102073545	14310	1,1106921650511212
14320	-0,0087120977686931268	14320	1,1085581462847234
14330	-0,0057973102141203915	14330	1,1095863146882736
14340	-0,018949989608478962	14340	1,1106540555951283
14350	-0,0012216933899732295	14350	1,1160698598526477
14360	-0,025708482556616487	14360	1,1202951377973429
14370	-0,016733947946638336	14370	1,1220348060400656
14380	-0,0087571459623545771	14380	1,0920650865734638
14390	-0,011882354713318449	14390	1,1026457597075581
14400	-0,0099540047853436849	14400	1,1008415628233035
14410	-0,014772190900026901	14410	1,1132576710733901
14420	-0,022060939270646996	14420	1,1062516730204011
14430	-0,016592180723913573	14430	1,1014247898932288
14440	-0,013912035675712342	14440	1,1131729851298287
14450	-0,00026558305021695061	14450	1,0972779500481269
14460	-0,014995796323738488	14460	1,1140861676947467
14470	-0,0058830895825747187	14470	1,10737677943184
14480	-0,015161483483429179	14480	1,1179712568302067
14490	-0,013768457233860993	14490	1,1223146347856121
14500	-0,013247577365798706	14500	1,1107439965843204
14510	-0,0072797257444049942	14510	1,0899422232294886
14520	-0,015779029144216857	14520	1,101978585554489
14530	-0,020735285053532442	14530	1,1015612704626898
14540	-0,021791162161808052	14540	1,1108483483800782
14550	-0,0096732371946245364	14550	1,1238456758359652
14560	-0,021726738229736885	14560	1,1103551752713705
14570	-0,022707368207035419	14570	1,1101806409232615
14580	-0,007332679321927286	14580	1,1025776271907988
14590	-0,013469741117495052	14590	1,1265011950769419
14600	-0,0026225966342751277	14600	1,1160934283006179
14610	-0,016789277113434156	14610	1,1187308598243939
14620	-0,0077511390615145788	14620	1,094957694605472
14630	-0,014234844488763148	14630	1,1056404844875254
14640	-0,0064513039754644464	14640	1,1058742929939085
14650	-0,0060522178561223314	14650	1,0963234882104427
14660	-0,021566695437969172	14660	1,107165110412994
14670	0,0024857434707579759	14670	1,0979592936962117
14680	-0,0020146451078388522	14680	1,1157677552618863
14690	-0,020908137086450989	14690	1,1243610259731167
14700	-0,0023248937497298561	14700	1,1084931185785758
14710	-0,012959461727490504	14710	1,1069932167668155
14720	-0,013521175638055672	14720	1,120484969236826
14730	-0,011854002304382305	14730	1,1019907455500502
14740	-0,014358949817419838	14740	1,0994700777712811
14750	-0,0038410225911480111	14750	1,1102916021525382
14760	-0,010332669614983808	14760	1,1098103416031664
14770	-0,010881339793103356	14770	1,0994779202070304
14780	-0,0065641670605159994	14780	1,1058026659556197
14790	-0,0028955153069467462	14790	1,1100467323248937
14800	-0,019829836705826116	14800	1,1128462464249527
14810	-0,00949793075912013	14810	1,1123200813678145
14820	-0,025307396396838953	14820	1,1036302292831637
14830	-0,0098007952376386615	14830	1,1158854324476781
14840	-0,020027661681007419	14840	1,1143653901259563
14850	-0,00089579484639015718	14850	1,1067798100131598
14860	-0,024443756662378687	14860	1,1209494103773936
14870	-0,024522389252762483	14870	1,1051636429722243
14880	-0,021318750286844226	14880	1,1060661972207826
14890	-0,012844296897611851	14890	1,0968237059795543
14900	-0,00445371784542809	14900	1,089981489896277
14910	-0,024783709289359662	14910	1,1116092864384006
14920	-0,012737675640834173	14920	1,1034939961188843
14930	-0,0090245728440739355	14930	1,1117272442047834
14940	-0,030391152703361027	14940	1,1174973521489329
14950	0,0024777148520669953	14950	1,1192012263199076
14960	-0,031055096185338926	14960	1,0921435794437584
14970	-0,013151688567467651	14970	1,1155078594173686
14980	-0,024844396621489163	14980	1,1069556075622538
14990	-0,012953377757516	14990	1,1181687915722438
15000	-0,010924060025990156	15000	1,0928946321465847
15010	-0,011221865661956817	15010	1,1192117543202791
15020	0,00033405593313475576	15020	1,1194559987182378
15030	-0,018680254180661333	15030	1,1124339755380766
15040	-0,014018870750450886	15040	1,1178695133476697
15050	-0,0059531029942535485	15050	1,1127456866951873
15060	-0,021427788706768224	15060	1,1032128424217076
15070	-0,0088139555561432721	15070	1,0964740876631316
15080	-0,0088184522997814315	15080	1,0965985633550546
15090	-0,0059058019866688296	15090	1,1100344011460743
15100	-0,014654880635635918	15100	1,1028652373806971
15110	-0,03075320195990245	15110	1,1018461797124783
15120	-0,0040222271528065363	15120	1,1071802642540276
15130	-0,0069000098933782094	15130	1,1080273947419992
15140	0,003953897092074974	15140	1,1177051630624852
15150	0,0046630110998463542	15150	1,1017074363893964
15160	-0,0064836907050140379	15160	1,1177876425377715
15170	-0,0029898599545056495	15170	1,1181518705678264
15180	-0,01182427350339987	15180	1,1139922796194053
15190	-0,0038542063560953067	15190	1,1124095220680956
15200	0,0075968819983822031	15200	1,1021010866908032
15210	0,0040975430601186717	15210	1,1229233644775924
15220	-0,0040448949874254117	15220	1,112134203472922
15230	-0,015472353561307104	15230	1,1210821546191578
15240	-0,0016813907036087403	15240	1,107975170086785
15250	-0,0075015619361723353	15250	1,10827471716404
15260	-0,0071375179528066369	15260	1,1247588832033029
15270	0,0054735310447574957	15270	1,0908998973969855
15280	0,0049558038214167245	15280	1,0983901864073342
15290	0,009576440436377549	15290	1,1108468905847162
15300	-0,0059060222914083839	15300	1,1074060716584047
15310	-0,0022723434518349289	15310	1,1175107848346932
15320	0,007305596041659629	15320	1,1060660931619653
15330	0,001712035899709801	15330	1,1146652438716673
15340	0,0096936586480022256	15340	1,1046953400811159
15350	0,017638846515675863	15350	1,1035701687273753
15360	0,0095133290425797531	15360	1,0998578132374051
15370	0,016656692482400429	15370	1,1083510621182509
15380	-0,0041536679160090921	15380	1,1155079571825264
15390	-0,010934701685392807	15390	1,1198576208791149
15400	0,01478954716973587	15400	1,0959869881013651
15410	-0,0021388439413180375	15410	1,1142942825502307
15420	0,0020607954244235794	15420	1,1096535155032221
15430	-0,019235440001400768	15430	1,1158212428064382
15440	-0,000579544517751035	15440	1,1131958355509215
15450	0,0046983170433002952	15450	1,1123680065210575
15460	-0,0012680643024262231	15460	1,1080980944397623
15470	0,022264073859911807	15470	1,115135060541651
15480	-0,0011951872325280334	15480	1,1073933108035052
15490	-0,0035814338283900351	15490	1,1124477657018257
15500	-0,012203892050045181	15500	1,1003566910554741
15510	0,0085451791790531785	15510	1,1047653521228462
15520	-0,0020027698604002044	15520	1,103223649626798
15530	0,0021537332241443655	15530	1,1104408334563674
15540	-0,017139037214538941	15540	1,1126600455715769
15550	0,0035070082069858909	15550	1,1026856053396026
15560	-0,00033866338590020438	15560	1,1159216095256612
15570	0,007957358171122338	15570	1,100867755183603
15580	0,00089108046968058114	15580	1,1049364944983864
15590	-0,0097848611963333235	15590	1,123989523494598
15600	0,0085104961895247477	15600	1,0897580316414359
15610	-0,0079431322954704436	15610	1,1056960946241159
15620	0,0012010407407674784	15620	1,0892731111634726
15630	-0,0071987065004486452	15630	1,1160439781206089
15640	-0,019692506036485233	15640	1,1196125592120196
15650	0,013091101631901275	15650	1,1138231546112387
15660	-0,012328270575302508	15660	1,1115619094715734
15670	0,01293260443678774	15670	1,097885942459117
15680	0,0047055742721791409	15680	1,1017734923069731
15690	-0,012133606015895904	15690	1,1148351301508517
15700	0,00093343860532791461	15700	1,1113711617276738
15710	-0,011177927091977026	15710	1,1096543112643762
15720	0,0074505556459848778	15720	1,1085054696055068
15730	0,006776531618293404	15730	1,1155240872524193
15740	-0,0066848786702947754	15740	1,0972702293643604
15750	0,0037895262853388555	15750	1,1056091030232162
15760	-0,025464433650827966	15760	1,1033772882380384
15770	0,0078375229723694467	15770	1,1053931057586559
15780	-0,01543076372094525	15780	1,120516727232846
15790	0,0015075301102320656	15790	1,1149829059494929
15800	0,0040531094244938854	15800	1,1119987066681103
15810	0,0022771444675353239	15810	1,1202660586327788
15820	-0,0028117119766462159	15820	1,1065422930676903
15830	0,0086281091632378	15830	1,0847581340960746
15840	0,0049776265441206918	15840	1,1091908210446158
15850	-0,0022107333879994723	15850	1,0965594902351588
15860	-0,014957795899250793	15860	1,0973197758985374
15870	-0,00063171765669413338	15870	1,1110233488641506
15880	-0,00085472197023056225	15880	1,1133786417632621
15890	0,018295760753242095	15890	1,1073884855738672
15900	-0,0065808743050262486	15900	1,0968889141624738
15910	-0,013556576767726196	15910	1,1077113507458025
15920	0,014783770025654648	15920	1,1087840893391552
15930	0,0023637424703094904	15930	1,1032140483040942
15940	0,0094506378565049811	15940	1,1042535056839962
15950	0,0015034796893157007	15950	1,1131158008299349
15960	-0,0058018453415650392	15960	1,1056920363085192
15970	0,0045382482677141563	15970	1,1063936348844563
15980	-0,0020032778832763717	15980	1,1070096843516613
15990	-0,003040241857879098	15990	1,1122265874892945
16000	0,0042861172621472751	16000	1,1147938757840465
16010	-0,0023805267522465311	16010	1,1087365088447545
16020	0,0074065876382755184	16020	1,1128202472176805
16030	0,01140955846558436	16030	1,1034652882203644
16040	0,0053081141389623495	16040	1,1076972499174038
16050	-0,004235618418882048	16050	1,0917187534643951
16060	-0,013764611406947605	16060	1,1183624834377541
16070	-0,0087182452844857417	16070	1,1059613532979036
16080	-0,0070789160162071964	16080	1,1120006443802768
16090	0,0058427057967873532	16090	1,1072555796355805
16100	0,0011382695875557464	16100	1,1105431519089439
16110	0,0080244685290388265	16110	1,1077515834488798
16120	0,0041678663517943611	16120	1,125142115415541
16130	-0,0047353018583505251	16130	1,1084353786988015
16140	0,0028767030708159403	16140	1,1003736711916774
16150	-0,00099375792086215547	16150	1,1130993877699245
16160	0,0037655975353444123	16160	1,1144880064917393
16170	0,0013564114770448568	16170	1,1280004278203621
16180	-0,0087057613771143062	16180	1,1172636928985096
16190	0,0037880623813687539	16190	1,1070903458164163
16200	0,0044746793230706948	16200	1,1168357214339941
16210	0,00032031609596784154	16210	1,1237959231573338
16220	0,01996727984833057	16220	1,0963901071860529
16230	-0,0092384759321498863	16230	1,1016536613296237
16240	-0,012325718189264083	16240	1,1215136533041614
16250	0,0028061810737993065	16250	1,1147373806404022
16260	-0,013133198092210861	16260	1,1056846269328851
16270	0,00824896324806409	16270	1,1161956194764153
16280	-0,0038467905311984139	16280	1,1032766791838804
16290	0,010310872399782855	16290	1,1059637126501889
16300	0,0011558731648033528	16300	1,1049487157584796
16310	0,010515745042054256	16310	1,1175355177096749
16320	0,0066807863907703078	16320	1,1048616300414804
16330	-0,0064702069016906215	16330	1,1154858557152469
16340	0,0056260158363582724	16340	1,1077909109560131
16350	-0,0076257390380284193	16350	1,1229225313300879
16360	-0,02669160287339949	16360	1,1208192903007948
16370	0,0087694366600102741	16370	1,0887505579578227
16380	-0,007982544003634821	16380	1,1140033764182722
16390	-0,00495855764601556	16390	1,0967362588700391
16400	-0,0029224393845150832	16400	1,1061580945334337
16410	0,0028851713727250572	16410	1,1085747684782867
16420	0,0065874071052808222	16420	1,1028865307223144
16430	-0,00099110622967242025	16430	1,1134530107883365
16440	0,0041977781590253789	16440	1,1174522834266416
16450	-0,0092997306043931353	16450	1,1202059268021978
16460	-0,00032434471383315541	16460	1,132042646666761
16470	-0,003547504039207961	16470	1,0972925556658175
16480	-0,015946161878150476	16480	1,1052297065581513
16490	0,0068163133360927709	16490	1,095388140385156
16500	-0,0087488866570439514	16500	1,1017866685542264
16510	0,00046526799319906607	16510	1,1071130017446851
16520	0,0015238917386812673	16520	1,1189576341262912
16530	0,011777038952390751	16530	1,1248827434798783
16540	0,0049085922218677115	16540	1,1191641193091522
16550	0,0002101760165166109	16550	1,0948881980119773
16560	0,0038121156427560979	16560	1,1133178400035475
16570	0,0029213202935360312	16570	1,1144420392849823
16580	-0,013628296505556236	16580	1,1124746304555018
16590	-0,0070430190410543493	16590	1,1016817991081982
16600	0,007043077572842173	16600	1,0910087085176381
16610	0,016601854268542011	16610	1,0873288252831883
16620	0,010337963165108705	16620	1,10205108368827
16630	-3,8670861145300143E-05	16630	1,1085803931590943
16640	0,0047590488685721041	16640	1,1058988473630265
16650	0,0083111262631138227	16650	1,0987874616170414
16660	0,0055480355546155989	16660	1,1000761654873013
16670	0,0039624941183931351	16670	1,1059359398396698
16680	-0,01370643574983442	16680	1,1172989702094784
16690	9,9525167190169349E-05	16690	1,1128711531086009
16700	-0,0043259379884697732	16700	1,1179357509380929
16710	-0,0090514443331160266	16710	1,1188228884829732
16720	0,0048717393348294454	16720	1,1079054713760999
16730	-0,00043296206602001254	16730	1,1270559708557122
16740	0,015713192349420986	16740	1,0946377834689509
16750	0,0040667216777593995	16750	1,1001303799704145
16760	-0,0041270302488956925	16760	1,1000658231911713
16770	0,0068885605361217132	16770	1,1162279834850217
16780	-0,0084083380929029609	16780	1,1138454089938943
16790	-0,011427159211737292	16790	1,1096367070797142
16800	0,019068237133874951	16800	1,1081718199339432
16810	0,0041342997877340812	16810	1,1256591289934534
16820	-0,0079889933448142741	16820	1,0993226811183237
16830	-0,0066176632506483885	16830	1,0982245812075446
16840	-0,0036820536036141988	16840	1,1111613832556158
16850	-0,0088853488875950334	16850	1,116327091958532
16860	0,00053489433051121459	16860	1,1042904160230525
16870	0,0045493457590326421	16870	1,1096642967593104
16880	-0,016203908702472427	16880	1,1191668542079432
16890	-0,004072933591566145	16890	1,1058845422925379
16900	-0,00041532788458612077	16900	1,0950066200414788
16910	0,0042743368037770971	16910	1,1159014262298257
16920	0,017093803661060076	16920	1,0933619884660937
16930	-0,014063920775836526	16930	1,118736091988529
16940	0,0044499748096483681	16940	1,120951738491996
16950	0,0016308555821860971	16950	1,1210614701973976
16960	-0,015181501840196551	16960	1,1028317648849002
16970	-9,14892668694336E-05	16970	1,1067242152108472
16980	0,0055496897579863907	16980	1,114944495434288
16990	0,0017584723910976769	16990	1,1120513278120106
17000	-0,0041386981707357976	17000	1,1106288860227089
17010	-0,0041970210500726617	17010	1,1070848957248838
17020	-0,0051009486493684992	17020	1,1004301990511938
17030	-0,008981523650045304	17030	1,1229829671914244
17040	0,01190793323360775	17040	1,0952234449321576
17050	0,0019736845774277179	17050	1,0984103731054269
17060	-0,0059804847520065372	17060	1,1153124286826857
17070	0,0046278582277113154	17070	1,1015897071893182
17080	-0,0049511023244034275	17080	1,1066093158124866
17090	0,0022115178602740526	17090	1,116621632450219
17100	-0,013261166638878771	17100	1,118590588711357
17110	-0,0078148729634461341	17110	1,1163049505522924
17120	0,0044366798432221768	17120	1,1019850438986067
17130	0,0023784787853474913	17130	1,1109635402493161
17140	0,0059814367900578808	17140	1,1083988287138396
17150	-0,0056842875744325047	17150	1,1180839391908251
17160	-0,005454590495443252	17160	1,1009285042173449
17170	0,01085385714576402	17170	1,0970366953276913
17180	-0,0074005297275462033	17180	1,1258720388085555
17190	0,0035332269888263324	17190	1,1036516924168536
17200	0,0040744242549759979	17200	1,1013490983575995
17210	0,0035037517793472047	17210	1,1251574717658501
17220	-0,0033382042452874835	17220	1,1103312658514715
17230	-0,0069357557471657347	17230	1,1310164607213078
17240	0,0044899223453671562	17240	1,1033377950174519
17250	0,00079196324859682164	17250	1,1030488582376461
17260	-0,00560521135003684	17260	1,1084803961384375
17270	0,010357197311289226	17270	1,1052944592342588
17280	-0,0055599914946716676	17280	1,1010015691428807
17290	0,002159554711865705	17290	1,09283543783546
17300	0,0053974170807866151	17300	1,1136949504283584
17310	0,00029295838582983288	17310	1,1061429503366069
17320	0,0015354871500400937	17320	1,1119361300682067
17330	0,0011039147327707559	17330	1,1082936094868841
17340	-0,0022903424881395179	17340	1,1032414080790745
17350	-0,0020017320006861269	17350	1,1137639564920407
17360	0,0034489010861418127	17360	1,1084213319705136
17370	0,0067111036560403726	17370	1,1031845525903674
17380	-0,012467791646224561	17380	1,1152317341905931
17390	0,0094323651359240462	17390	1,1058548305924942
17400	-0,001466393738348656	17400	1,1142948511078983
17410	0,0077274316713790364	17410	1,117034100967732
17420	-0,00059413391692786637	17420	1,1231634747046677
17430	-0,002981945736544471	17430	1,1272233841422428
17440	0,0014339475968459584	17440	1,0961747144954763
17450	0,0080118798155584172	17450	1,1031721789347644
17460	0,0023486672793127921	17460	1,118861254079252
17470	-0,012759870137718333	17470	1,1026329701273143
17480	-0,014647501629218	17480	1,1153989138363514
17490	0,001834074637125542	17490	1,1104921766541609
17500	0,005415888061865313	17500	1,1064520566941194
17510	-0,011461908523406332	17510	1,1060659982532808
17520	-0,0030566626231535192	17520	1,1037308923883396
17530	-0,010722351110947102	17530	1,1146235417286157
17540	0,00010296945663927533	17540	1,115137416294401
17550	0,0019503744968085029	17550	1,1094454469166486
17560	0,0069925747525550466	17560	1,1171393717177489
17570	0,002016026635917093	17570	1,093681554815223
17580	-0,00694983494865786	17580	1,1071455312216789
17590	0,0054246867702825727	17590	1,1130155421736094
17600	0,0022113789765269157	17600	1,1242503198861862
17610	0,0045469363798950153	17610	1,1114551692556876
17620	-0,0025095819303469435	17620	1,113238235033458
17630	-0,014078230234747791	17630	1,1184697938939214
17640	0,000512327189713314	17640	1,0929039344593889
17650	0,0044432305707421986	17650	1,0904740207710275
17660	0,0069311256032438965	17660	1,1104991435883795
17670	0,008998281107351784	17670	1,101796907431335
17680	-0,017533661879412174	17680	1,1044159919230874
17690	0,0044572143818493457	17690	1,114026235632126
17700	0,0062123711842892847	17700	1,0962280147475632
17710	-0,00053801881499000986	17710	1,0925192549403537
17720	0,00019633659620632744	17720	1,1067903058853581
17730	-0,00411305220289656	17730	1,1054977184843429
17740	0,0034552856185698258	17740	1,1252816945214308
17750	0,00628229067419339	17750	1,0985259296861636
17760	-0,0018773571640142311	17760	1,1117282906289836
17770	0,00035520696145301096	17770	1,107693116749561
17780	-0,012986893543039691	17780	1,1183583384496088
17790	0,017985084005473148	17790	1,1125311012718522
17800	-0,00092759263199198379	17800	1,100080112752188
17810	0,00087890229900963344	17810	1,1081980454233
17820	-0,00044240200022014616	17820	1,1064135470460093
17830	-0,013761499456395697	17830	1,1162340885323578
17840	0,0097968299685145879	17840	1,1143561444237824
17850	0,0051814934269554351	17850	1,1032526354522283
17860	0,007943925984264643	17860	1,1151926529318001
17870	0,0082236023353149459	17870	1,0995713253907984
17880	-0,0043228090984510628	17880	1,1181322968021743
17890	0,021016911082242337	17890	1,1137961091214235
17900	0,0027826562296694871	17900	1,1114914606508237
17910	0,0050033579381761712	17910	1,1143460802250047
17920	0,002224104532387436	17920	1,0993106017714951
17930	-0,0042799049813877525	17930	1,1142477175306604
17940	0,0025906362874159559	17940	1,1127491659784783
17950	-0,010662622273095867	17950	1,0965871434744579
17960	0,0080947762510002828	17960	1,1058495709940894
17970	0,0061962965905783532	17970	1,1008728742036904
17980	-0,010820879489299676	17980	1,1192244079418676
17990	-0,0023707679467978018	17990	1,1087746794829514
18000	0,0042786989015855771	18000	1,1157217118599676
18010	0,0022680461055073525	18010	1,1018717511640512
18020	0,010257671820191876	18020	1,1035672223723241
18030	0,012747703933707742	18030	1,1114828932616347
18040	-0,012025570761721458	18040	1,117128446709982
18050	-0,0092810925979572509	18050	1,1145347079790233
18060	-0,0024187126148030708	18060	1,1032793915236443
18070	0,011078777996804755	18070	1,1086792285828067
18080	-0,0049227573771750818	18080	1,1098674228600474
18090	0,0059549952590974981	18090	1,1106678802651409
18100	-0,0080372083129603734	18100	1,1045701564967287
18110	0,0049215285765415824	18110	1,0981707179042408
18120	0,0022404362079289815	18120	1,1128902069107081
18130	-0,0070779754066965508	18130	1,1251550680387905
18140	0,0037559220538537505	18140	1,1007530298440063
18150	0,0049499052503837234	18150	1,1220889560587304
18160	0,0050619027503882395	18160	1,1176678185585622
18170	0,0049117899887907088	18170	1,1100765838862499
18180	0,00089554760234895751	18180	1,1270359304868458
18190	0,0096273606336146171	18190	1,0941984911375569
18200	-0,002932179538984872	18200	1,1002793478947215
18210	-0,0010286818803169268	18210	1,0984506899030164
18220	0,0069815152565015481	18220	1,1073684089948692
18230	-0,020510609916334251	18230	1,1076766055107861
18240	0,0028466260846553323	18240	1,0993927122764875
18250	0,013694306528105946	18250	1,1167412143323896
18260	-0,0015710071532216356	18260	1,0991498021349837
18270	0,006572004389102248	18270	1,1148636844260877
18280	-0,00891881570751701	18280	1,1110681525502841
18290	0,0040472813647591767	18290	1,1050153821651572
18300	-0,013860131754255784	18300	1,1177529497921348
18310	0,0073527500905607307	18310	1,10735130245558
18320	0,0053623880391274505	18320	1,1167311893528455
18330	-0,014785959584908786	18330	1,1086107819469495
18340	0,0061807081097257528	18340	1,124078125127542
18350	0,0053871265999055184	18350	1,1098542627689965
18360	0,00083300380958872388	18360	1,1077823005410155
18370	0,013657022731236352	18370	1,1244732716671606
18380	-0,022770163645254683	18380	1,1012915444325522
18390	0,0031337668435764006	18390	1,1032391460182505
18400	0,0047190516619016491	18400	1,112768461518064
18410	-0,00055455838641978714	18410	1,10823144053397
18420	0,00027033246801047459	18420	1,1027482745053514
18430	-0,010070573565491701	18430	1,1179686883130178
18440	0,016656602116331222	18440	1,100486586781726
18450	-0,0049632108240238778	18450	1,1074842794891673
18460	0,010405390225912343	18460	1,1088099578828659
18470	0,0045951866147275	18470	1,1085557111250055
18480	-0,011946737286550707	18480	1,1031992794610266
18490	0,0011605132112133074	18490	1,1084962908256688
18500	-0,023616402867782389	18500	1,1113250123052914
18510	-0,00752868125582079	18510	1,1092211615542078
18520	-0,014209986865462891	18520	1,1188050473452182
18530	-0,0080634764567030434	18530	1,1015514539479365
18540	-0,00582888153315275	18540	1,1076585069564751
18550	0,0005274267309871559	18550	1,105207002246547
18560	-0,002706463952147067	18560	1,112716447052355
18570	0,00557862813262569	18570	1,10776496068808
18580	-0,000460213025819584	18580	1,1004860585041079
18590	-0,0010003438619625642	18590	1,1007975543174142
18600	0,00463451829706971	18600	1,1003596337047754
18610	-0,0014409738906108248	18610	1,108469042208323
18620	-0,0092503451216400037	18620	1,109953388000186
18630	-0,013870411678211023	18630	1,1130968523266958
18640	-0,0033297125959707639	18640	1,0974463533366123
18650	-0,011498798397022166	18650	1,1208860737880293
18660	0,0013247852674989403	18660	1,1070019779441007
18670	-0,002660061954376998	18670	1,1205337332645748
18680	0,0074088385400350029	18680	1,1075314335068667
18690	0,010076438058753677	18690	1,115874763708874
18700	0,010921092683376998	18700	1,1175386234264184
18710	-0,0036071812836268808	18710	1,0985452784103083
18720	-0,013993813408359817	18720	1,0983786831650966
18730	-0,003078558283157264	18730	1,0950160048752189
18740	0,0052379505455015128	18740	1,1050038779254405
18750	-0,0010198137475593838	18750	1,1042565715825612
18760	-0,0092303162551231714	18760	1,1176571953061083
18770	-0,0088868289859878619	18770	1,1185931982965649
18780	0,014993600192914507	18780	1,1271867432408065
18790	0,010983856141585107	18790	1,1105638672247555
18800	0,016669121771923794	18800	1,1165126556865774
18810	0,0050495314691882936	18810	1,1064284949193766
18820	-0,0052660943084818952	18820	1,0992601491780272
18830	0,0040963940944430642	18830	1,1110440502816534
18840	0,0085840115603600144	18840	1,1078051712279668
18850	-0,0060477913724697376	18850	1,1028504794298282
18860	-0,0022606433794090789	18860	1,0940141723212646
18870	-0,010360747328449257	18870	1,1100881693912554
18880	-0,0054905019174049047	18880	1,1060429830288006
18890	0,0095075201627637541	18890	1,1032032010630519
18900	0,00051556033504089073	18900	1,1111375706434219
18910	0,00073738493697078221	18910	1,120189152537175
18920	0,0081203547179705786	18920	1,1136040137227048
18930	-0,0027339009579952535	18930	1,1177997831548807
18940	-0,0012155087209893725	18940	1,1120794586365592
18950	-0,0030907977279287812	18950	1,1112935372350108
18960	0,00230303274762851	18960	1,0998056879164277
18970	0,0016835450579485651	18970	1,1102949195254517
18980	-0,001668040644702419	18980	1,1097103465050513
18990	0,0053533898279576478	18990	1,1084864367177298
19000	-0,0036129717311711405	19000	1,1014685972776925
19010	0,0092064294284588555	19010	1,091167980602977
19020	0,0066772715755660846	19020	1,1085807801319503
19030	-0,0082124224188233983	19030	1,1074172249644789
19040	0,010766423639636192	19040	1,1060391409535859
19050	-0,0084114621830825281	19050	1,1073245143236907
19060	-0,011197241368594641	19060	1,1062286699520514
19070	0,0031286243175313497	19070	1,1064511694080379
19080	0,0012149153087425847	19080	1,124342067570443
19090	0,012924154120809899	19090	1,1056759521310204
19100	-0,0037016585982320455	19100	1,1049745504179411
19110	0,0082523943602010319	19110	1,0884021129088439
19120	-0,012381982434529348	19120	1,1078759897650494
19130	-0,0006009940936976424	19130	1,1068124865670004
19140	5,5537070059086042E-05	19140	1,10248263349844
19150	-0,0039000128858055526	19150	1,1337798255056149
19160	0,013959196046881096	19160	1,1133588973994053
19170	0,0070683514756471992	19170	1,1169574874596202
19180	-0,00099443656169681126	19180	1,1138316336433598
19190	0,0089835749433824479	19190	1,1001162426704063
19200	-0,0076018882503664214	19200	1,1071250156290418
19210	-0,0081595045306184638	19210	1,101213082220144
19220	0,014720514660034175	19220	1,0970839915421324
19230	-0,0098778274442086027	19230	1,1047131178482676
19240	-0,00461698603094856	19240	1,1200977614522114
19250	-0,010787377954991429	19250	1,1048201896916816
19260	-0,000693305409594196	19260	1,118771772529084
19270	0,0027225933933557422	19270	1,1082643364754907
19280	0,0036774471174345325	19280	1,1210423208600118
19290	0,00281426136066144	19290	1,1006430323535519
19300	0,0076473565698739823	19300	1,0964955423359457
19310	-0,00050884735282568413	19310	1,110253553377212
19320	-0,0025669881578778142	19320	1,1029224431879958
19330	-0,00841355955244558	19330	1,12015966191176
19340	0,0031812578629707958	19340	1,1242185138938408
19350	-0,0022707874995753744	19350	1,1059759798381503
19360	0,010499861854406649	19360	1,1138914504630006
19370	-0,0026465658593357046	19370	1,1145960497814356
19380	0,00354735071942847	19380	1,1317410406056006
19390	0,0060508605014065577	19390	1,0848432237913697
19400	-0,0082725913094307477	19400	1,1056014011913968
19410	-0,0007679116180490757	19410	1,1144963355334479
19420	-0,0029532801821848722	19420	1,1020711178733771
19430	-0,011693427273678654	19430	1,1206452792079042
19440	0,0090593615628185662	19440	1,1136035938236719
19450	-0,010156716930371592	19450	1,1201143703697312
19460	-0,0026805506810541491	19460	1,0914095609417966
19470	-0,0083061268971967341	19470	1,1221731648920519
19480	-0,001267238475133843	19480	1,1168584522436578
19490	-0,00035094576666958288	19490	1,1026744462783651
19500	0,0011381683412980833	19500	1,1092306839448411
19510	-0,0024946150914426594	19510	1,1151840259781281
19520	-0,0071926723597956835	19520	1,1012891351369543
19530	0,0030207793438660172	19530	1,1230336963491598
19540	0,0078453738818525676	19540	1,1046302807336916
19550	-0,0053568496225223187	19550	1,1070209072626964
19560	-0,0051956808777628791	19560	1,121421230118633
19570	0,0043374883043898376	19570	1,1069198729137395
19580	-0,013194211992262344	19580	1,1239017182255915
19590	0,003902434759713655	19590	1,1171975899006126
19600	-0,0052404126270800527	19600	1,1210516241032738
19610	0,005103991785638624	19610	1,1051624636192892
19620	-0,001841408994768805	19620	1,1141980706672083
19630	-0,0080220430062883374	19630	1,1035037349118104
19640	0,0079180542351167671	19640	1,1098148612667587
19650	0,0065189222366320949	19650	1,1115514427976232
19660	-0,0090486483211436215	19660	1,1261905441035596
19670	-0,016791786853810216	19670	1,118871575370473
19680	0,00014482277802843469	19680	1,1252708445078892
19690	0,011221763266522244	19690	1,1146035874430769
19700	0,0042348899067192252	19700	1,1097035958732933
19710	-0,0020638114741115621	19710	1,1018964645658333
19720	0,0027649755271737333	19720	1,1047809177039589
19730	-0,0016143523434253581	19730	1,1022745256918498
19740	-0,0039007363062501178	19740	1,1079706732986534
19750	-0,013222877195804644	19750	1,097338254107961
19760	-6,8599715298802054E-05	19760	1,1127549946996691
19770	-0,00069467194371762889	19770	1,1117348023877922
19780	-0,0025230324725321915	19780	1,1137052857133865
19790	0,0017549835365137632	19790	1,113014094552585
19800	0,00904509836814008	19800	1,112955379076126
19810	-0,0077854975952002786	19810	1,1154964086587764
19820	-0,00907584561414528	19820	1,1043500498453343
19830	-0,000220644932577667	19830	1,1080900318829383
19840	0,015396831399027961	19840	1,1136224920515099
19850	-0,013070219338455428	19850	1,115970736969083
19860	0,0018999746058169609	19860	1,1014594423129522
19870	0,0046616498649265153	19870	1,1102229859746364
19880	-0,0011798841366611706	19880	1,0858657693623408
19890	-0,00023959360317642419	19890	1,0928610450417671
19900	-0,0058032024430523009	19900	1,0783034646236702
19910	0,017518877159895481	19910	1,0639537672959125
19920	0,005964002341753768	19920	1,0582671536890376
19930	-0,0047902858029352366	19930	1,0212348255749533
19940	0,0027161978116785456	19940	0,97098554545802784
19950	-0,0068510620135608631	19950	0,9272255607242067
19960	0,0025341058813267612	19960	0,87513320741897394
19970	-0,0002632320429808781	19970	0,81821709877219562
19980	0,0054343042863890271	19980	0,73629630536215551
19990	0,010529225892740895	19990	0,68106455566654867
20000	0,0045419231003791605	20000	0,61345426855726937
20010	0,016816695753598006	20010	0,53815273698334931
20020	0,015416735746952594	20020	0,49043156325470094
20030	0,0018970797191785944	20030	0,4164874375588607
20040	0,012274214806380376	20040	0,3597318737797956
20050	-0,014105318658119107	20050	0,30560435047125611
20060	0,015942157403059577	20060	0,244596030104515
20070	0,003159943355847971	20070	0,18834716254178405
20080	0,0024667996441145607	20080	0,15446304725425983
20090	0,0055001922723774922	20090	0,11761110267944049
20100	-0,00519980879875638	20100	0,07302881131084038
20110	0,017039122964877886	20110	0,04946629213402462
20120	0,0091311841357408063	20120	0,03503000376187982
20130	0,00065597664964431909	20130	0,0483360965421683
20140	-0,0012961603871550231	20140	0,028850660899788973
20150	0,00717419365973239	20150	0,035203325611559963
20160	0,013306325685998861	20160	0,027261317233567596
20170	0,0007812922442933843	20170	0,023140949810384774
20180	-0,00055678250845839564	20180	0,039157546639098283
20190	-0,0063305629951951334	20190	0,014051742591787935
20200	-0,0057715779118388977	20200	0,0062613976424726672
20210	-0,0012694571569075938	20210	0,019550144289509519
20220	0,001023847985888559	20220	-0,0071257821549899139
20230	-0,00087124543491308817	20230	0,0157334681848153
20240	-0,0007178021753397769	20240	0,0029283101350934797
20250	-0,006809134099590902	20250	-0,024553201240437975
20260	0,010177895171741079	20260	0,00075991061361813214
20270	-0,0085501469967499653	20270	0,0044995306166525084
20280	0,011577843091949045	20280	-0,0078433805409127873
20290	-0,0014015836665799109	20290	-0,00161741794531174
20300	-0,021846571791891697	20300	-0,003554890629491526
20310	0,00076931339338736835	20310	0,0076868624293812277
20320	-0,013972201549488274	20320	0,017423260490140251
20330	-0,0026711260674502977	20330	-0,0061345788006773854
20340	0,009422844784182734	20340	0,0074880414786633182
20350	-0,0053163247437507839	20350	-0,0089824326847823283
20360	0,014197769346859072	20360	-0,0074472200349051387
20370	0,0084692840275192981	20370	-0,0050203938520678457
20380	-0,006414086279594714	20380	-0,0085422562074020172
20390	-0,0059279035721556805	20390	0,0033504495286390767
20400	-0,00054401999872593916	20400	-0,000901153094935819
20410	0,012477533734081931	20410	0,00066959752863102683
20420	-0,010921663206779899	20420	-0,0080937736783732415
20430	0,0075184109902590749	20430	-0,0035355823799831797
20440	0,0033060059603236872	20440	0,0020250177609167572
20450	0,0023123270728464653	20450	-0,0060219574571349944
20460	-0,0034158819019000416	20460	0,0014351356328714806
20470	-0,016964103080666475	20470	0,014078263125190902
20480	-0,0027933314075400495	20480	-0,012250756329731884
20490	0,012736626257459686	20490	-0,0061995150706714488
20500	-0,0015393600819359299	20500	0,0079191727610850322
20510	0,01145285558698987	20510	0,0027145621709775952
20520	-0,009295525833936804	20520	-0,019832687137265423
20530	0,0067835447014459186	20530	-0,00077582662850529259
20540	-0,0020984109086650462	20540	-0,0034944695825484431
20550	-0,00506018898015036	20550	0,0038698179981336419
20560	0,010143614157072666	20560	0,0048457768938784456
20570	-0,010142921381414007	20570	-0,0069125786515280381
20580	0,0038310636479337557	20580	0,0070565712307833223
20590	0,000816872465090969	20590	0,016229973157822063
20600	-0,0060887780815307869	20600	0,0026313262549393212
20610	0,0016322704427849358	20610	0,010400469709254043
20620	0,00097316229788179461	20620	-0,00038111663966364906
20630	-0,012499086680351669	20630	-0,0063379377915099028
20640	-0,0080767705325630115	20640	-0,0042235353134201055
20650	-0,0063875720401238871	20650	-0,0048242691567592809
20660	0,027056071674296855	20660	-0,018298301399328764
20670	0,0029979993118402176	20670	0,0051274261847509125
20680	0,00978230300786488	20680	0,0084275955993033912
20690	-0,014574725003150723	20690	0,00038256187730504747
20700	-0,0085313894738819947	20700	0,0073219775362442091
20710	0,018493338661792941	20710	-0,0069787563637861939
20720	0,00030645418712812154	20720	0,014412248659329345
20730	-0,00023092144012196536	20730	-0,0034097099293616067
20740	0,012535001197537463	20740	0,01013199647323387
20750	-0,003073245911513243	20750	-0,0039671771225016387
20760	-0,0052323085329987491	20760	0,00044122131613931888
20770	-0,0038509420025598074	20770	-0,0026708676658702018
20780	-0,0059446802653815812	20780	0,0038042978301943285
20790	0,008594572080045413	20790	-0,0066883198363441162
20800	-4,0911461472418826E-05	20800	-0,0016839905180263866
20810	-0,0086514164770070384	20810	0,0025142747848231192
20820	-0,011546805559527872	20820	0,0022648866093414027
20830	-0,00064946441599211693	20830	0,0025887822144899874
20840	0,013500866846601654	20840	-0,0012986193444709593
20850	0,0044190994991431774	20850	-0,0044122848128070507
20860	0,00418185613804186	20860	-0,0015069367900019249
20870	-0,011639350613707864	20870	-0,011720187748272095
20880	0,00449471245209203	20880	-0,010033875633085486
20890	-0,00053776710235574549	20890	0,007497277954166626
20900	0,004435889891092901	20900	0,0012613893980961378
20910	0,0083284627061883977	20910	-0,011944998400492858
20920	-0,0064213448920723481	20920	-0,0022197025940190562
20930	0,020324190423385343	20930	0,003368066949369153
20940	0,014515269167785673	20940	0,0031767911721646194
20950	-0,011981932831076219	20950	0,00323389611397176
20960	-0,00028632349250495138	20960	0,002187695742991878
20970	-0,014324063518476595	20970	-0,0053184864964719606
20980	-3,4250636350700343E-05	20980	0,0028550431538037048
20990	-0,004106371683153971	20990	0,01106462865794325
21000	0,0051474847156829035	21000	0,005780598734585269
21010	-0,0045699154701221122	21010	-0,0064570070124575565
21020	0,0052197252624280495	21020	0,0030622052651780038
21030	-0,0068496842953225086	21030	-0,0069513187384731053
21040	0,00067744097896207554	21040	-0,0066337408771178609
21050	-0,011581326859045242	21050	-0,00011325245690091521
21060	0,0068364226672285441	21060	-0,01507629950949761
21070	0,004643673399058185	21070	0,00040523191616104415
21080	0,011648307232691979	21080	0,016020453202981927
21090	0,0058192030501513026	21090	-0,0032159105433898568
21100	0,0075642353330993579	21100	-0,0047149342964713254
21110	0,0040459933299351082	21110	0,00077036541852851693
21120	-0,014611523031557739	21120	0,0041752351216674966
21130	-0,0024666853573792691	21130	0,0031089283950637811
21140	0,0048958635833729613	21140	-0,011138742003430648
21150	0,0063753512594177933	21150	0,0040621714992437243
21160	-0,0011927227549450544	21160	-5,2661707250960646E-05
21170	-0,0050094829206465781	21170	-0,0048030455588284693
21180	0,0055285497616402619	21180	-3,8566926823617138E-05
21190	0,0026193802233961242	21190	-0,0076423466175210321
21200	0,0047449852607378985	21200	0,00014566248139465983
21210	0,0033689266134452407	21210	0,01599787339105865
21220	-0,001720397619952915	21220	0,0045475530299056788
21230	0,0047227858803018117	21230	-0,014159127686062119
21240	-0,0053379556429571364	21240	-0,0084913569847343742
21250	-0,012918058087127673	21250	-0,0038012765709688812
21260	-0,0047797454763434978	21260	0,0073908492690661519
21270	-0,0024526826477038305	21270	-0,002230409580263415
21280	-0,0036294499150102228	21280	-0,0093074640037587725
21290	0,0020183328180177051	21290	0,011884346489550616
21300	-0,0037349163894391806	21300	0,01210024510790652
21310	-2,3986442550151724E-05	21310	0,0033276709714599724
21320	0,0017403438211948347	21320	-0,0018268484739791088
21330	0,018011137802183861	21330	0,0052035868691130485
21340	-0,0023109613862984184	21340	0,0014435594994359196
21350	0,0029892510062353144	21350	-0,00086913321062952209
21360	0,0043869273763185446	21360	0,0015663077360656861
21370	-0,0077472707489207168	21370	-0,013009128491492456
21380	0,011821172696353846	21380	-0,0080786194303666282
21390	0,0014028630619099724	21390	-0,003009478342270144
21400	0,0058803771028641755	21400	-0,0019535242867516588
21410	0,000547105846142164	21410	-0,0079027175813240133
21420	-0,0053423045256261572	21420	0,0048512860150664618
21430	-0,007255015361870557	21430	0,0028990226958505228
21440	-0,0010011696564817415	21440	0,018415914161683426
21450	0,0085060182527173685	21450	-0,00028059092591231144
21460	0,012263736991311749	21460	-0,0064839271925703872
21470	0,0016872810048030149	21470	0,0020722531817151104
21480	0,0032436659690103058	21480	-0,004622286540820239
21490	-0,0029442256965698838	21490	0,0010080799996620949
21500	0,0012472266212532552	21500	0,0084822857081150137
21510	0,0032938234652535939	21510	-0,01589032380481405
21520	-0,0068797055249544669	21520	0,0043951715203344385
21530	-0,00038009567236984405	21530	0,0053306085331335231
21540	-0,0049947884747160477	21540	-0,0011860579562788258
21550	0,0056949372318645941	21550	0,012189447561084948
21560	0,0080260272013197628	21560	-0,014170390677440088
21570	-0,013620292545429432	21570	0,0012958198830064441
21580	0,013292725400340129	21580	0,0011432598222003406
21590	0,0072240235933973291	21590	0,0085476198617533035
21600	-0,0012950900679153802	21600	0,0030557195233673015
21610	-0,0031519080433273106	21610	-0,00691983946098625
21620	-0,00708152104242437	21620	0,011856648940949944
21630	0,0076910146498401048	21630	-0,0028949140225077376
21640	-0,0029426112870849139	21640	-0,0039497692501479619
21650	-0,006103904327352771	21650	0,011508337363661744
21660	0,00022538605143506863	21660	-0,0026608693826099044
21670	-0,00025010570241920438	21670	0,0013408458661470144
21680	0,0097408510890727	21680	0,0034464882289035772
21690	-0,0062061259700393915	21690	0,0084936701883771386
21700	0,00075353292377787	21700	-0,00026306975898921371
21710	0,009157688522968296	21710	-0,003200784333038372
21720	-0,0051745121318697964	21720	-0,0020995151929362552
21730	-0,014245779058170299	21730	0,0041649400662695062
21740	-0,002036048611624658	21740	-0,0043046654275445181
21750	-0,0014917628652202622	21750	-0,016797391186337985
21760	0,0056918550806807763	21760	-0,0069274942718730451
21770	-0,0054528711304813963	21770	-0,0010995061101885827
21780	-0,0019201562554398638	21780	-0,0053256428266833409
21790	0,0095339101426070213	21790	-0,0034285374330088525
21800	0,00909206222931263	21800	0,0048698595980072147
21810	0,015502957388684454	21810	0,0030422479864514406
21820	-0,015075068292710816	21820	-0,0017281481884667206
21830	0,0086916780760462487	21830	-0,014227329305913335
21840	-0,00515808493982768	21840	-0,0077103833286615037
21850	-0,0053254822441629757	21850	-0,0068370956759537527
21860	0,0029034857060741318	21860	0,0090565574636770844
21870	-0,0038368502930365665	21870	-0,0052308157058416271
21880	0,00074203133042466808	21880	-0,0026239168920387077
21890	0,020110535327964574	21890	-0,012566862798069215
21900	-0,0020533747057238021	21900	-0,006920974206962552
21910	0,0056877011636161552	21910	0,003200672879397245
21920	-0,0098027552353599848	21920	0,016349922499887957
21930	0,0045513441691338282	21930	-0,0072821966875822944
21940	-0,0030303571679450953	21940	-0,0097810325789423683
21950	-0,0013060971063559924	21950	-0,010266096254815595
21960	0,0029430097814062092	21960	0,0027206152102081478
21970	-0,019362368849901834	21970	-0,00937399490281795
21980	0,0099572683550434877	21980	-0,0084856952671259
21990	0,0038881903583929196	21990	0,0125023928197682
22000	0,007538706440414291	22000	0,0036803460820176151
22010	-0,0029748050880731404	22010	0,0029826805541453079
22020	-0,0014578608736213292	22020	-0,0025521252936008079
22030	0,01461725910679359	22030	-0,016462627332755109
22040	-0,010231898298947361	22040	0,0029593185892821637
22050	-0,0073630654735110969	22050	0,0039414896275977562
22060	-0,0053230799749189534	22060	-0,010112954984977992
22070	-0,0076243208820591006	22070	0,014855061877827359
22080	0,0026627118751489124	22080	-0,00601308533292873
22090	-0,01548502751581274	22090	0,0064363100452217541
22100	0,0099092756553727582	22100	-0,0014176703148966168
22110	0,0021384237922362861	22110	-0,0020175972365106547
22120	-0,0072978837521562329	22120	0,0062813802793464536
22130	0,001099102357759966	22130	0,0071133783558196152
22140	-0,014664338309777474	22140	-0,0055914202961569286
22150	0,00651709523535778	22150	-0,0072843885260530684
22160	-0,0069946166126345129	22160	0,0045047816887537444
22170	-0,0060793652075638825	22170	-0,0053267520614090425
22180	0,017830773839112846	22180	-0,0097233827219520737
22190	-0,010218891940467562	22190	-0,0040377833134531875
22200	0,01089904590818894	22200	0,0025599909232648689
22210	-0,00039224394420729288	22210	0,010689566212405553
22220	-0,003161560659019172	22220	0,0029513260295080559
22230	0,015391692003295246	22230	0,0016608992636900101
22240	-0,0043621535859331125	22240	0,0028740855880885754
22250	-0,0096165072206944209	22250	-0,0060025376690351776
22260	-0,0017788716439346788	22260	-0,0059691013760397454
22270	0,0018317002668821244	22270	0,0010720773844491967
22280	0,0045580528349415343	22280	0,0028657800405583181
22290	0,00958732981265052	22290	-0,0072302853551760539
22300	0,0032141111372149486	22300	-0,0032705945764065279
22310	0,0044137658711961483	22310	-0,005544152471256533
22320	0,0033285794388840436	22320	-0,0012404984205128004
22330	0,0022532975416891133	22330	0,0035835669539551916
22340	-0,012244625942836349	22340	0,014236786861326066
22350	-0,0015779048460374779	22350	-0,0055662312625816826
22360	-0,0059193044114107555	22360	0,012580696541094115
22370	0,0037321112827242873	22370	0,016271516218789611
22380	0,00710091025375467	22380	-0,017225770037736433
22390	-0,0092262792674244389	22390	0,0064548106585260254
22400	-0,001460169921535571	22400	-0,0035320735280676445
22410	0,011366856547981264	22410	-0,010750257013249678
22420	-0,0065715841290367848	22420	0,0084454191713698
22430	0,014443979356528709	22430	-0,0023433270686567939
22440	0,016405359629309325	22440	0,0027904255927983027
22450	0,003319760202793461	22450	-0,0068468880598919852
22460	0,010088825132294229	22460	-0,0039868458740171609
22470	-0,010337866105928724	22470	0,0050158570524162531
22480	0,0029575750950226916	22480	-0,013443330270922977
22490	-0,0041295846108102075	22490	0,017520415870393418
22500	-0,0065649166493820773	22500	-0,0029474939474340655
22510	-0,0071649916650398807	22510	-0,0068454969330812706
22520	-0,011912146970397027	22520	-0,00581080628142728
22530	-0,0014171875533025935	22530	-0,0013701926588120725
22540	0,0095046898750930347	22540	-0,0050520780440962412
22550	0,01053703557808779	22550	-0,0033703573753187956
22560	0,005522896815782349	22560	0,0014559884901817759
22570	-0,02142138484829368	22570	0,0052789531014970515
22580	0,00438654029645637	22580	-0,00573659772126059
22590	0,0076466089638844367	22590	0,0043582265410379347
22600	-0,0070395945214446884	22600	0,0026973811160840196
22610	0,0097312983907029624	22610	0,0085916408200692827
22620	-0,0035700869076303655	22620	-0,0016964068911495397
22630	-0,0018156063885277273	22630	0,0037613631906551676
22640	0,021613804851371862	22640	-0,0093811089605112339
22650	-0,010659117219372622	22650	0,0019134712341262164
22660	0,00036747666405643922	22660	-0,0049161755335769639
22670	0,0023152944443057839	22670	0,0021503042827065171
22680	-0,015803419124155508	22680	0,0057946449422658121
22690	0,0043473740509564754	22690	-0,015122202498501958
22700	-0,004541294180423182	22700	-0,0022692469227185638
22710	-0,00028893763278848417	22710	-0,0037660476024822523
22720	-0,0028389355931190585	22720	0,00784002996724292
22730	0,0022141154419849534	22730	0,0024009775329649039
22740	-0,0044572629723674678	22740	0,0054757241854993619
22750	0,0029994824688169158	22750	-0,0073337853404040849
22760	0,0061036241796785708	22760	0,0083911317812661035
22770	-0,004203387030551905	22770	0,0038412656727398486
22780	-0,0038793121587431135	22780	0,010603079148680559
22790	0,000618671090873479	22790	0,013243212493809395
22800	0,0021991773057093707	22800	0,000988734668037196
22810	0,012567608815876883	22810	-0,014632404151512277
22820	-0,0033857066291133448	22820	-0,012013415051958186
22830	-0,00069113048256094756	22830	-0,0013043290775983109
22840	0,0025630905540141953	22840	-0,007654441210101586
22850	-0,0025650223489977635	22850	-0,0042122382293315747
22860	0,00822772609073659	22860	0,0049755294544771341
22870	-0,0099717057371562137	22870	-0,0062754105180399871
22880	0,011128642250656351	22880	-0,0033137518462913323
22890	-0,0081292505423145832	22890	0,021530376972680582
22900	0,015565063858423585	22900	-0,00060401405503538092
22910	0,00068268463963279153	22910	-0,00015634316133979578
22920	-0,017001712137225348	22920	0,00049930445656178274
22930	0,0048584766967201222	22930	0,0036090372724916237
22940	-0,014890162296314879	22940	0,0038834477445282003
22950	-0,0013170819975971129	22950	-0,003647786946121937
22960	-0,00683674260385321	22960	-0,0089901652777676089
22970	-0,0049877055852906487	22970	-0,0058986751291927068
22980	0,00091267203806792946	22980	0,0041663606339121953
22990	-0,0022978238009434631	22990	0,00975621402676026
23000	0,017563419493161345	23000	0,0024242983765524347
23010	0,0080669093676581215	23010	0,00095882946794196764
23020	-0,0088960055106985549	23020	0,0026186002517470993
23030	-0,0029913424808798933	23030	0,021449516887486263
23040	-0,0085969615035207253	23040	0,0039018653313267469
23050	0,00085675905418859384	23050	-0,0068104308509936064
23060	-0,018126908666313824	23060	-0,016608762864598153
23070	-0,0030253339385801089	23070	-0,0095190096697462482
23080	-0,007701981678452611	23080	-0,0023708405632938312
23090	-0,00429225678127691	23090	-0,0074017449627190408
23100	0,0062665088379882652	23100	-0,00087065439319593642
23110	0,0055269253527123465	23110	-0,011184873852044789
23120	-0,0064464248525661991	23120	0,0050721299609046405
23130	0,003309369071823374	23130	-0,0044164502392828155
23140	0,00020174549422246341	23140	0,015888603725082641
23150	-0,0050279127538284084	23150	0,0053529457258463531
23160	0,0030577121459454083	23160	-0,00105718957893472
23170	0,0088543825682887226	23170	-0,0043140743833607435
23180	0,0066335787010657725	23180	-0,0015277397724098396
23190	-0,011114647921282795	23190	-0,00234919684902935
23200	0,013115978595838074	23200	-0,010270770039588139
23210	0,0036184162479239116	23210	-0,014434188838039997
23220	-0,015459641206931604	23220	0,01947195666158295
23230	-0,0030931022275671122	23230	-0,0045823200289626153
23240	-0,011612014884195623	23240	-0,002924416806403356
23250	0,00056774996480450147	23250	0,0010243115464279641
23260	-0,0054052746469818941	23260	-0,010085992125738212
23270	0,0082845271254902639	23270	0,0078310292651053784
23280	0,011145372047146534	23280	-0,0070928636570206857
23290	-0,012243036179839115	23290	-0,00518714037610763
23300	-0,0096984498273837236	23300	0,011115722312753889
23310	-0,0085910892635142344	23310	0,0019099250157930659
23320	-0,0047605385537771187	23320	-0,0070803890438009363
23330	0,0090631433654187847	23330	-0,017311616187214697
23340	0,0051435643037429724	23340	0,0029508895976553466
23350	0,0096518110985401567	23350	0,0010930097104400584
23360	0,0059426570565845292	23360	-0,0080704320759362371
23370	-0,0041546829299218147	23370	-0,0039158499886141123
23380	-0,010952580577504433	23380	-0,00744108308194282
23390	-0,010089683414588845	23390	-0,031359775422793432
23400	0,00019880303342552984	23400	0,014358123640212248
23410	-0,012264830599215744	23410	-0,008310482333352881
23420	-0,013092417944790567	23420	0,0027129584425081613
23430	0,0050162867360710765	23430	-0,010582859906239238
23440	0,00089016620473223991	23440	-0,0083408452468652413
23450	-0,000971599541827475	23450	-0,0012018746976573344
23460	0,011832547808387883	23460	0,0061102955231279515
23470	0,00090340811743321329	23470	-0,0072958303662100984
23480	0,013499273857575461	23480	-0,0063463597531220007
23490	0,00074707950172597229	23490	-0,0038984061300576878
23500	0,012190919367442207	23500	-0,0095408444344478524
23510	-0,0088772319457193789	23510	-0,00878407314236321
23520	-0,01040709375447257	23520	-0,0044906192147103376
23530	-0,003401550833959854	23530	-0,0047525943388108333
23540	-0,01488631151274324	23540	-0,0099994011163504256
23550	-0,0056377267197210267	23550	-0,0049770814164550575
23560	0,012624241781930803	23560	0,0037844615993646289
23570	0,0013820189866330839	23570	0,0063489612006661462
23580	0,0093165196032403245	23580	0,0066140851903295373
23590	-0,00713122171521314	23590	0,0093802611276282109
23600	-0,0034993021999593118	23600	0,0015963665449595724
23610	0,0018833715221296175	23610	-0,013577841718096407
23620	0,008924611174301756	23620	-0,0063815419834764089
23630	0,01497805860048902	23630	-0,022689109234599984
23640	-0,014078933078451298	23640	0,014609749090333373
23650	-0,005632077457489437	23650	0,0063355447152618509
23660	0,0040190372926320432	23660	-0,026657812987225266
23670	-0,00886719823112435	23670	0,0098103929646705373
23680	0,0038422555230063155	23680	-0,002720554079873348
23690	-0,006269001694598356	23690	0,0048189789100890326
23700	-0,0017011501490190614	23700	-0,003807370437377122
23710	0,0016145230503969111	23710	-0,013010757865503294
23720	-0,0082767862848535656	23720	0,0029216438534918525
23730	0,0033225752152595718	23730	-0,0030524774132846132
23740	-0,0016098721752933953	23740	-0,0060107614968812955
23750	0,00872582734348168	23750	-0,0068191945876400033
23760	-0,0056718639410719271	23760	0,0018230790391450598
23770	0,004647336823725208	23770	-0,00017182389204730347
23780	0,0057507336198072256	23780	-0,00050659779159311648
23790	-0,0061918192473727493	23790	-0,009241576150348315
23800	-0,0010692246396018367	23800	-0,0010775370553074619
23810	-0,010640403194001745	23810	0,0016554929881617022
23820	-0,00052667471626683044	23820	0,0073036822176749455
23830	-0,011416570263288602	23830	-0,013594602804119895
23840	-0,010758131965858351	23840	-0,0017649400716650738
23850	0,0076587717707961951	23850	-0,0067081385531070825
23860	-0,00089054641354510634	23860	-0,0047077156909975468
23870	-0,0061286379831435563	23870	0,012254306806973985
23880	-0,012334535009104993	23880	-0,0095902430153644476
23890	0,003201736939334033	23890	0,0014778187162613839
23900	0,0059707884013993967	23900	-0,0071067889139658936
23910	-0,0049337886893782348	23910	-0,00096830006892052506
23920	0,011751077727208886	23920	-0,0037171062188375713
23930	0,0053704321239025684	23930	-0,0051950764736886351
23940	-0,0053493069209433978	23940	0,0029207398952837264
23950	0,0014829296952434327	23950	0,013367897151367202
23960	0,0060883468615488944	23960	0,00015825485113234048
23970	0,0082246324206543681	23970	0,0083382979353738979
23980	-0,0075598888900397674	23980	-0,014679121149232498
23990	-0,0040029746753271382	23990	0,00077934600820097331
24000	0,0035029418336553131	24000	-0,010727781267749773
24010	0,0035554454849337906	24010	-0,00998096161430183
24020	0,0069432966145138442	24020	0,0057675430037900759
24030	-0,0014500922971785661	24030	0,0059265758916407837
24040	-0,0040808130306334645	24040	-0,0032503688479410767
24050	0,00061653420418415533	24050	0,00084842916711031879
24060	-0,0038046582030106016	24060	-0,0064839281803001133
24070	-0,0052811056226730246	24070	0,018450604581127919
24080	-0,0056579663518641484	24080	-0,002361006060562781
24090	-0,0014226906924383579	24090	0,0029585525397403732
24100	0,00402890519006888	24100	-0,011836942683460788
24110	-0,016132212637308144	24110	-0,017784672893715204
24120	0,010768288186452131	24120	-0,0017692601666757647
24130	0,0024915810425343281	24130	-0,011305129893628503
24140	-0,00589041292528599	24140	0,012040126831176654
24150	0,010059880443802242	24150	0,00019399712526291845
24160	-0,0074801095419384607	24160	0,0066157043600273344
24170	-0,013168211910573118	24170	0,0043636556954142949
24180	0,0047477672912145065	24180	0,005376587323365105
24190	0,011879629547619541	24190	-0,0050034603633727212
24200	-0,00341755948954233	24200	0,0031160675404893145
24210	0,00023896157533604255	24210	-0,011758070144940413
24220	0,0062644945510976352	24220	0,0058551864823292027
24230	0,016470694395524	24230	0,00024842505255916257
24240	-0,011533357411141108	24240	-0,0048794097221965538
24250	0,015684697123395677	24250	-0,0087216316634388755
24260	0,0097817868662739525	24260	-0,00948143011723581
24270	-0,00041059436200229215	24270	0,0061660058473862666
24280	-0,0055360258485652155	24280	0,0060277966607288312
24290	0,0011538450465207041	24290	0,0028590510417996493
24300	0,0025522319468347441	24300	0,0089618858318758453
24310	0,0036292626493600075	24310	0,021275381688727696
24320	0,00092889316908292027	24320	0,013441335690763941
24330	0,011144270964603681	24330	-0,0060597213599667063
24340	0,0022776837290644151	24340	-0,0057947601852636425
24350	-0,0072634210066998914	24350	-0,0062731236002994345
24360	-0,016875305252687933	24360	-0,0026727131260212882
24370	0,011287682156224095	24370	-0,0054329612612634163
24380	0,0024217046617451281	24380	-0,0053785756205438967
24390	0,0052314216167743816	24390	0,00043661500688101329
24400	0,0088576055450759333	24400	0,0046384162848001134
24410	-0,001268514535496022	24410	0,0079197835748173236
24420	0,0087901989925469274	24420	0,0082262293033060815
24430	0,00923313565711633	24430	0,01463103068043841
24440	-0,021589508649164636	24440	0,001704203785541621
24450	0,0044124508799955348	24450	-0,011329115094731891
24460	-0,007789421060011968	24460	-0,015810866137591043
24470	0,010380722900215807	24470	0,0032178396136225214
24480	-0,020581226218588981	24480	-0,00574891515640205
24490	-0,01025507989729328	24490	0,01007433199072157
24500	0,006301948688100311	24500	-0,013446495392090372
24510	0,0029623761124072	24510	0,0028079571622180457
24520	-0,0040696406274814108	24520	0,021457611880265209
24530	0,015230194160339119	24530	-0,015970057672086119
24540	-0,0017818512139156596	24540	-0,00092365406811243484
24550	0,0011270779842721946	24550	-0,00015956193426791448
24560	0,00320444990743769	24560	-0,0079326995542364272
24570	0,0015591901178891332	24570	0,00942147479820283
24580	-0,00925366683179789	24580	0,0049012951842247413
24590	0,0015459127185667987	24590	0,015274373727054267
24600	0,0014494241289160085	24600	-0,0011831973179715126
24610	-0,012982341169416716	24610	-0,0069520935821904247
24620	-0,010244429832249479	24620	-0,0038213367593371286
24630	0,010531120606687495	24630	0,0095117969887203759
24640	-0,0036070534875028803	24640	-0,010803797316924692
24650	0,009060039601364013	24650	-0,000536822016082214
24660	0,010825812930550292	24660	0,0037488348178951569
24670	4,3975573850999791E-05	24670	0,0047016559663476225
24680	-0,0052114946578195589	24680	0,0030028965385703052
24690	0,013242135810329282	24690	0,0015726068597398291
24700	0,0025316493619764241	24700	0,0031111226546285493
24710	-0,00096681991580979925	24710	0,0050061797855393509
24720	-0,0057730441964154305	24720	-0,0047965132818428031
24730	-0,00454047835199331	24730	0,0069054819029944455
24740	-0,012987723701894086	24740	-0,000537600436840252
24750	0,014424283054606205	24750	-0,0075994907058241652
24760	0,010650893332202474	24760	-0,004213757168872294
24770	0,0019796978488810651	24770	-0,0070809639943179969
24780	0,0038124207906990171	24780	-0,00064205161492037648
24790	0,0062100156846509116	24790	-0,0043513274881492635
24800	0,018830259697683521	24800	-0,0078600795329922916
24810	0,00878222833301869	24810	0,0033578800666443755
24820	-0,0055707535616151	24820	0,017182851258644629
24830	0,0067011456402271217	24830	-0,0052487580888393405
24840	-0,017107321274404581	24840	0,0058120040786583194
24850	-0,0011330048321021957	24850	0,0097290508726610939
24860	-0,0064535420728756218	24860	-0,0011964982343570135
24870	0,0024312359746291533	24870	-0,0013777476283965801
24880	0,0040186678281681635	24880	0,0027959628239365023
24890	-0,0002096760641282423	24890	-0,00019225798334973444
24900	0,018809154097021646	24900	0,0082448576189718421
24910	-0,00096070715323924452	24910	0,0085853537474616329
24920	0,010518917240840317	24920	-0,0039234318472489054
24930	0,0021614637586617066	24930	0,0011813688615155279
24940	0,0049547442269109428	24940	-0,0017088873703442308
24950	0,0079331057369010482	24950	0,0017574044618227139
24960	-0,013830101161938811	24960	-0,0085440295508077083
24970	0,010339263740990179	24970	0,0020605373693709087
24980	-0,0020132036345559693	24980	-0,0037219373546344158
24990	-0,0051967977100723156	24990	-0,0029367520522664446
25000	0,00060904884607173	25000	0,0061283208811685821
25010	0,0077654197236534019	25010	0,0028095322855346797
25020	-0,0047091363154164716	25020	-0,0085762852936016355
25030	-0,0016271695903275695	25030	-0,0055422743988677
25040	-0,0087461269802799942	25040	0,019358959650365146
25050	0,012878642058200765	25050	-0,014886583553909451
25060	-0,00197205363547692	25060	-0,012419174821425122
25070	0,014950329600420307	25070	0,0065502457170566446
25080	0,0066574951446820548	25080	0,0018577142530984039
25090	0,0040448952134850722	25090	-0,0017446223262654972
25100	0,0049168986334074214	25100	-0,0088688910977644461
25110	-0,011045536064128803	25110	0,016828852021946464
25120	-0,012649824815610953	25120	0,0059838768511847962
25130	0,00018053110791903387	25130	-0,011085631199816539
25140	0,012009671599633131	25140	-0,013317470897388637
25150	0,0061833156559584932	25150	-0,0029528106384440643
25160	-0,00082885775370109243	25160	-4,2791152824279968E-06
25170	-0,01160384595149158	25170	0,0090635335568083879
25180	0,012236035291650927	25180	-0,010303355294595584
25190	-0,010661974729808245	25190	-0,0082154196573309014
25200	0,015571129645014446	25200	0,0081994456246703516
25210	0,011062319272309317	25210	0,013935820398325494
25220	-0,014452205471991709	25220	0,014087709855239316
25230	0,012957412394563059	25230	0,0044613998418125446
25240	0,0019558648597047673	25240	0,0057493568244289858
25250	0,0029214757262380985	25250	-0,013743384766131775
25260	0,00078878354187336967	25260	0,0018265457367157816
25270	0,0010995031003094504	25270	-0,012101424969262005
25280	-0,017329676602795611	25280	-0,0078567649890566027
25290	-0,0094723364256498362	25290	0,0020958970967071863
25300	0,0020812340168168651	25300	0,006074411981827019
25310	-0,0010769651250676687	25310	0,020018169382394965
25320	0,0010745188811752886	25320	0,0015701024467423121
25330	-0,0049101392278912111	25330	-0,0036027056004224629
25340	-0,0089325107168779123	25340	-0,00063728195629680733
25350	0,006454289926313736	25350	-0,014591094955426702
25360	0,0025568923419115467	25360	-0,0086051883219310319
25370	-0,00039940742383357019	25370	0,006568926139565362
25380	0,00572685447228245	25380	-0,0011997107720732785
25390	-0,00689385712487984	25390	0,014366908717742873
25400	-0,0064693780021878016	25400	0,014006603881715256
25410	-0,0032286559059885389	25410	0,007715661373665565
25420	0,013301920233560997	25420	0,012022957760532037
25430	0,00711981394796707	25430	-0,0065190391435783158
25440	0,00641127998586787	25440	0,002637130053894821
25450	-0,0063634173925768587	25450	-0,0014736160565009325
25460	0,00075102875082287527	25460	0,0005884278972426789
25470	0,0089864363197129649	25470	-0,0073378134585082525
25480	-0,00385912707056669	25480	-0,0019941295306210257
25490	-0,010019152059983997	25490	-0,015130884284544708
25500	0,0076445143920863094	25500	-0,0063912725038954366
25510	-0,012036416182487563	25510	0,018191494981651658
25520	-0,0016280340409885429	25520	0,015929728972455929
25530	-0,0090775321144374536	25530	-0,0036144534460184714
25540	-0,0091716010867109662	25540	0,00066969780770415868
25550	-0,0011819348833625673	25550	-0,00063943346269970214
25560	0,00064775033977111142	25560	0,0095280447140910791
25570	0,011522723714692129	25570	0,0037869975311222871
25580	-0,0018845344657711779	25580	-0,0045390267689136635
25590	0,00044752013649354615	25590	-0,00048771440120124767
25600	0,0043911119560644026	25600	-0,0024104790855054409
25610	-0,0091047281654517871	25610	0,0018309692947821961
25620	0,0070663704748367157	25620	0,0043060036799175538
25630	0,0046513114912701	25630	0,0061422084452021353
25640	-0,0059642974153588588	25640	0,013123893354634051
25650	0,001067928420306871	25650	0,00066744707522325346
25660	0,0024909726456040881	25660	-0,0011972305628311886
25670	0,011801747002355761	25670	0,01079336659450335
25680	0,0083512504819858672	25680	-0,00787338450639693
25690	-0,01900222391310449	25690	0,0032000993758308613
25700	0,015061416378342941	25700	-0,009238440878494035
25710	-0,0031493619809359616	25710	0,0047886410336233339
25720	0,00078027672403670385	25720	0,010628877506676064
25730	-0,0058114285190693	25730	-0,0064482345146174127
25740	-0,0050367281101670333	25740	-0,0055136362580567354
25750	0,0045516830341380352	25750	-0,007181269619209979
25760	-0,00042986019767339518	25760	0,011420781526938454
25770	0,010316620347593024	25770	0,020856483762652856
25780	-0,0013205589312954437	25780	-0,0010223651724514471
25790	0,0089075692045661667	25790	0,0036441639218397896
25800	-0,007977305207431229	25800	-0,018041570155173589
25810	-0,0034028983705340892	25810	-0,00083936017043842231
25820	-0,0090040084816736862	25820	-0,0014742941096370617
25830	-0,00886967270354299	25830	-0,0051507658440347465
25840	-0,0049550622308928011	25840	0,0023280184497083338
25850	-0,016573758513119791	25850	-0,0050116066937575445
25860	-0,0045425611882775434	25860	0,0015752746189353815
25870	0,00087784100815176916	25870	-0,0014817848096579671
25880	0,0025556576930637811	25880	-0,0028059459123196571
25890	0,0004095825692458613	25890	-0,0030761723909177355
25900	0,0058954095327327354	25900	0,0039060902382778216
25910	-0,0033725316808984481	25910	0,018573509173710433
25920	-0,0074895822024770185	25920	-0,00080738218606589938
25930	0,0048527476489954313	25930	0,0020360601138100952
25940	-0,0040529812919888929	25940	0,011287030383657032
25950	-0,0025886853752210542	25950	0,00696390567923283
25960	-0,0062115282235276461	25960	-0,012030424731285195
25970	0,0010793157708140933	25970	0,0041679461211741563
25980	-0,00023896800955627617	25980	0,0051660831469444845
25990	-0,0136935513415569	25990	-0,0049767575816677652
26000	0,0017819266471283031	26000	0,0019782221018828615
26010	-0,015147281427576658	26010	0,0042162489186182411
26020	0,00099326152723334124	26020	-0,011353302049225337
26030	0,035001494951975715	26030	0,0035803389304896239
26040	-0,00627810011119259	26040	0,009882490238617446
26050	0,0047666087620474584	26050	-0,0024440868325859189
26060	-0,0060895860501164528	26060	-0,0081124337644386882
26070	0,00040415508344057434	26070	-0,0016352180481788779
26080	-0,0027167337910626913	26080	0,00024842418655721522
26090	-0,013604860969123193	26090	0,00033345278137012293
26100	-0,0055034016853945759	26100	-0,0032051776456233929
26110	-0,012515140065454412	26110	-0,010021350843344835
26120	-0,00089045778926750269	26120	0,0086607965495255762
26130	0,0011956810380049747	26130	-0,0015845940042044412
26140	-0,0066217546555995205	26140	0,017008829985455
26150	0,0050874310953693018	26150	0,011298659420348686
26160	0,010641028205294631	26160	-0,0088630608108002037
26170	0,005156384455185529	26170	-0,00068641001493301428
26180	0,010407177761103567	26180	-0,0025342086512006607
26190	-0,012471527159080979	26190	-0,013095664294796874
26200	-0,00063140901424835758	26200	-0,011004633582425819
26210	-0,012153381310564621	26210	0,01721109365270327
26220	0,0074304075982445728	26220	-0,0015886814542806736
26230	-0,0083169364270303664	26230	0,019365058775792147
26240	-0,0032547234049253859	26240	-0,011665847364376231
26250	-0,0010759002478173579	26250	0,012454269432067072
26260	0,0049568923351337437	26260	0,0047976417706972292
26270	0,0097957127398553365	26270	-0,011131047585136779
26280	-0,0084116002954246084	26280	0,00024007829157004774
26290	0,012516974409281402	26290	-0,000528118277427388
26300	0,010617991481297119	26300	-0,0020289213028662034
26310	-0,0043926656560908106	26310	-0,012759846201779298
26320	0,00883796670112827	26320	0,0021901275664244538
26330	-0,0074136643053545562	26330	0,0063867400057563027
26340	-0,0085312540280857163	26340	-0,004617613168640366
26350	0,0001040063638731469	26350	-0,0087527098354349547
26360	-0,0032358567220977614	26360	0,0056526265799639371
26370	0,0010733745880428969	26370	-0,0012076450015424554
26380	0,00416497153117068	26380	0,0019555780870365576
26390	-0,0026808093352387132	26390	-0,0027372220950929466
26400	-0,00017931679544563525	26400	0,0051524169932633127
26410	-0,0015018518550521979	26410	0,0071767789468971926
26420	0,020179424561748347	26420	0,0024713685324616315
26430	1,8085408654052323E-05	26430	-0,0047862448285231453
26440	-0,0053382697288670905	26440	0,0011535872582612754
26450	-9,2521451941563265E-05	26450	-0,0078956356796362464
26460	-0,0098933898453328183	26460	0,00833540469526146
26470	-0,0034169568966805654	26470	0,019880221514679969
26480	-0,0016972531771343024	26480	0,00033768862146643311
26490	-0,0049001268325980368	26490	0,013599564375495515
26500	-0,0057393878063010731	26500	-0,0046170451416421661
26510	-0,0051915166796006364	26510	-0,0068629043196412626
26520	0,018388344360453553	26520	0,0077581063613092974
26530	0,018305457622632689	26530	-0,00493646277737344
26540	0,0096182209444214042	26540	-0,0058011233695338957
26550	-0,0055026310538175893	26550	-0,00838412611860638
26560	-0,015210504860020983	26560	-0,017953185193169293
26570	0,0025688304755036163	26570	0,014022910601508478
26580	-0,0067036568924288874	26580	-0,0045091337741437528
26590	-0,0055601310730539607	26590	-0,017650227251831917
26600	0,0075398059286975053	26600	-0,013788565791525098
26610	-0,013851380679748167	26610	0,016746509390534594
26620	0,0048421770059516511	26620	0,0036703899468370363
26630	-0,0029766083365526282	26630	-0,0012944616578008179
26640	-0,0052958669844788073	26640	0,0096228286191080547
26650	0,006406646292957183	26650	0,00085457179224320717
26660	-0,0055764154791849117	26660	0,0057631447216018889
26670	-0,00073655966268750114	26670	0,0035965946811324428
26680	-0,0059613390828485253	26680	-0,0085171856170045586
26690	0,012869828040448639	26690	0,00800433782831917
26700	0,011054072153601092	26700	0,011133099736757173
26710	-0,0075300023514129439	26710	0,0066492483151352156
26720	0,012484926469224299	26720	-0,0089342492163906
26730	-0,0052751962826814453	26730	-0,015072709394889639
26740	0,0040031316009588617	26740	0,0084599038184926378
26750	0,00022423011379879969	26750	-0,0039252157517884936
26760	0,006258529758658208	26760	-0,0012655505428471505
26770	0,0090074164625526618	26770	-0,0085714923727545928
26780	-0,00898663739190021	26780	0,00230030523830052
26790	0,018693823644587746	26790	-0,0042197085166940443
26800	-0,00435185203145767	26800	-0,00925445210430587
26810	0,016016990729132652	26810	-0,010975103616219452
26820	-0,00096114007575914741	26820	0,017473376847618211
26830	-0,0058452777361815249	26830	0,013968117819200815
26840	-0,0081384682620358785	26840	0,021338940322766391
26850	0,017283358561149927	26850	-0,0076356440175106913
26860	-0,0028642742824755148	26860	-0,011727785824527657
26870	0,0019046151417581186	26870	-0,015819716574577019
26880	5,1624481406364105E-05	26880	-0,0056333175203520961
26890	-0,00083692237374432	26890	-0,0036771793901400136
26900	-0,0029647620363510044	26900	-0,00051736608888444864
26910	0,0093710100340734532	26910	-0,0081275665227909764
26920	0,0001246198330386398	26920	-0,003570181640313955
26930	-0,00091479436854207373	26930	-0,0090690066248645326
26940	0,0036882457198141884	26940	0,00412240775212704
26950	0,011161891501630602	26950	-0,0082839670233343342
26960	-0,0050083906228259555	26960	0,0015622538056338665
26970	0,0023952771244223209	26970	-0,0016796035059143629
26980	-0,0083548108622625364	26980	0,0064533737253741679
26990	-0,0040185480255018552	26990	-0,00047916866574015607
27000	0,009634235074414842	27000	0,013523548381254493
27010	-0,0096696476270110247	27010	-0,0020741198825305535
27020	0,010308671805176547	27020	0,0071945874938775358
27030	-0,00752365817961898	27030	-0,0058279975000035756
27040	-0,014276698754154465	27040	-0,0015752447708705295
27050	0,0040645534732471787	27050	-0,006385621625682251
27060	-0,00040095534362599944	27060	0,0015380744778913376
27070	0,0016123760398530193	27070	0,0031957652932490446
27080	-0,0038647513766914146	27080	-0,0059395951678471066
27090	-0,009918919201852866	27090	0,0060698873902046624
27100	-0,00885339807842265	27100	0,00029230538706201344
27110	-0,00655278271374655	27110	-0,0037933037273498323
27120	0,0062080752372500473	27120	-0,004980356202834906
27130	0,0021269697655649311	27130	0,0012868565512191212
27140	0,0098773471360961151	27140	0,0076210705325572047
27150	0,014489211666672561	27150	1,9974402569677051E-06
27160	-0,0037714813310694875	27160	-0,00044222457714296137
27170	0,013860310553837919	27170	0,0071168017177354256
27180	-0,0073966365595202468	27180	0,0091110913709211219
27190	-0,0011213693550838528	27190	-0,00033922243801826725
27200	-0,0012696277174712768	27200	-0,0028035268709075013
27210	-0,027563899331881882	27210	-0,0034505501782181422
27220	0,0010686773448844084	27220	0,012871542640003585
27230	-0,0030385892023678776	27230	-0,010318516631426142
27240	0,0084852977781357183	27240	0,020121118907347229
27250	0,00094559158620559965	27250	0,0078950037307557591
27260	0,0028077648369770249	27260	0,0053190336489809323
27270	0,015435924958373353	27270	-0,0090653329330676758
27280	0,0078296903646975918	27280	0,0126094871866476
27290	-0,0039853818140452987	27290	-0,004498990230550357
27300	-0,0016475738533188607	27300	0,0069184141281854843
27310	-0,0032565063649872212	27310	0,0026943605549028709
27320	-0,0067416476847015168	27320	0,0042530845607756445
27330	-0,018734714910191051	27330	0,00146031576721324
27340	-0,0012444127641178834	27340	0,0046924830796142725
27350	0,0050715273022940641	27350	-0,0041342207578657
27360	0,0047085686842161661	27360	-0,00053517755208694687
27370	0,014579227220406837	27370	-0,00084233873416506347
27380	0,0023783835242230439	27380	-0,00047882298989927529
27390	-0,01013437095252424	27390	-0,0027346031846723329
27400	0,0074114360977308022	27400	-0,012732004582317396
27410	-0,0035934826235707292	27410	-0,015537727418445498
27420	-0,0061928855354255333	27420	-0,010686811591070749
27430	-0,0046232428641767012	27430	-0,0059108820517420882
27440	-0,0036767311254082731	27440	-0,0046717383639896751
27450	-0,0045886689933014747	27450	-0,0017560619417057524
27460	0,0053148072386112483	27460	0,021986132848099388
27470	0,0093451034934180985	27470	0,0021831844375737462
27480	-0,0077582026104371206	27480	0,004985524661023177
27490	0,0087984908805828245	27490	-0,0081770870559823728
27500	-0,0096873700583524763	27500	0,0034304283461974567
27510	-0,0057700626456040635	27510	0,012384765307120271
27520	0,00998397050905948	27520	-0,0074512891607446631
27530	-0,00070153766253006544	27530	-0,0083850598562673056
27540	-0,0065718234823607391	27540	-0,0073411219616849564
27550	0,005309036830868156	27550	0,012175132236114692
27560	-0,012551674127832802	27560	-0,0024266529027054244
27570	0,0099488140624403275	27570	-0,003439192743684461
27580	-0,0036933272039991949	27580	0,0039530785082328738
27590	0,0078309643465781457	27590	0,014507576193408721
27600	-0,012877871816824345	27600	-0,00968338909484263
27610	0,00886512218178443	27610	0,011268598821927784
27620	0,00093969546988589879	27620	-0,0010647127808168554
27630	-0,0050278103854182682	27630	0,0077447081469828325
27640	0,0040341887096633543	27640	0,0049852206948399237
27650	-0,00784927607716763	27650	-0,00055407273821457092
27660	-0,001264669469925537	27660	-0,0010149758684176397
27670	0,0051237976063053638	27670	-0,0062771104279815823
27680	-0,0014826688855835138	27680	-0,0075424575243639011
27690	0,011957847303882871	27690	-0,0089819388811626013
27700	0,00785571108504967	27700	-0,018795002265555021
27710	0,0038707200330095792	27710	-0,00026355192671013685
27720	0,0020667891237363812	27720	0,012314284318719075
27730	-0,013309926037413884	27730	0,001018932389826865
27740	-0,00927308956397521	27740	0,013884939168724337
27750	-0,0038484356902989771	27750	-0,0034635112430083156
27760	0,0056345121386672074	27760	-0,00970885135890625
27770	0,0055893822218971044	27770	-0,005346142487881368
27780	0,0087134991541247282	27780	0,007195771902972996
27790	0,0031563175470819081	27790	-0,0047814466163080037
27800	-0,0044981425960845629	27800	-0,01492039657656586
27810	0,0094509949884093239	27810	-0,0052285187741978765
27820	0,0026265733424358654	27820	0,012675280307090378
27830	-0,0055481507616955616	27830	-0,01208452742462242
27840	-0,00512788700068334	27840	0,0020578695328943839
27850	0,0091870339582772326	27850	0,010423843054641203
27860	3,2946016404275317E-05	27860	-0,00099651175714506415
27870	0,0033795937622774163	27870	0,00076520680739497015
27880	-0,0099914061564690369	27880	0,017372416203455789
27890	0,0064891792149924625	27890	-0,0066233887664082381
27900	0,0018985455841919326	27900	-0,0018945413733367949
27910	0,0033641061484067031	27910	-0,010744917316958766
27920	-0,00072237834439560771	27920	-0,0043709811568674048
27930	-0,0098371809572576786	27930	0,0073257384818891146
27940	0,0053999389943509609	27940	0,01157940779380834
27950	-0,01146198860215404	27950	0,0060523163916698279
27960	0,005817811325384544	27960	0,014340274934782583
27970	0,012512362078572155	27970	-0,010742521513882842
27980	-0,0094847951106852516	27980	0,0046826403522075141
27990	-0,020940481424937159	27990	0,00974632286814746
28000	0,0049902550980382952	28000	0,0017154510217289485
28010	-0,0090449979769809015	28010	-0,0044590633210549822
28020	0,0019142353379818522	28020	-0,014676051320428391
28030	-0,012664136573704387	28030	0,010667805330431714
28040	0,001327793685157754	28040	-0,0065417315876687013
28050	-0,0077782588804367189	28050	0,020131563461975782
28060	-0,00059333936781783925	28060	-0,0080627610478670366
28070	0,0069003522081628509	28070	-0,0015159945855165043
28080	-0,0017290101729718641	28080	-0,0055955599211351213
28090	-0,00046451691644711134	28090	-0,0014389780079999302
28100	-0,0066345539922308778	28100	0,00848403037706584
28110	0,0094103208549692549	28110	-0,0088300985509013347
28120	0,0093945198152862036	28120	-0,0080844219941441815
28130	-0,00551793677780177	28130	-0,015716196050517776
28140	0,0089367224514030376	28140	-0,007027651638530444
28150	0,0027763853547478094	28150	0,0074198255626005873
28160	0,00062012596768469368	28160	-0,0067482544774257591
28170	-9,9079921256737079E-05	28170	-0,01284423640605554
28180	0,017305651970255385	28180	-0,00169790776092329
28190	-0,002863034373900016	28190	0,0022011505839144804
28200	0,0047943034956595861	28200	0,0091667527299593623
28210	0,0070969335439806155	28210	0,0030437498627109514
28220	0,00090778091828269409	28220	-0,0051443790201306091
28230	-0,0050526042566570823	28230	0,011578500952631464
28240	-0,016840692820980167	28240	0,0034880588534447979
28250	-0,013540394240283901	28250	-0,0071790354247231588
28260	-0,00010842784932624956	28260	0,00023475582199837357
28270	-0,0010133008372276997	28270	0,001875854510817104
28280	-0,0078747013860965866	28280	8,6747419062224241E-05
28290	0,0020072967353781134	28290	0,010665187743034188
28300	-0,0036449056771333866	28300	-0,0086021592163143552
28310	0,00017717492834766024	28310	-0,000617732207332418
28320	0,00054657588343956043	28320	-0,0003046839532349996
28330	0,0011609303241106811	28330	-0,0084956348588365142
28340	0,00050836010761112359	28340	0,0024601782528570928
28350	0,010200491768346609	28350	-0,00026887546847080351
28360	-0,013399380956981535	28360	-0,012599738369285058
28370	0,015477869479805635	28370	0,0024768246766930868
28380	-0,0060312869714805447	28380	0,0024174816560445225
28390	-0,0035120751136546477	28390	-0,003833465993675891
28400	0,0074324695123086353	28400	-0,012635612572601981
28410	-0,0087040985623899232	28410	-0,00790278462906278
28420	-0,0076063578725269277	28420	0,0042791792826314436
28430	-0,00505078013747497	28430	0,010867978437714776
28440	0,0041164878131480006	28440	0,0050012473123076141
28450	0,0057881609328228785	28450	-0,010451991206572945
28460	-0,013541459791906128	28460	0,0047824202486240024
28470	0,0034503546177656196	28470	-0,005590763767917303
28480	-0,0061980856983614805	28480	-0,012421152278007259
28490	-0,0014596751372144582	28490	-0,021065078647180525
28500	-4,4393416070765033E-05	28500	0,0044098781378217331
28510	0,0063595930545136455	28510	0,0051019751531505815
28520	-0,00067315652870674652	28520	-0,011310090181802223
28530	-0,00021923761898690104	28530	-0,0017651389859276827
28540	0,010080960281781928	28540	0,0095993535233657116
28550	-0,0077278473422298655	28550	0,0032270328979675808
28560	-0,01160661139128975	28560	0,0056557211585628146
28570	0,0042295751211717152	28570	-0,0072804322467238392
28580	-0,0078164014216869967	28580	-0,0015491706141596479
28590	0,0061395976509924554	28590	0,0048166915731272641
28600	0,0074868753181724576	28600	-0,015792559077098398
28610	0,0047106790780933995	28610	0,0011660547293033713
28620	0,014653338336724275	28620	-0,0062957330231965787
28630	-0,0050666425555248671	28630	-0,0029722790297237386
28640	0,012488378170202727	28640	-0,015051832280744804
28650	-0,0029229516643023094	28650	-0,0069287289862411273
28660	-0,001884473227887998	28660	0,004846432726792865
28670	-0,0019733773176198394	28670	0,00856258751362838
28680	-0,0071577343805820856	28680	0,0087746195456248916
28690	0,003393767414705835	28690	0,019185186888150782
28700	0,0011285636149626303	28700	-0,0028425689678351325
28710	0,004966244587794758	28710	0,0045210297696862594
28720	-0,0014989931627907344	28720	0,00046015357839156873
28730	-0,0084349981245199247	28730	-0,00053662113544693181
28740	0,0060507992653756146	28740	-0,0090028833900829119
28750	-0,00362137572116649	28750	0,0057196696590240109
28760	-0,0049901415791095728	28760	-0,015268649425486008
28770	-0,0066541981694408095	28770	-0,0001650859876094251
28780	-0,013029734581168734	28780	-0,0027721091197209268
28790	-0,0021749681794271496	28790	-0,015243867707886251
28800	-0,002808722427324327	28800	0,0056051915111240153
28810	-0,012696559652515279	28810	-0,0085158638308256585
28820	0,0027075616495240793	28820	0,012669206505377895
28830	0,0041061240612495038	28830	-0,0029312918902412908
28840	0,0033113355549368125	28840	0,0047980002826828044
28850	0,011033273344056075	28850	-0,0078744628746441371
28860	0,0079982210764183038	28860	0,0048641910906301513
28870	-0,017543838205626983	28870	0,0028959151384029746
28880	-0,010665139327175765	28880	0,0027922759923096562
28890	-0,0038027514233834694	28890	-0,014333593485986437
28900	0,0043806680713547866	28900	-0,0017833174755346117
28910	-0,0035770589934738663	28910	-0,0051688171914176326
28920	0,00935504174204297	28920	0,014510377690820239
28930	0,0035744523186968676	28930	-0,0028883940263362373
28940	0,016233328998832366	28940	-0,005394119816201047
28950	0,0049045270984271324	28950	0,0067341118234473711
28960	-0,0021962312737525804	28960	0,0036170493558905781
28970	0,0045387415796441241	28970	0,0038331542476645456
28980	-0,0043402974631348611	28980	-0,0086451331090744675
28990	0,0059590425581387396	28990	-0,0010499562770670354
29000	-0,012260079041607903	29000	-0,00051104817361136417
29010	-0,012460831444624525	29010	-0,0064158231045729408
29020	0,017072539416490014	29020	-0,0016628992975119708
29030	-0,016881105424322168	29030	-0,010070678950702534
29040	-0,011789370303829034	29040	-0,0040852249863405528
29050	-0,01729103700516987	29050	0,0095648425711215828
29060	0,0019095221631503915	29060	0,0066409684083763238
29070	0,010108859683599368	29070	-0,015641060897072265
29080	0,010511884026765141	29080	-0,0094322535307186962
29090	0,0056150645204242266	29090	0,0014094169374300226
29100	-0,0069519675677835804	29100	-0,00077692806412936238
29110	0,0065872964534119931	29110	0,0011410129640358705
29120	0,014430441735512799	29120	0,0065374699286069775
29130	0,0056042001569712114	29130	-0,0041852662036279374
29140	-0,0037266456015499355	29140	-0,004830017110643502
29150	-0,0074694050925585686	29150	-0,01519233663200467
29160	-0,012146473617339353	29160	-0,0078286430352330367
29170	-0,00077777561037516455	29170	-0,0021399607439084338
29180	-0,0078312634121780085	29180	0,0058236269076518965
29190	0,026788788978793082	29190	-0,0012092602624103278
29200	-0,0012764181310184087	29200	-0,005177872467396199
29210	0,0026790542121317633	29210	0,0071850525972134947
29220	0,011132078913865428	29220	-0,0062697170580066144
29230	-0,0021056580875861539	29230	0,012220613410720662
29240	0,00863298502043739	29240	0,00067792469959610533
29250	-0,0091733165763518646	29250	-0,0071849650521422928
29260	0,012229281235423556	29260	-0,0071568055742507472
29270	-0,0059110643371744322	29270	0,0016426101130791399
29280	-0,0046177275572676967	29280	0,0075061294189773418
29290	0,00091891917017164774	29290	3,2395571142533154E-05
29300	0,0037540753316358615	29300	-0,0052473122218057288
29310	0,011857907879186565	29310	-0,00033961729077960814
29320	0,0063287945278085013	29320	0,0066650146685425481
29330	-0,014525095541211147	29330	-0,002949483926922051
29340	0,0076238539167359665	29340	-0,00827965530846147
29350	0,010319412819448651	29350	-0,0092944197538916661
29360	0,0015736054101680665	29360	-0,0059910795556997552
29370	-0,0047412178387911137	29370	0,0010664627783787566
29380	0,011518806076379123	29380	0,00071068635408063035
29390	0,013946263383953916	29390	-0,0051006876069204805
29400	-0,008568348542553391	29400	0,0004353159887354121
29410	0,0062237459463012051	29410	-0,0017255433448270926
29420	0,0026362441852830088	29420	0,00059062887266885672
29430	4,1794701411089359E-05	29430	0,010060639453946602
29440	0,002635644536268634	29440	-0,0062385846432683354
29450	-0,0018878212863112187	29450	0,0037788384175674356
29460	0,010431797112221633	29460	-0,0021729416914222548
29470	0,011438311651333676	29470	-0,0013110544119731887
29480	0,0075790936975266157	29480	-0,011039476295770625
29490	0,0056448981586385708	29490	-0,01050050871870329
29500	-0,0031627124991143733	29500	-0,0034373390337104005
29510	-4,5069888676562512E-05	29510	-0,00653249669581098
29520	0,0067222831016588522	29520	-0,010678605454015061
29530	-0,0076858555746917153	29530	-0,0039884266792932516
29540	0,003838723704144305	29540	-0,014983824466882848
29550	0,0029032579843814841	29550	0,011323290386082773
29560	0,016583318628956612	29560	-0,0094358999361522818
29570	0,004757966531524215	29570	0,018993068716729997
29580	-0,00044857506982226222	29580	0,014260600920787432
29590	0,0095848492411731486	29590	0,0096847281981739947
29600	-0,0079547215447051435	29600	0,0078067682951771271
29610	0,0023283100703161133	29610	-0,001129346555012201
29620	0,0028277633812176573	29620	-0,0016819692462380037
29630	-0,0031570038249311917	29630	-0,0064482495973517207
29640	0,010882794388055945	29640	-0,0065960126137393736
29650	-0,016387867597825987	29650	0,0083250041973571727
29660	-0,0055463539428545023	29660	-0,01210538567427377
29670	0,013562052979183135	29670	0,0010798997928610854
29680	-0,0048265492352780126	29680	0,005503477845013172
29690	0,012228481487908735	29690	-0,0034818627393522952
29700	0,0022456109225774553	29700	-0,0073344302828481835
29710	0,0029253797251231348	29710	-0,015528606815893768
29720	0,0032503216648850238	29720	0,012209247425368329
29730	-0,014096212153552345	29730	-0,0030980752059783434
29740	0,0049573809334140708	29740	-0,00033904504516714195
29750	0,00655422261673667	29750	0,0089496720085234
29760	-0,014420930190685737	29760	0,0045972112075321446
29770	0,010859630875654055	29770	-0,01377854074629462
29780	0,00021026171768145837	29780	0,0010619151293905099
29790	0,0045055962819909859	29790	0,013949108983880049
29800	-0,0013261927919357615	29800	-0,0071333098557665583
29810	-0,0032149150703090859	29810	0,0048170786820686245
29820	0,013787677151738944	29820	0,0041621429025384613
29830	-0,00041462545115942726	29830	-0,002296319817814431
29840	0,011108052998871718	29840	0,0024714840338569913
29850	-0,00063469784500473885	29850	-0,0061436278586682836
29860	-0,0072294575351054442	29860	0,015167763428697981
29870	-0,0024388056379761876	29870	0,00815430162559633
29880	0,0029716615298405725	29880	-0,0060431162242619444
29890	0,00079034685147665008	29890	0,0071799689632925275
29900	-0,012935787282525712	29900	-3,4531368581785283E-05
29910	0,0050215659315000832	29910	-0,0093214094116494811
29920	0,0015710783701948872	29920	0,0020127317862412169
29930	-0,00024870204525133795	29930	0,0076607338105837055
29940	0,0099650660260970636	29940	-0,021311188482542213
29950	-0,011499204018262176	29950	0,0024332102927419772
29960	0,0044558488429028414	29960	-0,0089930190077420168
29970	-0,0093434573031885536	29970	0,0033035296568999727
29980	0,011614043706717597	29980	-0,00019255054887280888
29990	-0,0019195522219561027	29990	-0,011088843398738739
30000	-0,0074598944515370481	30000	0,016353944272379944
30010	0,0048462452320108896	30010	0,0039569604186290679
30020	0,000751870925287576	30020	-0,0087794574441959934
30030	-0,013331415943073185	30030	-0,011903197973661605
30040	-0,00028421662496504283	30040	-0,010836154556384998
30050	-0,0055705171761537909	30050	0,0034814312453843575
30060	-0,000801615074269496	30060	-0,007758810120475395
30070	-0,0046148041226367715	30070	0,016093917232076357
30080	0,014674257523926725	30080	-0,018903487727769189
30090	0,002933933570758925	30090	-0,01103415389481892
30100	-0,021713636169363643	30100	-0,013076661743542776
30110	-0,0029041553716584552	30110	0,011040777813409527
30120	0,00590549459238574	30120	0,0035008438149459259
30130	0,0012059901238694283	30130	0,012686176808554651
30140	0,0055150487360232118	30140	0,011115795878639857
30150	-0,011828931354663983	30150	0,0071921865790679487
30160	0,0083134914116254986	30160	0,0094589461452707912
30170	-0,0020226203471794294	30170	-0,0055655535584286714
30180	-0,0095533437562495029	30180	-0,0027073308774311898
30190	0,0088572416696921317	30190	-0,012880182791107878
30200	-0,0012674117041976737	30200	0,014384510245264378
30210	-0,00091679023458437125	30210	0,0050670738485593487
30220	0,011238423653057775	30220	0,011536849464737682
30230	-0,0095999725348822149	30230	-0,0025204568093884169
30240	-0,0064994917229862087	30240	0,0042333304511000518
30250	-0,01047725766329966	30250	0,0056390498247116047
30260	-0,0043029758259092348	30260	-0,00701034729808894
30270	0,00091498732945844937	30270	-0,0013794137885933136
30280	0,010640927083026528	30280	0,00038124464141582831
30290	0,021972629404755153	30290	-0,013111491244496227
30300	-0,007540577447151353	30300	0,0026143230749030573
30310	0,0021646633876991695	30310	0,0034239674723359993
30320	-0,0075734016158003105	30320	0,0047750609854566523
30330	-0,0033273489766465561	30330	0,0096158476893419016
30340	-0,000898422697557318	30340	0,0031171119666586907
30350	-0,0198657087934485	30350	-0,0068698364203698533
30360	-0,0052210096646262511	30360	0,0017321115176519269
30370	0,00040388014289770936	30370	0,0030480112188920713
30380	-0,00893095915932361	30380	0,0028125226668638632
30390	0,0038686330058175	30390	-0,0072567985174907257
30400	-0,0028780122328981072	30400	-0,0050975505098633418
30410	-0,0067802429287390472	30410	-0,0028734211729953179
30420	0,0037341591436085078	30420	0,0095471707959940665
30430	-0,0056789536478347672	30430	0,015040474284197775
30440	0,0036499409473724569	30440	0,0013040644836272482
30450	-0,0023086129736101849	30450	-0,0037327752783691153
30460	0,010873271539614954	30460	-0,0013689266677353639
30470	-0,0062658329297691356	30470	-0,0050681537848977862
30480	-0,0068104710940058554	30480	1,50336094907876E-05
30490	0,014815250779129745	30490	-0,00798326476819145
30500	0,0026636080132207171	30500	-0,0083234855347983
30510	0,0045466279433571209	30510	0,00185435150395764
30520	-0,0076799412374509409	30520	-0,00046218185897625513
30530	0,010339496331358382	30530	-0,0083161426463317367
30540	0,01291683563797718	30540	0,0030653097101693565
30550	-0,003386317732007353	30550	0,0022229894505755273
30560	-0,014402082633026848	30560	0,00025186549389140872
30570	-0,00066761753868312362	30570	-0,00453758340147424
30580	0,0089991891419134162	30580	-0,00084038145940050046
30590	0,0055900814184660953	30590	-0,0014152401978621719
30600	-0,0041212353952446478	30600	0,0011475492711298719
30610	0,014456773930874283	30610	-0,013512431245803582
30620	-0,015098946302229733	30620	0,0060921347270928095
30630	0,0079465560079485121	30630	-0,0061284535856008316
30640	0,0013378633968102126	30640	0,003378553391835687
30650	0,015536180829503213	30650	0,0042133106672045031
30660	-0,00768337232281081	30660	0,0012124360946433282
30670	-0,0045229071858142785	30670	0,0017957556435941931
30680	-0,0056374105331862051	30680	0,0019303222599949981
30690	0,0078161408041017878	30690	-0,0070145779028842467
30700	-0,010057331872080763	30700	-0,011812802685172319
30710	0,0012875261897665089	30710	-0,011363415206817927
30720	-0,00427244539804109	30720	-0,0097763199245802842
30730	0,000776678751897803	30730	-0,00026946779304665543
30740	-0,0020404434205518783	30740	-0,00024141573736326678
30750	-0,0034616453782367117	30750	0,012168046013947097
30760	0,0036886650478913487	30760	-0,0084698528892497987
30770	0,0066940146352372273	30770	-0,0011063526585793956
30780	0,0015414136902784665	30780	-0,012228643799053687
30790	0,0060294162129865582	30790	-0,0058020199186322764
30800	0,001015658566427454	30800	-0,038077165321996
30810	-0,00017232892543766489	30810	-0,082316215577013865
30820	-0,023751741702871379	30820	-0,19006093133557603
30830	-0,014092551759848269	30830	-0,305442003874616
30840	-0,018121429241087245	30840	-0,41688128357350279
30850	-0,017051418828176297	30850	-0,50006237042926438
30860	-0,0243210882649542	30860	-0,43242371850142147
30870	-0,032938868159103775	30870	-0,30921889008238235
30880	-0,010071334124763067	30880	-0,090701455921971874
30890	0,019473180608752395	30890	0,177180421307961
30900	0,022182711427286759	30900	0,41220528233778669
30910	0,0036527602667104351	30910	0,64109604552963428
30920	-0,000326472333376148	30920	0,82823584945885143
30930	-0,0050843309815141284	30930	0,95910219834267418
30940	-0,013621143433175338	30940	0,93398952265009683
30950	-0,00022681720660147243	30950	0,77432776658408631
30960	-0,0043773549582456365	30960	0,5051869796403502
30970	-0,0044823401144905876	30970	0,11684438704917211
30980	-0,024592476420547332	30980	-0,26934167897962874
30990	0,0021316776036106569	30990	-0,5807569492466248
31000	0,018125665515096426	31000	-0,76959058975882577
31010	0,0072419704048471952	31010	-0,78523561601072833
31020	0,007417455322817167	31020	-0,6977348375862914
31030	0,017591320256585233	31030	-0,5016683532566123
31040	0,013119201242109703	31040	-0,26195828515782354
31050	0,0064390698911486405	31050	-0,00036662790900995928
31060	-0,0090963725687949176	31060	0,19381400908030183
31070	-0,011045240908086586	31070	0,30725957591666003
31080	0,00573173185782911	31080	0,33583887989818884
31090	-0,00068069857746844088	31090	0,28897459503108081
31100	-0,011171464349630261	31100	0,17993836320428505
31110	-0,010125169677970856	31110	0,0665062383227194
31120	0,0023206230208948522	31120	-0,032660336869681846
31130	-0,0066375996686545537	31130	-0,12516003822839705
31140	0,018641223744031241	31140	-0,18793402722886654
31150	0,015416489677848545	31150	-0,18313726935550839
31160	0,0038753708255109204	31160	-0,144708661794996
31170	0,0024827805974089122	31170	-0,098558601602448614
31180	0,0016018924720465023	31180	-0,036143043624785549
31190	-0,0098138838424702887	31190	0,034687142363956786
31200	-0,009330425390443986	31200	0,064039437408554944
31210	-0,0026732891947704113	31210	0,082739959807546476
31220	-0,0093750974792821	31220	0,087198199725985137
31230	-0,012076190266031938	31230	0,063925743063869139
31240	-0,0067511973463858458	31240	0,041257841891788549
31250	-0,0091230218947084343	31250	0,0052778143062275533
31260	0,00063983344149122078	31260	-0,008410907150029668
31270	-0,0040411246917786024	31270	-0,032054228522831366
31280	0,003912805710302703	31280	-0,030361872903687092
31290	0,011152875555950818	31290	-0,0437519150650657
31300	0,0065733089001546452	31300	-0,039346533400324124
31310	-0,0067394955929411058	31310	-0,032354986143545206
31320	0,0032179877054707776	31320	-0,0175284910590688
31330	0,002278024984363817	31330	0,014826097596063121
31340	-0,0064156890172148671	31340	0,023911247241773865
31350	-0,010151101023319911	31350	0,026705713502111466
31360	0,00018905943797869936	31360	0,021875980147123514
31370	-0,0089617596806799826	31370	0,018066397426749634
31380	-0,0053054404667853975	31380	0,013301629125843961
31390	-0,019914612639415075	31390	0,0030150122223724478
31400	0,017853628781173018	31400	-0,0020762385073146055
31410	-0,0027984924181427449	31410	-0,016496865220520508
31420	0,012152678928685113	31420	-0,011835027734935567
31430	-0,0051644572747154508	31430	-0,020934042874111929
31440	0,0046871147824937651	31440	-0,0098039947528436415
31450	0,023711976548137371	31450	0,004459586002965971
31460	0,0026810973219391836	31460	-0,0050782856138070469
31470	0,00034777567782617907	31470	0,012518166078766647
31480	0,0064563471329756074	31480	-0,00011748570065160014
31490	-0,0007480303793052863	31490	0,025439059952134375
31500	-0,0076277616839330736	31500	-0,020382568551527789
31510	-0,0053864794648776837	31510	0,0061459673916689729
31520	0,013126201636802386	31520	-0,0038525363277514021
31530	-0,012264886625684687	31530	-0,0022064597222364434
31540	-0,0077657555566771255	31540	0,0030842842155372188
31550	0,0070305468599616821	31550	-0,007448977463433119
31560	-0,014429758304901017	31560	-0,0018571230540802494
31570	0,0091131442474125732	31570	0,013936814972495302
31580	0,0071983826896754328	31580	0,0029699543811376838
31590	0,0084593968837281455	31590	-0,0038471355777289326
31600	-0,0050060980456035518	31600	0,0046424770073488194
31610	-0,0057380471945275074	31610	-0,017111143922418623
31620	-0,0038756808342845913	31620	-0,0055837573501259707
31630	0,0028078134025726026	31630	-0,0042693013351584241
31640	0,0058975611453094927	31640	-0,011458610753123032
31650	-0,005690388210999292	31650	-0,0020338262989215597
31660	-0,0027673310027788865	31660	0,0069472379559106711
31670	0,012248322143462626	31670	0,011883877836609276
31680	0,0049638441210747069	31680	0,003892281553845022
31690	0,0035603930397240073	31690	-0,00670089256007071
31700	-0,0061701911839705005	31700	-0,015670706946906303
31710	-0,0029852787254612354	31710	0,011052567502401522
31720	-0,0099496657537089944	31720	0,0014286214355138808
31730	-0,01191755887846886	31730	-0,0041925940175462318
31740	0,00019962353100624303	31740	0,010629954163676788
31750	0,021674467076278445	31750	-0,011961169146664424
31760	0,0028752813075914978	31760	0,0055555947963312124
31770	0,0090230653837705625	31770	-0,015502375079859744
31780	0,0044379203241519368	31780	-1,7147682207255395E-05
31790	-0,0023457234507728913	31790	-0,0049674050105841024
31800	-0,011044984232291192	31800	0,0028426298478643748
31810	0,0020376128847347419	31810	-0,0021853080184482164
31820	0,00098906571475328511	31820	0,0022362870286682717
31830	-0,015291802782600146	31830	-0,004319634406687976
31840	0,00055608009890762745	31840	0,0044517117832596756
31850	-0,0003212488669704736	31850	-0,0030177247824072621
31860	0,015342669319260706	31860	0,0083717396334895729
31870	0,0135142918063277	31870	0,0026937850158989182
31880	-0,0038330869688926114	31880	-0,0031207228903763068
31890	-0,0057380018593727929	31890	0,0096234829145566882
31900	-0,0025351664599382374	31900	-0,0033641762737648823
31910	-0,0018342085579854011	31910	0,010911737573878692
31920	-0,0064978717226344979	31920	-0,02450222618364814
31930	0,000843289038599147	31930	-0,0098086614309339289
31940	-0,0067841268484384312	31940	0,0074526893660527734
31950	0,010036896563099704	31950	-0,012014460334851849
31960	-0,008777722481449337	31960	0,012255164314426284
31970	0,0016638485622846231	31970	-0,0040362736413034521
31980	0,0050608105130345929	31980	0,0044550358416809753
31990	0,0057800841637785537	31990	-0,0011735523523654281
32000	-0,0056829788218757307	32000	-0,0044355919218217075
32010	-0,0032899093555188133	32010	0,010665619655169207
32020	0,014116683353002625	32020	-0,0047823512584983328
32030	-0,0055727536786120083	32030	-0,0048408170774752405
32040	0,00013210355349177938	32040	0,0072329646143854381
32050	0,0016553680876249235	32050	0,015528607264995959
32060	-0,00021165556742433481	32060	-0,0011894288068464603
32070	0,0029418958974999315	32070	-0,0094646920967106762
32080	-0,001957445401990342	32080	6,4560926537060391E-05
32090	-0,010940111088692198	32090	0,0039862830105382684
32100	-0,0047901912856837849	32100	0,0018469809680154851
32110	0,0046626728448918211	32110	0,00027667333119728803
32120	0,013427460121973021	32120	-0,0076640760058642307
32130	0,0022204048251928759	32130	0,0046486421610203625
32140	0,0042786859882568392	32140	0,0065215762005751843
32150	0,003578973795890616	32150	-0,00563539162515273
32160	-0,0021351084278547774	32160	-0,013538589145639936
32170	0,011092666067725203	32170	0,0051176126736160047
32180	-0,010013602881134153	32180	0,0085614210189953084
32190	8,444291243360487E-05	32190	0,0078165418759450749
32200	-0,00057130341147088373	32200	0,0062266474899715174
32210	-0,013010603352776401	32210	0,0016241533802139373
32220	0,010374607265161102	32220	0,015958885921158485
32230	-0,00620226042793154	32230	0,00080413427445920392
32240	-0,015533617400761972	32240	-0,0064394521190247519
32250	0,0083933990504616567	32250	0,0016290954993783543
32260	-0,0074196253374303345	32260	-0,0006800054750010318
32270	-0,01048906849312386	32270	0,0091823958652706549
32280	-0,0031911402975633293	32280	-0,0093850775498678322
32290	-0,0074020062443949462	32290	-0,00077897434904147962
32300	-0,00057341130955994941	32300	0,010224887371970418
32310	0,0054788869989080505	32310	0,0073232435844871411
32320	-0,0019235370956455036	32320	-0,00033907862507735043
32330	0,000626923244189597	32330	-0,00022061017777179231
32340	-0,012280426147861968	32340	-0,014320398330256627
32350	-0,0017153388413648687	32350	-0,0033864846173292554
32360	-0,0013477313416400741	32360	-0,0076987697018295062
32370	-0,006696815917580169	32370	-0,0082527353597504766
32380	-0,011343657258120119	32380	0,0045104797001302337
32390	-0,00045159816395178893	32390	-0,0027736151396169106
32400	0,019370411019694538	32400	0,0018032804278214443
32410	-0,0055810400634279727	32410	0,0055469868615502828
32420	0,0018240185714930605	32420	0,0059827644221365339
32430	0,013362166507569426	32430	0,0086794795774716316
32440	0,015930290795705317	32440	0,0056099816976340885
32450	-0,0049846325045078289	32450	0,0054667029448670548
32460	-0,011598774767177337	32460	0,013860751394229827
32470	-0,006762901516516112	32470	-0,0079009650805417
32480	-0,0072784567052720118	32480	0,0049222822624788677
32490	-0,0085527983037031255	32490	0,014042416016507464
32500	-0,00043740859386259763	32500	-0,0059081419833662786
32510	-0,0024356842471661461	32510	-0,012146877707089828
32520	0,0077969807648046209	32520	-0,0013675464649749371
32530	-0,0028032006466623838	32530	0,012039751005385117
32540	0,011991571320624127	32540	-0,00327856008014609
32550	-0,0035315634648456192	32550	0,00058804210773128818
32560	0,00053034339947696373	32560	-0,00015216699308475025
32570	0,0094617880822985174	32570	0,0063455934642489718
32580	0,008146199588179491	32580	0,00034675412907799494
32590	0,001787402300386655	32590	-0,0066676240648563343
32600	0,00560437368033062	32600	0,0025615978730693912
32610	-0,017262175948477697	32610	0,012024908249261045
32620	-0,0002632292904213336	32620	0,0022384915387418307
32630	0,0064116414571664558	32630	-0,012991048431874522
32640	-0,008986122214797632	32640	-0,0012102274780014886
32650	0,0015979979248777105	32650	-0,019624794055546457
32660	0,012618348730562012	32660	0,00045984332011829026
32670	0,009102816942305067	32670	-0,00800436749435314
32680	0,0098101012753772244	32680	0,010571373692479014
32690	0,020150357057120465	32690	-0,00047534185723302746
32700	0,0088026899693947457	32700	-0,013060640761488138
32710	-0,00056837358022945048	32710	0,0071872527238013174
32720	0,017731847493410141	32720	-0,00046527502837740722
32730	-0,012739953061587097	32730	0,0021390536169190004
32740	-0,0095513721837902927	32740	-0,0082947299229984717
32750	-0,0024988742998737438	32750	0,011864320371096295
32760	0,0031246237843050341	32760	-0,0088856190252732357
32770	-0,0071993357979047105	32770	0,0037183238518641408
32780	-0,0022354345113851514	32780	-0,01115493378295484
32790	0,0037946336988189354	32790	-0,00011412067892481265
32800	0,0044178690557859449	32800	-0,0014211454886704541
32810	-0,001249365711664716	32810	5,593868091040148E-05
32820	-0,0042068186524017066	32820	-0,0057640543737266826
32830	-0,006272505624531596	32830	-0,00011705072896808597
32840	-0,013341587386391341	32840	-0,00043552392725819855
32850	0,013672340065785481	32850	-0,00082559302876720065
32860	0,015359037892279409	32860	0,014116097516098315
32870	0,0014956367187495428	32870	-0,0041824461253267883
32880	0,0016265894695546429	32880	-0,0026024208944190864
32890	-0,0086213075353684838	32890	-0,0021998741090730857
32900	0,0045738183646326655	32900	0,0069002904010723714
32910	-0,013433251995702143	32910	-0,00052483837516863836
32920	0,0037546383833213424	32920	0,012106146211627504
32930	-0,0005664792826704277	32930	8,42025240762712E-05
32940	0,0047968794767356011	32940	0,00028505515998523024
32950	0,0079848653033561014	32950	-0,0010527890560291331
32960	0,00077002891029942587	32960	-0,00683701812293239
32970	0,0070848631668971691	32970	-0,0027971988455483946
32980	-0,0086025491813786891	32980	0,0050334673414630486
32990	-0,012678643538310641	32990	-0,0072722102612326365
33000	0,0057968497995772991	33000	-0,0037711852198121288
33010	-0,012555845903887222	33010	-0,0018851857389659754
33020	0,012192348825540541	33020	-0,027125156971707521
33030	-0,014320710969963469	33030	0,0059485670158192878
33040	0,0054185951373236481	33040	-0,0034910890590332082
33050	0,0057105177642182755	33050	0,0034181416683229039
33060	-0,009133223539575977	33060	-0,0054294034706245794
33070	0,00660330054196652	33070	0,005699686185124014
33080	-0,0033193492047410753	33080	0,0028634342506897057
33090	0,013653354497232297	33090	-0,0030735834866364212
33100	0,0018732982028346083	33100	0,0013025100738865262
33110	-0,00472029804261116	33110	0,010916295123320614
33120	0,00567931464504799	33120	-0,0088157493019150723
33130	-0,014270103574246344	33130	-0,0070842002144593328
33140	-0,0019516880997991711	33140	0,0086201175684947322
33150	-0,0064518576083103883	33150	0,0068905757664902787
33160	0,0031992300340708958	33160	0,0067388012393215331
33170	-0,0029236126449262529	33170	-0,00016175996832818866
33180	-0,012238255078370624	33180	-0,0041697466051916184
33190	-0,0057165503754500495	33190	-0,00027472625748675825
33200	0,013013786544826936	33200	0,00037032855730082041
33210	0,00035465687876083706	33210	-0,0096001712658666961
33220	0,00037413849073902666	33220	-0,013212008178416949
33230	0,012081730518632676	33230	0,0107515967531466
33240	-0,0053194097761869773	33240	-0,013294367053783578
33250	-0,0038248727258981133	33250	-0,0018037616360009651
33260	0,0012319565865703984	33260	-0,0015591570858876343
33270	0,0065829518658180363	33270	-0,0027294458100837605
33280	0,0012093265942134095	33280	0,0045508651603430057
33290	0,010088040738628762	33290	-0,004202304256192323
33300	-0,0019892993073177363	33300	0,0077147398080533143
33310	-0,0065045683304989273	33310	-0,0037514620122711634
33320	0,0026617313685158572	33320	0,0081983511418926153
33330	-0,0051837181997958963	33330	-0,0060090542955506367
33340	0,00455922811454906	33340	-0,00019438483605959149
33350	0,00077312239153632864	33350	0,0033389736845409407
33360	-0,0098774571989715468	33360	-0,013152833537914266
33370	-0,0066943289612645847	33370	0,0072920186017828119
33380	0,0028835056515285938	33380	0,00074838931922730867
33390	0,018397443932961721	33390	0,01292846048355842
33400	-0,0028805702130665135	33400	0,0027770946937396546
33410	-0,0025519213794428322	33410	0,011279224858358587
33420	0,0047259312145893533	33420	-0,0069851980956345669
33430	0,0068919768020338831	33430	-0,0011779876718605148
33440	-0,0038331768004750666	33440	-0,016428482260414625
33450	0,0010568356416013911	33450	0,0034436498398072724
33460	-0,0041817903488535618	33460	-0,0029557320135527982
33470	0,00050386637120871779	33470	-0,0090438878021774586
33480	-0,0028915039426647103	33480	-0,0086682332252704
33490	0,0092632480936132439	33490	0,0020232142945285549
33500	-0,0066802504566600062	33500	0,0039543053973160169
33510	-0,00017740043445537687	33510	0,0163950370187521
33520	0,0065925715710609817	33520	-0,00017349815926303417
33530	0,0099195631377883356	33530	-0,0073795323482885684
33540	0,0073486494163111926	33540	-0,00010951484982294538
33550	-0,001131451777400402	33550	0,0037950849004834276
33560	-0,033464563053123723	33560	-0,0025681513385834424
33570	0,0079328833058806923	33570	0,00557123184943434
33580	0,0057827655023478053	33580	0,009533982452201533
33590	0,0085625145713248332	33590	0,0038596986950712319
33600	0,0024995739735806594	33600	-0,0054398315497277755
33610	-0,0069360874090206989	33610	0,00753103054178559
33620	0,0089391364613615482	33620	-0,0081709230806316611
33630	0,00427994106796391	33630	-0,0038154269889028878
33640	0,0037005013793717846	33640	-0,0088366679644083321
33650	-0,0086162132247979643	33650	0,0040706477696463642
33660	-0,00221092696875249	33660	0,0058684372710917877
33670	-0,0028950431520200505	33670	0,0062445526969876356
33680	0,0037836269493289687	33680	0,019734316469218388
33690	0,00093443120137177765	33690	-0,0008780534814662685
33700	-0,0057601891183577513	33700	-2,5156760292529134E-05
33710	-0,002775044096237651	33710	-0,0033072758030564427
33720	0,0057892074365099126	33720	-0,00851821580830161
33730	-0,011674623361703834	33730	0,004895233972776223
33740	-0,0030719997891969063	33740	-0,0057815119417795264
33750	-0,00024653343512983061	33750	0,0094216312551696265
33760	0,00848647725711317	33760	-0,011236724553717315
33770	0,0063553361263110637	33770	0,000308252594059126
33780	-0,0017814710728645217	33780	-0,0088277387486646926
33790	0,0021186099175831549	33790	-0,0013876870744530011
33800	0,0039552977290403021	33800	0,00315369978533515
33810	-0,014386079049352841	33810	0,0070450833485110166
33820	-0,0036954055045031542	33820	-0,00063822141412478342
33830	-0,0197886012089368	33830	-0,0070081938640902527
33840	0,0092365982466182262	33840	-0,006670877990360956
33850	0,00791626893223243	33850	-0,0016651508701290942
33860	0,008849401897499793	33860	0,0059881782990041542
33870	0,0056308391331930671	33870	0,00044048450614441473
33880	0,002725700513478637	33880	-0,0019109654607925412
33890	0,0063231761572692374	33890	0,00435896061154979
33900	-0,0049768525319987648	33900	-0,0038322635342336354
33910	-0,014620014467094926	33910	0,0097810836472280588
33920	-0,02034962207386137	33920	0,0055068113062335484
33930	-0,010266997684466123	33930	-0,0018187355074406359
33940	-0,026296137235759871	33940	-0,00073308694893073172
33950	-0,00920732683694641	33950	0,0061029514815664349
33960	0,011600933652740912	33960	-0,0029628947780550334
33970	0,014651627300703556	33970	-0,00049082209652895586
33980	0,0030435122163598367	33980	0,0068822621831953418
33990	0,02224285133527187	33990	-0,0004013375402444376
34000	0,0097759304769683628	34000	-0,0048751121063537114
34010	-0,0047259085557708946	34010	0,013613999678103377
34020	0,0041437333844136027	34020	-0,0037906962509536512
34030	-0,016845763032930759	34030	0,01067225421461537
34040	-0,015640356658629458	34040	0,00063372038937180362
34050	-0,0042426538680970047	34050	0,0061301268573073046
34060	-0,0068881418618916513	34060	-0,0034920050869143432
34070	0,0066673529679648277	34070	-0,0082607992112679971
34080	0,0027811574514248118	34080	0,0086576172190836916
34090	0,0084663768288909085	34090	0,0038808071832517792
34100	0,006998099941832126	34100	-0,0027222931702894785
34110	0,0091420087007614073	34110	0,001397837347726675
34120	0,00732528226362149	34120	-0,014881243255950775
34130	0,0073358401277588015	34130	0,007630351404403493
34140	0,0025746378205109017	34140	0,0047169936899549734
34150	-0,0072002047452560123	34150	0,00687314431030859
34160	-0,0017542392124881522	34160	0,0033429754287487455
34170	-0,0075122129409046058	34170	-0,0077791693581241127
34180	0,01497924222373863	34180	-0,0036301611707803406
34190	0,0066801074384775193	34190	-0,0054104733465277473
34200	-0,0003240382307749255	34200	0,0030786680786576751
34210	0,013875506855270017	34210	0,0012311684737530458
34220	-0,0012823505069643867	34220	0,0052589140383227139
34230	-0,0098324130083252553	34230	0,011503634550035068
34240	-0,011440865966810708	34240	0,0061569197972530182
34250	0,0045626619850653652	34250	0,00923173295046382
34260	-0,0026493475079195183	34260	0,0092560612921795
34270	0,0010162464638887227	34270	0,0067720412170993588
34280	0,0023709231979184156	34280	-0,0051124074261995551
34290	-0,00055140297519273851	34290	-0,0091425757855846754
34300	-0,01089537180238506	34300	0,0027357096914995159
34310	-0,0010093785149550242	34310	-0,0090627258390808714
34320	0,0090421009333619944	34320	0,00091610314376469213
34330	0,0043723744852854412	34330	0,0027268021916688288
34340	-0,0031336042755659146	34340	0,0053655532420846305
34350	0,0050496748119331384	34350	-0,0068587281744676414
34360	0,001187385304193958	34360	-0,0030731753516054189
34370	-0,0086618449820386623	34370	0,00438905007986104
34380	-0,0023825960936760381	34380	0,0031643649610457359
34390	0,018892905776288483	34390	-0,00025226469294493096
34400	-0,0026849163100431087	34400	0,012153399165653084
34410	-0,0095960086008062429	34410	-0,013265547129780552
34420	0,010549213294014773	34420	-0,0070258748887871026
34430	-0,0041275299906286707	34430	-0,0028387601010921313
34440	-0,009545657666708833	34440	-0,0033320720553523106
34450	-0,014176764636832302	34450	-0,01122357791958775
34460	-0,0077294957923954724	34460	0,01315853896555255
34470	-0,00010688337676980874	34470	-0,00206866899403586
34480	0,003065106227616958	34480	0,00091923916112524951
34490	0,010187002298771428	34490	-0,0058157992223474521
34500	0,0058822095206413575	34500	0,0044362571834459692
34510	-0,0074864477654433036	34510	0,0028126398907370115
34520	0,00434386560388077	34520	-0,00042514374819061158
34530	0,002656085655703265	34530	0,006308093139154358
34540	0,0012409388077859402	34540	0,0098314104564995158
34550	0,0055731007922990294	34550	-0,0080965680621892522
34560	-0,013246042143889624	34560	-0,0041944703654203464
34570	0,0023440366375053856	34570	0,0020194933580834728
34580	-0,00048246023768597196	34580	-0,011255436216728334
34590	-0,0025347580108942384	34590	-0,010547392034469373
34600	-0,013611832572121617	34600	0,0021770898140092321
34610	0,01418560155396034	34610	0,003324166396878484
34620	0,009476885953781343	34620	0,0034631649555260649
34630	0,014489844825980534	34630	0,008333380531179586
34640	0,014420658672727515	34640	0,010816539415355221
34650	0,016828734474209271	34650	0,0028077977720545187
34660	-0,0021773499150704737	34660	0,004466118290678776
34670	-0,0061966563594851934	34670	-0,0016467029740528244
34680	0,0035038161928233461	34680	0,009283460420478994
34690	-0,0052324048672110325	34690	-0,00070724923623524444
34700	-0,00486262213802168	34700	-0,0081543325108654856
34710	-0,0042599165999609567	34710	-0,0098635535445672166
34720	-0,0062997548883993969	34720	-0,0056245769514791282
34730	0,0041643004941914344	34730	0,0017264208839785711
34740	0,00093860644905049062	34740	-0,0021477094454783571
34750	-0,0081284816399466615	34750	-0,0029343006523605275
34760	0,0022303480639984889	34760	-0,0025155095639291568
34770	0,018370362832502637	34770	-0,0001197557552710723
34780	0,0052706417155348427	34780	5,04728899287552E-06
34790	-0,0032627654717073775	34790	0,00752188912939701
34800	-0,015270235405618095	34800	0,0080178296021275117
34810	-0,0047715856495963776	34810	0,011933968520953273
34820	0,0078810713701937939	34820	-0,00014001759277800345
34830	-0,014915323179328152	34830	0,013651713813231142
34840	-0,0209553784783653	34840	0,006737685465416701
34850	0,0020771385847050375	34850	-0,0033742425571600255
34860	0,0027275634409094944	34860	0,013983131242397258
34870	0,022490476199862563	34870	0,0033808468728581875
34880	-0,014437312423214244	34880	-0,0056986486600409583
34890	0,014074768346971895	34890	-0,010650172464472318
34900	-0,00236025202768026	34900	-0,0011467209610432334
34910	-0,0090337285591925946	34910	0,0018013713355552372
34920	-0,00094670194738123367	34920	0,0047641304768944754
34930	-0,012050680303035022	34930	-0,006559071368590152
34940	0,0092438534532195832	34940	0,010432005687947412
34950	-0,01547823145678928	34950	-0,0064272248673522816
34960	-0,0095250574657747833	34960	-5,986809570306785E-05
34970	0,02448625259757092	34970	-0,0033329780875739974
34980	0,01017804142257595	34980	-0,0005465901737109689
34990	0,0032884199563519888	34990	0,00080137278320945417
35000	0,010987706092233375	35000	0,0064135997464562309
35010	-0,012237544888095421	35010	-0,0013864038092743314
35020	-0,00045513353773910865	35020	0,0042808408274257678
35030	-0,019232689965330022	35030	-0,00091826620185347474
35040	0,0035920529941493719	35040	-3,7256539131354418E-05
35050	-0,0043566813914238667	35050	0,00073927314287170474
35060	-0,000915631375130235	35060	0,00543195010846486
35070	0,026551516390084972	35070	-0,0087357356570300724
35080	-0,00097249513021967324	35080	0,0068213272956411681
35090	0,0078682110449704	35090	-0,00024052118271131775
35100	-0,015306647527306044	35100	0,0024371550569606665
35110	0,00016153299624785316	35110	-0,0057525557679782161
35120	0,0057667701293111374	35120	0,0031258486873605544
35130	0,0025437564955316026	35130	-0,016232605166396408
35140	0,0061808589743698652	35140	-0,0021523505370534646
35150	-0,0030652626823227036	35150	-0,010196997051882546
35160	-0,017859655578847083	35160	0,0067605737179842942
35170	0,0041711625985540414	35170	0,0062285785128404231
35180	-0,0072684870874885534	35180	0,011931497897974663
35190	0,00077326449564884441	35190	0,01776140564137622
35200	0,0050886005572704394	35200	-0,0037169624357150373
35210	0,0051063631388386663	35210	0,00058759663366291155
35220	0,007627347999160268	35220	-0,0058102322849012929
35230	-0,00094425636064387824	35230	-0,018680214497394841
35240	-0,0035494665838913804	35240	-0,00021580898086170407
35250	-0,00397620904965326	35250	0,00052019095136083919
35260	0,00030111044419678146	35260	0,0086291907215439688
35270	0,0091910337184884314	35270	-0,0065258473507712831
35280	-0,0070023241663038065	35280	-0,0045376056854955406
35290	-0,0013974110651469253	35290	0,0017320160152965239
35300	-0,010976673040057323	35300	-0,0089051176333845936
35310	-0,01149018994591396	35310	0,0056153158065108321
35320	-0,0138127861573871	35320	-0,0028533765255574148
35330	-5,9439155109038987E-05	35330	0,0058446638332807421
35340	0,024372773226393193	35340	0,0010565472602903096
35350	-0,0010232937694834505	35350	-0,0031109157359302413
35360	-0,012442566870264458	35360	-0,00842362911943625
35370	-0,00026879352235449307	35370	-0,0092419363062066964
35380	-0,0080644614991030178	35380	0,0030325246296862003
35390	-0,0092456263310865591	35390	0,004739409570461854
35400	0,0035221340033836234	35400	0,0053821503826255879
35410	-0,0013919589449555533	35410	-0,012141808419936333
35420	0,0043719494872208947	35420	-0,00093652511262227176
35430	-0,0061564668111165743	35430	0,0061054364498523105
35440	0,008264886524520447	35440	0,010847940951422488
35450	-0,006483444055913193	35450	-0,0089827839540747023
35460	0,0083457018354659417	35460	0,0053111111270730468
35470	-0,0041258202545691918	35470	-0,0034509707682691265
35480	-0,0039676927066065581	35480	-0,00039512782573405952
35490	0,00057872141258812635	35490	0,0043664377516626956
35500	-0,0029637459200445079	35500	0,0069480138003545086
35510	-0,0063044755014272352	35510	-0,0080203736653089285
35520	8,8243982567245871E-05	35520	-0,00669805647457055
35530	-0,0052335886947404266	35530	0,005337092985702882
35540	-0,0016900786391263786	35540	0,00011002829017096088
35550	0,0059263158735614113	35550	-0,0096876357317565651
35560	0,0010812030788025352	35560	-0,0037852501933237389
35570	-0,006280899100950958	35570	-0,0035661569007699378
35580	0,0018722109251352633	35580	0,0044110609103241325
35590	0,0069704954514362046	35590	0,0088465240936153045
35600	0,0027539742340348104	35600	-0,00038719428490738164
35610	0,0027386373740394981	35610	0,0043390509965954621
35620	-0,0061898963891819	35620	-0,0078784292370542453
35630	-0,0002050899968032335	35630	-0,0045187054520093575
35640	0,0034830754318807026	35640	-0,0046658586318693114
35650	-0,0037008925810121792	35650	0,0003228435789132084
35660	-0,0098867731677736315	35660	0,012447597260464354
35670	-0,00030580574960116942	35670	0,0040321756380175726
35680	-0,011016746666335214	35680	0,0022186752104583949
35690	-0,0056519106351603163	35690	0,0071269398002466143
35700	8,8188458987319851E-06	35700	0,0047940855737105374
35710	0,0041277591920903974	35710	0,00041022615993293227
35720	0,0054250720840703	35720	0,00046923951786455141
35730	-0,021525749789013785	35730	0,006411177739697676
35740	-0,0044210405755507748	35740	0,00069598214992481263
35750	-0,0025434404129016297	35750	0,010265658471637943
35760	-0,005016983329602577	35760	-0,0027823393323502628
35770	-0,0036465739091925907	35770	-0,000842189870412047
35780	0,0011442881911499364	35780	0,0017801349903088918
35790	0,014379382180348217	35790	-0,00068388234611909185
35800	0,0020044735144007474	35800	-0,0021386776137221029
35810	0,0069101716001164822	35810	0,006235251229409336
35820	0,010960434667717758	35820	-0,0016790137709960338
35830	0,0053648998431818128	35830	-0,0010487521375674926
35840	-0,00026410832485594297	35840	0,0043112223842474524
35850	-0,0026607110961268006	35850	-0,012773530548211265
35860	-0,0024006430633815249	35860	-0,012418357302811166
35870	0,012856928622826301	35870	0,0059856082650982245
35880	0,006099506122805862	35880	0,0070280181292915311
35890	0,016827284248049874	35890	0,013760933625012746
35900	-0,002118287338789679	35900	-0,0054097516632267582
35910	-0,014304723118145622	35910	0,0038449235849235385
35920	-0,0015390051488516088	35920	-0,00029228593697525876
35930	-0,026595208886734598	35930	-0,014608450236262598
35940	0,0034423464615621923	35940	-0,027297911789998342
35950	0,0037433056250329396	35950	0,0012769965772071001
35960	0,0025637400898772746	35960	0,0055769903126424089
35970	0,014868882202019984	35970	0,0028155525031663153
35980	0,0021706290279274397	35980	0,014235936261435631
35990	-0,0030498887279341753	35990	-0,0071437256843762485
36000	-0,0080426590575553587	36000	-0,010032553804368382
36010	-0,010631665267566348	36010	0,012850643890437793
36020	0,0019945684025260615	36020	0,0075813009900041976
36030	-0,012729744920999174	36030	0,0022415304872093955
36040	0,012511297721022722	36040	0,00612340138831222
36050	-0,0045785322964320089	36050	-0,0013270432342876754
36060	0,0089340305269997068	36060	-0,0044925050413043913
36070	0,0026472561193025645	36070	0,0024002479278403223
36080	0,0027034348081380818	36080	-0,016464325113601019
36090	0,00069913150667750168	36090	-0,0080492543163537614
36100	0,0071091525551776492	36100	0,00706655544911464
36110	-0,0020355155110953777	36110	0,003061680900213548
36120	0,0029182168707922729	36120	-0,0054443744831012327
36130	-0,0032385910785147432	36130	-0,0026895270375580089
36140	0,01403860931443294	36140	0,011473515900813081
36150	-0,019295511803343515	36150	-0,014563737864858022
36160	0,012063253736059914	36160	-0,0015056930034002328
36170	-0,00213859934625391	36170	0,0034290630963026703
36180	-0,013395491206566931	36180	-0,0050070620186345623
36190	-0,0059178456449272476	36190	0,00014453238994543565
36200	0,00729767843304222	36200	0,011998432236543717
36210	0,010699459387326025	36210	-0,0048022000413587276
36220	0,001528987636732102	36220	-0,008166106871105366
36230	-0,0077461742068960756	36230	-0,00084671922631792546
36240	0,0043607201661127271	36240	-0,0076457990206797626
36250	-0,0083579985074053158	36250	-0,012243493581655293
36260	-0,0090171041309963073	36260	-0,008877123285333537
36270	0,0043785976912583974	36270	0,00092106089615023152
36280	-0,0124642367830805	36280	0,0057092206812667731
36290	0,011665515551986506	36290	0,010610087207013293
36300	-0,018598564555204818	36300	-0,0064305902878078313
36310	0,0047182110885267544	36310	0,0049752785156093639
36320	-0,0043485501335245487	36320	-0,010355651378164113
36330	-0,0013680999710481358	36330	-0,0040634827699375488
36340	0,01391468475352662	36340	-0,00718150150301306
36350	-0,005328470170453346	36350	0,0015129972026360211
36360	0,021792465834427767	36360	-0,00037876688379004559
36370	0,0069943754369362352	36370	-0,0094076159199859167
36380	-0,0001236451545505917	36380	0,00834206416897437
36390	-0,00043483821895042891	36390	0,0066816100446844551
36400	0,0073263050982567621	36400	0,00687805254666192
36410	-0,0020813602259028337	36410	0,005643683549311284
36420	0,0062206273776186155	36420	-0,00066173804815045935
36430	0,0023035282169487268	36430	0,010824271643755488
36440	0,00809596730633519	36440	0,0027792231594710465
36450	-0,0075450937139215643	36450	-0,0027799215031905967
36460	0,0015080566817571683	36460	-0,0014895434650080762
36470	0,0037008837550053615	36470	-0,0077152041872967092
36480	-0,0084091592057271777	36480	-0,0075161291604467486
36490	-0,0016948234256044994	36490	-0,0013584096752770388
36500	-0,0062948254230658605	36500	0,0089853603364453971
36510	-0,012286538632144685	36510	-0,0036734432508256205
36520	-0,0025583285015604489	36520	0,00437855712534178
36530	-0,00031560966251242459	36530	-0,002708880233717841
36540	0,0082400866574771341	36540	-0,013316329302386456
36550	0,00011894843104466128	36550	-0,0040818108726888109
36560	0,010160101315238273	36560	-0,0090457175256396967
36570	-0,0044818972912168669	36570	-0,0031528444915400397
36580	0,0077394583086499574	36580	-0,0059696275795956049
36590	0,011330466208434796	36590	-0,0018864698787197771
36600	0,0012112776292751268	36600	0,00810423754692492
36610	-0,0067131275398419309	36610	-0,0089416609155027159
36620	-0,0071165876751736632	36620	-0,0061131699298104985
36630	-0,011041185834198598	36630	0,00031787042406631764
36640	0,00092142313703535571	36640	-0,0041135697420058718
36650	0,010440303900077115	36650	-0,0069072460240230307
36660	0,00050978247126763859	36660	-0,0041775245013258334
36670	-0,011556713059591188	36670	0,0019941545359451456
36680	-0,0013510415611643553	36680	0,01684192120374256
36690	0,0028823207764804566	36690	-0,0060192141243315947
36700	0,0012993507031886405	36700	-0,0025771620876817924
36710	-0,002095851981975184	36710	-0,0059374306214575916
36720	-0,0077047028993244794	36720	-0,0058224485474200763
36730	-0,0013130380985330911	36730	0,0054313012529018569
36740	-0,0049588468383730874	36740	-0,0036364406515329373
36750	-0,0081726039099438465	36750	-0,018563820670593267
36760	0,01472170069141884	36760	0,0072569352195524239
36770	-0,0016301120551502376	36770	0,0022900728594955804
36780	-0,0071018895903560576	36780	0,0020058526431456
36790	0,0050970620149129175	36790	0,0021342255207243946
36800	-0,015564566870184942	36800	0,0081762725820934221
36810	0,0021064142894435928	36810	-0,0054745840701271682
36820	0,00042240534934246749	36820	0,014874200679129979
36830	0,0014459506407843465	36830	-0,00036601637770428721
36840	0,0052788970797518122	36840	-0,0067187694308994284
36850	-0,0019419993053957961	36850	0,0028782270724596508
36860	0,008665616459149629	36860	-0,0014435351429671964
36870	0,0016317975465841195	36870	-0,00045951506736721789
36880	-0,0017287768572643158	36880	0,0054028680921746767
36890	0,011413408284343628	36890	0,0015205713219923272
36900	-0,00070779205037018844	36900	-0,0057038493927845024
36910	-0,010224374855947458	36910	-0,0087270040745272229
36920	-0,0036711160728813449	36920	0,020892109386565213
36930	-0,01207883076575692	36930	-0,00212869696447975
36940	-0,0040931376035618049	36940	0,010391822396489749
36950	-0,0063306687317106368	36950	-0,00010221506101827658
36960	0,0017454994124041128	36960	0,0021025827213967904
36970	0,010864429246126243	36970	-0,0091509263992752433
36980	-0,0038175774597593378	36980	0,0025928281835681348
36990	-0,0053913453159091214	36990	-0,0075319898275702625
37000	-0,011601939726096657	37000	-0,011677442477145267
37010	-0,011478783244796523	37010	-0,0037899716322864394
37020	0,0046384989750581571	37020	0,0070557936521594648
37030	-0,00855902541637766	37030	-0,0014968691211454995
37040	0,0086283516816973559	37040	0,0083146953033605281
37050	-0,010907144352301706	37050	0,0031583436442718287
37060	0,006729395942435123	37060	-0,0048774595861784988
37070	-0,0040264160583556472	37070	0,00035061105848643555
37080	0,0055688137628918969	37080	-0,0092993987545435062
37090	-0,0064838837374554805	37090	-0,014185994829080686
37100	0,0056148105002760268	37100	0,012755647190948223
37110	0,0065573653740747433	37110	0,010706740411517561
37120	0,002654769184592184	37120	-0,011601851601331818
37130	0,0058817378423702636	37130	-0,010827153658263309
37140	0,0043305996617207052	37140	-0,0054115907985637689
37150	-0,0061388024231392559	37150	-0,0022792608028813
37160	0,010705005378576412	37160	0,0091953779642372068
37170	-0,01090204899000871	37170	0,0020949660569263098
37180	-0,011657469384193849	37180	0,013064146842581824
37190	0,0060072813419824161	37190	-0,002236742842615983
37200	0,011706738917206106	37200	-0,014439677730272512
37210	0,0085403561066717485	37210	0,00026207525963896605
37220	0,012839448616448203	37220	0,0054539071250585104
37230	-0,018789495881921865	37230	0,0022477798671903452
37240	0,0084251537955143552	37240	-0,00048537800943972343
37250	0,0053612276796190707	37250	0,0067851897263034623
37260	0,0056839804204098232	37260	0,00038773694171294191
37270	-0,0068142925088047028	37270	2,6342342233698249E-05
37280	-9,65828269009619E-06	37280	0,009019130834460069
37290	-0,000748144829983053	37290	-0,0072163442237396618
37300	0,011419359091126357	37300	0,0043435673072666848
37310	-0,010056525383696321	37310	-0,012669578882126607
37320	-0,0020940018482504675	37320	0,0029728473200759738
37330	-0,0025664402991741062	37330	0,0078920273382809044
37340	0,00071453072241693986	37340	0,0026625786184268523
37350	0,013952917445252996	37350	0,019206763950934354
37360	-0,0021642454091096584	37360	-0,0015010029670190709
37370	0,00095812439117049419	37370	0,018514443220040373
37380	-0,0070919192206804153	37380	-0,002113643414884759
37390	-0,0014421080231478208	37390	0,0035641122615294642
37400	-0,01061705355637445	37400	0,0013250959629802876
37410	0,00039724575094750043	37410	0,0068022212421825793
37420	-0,0064019098402702855	37420	-0,0025931941615195205
37430	-0,00086669691318517377	37430	-0,00040651409698426715
37440	0,001539385434240539	37440	-0,00521433387583541
37450	0,00233396257724476	37450	-0,000790871107333401
37460	0,015931212887201975	37460	0,0026815512703615321
37470	0,0042273992824097464	37470	-0,0094048537813063784
37480	-0,0010684767260970365	37480	2,1155808851337067E-05
37490	0,0048802653988370545	37490	0,004720935625425555
37500	-0,004741976765109057	37500	-0,00074167160631789342
37510	-0,011212257728529126	37510	-0,010873741441704969
37520	0,00892531644594698	37520	0,00598773132562716
37530	-0,012361894546299285	37530	-0,00098455169395841933
37540	0,0055616652333754677	37540	0,000584599217011003
37550	0,01241751479258406	37550	0,0068273811359444332
37560	0,0034834949077242297	37560	-0,004542240374528465
37570	-0,016322218323089926	37570	0,0065258436780899712
37580	-0,0065080462562355033	37580	0,0097485234958251728
37590	-0,0017268309200555991	37590	-0,0011164504015690362
37600	-0,0073229094025979409	37600	-0,0042488755250213442
37610	0,0054022472054231704	37610	0,0019420741020205812
37620	-0,0070849264707578928	37620	0,0022348429349870989
37630	0,0029203993027227485	37630	-0,0083378398188688075
37640	0,0053421885195524179	37640	-0,0065411974943365286
37650	-0,0023657115312553591	37650	0,0086384410432958168
37660	-0,003056868117850808	37660	-0,0070295107037816858
37670	-0,010537200524233462	37670	0,00088890545965799087
37680	-0,0033797090561702003	37680	-0,013469652156242041
37690	0,015634824163863626	37690	0,00483517274131373
37700	0,0049449833279663971	37700	0,020032827191597755
37710	-0,0091118842062540475	37710	-0,00043463355310699865
37720	-0,0085454308411347223	37720	-0,0038591994458546117
37730	-0,010320647383070185	37730	0,002311849389425824
37740	-0,0026018327860307272	37740	-0,0070148543346291092
37750	-0,013320106081764885	37750	0,002904823520886347
37760	0,0071585356042038039	37760	0,0015702144556258677
37770	0,0012562442800381193	37770	0,0047728475909954212
37780	0,0025054819876514584	37780	0,0050275231928344852
37790	0,020304060251503407	37790	-0,0093985920406461174
37800	-0,0067850059149897821	37800	-0,011560927848868056
37810	-0,0042990004946691241	37810	-0,0070283924373908653
37820	0,013902823964378634	37820	-0,00031001022541584327
37830	-0,014505639307205444	37830	-0,0015080539840355619
37840	-0,00016354037351656538	37840	-0,0028793419622278483
37850	0,0032967777571070197	37850	0,0016860006960031451
37860	0,0044258190952275759	37860	-0,0097865849649770836
37870	0,0030541049029929766	37870	0,014411161299861093
37880	-0,0040484369796438407	37880	-0,0013365781281278826
37890	-0,0018976889719646054	37890	0,00861424880518641
37900	-0,0090311399746484788	37900	0,0020936348411825395
37910	-0,011490415667253213	37910	-0,0050149770692910767
37920	-0,0067423598334418891	37920	-0,003223336843824625
37930	0,0036210025130021038	37930	0,0033049062166830589
37940	0,017331552894855821	37940	-0,0091628296739066813
37950	-0,00047187067117262837	37950	0,0049271450260111793
37960	0,005179786540565009	37960	0,00053726453166818287
37970	-0,0053627957902666204	37970	-0,011676301688909823
37980	0,0031862296749141932	37980	0,0072248821912986984
37990	0,0011317675975988956	37990	0,0017689726874946573
38000	0,00029578011691947518	38000	0,000920713541010654
38010	0,0011730337102083684	38010	0,0037497127946169097
38020	-0,0026068176051862331	38020	0,019843742430801625
38030	0,0035497314761683877	38030	-0,0090316554013167242
38040	0,0031863492923027768	38040	-0,0039528319265246031
38050	0,0015281979117701605	38050	0,0060745652856774779
38060	0,0040618048536128952	38060	0,0014358778937972197
38070	0,0065854827842552139	38070	0,00018968123424740137
38080	0,0023176636803693834	38080	-0,000991433351673221
38090	0,013094771613005048	38090	-0,010086030075787728
38100	-0,013004930352627326	38100	0,0034367844343509467
38110	-0,0050827235732547448	38110	0,0059072230316004528
38120	-0,015057334898813163	38120	-0,017877857559964919
38130	-0,0034223501729695525	38130	0,0065485484420758425
38140	-0,0027524089766183309	38140	0,0048559401214647926
38150	-0,003403361790763938	38150	0,00020912403579681485
38160	0,0040715851124223526	38160	0,010078867281514295
38170	0,0022258078177745805	38170	-0,0096618648158705786
38180	0,0047004132948929569	38180	-0,00152211995344315
38190	0,020672757675931658	38190	-0,0039069989896268874
38200	-0,00042402337271449044	38200	0,013479290354159856
38210	0,0018278660482248254	38210	-0,0070826638443837568
38220	0,013488099170581384	38220	0,0058370618381492143
38230	-0,019953061753202113	38230	0,0054419804294734775
38240	0,0099007628334016363	38240	-0,0016943641474084794
38250	-0,0025023166454079984	38250	-0,0073494395332691816
38260	-0,023961296646909991	38260	0,0080524637860044622
38270	-0,013440669008719475	38270	-0,010720880389264385
38280	0,0024955815022585895	38280	0,0073885032857672938
38290	0,007194711761101486	38290	0,0018625792502497936
38300	0,0054863227395615336	38300	0,0079266209014724909
38310	-0,001196876178722698	38310	-0,0020914481300482969
38320	-0,0019889636176689011	38320	0,0072912084256731048
38330	0,016797633398920379	38330	0,0017228384881743735
38340	0,017870284021728862	38340	0,0095525419152091839
38350	0,0022532301180494168	38350	0,0084731381782337436
38360	0,011138161309514151	38360	-0,0061970165727698225
38370	-0,0043661883617553158	38370	-0,0010680337392745842
38380	-0,0052449796439466194	38380	0,0047759596647822455
38390	-0,0041698316865181276	38390	0,012799998003125767
38400	-6,6175296966293E-05	38400	0,0025947500315426681
38410	0,0018040230592094443	38410	0,0014130491186134697
38420	-0,00772654601712327	38420	-0,004785295136716914
38430	-0,0042802467811298359	38430	0,014327648132473596
38440	0,00019730411868326505	38440	-0,018677131327096464
38450	0,0053959421614685841	38450	-0,0036206691609687413
38460	0,0068480677175380171	38460	-0,0010529656238137558
38470	-0,0063577348051721341	38470	-0,0086280585793168645
38480	0,013938359892307793	38480	0,0065299180646923175
38490	0,012816906046259976	38490	-0,0078429084217474191
38500	0,0086073763893279066	38500	0,002254879542914767
38510	-0,00091643615591403577	38510	-0,0062262250046658807
38520	0,0055865375113982475	38520	0,003119762577275829
38530	-0,011103997886687788	38530	0,013047672195117176
38540	-0,0033771068487156988	38540	0,0077823849748374432
38550	-0,013165997760434743	38550	0,0094171067554071515
38560	0,015675318890763266	38560	0,00016793568011169959
38570	0,0034103883238161678	38570	-0,011841481478422919
38580	0,00036751436262996674	38580	-0,0065673499789893012
38590	0,0071173509676141881	38590	0,0050725494740507674
38600	0,0029714692185572843	38600	0,00211643296290473
38610	0,0077910789688067665	38610	-0,0056772493452499516
38620	0,002130405335511649	38620	-0,0010850592725616544
38630	-0,011697781235824585	38630	-0,0078394613305203236
38640	-0,0020905849944291544	38640	-0,014676985388793255
38650	-0,011676629904456701	38650	0,014035383159082086
38660	-0,0081193563915900567	38660	0,00806009043035645
38670	-0,0067753417929394986	38670	0,010518636159763005
38680	-0,018637999173945239	38680	-0,00046209241725031318
38690	-0,0065345374577786179	38690	-0,0049136992230014729
38700	-0,00366029561153437	38700	-0,0074211076120969718
38710	-0,00268310749434166	38710	0,00791437369804162
38720	0,028968659839974129	38720	-0,0023115222747567793
38730	-0,0038512695545355256	38730	0,0046408727365947963
38740	-0,0057944603554504	38740	0,001381235614927804
38750	0,0029620966660940874	38750	0,0054205944309158463
38760	0,012495172724656598	38760	-0,0018675823764768094
38770	-0,011917759271852525	38770	-0,00785461070726654
38780	-0,0067459373642902642	38780	-0,0061191141298724125
38790	0,00887048209473246	38790	0,0056780083835224074
38800	-0,010997463876612098	38800	0,0042176149361642908
38810	-0,00532950348100769	38810	-0,0093095519418488551
38820	0,0042740839393610617	38820	-0,0020387936781357833
38830	0,011781726584030025	38830	-0,0079590224766749856
38840	-0,01164676512647953	38840	-0,006002482915173175
38850	0,010058266405748789	38850	-0,0003190257508020423
38860	-0,00621598684866446	38860	-0,013085736162387762
38870	-0,0034116902975474357	38870	-0,015728496870524619
38880	-0,0057985754759329591	38880	-0,0013700826471374182
38890	0,0015167963575878571	38890	0,0093269584740506822
38900	-0,0026870118951938318	38900	0,0065785949312212938
38910	0,0083612908734188845	38910	0,0028824600414582733
38920	0,012229488795229043	38920	0,0045219558353181413
38930	0,0081110394534942339	38930	0,00080084607375295
38940	-0,001167622618563157	38940	0,0028254002029807273
38950	-0,0014180286619671851	38950	0,0049012749186206376
38960	-0,0077073328464938818	38960	-0,014350309693058528
38970	-0,012365132463533797	38970	-0,0014551316333908128
38980	0,0076852512558234966	38980	-0,0012426035831109893
38990	-0,0031668010700847769	38990	0,0037379463192758408
39000	-0,011595250527167979	39000	-0,00872424796410588
39010	-0,0049694797768752748	39010	-0,0025554386167593057
39020	-0,00355917642100535	39020	-0,0011707355326123856
39030	-0,0083373139342562356	39030	0,0040306577397948469
39040	-0,0081577540300320876	39040	-0,00043499693287339447
39050	-0,007394773099260718	39050	0,0032793995904248216
39060	-0,0076629016944590542	39060	-0,0012128106071477619
39070	0,012799812064301669	39070	-0,001002151389701449
39080	-0,0031521626195679278	39080	0,0093383949127442342
39090	-0,0056157166548530951	39090	-0,021228525465937734
39100	-0,0074289648254621489	39100	0,00917639011793028
39110	0,0042612177434375271	39110	-0,0047671516370538973
39120	-0,010147933153205845	39120	0,0010073503286652439
39130	-0,017239216521305369	39130	0,00386508580755929
39140	0,0043244214758239039	39140	0,010014104241175015
39150	0,0049470300705114828	39150	0,0011481908170311572
39160	0,0084580245795975242	39160	-0,00534456365734631
39170	-0,00084772020505920838	39170	0,000363648543416731
39180	-0,0014974127704737853	39180	-0,0010475258757825896
39190	0,0095732430526413344	39190	0,0014612371095365749
39200	-0,0083614608470237023	39200	-0,0194856181677575
39210	0,0046949492047246083	39210	0,011939952693908993
39220	-0,012380778999601135	39220	0,0073463798321528311
39230	0,0024850413289973458	39230	0,0068286886509341367
39240	-0,00753233298025289	39240	0,01189091102907853
39250	0,0038261096811232427	39250	-0,0032045278799517868
39260	-0,015348720116279874	39260	0,0032829452620241977
39270	0,0047125133370483517	39270	5,6674039214892137E-05
39280	0,0016196928760776098	39280	0,013313808406850468
39290	-0,00084635600216761639	39290	0,0047613432018820019
39300	-0,003574952402363901	39300	-0,0036736247923302183
39310	0,0040781180290244161	39310	-0,0056942179085539184
39320	0,0067035917386072605	39320	0,0020568869604985756
39330	-0,0023614352426366077	39330	0,000502877394348311
39340	0,0021698468475364972	39340	0,0067102088986654455
39350	-0,00052726349935997528	39350	0,0017670413057109785
39360	0,0011986059248667361	39360	0,00065863604361484686
39370	0,0021828240536419636	39370	0,00060553334204297782
39380	-0,0030152818938350584	39380	0,0087674411476006461
39390	-0,0039715317497225717	39390	-0,0027169996747156548
39400	-0,017510247783034394	39400	0,0057814432881269943
39410	0,0073469493235251357	39410	-5,5124723003133155E-05
39420	-0,0018608020700160112	39420	-0,0061324090744828991
39430	0,00901487300944764	39430	-0,00092137966880049757
39440	0,013665318509340026	39440	-0,0050543535266440063
39450	0,0022980790710126356	39450	0,00041095783950798558
39460	0,012215635222853231	39460	-0,0022863851270173386
39470	0,006345629478766354	39470	0,0017879984993257457
39480	-0,0099312959762929386	39480	0,0016562895038811443
39490	-0,0051590357215032679	39490	-0,0025451024380170194
39500	-0,0016196083195048744	39500	0,00048762778913073252
39510	-0,012769967081578524	39510	0,0045163433487931427
39520	-0,0098014817230600553	39520	0,0031630891355979313
39530	-0,019397024984399779	39530	0,00458162312989343
39540	0,011921407558156304	39540	-0,0091485169386095449
39550	-0,0043283518508975428	39550	0,0071028750742718064
39560	0,0041592650815082347	39560	0,0051870967890393759
39570	-0,0091270166748108	39570	-0,011500422613507814
39580	0,0079763524391417949	39580	-0,007255184969234516
39590	0,017685170803213534	39590	0,0039599956358877851
39600	-0,00024388967066075494	39600	-0,007172259061199557
39610	0,0029828876618240778	39610	0,011353784781407694
39620	0,00037734990459180383	39620	0,0014345252395341782
39630	-0,013803361920430746	39630	0,018388976800259704
39640	0,006641649353309978	39640	-0,018106432410140351
39650	0,0029328742120034658	39650	0,00864604893664582
39660	0,00343134194807601	39660	-0,0052622508764141526
39670	0,0082482806068514217	39670	0,0046304188978577307
39680	0,0013661848569764454	39680	0,00031404872646464889
39690	0,014959628124991185	39690	-0,0058100549959878072
39700	-0,014985741253676625	39700	-0,0081266316483631917
39710	0,0075072065449667841	39710	-0,017649275928093015
39720	-0,005202506501907336	39720	0,01138743676602863
39730	-0,0021942019582640781	39730	0,001790348894032555
39740	0,003770842284637537	39740	0,0064673572118350607
39750	0,0022511943061058809	39750	-0,0062201243044182871
39760	0,005553447765784798	39760	-0,0054841619947045882
39770	-0,0015614299902063067	39770	-0,0029384306401850713
39780	-0,0040848190025469079	39780	-0,0031084030224983366
39790	0,009378354186232318	39790	0,0055337134129351826
39800	-0,00017396364072969905	39800	-0,001696860279867001
39810	-0,00133269627388006	39810	0,0075691187211986821
39820	0,0027451651851866181	39820	-0,0091028095393407629
39830	0,001370449233146015	39830	-0,012536046364705655
39840	-0,0047860079515423919	39840	-0,0064825474375794665
39850	-0,0094277236853702942	39850	-0,0043650478187466707
39860	0,0043443636313698578	39860	0,0027329961409645687
39870	-0,010916476889012022	39870	-0,002169422607747632
39880	0,0025925665253645203	39880	0,0015574716688763252
39890	0,011230910963277321	39890	-0,0085583312849963344
39900	-0,001289568740301391	39900	0,0063724783419223012
39910	-0,01303306323282839	39910	-0,0012293791442824487
39920	-0,016296966908445249	39920	0,0048048233711617669
39930	0,0036335900644530014	39930	0,012967131631979354
39940	0,00041954943622325979	39940	0,00430579686753741
39950	-0,0059541072403996118	39950	-0,0058086315699089047
39960	-0,0015736402181739345	39960	-0,004664052983837306
39970	-0,0092548635534927745	39970	-0,0068660218652194819
39980	-0,0043357781556104969	39980	-0,0080613505630104318
39990	0,00035673948305979037	39990	-0,0028784595098859159
40000	-0,014850541657088589	40000	-0,002401200312246369
40010	0,0063605171237782867	40010	0,0023964331585515156
40020	0,00041019409320255544	40020	-0,012625723124295345
40030	0,00092803803522680829	40030	-0,0078814673062566
40040	0,01601792950483449	40040	0,0066481015151219937
40050	-0,029207680561973062	40050	0,011323360138148466
40060	0,0027715906354934742	40060	-0,014338536859909353
40070	0,012521824590724581	40070	0,0057869076179529891
40080	-0,01468662784827085	40080	0,0077426557934410422
40090	-0,0008419845379064435	40090	-0,00052634807480754768
40100	0,00051306552335670936	40100	0,011415909787038438
40110	0,0026914426639299514	40110	-0,0061022453352309724
40120	0,0066666533690000968	40120	-0,0086255410891595
40130	0,012348757022746978	40130	0,0023107030736581546
40140	0,006383823666151118	40140	0,0025336399288270147
40150	0,0018290653977706352	40150	-0,009116993769264399
40160	0,00053263402679674975	40160	-4,5970715250200737E-05
40170	-0,025067307965147907	40170	0,003250074553418959
40180	0,000193336088122731	40180	-0,0035137821704462591
40190	-0,0051474168230328712	40190	-0,003659926827076148
40200	-0,012118562239449677	40200	-0,004048646472458845
40210	-0,0016309434472319116	40210	-0,0010681001648631769
40220	0,012625622912050733	40220	0,011762407818443333
40230	0,0013809262839482059	40230	-0,010488120543582839
40240	0,0088698361639417463	40240	0,0080347820649461447
40250	-8,225145061837285E-07	40250	0,0087030491861924564
40260	0,0021908881635672138	40260	0,0057254784498462922
40270	-0,011410522109073817	40270	0,005544157458841543
40280	-0,011125737914338553	40280	0,014238046847500562
40290	-0,00081458197053876143	40290	-0,0049942650462422057
40300	-0,011460449408300133	40300	0,0039865940127654913
40310	0,0035647633566721383	40310	-0,012359757683022958
40320	0,0021902737676744292	40320	-0,0071716730871212685
40330	0,0053525207679559492	40330	0,0080782428281419624
40340	0,006519680712111185	40340	0,0086793672494862809
40350	0,0043239260182710675	40350	0,00071897512169724371
40360	0,010425077576305807	40360	-0,0037343767367689403
40370	-0,0083315665129657136	40370	-0,00806389626025559
40380	0,0091034961990535835	40380	0,0048893568735878176
40390	0,014353644476783785	40390	0,0043120451726021431
40400	-0,012836970645177302	40400	-0,00019017777740944349
40410	0,0033910475178464284	40410	0,015800404822053263
40420	-0,00097151629031892272	40420	0,0017759078674952982
40430	0,0048388507248144676	40430	-0,0040092779921042775
40440	-0,0019724326387059957	40440	-0,010865359657316541
40450	-0,015960985591257019	40450	-0,0045199452795138921
40460	0,0023858774909800667	40460	-0,012976806611445022
40470	-0,012417152170661116	40470	-0,0036190627647107571
40480	-0,0013825308022394844	40480	-0,012076252848786415
40490	0,00575879510016671	40490	-0,011522193865513975
40500	0,0021346967499298961	40500	-0,00019599914725209073
40510	0,0177351444223495	40510	-0,0042187222662364429
40520	0,019019004981547287	40520	0,004827225694994843
40530	-0,00912976641953541	40530	0,00047109258714652877
40540	-0,0076711505614811505	40540	0,0012506858842192617
40550	0,00014035616546594136	40550	0,00071497317607289263
40560	0,00211057413398733	40560	-0,003411841743259167
40570	-0,000735752840686818	40570	0,0001109783461852646
40580	-0,0085024487341902322	40580	-0,0045479466641127732
40590	-0,0032400682416358997	40590	0,0021264108273860573
40600	0,0077839385567190977	40600	-0,0063479696254249776
40610	0,00300566383157806	40610	-0,0019196587137167473
40620	-0,00963371826087643	40620	0,013150989118966212
40630	-0,00932646199088416	40630	-0,012385142113488935
40640	0,0018976820969705717	40640	0,0043884507512975653
40650	-0,0021936729954750312	40650	0,015321250994885544
40660	0,0022343414145807911	40660	0,00165461490732739
40670	-0,0072038930036999755	40670	-0,013592475188143846
40680	0,011169908700460918	40680	0,0080626646106175225
40690	-0,011629518406317126	40690	0,0083006685359784931
40700	0,0032613061689980381	40700	0,00028041206841022455
40710	-0,0093797541608055916	40710	0,010216119714079753
40720	-0,011281687748606521	40720	-0,0015243854333169807
40730	-0,00415035811032976	40730	0,0068232166925581688
40740	-0,0045331402686757585	40740	-0,0015233019222181325
40750	0,0029923213366901003	40750	-0,0030664683432168882
40760	0,00059407240894893316	40760	-0,013589215390514388
40770	-0,0013774296774853045	40770	-0,0051392980077384692
40780	0,0053687738286250413	40780	0,0031392423233821756
40790	0,0072002438795837542	40790	-0,010062078825677666
40800	-0,00098980723897251939	40800	0,0043983810056563407
40810	0,00606658681438051	40810	0,0080790250018700025
40820	-0,0081477371754125	40820	0,00087232650305553157
40830	-0,0047181443204649415	40830	-0,0005635380569791776
40840	-0,00049272649961053564	40840	-0,0024351530790421854
40850	0,0055598937988246668	40850	0,0162713509335986
40860	0,00968936245867183	40860	-0,0065024495049220143
40870	-0,00869460515272147	40870	0,0041531738909833041
40880	-0,0017991082863825865	40880	0,006762829428019426
40890	-0,007275471036500971	40890	-0,0073274957853026457
40900	0,0071113575128155943	40900	0,0044924085683286019
40910	-0,0022746461789925	40910	0,0039462313043435379
40920	-0,0055480991166155765	40920	0,00045634053948702408
40930	0,0039091137448865011	40930	0,003446843881830123
40940	-0,0038599515041475353	40940	-0,0064232290875791687
40950	0,0073209117025557048	40950	0,013574844858981968
40960	0,014128465104627971	40960	-0,0014095255433399416
40970	0,0010381676958306817	40970	0,00016947124765813969
40980	0,0012349925649726549	40980	0,0020971243856841276
40990	-0,0050585211533569849	40990	-0,0076930439844302943
41000	0,0019195710518226479	41000	0,0088442852663060227
41010	0,0065948750093507234	41010	-0,0020278531668573947
41020	-9,0296699783649089E-06	41020	0,001938516409513847
41030	0,0097298586355727655	41030	0,0038177586835317773
41040	0,0053705449850421742	41040	-0,010633528002138454
41050	-0,0042955966438251465	41050	0,0037403174897402349
41060	0,016190268845661989	41060	0,0048939492498083336
41070	-0,00043967350141574965	41070	-0,012778315529838364
41080	0,0051769252259505688	41080	-0,0074474061167798368
41090	0,013085040558293102	41090	0,0033717548578630465
41100	-0,0057376501948513663	41100	-0,0075448635919152865
41110	-0,003845562158275495	41110	-9,8387961799294327E-06
41120	-0,0033259666188554427	41120	0,0016471799169658725
41130	0,0027959925484516246	41130	0,010500071534291989
41140	0,00048502999005487158	41140	-0,011711702236368238
41150	-0,00013108041125678793	41150	-0,0016934455290383472
41160	-0,011142729168514366	41160	-0,016840395668969329
41170	0,0032181914091888053	41170	-0,0031702070230869984
41180	0,0052086624516925854	41180	0,0027435313461039229
41190	-0,00095667285639229908	41190	0,011135384953963757
41200	-0,016992348449052005	41200	0,0059257305028502655
41210	-0,00618331280101123	41210	-0,0091079170277047431
41220	-0,0035296471466099958	41220	0,0011511746671010446
41230	-0,0079962105915700014	41230	-0,00743364780359132
41240	0,0062038038461929013	41240	-0,0067567188551458665
41250	0,0025247912372987542	41250	-0,011951156970751616
41260	0,0040110130388251392	41260	0,0023752246089509595
41270	-0,011929985667631969	41270	-0,0027941468023714292
41280	-0,013635052737798343	41280	0,010037004839199049
41290	-0,001067098895644476	41290	-0,0015826071055939888
41300	0,0083813111957802416	41300	0,014947534833433744
41310	0,0097449899033064547	41310	-0,0041630148195192221
41320	0,0059259710672374122	41320	-0,0026453819553918629
41330	-0,0021520157503199405	41330	0,0077962341967815728
41340	0,0059698022068822559	41340	-0,0016020190898580358
41350	-0,0032939848696445684	41350	-0,00224407933158389
41360	-0,01813004467749095	41360	0,012353832649318377
41370	-0,0033481159842576069	41370	-0,0014731011718550674
41380	-0,0049887131860409948	41380	-0,0019418601013901991
41390	0,021366666648858189	41390	-0,0067098723816759508
41400	-0,014943713952414759	41400	0,00098235595409259689
41410	-0,0033530477476567322	41410	0,0023205262503450362
41420	-0,0065396639656119353	41420	-0,024847312063303959
41430	0,0042798178045291386	41430	-0,087572933596602287
41440	0,0089338105709128625	41440	-0,18597797017855011
41450	0,0048493683256464245	41450	-0,31176978512654918
41460	0,0054532708459089866	41460	-0,46703703312335004
41470	0,0068731778599735128	41470	-0,63020454539540338
41480	-0,00059948880744174131	41480	-0,727271720122584
41490	-0,0017632895634771824	41490	-0,84108295682616008
41500	0,032438181594574476	41500	-0,82940608816340977
41510	0,035766185545681117	41510	-0,81043373864995938
41520	0,0902364427441702	41520	-0,6717209961083066
41530	0,10396397479313654	41530	-0,40003198396329909
41540	-6,8582681096609967E-05	41540	-0,16078164180428836
41550	-0,010825521918300399	41550	-0,23091916216903191
41560	-0,016151083475333686	41560	-0,18137436715360419
41570	-0,10689569879586429	41570	0,23319751153983581
41580	-0,024646237138886362	41580	0,53404115170059663
41590	-0,000341698531128478	41590	0,92937326314453683
41600	0,00740484076458573	41600	0,95038606836431128
41610	0,078420443171894977	41610	0,88741642513466645
41620	-0,14748343046967663	41620	1,1521451955782975
41630	0,024525123875874095	41630	0,90921758276585907
41640	0,0053057925229557006	41640	0,8266576442084026
41650	-0,036381630616289774	41650	0,34519802881698819
41660	0,0505489940571906	41660	-0,025900999006182725
41670	-0,12801822155004297	41670	0,10063187189814117
41680	0,027574968578712184	41680	-0,068576958627451556
41690	0,014829506437704167	41690	-0,083244282244470544
41700	-0,017573737958728606	41700	-0,27658193999673125
41710	-0,041841807354576495	41710	-0,23392910057697072
41720	-0,030659064247191656	41720	-0,080607562360241913
41730	0,088373049775955878	41730	0,013399651991688244
41740	0,019101017286663011	41740	0,058537699853485052
41750	0,018842504586623777	41750	-0,029412426198693831
41760	-0,062189393517055803	41760	0,08490011974354196
41770	-0,031524954138804705	41770	0,16975651162412589
41780	0,050353723759519645	41780	0,21490507587375188
41790	-0,0079270521717779482	41790	0,18126178503146076
41800	0,070332592906341834	41800	-0,0676114307408981
41810	-0,05796256277712436	41810	0,04631823973523562
41820	0,030330223813887298	41820	-0,023963768403565802
41830	0,049475256595217537	41830	0,031504419421130629
41840	-0,01654373494381256	41840	-0,062335167797579277
41850	0,065832226386241532	41850	-0,30800737204394041
41860	-0,23210845432752056	41860	0,031204034305613595
41870	-0,0052859510008771192	41870	-0,050065091451726544
41880	0,0011123858670206922	41880	0,17020716384065596
41890	-0,03402925250703278	41890	0,0728709352686232
41900	0,075558932080216648	41900	-0,039850082011193763
41910	-0,093515876729489023	41910	0,33433799954699484
41920	0,059392011151935833	41920	0,36380124797766
41930	0,042080639903429654	41930	0,51786685028011725
41940	0,00060438084477083722	41940	0,41893968214167021
41950	0,021195324042450159	41950	0,41165824423695324
41960	-0,033812426892355217	41960	0,59521590638825728
41970	0,03501316907821523	41970	0,71806029126416593
41980	0,10989787435553615	41980	0,82281039480378793
41990	0,16626234872286128	41990	0,86336774447512243
42000	0,084225939299047009	42000	0,81830760144578862
42010	0,10176646275969925	42010	0,6207870106297696
42020	0,01789784065239183	42020	0,34467579885541544
42030	-0,0381032316872664	42030	0,009627155931739852
42040	-0,0723761752476814	42040	-0,31566908425749174
42050	-0,10178890946062841	42050	-0,58592470136404406
42060	-0,0696497296113037	42060	-0,76421764128907621
42070	-0,054713919087673028	42070	-0,87268555783493762
42080	-0,026642512126891744	42080	-0,90402498403551079
42090	0,0017376016215541281	42090	-0,86742780156471511
42100	0,015536165332138528	42100	-0,78432299738145594
42110	0,027892914919006789	42110	-0,64726801250462207
42120	0,0034180724368815525	42120	-0,47402761823951484
42130	0,018251665335947857	42130	-0,29024519958026068
42140	0,012745725446104491	42140	-0,14287241202909906
42150	-0,0011279766429058656	42150	-0,00604272996349615
42160	0,0057933564011274242	42160	0,070264550723407121
42170	-0,0047965163214222567	42170	0,096977640391783831
42180	-0,01080439498234723	42180	0,085595663183031287
42190	0,0027359780348442031	42190	0,023861154260688886
42200	-0,0098264677074684521	42200	-0,010491677250943477
42210	-0,014948680410023488	42210	-0,074313747576128
42220	-0,02381411525703692	42220	-0,11536303006283896
42230	-0,0024958938913522059	42230	-0,12626693816641504
42240	0,0049041112091047319	42240	-0,11983815275306534
42250	0,0069603381545628737	42250	-0,083797076591217462
42260	0,005807232923589074	42260	-0,060611181920585469
42270	-0,000106827395685161	42270	-0,029531812257796521
42280	0,0056436982183405773	42280	0,00607126348117222
42290	0,0041490287874992732	42290	0,030866778601083528
42300	-0,002687537359035192	42300	0,039674125892804717
42310	-0,0027268298040187024	42310	0,043756269570574421
42320	-0,019039792588960137	42320	0,023032885469504639
42330	-0,0011054883673435032	42330	0,020986022452972881
42340	-0,0075662516724307816	42340	-0,010639840701921127
42350	-0,01215862127249211	42350	-0,019540828785882963
42360	-0,0077600458791891929	42360	-0,024572279475740307
42370	-0,0058911419679099084	42370	-0,033478366001987205
42380	-0,0054953782916881523	42380	-0,035762368434652456
42390	0,0078340577619180046	42390	-0,0085196708924257132
42400	0,0057514010018932761	42400	-0,017118634496874514
42410	-0,0045055469795498111	42410	-0,0093166155987574641
42420	0,0067169417017399194	42420	-0,000569720160946103
42430	0,0028301996894594065	42430	0,0068608315206905805
42440	0,017327901741487784	42440	0,014878087689226141
42450	0,010637679994835886	42450	0,0027982350994303607
42460	0,0014378365401691371	42460	0,0064771870306074182
42470	-0,0019048295865128411	42470	-0,0023606846519866873
42480	0,00099613705057923483	42480	-0,0019559136033445077
42490	0,0046405701580681125	42490	0,0019128117916133126
42500	-0,0029833872233393358	42500	-0,010905195003067024
42510	-0,0027544686642442056	42510	-0,009943340360646119
42520	-0,014738378487116236	42520	0,0039105209217315364
42530	0,0032115157422343936	42530	-0,0039087011221074315
42540	-0,0038609207417063867	42540	0,0026178579040053891
42550	-0,010792561630419256	42550	-0,00029747173054983151
42560	-0,0098611599607942371	42560	-0,00083242043058518659
42570	0,011426382243367318	42570	0,021278283526956102
42580	0,0026411936093718178	42580	0,018754652300798012
42590	0,0076742706187574224	42590	-0,0064458153077651325
42600	0,0083346203290919543	42600	-0,0031693161415791041
42610	-0,00091264207429441867	42610	-3,6869541564754564E-05
42620	-0,000361950362270984	42620	0,0071935174929673665
42630	-0,0024720679652538474	42630	-0,016647056028208512
42640	0,0063738958306416467	42640	-0,0040875412472656646
42650	0,0049914280783035078	42650	-0,0076423244112773549
42660	-0,019814083946946823	42660	0,0074242079139152988
42670	0,0022597261698916516	42670	-0,0064548459686566313
42680	-0,0022652713148849954	42680	-0,00088394674673482115
42690	-0,0049781231258247119	42690	0,0024219303226940456
42700	-0,0007510277416835049	42700	0,010880133799097058
42710	0,0034281144777560395	42710	0,0068085011033308853
42720	0,00029322426564871621	42720	-0,010925616692223264
42730	0,0094949206194427961	42730	-0,00995675509410579
42740	-0,013064322229694527	42740	0,0060055184057705409
42750	-0,003471618701182047	42750	-0,0054488447956568993
42760	0,002651544885408049	42760	-0,0084739204647229349
42770	0,0025653958369364037	42770	0,0068658916028378576
42780	-0,011693453295739687	42780	-0,0042962469410319816
42790	-0,004907595363400347	42790	-0,0063374815988589588
42800	0,00399718191295235	42800	0,0076736701011136171
42810	0,0067989932191044244	42810	-0,00045220845384658716
42820	0,00086263552640133447	42820	0,0031093232517162782
42830	0,0039168177450695021	42830	-0,0028663539673976506
42840	-0,013313875014903444	42840	0,0012942496165298128
42850	-0,00908488007983322	42850	0,0046365274465474133
42860	-0,0072784769639115312	42860	-0,0070565045470381248
42870	-0,0002410247335339754	42870	0,0071089854524822938
42880	-0,00861131188789984	42880	-0,0023531337225720524
42890	-0,0027807536055884279	42890	0,0085533918443304133
42900	0,010324527321266095	42900	0,010788325986408612
42910	-0,0091733481488949185	42910	0,0082452098138529346
42920	0,0042206180605666244	42920	0,0044725390116903824
42930	-0,010278310589029087	42930	-0,0045805211575915116
42940	0,0010886799994512082	42940	-0,00821340879886518
42950	-0,0045768661890193607	42950	-0,0028877972917455428
42960	0,0065683118632911229	42960	0,0002699902783898851
42970	-0,00086102448074169174	42970	0,0009458787822699999
42980	0,0016324064696494106	42980	-0,0043767461992644009
42990	0,0099445501965198125	42990	-0,0061738026079267063
43000	-0,019790609294005061	43000	0,0041468867285604652
43010	-0,010441748898021861	43010	-0,0047583308231887896
43020	0,0081301376855379155	43020	-0,0010463481678557748
43030	0,0036208505917449578	43030	0,011919954374834486
43040	0,012885077665130524	43040	0,00379192875853972
43050	0,01703822399552048	43050	0,0023818926352263221
43060	0,020506500330387246	43060	0,00187531282941177
43070	0,005361614700580033	43070	-0,0039463431500779828
43080	0,0063621781566703178	43080	0,0088327336151913672
43090	0,011670657607828225	43090	0,00084083486945191568
43100	-0,014487985257672835	43100	-0,0052767353843709546
43110	-0,0043271184205163045	43110	0,0031428381052727326
43120	-0,000270222536232099	43120	0,0075357090071721785
43130	0,013703847824867412	43130	0,0031356740342551419
43140	0,015381765064974792	43140	0,011170651630533693
43150	0,0071967137439083	43150	-0,019200809620173363
43160	0,0051351373683637888	43160	-0,0094544227074108526
43170	-0,0029864418875710451	43170	-0,000259579284328473
43180	-0,0036640066557717186	43180	-0,00834933763803931
43190	-0,0024218402127120222	43190	0,00593092296654032
43200	-0,0099071554526387433	43200	0,0072584260846269471
43210	0,0012976928925095977	43210	-0,0073999082692471768
43220	-0,0085181125806597039	43220	0,010605454562354613
43230	0,0074408702557934346	43230	0,0041063476156883829
43240	-0,007504771188347679	43240	-0,0063441718649920051
43250	0,011451608036848604	43250	0,0010436591679521203
43260	0,010126302969249093	43260	-0,0053031763359978569
43270	0,013697981998188636	43270	-0,0054737737114158979
43280	0,0035797063148324459	43280	-0,0010366445843315124
43290	-0,001113545536728348	43290	0,0067397613100896609
43300	-0,013287353374979889	43300	0,0066638990160027079
43310	-0,011403402371320622	43310	0,0026288060190436816
43320	-0,010574063888756233	43320	0,0011956380854516698
43330	0,004986883117307263	43330	0,00524544876611532
43340	0,010736412923206548	43340	0,0089750280821220517
43350	0,004101032317914202	43350	0,019348149269443508
43360	-0,0070922233272271871	43360	-0,012480851996182431
43370	-0,0016367007443163194	43370	-0,00027360331679178625
43380	-0,0015922862164618554	43380	-0,0038422939755683376
43390	0,0077876539196225407	43390	0,00032747134918153462
43400	-0,00078308742851587612	43400	0,0025809547304287239
43410	0,00532088951999166	43410	0,0055570953189445311
43420	0,0047708066026219088	43420	0,0039558447177330249
43430	-0,0062491611325852818	43430	0,00046851809921893929
43440	0,018965513962469503	43440	0,0080961978041465058
43450	0,0082183763195344279	43450	-0,0053508404972148968
43460	0,0036729476231729813	43460	0,010602634953350546
43470	0,010205861685339752	43470	0,0051804107408986453
43480	-0,0084735023380286736	43480	-0,0077232751770853637
43490	0,0039768763890135114	43490	0,014514067218666767
43500	-0,0033103886005290727	43500	0,005358812173479199
43510	0,002467835529062181	43510	-0,0060739323712181723
43520	-0,0062053094857139239	43520	0,012641550640723472
43530	0,0047712558993556814	43530	-0,0011022813784050049
43540	0,0054570004986186889	43540	0,005928927962491384
43550	0,0060445086400854886	43550	-0,0004952101893728072
43560	-0,0051121456193567874	43560	0,0035170063032081717
43570	-0,0033003386363037947	43570	0,0014439637508524756
43580	-0,0023574312872183608	43580	-0,0022765956414509529
43590	0,017661471499012638	43590	0,00070463624472619549
43600	0,0018861476094117497	43600	-0,0016813333956756126
43610	0,0099717877377984709	43610	-0,00518319431836624
43620	-0,012869295661174928	43620	0,00072541766186193148
43630	0,0015096479626154312	43630	-0,014291050333443566
43640	-0,0083653302811939612	43640	-0,0096088011882164079
43650	-0,020442047826233933	43650	-0,0027347730691232564
43660	0,0067246164616266632	43660	-0,0077478852086284924
43670	-0,0090578272155911171	43670	-0,00067946317288275113
43680	-0,0074857150505649285	43680	-0,0040306027974469482
43690	0,00509161664741935	43690	0,014714252069152356
43700	5,4972178824521219E-05	43700	-0,0054679742470270382
43710	-0,0029272441306178137	43710	-0,00051311877683723811
43720	-0,0039693507587733141	43720	-0,0055579632401176462
43730	0,011970692574419597	43730	-0,0029300986610960654
43740	-0,0031912529876950658	43740	-0,010244896818335101
43750	0,023675837990898931	43750	0,00078991272511319348
43760	-0,0049565904788405621	43760	0,0040120218134130914
43770	-0,0085143751304571809	43770	-0,0065800833391221518
43780	0,0018937397818472371	43780	-0,011939494782194344
43790	-0,00094675072571781353	43790	0,0056654555535808849
43800	-0,0041948775122146861	43800	0,018458320249202898
43810	-0,00416802761404448	43810	0,0024486383477644743
43820	0,0052252362360827274	43820	-0,00096097089259554
43830	0,0019545811020371946	43830	0,0026561930695436185
43840	0,023332201048513284	43840	-0,0010176504814552
43850	0,0066361123551997164	43850	-0,0024426686958616537
43860	-0,00091200685857298043	43860	0,012349153210234958
43870	0,00075230483627541326	43870	-0,0051556677316366185
43880	-0,014652743897340398	43880	-0,0014211878566817153
43890	0,0030143720098017054	43890	-0,0032678846840047443
43900	-0,012919302238109992	43900	0,01751016875336742
43910	0,00083889718452070006	43910	0,015781853482097374
43920	0,00463377465161535	43920	0,0067002500049387539
43930	0,0096409681043873232	43930	0,0079502211166249184
43940	0,0063324201159977158	43940	0,00011639305712511757
43950	0,0052202428490369683	43950	0,0047444928440719819
43960	0,00547807019944913	43960	0,0018540002280124112
43970	-0,011316111756584632	43970	0,011526295488467021
43980	-0,0021581316313767853	43980	-0,013188807890303014
43990	-0,0067222326788413589	43990	-0,0021275855376390379
44000	0,0028479645373960336	44000	0,0028776999787849112
44010	0,0063681452917043017	44010	0,0079889940804600077
44020	-0,0064708785359675848	44020	0,0065909129406229163
44030	-0,0021554924679693444	44030	-0,0017452450202976556
44040	0,01210600133965343	44040	0,00358229159518842
44050	-0,0067589279208868213	44050	0,0029749635872893345
44060	0,011095182343456524	44060	-0,002313797346822868
44070	-0,011271677527387234	44070	-0,00020343083113096795
44080	0,0054910103280103361	44080	0,0033845836440667093
44090	-0,016558045308154638	44090	-0,015490708331665791
44100	-0,0039897660457793391	44100	0,00708838413454074
44110	0,0057300747947078177	44110	-0,0078693948867569283
44120	-0,00031905275956620822	44120	-0,0025976822384214488
44130	-0,00343750805725068	44130	-0,00023745965083731355
44140	0,012709614742332866	44140	0,0010044293446848577
44150	0,011849861560753797	44150	-0,00380182167820831
44160	0,010773214116103045	44160	0,0029529135832515874
44170	0,0030746806145789136	44170	0,0074717670437560429
44180	-0,0127151199708388	44180	-0,003340929453774628
44190	-0,0072451296237096953	44190	0,0020662251196417046
44200	-0,010806711048088585	44200	-0,0056307915629058144
44210	0,0075094050923526562	44210	0,00083054079960490708
44220	-0,0071028032827913134	44220	0,005945292570918948
44230	0,0025188532984969495	44230	0,0008613575299209
44240	0,0086968715688436841	44240	0,01185213363369397
44250	0,0011492886993315916	44250	0,0057624995349068254
44260	0,0017303262543230898	44260	-0,00022958852077446793
44270	-0,0019160007238309598	44270	-0,00804888835739738
44280	0,013607350729470389	44280	-0,0029370191374844504
44290	0,0043197516465825489	44290	-0,0048528995298700974
44300	0,0026071812669330261	44300	0,0080760101818433058
44310	-0,000377788842109754	44310	-0,0017705088085022479
44320	-0,0039467501338693051	44320	0,0039429430972811822
44330	0,006411707891153349	44330	0,0070841435545496009
44340	-0,0041952032579290043	44340	-0,00093382790399457129
44350	-0,007329337979882551	44350	0,0015760196787698282
44360	0,0062460517788663688	44360	-0,0018502195223897729
44370	0,010482875789851289	44370	-0,0025788531252624453
44380	-0,0003397608368776673	44380	-0,0013191949516960133
44390	0,0092779769355152281	44390	0,0062622357630437407
44400	-0,0029635627378803492	44400	-0,0049331714734576083
44410	0,010682353869350793	44410	0,00091833982463691258
44420	-0,0051139143928383432	44420	-0,0017112359035382865
44430	0,0019498597416143606	44430	0,0038248582935194943
44440	0,00057701506187264346	44440	-0,0013703690685705017
44450	0,0098955380072195519	44450	-0,00312834499042001
44460	-0,001268219120975934	44460	0,011328078529720941
44470	-0,010454606852132875	44470	-0,010875729286102216
44480	-0,007991127709023162	44480	0,01330938359753125
44490	0,0030502318905917228	44490	-0,0077222154506934931
44500	0,01282176811987539	44500	-0,0036381253385173616
44510	0,0038621336332974173	44510	-0,010050482984120097
44520	-0,0012669283139041547	44520	0,00020638621730746876
44530	-0,0074576418963143631	44530	0,008019855707770928
44540	-0,0026527238859189004	44540	0,010391767140761588
44550	0,0077517898307921	44550	0,00015760054435249338
44560	0,011234529901890894	44560	-0,0017404234838406332
44570	-0,0056167673386562419	44570	-0,0049732911484976607
44580	0,0062609824848254975	44580	-0,011676769117099441
44590	-0,0013938264373271922	44590	0,0019581295454580731
44600	-0,0046350792771500627	44600	-0,0090606549675354975
44610	0,0028372444230244085	44610	-0,002098472972021551
44620	-0,023214381578144792	44620	-0,007954741636049277
44630	-0,017991038752405597	44630	0,0044140155237197562
44640	-0,012175841908820831	44640	0,00938461143442191
44650	-0,0047521713628882415	44650	-0,0054835666800153492
44660	-0,007689932856613001	44660	0,0026804998564794367
44670	-0,0062728228882130629	44670	0,0039820157666158136
44680	-0,012712971513870217	44680	-0,026513168792241828
44690	0,0071266063695171345	44690	-0,0068466056948682848
44700	-0,006997478847361435	44700	0,005518638790458729
44710	-0,0011753171700290967	44710	0,00078243387712168509
44720	-0,0065181989364572488	44720	-0,0026298702519436949
44730	0,010890178743172004	44730	-0,0063892658598283707
44740	0,000532882992713126	44740	0,013707148284724687
44750	0,0080712520076601825	44750	0,00083497106106203076
44760	-0,0077742101242487789	44760	-0,0026614177629434915
44770	0,00094749492792282832	44770	0,0033395799726140762
44780	0,0015801926665904814	44780	-0,00556725712895606
44790	-0,0070009579978665215	44790	-0,0039386969254515064
44800	-0,012720066548223372	44800	0,00095291264319329082
44810	0,0061019135645895969	44810	-0,0017266292543236994
44820	-0,016062766590431408	44820	0,0022956293744668594
44830	-0,010135256835456579	44830	0,01157726012278393
44840	0,001871883382482574	44840	0,0051267090638678972
44850	0,0076923862160709041	44850	0,0053887733576282737
44860	0,003268204756527269	44860	-0,00365445541834957
44870	0,0098232383046987157	44870	0,0042153370635150235
44880	-0,0010376009127587636	44880	0,0016056481981098288
44890	-0,00061260766084704368	44890	0,005008456400197335
44900	-0,0023663708214667666	44900	-0,0020971752931063727
44910	-0,0072218695080031852	44910	-0,0082595079540997846
44920	-0,017133568604154267	44920	0,0050693567916313131
44930	0,0037028636212764815	44930	0,012009715872939945
44940	0,016231883138687866	44940	0,0016788789903024837
44950	-0,007975234781847201	44950	0,003557460576605817
44960	0,0087818738343042428	44960	0,0067606771004420961
44970	-0,0064157542182826247	44970	-0,0026121403577601854
44980	-0,0047963841774908145	44980	-3,9781370797369674E-06
44990	0,0031014713089510372	44990	-0,0016769208210903254
45000	-0,0056348923234034133	45000	-0,015360081763963288
45010	0,0034216841898891169	45010	-0,015358935948349981
45020	0,0033578943046714011	45020	0,0056622312647808945
45030	-0,0064053145439220494	45030	-0,0039019494773066834
45040	0,0052965390291215067	45040	0,0040947740077881172
45050	0,006395831024740061	45050	0,0067096413151706679
45060	0,0056595823407740277	45060	0,00082674024739501589
45070	-0,0024094908430902827	45070	0,0062073174543642393
45080	-0,0076753903782978859	45080	0,0032669806926677548
45090	0,01055101052379342	45090	-0,0025463497358352294
45100	0,00067965255565333735	45100	0,013094250585611268
45110	-0,0022982656434852853	45110	-0,0020331736180401491
45120	-0,0073195585080127589	45120	-0,0036563825617582954
45130	-0,0092062860618685773	45130	0,0022884222304275343
45140	0,011860163142841509	45140	-0,00827670349097661
45150	-0,013007616533256133	45150	0,0084362509496806876
45160	0,004050047068938121	45160	0,0039044527419093739
45170	-0,0063556345378381193	45170	0,01157971892242044
45180	-0,0036036748682102206	45180	-0,012491735881856819
45190	-0,00088959986496985706	45190	0,00077835407227867814
45200	-0,0071492318682305081	45200	-0,00608335825672671
45210	-0,011299206228485733	45210	0,00012247665700814903
45220	0,0074382817059180277	45220	0,0089906063932000645
45230	0,0012988772690723266	45230	0,0040372271355670142
45240	0,0083468850527943818	45240	-0,0092095272636698346
45250	0,010328650040665197	45250	-0,0085958031153902936
45260	0,0010174795496677327	45260	-0,00035597202305994748
45270	0,0033076579806261518	45270	0,0020414827583738631
45280	0,00062549440284723613	45280	0,0022898769011814738
45290	0,006423296261362889	45290	0,0073601020455813888
45300	-0,0021452511456130563	45300	0,0026225571847793392
45310	-0,0063821466384293216	45310	-0,00010899382089475199
45320	-0,0067143461899729058	45320	0,011329321746371968
45330	-0,0069047621057701991	45330	0,0049945467692272877
45340	0,003034194326527686	45340	-0,0041285915890519357
45350	-0,0089208649242414669	45350	0,0060869199269560749
45360	0,0054568696098385916	45360	0,00011367616042426597
45370	0,0022919662037957007	45370	-0,016217141550600112
45380	0,012949620792096389	45380	-0,0036637810594539084
45390	0,0050932315782448549	45390	-0,00610588616622505
45400	-0,014934572981165019	45400	-0,012782264751257518
45410	0,0016972903630810905	45410	-0,0012417869513109449
45420	-0,0064830458875379179	45420	0,0068796249069773266
45430	-0,010772824131025564	45430	-0,0026252729303814066
45440	-0,0054831691168547624	45440	0,008164922556779414
45450	-0,0060651568189107087	45450	-0,0058105886336047305
45460	-0,0074400032066946177	45460	-0,0028123136563922629
45470	-0,0023616883933436608	45470	-0,0077096941883880192
45480	-0,007181368472724348	45480	-0,0046941864999308323
45490	0,0019149672101874639	45490	-0,016164707554580212
45500	-0,0037123159142272944	45500	0,017845078431431158
45510	0,012992686653396032	45510	-0,0013070669090773214
45520	0,014117691359744141	45520	0,010100623357550962
45530	-0,014773662435740747	45530	-0,00469215770230455
45540	-0,0091411100821836809	45540	-0,00537339250345168
45550	-0,0022042820036529357	45550	0,0005912353120784286
45560	0,0045644643206742708	45560	0,0020081785394013103
45570	-0,00026268369314869224	45570	-0,00027973013249642492
45580	-0,0063640507741043895	45580	-0,0010208655738979759
45590	-0,0059507390631925536	45590	0,0013269811411798966
45600	0,00529096560152193	45600	-0,0020190059681268074
45610	0,018844208479846192	45610	-0,0022613413784394742
45620	0,01819939381240903	45620	0,0094836231166249268
45630	-0,0033175480922048757	45630	-0,0055426271922510333
45640	-0,0062997420660865907	45640	0,0011388642889026157
45650	-0,0022589651483110817	45650	0,012131150400340065
45660	0,0013400059616017319	45660	0,00067537743673053076
45670	0,0099109341459607831	45670	0,013890582266856702
45680	0,0076802111109001044	45680	0,0034972321361527513
45690	0,021110212845718877	45690	-0,016135792068588711
45700	-0,010442844205703097	45700	0,00065209244361349322
45710	0,0040142810622484674	45710	-0,0062138579359533016
45720	0,00967053059756214	45720	0,00067422662908342131
45730	-0,004304419324623044	45730	0,011413681697945394
45740	-0,0086961801582372267	45740	-0,0051350785999849961
45750	-0,0070206747139179067	45750	0,0023389094477574068
45760	-0,0029201352381046752	45760	-0,00222308760173156
45770	-0,012899546771320311	45770	0,012242544613830226
45780	0,0055486400867755734	45780	0,0033755709565689855
45790	0,01111633358042744	45790	-0,0075376373486610772
45800	-0,011484407415161685	45800	0,00237832784267235
45810	-0,003215209762125238	45810	-0,010847098128720402
45820	-0,0029014676075624474	45820	-0,0061711465583361184
45830	-0,006814956500064747	45830	-0,0024885168225678251
45840	-0,012545182272106837	45840	-0,012780268721835771
45850	-8,5472165119463374E-05	45850	-0,00059957006371395393
45860	0,0026152740730032496	45860	-0,0042173909419353671
45870	0,011721169651504318	45870	-0,0046524355507397124
45880	0,0060698705826385934	45880	-0,0044068512160499451
45890	0,0022906334252600791	45890	0,00441354564071861
45900	-0,0029354625005008294	45900	0,010521769044876754
45910	0,0019152778566117082	45910	0,030538467743895154
45920	0,0031310470573188633	45920	0,082301736687946117
45930	-0,0070845695312162713	45930	0,1844308903351386
45940	0,017995254569957379	45940	0,31752960790412865
45950	-0,0018978153727336289	45950	0,47677482069930882
45960	0,022334247970641572	45960	0,63034980247193406
45970	-0,014467715911709388	45970	0,74998976395224259
45980	0,0052961154511985764	45980	0,79636740903949632
45990	0,018131014108447138	45990	0,79752372547295469
46000	0,068157214557883164	46000	0,70134215083446028
46010	0,07547322973108847	46010	0,67522860870693224
46020	0,0394640262145199	46020	0,42252267780106445
46030	0,0087604288658513687	46030	0,14006647327848126
46040	-0,036566415107907216	46040	0,21025264021245865
46050	-0,0804365963672995	46050	0,27935506820375683
46060	0,079672152961864751	46060	-0,15671951830940215
46070	-0,061429985413304238	46070	-0,48826592566341986
46080	-0,053113499733454368	46080	-0,90782153737009774
46090	-0,020730417624058393	46090	-1,1163768113840968
46100	-0,097929297267543652	46100	-0,84657097720642627
46110	0,11196906276944804	46110	-1,0972488464673396
46120	-0,0757827129556699	46120	-0,87356860722872121
46130	0,004240107461694417	46130	-0,8777749007543
46140	0,025813904086572883	46140	-0,46540199686557282
46150	-0,028756275856619586	46150	0,032640522911055667
46160	0,13246703343264241	46160	-0,06220327259888922
46170	0,0022878427823865041	46170	0,10776262441285006
46180	0,023850473333446396	46180	0,0591227051752527
46190	-0,049516869025323533	46190	0,34352108564476641
46200	-0,053728013404678844	46200	0,36653364667954863
46210	-0,030288788624273505	46210	0,16190812397483878
46220	-0,065375816289247365	46220	0,0407745802357654
46230	0,028610225761049782	46230	-0,13787384086000609
46240	-0,040612844390337063	46240	0,089430448706582288
46250	0,056589870609035725	46250	-0,063554734496287221
46260	0,062691941779703331	46260	-0,18296153742340324
46270	0,04968215991105078	46270	-0,31440855093157427
46280	0,039631671390761118	46280	-0,28460288476110812
46290	-0,041112591272813949	46290	0,0758385092802233
46300	0,06981070578226331	46300	-0,019903173359100131
46310	-0,054351790639967888	46310	-0,0038784864387148123
46320	-0,052719520673680666	46320	-0,094192017647984516
46330	0,0087665091612154356	46330	-0,067398238877542954
46340	-0,12355951173759594	46340	0,37354588168017361
46350	0,16094184205160106	46350	-0,0023630117311945523
46360	-0,041412262366909314	46360	0,03247268470323765
46370	-0,0053091079518184214	46370	-0,23701857555099284
46380	0,0036003575081866922	46380	-0,092616162460455079
46390	-0,034200083854952171	46390	0,12462162276633837
46400	0,15279306372958171	46400	-0,27060680281833821
46410	-0,016942038466087161	46410	-0,2848841144171641
46420	0,002030803454491692	46420	-0,50643654731467069
46430	-0,034859870083250276	46430	-0,41282741875176227
46440	-0,087058060895220668	46440	-0,29838314627789075
46450	0,013804599595775364	46450	-0,552926469486484
46460	-0,02097707920924646	46460	-0,70693031191770273
46470	-0,04826761223149325	46470	-0,75853049446377474
46480	-0,058810921856528572	46480	-0,88961233763737624
46490	-0,025277761791589734	46490	-0,90605948479347931
46500	0,0054893646082600006	46500	-0,74164719707029725
46510	0,048728895153509991	46510	-0,46831879135731086
46520	0,0844509083124557	46520	-0,11103594045114557
46530	0,089865080224485083	46530	0,2595347370053061
46540	0,068977472826871583	46540	0,56980852751030475
46550	0,03144196143161531	46550	0,79735276974290847
46560	0,018091012797087615	46560	0,93715964370978178
46570	-0,027039613974685309	46570	0,946667015328194
46580	-0,049967790740984216	46580	0,90402360659141667
46590	-0,05671006098115336	46590	0,78944608432436725
46600	-0,082447931941178	46600	0,65977638046918574
46610	-0,052033483101397875	46610	0,46358903699989107
46620	-0,031617585438554738	46620	0,2924434772127506
46630	-0,010891822596714383	46630	0,1153834182552623
46640	0,011919440842789009	46640	-0,0087415988284084579
46650	0,014637227032895732	46650	-0,0775969074919384
46660	0,0370475599987644	46660	-0,10355908488071372
46670	0,054026896569055696	46670	-0,083550733894515783
46680	0,05285939324523696	46680	-0,030588404772993624
46690	0,020761650439714389	46690	0,024330273521413329
46700	0,002010256992371522	46700	0,080621179331485215
46710	0,011744394375860128	46710	0,11151075840502299
46720	-0,022212528450007547	46720	0,13507867374234464
46730	-0,0069852274400789369	46730	0,12707952369661113
46740	-0,024591793787061549	46740	0,10556733365205455
46750	-0,014165817097866311	46750	0,059935188549448654
46760	-0,0037647991942676698	46760	0,01646731630002244
46770	-0,0042582177361022563	46770	0,0034764437796978216
46780	0,00021144042218664217	46780	-0,026596227361943246
46790	0,027922628139395833	46790	-0,040899801799381894
46800	0,014484575131108296	46800	-0,029379463431999951
46810	0,0021631926116268793	46810	-0,039354834131966686
46820	0,0082253996233188128	46820	-0,023810776888668481
46830	0,0051131727765841919	46830	-0,0039850926292234528
46840	0,0041075584335892217	46840	0,031598603342494841
46850	-0,019276084365285766	46850	0,033208697652604161
46860	0,0063633038934379511	46860	0,025081825462806958
46870	0,000221019065927405	46870	0,017817188573630745
46880	-0,0090712596107213727	46880	0,012579930637796635
46890	-0,0059090184084755193	46890	0,013588478587165989
46900	-0,00803454923222939	46900	0,00943073693511559
46910	0,012109481850565994	46910	-0,013085565204669823
46920	-0,0052361528191821518	46920	0,001956419672560686
46930	-0,008154237040934818	46930	0,00010051508204427022
46940	0,014709458262588593	46940	-0,0040989156549599724
46950	0,003465449571391365	46950	-0,010688208194638327
46960	0,015686329829939793	46960	-0,017532499278343345
46970	0,020008548889926706	46970	0,011562214102505582
46980	0,0031045452928169957	46980	-0,0042279817230112624
46990	-0,0063369916236587472	46990	-0,006630924349934007
47000	-0,00044717219423410804	47000	0,01808297828255628
47010	-0,0057789716240835157	47010	0,0024798099513814848
47020	-0,013105766968593897	47020	0,020133780140018546
47030	-0,0054801037123088621	47030	-0,0072229172716605774
47040	-0,00045940053530728672	47040	0,0051601482678833481
47050	-0,01523924361724481	47050	0,00086786811886741813
47060	-0,00370474392218138	47060	-0,0069859876275218296
47070	0,0053338137808406245	47070	-0,015476289910299432
47080	0,011292039026546432	47080	-0,0033763252182199793
47090	-0,00086936015556986885	47090	-0,013512792133973382
47100	-0,0087158152457766924	47100	-0,00051061805522018792
47110	0,0097315201755916771	47110	0,01267262463509765
47120	-0,0145693011115319	47120	0,0056773886128839452
47130	0,0042796417464095069	47130	0,006463798788792401
47140	0,011074988619523208	47140	0,02475920527341862
47150	-0,0064659357738687754	47150	-0,0020539104156068692
47160	-0,009102679506535722	47160	-0,0026651996249459041
47170	-0,0013517189055911464	47170	0,015361897401576532
47180	0,001092251422722383	47180	0,00062654369952684348
47190	-0,005917120123239813	47190	-0,0099564556531174016
47200	-0,00079189771699615435	47200	-0,00018141374541260044
47210	0,0074016349401392623	47210	-0,0011778375563265555
47220	-0,000862616005682592	47220	-0,013116897698783832
47230	-0,0044497368161841855	47230	0,0083861871425107391
47240	-0,003173233334527304	47240	-0,0055981752299391965
47250	-0,001456909371295848	47250	0,0074337618953035541
47260	0,0090085559931092716	47260	0,0058485721753075122
47270	-0,013981702892787903	47270	0,0036473369544108569
47280	0,0058370506853007926	47280	-0,0031905911439354512
47290	-0,00722961602442903	47290	0,0059106380247456267
47300	0,002808069137355344	47300	0,00088597620283698887
47310	0,011025538111305395	47310	0,003516473953177219
47320	-0,010234972303894264	47320	-0,010928398073723337
47330	-0,0055794265079325712	47330	-0,0011338574978320502
47340	-0,012724642745217845	47340	-0,0100946893413388
47350	0,0015797351261592359	47350	-0,0041939523617220663
47360	0,00984103928529744	47360	-0,001249458805811155
47370	-0,01328247803398136	47370	-0,0020894749883094976
47380	-0,0086205673486621625	47380	-0,0019136057506887164
47390	0,016146137848313247	47390	0,0024032917936301448
47400	-0,0084676147573814961	47400	0,01174400360507776
47410	-0,010161794692010243	47410	-0,012400387297936806
47420	0,0041600609966400241	47420	-0,0045165389921792759
47430	0,00012736319761953244	47430	-0,0025565177463631622
47440	0,012205973173812043	47440	0,012760836418302902
47450	-0,0058392413187867464	47450	-0,0032979534842651377
47460	-0,011200237881783938	47460	-0,0036951773457165322
47470	-0,01289552008879442	47470	0,0032111616102894459
47480	0,0011241641376197626	47480	0,010676975832670448
47490	0,0068185989782597392	47490	0,0056365190190912464
47500	0,0017418918051233677	47500	-0,0069333516354239564
47510	0,018904970361757489	47510	-0,023561016092216711
47520	-0,013822611927809146	47520	-0,011927827026928274
47530	-0,012716199050868304	47530	-0,000739090686390024
47540	0,0079450061204843943	47540	0,010460856729400848
47550	0,0007574790945612677	47550	0,002562908928688561
47560	0,013005346397385188	47560	0,01908058251445903
47570	0,010088890900625883	47570	0,00897032467813001
47580	-0,016977759025974613	47580	-0,01290790083653439
47590	-0,0047471109886707379	47590	-0,0025638232210772531
47600	-0,0099783477705177436	47600	-0,0049468174273028329
47610	0,012580687501853099	47610	-0,0027307759673343922
47620	-0,00058876675417893025	47620	-0,004985183797505963
47630	-0,0050988081070575172	47630	0,0021257237406148871
47640	-0,0022335276362766597	47640	0,0097168918582479016
47650	-0,0079168813202161945	47650	-0,018799278642758786
47660	-0,0017995670012537835	47660	-0,01269581466913682
47670	0,0022645675336664551	47670	0,0070557745295386958
47680	-0,0016802208471062097	47680	0,0075637847365546077
47690	0,011882587412946148	47690	0,0077115967188998921
47700	-0,0023884501247507109	47700	-0,014019955150538353
47710	0,0066827918254906641	47710	0,013205328327478123
47720	-0,0076698437943709856	47720	-0,0023473808800855639
47730	0,0041544202430369749	47730	0,0046647581086098049
47740	-0,005491412435461091	47740	0,01433754022840561
47750	-0,0092340417637924339	47750	-0,0050942636582334945
47760	-7,6448773551344843E-05	47760	0,0055594377556428126
47770	-0,0022494792821096091	47770	0,0012240777126718676
47780	0,00582765306644973	47780	0,0006820736172777176
47790	0,016139399734296688	47790	-0,00784806191416177
47800	-0,010729758845065744	47800	0,013754373993390677
47810	-0,011651729350850459	47810	-0,012299933278376418
47820	0,008262116906382122	47820	-0,0081326475874488931
47830	0,005603025580662	47830	0,009319260201394829
47840	0,0013081498398021603	47840	-0,001885500401307682
47850	-0,018388541527833282	47850	-0,0042579667274939012
47860	-0,012297560535188977	47860	-0,0017273789985589453
47870	-0,0025356559127489593	47870	-0,0038778122091064713
47880	-0,0034570272346470263	47880	-0,016645043736175948
47890	0,003560743150496792	47890	0,00510166485528469
47900	-0,00893763488620933	47900	0,00098893483486934457
47910	0,0009461563910999767	47910	0,0030990043037471861
47920	-0,010604475494035424	47920	0,013415121609897664
47930	0,0049136742161464573	47930	0,0011760078452100417
47940	-0,00021196948310727936	47940	0,0036289587217424408
47950	-0,008283417069524901	47950	0,0088642544566492482
47960	0,015645902451236281	47960	-0,024519958003461975
47970	-0,0040967707809065933	47970	0,0020863916777692768
47980	0,00732855325780971	47980	-0,0095107002041982074
47990	-0,0015976861523294471	47990	0,0036290930700854118
48000	0,002539545467915039	48000	0,0031287275085155322
48010	0,0011775077414950298	48010	0,0020158333397776659
48020	0,00013915283242552545	48020	0,007709870180542604
48030	-0,0075041096711749543	48030	-0,006620205766517351
48040	0,0033647219707479393	48040	0,0044681641241239248
48050	0,0054096374056796332	48050	0,01330991104525894
48060	0,0081682801737059212	48060	0,00016823809127079908
48070	-0,014347336257555634	48070	0,0057744866359478791
48080	0,0011319815066540252	48080	-0,00044204086491370884
48090	-0,010351334221997669	48090	-0,0020559534591895767
48100	-0,00085792415732273289	48100	-0,00010362887301491526
48110	0,0057476271753915771	48110	0,003452384683973323
48120	0,0087303448053925974	48120	0,0027948288035553547
48130	-0,0010398464083549532	48130	-0,0044252943974557851
48140	-0,0046030222163084824	48140	-0,0057068862799981917
48150	-6,6261625259711582E-05	48150	0,00017532991186165062
48160	0,0052955095054452806	48160	-0,0033566345964042084
48170	-0,0090464608217120848	48170	0,0058419256859642728
48180	0,0084890426847273361	48180	-0,012584708317240284
48190	-0,003972369198269452	48190	-0,00036473006623563846
48200	-0,0068210900129639087	48200	-0,0081895111993823266
48210	0,00098049354743739775	48210	-0,0053193513813588125
48220	-0,012707884646564485	48220	-0,0041648877199124664
48230	-0,0048121425988073173	48230	0,0069479966167509842
48240	-0,0089993199123842051	48240	-0,00017096169626139266
48250	0,00067901706212712026	48250	-0,00051581736657309155
48260	-0,01033971883406336	48260	-0,00021620754320486409
48270	-0,0066897901084691	48270	-0,0071487855120451454
48280	0,0007675155878334723	48280	0,00024438179246913383
48290	-0,0010243300617831428	48290	-0,003459896432525133
48300	-0,017556349916853491	48300	0,0040789494955855484
48310	0,013996387336839541	48310	-0,00083342887052580052
48320	0,0070686922809170445	48320	-0,004990841942553525
48330	0,01264712320250597	48330	-0,0024859423483578422
48340	-0,000342369045072872	48340	-0,0038951822504549854
48350	-0,0024349039207134993	48350	0,0034663406300115759
48360	0,0030463853162991227	48360	0,0098446627759724847
48370	-0,015316241537984731	48370	0,0030333496739702987
48380	-0,0053997438070880546	48380	0,0010091160925536609
48390	0,0015817514318029785	48390	-0,0044573473322348373
48400	-0,023950952961807093	48400	-0,0046380150106078615
48410	0,00049868250796321432	48410	0,012557002741857516
48420	0,00033109667268158791	48420	-0,010015999093608495
48430	0,0042936370254802762	48430	-0,0053078070226986688
48440	0,004573638323742189	48440	0,0036823108298738153
48450	0,01176713879821345	48450	0,01045649788286609
48460	0,00094756654089384236	48460	0,0099486951722940736
48470	-0,011015102157750157	48470	-0,011488313701192006
48480	-0,020332163848078681	48480	-0,0010167073889075511
48490	0,0016993970150299578	48490	-0,01102449035681562
48500	-0,0055219117066301294	48500	-0,0053186378728306621
48510	0,0035048852197742289	48510	0,015662301192651031
48520	-0,0048992107137067545	48520	-0,0014378287254558804
48530	0,0034537224689284033	48530	-0,0058709461454447727
48540	0,0052913728371431819	48540	0,017120695950686767
48550	-0,014999921989758582	48550	-0,0071132006384620047
48560	0,014427874788352266	48560	0,00068163220318652354
48570	-0,019035995100865444	48570	0,0026176443884140667
48580	-0,00373296808927462	48580	-0,00080360567485167225
48590	0,0020295533301181085	48590	0,0004411990798705258
48600	-0,004675409760758701	48600	-0,0029777519225117838
48610	0,0026123492792322497	48610	-0,00078963820432776863
48620	0,0048520133631994762	48620	0,0004811522910838469
48630	0,0025187553978829333	48630	0,0011089914944843937
48640	-0,0033748276063833376	48640	-0,011401643175209818
48650	-0,0096903837252694629	48650	0,01031416906735117
48660	0,00029198854887069848	48660	-0,011634202173259835
48670	-0,0045574293731564458	48670	0,0055166997863325944
48680	-0,0044691480339545935	48680	0,0047925887990646959
48690	0,0095751697081207024	48690	0,0031299069750523544
48700	-0,0045266856983174576	48700	0,013216797704906889
48710	-0,011494600174343861	48710	0,0042623566495877336
48720	-0,0046473748389816178	48720	0,0090913102588190027
48730	0,00055590521757339461	48730	-0,00808567808387844
48740	-0,00995988885350933	48740	0,00042824992772525145
48750	0,0026681398561443554	48750	-0,0023478636354888837
48760	0,0021085325483796214	48760	-0,0042929975912871371
48770	0,0072881000927147591	48770	-0,0036856596525241809
48780	-0,0023006941109125355	48780	-0,010839944667108643
48790	-0,0019724980832850087	48790	-0,004911566133099083
48800	-0,015431729859858334	48800	-0,0089361868527546018
48810	0,0020259196260991189	48810	-0,0061438500756142113
48820	-0,0028234271748191603	48820	-0,00044446734264004908
48830	-0,0041098320020513919	48830	0,000737700439775475
48840	0,0024288094885845045	48840	-0,004520769844721757
48850	0,0068174196857655267	48850	0,0039664407188755553
48860	0,0083099237526180324	48860	-0,0079130749038347666
48870	0,0010317952227748832	48870	5,8185206254329736E-05
48880	-0,0019217605001994368	48880	-0,0033760345425706546
48890	-0,0025672597837325317	48890	0,0013372310806045837
48900	0,0168622898459568	48900	0,0015391755439086586
48910	0,0033421553721749439	48910	6,8940891709764053E-05
48920	-0,011436695538328533	48920	0,00016028971610845865
48930	-0,013085803825991657	48930	-0,003330759059288463
48940	0,010269474939902212	48940	-0,018871470566106805
48950	0,0054797805670709207	48950	0,00031819035403704831
48960	0,0025281135309778275	48960	-0,0051883117533812438
48970	-0,024533597037575718	48970	0,0079530791169250669
48980	-0,0051087516427316274	48980	-0,001838702255963251
48990	-8,1819192834625828E-05	48990	0,010215230133187659
49000	0,013128385845112176	49000	0,0066301777443336764
49010	0,00666115965229136	49010	-0,001065424909560464
49020	-0,0072928494214291517	49020	0,0036482274809079688
49030	0,0037510983893438996	49030	0,00034028945545785369
49040	0,0027874352246839425	49040	0,0035246249599995738
49050	-0,0043818214687939856	49050	0,0011982293702793335
49060	-0,0043121282030711165	49060	0,0024614517817354272
49070	0,0068324629447270658	49070	-0,0078437190452867941
49080	0,0010800005590599216	49080	0,008687970098655351
49090	0,002449287695066847	49090	0,011922704165630514
49100	-0,01301601806494688	49100	-0,017151754180196169
49110	0,0016161770000294646	49110	0,0014046448423859184
49120	0,00830956004212375	49120	0,0021259777630353604
49130	0,00910870798708124	49130	-0,0037979130710835475
49140	-3,5399088933168763E-05	49140	0,0031739278805418755
49150	-0,00030727663777659146	49150	0,0085981265880097635
49160	0,003277919208015883	49160	0,0011847131229853344
49170	0,0017085450449852463	49170	-0,0078353998370671047
49180	-0,0079312936216112129	49180	0,012148721423992145
49190	0,0053784407027019651	49190	0,0060724738980892255
49200	-0,015787408899079383	49200	0,0014531705720499377
49210	-0,00038913322216484555	49210	-0,01475563889343921
49220	-0,024251085091067083	49220	-0,0023698300194666608
49230	0,0010367231639357428	49230	-0,0013931504370757152
49240	0,0042671566366471571	49240	-0,0037841323994378851
49250	0,016032732611397493	49250	0,012245636731838412
49260	-0,0068092557100267329	49260	-0,0054893864938470628
49270	-0,0069845134900716555	49270	0,012085047344782295
49280	-0,00706658992209685	49280	0,0159511789242359
49290	-0,0053284112238764355	49290	0,007658287667538787
49300	-0,0028858285230112368	49300	-0,0019336235369413048
49310	0,011457133367194101	49310	-0,0079665017356273064
49320	0,00057769348916050648	49320	-0,0014300381497863511
49330	-0,013573575283077009	49330	-0,0023041819455635721
49340	-0,00042516266727318607	49340	-0,0053842835971972623
49350	-0,011883523782872621	49350	-0,0018811544702487183
49360	0,0043239652020634683	49360	0,0028221135404301392
49370	0,0026724540668653673	49370	0,011303811692673044
49380	0,011048197179632966	49380	0,0072827783388637029
49390	-0,0036393198245903134	49390	-0,0045512412815643406
49400	0,009219355316665746	49400	0,0047885579393305315
49410	0,00514282066819782	49410	0,00049396256353602906
49420	0,0086597108978487269	49420	-0,0093630810423876946
49430	0,010029950548411605	49430	-0,020418060270134639
49440	-0,0020912339752444122	49440	-0,011725941578362407
49450	0,001044966345205883	49450	0,0056911094192326952
49460	0,014833598153267787	49460	0,0003708899351413236
49470	-0,0034037507311445673	49470	0,0082319982461226925
49480	-0,023168195098485622	49480	-0,0016909561149141827
49490	-0,002655273941985756	49490	-0,0095831627391237059
49500	-0,0040423804406777893	49500	0,0016105872715405894
49510	0,0019786763280433325	49510	-0,0017167620687126039
49520	-0,0034566456344228814	49520	0,0028744578229481696
49530	0,00935809587628998	49530	0,004042666492549472
49540	0,0050157460137964741	49540	0,00039149021044895929
49550	0,0014378750474794784	49550	-0,00027830249970831517
49560	-0,018349878873455575	49560	-0,010417110410573595
49570	0,00353470460322776	49570	-0,0033506721012139008
49580	0,012036139699542019	49580	-0,0072889311487057537
49590	-0,0043385552948073487	49590	-0,0051176736337962573
49600	-0,0082239897921255571	49600	0,0063247507193372058
49610	0,0060795542457302105	49610	-0,0019832174719573684
49620	-0,0023406491364970686	49620	0,0065841656046879927
49630	-0,0071117828448444649	49630	0,0066155673658325181
49640	-0,012240751945542295	49640	-0,0093856892848147525
49650	-0,0066057135962754952	49650	0,006608650637987391
49660	-0,00288220309996937	49660	-0,001237863529152164
49670	-0,0050936689422658443	49670	-0,0052486089596887765
49680	-0,0023784007163386695	49680	0,016040839025396818
49690	0,0015135370750627493	49690	-0,0019836597553980571
49700	-0,0023859405091648063	49700	0,0026028348650283615
49710	-0,000903160448251922	49710	-0,0028893654322874039
49720	0,00080046270000462647	49720	-0,0022782812046278815
49730	0,014488551637423072	49730	-0,014441308219510634
49740	0,012550541399587719	49740	-0,011589707320395295
49750	-0,00038379395546648783	49750	0,0030797093476920595
49760	0,0067391212341887238	49760	-0,0068371568849192694
49770	-0,0098068009803755681	49770	-0,0066274993788831412
49780	-0,003806202116574617	49780	0,004287575077388626
49790	-0,0018677929696993684	49790	-0,0073634471043433581
49800	-0,0058803720506829327	49800	-0,0016781848742922852
49810	0,0075672822665233388	49810	-0,0075626575885392342
49820	-0,004171710762150482	49820	0,005515943933234904
49830	-0,0060388035934794988	49830	0,0036278029219166817
49840	-0,00039571987104833274	49840	0,0010656729947887923
49850	0,001363824224234746	49850	-0,007036140067573019
49860	0,010795704283038804	49860	0,0012114495033927781
49870	-0,0019626044553001537	49870	-0,0046848818972770332
49880	0,005379950911751797	49880	-0,0013482667118679436
49890	-0,0023346553124501956	49890	-0,010259149852257831
49900	-0,015286969681267614	49900	0,0012285615349928783
49910	-0,00066685815277593621	49910	0,00072874681963333771
49920	-0,0085256821580366043	49920	-0,0076545518242199882
49930	-0,014223796319823422	49930	0,0082982529239018967
49940	-0,0034832307748810811	49940	9,1395168057072356E-05
49950	-0,0063778071476023011	49950	-0,0080235985894867284
49960	-0,0031737537057408764	49960	-0,002792685801915119
49970	0,0025285141116950607	49970	0,0062202259865320351
49980	-0,0028848626912217428	49980	-0,0020832634686986
49990	0,0098693693944736163	49990	0,00195565494305972
50000	-0,0091423876016292344	50000	-0,0026294647285358668
50010	0,0034505676002161666	50010	-0,014508764407419635
50020	-0,011354680233084969	50020	0,002971116236460365
50030	0,0041192732094185039	50030	-0,0032064509241050295
50040	-0,0030203456511683317	50040	-0,00027083626538431955
50050	-0,011734831303102813	50050	0,0064086606744802885
50060	-0,0073339065136799183	50060	-0,0089461773462783337
50070	-0,00052196585828389621	50070	0,0096472506801386429
50080	0,0014480957873254877	50080	-0,021546648235146251
50090	0,011737195988128321	50090	-0,079094716995167819
50100	-0,0032425053969613571	50100	-0,20487100881211359
50110	-0,0088018018280046732	50110	-0,323716943799823
50120	-0,0023695169808353417	50120	-0,48224213445260855
50130	0,0032416352703684842	50130	-0,62532775494294246
50140	0,0050086526691320143	50140	-0,72920428382796787
50150	0,012389763945839851	50150	-0,831438951814568
50160	-0,010902758304618577	50160	-0,82863008330198307
50170	0,072561465062009362	50170	-0,78143739572860349
50180	0,052546826517766668	50180	-0,69352632919834667
50190	0,11350827389350796	50190	-0,33676618306488093
50200	0,032497513436626407	50200	-0,082692581541919677
50210	-0,053695041037923136	50210	-0,27349029386772772
50220	0,00065508553356310843	50220	-0,23713439783190843
50230	-0,11491252422052116	50230	0,15549767388069474
50240	-0,02690733214295668	50240	0,44634510924972282
50250	-0,0037818648849906058	50250	0,8937722543070955
50260	0,0032485064811418884	50260	0,97102818999231943
50270	0,074074460523967628	50270	0,92935831338999475
50280	-0,16509245689513635	50280	1,2415246393952684
50290	0,034144716230743326	50290	1,0020678007972494
50300	0,015278164343541978	50300	0,89041971738878878
50310	-0,0368736864457725	50310	0,39208536836051633
50320	0,044362081746607905	50320	-0,0099567929589565417
50330	-0,14191869029218887	50330	0,10517526245090994
50340	0,05412479783288713	50340	-0,11627872133099911
50350	0,021619910851752838	50350	-0,14241308294115937
50360	-0,005161456572222967	50360	-0,33070629085155034
50370	-0,039345342320824109	50370	-0,27411350334251122
50380	-0,06247422656448523	50380	-0,093061552512148024
50390	0,07981417403147277	50390	0,0068309444857111642
50400	0,027911490428541963	50400	0,0812813608194487
50410	0,019418333587281542	50410	-0,036340086014437896
50420	-0,056602678534557589	50420	0,11647548245175106
50430	-0,027838038362259381	50430	0,19112800886274403
50440	0,047343045342024104	50440	0,24945640589115087
50450	0,0050836093532844115	50450	0,19452674290915109
50460	0,0772851070861698	50460	-0,042692615714612636
50470	-0,075828067786083531	50470	0,040029108456365335
50480	0,016605772223869282	50480	-0,025258084478710082
50490	0,057676479774354431	50490	0,015466622573630996
50500	-0,011203394147142587	50500	-0,0882152271653759
50510	0,066588208778599847	50510	-0,31119168495480876
50520	-0,2270138016847589	50520	0,026188279695606019
50530	-0,006663723489211377	50530	-0,0448039638869563
50540	0,0015393032047394644	50540	0,15785568999403968
50550	-0,045567239804102634	50550	0,077896686387786324
50560	0,072940382524086189	50560	-0,03348682652205974
50570	-0,10397197347971428	50570	0,33230340856098367
50580	0,052530592410254116	50580	0,372146809389205
50590	0,03113509209873289	50590	0,50495745933012859
50600	-0,013251245201434225	50600	0,41975745603485709
50610	0,025444580850505636	50610	0,441512003668469
50620	-0,013391361644057749	50620	0,59987782575413318
50630	0,028528127318377706	50630	0,725102037240865
50640	0,11456629262457717	50640	0,80792371084532122
50650	0,14992752663499806	50650	0,86195167814942564
50660	0,14375065024121062	50660	0,7728478751134723
50670	0,0768355116705664	50670	0,65656035151517722
50680	0,0076008297250205826	50680	0,34993949037213751
50690	-0,043786871311699185	50690	0,010969997913055522
50700	-0,08894255752765	50700	-0,30695039848831285
50710	-0,092780327264252963	50710	-0,56962642782792172
50720	-0,084692517578956253	50720	-0,7717697656768715
50730	-0,044349713861005668	50730	-0,862887517406477
50740	-0,03498878137070819	50740	-0,90365611064102724
50750	0,0018194177343795344	50750	-0,86465335207166893
50760	0,017408217672049753	50760	-0,78919333855213458
50770	0,017213606432598182	50770	-0,65380894705199466
50780	0,034703828241019891	50780	-0,48381892832445861
50790	0,039954637974985108	50790	-0,28721166398439513
50800	0,00526461856693713	50800	-0,14103370371403187
50810	0,0037454039710319142	50810	-2,360783210597473E-05
50820	-0,0036675989347501226	50820	0,066713011813302969
50830	-0,011611186743943869	50830	0,08084912889290663
50840	-0,0095470544569757534	50840	0,063760635502959337
50850	-0,0082095015647336584	50850	0,032927073426143434
50860	-0,0019508917604476274	50860	-0,027813755109700869
50870	-0,02231339957842	50870	-0,069577494021468442
50880	-0,0098212739210565836	50880	-0,10831226002026714
50890	-0,013591962896207607	50890	-0,13291742905881673
50900	0,0059985273203713683	50900	-0,11718847424998576
50910	0,0065189827242795673	50910	-0,10606556126138031
50920	0,0011650884143252138	50920	-0,069766818350213186
50930	0,011986619870868588	50930	-0,017021748820934105
50940	0,018308440514439264	50940	0,0052973881279368123
50950	-0,00077418017279386035	50950	0,026031730082266804
50960	0,012473885781410373	50960	0,042624732483437226
50970	0,0015646047335219227	50970	0,036375362209985357
50980	0,0045521174603205868	50980	0,013612152958187235
50990	-0,01116676857871356	50990	0,015979460210288763
51000	0,016162320571827937	51000	0,0082960647865392961
51010	-0,013342546793806739	51010	-0,021140258363175263
51020	0,00870593359051041	51020	-0,022541858190898243
51030	0,001899097454492644	51030	-0,02337667217361214
51040	0,0050112723221297012	51040	-0,01920546909231283
51050	0,006962027632850162	51050	-0,0078157056557062489
51060	-0,0042873230982599054	51060	-0,009032616626021903
51070	0,0017404205964011571	51070	-0,0046180661672967863
51080	0,00080378465559597116	51080	-0,0068641377950891909
51090	-0,007600039507932233	51090	0,0064157074056073017
51100	-0,012691204130247297	51100	0,02853999677280324
51110	-0,0049559218200764714	51110	0,01589308751797746
51120	0,00046906788248718954	51120	0,01576383794466673
51130	-0,0043581775152858561	51130	0,00390141756433396
51140	0,0057796882634175888	51140	-0,00099044828857933719
51150	0,0062348484433042044	51150	-0,0015400965411467788
51160	0,0013140008943061967	51160	-0,011805499613673288
51170	0,0047681335694976078	51170	-0,010670531242317333
51180	-0,0011589321869203222	51180	0,0051062943194547386
51190	-0,0091216465973779654	51190	-0,0080414678090080047
51200	0,008662114883923263	51200	-0,010045417302651136
51210	-0,0026497691300956588	51210	-0,020235502839117892
51220	0,00063040982140735681	51220	-0,0049194266302662031
51230	0,0060712485474916141	51230	0,0048317656645452279
51240	-0,0082836110607550969	51240	-0,0021858488460107807
51250	0,0046163306277835943	51250	0,007692927757832293
51260	0,0019006125696209638	51260	-0,0053156947283031731
51270	-0,011510727418337086	51270	-0,0081281668745287715
51280	0,00018871316224844471	51280	0,0023964763139159083
51290	0,0040323464137141905	51290	0,00581210487235826
51300	-0,0020933747027031095	51300	0,012427447737332793
51310	0,00048034722898871775	51310	-0,0016339905584584322
51320	0,0044901222839787971	51320	0,0055674659647024366
51330	0,013520655543829979	51330	-0,014700990530007898
51340	-0,00565395746437989	51340	0,0059735266489560944
51350	-0,0057779085347034013	51350	-0,0013927140806069081
51360	-0,009774107075048841	51360	0,0024205724454804288
51370	-0,0087136489779187486	51370	-0,0010777929729072536
51380	-0,017057713760055108	51380	0,00074133234476679946
51390	-0,012831038594486989	51390	0,00024051496246972856
51400	0,0035049382244628806	51400	0,023285735997684711
51410	0,005039885280353036	51410	0,012502760652181741
51420	0,003192081958789136	51420	9,5427088776703145E-05
51430	-0,002527412594060658	51430	-0,004758116552959493
51440	-0,0029748338556832977	51440	-0,00032848440347835618
51450	0,0020380292662898242	51450	-0,0061180457188026172
51460	0,00046247144812324137	51460	0,0048495570160544026
51470	-0,0010631037502609386	51470	0,00029753576920344218
51480	0,0048932919112102211	51480	-0,00069528006627848416
51490	0,0067585425150753454	51490	-0,0023242942872600432
51500	0,0045285602790968594	51500	0,00039307804308935689
51510	0,0045095408230074628	51510	-0,010626953490019993
51520	-0,010890881908245895	51520	-0,006483928198966509
51530	-0,016581094941005257	51530	0,011087620115093252
51540	0,01282713702372003	51540	0,0056677264489092688
51550	-0,00043785904681004675	51550	-0,0041772849953164558
51560	0,0040517984462871146	51560	0,0034854138105542888
51570	-0,0025331783590717767	51570	-0,00890596597506292
51580	0,0028322720169740765	51580	0,00037473510671988272
51590	0,008404016313288765	51590	-0,006563394813623535
51600	-0,0052909023369670585	51600	0,0054109571255687317
51610	0,0034411234190435845	51610	-0,001710274222554457
51620	-0,011747418080649722	51620	0,0095981275988632746
51630	-0,00073701680389579689	51630	0,0057878586867588832
51640	0,00040282115106995563	51640	-0,0014688894814738895
51650	-0,018222995815919234	51650	0,010678321322404615
51660	0,0024945923654018853	51660	0,0055475078675275248
51670	-0,00292523252893926	51670	-0,000428096020730496
51680	-0,016286137629393363	51680	0,0024337327400502655
51690	0,0075350714648812975	51690	0,0027160818113786231
51700	-0,0056267802994279	51700	-0,00969630909933293
51710	0,00956096507316335	51710	-0,0082652922777950426
51720	0,0027427133574150853	51720	0,0049476601341397995
51730	0,00066842202395905772	51730	-0,0062408434126988268
51740	-0,003694733966391008	51740	-0,0043479265403899223
51750	-0,0093236778538036136	51750	0,0026901938191849638
51760	0,009370732117702469	51760	-0,00038222009210317547
51770	0,0053420992453885891	51770	-0,0048562743982721738
51780	0,0026300729249966715	51780	0,005539950666362212
51790	-0,00028333299332162593	51790	0,008315246861734427
51800	0,0041977212352370015	51800	0,0019951902283596367
51810	0,0020610353425494915	51810	-0,0020274037757738905
51820	-0,015631011048070815	51820	0,0085834151609428967
51830	-0,0061701677459308135	51830	0,0091337366853486771
51840	-0,0065687215528016773	51840	0,0036350216906934148
51850	0,0061922416402596841	51850	-0,0010830397947752576
51860	0,0052857766402871209	51860	0,010025896018222947
51870	0,0072082737921872206	51870	0,0065857069755895425
51880	0,0045791206139694993	51880	0,0010129937440743646
51890	-0,00245692799061735	51890	0,003299125164513693
51900	-0,0081469336614396516	51900	-0,0060118592512195881
51910	0,011746293063647686	51910	0,0088216052427749561
51920	0,00052819017372070947	51920	-0,0011829145709113819
51930	-0,0037135533075304834	51930	0,000251014052425745
51940	-0,0076894455584651687	51940	-0,0041874029773998882
51950	-0,015482970295714412	51950	0,00603519308527933
51960	-0,004100294468326336	51960	0,0059112029815294193
51970	0,00589645699670421	51970	-0,0081517032407553182
51980	0,010333604650357512	51980	-0,00935286252391511
51990	0,0019683720484935155	51990	-0,0093142553504507349
52000	-0,0019361126889910366	52000	-0,0015712570806632091
52010	0,0068131782824339959	52010	0,00261806975603643
52020	-0,0073122355889683952	52020	0,00010295710498546143
52030	-0,00830013748963514	52030	-0,0020897744910531573
52040	0,004093995161612898	52040	-0,0037555030005397916
52050	0,00788182310105235	52050	0,015742291972961696
52060	0,017093425634275274	52060	0,0023459916641270077
52070	0,013901505421347202	52070	-0,0035115583672802437
52080	0,0051337625796194124	52080	0,0042984960250420862
52090	-0,008437017415596354	52090	-0,0079844994779629634
52100	-0,0047524543111527968	52100	-0,0010272164562977366
52110	0,0031914906349252473	52110	-0,0073497144456223075
52120	-0,0045526912454892645	52120	-0,0046129470636863462
52130	-0,004853760622570793	52130	-0,0010152454770598464
52140	-0,0008127323782088305	52140	0,0050860331185064722
52150	-0,01269162437122443	52150	0,0056084011299831456
52160	0,011764259756677487	52160	0,010344344295585886
52170	0,0013963990206336586	52170	-0,0087763032059597033
52180	0,0067722101604426235	52180	-0,0017694776664032921
52190	0,0076161338416998745	52190	0,0017518267032584464
52200	-0,00093978288128627346	52200	0,0122595101906793
52210	0,0065722367007302754	52210	0,0016487070447013957
52220	0,00802187481489446	52220	0,01467678605846897
52230	-0,00045125968311844611	52230	0,0011216963442458097
52240	0,015057794913952365	52240	-0,0030038975303151865
52250	-0,0055828504301898728	52250	0,015997450910612821
52260	-0,019633051071536168	52260	-0,0048732190868689277
52270	-0,0085078083691370182	52270	-0,0045993733456912772
52280	-0,010708741765399051	52280	-0,0082234396696185957
52290	0,010325607147241671	52290	0,0017881444142493781
52300	0,0018246194532235732	52300	0,0092277468482525188
52310	0,020633318394598359	52310	0,0075957246319312121
52320	0,013404193439195593	52320	0,005902544868096775
52330	0,0042465631623766825	52330	0,002664645620311254
52340	0,00632015736827928	52340	-0,0068382435889333473
52350	-0,00445530980982355	52350	0,001020518011419393
52360	-0,0081035059205241226	52360	-0,0069010963685920248
52370	0,0038420815276883186	52370	-9,38234369686702E-05
52380	-0,00014802054804068915	52380	0,010158738025532171
52390	0,0051431775704410387	52390	-0,01648270824648505
52400	-0,0117617112349476	52400	0,0011846151285480138
52410	0,0080064678052120877	52410	0,0010559043522529493
52420	0,001245846940280182	52420	0,0041402876821524295
52430	-0,015401352108303606	52430	0,0032965012613168005
52440	-0,0027360271565616151	52440	0,0077339817028155679
52450	0,0028393290227817915	52450	0,0031397969063564186
52460	0,0012032280485277536	52460	-0,007227490738003094
52470	0,0069873467062222918	52470	-0,0056447036408077966
52480	-0,010654561684477076	52480	-0,0093892176755800191
52490	0,0049569047955236806	52490	-0,0056152006848686513
52500	-0,010402679492723145	52500	-0,0085211496571349632
52510	-0,010130951382483369	52510	0,0027281791104644256
52520	-0,0012940583710347035	52520	0,0013351146736600371
52530	-0,0051869796886717954	52530	0,010057919950005597
52540	-0,00393487377300681	52540	-0,014567998035576946
52550	0,0069346421935824716	52550	0,0068665805559238449
52560	0,0095794483988223059	52560	0,005907014122609181
52570	0,0095211704928620453	52570	0,014032694339632411
52580	0,014694242810780482	52580	0,0013677903220810509
52590	-0,00902744817837817	52590	-0,010467038183088367
52600	-0,0044511373436894649	52600	0,002792071918193906
52610	-0,0032965387809719923	52610	-0,0033836197364843796
52620	-0,00799653232091271	52620	-0,01303277034007821
52630	-0,0057344625704802941	52630	-0,008820971506815484
52640	-0,0048066367058029877	52640	-0,0019338784700821405
52650	-0,011847899931879673	52650	-0,008877555645503004
52660	0,00092935999887096125	52660	0,01478805324505548
52670	-0,0088062560033020237	52670	0,00081279348564060089
52680	0,011569640605689168	52680	0,010432914545098919
52690	0,00625461526961378	52690	0,010122414595728971
52700	0,0018923421038530982	52700	-0,00050857465910010579
52710	0,01619677660543933	52710	0,00539258266974333
52720	-0,0032268845377609718	52720	0,0077042635969241571
52730	-0,00075771369813303633	52730	0,0022076577380162597
52740	0,0086446645949514612	52740	0,0031266884791755138
52750	0,0012558809615431375	52750	-0,003750299695744985
52760	-0,0023545238091157994	52760	-0,0082147646800512179
52770	-0,01072389659277048	52770	0,00118799058819883
52780	-0,020294117593687894	52780	-0,010496377128560757
52790	-0,0020608688116080282	52790	-0,0049479157112616448
52800	-0,01154274690792175	52800	0,0050390574922130806
52810	-0,0076131775668484211	52810	0,0046059471182046587
52820	-0,015039995799176966	52820	0,013701557397472898
52830	0,0087082492878197935	52830	0,0041724581979165412
52840	0,0078915296238073057	52840	0,010684123644641186
52850	0,00059551235079183284	52850	-0,011499142780919982
52860	0,0038696289437783176	52860	0,0070742750346522347
52870	0,0017407850150638253	52870	-0,0092523825437282291
52880	-0,0080614782161693415	52880	-0,00052131606637275773
52890	0,0043124094376288252	52890	-0,0173609063880219
52900	-0,012985001087631797	52900	0,0093423065245419566
52910	0,0097328349947577754	52910	0,001118909424489624
52920	-0,020047201468693449	52920	5,8377890954296519E-05
52930	0,00310310722605181	52930	-0,0076351141458672047
52940	0,003556314120395298	52940	0,0025188016391917319
52950	-0,001086362073852033	52950	0,017801986043415541
52960	0,010218825862375588	52960	-0,0021031949343462333
52970	0,010938831194486963	52970	-0,00026669147264546942
52980	0,0010813577611047086	52980	-0,0034927370572523284
52990	0,00795453507349638	52990	-0,0076076071441454288
53000	-0,0031235330916257625	53000	0,0033067133463398624
53010	-0,008013840301429041	53010	0,0046741256438225685
53020	-0,0068105530055614337	53020	-0,0087769432441406024
53030	-0,01091549711106834	53030	0,011370311252977789
53040	0,0030374076121658889	53040	-0,00078223276442845391
53050	-0,0041320240152777719	53050	0,0018690453866952927
53060	0,0058380964225123871	53060	0,0140631310624918
53070	-0,0062753195327273333	53070	-0,014721026506352479
53080	-0,015904783306335955	53080	-0,0069276773504642524
53090	0,0018745574913720234	53090	0,0085129852145499046
53100	-0,0036742598445698065	53100	0,0088510418246573377
53110	0,021157938786039377	53110	-0,00097195868453410679
53120	-0,019528947262272642	53120	0,0020757417484162646
53130	-0,012872760864189143	53130	0,014127520816511788
53140	-0,00077149930817424451	53140	-0,0023769361104540279
53150	-0,001361080485899108	53150	0,0048110167657324718
53160	-0,0041922810888161627	53160	-0,0047006794738828125
53170	-0,011521685868237869	53170	-0,0012401411725852863
53180	0,0030905453345847875	53180	0,0021805666086855335
53190	0,022861856517417404	53190	0,00011357889134937955
53200	0,0073477188786904811	53200	0,0025518064564866733
53210	-0,00043991728664257633	53210	-0,006114285892243213
53220	-0,0072578529489754715	53220	0,0047295899579117996
53230	-0,014716479188518523	53230	0,0022641581660445965
53240	-0,014337027058842509	53240	-0,009011430768457002
53250	-0,004442058912935816	53250	0,00859441858495055
53260	0,012382942224165264	53260	0,0021422265906231252
53270	0,0014944078614377923	53270	0,0034137660420406734
53280	0,010087844179344612	53280	-0,0049363843476723478
53290	-0,0038863836756236371	53290	-0,0011904317824063637
53300	0,011396887020300716	53300	0,008090362635948296
53310	0,00049442958243330558	53310	-0,0086328999184055975
53320	-0,01231533486048726	53320	-0,0060686577034266215
53330	-0,0010125685686726241	53330	0,011130685021088063
53340	0,0024822349587515819	53340	0,00260509416170469
53350	0,0013263002040617628	53350	0,0029108798072063893
53360	0,0051644328420149595	53360	-0,0027365205152372158
53370	0,016034075801126191	53370	0,0060702757823986224
53380	-0,0042386118568846221	53380	0,0054185500439740452
53390	-0,01784865993694219	53390	-0,0053057212002642152
53400	-0,010272069188754987	53400	-0,0061496783714444815
53410	0,014809307732813783	53410	-0,00879409696575885
53420	-0,00950482976817815	53420	0,010936575698993
53430	-0,012553139866249948	53430	-0,0025322782887932916
53440	0,024812460087591279	53440	-0,0064598945151795786
53450	-0,0031795783200579161	53450	0,0010686084057291341
53460	-0,011177512016423002	53460	-0,002403906533345298
53470	-0,00196222044730338	53470	-0,0034267895503157682
53480	-0,0010834908819025463	53480	0,0014993605999580057
53490	0,000895195816810218	53490	0,0053923490959010278
53500	-0,021275281749513229	53500	-0,00020059265578234491
53510	-0,00017232077267093302	53510	0,0021534553812278573
53520	-0,025670438592994949	53520	-0,0036846229986402293
53530	0,0076159951002067921	53530	0,0029425816660079871
53540	0,0016844998659134389	53540	0,000588613157283025
53550	0,006204866956493079	53550	0,00038508446266999655
53560	0,0086583284605363919	53560	-0,0078363710295273163
53570	0,0070511420453627984	53570	0,007114665389797434
53580	0,0066518217533560317	53580	0,0017221313134066756
53590	-0,0064481310733247041	53590	0,014189375144053044
53600	-0,0074489843832557462	53600	0,020323024254872941
53610	-0,0017184483533066789	53610	0,083209473263096634
53620	0,014201014905195038	53620	0,19176746618276949
53630	-0,0073957125486860155	53630	0,31273521982640035
53640	0,00028673639745910372	53640	0,47757609345377938
53650	-0,003450160080859006	53650	0,64250162990565485
53660	0,0064892479091625621	53660	0,74750762116976055
53670	-0,0029760690353283674	53670	0,81285033769193848
53680	0,029828145181096086	53680	0,78381148097227171
53690	0,065746646236783682	53690	0,70678565940811744
53700	0,12520500617854444	53700	0,620641778252685
53710	-0,0010324431151547307	53710	0,456064752564793
53720	0,0063724244620332682	53720	0,17916220421598736
53730	-0,041133634134123458	53730	0,22109865681185065
53740	-0,07427600903196	53740	0,25171881191622003
53750	0,070286975112929126	53750	-0,1867879875889267
53760	-0,062163036968042124	53760	-0,50953712007299024
53770	-0,040097098138707411	53770	-0,9234079439621582
53780	-0,0031071545812467556	53780	-1,1100367457524814
53790	-0,087334057210259386	53790	-0,81332104516260861
53800	0,11243317566581559	53800	-1,0819754982520906
53810	-0,047188430102926775	53810	-0,83433917764833143
53820	0,015386063177417938	53820	-0,84833962474336166
53830	0,019661493433790766	53830	-0,44796140979665744
53840	-0,032398393618779109	53840	0,033515546652874248
53850	0,13269319052880063	53850	-0,072975670728599132
53860	0,0027976086791263238	53860	0,083368266854115164
53870	0,040662804300578816	53870	0,0665195175042338
53880	-0,036443607501034404	53880	0,32854586745072756
53890	-0,074390108856143028	53890	0,33362098069196411
53900	-0,0261657000909393	53900	0,15287471627332969
53910	-0,065310965875582758	53910	0,028003161006575929
53920	0,017755103021235081	53920	-0,12233076335086497
53930	-0,037017781047916525	53930	0,10505934896906681
53940	0,0523123775557564	53940	-0,057908649147030866
53950	0,084019843157268487	53950	-0,17334987463803814
53960	0,042947076781540458	53960	-0,30356287453778946
53970	0,039342019876051695	53970	-0,28208435810710725
53980	-0,043006727059119704	53980	0,083043259546472722
53990	0,079792907803014609	53990	-0,025447513618377937
54000	-0,045255552260352716	54000	0,00066099183632554992
54010	-0,061531208283990911	54010	-0,12703310104728155
54020	0,00039437300471943676	54020	-0,072892815845288172
54030	-0,12627484300905095	54030	0,3754453485501198
54040	0,15452612589550666	54040	0,019949046813716821
54050	-0,0357511591260951	54050	0,025551571595127356
54060	0,019839864524419132	54060	-0,23764317834982915
54070	0,015828026479089517	54070	-0,087503580779410034
54080	-0,028185845442140985	54080	0,12778079354175773
54090	0,15056035037285187	54090	-0,27084533000114164
54100	-0,041218379085763153	54100	-0,31101731275932171
54110	-0,0039100365089258411	54110	-0,52123700692689467
54120	-0,03305874694588206	54120	-0,4072674886928237
54130	-0,073381096347598	54130	-0,28879849887150166
54140	-0,0034977998091063217	54140	-0,56674451831785511
54150	0,011496233632921014	54150	-0,68437511086679936
54160	-0,1084682139496599	54160	-0,78772363399763079
54170	-0,036935864294504232	54170	-0,89350528072046775
54180	-0,028479728594013994	54180	-0,888096778651835
54190	0,0043691601147942067	54190	-0,7333521331616184
54200	0,023039822601179278	54200	-0,45109625178261076
54210	0,090057790813606473	54210	-0,09005822459922011
54220	0,075690410747466769	54220	0,25984131515454234
54230	0,079673981301635374	54230	0,598703459170777
54240	0,045269459150723675	54240	0,78931788305821915
54250	0,0072123382262872984	54250	0,92029081426388148
54260	-0,016614992167094205	54260	0,96734005792377453
54270	-0,052835065214518064	54270	0,92014427148013955
54280	-0,078187194641063745	54280	0,79732454619308457
54290	-0,0760675441764962	54290	0,64280290797593986
54300	-0,063336302949625181	54300	0,49065905876765176
54310	-0,033998106967482469	54310	0,276087436404154
54320	-0,027033608690872152	54320	0,11135322218343896
54330	0,020946057118366564	54330	-0,012277970002232764
54340	0,04875444802422358	54340	-0,08051612598418087
54350	0,030068793331190915	54350	-0,10039054551608193
54360	0,045982483105052686	54360	-0,078068376590887542
54370	0,041099143608460467	54370	-0,03505980151801194
54380	0,014419259609306786	54380	0,016960756539512369
54390	0,0033994918332132915	54390	0,095526235264564732
54400	-0,010856747589184682	54400	0,11241795920867485
54410	-0,014725988921411429	54410	0,13602427164368414
54420	-0,011019211075403837	54420	0,13094780619384777
54430	-0,011401714198591552	54430	0,10657165033664932
54440	-0,0053950396918350336	54440	0,0636705028397932
54450	-0,005483104759396726	54450	0,03732976183223459
54460	-0,00784028636767417	54460	-0,0074722867312753041
54470	0,016910169670718598	54470	-0,027463561627204935
54480	0,011833690728688669	54480	-0,046338474258376304
54490	0,014560063040379089	54490	-0,057246799151119916
54500	-0,0035261961210100064	54500	-0,035113028237259813
54510	0,019210599597536644	54510	-0,019259709866580075
54520	0,0088189265362556765	54520	-0,0094625872013460854
54530	-0,0055955747916050756	54530	0,022161866540670341
54540	-0,0047783509244560714	54540	0,029345189235644581
54550	0,0027135774995777693	54550	0,042877804077092227
54560	-0,0067237271560453612	54560	0,04119858251754642
54570	-0,014647222125272551	54570	0,025394063398517398
54580	0,0010125248088856695	54580	0,018858330601267716
54590	-0,0059935961883494909	54590	-0,0064971035444902087
54600	0,0059893275787234867	54600	-0,0063713099318129579
54610	-2,184771376684898E-05	54610	-0,0076997790709029922
54620	0,00722791576255959	54620	-0,010287503750938641
54630	0,0098696315565215686	54630	-0,008359892330662505
54640	-0,0080846655245899041	54640	-0,010294998142981677
54650	-0,0021958538284019783	54650	0,0034664276027470656
54660	-0,00887590632248839	54660	-0,0058515057626095752
54670	0,0078510416863327836	54670	0,003113938931461468
54680	-0,0059534189302220377	54680	0,008250960397286445
54690	0,0079370118585750989	54690	0,0045247649288470138
54700	-0,0011311659681188767	54700	0,011015046292765831
54710	0,006638960265115343	54710	-0,012852570381794243
54720	-0,011146003196909175	54720	-0,0038703158943586831
54730	0,0096840869173830078	54730	-0,0015045614388825331
54740	-0,007807899450308152	54740	-0,0016844876602014
54750	-0,014253083306231117	54750	0,0010041188179224416
54760	-0,00954020622122215	54760	0,0013188403549453717
54770	-0,012481957499834427	54770	0,0017627201792791017
54780	0,0095273835940338763	54780	-0,0022666235685746628
54790	-0,012834018312983246	54790	0,0025721535236577033
54800	0,001444296135473787	54800	0,021696539333128068
54810	0,011662929180513553	54810	-0,0041830352597069555
54820	0,006013899510554371	54820	-0,0039959647332203406
54830	0,0063565497272606453	54830	-0,00896851883657057
54840	0,0097042985900503455	54840	0,010845727618441188
54850	-0,017303205259156362	54850	0,023950598833779774
54860	-0,005050722347671407	54860	-0,0062455311605546611
54870	-0,0070782732706455489	54870	-0,00851108620403747
54880	-0,0055905396696983578	54880	-0,0071092188530570014
54890	-0,0035799853559587858	54890	-0,015989859285848843
54900	-0,00079326378448013352	54900	0,0060258389651649657
54910	0,019924177704439369	54910	0,0054751112872040222
54920	0,0069774414555498019	54920	0,00087726216245377826
54930	0,011196164049830728	54930	-0,0126797666198566
54940	0,011696636084681978	54940	-0,00072667514717333426
54950	0,0057267435121436255	54950	0,0026210369054329688
54960	-0,010246854193837309	54960	0,0030504275071961805
54970	0,001836504205075453	54970	-0,0093809367274239781
54980	0,00019647230607389596	54980	0,0067137133874120977
54990	0,0080160379643795868	54990	-0,0063917079300403893
55000	-0,004343121971598138	55000	-0,000911692493827645
55010	-0,0004990714370333106	55010	-0,016625924183737869
55020	-0,010963797588890937	55020	0,016519654632494423
55030	-0,003873315397648723	55030	-0,013843895443436971
55040	0,011589612570750328	55040	-0,010036012621248723
55050	-0,006567985393557272	55050	-0,001053609378669689
55060	0,0057696824346954324	55060	0,0024352401149031178
55070	-0,004979600463408093	55070	-0,002222281646426291
55080	-0,0040703613298858649	55080	0,001112189625993304
55090	-0,0085984154442725266	55090	0,015210475788687613
55100	-0,0070301245019786535	55100	0,0027476558860104225
55110	0,002534533290846078	55110	0,0056448579388899359
55120	-0,016164276319982258	55120	0,0042526438570759566
55130	-0,003999870832558928	55130	0,0034109800805356386
55140	0,00747897870217952	55140	0,00033010494774334475
55150	0,016798139922215884	55150	-0,010492909559266172
55160	0,013081003999676471	55160	-0,00562690534193609
55170	-0,0015357663022383579	55170	0,0011143014551671952
55180	-0,012231117852766161	55180	-0,013685210922726546
55190	-0,011554546333166426	55190	-0,0098613473138057968
55200	-0,0064645824205588056	55200	0,010896179847203721
55210	0,013630821579832104	55210	-0,0052332923978864569
55220	0,0047353877737077105	55220	-0,0040963227567143434
55230	0,0017672063825550557	55230	-0,0014469319026619595
55240	-0,0018063940856662124	55240	-0,011189888643554531
55250	-0,0011095066020221289	55250	0,0058982385032017972
55260	0,0026258889634925334	55260	-0,0042458918570705169
55270	0,017175374242654255	55270	0,00023416900235176727
55280	0,0052572324762213884	55280	-0,0053007084288356713
55290	-0,0031289017367585065	55290	-0,012279073555529147
55300	0,0084553091043810379	55300	-0,0062344208710058552
55310	0,0051761333184255536	55310	-0,013988953728294482
55320	-0,00033055981867023362	55320	0,0039769452618546725
55330	-0,0063640310279384511	55330	-0,0077985942493456074
55340	-0,00063974743250098151	55340	-0,00068074686137074478
55350	0,015372404175506942	55350	0,020273410562816886
55360	0,0034729978384324656	55360	-0,0045576597587985235
55370	0,00058933371628337337	55370	0,002612000271822562
55380	0,0018799329239845431	55380	0,011441036129343671
55390	0,0081934658630822832	55390	-0,0061849222496250323
55400	0,0082717745713004939	55400	0,00094091862716410028
55410	-0,0015243286605118875	55410	-0,0055235275760744783
55420	-0,00982834843503402	55420	-0,0036232315842690444
55430	0,0081045947506172746	55430	0,021025935174751223
55440	-0,0041567325167626264	55440	-0,011735541737556237
55450	-0,011956643294341133	55450	-0,0010185207832296166
55460	-0,015838205255640045	55460	-0,016187588770416837
55470	0,004677579532326101	55470	0,016463854141771473
55480	-0,0047040046773441655	55480	0,0093169087661329111
55490	0,012148173892180054	55490	-0,0042954150215688885
55500	-0,0054446174631684226	55500	0,0026924157910027243
55510	-0,0039089909482504757	55510	0,0070329880257700272
55520	-0,0064046868756581143	55520	0,0063848333413163141
55530	-0,0066437094616230786	55530	0,0048875458128293248
55540	-0,0014403691525462195	55540	0,02044530375633026
55550	-0,011631404768149363	55550	0,0023729315006677664
55560	0,0016277400942698317	55560	-0,0066151130290477865
55570	0,0022025508889458247	55570	-0,0025734992847365832
55580	-0,0025696687397300465	55580	0,011007705909711845
55590	-0,012306484558359438	55590	-0,0084234626745992528
55600	0,006518947168038444	55600	-0,0038729874926953204
55610	0,0070049235792405363	55610	0,010124787940321884
55620	0,0026293925008497357	55620	0,0027952904442071123
55630	0,004663812979890907	55630	-0,012799862235125015
55640	0,0062699684227361272	55640	0,011359938217384485
55650	-0,011243753307881773	55650	0,0027206223143263239
55660	-0,0016578237121605483	55660	-0,0020010879964737372
55670	-0,001165957905464304	55670	0,0037196987514336033
55680	0,011241804329004176	55680	-0,0024180801823963116
55690	-0,0059235785631270134	55690	0,0062472580625622274
55700	0,0029158820901805924	55700	0,0071616136020137069
55710	0,00060421471908834914	55710	0,008019408111770987
55720	0,011812432396849551	55720	-0,0008931510749335675
55730	0,0017429006933717584	55730	0,0028537638901333785
55740	-0,00669150807687763	55740	-0,0019979773255216263
55750	0,0049402862179158914	55750	-0,0052716106998259658
55760	-0,0039319817955468447	55760	0,0019484269527674464
55770	-0,0049271995315787222	55770	-0,00087049740175830211
55780	0,0015590783701938196	55780	-0,0077046206049439419
55790	-0,0009146797482584365	55790	-0,0044885640653634972
55800	0,0043493884214440559	55800	0,0055645362637506595
55810	0,018142695298815362	55810	0,0013717132736278915
55820	-0,012534831908521631	55820	0,005764711936171874
55830	-0,00055920171112026559	55830	0,015173410164388007
55840	4,4000558336860753E-06	55840	-0,01043422334888547
55850	-0,012702429595037918	55850	0,00011879119148656697
55860	0,0056105660964189206	55860	-0,0017625433072099008
55870	0,0028156566024684715	55870	0,00139816208153252
55880	-0,011275597958567548	55880	-0,0019120781027792085
55890	-0,0042199237870681671	55890	0,0014672643159246482
55900	-0,0081843945399637779	55900	-0,0060394513138187639
55910	-0,001933281142169771	55910	0,0018500179330740512
55920	-0,0014312333314154635	55920	0,007745980136402467
55930	0,0048984584106371723	55930	0,011629706164351862
55940	0,0036809791552137403	55940	-0,003837338424186717
55950	0,0016822441679602983	55950	-0,010173102286886058
55960	0,011889090057212707	55960	-0,0047019035458458524
55970	-0,0065095253566344715	55970	-0,003681349237302396
55980	-0,014233606626310595	55980	-0,012500486766315561
55990	0,0025294419346222488	55990	0,011803597037856894
56000	0,0054617301007397773	56000	0,0039264433682289828
56010	0,0016632397669486679	56010	-0,0058368328478835795
56020	-0,015977025244710012	56020	0,00911053328582992
56030	-7,1579303387008035E-05	56030	0,0047161897106530754
56040	0,0067290912576094585	56040	-0,0042979707779738875
56050	-0,0087685295360531868	56050	0,013817160695844178
56060	-0,002705247749470919	56060	-0,0025073977795227681
56070	-0,0052998404367855991	56070	-0,0052959481974924416
56080	-0,0019171556511214652	56080	0,01254980205554942
56090	-0,0044729293270333956	56090	-0,001995432278481514
56100	0,0029267638647974543	56100	-0,0059817666105627708
56110	-0,00036943745681950553	56110	-0,0042629624574593841
56120	-0,0058308169614655608	56120	-0,000893305695142829
56130	0,0016164818112342049	56130	0,0047253706120619606
56140	0,01310495803558678	56140	0,0058584331859961349
56150	-0,015067678176711452	56150	-0,00034203262634841734
56160	0,0051443310645628536	56160	0,002529166794978375
56170	-0,001855647739319437	56170	-0,00089830456688134584
56180	0,00100566375496492	56180	0,0080796418757383068
56190	0,0019792111768574465	56190	-0,0031816129195303
56200	-0,0067297418385877219	56200	0,0019532220546110849
56210	0,0032416452139701238	56210	0,0015317620649602255
56220	0,0048434132988371143	56220	-0,00037510204764731945
56230	-0,0083836580351817	56230	-0,0031055302390029329
56240	-0,007553353110414749	56240	-0,018676094988085694
56250	-0,0052512519439043854	56250	-0,0019007156248390823
56260	0,0164508129814061	56260	-0,0046018328596495505
56270	-0,0043189057127228613	56270	0,0013219622594496437
56280	-0,00053560257789055045	56280	-0,004451081563478133
56290	0,0076855476875838562	56290	0,019011773476006796
56300	-0,0030227385568608153	56300	-0,0024120298870110427
56310	0,001798390991701014	56310	-0,0025125877706179737
56320	0,0093862978732500938	56320	0,0041532880685157631
56330	0,0064924360681373281	56330	-0,00033292046801638319
56340	-0,011501812150091864	56340	-0,0071704103158027176
56350	0,0027929967282983937	56350	0,0075462724461724034
56360	-0,0018701459702536987	56360	-0,0073924964193947248
56370	0,005466040147861331	56370	-0,0077423112058993705
56380	0,0015985466145792037	56380	0,00058961865999419632
56390	0,012739382687641715	56390	0,013778229809999102
56400	-0,0011470335000795156	56400	0,016581800095300758
56410	-0,006598057054645853	56410	-0,011585330536839359
56420	0,0096776674840166246	56420	0,013390438917110347
56430	-0,0093418057215801948	56430	0,0044871539105143148
56440	-0,0059679699757424617	56440	0,0011997440749342862
56450	-0,0009179157781136274	56450	0,0078011582140137693
56460	0,0029262334951414711	56460	-0,010489403913377092
56470	-0,018601725091531303	56470	0,00042353636228032913
56480	-0,0037556036632564738	56480	0,0078782870107321056
56490	0,011832938363982696	56490	-0,003631168125228487
56500	-0,012182175111271352	56500	-0,0028719379804133423
56510	-0,0013054804864721416	56510	0,0013172812075641287
56520	-0,0024870545148101466	56520	-0,00762608975595891
56530	0,00045488472773896974	56530	-0,0040690890046814763
56540	0,015746025038602649	56540	0,0099474949982020933
56550	0,010738831537061145	56550	0,012814282241562605
56560	0,017800782226200129	56560	0,010330651691611755
56570	-0,014538188541612596	56570	0,012319368565406757
56580	-0,013679695682259368	56580	0,0047242758256440384
56590	0,0040550072622387552	56590	-0,01000822018112889
56600	-0,012436343670264527	56600	-0,0074006603418614548
56610	-0,0071142511210512578	56610	-0,017277800340206727
56620	-0,00091007618908524259	56620	0,00816917544451483
56630	0,0078977157608126156	56630	-0,0038891315800754118
56640	0,0050162212060640508	56640	0,00857880561690919
56650	-0,000778480628147572	56650	0,00715307927170448
56660	-0,00403180068669738	56660	-0,00022762384707262045
56670	-0,007151046248836777	56670	-0,00327783285045697
56680	-0,002949854864839611	56680	0,012976896887922057
56690	0,0092886519923209843	56690	-1,4892933006256132E-05
56700	0,0024154242410201095	56700	-0,011682156452292383
56710	0,016958297007595335	56710	0,0002145877754093441
56720	0,0067057884976128856	56720	0,0083750587710695133
56730	0,0021480218962117749	56730	-0,0018433343322755722
56740	-0,0098986524092596929	56740	0,0028346055782340258
56750	-0,015104846110952466	56750	0,003859032547701766
56760	-0,008801930488280112	56760	0,0016514650552822527
56770	-0,01665628985632045	56770	-0,005951279168265323
56780	-0,0039090056970225414	56780	-0,0020726553383322373
56790	0,00275942938966114	56790	0,0083975787060896791
56800	0,0021664646180308933	56800	-0,0066127333815357726
56810	-0,0089621015077657046	56810	-0,00668534215277176
56820	0,0089055275431998	56820	0,013597408289470071
56830	0,013949377462429075	56830	0,0157429041320866
56840	0,02222266353413779	56840	-0,0073919238964059806
56850	-0,003043574528751238	56850	-0,0037692699267786608
56860	0,0073422843454626517	56860	-0,0084881397382586873
56870	-0,0024629438076956664	56870	0,008008396724382116
56880	-0,011732108062643675	56880	0,0054100150389332366
56890	-0,010845745885514506	56890	0,0034228945657133847
56900	-0,010342474011985459	56900	0,0055985228671492906
56910	0,0039434604073443277	56910	0,011177526376282372
56920	0,011366854371546482	56920	-0,0087620139614929746
56930	0,013575046519663556	56930	0,00903031958053446
56940	0,0081325104869954153	56940	-0,0016294880189132483
56950	-0,003551317752301747	56950	-0,001753489672545544
56960	-0,000970935128913293	56960	-0,0054711053184226107
56970	0,0081212273955167755	56970	-0,0060695722546411247
56980	-0,0043222540589823218	56980	-0,00098665712055050312
56990	-0,0031736691435341161	56990	-0,0092008039768763615
57000	-0,012960713474284487	57000	0,0071362454384425369
57010	0,0016079816439064805	57010	0,0023859605937393081
57020	0,0099169661158063031	57020	0,0027959842706869607
57030	-0,0050043972481658774	57030	0,0022109269466331484
57040	-0,0058003714104074688	57040	-0,0038418701435968053
57050	-0,0083276960738586751	57050	0,0020040162059189776
57060	-0,0032993728958239572	57060	0,010608154403896774
57070	0,015644842647686587	57070	0,0062269676356701336
57080	0,0075457291669651727	57080	0,00790611695618933
57090	0,0087204257404514679	57090	0,0026914365862142644
57100	-0,01600703823564056	57100	-0,0040400890175105349
57110	0,007622086114630766	57110	0,0030954860963263455
57120	0,016115433232888204	57120	0,013155787879913498
57130	0,005280510755236916	57130	-0,0036975467847680759
57140	0,0015296855149761921	57140	-0,012325208936269925
57150	-0,01527192461564536	57150	-0,0036576702970388467
57160	0,0011756827510021636	57160	-0,00575300393263447
57170	0,0047290327214862728	57170	-0,00080943332581248965
57180	-0,0056176203046845175	57180	-0,0038777400246913615
57190	0,014039123839750861	57190	-0,002868562476787418
57200	-0,0052331127522692892	57200	0,019600572726257752
57210	0,0070465456342643975	57210	0,0098484244456628
57220	0,00055235574977868253	57220	0,0054372038040963631
57230	-0,0050633365546681238	57230	-0,0053842953348864813
57240	0,0084618089137487671	57240	0,0021318653213025693
57250	0,00091032283024215321	57250	-0,0077224891742151362
57260	0,0020069937045430887	57260	0,0016233660276054075
57270	-0,01079040332439539	57270	0,0060322458687169086
57280	-0,009364337925614875	57280	0,0020302222435599295
57290	0,024687986857421757	57290	-0,0062293185691803333
57300	-0,0043274205651459962	57300	0,0028740115140576078
57310	0,0024909970070369192	57310	0,0014322025749940199
57320	-0,0012794538718579986	57320	0,018672830984125786
57330	0,001677695818169473	57330	-0,0040861287359280785
57340	0,00537944384248855	57340	-0,0033154480430330189
57350	-0,0094445914724644846	57350	-0,00257984669048744
57360	-0,0013513123442012096	57360	0,0095383574404626133
57370	0,0010187736318719282	57370	0,0025251383237562268
57380	-0,0019350390695366206	57380	0,0015307287658053387
57390	0,015739778970612545	57390	-0,0035504892220056855
57400	0,0019631245025038538	57400	-0,0041640052906371213
57410	0,0035182900154873114	57410	-0,010375815149067222
57420	0,0069522139230217455	57420	0,0061075145038770717
57430	-0,0026267861375368238	57430	-0,0096190623786058613
57440	-0,011212570892336737	57440	-0,007007073027368152
57450	-0,0013502024045715499	57450	-0,0085181052827045731
57460	-0,0049810210671864304	57460	0,013492802391138158
57470	-0,00081289243161028826	57470	0,0038571754469874826
57480	-0,0040646798943335749	57480	-0,0054772048354085525
57490	-0,0031367970452296514	57490	-0,0022452895301234253
57500	-0,0031840924164147325	57500	0,0090887888241461528
57510	0,0031436636955543273	57510	0,00080968598552469948
57520	0,0094038675485876109	57520	-0,0044242151584332938
57530	0,0026920386413308139	57530	-0,0014165036304501623
57540	0,0057599361721356835	57540	0,0044350577374620411
57550	-0,00092061675029227413	57550	0,0049128233163957683
57560	-0,0073230841609027916	57560	0,0032676050721475026
57570	0,011837741731871125	57570	0,0057268531157074346
57580	0,0038447216418056843	57580	0,0063051310859676309
57590	-0,0113729546499594	57590	-0,01108574999867706
57600	0,0008871674235148752	57600	0,015235665243276259
57610	-0,00065240344714923883	57610	0,0037520827014095193
57620	-0,0086165507430044034	57620	-0,018393607883677995
57630	-0,0095619080282227254	57630	-0,0030911838390748074
57640	5,8393115279204681E-05	57640	0,0050264309466933887
57650	-0,0077319412319928841	57650	0,0038490535417522349
57660	0,0057533075853991259	57660	-0,015375063670560143
57670	-0,0024466173789337415	57670	0,0049310664124497684
57680	0,0029109045597725744	57680	0,015402066766133987
57690	-0,0036241385243452849	57690	-0,0007178639286687425
57700	-0,0094518702395852919	57700	-0,0064415312793200891
57710	0,00098275033643838465	57710	-0,013601348397486945
57720	-0,0077147841772880329	57720	-0,083687018863067716
57730	-0,0169898560873911	57730	-0,18954804025082686
57740	0,012308757396942269	57740	-0,32481119550473742
57750	-0,0040421500492003447	57750	-0,47031813318713067
57760	-0,004628656260048815	57760	-0,62227032419306738
57770	0,0095249455071847022	57770	-0,75357815505265024
57780	0,0091312765100050736	57780	-0,84820952225092117
57790	-0,001987570475859565	57790	-0,82791793466605568
57800	0,081135931068388137	57800	-0,79600626452081724
57810	0,029742716202573367	57810	-0,70116567260837537
57820	0,12853340707243643	57820	-0,332174878129555
57830	0,010579290112655871	57830	-0,072120774346069033
57840	-0,044069321500268668	57840	-0,24582028000649212
57850	0,0017797406632276761	57850	-0,23492619606497822
57860	-0,1185294864494186	57860	0,17152147825140146
57870	-0,0031180227359962395	57870	0,45852901893433462
57880	0,0015218683584527599	57880	0,878911521438843
57890	0,00046637484008727408	57890	0,9579909473652144
57900	0,077469729236429391	57900	0,91868258024275418
57910	-0,15212264375262258	57910	1,2048425952692858
57920	0,029179168569790793	57920	0,97850172768360322
57930	-0,0032027319347507971	57930	0,89512181809050284
57940	-0,027313260624150553	57940	0,39804159693487862
57950	0,049228050041683347	57950	-0,011473109684701244
57960	-0,11886477923632256	57960	0,089379352682060167
57970	0,047953121003482486	57970	-0,098105933041240878
57980	0,014238784197255565	57980	-0,11580269421552335
57990	-0,018519677354683975	57990	-0,33299759057547
58000	-0,027628162614264349	58000	-0,25813620238268958
58010	-0,045369344586367488	58010	-0,11353185370427456
58020	0,0827327525835012	58020	-0,00559523789196013
58030	0,021322299205566796	58030	0,084370453447634386
58040	0,01262562692682735	58040	-0,040181716943225559
58050	-0,047088700920659532	58050	0,11200483992484384
58060	-0,032653352977161307	58060	0,19081799796403
58070	0,048240781174897558	58070	0,25625757449334791
58080	-0,016529923681497496	58080	0,18462704532420621
58090	0,067218340130685186	58090	-0,082097865153599361
58100	-0,072055094935533248	58100	0,059080895211138
58110	0,02386994778895489	58110	-0,013844932521652311
58120	0,071314942795034836	58120	0,018638738187980272
58130	-0,0048137037234016388	58130	-0,074184059847733116
58140	0,059188129033653045	58140	-0,315912931759408
58150	-0,21705078320258359	58150	0,020054661006653082
58160	-0,0081537322357894612	58160	-0,060435864395758675
58170	0,0052173099950275073	58170	0,17184208604463036
58180	-0,041291046229558925	58180	0,08518943227329405
58190	0,050794572051300613	58190	-0,03898232061280623
58200	-0,11263810032442481	58200	0,3314157241319009
58210	0,0536488586374914	58210	0,37396757205004327
58220	0,0452883851081451	58220	0,52574034570480044
58230	0,0049107606436415022	58230	0,42120334707283585
58240	0,023194625583204873	58240	0,42766576170922255
58250	-0,022228198275250421	58250	0,59452645706413454
58260	0,01411124892851554	58260	0,73252062488020075
58270	0,12456766232192271	58270	0,82393830209707786
58280	0,15146958650141007	58280	0,8672160671555913
58290	0,13912062768254679	58290	0,79061757549393463
58300	0,083016143224478353	58300	0,65144429694239836
58310	0,01750700398991081	58310	0,33824962177672718
58320	-0,058952832546898537	58320	0,010624783961137519
58330	-0,071040862119075746	58330	-0,31535018626476147
58340	-0,10100821798088434	58340	-0,57975333963438491
58350	-0,087068244678525392	58350	-0,773213702550055
58360	-0,049794488937293005	58360	-0,87938398952792907
58370	-0,033458956839280428	58370	-0,90624468770358224
58380	-0,0022174115617067738	58380	-0,87503103850014918
58390	0,018594264382054349	58390	-0,78109013877084132
58400	0,033628451787904148	58400	-0,63470198241275355
58410	0,032794019185474289	58410	-0,47382932210351725
58420	0,00070030871491255024	58420	-0,28395368697511458
58430	0,0081525767342408087	58430	-0,11672192981141982
58440	0,0045023511908993995	58440	-0,0096634090363769028
58450	-0,0078540188254542335	58450	0,063928806899197166
58460	0,0040360062646997994	58460	0,087212185564945213
58470	-0,003265648324410442	58470	0,072624857484994587
58480	-0,019032500421067088	58480	0,0349441868146393
58490	-0,017684840611795632	58490	-0,021491429041732915
58500	-0,014680056761987961	58500	-0,065907487212866864
58510	-0,0023028855989702013	58510	-0,10214655835661704
58520	-0,0080814768686132913	58520	-0,13380693246901423
58530	-0,0014988739898679478	58530	-0,13363417533486033
58540	0,0022964450162538076	58540	-0,0952289420318015
58550	-0,00989623153566032	58550	-0,072164709964193857
58560	0,015830773721028757	58560	-0,031646419963969517
58570	0,00019309140212490732	58570	0,0081029520487608
58580	0,0147965531193996	58580	0,030501983113661934
58590	-0,0065536989810837431	58590	0,0427278231220691
58600	-0,0047038338438801074	58600	0,051702608803343333
58610	-0,010737818769394988	58610	0,03162737214465898
58620	0,0044131970346799323	58620	0,026057717125620095
58630	-0,0010551050202533873	58630	-0,015865235516897593
58640	-0,0050842777825916364	58640	0,000878545415391906
58650	-0,0036228760260880672	58650	-0,019918407944045421
58660	0,0065908722312777333	58660	-0,02959761951151739
58670	0,0070714708224353454	58670	-0,029377561167697883
58680	-0,0024677289731817819	58680	-0,023180307553272977
58690	-0,0030625942037804366	58690	-0,012492385597765434
58700	0,0072979630277184536	58700	-0,00028094908283741511
58710	-0,0023226575451044591	58710	0,020892923419815058
58720	0,00331086955392871	58720	0,01031692188727258
58730	-0,0053280133045352542	58730	0,0029656597982847983
58740	-0,0019788042707823005	58740	0,004972386286111288
58750	-0,0057406774278110839	58750	0,0048082750741902519
58760	0,01810290721968448	58760	0,0066190583853481429
58770	-0,0080659521005962912	58770	0,0068052194302375595
58780	-0,011022912942814593	58780	-0,011186419326658949
58790	0,00333417963113081	58790	-0,013165083801118463
58800	0,013882184496010462	58800	0,0028159554194478122
58810	0,0053725976869879949	58810	-0,0016301889890135428
58820	-0,003825788528560462	58820	-0,012650496389684912
58830	-0,0039716901460853755	58830	-0,0063290227094745062
58840	0,012428807396358642	58840	0,0098090095393895023
58850	-0,012924526126942337	58850	-0,0022641291024512516
58860	0,017782651665912787	58860	0,0071196876374637836
58870	-0,002075890224905297	58870	-0,011759607669803008
58880	0,0053461563416058811	58880	0,006379185151196968
58890	-0,0088428767720423948	58890	-0,0044335730378740369
58900	-0,0061409157698538224	58900	0,0051672326089614324
58910	-0,005546924322573833	58910	0,011691533831579698
58920	-0,0023668035896885421	58920	-0,0032541635712299115
58930	-0,0012836287420278049	58930	-0,0085496730935462548
58940	0,0034516422229145132	58940	-0,0074248129839567054
58950	0,01770486234506467	58950	-0,0046642526168096743
58960	0,0010493594645593725	58960	-0,011743496782905533
58970	-0,0082837614944420868	58970	-0,0045899794623030588
58980	-0,00980767719873115	58980	0,0024383739777192682
58990	-0,0011921520472129412	58990	0,0024664739747827726
59000	-0,0073835171828850023	59000	0,0024216057380690463
59010	-0,017679828439043692	59010	0,0023011052072932493
59020	-0,00090189386548615385	59020	-0,0034951468030508318
59030	0,011509013803124659	59030	0,010299816982136415
59040	0,0028252879522765789	59040	0,00065425322962682356
59050	0,0020849247242783007	59050	-0,00066893885445164886
59060	0,011644520638986062	59060	0,0042792952864680748
59070	0,0053316540202040111	59070	-0,0030542788232917019
59080	4,0674412915829781E-05	59080	-0,0034798211603486577
59090	-0,012760175595698201	59090	-0,00779909194349962
59100	-0,01002771253865836	59100	0,0094339488825648573
59110	-0,009337071766045783	59110	-0,0016615114997568594
59120	-0,013339996239567718	59120	-0,007143522332160041
59130	-0,0092328814662653962	59130	0,0046329570844148588
59140	-0,0099548022772098857	59140	0,00043984372941399311
59150	0,010168628964121811	59150	-0,0034070679744832889
59160	0,020007111727879463	59160	-0,0064254519690373829
59170	-0,00091482167092805369	59170	0,00022025957668835508
59180	0,011141983487817062	59180	0,00039172809512013729
59190	0,0013903127062784384	59190	0,0096199655836262735
59200	-0,014777633225854323	59200	-0,00015835598924015393
59210	0,0041622398037864045	59210	0,0042098158278967724
59220	0,0025217991940161004	59220	0,0076431627027702008
59230	0,0057552361180660478	59230	0,0052431983013638125
59240	0,0047909772192037394	59240	0,0040245227094601677
59250	-0,0076168342350055058	59250	0,0069664922781015144
59260	0,0025356437370618792	59260	-0,0033472874745260994
59270	0,0088494163695264257	59270	-0,0081100068459655054
59280	-0,023756443881062989	59280	-0,01395587078090599
59290	0,012342970844766191	59290	0,00023457979838948382
59300	0,002018520195983667	59300	-0,0082961233888857351
59310	-0,004694241180912077	59310	-0,016224876640577656
59320	-0,0034243483115595523	59320	0,00046960619282213105
59330	-0,0020595273973271671	59330	0,015371290757041417
59340	-0,0009557412833440846	59340	0,0071045705979433235
59350	-0,0031304204655756276	59350	0,0033134344928921256
59360	0,011063961143841354	59360	0,0044498410540287177
59370	-0,0034823520981409881	59370	0,0020121350531576493
59380	-0,00506130218007513	59380	-0,0029828433516852263
59390	0,0030264370383194933	59390	-0,0071927504897089387
59400	-0,0092198190075637367	59400	-0,0064711084051173829
59410	0,00036084386586119715	59410	-0,010873772455005995
59420	0,0067524644961269413	59420	-0,00315427821003577
59430	0,0038257806463492744	59430	-0,0014976787259065446
59440	-0,00858479316887468	59440	0,0090129876362006825
59450	-0,010465270874084109	59450	0,0017087522828110741
59460	-0,0015449481264966222	59460	-0,0039725635666819636
59470	-0,0019001450996046939	59470	-0,0078905458171039736
59480	0,012819936051749773	59480	0,0080833870837471941
59490	0,00069300938596085927	59490	-0,0052623380837905484
59500	-0,00758071658904823	59500	0,01147349682199377
59510	-0,0026268540739102946	59510	0,0027105500675746251
59520	-0,0042366153557346058	59520	-0,0044659969504895749
59530	0,0047381190105470509	59530	0,0055879136760986796
59540	-0,0048310397943705768	59540	0,00064298360396651815
59550	-0,00088115835898022721	59550	0,0018163253525025295
59560	-0,0011552121510796244	59560	-0,0011194835188979349
59570	-0,002437544030428603	59570	0,010267753449540489
59580	-0,0076914200893995425	59580	-0,012694100516246785
59590	0,0010099549517820772	59590	0,0068562918669966347
59600	-0,0012252958369989458	59600	-0,014649342659113425
59610	0,0064422206860516341	59610	-0,00088639056534668486
59620	0,0071694056489337984	59620	-0,0049465928393597836
59630	0,0041719477552552182	59630	0,013097105103682418
59640	0,011171001289230816	59640	0,00090378256189233811
59650	-0,00048139474864332486	59650	0,0090179535315169368
59660	-0,010865356130600105	59660	-0,0025315407656648818
59670	-0,0034395092240354567	59670	-0,0036214311992408235
59680	-0,0043047330117955513	59680	0,0031944909006249994
59690	-0,0089284528042638273	59690	0,0032849193432043511
59700	-0,0011251621238373695	59700	-0,0036969104898179057
59710	0,0013214961433000879	59710	-0,018171016829136272
59720	-0,0062675774548246622	59720	0,0039604664079421915
59730	0,01651185356240132	59730	0,0038823639793031752
59740	0,0098475324279393584	59740	0,00056187143132693513
59750	-0,0060192372172263352	59750	0,0036946440923822741
59760	0,0012889068462950202	59760	0,0043255571548338687
59770	-0,01198872679666179	59770	-0,013900502132292747
59780	-0,0054173338424047144	59780	0,0005438196387084896
59790	-0,0082460896338975	59790	0,0037366090692778024
59800	-0,01014950379657481	59800	-0,000185499346988921
59810	-0,0079602137199062725	59810	0,0084172527318343154
59820	0,011351335607789387	59820	0,00082139752212109383
59830	0,00037523985608110231	59830	0,0058147670377511748
59840	0,0028918177007885436	59840	-0,00032384337747707877
59850	-0,0064555042041263824	59850	0,0046531812339302538
59860	-0,0061570054192388824	59860	0,0123743415651705
59870	-0,0078836792764298679	59870	0,00057113618669395248
59880	-0,0014404974532360023	59880	-0,0011819229080432671
59890	-0,010474807703945729	59890	-0,0065811548115281534
59900	-0,024100644293681146	59900	0,0024836268638593639
59910	0,0060634445229585266	59910	-0,007017030383182475
59920	-0,012480457058662089	59920	-0,0034473220695325248
59930	-0,00057091401208601757	59930	0,0093250887476949325
59940	0,014767341611063141	59940	0,00731441933991514
59950	-0,0041780979422273443	59950	-0,020285463576933518
59960	0,0061489847591458466	59960	0,00093286915773865679
59970	-0,0068984980364732431	59970	0,0084754146500431986
59980	-0,0097262058751463147	59980	0,0045087756981390505
59990	-0,0026977005262938	59990	0,0079359662315985884
60000	-0,012910161928417874	60000	0,016121353616940358
60010	-0,0050164757249298361	60010	0,0058922053171312555
60020	-0,0017039092085594707	60020	0,0043067277748630312
60030	0,0073724029281323445	60030	0,0071826825628836738
60040	-0,0031001173731713128	60040	-0,0102441005670685
60050	0,0030960823992799316	60050	0,0041976833078475381
60060	-0,00035154496129853656	60060	0,0088177980331427073
60070	0,0083048336589466969	60070	-0,0030204566338985651
60080	0,00392752325910651	60080	-0,0099811464077050084
60090	0,0095378742586835329	60090	0,01380718102272342
60100	0,0023640983704686465	60100	-0,0034178902521797786
60110	0,0036794301506863679	60110	-0,0039190878834658074
60120	0,0028928730241673871	60120	0,0063036018823541843
60130	0,011753470721943039	60130	0,0022909776307074542
60140	0,0038221684575809123	60140	-0,00064046771005806381
60150	-0,012240640034666128	60150	0,0021085908386247968
60160	-0,008250645370671647	60160	0,012151022955095856
60170	-0,0079873550908219661	60170	0,0028345319579434025
60180	0,001089240804119271	60180	0,0080502491572470181
60190	-0,0032229918287991137	60190	-0,011422130443363534
60200	-0,010420108184310811	60200	0,0038837929068725853
60210	0,016058400341198549	60210	-0,0036453952064565169
60220	0,0072979422879912992	60220	-0,0058703794869541907
60230	0,0025686313638364016	60230	0,01286750871234281
60240	0,018746156387096861	60240	-0,015559603945685578
60250	-0,00071441321166503923	60250	-0,0031440821564810879
60260	0,0077659691264583336	60260	-0,0035996013254059205
60270	-0,0099102874121845021	60270	-0,0020352015464914462
60280	0,0082589445720927437	60280	0,0045420943868360805
60290	-0,0086208124144728018	60290	-0,0016744879381134479
60300	-0,013658796280016745	60300	0,0029732195089395923
60310	-0,0027795528945131374	60310	0,0096016164408693743
60320	0,0088395968813769852	60320	-0,0080534812210749963
60330	-0,011692682434670048	60330	-0,0063071113804926433
60340	0,0072760202617814154	60340	-0,00824719619793407
60350	0,00783953962659349	60350	-0,00610775603783613
60360	0,0037830388435034275	60360	0,0075404126043041612
60370	0,002280210440643284	60370	0,0036924175607824026
60380	-0,00932906039349998	60380	0,002600174063446729
60390	0,0023255958085116211	60390	0,0062125384478688662
60400	-0,0076117698002445694	60400	-0,00093221470381349653
60410	-0,0065720645976412246	60410	0,003971144811965358
60420	-0,014225638918377824	60420	-0,011608843214929315
60430	0,01507503059814546	60430	0,0034320294157317481
60440	0,0078931246390598672	60440	-0,015486982698225425
60450	-0,0068914591923489275	60450	-0,0070739322205026116
60460	0,020480124381039851	60460	0,014076596535640593
60470	0,01478680773156279	60470	0,089275618824385325
60480	0,0097778356689537452	60480	0,18597589843336937
60490	0,007447377146936331	60490	0,31018281640432377
60500	-0,0089421849187440831	60500	0,4900856722258411
60510	0,02150222087380262	60510	0,64278410147094223
60520	0,0010497192088658465	60520	0,74770181221238419
60530	-0,005412965076352313	60530	0,81614560169912687
60540	0,0337234705075021	60540	0,78196787153051317
60550	0,082930651699174684	60550	0,7104149790866997
60560	0,0673896366815557	60560	0,67683695619557849
60570	0,020229698963339732	60570	0,42781241328686626
60580	-0,0018872332192302662	60580	0,17345383934937014
60590	-0,054746254988214921	60590	0,22039646144599534
60600	-0,067461846742944281	60600	0,26909077464202397
60610	0,077684298265802115	60610	-0,16678105478860994
60620	-0,057998485107859668	60620	-0,48701915274952029
60630	-0,046254217528908993	60630	-0,91155453573423428
60640	-0,023856105114172858	60640	-1,1248175844621184
60650	-0,11447354030277986	60650	-0,82906443023718113
60660	0,11939248974223056	60660	-1,1006342637864288
60670	-0,074227099957420467	60670	-0,85682412641757788
60680	0,0048201952110545777	60680	-0,88056401889065661
60690	0,017768426770900812	60690	-0,45745196490712003
60700	-0,03464797718281732	60700	0,022008095285355741
60710	0,12793686642342031	60710	-0,068427476144970537
60720	0,0060830868871588461	60720	0,10286889644803134
60730	0,025997356652041687	60730	0,038744783125545731
60740	-0,028401964007400714	60740	0,35010959639617606
60750	-0,057210136886708181	60750	0,34861789452142583
60760	-0,0385201437963497	60760	0,14792494068026565
60770	-0,070622349182056648	60770	0,023726081854792604
60780	0,013443554392827704	60780	-0,12496538839627933
60790	-0,021992372583047825	60790	0,091266734234872637
60800	0,050005923931103737	60800	-0,057308818411116721
60810	0,086129295615707521	60810	-0,17026579836585384
60820	0,056043513350143251	60820	-0,31825732869158913
60830	0,04597127849727016	60830	-0,29366671216932244
60840	-0,033162085152646084	60840	0,088990502296087168
60850	0,067521610661858772	60850	-0,020099198415988742
60860	-0,057895600933365522	60860	-0,0033590203098382283
60870	-0,045045545094256262	60870	-0,11091010784060128
60880	-0,023262087906531514	60880	-0,073048311346283271
60890	-0,11850561432195846	60890	0,3751249772785436
60900	0,15577643168597741	60900	0,02734552231665905
60910	-0,045625463032306163	60910	0,047835591837026056
60920	0,01810012738141499	60920	-0,23768672930068024
60930	0,015970928642366638	60930	-0,079339210296551624
60940	-0,034601826914710455	60940	0,12536645617137637
60950	0,14364482279985566	60950	-0,29362490294010418
60960	-0,0371690520186088	60960	-0,29698622249383677
60970	0,0022513184721797939	60970	-0,504552478791405
60980	-0,03820308272881353	60980	-0,4126398376507448
60990	-0,087223119495179691	60990	-0,30546297535089895
61000	0,021825878892405812	61000	-0,5461783802266108
61010	-0,0224669751079077	61010	-0,70184662744982029
61020	-0,068914455210627626	61020	-0,75391026135974626
61030	-0,056522588768772891	61030	-0,873377895733079
61040	-0,030477592815146923	61040	-0,87281144479775041
61050	0,012208613026558861	61050	-0,7319690612764399
61060	0,044186208405304107	61060	-0,45591786349777891
61070	0,073117795758509949	61070	-0,0933016014024658
61080	0,08653106110453232	61080	0,2626084304411026
61090	0,0848720794878147	61090	0,58379886702854877
61100	0,043032696609770819	61100	0,80084615029021744
61110	0,010803062833312189	61110	0,90920198071643821
61120	-0,028526220465729585	61120	0,94191631816463628
61130	-0,056412952712631081	61130	0,90505511592967092
61140	-0,068736433882486916	61140	0,80733344355245085
61150	-0,077024805224116422	61150	0,65191804093319394
61160	-0,053194622840233637	61160	0,48680901065287419
61170	-0,039919768304612371	61170	0,28801314822148
61180	-0,011693143829799978	61180	0,11975461737397981
61190	0,018880909213087473	61190	-0,02221904418651046
61200	0,039097525418992259	61200	-0,090626743454313985
61210	0,048745604820709915	61210	-0,095405304067746846
61220	0,043571304846080114	61220	-0,079911102114986185
61230	0,02447064187168865	61230	-0,029959820932634332
61240	0,028133005553353484	61240	0,0096087878409109977
61250	-0,022490537302378294	61250	0,078424090964103813
61260	-0,0044394550751828557	61260	0,12459351525510309
61270	-0,015520470566417727	61270	0,13218526787676094
61280	-0,031815634129233931	61280	0,13373408699563724
61290	-0,017563479467524155	61290	0,11960100054146941
61300	-0,012104698068270574	61300	0,064290034110660157
61310	-0,0079272260353591938	61310	0,0203241677660896
61320	-0,0092257431663394732	61320	0,00076961622708321832
61330	0,012427974401072472	61330	-0,028364605874662989
61340	0,015037865319341079	61340	-0,046043271033508651
61350	0,023722346350322845	61350	-0,042451045365824426
61360	-0,0046331368143012423	61360	-0,034518793923432552
61370	-0,010930412677529488	61370	-0,017137743839491081
61380	0,01852850757021101	61380	0,0047495640620028269
61390	0,01560160954444613	61390	0,013286245122344236
61400	-0,00974287240765564	61400	0,0209594308848825
61410	0,0094282873087635968	61410	0,031858872551806312
61420	-0,0094853902964190315	61420	0,01617489380222515
61430	-0,00830317121846897	61430	0,012001167296331435
61440	8,3177422603268535E-05	61440	-0,0010466532155504259
61450	-0,017759906121480568	61450	0,0037316634540090826
61460	-0,00047260917513337143	61460	0,0015937728672473653
61470	-0,0049943716697749977	61470	-0,014148993788078178
61480	0,005043624422564107	61480	0,0015644858321577544
61490	0,012998853879797687	61490	-0,021951943551497155
61500	0,0048456819668653882	61500	-0,010407446324173548
61510	0,00082922342322133019	61510	-0,0048229852156038769
61520	-0,0055243379300801872	61520	-0,0086062487382934233
61530	0,0093835098145992456	61530	0,011419944494247882
61540	0,0049948039584549837	61540	0,0033067576364653527
61550	-0,0094812017276625221	61550	0,0073197360366017645
61560	0,0061816538738600265	61560	0,0046369022881769164
61570	-0,0025322622554368387	61570	0,0087910134741980509
61580	-0,00866317245543998	61580	0,0034694555987575997
61590	-0,0035823260688922194	61590	0,0022705982504139461
61600	-0,0011981489220412257	61600	-0,00099653285256418771
61610	-0,0015484586753661204	61610	-0,002264694263000857
61620	-0,006263062687666702	61620	-0,0060801735281450272
61630	-0,0053704515695747858	61630	-0,00023090936062672115
61640	0,013853932207484572	61640	0,013305241902885645
61650	-0,010760323120921629	61650	0,0004358248801042195
61660	-0,00087644400703326122	61660	0,0080780192847923916
61670	-0,012299561285690142	61670	-0,0016538726887735976
61680	-0,0081080175947016355	61680	-0,0070003735922309542
61690	-0,0073841563141191276	61690	-0,0013792105886246736
61700	0,0047539741759690529	61700	0,00022936236414084282
61710	0,0030583148769598497	61710	-0,012434220904237356
61720	0,004092093657386664	61720	0,01046652867064491
61730	-0,0127713251238124	61730	0,0082196530275138891
61740	-0,000830819222036718	61740	0,0016831914146874362
61750	0,0019349395289628994	61750	0,0037292976542366903
61760	0,0076434502065425127	61760	-0,00891149303188992
61770	-0,0042113277511298562	61770	-0,0067889600323623239
61780	-0,0015872935899987658	61780	-0,001856692371362517
61790	-0,014901353704490623	61790	0,005613378114025673
61800	-0,0064961016886893094	61800	0,0019886320441572926
61810	0,011233051138865453	61810	-0,00029597151667974794
61820	-0,01610969914276944	61820	0,0068118230548657264
61830	0,016799368434791018	61830	0,0063022721629296362
61840	-0,0043708423180313328	61840	0,00019879428337793532
61850	0,0019106080707110291	61850	-0,0042730064792674037
61860	-0,0092807118127304425	61860	-0,0018118693585046325
61870	-0,00657239473805143	61870	0,00096703200839949762
61880	0,0016834072887111629	61880	0,013453090190944022
61890	0,014632101020473607	61890	-0,018693301344862422
61900	-0,000986800995315074	61900	-0,0014041013207412836
61910	-0,00550288911880924	61910	0,010341144849461066
61920	-0,015572841143550264	61920	0,0058470059602593908
61930	0,00713072789708481	61930	0,011020768061852995
61940	-0,01075403493780688	61940	0,005486633663403068
61950	-0,00351328325356102	61950	-0,0011981545644366588
61960	0,00375886329029137	61960	0,0078539555477401459
61970	-0,0071211555588492209	61970	-0,005535178646549576
61980	-0,0021004022978181312	61980	-0,0052501173460819629
61990	0,0038973438399470539	61990	0,0033281974134262132
62000	-0,0065556365627092395	62000	0,0023614968337504869
62010	-0,0014634571619581611	62010	-0,0023908525670999657
62020	-0,00014078268263793072	62020	0,014791574280678763
62030	-0,019299845385156621	62030	0,0079379873115721714
62040	0,0088499392706054385	62040	-0,0063085280526281734
62050	-0,018266730945563081	62050	-0,0045883900880004337
62060	-0,00034496507987387414	62060	0,0099368219779937209
62070	0,0012221341130813446	62070	-0,0052156396733756
62080	-0,0049064729065055558	62080	0,01435426390975041
62090	-0,00771076461818265	62090	-0,0051390050150455892
62100	-0,00054846217296621274	62100	0,0044982407024964678
62110	-0,013431502754303016	62110	0,0031633228129765508
62120	0,008989229057024737	62120	0,0090345478501341076
62130	2,2823478769661213E-05	62130	-0,015612014708254185
62140	0,0041456976388302737	62140	-0,0085319480138745744
62150	-0,00063434847821312889	62150	0,0030724447974829591
62160	0,005011424762583914	62160	0,0031911552652802134
62170	0,0076706528656761957	62170	0,017049571937398356
62180	-0,010045267730451505	62180	0,0037190553418196305
62190	0,01045014641217307	62190	-0,0096917683131128949
62200	-0,0012714506606048284	62200	-0,0039106289455331511
62210	-0,013653642570663571	62210	-0,0074134512668540585
62220	0,0030286277016124004	62220	-0,0071390603406459377
62230	-0,002948992573634567	62230	0,00074432421579657048
62240	-0,011011036509077766	62240	0,0064826037899223116
62250	0,0084077292340753885	62250	0,00094789709990301778
62260	0,0043643774142627014	62260	0,0055105003799025007
62270	-0,0060348545791761438	62270	-0,0072367107288716865
62280	0,007390908055476552	62280	0,003674729852169884
62290	0,0095773867514856083	62290	-0,0053027803843147727
62300	-0,01314457650205883	62300	0,014908705138201014
62310	0,00067578980750037179	62310	0,0040542651815212837
62320	0,0110543232293591	62320	-0,00560433154490811
62330	-0,00951293067049479	62330	0,012838559411489942
62340	-0,0048869528308840924	62340	-0,0014650913436622583
62350	-0,0073732054918564565	62350	-0,0013670933944003917
62360	-0,0035084804010924245	62360	-0,0016911984616613271
62370	0,005224697972360106	62370	0,013093329912176909
62380	0,016016847065046105	62380	-0,0015382851200069696
62390	0,0055778368624377021	62390	-0,00080268440896289536
62400	0,013616592419957697	62400	-0,0019912696016333121
62410	-0,010413679820219865	62410	-0,0044423644487793365
62420	0,013042648517488639	62420	0,005977857205600479
62430	-0,00094326820961248116	62430	0,008978754813709508
62440	-0,006696333039276056	62440	-0,0046187430502735881
62450	-0,0037511185146386129	62450	0,0037930466869745363
62460	-0,017603044630931791	62460	0,0014009380424090414
62470	0,0068811922028389361	62470	-0,017152191408448005
62480	0,0038521207305273128	62480	-0,00072354061864880791
62490	-0,0015979124979807768	62490	-0,0079319428327027548
62500	-0,010108558742008049	62500	0,0033160718022905932
62510	0,0031009093857548562	62510	-0,013371385996659012
62520	-0,0074270692239262965	62520	0,0049467854886259916
62530	0,006319621068694008	62530	0,0096467553611774923
62540	-0,0008079409196999341	62540	0,0023638649704370569
62550	-0,0021084777360841265	62550	0,013955082413279314
62560	0,0023126499318276792	62560	-0,0045423190757856282
62570	0,0036694515021506052	62570	-0,0058351378817866218
62580	5,0422713393870486E-06	62580	0,0032078932463364992
62590	0,016145698670556794	62590	0,0031333260359255335
62600	-0,0060397031091882353	62600	0,00032963406584365641
62610	0,0093777898221742585	62610	0,002129844763823096
62620	0,0064527393228963172	62620	0,0052689190204316359
62630	0,0041531352955391761	62630	0,0093870426308041138
62640	0,01382251449232548	62640	-0,0064424016045465269
62650	-0,0037045363193714187	62650	-0,0058325149384397751
62660	-0,010278977044937281	62660	0,0080224433050087567
62670	0,00898195011403914	62670	-0,0080542337732911924
62680	-0,0077014359498459887	62680	0,0082836466007889849
62690	0,01005203869853831	62690	0,0033129621331036631
62700	0,0024338961623635706	62700	0,0015785446992642954
62710	-0,0042776986240955087	62710	-0,017991599910578707
62720	0,0013973953514466986	62720	0,0018887839384248795
62730	-0,0079524355929443489	62730	0,0014515960483276491
62740	0,013962456338624038	62740	-0,0036172953846912671
62750	-0,011650370997078403	62750	0,0061023141147817607
62760	-0,00034240463336008989	62760	0,019980490553905925
62770	0,016412652691947215	62770	0,0016322530376718487
62780	0,009050920755807941	62780	-0,00785766840939335
62790	0,0053535985143328786	62790	0,00055757207939516394
62800	-0,00551871387526081	62800	-0,0048054574163562246
62810	-0,00483737141949049	62810	-0,0034890233824049709
62820	0,0018400217760270276	62820	-0,01282024566940617
62830	-0,0032264789910389697	62830	-0,0042407444282364952
62840	0,0072767817904331525	62840	0,0014932159702945997
62850	0,0029736075988781203	62850	-0,00014850618124075834
62860	0,00029039802695139411	62860	0,016706610942330318
62870	0,00061414084090874932	62870	0,0030602803066590387
62880	-0,000284814896058245	62880	0,0012353625904725368
62890	-0,0086723036481522377	62890	-0,017013511689642269
62900	0,015999236416378914	62900	-0,0052239759612414342
62910	0,0059483119713464828	62910	-0,0075134888157456546
62920	0,0040907530846438249	62920	0,0013546166201361207
62930	-0,0056246186176374105	62930	0,00678938557926353
62940	0,0057015515001873247	62940	0,00103907228534509
62950	0,00642182535634081	62950	-0,0029427743720276817
62960	0,0099403606408085439	62960	-0,0052505275376180157
62970	-0,0034455748069308276	62970	-0,0029682679642336978
62980	-0,0069003043049311007	62980	0,0091341748376789923
62990	0,0029903544578932361	62990	-0,010780755571201508
63000	-0,0078873843987945849	63000	0,0027618058141058287
63010	0,010360719609504354	63010	0,009090204827603433
63020	0,0035326842318033542	63020	-0,010745788791135897
63030	-0,0051667118388527824	63030	-0,010157934340253924
63040	0,023585594856716942	63040	0,0011491186937969055
63050	0,0010902748487868921	63050	0,0051141297712417625
63060	-0,0016378468641288675	63060	-0,010401440372222206
63070	0,0028900056396382015	63070	0,00038556860915379585
63080	-0,0075122856010425444	63080	0,0055132294946915253
63090	-0,00083870998615239811	63090	-0,0037251146511709031
63100	-0,0064320787137107649	63100	-0,0037290355752475344
63110	0,0055781211430256444	63110	-0,0047832756477917933
63120	-0,010082250601747944	63120	0,010867607153646354
63130	0,00921845383599271	63130	-0,0010079569363315572
63140	0,017805174468613058	63140	-0,011227333055714044
63150	-0,0109836025521589	63150	-0,00093829718772908861
63160	-0,002134505770525754	63160	0,00046013243646876112
63170	0,014416429865540573	63170	0,0090398207114025415
63180	0,0013287646615965159	63180	-0,0056394099773862706
63190	0,00065308994150985883	63190	0,0066829732301766885
63200	0,0019450711330038313	63200	0,0093512924834233888
63210	0,0055084527458815575	63210	-0,002642538202903564
63220	-0,0088527869726325332	63220	-0,015714514194484795
63230	-0,0060805017870308366	63230	-0,00011319486645582092
63240	0,014391089415307045	63240	0,0092115271540316023
63250	-0,0045411364351017553	63250	-0,0053974775438668183
63260	0,011252492240956809	63260	-0,0066307240153203268
63270	0,000665212163255802	63270	0,014977522950877844
63280	0,0022625584003598321	63280	0,0054310922492744841
63290	-0,0057940770758280191	63290	-0,0036415587855197717
63300	0,0070866626781043423	63300	-0,00049762131291098939
63310	-0,00402558503371699	63310	-0,0054692137912836268
63320	-0,012132262059146181	63320	-0,01055457281655729
63330	0,0027257105909851711	63330	-0,001583219024235142
63340	-0,0043948912502683969	63340	-0,0079328853718714214
63350	-0,0036673603325528916	63350	0,001860832381417515
63360	-0,010030724238189754	63360	0,0066547604949661471
63370	-0,00063862608487933847	63370	0,0045928481601410264
63380	-0,0054806351557752809	63380	-0,00066487623401632423
63390	0,009185769237214543	63390	0,0040689798255306156
63400	0,012522727167995037	63400	-0,0028823787936850028
63410	-0,0051175156233332717	63410	0,0074275859145803511
63420	-0,0048936543539468309	63420	0,0020061315623585638
63430	-0,0023897137615031556	63430	0,0024202104704999011
63440	-0,0020873877307139898	63440	-0,01013986228917531
63450	0,00083604306260494279	63450	0,0062214599573752983
63460	-0,009925579195189849	63460	0,0043466821872725526
63470	0,0097762540987965853	63470	-0,0069716579249998519
63480	0,005462648720575101	63480	-0,005604734741239392
63490	0,016842082826446191	63490	0,0015742185139127191
63500	0,00484077643885086	63500	0,0028031400717568235
63510	0,00047877026206966886	63510	-0,016184389300556556
63520	0,0057507113842809833	63520	-0,0055708814520163893
63530	-0,0038809845673796017	63530	0,0046813346279820783
63540	0,00069476939950060537	63540	0,0033751651088540775
63550	0,0051034151221970832	63550	-0,00030064051645806839
63560	0,0034742342256768866	63560	-0,016464789889129094
63570	0,01045478388052924	63570	-0,011674089255198011
63580	-0,0077796457996797321	63580	-0,00937528709760012
63590	0,0027408404817014552	63590	0,011184436612302924
63600	-0,015826365143148464	63600	-0,012685673116261299
63610	0,0088787978136101522	63610	0,00055108212562869369
63620	0,0036976376762468343	63620	0,0053770216955342795
63630	0,01294176254714159	63630	0,00048063886317179812
63640	0,0055568753989360111	63640	-0,01341701492887948
63650	-0,01630512610098668	63650	0,0052232539920993469
63660	-0,014176395720567094	63660	0,0013027939968674285
63670	-0,014162856801945595	63670	0,0041695126575637623
63680	0,014508654113454219	63680	-0,01251473908686314
63690	0,0038441940236523886	63690	0,010334032271649904
63700	-0,00050978566084941654	63700	0,0035464627372754007
63710	0,013410380580711742	63710	-0,00080219463599136959
63720	0,0062520283291571553	63720	0,00070607959405867462
63730	0,0015588271656382154	63730	-0,029454040411701625
63740	0,0074145128448814164	63740	-0,0768410539081406
63750	-0,007479929349302388	63750	-0,17715586219631402
63760	-0,016752255360788258	63760	-0,32051013885011909
63770	-0,0044782750373210519	63770	-0,47276909702296316
63780	-0,0055806385948691389	63780	-0,62905050213760194
63790	0,006130886859109585	63790	-0,75484761203851813
63800	0,014563866628326289	63800	-0,81527521693454685
63810	-0,0011209776924599449	63810	-0,85029727303359492
63820	0,039460069299173117	63820	-0,79160586522800913
63830	0,088447151090091741	63830	-0,65733078080852281
63840	0,088891347047372685	63840	-0,3657055127067973
63850	0,054066788030229865	63850	-0,07950875181978731
63860	-0,040709346339615579	63860	-0,265246401077617
63870	-0,014177586271873714	63870	-0,20341430206803371
63880	-0,11451483428408672	63880	0,19494187228870719
63890	-0,01988402713780894	63890	0,49848768372186431
63900	-0,018360176742222744	63900	0,90960379358040189
63910	0,0068488718169941419	63910	0,97122009967576894
63920	0,081747862935674792	63920	0,92573561932895065
63930	-0,15491554051734377	63930	1,192122314935548
63940	0,037271127972608918	63940	0,95596771610016762
63950	0,014377604413004419	63950	0,86726810079786643
63960	-0,025973539203059594	63960	0,37403156940081633
63970	0,044518415074673294	63970	-0,031681770370553905
63980	-0,12773055568701219	63980	0,098799676636678643
63990	0,038883097514463533	63990	-0,09692326637082728
64000	0,024795987944912362	64000	-0,130736643139837
64010	-0,014658896823829213	64010	-0,31277177905370729
64020	-0,041093994288462957	64020	-0,2603130889600026
64030	-0,040135932295409071	64030	-0,098476562085587388
64040	0,09799375125688807	64040	0,0092877276780825718
64050	0,014680041197605373	64050	0,088779099067769429
64060	0,011925675670018118	64060	-0,029595512408861029
64070	-0,055285161664193304	64070	0,10737179445747976
64080	-0,020876872850523046	64080	0,19130416418942062
64090	0,048081383936724939	64090	0,23095144878981605
64100	0,00013426119910240215	64100	0,19368382320790245
64110	0,063044366698073312	64110	-0,0683111839064483
64120	-0,0829228986635711	64120	0,0388688528020748
64130	0,033177910189923512	64130	-0,024789184617866063
64140	0,054593727008108918	64140	0,014538927532321116
64150	-0,0063239035342864593	64150	-0,084221195076757363
64160	0,068965552389918208	64160	-0,32009930209902182
64170	-0,21808038448693951	64170	0,036645410994016483
64180	-0,0079462918661995976	64180	-0,067863761223672076
64190	0,010575415908509411	64190	0,17829539689833926
64200	-0,047969505871409218	64200	0,083874862345018356
64210	0,06175578127561978	64210	-0,04185279734826286
64220	-0,1025620456088962	64220	0,33270514053550465
64230	0,064551015440137041	64230	0,36198177505866375
64240	0,052028457465929455	64240	0,517969022152762
64250	-0,0085715294861971013	64250	0,428507655152721
64260	0,033267879941935967	64260	0,43374532586037462
64270	-0,012098453124047441	64270	0,59721309549775836
64280	0,04105301216411	64280	0,71247768153757929
64290	0,11055017303780708	64290	0,8120865049040471
64300	0,13559076994302055	64300	0,87924413579945782
64310	0,14188913957502788	64310	0,78396565821485875
64320	0,078623937853511031	64320	0,64338909440432845
64330	-0,00030468089022012411	64330	0,33716226814194022
64340	-0,046666883215522328	64340	-0,02210404833798486
64350	-0,093650154015945064	64350	-0,30450965041631617
64360	-0,10803762049438767	64360	-0,57490444678904284
64370	-0,079001120115237008	64370	-0,7620974307177758
64380	-0,061043777491361952	64380	-0,869481265100552
64390	-0,023958045322399767	64390	-0,90871609635328321
64400	-0,0032622637167632642	64400	-0,86819215123013249
64410	0,01379168744062223	64410	-0,7847808011668
64420	0,033810522746942	64420	-0,657626766484682
64430	0,034710185770442964	64430	-0,47341738232043512
64440	0,0356134512976919	64440	-0,29800203071160419
64450	0,030174844470861717	64450	-0,13254548517225237
64460	0,00021680504576010416	64460	-0,015106225970388017
64470	-0,010279280677080704	64470	0,062111689315698555
64480	-0,02369776336121264	64480	0,089506540993088912
64490	-0,023106387264635282	64490	0,073436295119380976
64500	-0,013603239954579372	64500	0,049294660091075311
64510	-0,014368743797348451	64510	-0,023256296818368469
64520	-0,023595578603333067	64520	-0,074888761207562562
64530	-0,00074076218095436733	64530	-0,11510686954297381
64540	-0,0049710750028971566	64540	-0,12657091875959189
64550	0,0014914957657977132	64550	-0,11744764817462958
64560	-0,0041484041421944095	64560	-0,1019761572313559
64570	0,0094528224279435639	64570	-0,068539068116704072
64580	0,010572183630159998	64580	-0,025437200392849933
64590	0,011229661532075394	64590	0,0046415357406567716
64600	-0,010130755622346962	64600	0,024954636940755278
64610	0,0032077630587563724	64610	0,037314675213967
64620	-0,013311470018628771	64620	0,04408336512775108
64630	-0,0071754271645081222	64630	0,029130863417948797
64640	-0,014124785237598142	64640	0,0094239117133849484
64650	-0,0095658011161377822	64650	0,0018273913924779903
64660	-0,004242809849403624	64660	-0,015432351921942766
64670	0,002719394029817343	64670	-0,019215410590040862
64680	0,0081067093286955241	64680	-0,029658779473989864
64690	0,011175614562231777	64690	-0,018220565329549954
64700	0,00072249686625475834	64700	-0,020795114330472746
64710	-0,00048816854080108293	64710	-0,016363442457873818
64720	-0,00722638434847732	64720	-0,016951114759033766
64730	-0,0043147900666047337	64730	-0,016366510998180067
64740	0,029142188115823933	64740	0,012644152799560271
64750	-0,0018987093154269621	64750	0,027133434204514955
64760	-0,013243814886322413	64760	0,022407491001229428
64770	-0,0028582320520097555	64770	0,0047484595601444708
64780	-0,013858875317699687	64780	0,0034900151470152944
64790	-0,0026965242966145936	64790	-0,0071513497403565395
64800	-0,0064435655153945622	64800	0,0044164360499031746
64810	-0,0024628440786671315	64810	-0,0082029998436683356
64820	-0,00630357745224068	64820	-0,010777285169972554
64830	0,0036101325867595353	64830	-0,0097216752491769125
64840	0,00390831680746552	64840	-0,014060035906319362
64850	0,0065150021884096609	64850	-0,00066014792575065477
64860	-0,0093194076574621212	64860	-0,0077340546966543086
64870	0,0032942873257789927	64870	0,0056815661946330257
64880	0,0043688303125032236	64880	0,0049326957575648164
64890	0,000450915812457308	64890	-0,0082206576918623
64900	-0,011475815833067355	64900	0,0032939145263881334
64910	-0,015865306135264268	64910	0,010650645990768452
64920	0,0021165875514069931	64920	-0,0032634295614860911
64930	-0,0061556879182415062	64930	0,013568000144155145
64940	0,0031215006153096272	64940	0,015313755491602341
64950	-0,0016575753012638219	64950	0,0036087255332698338
64960	0,012147752191074883	64960	-0,0009049110935140421
64970	0,0032663469328974423	64970	-0,00072276544363570814
64980	-0,0030944864963458572	64980	0,0035623229680440331
64990	0,013642782154866659	64990	0,0087943252480545773
65000	0,010645568642831478	65000	-0,0029913388057929845
65010	-0,0022938797982386188	65010	-0,015167746250546572
65020	-0,0015718062043824834	65020	-0,0028339104603968385
65030	-0,002591024724583015	65030	-0,0045392242570930896
65040	0,0038818790327880357	65040	-0,009495129225321048
65050	-0,016947954249119331	65050	0,013659370327081569
65060	0,0086973974983716382	65060	0,021688780811370909
65070	-0,0011146655324723515	65070	0,0076326225538263922
65080	-0,0072839137271349776	65080	0,00061278135208537817
65090	0,013988018810495141	65090	5,5977521109685266E-05
65100	0,0092151554457662477	65100	0,0069920298445219934
65110	-0,00022028100058818929	65110	0,0013684642096149936
65120	-0,013028023555737711	65120	-0,0015859965444602049
65130	-0,014998894522485458	65130	-0,0011333881430654303
65140	-0,0014302404080330567	65140	-0,0043605665598368789
65150	0,005404893824577402	65150	0,0048149252146244687
65160	0,0029986387613516476	65160	0,0035185571905799245
65170	0,0056495987721399028	65170	0,0057653244232456005
65180	-0,0016184068127324948	65180	0,012980244948514163
65190	0,0064101178098568143	65190	-0,011872304694348235
65200	0,015966202428210619	65200	0,0052988422496737537
65210	0,0093980576076919033	65210	-0,0064069917921318227
65220	0,0065247726326847361	65220	0,0010210386942420397
65230	-0,009888467058793364	65230	-0,011491317639556695
65240	0,0033767081361638952	65240	0,00073339265327054489
65250	0,0032676524885914154	65250	0,0012129595134641169
65260	-0,0014279389614141667	65260	-0,0091669718720540777
65270	0,0084545256731296866	65270	0,00078547923953032641
65280	0,0027951836332315749	65280	-0,0018501899855850545
65290	0,005166710297478185	65290	-0,0031505679406110196
65300	-0,009449225213265541	65300	-0,00035771867507285778
65310	0,0057885299179495295	65310	-0,0017691026428419596
65320	0,0016640729445406861	65320	0,0093042938115622514
65330	-0,0078584442826264041	65330	-0,017773974686256182
65340	0,0008536017759321787	65340	0,003450914660961871
65350	-0,0090458600314676351	65350	0,0019676291882839828
65360	0,0084445483480104933	65360	-0,010130155776232891
65370	-0,0018493109537221291	65370	-0,0040269090619252136
65380	-0,0060663266828774771	65380	0,010793603085311798
65390	0,0086612382837710084	65390	-0,00036057710407166714
65400	0,004214479214734332	65400	0,0017584828849920484
65410	-0,019066434246873595	65410	0,0046744342868386335
65420	0,0039337695733849213	65420	-4,263614800766075E-05
65430	-0,0010556395295099037	65430	-0,000566704963655827
65440	-0,0024894182702685968	65440	-0,017916423480561688
65450	-0,0039819495460149193	65450	0,0058094641462689972
65460	0,0026102566787283349	65460	-0,0066921797132055627
65470	-0,0045761726143459334	65470	0,003166744456943369
65480	0,010919652092301828	65480	-0,0047325448736202872
65490	0,0013266164982647132	65490	-0,010021024806369459
65500	-0,0078360378344212635	65500	0,0056163550107154866
65510	-0,0060126769261292746	65510	0,0013255069858354013
65520	0,0045662210571298986	65520	-0,0024022344611635913
65530	0,00045845326858330284	65530	0,0024013194380342311
65540	0,0076212353220108031	65540	-0,001259650107805588
65550	0,0020192423860413674	65550	-0,0028122509961679885
65560	-0,0020894516733212377	65560	0,0055183945314208121
65570	0,00895317714679544	65570	-0,0062705758470364718
65580	0,01530480423525985	65580	0,00758015143764507
65590	0,0029186376750571538	65590	-0,011399714918193415
65600	-0,00060991145962160855	65600	-0,00591520220409696
65610	0,0024299414810546442	65610	-0,0018128458696166068
65620	-0,004539342448642663	65620	-0,0087027981269399372
65630	-0,010025923401163006	65630	-0,00061739602950921764
65640	0,015548417143908925	65640	-0,0048248413461083718
65650	-0,0042713829877883639	65650	-0,0015347217202329416
65660	-0,0063447425933943064	65660	0,00081638182819284669
65670	0,00625390275899559	65670	-0,00591980994557473
65680	0,011834793353888701	65680	0,007621840193148691
65690	0,012688004760318667	65690	-0,015615631769851873
65700	0,0081778137392014075	65700	0,014154545386728003
65710	0,0011936609334312516	65710	-0,015492761411515494
65720	-0,0015843859318246689	65720	-0,00073823777784936086
65730	-0,00823988991077365	65730	0,0054606558633053187
65740	0,004835343023770612	65740	-0,0061409218447341382
65750	-0,015936114861963231	65750	0,006955728667183054
65760	0,011240903495405252	65760	0,0018144962566372695
65770	-2,582950264471567E-06	65770	0,0087881366638229413
65780	0,0011697634537336406	65780	0,007728452108399955
65790	-0,015452250149541895	65790	-0,0068649477486281887
65800	-0,015493235994299599	65800	-0,00022300938374974631
65810	0,0012951617184502294	65810	-7,77997132814322E-06
65820	-0,0053778699401438564	65820	0,0029013550479061235
65830	-0,013896830456801653	65830	-0,0020023920810150922
65840	0,0042592151569380253	65840	0,00030909394375277626
65850	-0,00679011193237786	65850	0,003009876144976741
65860	0,00562817644753994	65860	0,0053808837187235073
65870	0,0030307637981386915	65870	-0,0026870532151146249
65880	-0,023422020784752726	65880	-2,0776864736554981E-05
65890	0,019483233272437804	65890	-0,0063583161591298778
65900	0,0049375079995124249	65900	0,0068166614825600968
65910	-0,0035161678833721941	65910	-0,0029609212459716793
65920	-0,0030968866194356296	65920	0,0047283959049310518
65930	-0,017794680097983739	65930	0,0094601959757280672
65940	0,010686315238667154	65940	-0,0055779603235824367
65950	0,0023515949624382249	65950	-0,0075468998241744632
65960	-0,00093499168505083716	65960	-0,0057762632723060495
65970	0,0024924622200205387	65970	-0,0022678797047186523
65980	0,0048104865179643113	65980	-0,0091313886949077432
65990	-0,010124551133928132	65990	-0,0090473239287793827
66000	-0,0072219559822247715	66000	0,0035492340337069275
66010	-0,0051276679443645187	66010	0,012879025282092341
66020	0,010925980545789573	66020	0,0035693113421915086
66030	-0,015871739161270784	66030	0,0011157949538056333
66040	0,001875987914487265	66040	0,0014372894980554051
66050	0,013292090661659071	66050	-0,0015418475651649286
66060	-0,0024509693822832015	66060	0,0075348814302331089
66070	-0,015118577758194125	66070	0,011117985419260934
66080	0,01191050290389181	66080	0,0078091805099903119
66090	0,0069872709214754075	66090	-0,010374394092290785
66100	-0,00021507432943050856	66100	-0,0043566810733063
66110	-0,0020286049987734965	66110	0,0039918752707902849
66120	-0,0042107504882774975	66120	0,0024292389558043725
66130	-0,0073077941283579018	66130	-0,0018350945253534279
66140	0,017558677484355894	66140	0,0091942230746885813
66150	0,015197362314418286	66150	0,0059715223978322957
66160	-0,0042024127222496229	66160	-0,0042193684076123226
66170	0,001169821165409448	66170	-0,00782140409784848
66180	-0,019487362142889014	66180	-0,0063916118950876248
66190	-0,0033461813160517513	66190	0,0046445342806887471
66200	-0,011619724847848609	66200	-0,0023684251573162776
66210	0,0086784505282579347	66210	0,002105076061109535
66220	0,0027282817164130508	66220	-0,01539124870675747
66230	-0,0037260169190837175	66230	0,0114567015860726
66240	-0,0054541335094002458	66240	-0,01187308480687599
66250	-0,0060675820963943215	66250	0,0055781127850081311
66260	0,0027161466321043051	66260	-0,0010145262450367862
66270	-0,0031380735834203775	66270	0,008160592748986251
66280	0,0088830454808446254	66280	0,0032642057079714753
66290	-0,010827276786166865	66290	-0,0054850021345113024
66300	0,003075276020832649	66300	0,0085633606289686019
66310	-0,0032344182893981059	66310	0,0052086634710551052
66320	-0,0052776653037378577	66320	-0,01306354251701239
66330	0,00062693746043850258	66330	0,0052656415219684109
66340	-0,0035522485457483784	66340	-0,0052218873373552034
66350	-0,023035580053521503	66350	0,0041384211445686693
66360	-0,012106061608192125	66360	-0,0016016285983440988
66370	-0,0016754798561654182	66370	0,0058265473798326363
66380	-0,0078058537300965715	66380	-0,0074168225164840795
66390	-0,0069750786596887767	66390	-0,0016302508004547448
66400	0,0018907957370335935	66400	0,00837691406808679
66410	0,01286635301647473	66410	0,0034641295595375775
66420	0,006294490314593058	66420	-0,0024233071965421042
66430	0,0039991811230186683	66430	-0,0045581980320947369
66440	-0,0016590174759607234	66440	-0,00012641619111003854
66450	0,0030769108390366787	66450	-0,000823689189826471
66460	0,000884085068049648	66460	0,0032726727399776221
66470	-0,0029767618755106536	66470	-0,0068465912933183114
66480	-0,0086307816174450228	66480	0,0019400068960233037
66490	-0,0040351573703137208	66490	-0,01597520956421887
66500	0,00935862345004125	66500	0,00797663692671437
66510	-0,0047891308110774092	66510	0,013740439784631079
66520	0,00598991658989738	66520	0,01016679565306897
66530	-0,0048710291702248852	66530	0,0048058733298857364
66540	0,00802862677536111	66540	0,0086721740528490961
66550	0,0083824116564236509	66550	0,0047045189229718305
66560	0,00244372070715296	66560	-0,023060863916324628
66570	-0,0079554832640488949	66570	0,0055602667319725107
66580	-0,01158117208389298	66580	0,01875550573074259
66590	-0,013280484477631674	66590	-0,00058788758858387949
66600	0,00057889380406707228	66600	-0,0043801374912343745
66610	-0,00953632691103179	66610	0,036420347169131818
66620	0,0096596467727886569	66620	0,087567948864578318
66630	0,016416371453500406	66630	0,17304297256137063
66640	-0,0027873948545487992	66640	0,29839375996068462
66650	0,0016478568276361103	66650	0,48277311988102312
66660	0,014071053807259773	66660	0,6439907618366002
66670	4,100692554649093E-05	66670	0,75447380759277649
66680	-0,00636783668791446	66680	0,82201146372268008
66690	0,014852824590873196	66690	0,7949817284720031
66700	0,079122842859804157	66700	0,70709141473869086
66710	0,097443373640460934	66710	0,669280963796762
66720	0,026669021528545077	66720	0,45549444761187952
66730	0,0053621834912461232	66730	0,18882717273190261
66740	-0,034810868696637388	66740	0,22112435820076562
66750	-0,065980882501015858	66750	0,25562376776578133
66760	0,062357593839299445	66760	-0,18589702661894803
66770	-0,063733605369729912	66770	-0,4919564817176062
66780	-0,047432322171501749	66780	-0,9172944401998836
66790	-0,0017958958450974942	66790	-1,1106610098006406
66800	-0,10108078442052348	66800	-0,80887516275934246
66810	0,12318860584017652	66810	-1,068172504428577
66820	-0,063995944761055246	66820	-0,84100337990001206
66830	0,0063799244436701973	66830	-0,850832403230198
66840	0,029083823605094813	66840	-0,4490809056565907
66850	-0,032934244614169016	66850	0,030377341491135502
66860	0,12897770148667392	66860	-0,073064619698357453
66870	0,00048524360854192258	66870	0,090085825043005774
66880	0,046557937473529286	66880	0,05901586428434577
66890	-0,053030062607115486	66890	0,33227347583001959
66900	-0,055400170384383225	66900	0,3202534107823346
66910	-0,045435221461310057	66910	0,1425572532074105
66920	-0,056371230324532534	66920	0,022393983100734181
66930	0,016423451834069718	66930	-0,12581665718097246
66940	-0,033542528091714381	66940	0,092111510659220741
66950	0,052395218267629447	66950	-0,050035991494484691
66960	0,077140168819999078	66960	-0,15140922265224896
66970	0,044303082125542806	66970	-0,30470226472314088
66980	0,047482766500862514	66980	-0,29071178522009739
66990	-0,027788796520900959	66990	0,0870158539909676
67000	0,0878121401427881	67000	0,0014949569914747066
67010	-0,046757554904963132	67010	-0,0041228311127684495
67020	-0,057438290218529496	67020	-0,12243231205718225
67030	-0,004646314991585662	67030	-0,071574927832510349
67040	-0,11730657327934553	67040	0,38089033893168039
67050	0,15035369352465491	67050	0,0095793824445573553
67060	-0,041507826293142383	67060	0,024310639494323296
67070	0,0045023491328473565	67070	-0,25041624363725967
67080	0,015229087955148411	67080	-0,079156399173573408
67090	-0,030796112833398632	67090	0,11851266138435807
67100	0,14914523683278458	67100	-0,2721413556912789
67110	-0,0292745240208405	67110	-0,29674715160754933
67120	-0,0073744261719832418	67120	-0,5177978127258529
67130	-0,031347244584380166	67130	-0,40071795650663239
67140	-0,08555238952497432	67140	-0,294538208461442
67150	0,024132569181247985	67150	-0,57518272195328424
67160	-0,018204933317367281	67160	-0,70279688841331878
67170	-0,0724879271077016	67170	-0,76716112325520247
67180	-0,035506899931659855	67180	-0,90654980732497259
67190	-0,021612305408192877	67190	-0,90570576274587089
67200	0,014007338635743639	67200	-0,75041610083656951
67210	0,04777611282999731	67210	-0,48449711002690882
67220	0,0807987494443323	67220	-0,10749971804672531
67230	0,087423321910742119	67230	0,2618655485056588
67240	0,077043972338397271	67240	0,56706517535409262
67250	0,04325395134924321	67250	0,80642141979590609
67260	0,013347713278795787	67260	0,92412718267621319
67270	-0,036855918693812641	67270	0,95250181922215993
67280	-0,049164877056825582	67280	0,89746498152351573
67290	-0,060922601708152425	67290	0,81330316474005515
67300	-0,06995656242051744	67300	0,65790550154871885
67310	-0,069925636939388178	67310	0,47959907283549896
67320	-0,032879594714471772	67320	0,29434432487972439
67330	-0,024716452319229192	67330	0,12600693879243821
67340	0,0022601181290375868	67340	-0,01226608510278711
67350	0,02989324890741964	67350	-0,078653692413759718
67360	0,0404932060476035	67360	-0,11533138388310681
67370	0,036127656451163309	67370	-0,09706181229490865
67380	0,046147178659183691	67380	-0,032067882104518892
67390	0,023335899667925875	67390	0,02248192313673612
67400	0,0057520030332853219	67400	0,0769508057547368
67410	0,0075343018896416262	67410	0,12088275526026848
67420	-0,016216068739113441	67420	0,15437338368723769
67430	-0,029938236800087798	67430	0,13096603407316307
67440	-0,017274282982887457	67440	0,098098473038221168
67450	-0,025380047623500424	67450	0,061062740305009508
67460	-0,011688530001873126	67460	0,030639973757790796
67470	-0,00025166444085924193	67470	-0,009919580374895539
67480	0,002359854601249863	67480	-0,023665580187422652
67490	0,024029177909077121	67490	-0,048816923561595976
67500	0,011482644955696173	67500	-0,052061050763656733
67510	0,00354832159584313	67510	-0,043820463356309756
67520	-0,0068581692726333134	67520	-0,010134671291250671
67530	0,0091490304650932459	67530	0,0012035415519528387
67540	0,014068196085245319	67540	0,01533542722418353
67550	-0,016816216758267142	67550	0,022955763599307271
67560	-0,0056189374501515689	67560	0,037442285708324981
67570	-0,004479220013741324	67570	0,0333694648805235
67580	-0,015011882691984306	67580	0,017979038676092921
67590	-0,0064370841307416441	67590	0,014613082995126786
67600	-0,0098249721616722515	67600	0,011751625562598751
67610	-0,0040055127462913041	67610	-0,0061081979600700461
67620	0,0090374653318621486	67620	-0,0097368743057298628
67630	0,01089294271951661	67630	-0,00060842162293158115
67640	0,0074431974162133679	67640	-0,01844658159761103
67650	-0,005800901032730248	67650	-0,013182848449207108
67660	-0,021771465303697567	67660	-0,0063284932982420874
67670	0,0015849323423512789	67670	-0,0002092044920693387
67680	0,0015176906841257462	67680	0,019512307330892237
67690	0,0059361031438537491	67690	-0,0074870392839513885
67700	-0,0048396981657392573	67700	0,0050569727775326518
67710	-0,0025977684215903545	67710	-5,2476632364315856E-05
67720	0,0045767325780045132	67720	0,012643985300435961
67730	-0,0082343735081376636	67730	0,0063827653413261994
67740	-0,01031673861440047	67740	-0,0080103868070667984
67750	0,0014231609500220096	67750	-0,0049343805437274237
67760	0,010639577164222732	67760	0,0041912922006316581
67770	-0,0039974693226252581	67770	-0,0016773501571330459
67780	0,00034630452421903089	67780	0,003325255073165845
67790	0,0087603563611614432	67790	0,0043391095168312972
67800	0,0024366694735012818	67800	-0,0029171362595158518
67810	0,010965905638223838	67810	-0,0081102189627586928
67820	4,84191620177965E-05	67820	0,00014850682355589163
67830	0,011498440088037317	67830	0,0050034000238325764
67840	-0,005410967645229265	67840	-0,0039372572064371673
67850	-0,011143648331755549	67850	0,013283981520838865
67860	-0,0014227188392149121	67860	0,0033593617231043281
67870	0,0027696808003796307	67870	0,0021715127953891885
67880	0,0010154871981160754	67880	0,0010294387118979348
67890	-0,0031475075167347205	67890	0,014522329753063897
67900	0,0029365677635666033	67900	5,658518411200204E-05
67910	-0,0043030731236740069	67910	-0,0039615553795077085
67920	0,01367864241749899	67920	0,0076146482225782387
67930	0,0026462952619674767	67930	-0,0059827952697127677
67940	-0,0059240611273955728	67940	-0,016631236270403516
67950	0,012161443881940031	67950	-0,0022766109385733185
67960	-0,013539311352149221	67960	0,0046996172673936859
67970	0,0095647373032045884	67970	-0,0096353228757199063
67980	0,0073443654360468534	67980	0,012939766686177754
67990	0,0015099340379631655	67990	0,0031151206372307116
68000	-0,0038855695967013912	68000	0,018817785244881736
68010	0,0063099467936144531	68010	0,0082122739314430676
68020	-0,0036617209369364466	68020	0,0074933913374033521
68030	0,00214585033261906	68030	0,0015065895274474388
68040	0,0013086745903126101	68040	-0,004221853591710339
68050	0,0030321172527885886	68050	-0,010900147074482464
68060	0,0038719943744266946	68060	-0,00855984435919658
68070	-0,010199774753166581	68070	0,00072862985885165945
68080	-0,0030276180010276659	68080	0,011539899403535637
68090	0,0023710251943637093	68090	0,0074367952741565789
68100	-0,00902274002645572	68100	-0,0048074901231280262
68110	-0,0047666353153584156	68110	0,0033282905450309551
68120	-0,0094931073003843847	68120	-0,00012861651114554209
68130	0,0014107481321061733	68130	0,0093460297026049088
68140	0,0035616370225616143	68140	-0,0050829562675729478
68150	-0,013809368388316916	68150	-0,00050879791660800864
68160	0,00045270782676494806	68160	0,0031395038622293813
68170	-0,01458906936097742	68170	0,002819406686051113
68180	0,0027983391560327865	68180	-0,0063588507319995722
68190	0,011818724535466032	68190	-0,007164191498899939
68200	-0,0063750035462107023	68200	0,011237402662137356
68210	0,013658233522246046	68210	-0,0065763929975418516
68220	-0,00060727385180597653	68220	-0,0044750461348413472
68230	0,010229465265914147	68230	0,0054259251779455123
68240	-0,0019246582633854288	68240	-0,002220247233539295
68250	-0,0031162620938349058	68250	-0,0055701806522102017
68260	-0,018299342402136369	68260	0,0011026464303850365
68270	-0,0039997654311965548	68270	-0,0050635656329702083
68280	-0,00270714023190459	68280	0,0032299756385923621
68290	-0,0034548923873497206	68290	-0,006664949167688357
68300	-0,0034704658407015551	68300	-0,0093134202361079589
68310	0,00055586325573066481	68310	-0,0013638294822429658
68320	-0,00078838546161196009	68320	0,0080725609923199149
68330	-0,00075635353741212248	68330	0,0093253377073814082
68340	0,00324920128290518	68340	0,00041055847399624573
68350	-0,0022232703005447873	68350	0,0026141850420275952
68360	-0,0012715218567943419	68360	-0,0059828079319533475
68370	0,0082207041272976122	68370	0,00661709257104529
68380	-0,003374721021772669	68380	-0,00097766652751526679
68390	0,0038556790601576968	68390	-0,011001392453626385
68400	-0,010590736781779147	68400	-0,0035145565404738821
68410	-0,00991454434612217	68410	0,0041318457741936244
68420	0,0069547435688925314	68420	-0,005156491670643585
68430	0,00089674461603414209	68430	-0,0057100711640411805
68440	0,0038810327258952185	68440	-0,012062749443589163
68450	0,0038232970172610427	68450	-0,005197888135182631
68460	0,004114434304808047	68460	-0,016189640379832743
68470	0,0039201007019654946	68470	-0,015352690944887521
68480	0,004073006488391687	68480	-0,0014217234145897468
68490	0,0030681747697741545	68490	0,0076934779694197257
68500	-0,0047247900710349231	68500	-0,0068807402351632272
68510	0,0050765759728597067	68510	0,0012237258435426842
68520	0,010149818691407585	68520	-0,0080604640485252618
68530	-0,0020534029904966532	68530	0,00054747588472963424
68540	0,00040059604489268676	68540	0,0022510978884588435
68550	0,00015897327247648302	68550	-0,0033022794486879887
68560	0,01329325957995272	68560	-0,0070132798360992748
68570	0,0015063374219339747	68570	0,00029318759064747937
68580	-0,016651099570396406	68580	0,012616646429216708
68590	-0,0024796226824342683	68590	-0,0024906476526351438
68600	0,018258384754310377	68600	-0,007692330646304822
68610	0,0068412875965005943	68610	0,0010417625101136708
68620	-0,011258600890976295	68620	-0,0036741374242678934
68630	0,0075712087938723605	68630	0,015546749574068246
68640	0,0058511895978148945	68640	0,0007318510735277691
68650	0,0033706770211336156	68650	-0,009505480156338255
68660	0,0005519984887914607	68660	-0,0037853902244300249
68670	-0,0050654562916042428	68670	-0,0074768488552791109
68680	-0,0025152181623669316	68680	0,0036718914098348055
68690	0,015592150126300117	68690	0,0002343046618394364
68700	-0,0038231457450169739	68700	0,0023524162205984778
68710	-0,0029214947853761523	68710	0,0042803897023759785
68720	0,010583586339522864	68720	0,012891544318490768
68730	-0,0035183560640904788	68730	0,0072289966591389662
68740	0,0059278142678299379	68740	0,004590940022178502
68750	-0,0016721830654300742	68750	-0,006502345182820053
68760	-0,0015979738390780977	68760	-0,00092937253435105584
68770	0,0022065502515578538	68770	0,0028996926073948659
68780	0,0038477028247901417	68780	0,011810713805137773
68790	-0,0009081936913264496	68790	-0,003556145203275983
68800	-0,008351110232151196	68800	-0,00766633990816581
68810	0,0026831707231099382	68810	0,0044244350969810638
68820	-0,00069661389150352531	68820	-0,00346420496781571
68830	-0,005601901687915232	68830	0,0054558516779785668
68840	-0,0061608494180370949	68840	0,0097677865072812228
68850	0,0010571308777346303	68850	-0,0046069688362865725
68860	0,0065019853043049251	68860	0,008633429956987836
68870	-0,0022013845400505757	68870	-0,00052613869208550273
68880	-0,00099913250421919419	68880	0,0010693530479390912
68890	0,01131583290939534	68890	-0,0026862201570497881
68900	-0,0052202002668353814	68900	-0,0028235459621558791
68910	0,0026212459263233456	68910	-0,0069381446516369877
68920	0,004336088356570747	68920	0,014587195723241814
68930	-0,009233993527186549	68930	0,0048757749479997649
68940	0,003755324412973804	68940	0,0024928507882731603
68950	-0,0083523137685758142	68950	0,010709628351824312
68960	-0,013905487106497002	68960	-0,015414922505400816
68970	0,0071866630964105031	68970	-0,0015682114089332255
68980	5,0559333995893132E-05	68980	0,008344208351583329
68990	-0,0025117860105059366	68990	-0,0060729636593250987
69000	0,0015508575228161399	69000	0,0034389182336120663
69010	-0,0056815357400041228	69010	-0,0065834225605778431
69020	0,010458827378656842	69020	-0,007149688234698851
69030	-0,014704766616933707	69030	-0,0043792015319925092
69040	0,0040514800178976127	69040	-0,00069130469421836184
69050	0,011357601915203292	69050	0,0066412853044832913
69060	0,010886007162515058	69060	0,017271389080042682
69070	0,0085949616916927412	69070	0,0012148146975515604
69080	-0,0053060896959829023	69080	0,010541227800241198
69090	0,010061089004335619	69090	-0,0063665434316540421
69100	-0,016717763955536681	69100	-0,012127258621417263
69110	0,0084234732933274881	69110	-0,0028065817458953128
69120	0,0036431375415234149	69120	0,010666794299565538
69130	-0,0049491074050500095	69130	-0,011019205738007706
69140	0,00672146449151353	69140	0,0039066696895668149
69150	-0,0046164816965796347	69150	-0,011903055410569996
69160	-0,0070660318541916735	69160	0,0063012162236802541
69170	-0,0070017446617251554	69170	0,011275949490002815
69180	0,0054697597681577434	69180	0,0026517405775660194
69190	0,00600770078473477	69190	0,0065010867317604167
69200	-0,0059278254287450562	69200	-0,014237801581427304
69210	-0,0068296135564003138	69210	-0,0032386072088814856
69220	-0,0041209171445334572	69220	0,0079052657518732476
69230	-0,015746740594130445	69230	0,0099300951669873769
69240	0,011180645477070577	69240	-0,0033505283443027905
69250	-0,0050509508441940647	69250	0,012624695159567781
69260	-0,0025556548146008023	69260	0,00610344590233601
69270	-0,000274072738443242	69270	-0,010917584815459855
69280	-0,014745408869025747	69280	0,005618764155459555
69290	-0,0096403352815404054	69290	-0,0060576113426358
69300	0,0020285719029434564	69300	-0,0069852266983977639
69310	0,015416255789253017	69310	0,0024339313574915319
69320	-0,0011138016880224884	69320	0,0055676409406274878
69330	-0,0032166564603881248	69330	-0,0080172702039186718
69340	0,00057969734477063544	69340	0,002265411454360009
69350	0,0050962017398936584	69350	0,0042175745564302395
69360	-0,00040566129596903257	69360	-0,005444050597120784
69370	0,011567628117426041	69370	-0,0054810351967683867
69380	-0,0027450546408500339	69380	0,0044581736712339757
69390	0,00459806015792164	69390	0,0012511534825681153
69400	0,0020935129915399526	69400	0,010826811897736554
69410	-0,00488814689804117	69410	-0,0015161029393982934
69420	0,00450861630245418	69420	-0,00048485601472936056
69430	-0,0045051066129834982	69430	0,0054272687480320277
69440	0,00088591715619667014	69440	-0,0065868827862200106
69450	-0,0058865471812111778	69450	0,011115832610154549
69460	0,0049590885278081049	69460	0,009021314079025386
69470	0,00943176881186574	69470	-0,00423931098286781
69480	0,0026660038418001211	69480	0,0018212767882718874
69490	0,0025935919311456989	69490	-0,0069583348667707715
69500	-0,00589641378505083	69500	-0,0062055763750750717
69510	-0,006148534265088987	69510	-0,004009581931634516
69520	0,00097786288269123317	69520	0,013197268999917938
69530	-0,0085564713837849148	69530	0,012162581058690437
69540	-0,0037361984456416313	69540	0,005636237071818412
69550	-0,00969529659048971	69550	0,0055052385657458095
69560	0,000678634007294803	69560	0,0038297699312289705
69570	0,0052154520152444574	69570	0,0040558385025144328
69580	-0,0021001882169263976	69580	-0,002587224314122416
69590	0,00157274514016012	69590	-0,0021868350816690138
69600	0,012904833461629196	69600	-0,011228975173229875
69610	-0,016258754764698211	69610	0,0045521724015268996
69620	0,0087944027580524522	69620	-0,0079585131185125231
69630	-0,013334270085084107	69630	0,0083743679676435215
69640	-0,0089624405839968044	69640	0,0044617813490169323
69650	0,0011353105465430019	69650	-0,011087149849542325
69660	0,0042292739120984761	69660	-0,0031092066434818539
69670	-0,0026889160777062507	69670	-0,0023134269634463968
69680	0,017431223179633713	69680	0,0082795788784025583
69690	0,00169225360272164	69690	-0,014748150800608316
69700	-0,0023921936496706171	69700	-0,0057236680308775977
69710	0,00080715034152750178	69710	-0,022144455227462466
69720	-0,010002826674438196	69720	-0,084585904701940287
69730	-0,017968579477867	69730	-0,17526082785731262
69740	-0,003665539024942854	69740	-0,31934456147753215
69750	-0,0049000400371624394	69750	-0,48472779336367267
69760	-0,0013884009451338583	69760	-0,61681436930903211
69770	0,01397892879982547	69770	-0,73648539849479377
69780	0,009570263577772584	69780	-0,83729489119681644
69790	0,0013475926367760782	69790	-0,85233853875317189
69800	0,066644909427607951	69800	-0,78968320087047528
69810	0,063476209321326138	69810	-0,67179889476897459
69820	0,10049723778305356	69820	-0,34107991478834732
69830	0,036676811157771057	69830	-0,073132012975289179
69840	-0,042285127584076744	69840	-0,24715184349865246
69850	-0,00248330739131792	69850	-0,20226088093034922
69860	-0,12871357121293822	69860	0,15559967438412398
69870	-0,027489069275565554	69870	0,46659672109343292
69880	-0,012826795994345223	69880	0,90540555789684107
69890	-0,0011574174620116188	69890	0,97451073703090663
69900	0,092130106900193354	69900	0,923666446432514
69910	-0,1415327037158321	69910	1,2099890358771748
69920	0,041974555498586204	69920	0,9935044747011289
69930	0,026708724469991518	69930	0,89348377780545551
69940	-0,025238456468912811	69940	0,40801817628747361
69950	0,030387427385028479	69950	-0,00018866853237593491
69960	-0,14900530010550256	69960	0,1002356920107295
69970	0,037703005296262131	69970	-0,10652788846226097
69980	0,017828366726535535	69980	-0,13650709999598271
69990	-0,012193255145540195	69990	-0,33032101889302079
70000	-0,042761651432245237	70000	-0,26897599850079867
70010	-0,055467821571924918	70010	-0,12107027106346029
70020	0,091291908534200147	70020	-0,0060193574520112586
70030	0,028963596300150749	70030	0,078150733626162663
70040	0,026242717927853227	70040	-0,030086909443274634
70050	-0,05536093330902811	70050	0,10386224890582164
70060	-0,03731725332270009	70060	0,20074422568119216
70070	0,046034976989507606	70070	0,24756415044232777
70080	-0,012247298057465951	70080	0,2036054253312922
70090	0,079703820715459214	70090	-0,058219578940989662
70100	-0,067332638885790053	70100	0,04177418226829057
70110	0,022461064873711311	70110	-0,017324894574742147
70120	0,0499536691497229	70120	0,016120785559946154
70130	-0,00917074441313404	70130	-0,084052925911742252
70140	0,060010736067923676	70140	-0,32162978845577989
70150	-0,21855423811788202	70150	0,021336557905309143
70160	-0,014330771367494208	70160	-0,066648556619975513
70170	0,0069416122898550885	70170	0,17465478185452057
70180	-0,046205316362548841	70180	0,086565023725401216
70190	0,059489968807326307	70190	-0,035060354557128116
70200	-0,105978966220462	70200	0,348504322472597
70210	0,059727256309115663	70210	0,37222190036600233
70220	0,045075984041116859	70220	0,52099276558751073
70230	-0,0046940829175100363	70230	0,41268722693491444
70240	0,028559685725608526	70240	0,43434168694119757
70250	-0,023309188591598428	70250	0,59042968383587979
70260	0,021002604843808111	70260	0,72029377954649143
70270	0,13690433989310707	70270	0,81803871887099988
70280	0,14098129217597771	70280	0,8682272188542226
70290	0,139213577965277	70290	0,7870041983082886
70300	0,068951404697011678	70300	0,65535044762115924
70310	0,0071170352777824141	70310	0,35473298549419613
70320	-0,057686999622373288	70320	0,016556898749982524
70330	-0,086099762380412115	70330	-0,29947520301021069
70340	-0,095393880185396157	70340	-0,5581345851116829
70350	-0,082816297116283785	70350	-0,76354825144118177
70360	-0,061680938988481093	70360	-0,86378328051273112
70370	-0,025545938766423481	70370	-0,9023371790330581
70380	-0,0045340902344378955	70380	-0,87851199110828293
70390	0,025050316540587841	70390	-0,78957668821173355
70400	0,019439746577894827	70400	-0,65447896342697576
70410	0,03551995704000474	70410	-0,47580801557296065
70420	0,028232912192163461	70420	-0,29130589094324927
70430	0,0063702758086821177	70430	-0,13316267051059097
70440	0,00074701387196066777	70440	-0,016957696624391762
70450	-0,012090913281150504	70450	0,060068093417144926
70460	0,00084861454345975574	70460	0,090991908528531146
70470	-0,020672243842297273	70470	0,082503121529006851
70480	0,0017933582218934037	70480	0,063798128470948554
70490	-0,002802468605030944	70490	-0,017582926215766952
70500	-0,019400198305548073	70500	-0,073517788989627658
70510	-0,0088045837301035657	70510	-0,12014205847103836
70520	-0,00571856287021932	70520	-0,12198206274227613
70530	-0,0052528404963830414	70530	-0,11822345049324125
70540	0,002551735693623788	70540	-0,098464917600349935
70550	-0,0074545607033827269	70550	-0,063495918230883533
70560	0,001085221939110745	70560	-0,026140223062753421
70570	0,015255010670978919	70570	-0,0046893483268443323
70580	-0,000943014385181088	70580	0,031973163624654112
70590	-0,006906683725397985	70590	0,031758123971941873
70600	-0,0033105684697521151	70600	0,033770166151764314
70610	0,0022683563394760272	70610	0,0314721497292161
70620	-0,012000127211377856	70620	0,0093131429146925543
70630	-0,025201228174654696	70630	0,000934520194868674
70640	-0,0011154273824137107	70640	-0,0104365249411381
70650	0,0015988688335379533	70650	-0,023954006202419369
70660	-0,0075444373551590846	70660	-0,023653215191834855
70670	0,0053215950296107749	70670	-0,020292892221373551
70680	0,00016679609534190761	70680	-0,024987295472422552
70690	0,012719009600637004	70690	-0,021414768023260134
70700	0,0017846067975799428	70700	-0,0024740149257970918
70710	-0,0090819866105311137	70710	0,0066093283538852547
70720	0,0040678472252425575	70720	0,0090326967724562029
70730	-0,0017838584832469294	70730	0,020550618900968414
70740	0,015054316277983024	70740	0,017091554820009434
70750	0,00637822467101295	70750	0,0014239333228509568
70760	-0,0027007485129838383	70760	-0,0018927245074108411
70770	-0,00804098100877746	70770	0,00062153053802520416
70780	-0,014491449865965945	70780	0,011932309304737069
70790	0,0048073427734243524	70790	-0,00090768878328907068
70800	-0,0071867800529789262	70800	-0,0054976496098577757
70810	0,0047800818049123246	70810	-0,00090169904414601806
70820	0,010082771577183658	70820	-0,009138584613204272
70830	0,0083337937484563186	70830	0,0021899720999995994
70840	0,010479989908489931	70840	0,0094970985357251854
70850	0,00011573572441958975	70850	0,0041478827893870465
70860	0,00038753688307995813	70860	0,013721787431029827
70870	0,013635325328573257	70870	0,00058363545635434807
70880	-0,01006803717040522	70880	0,0045106538495631012
70890	-0,0072174273169555983	70890	-0,0044395853431545675
70900	-0,0058933672306681791	70900	-0,0099645184477851513
70910	-0,0015817890934843037	70910	0,0050901504765084428
70920	0,0098131901929851863	70920	0,0052069395053551985
70930	0,00032217486046656177	70930	-0,01370209390313471
70940	0,002461194892999263	70940	-0,0013210840865850934
70950	-0,0013858313811889798	70950	0,015447925964708689
70960	0,0072975673398001034	70960	-0,006432339232461037
70970	0,0085356527733955485	70970	-0,0049951322200477814
70980	-0,0030570962132450523	70980	-0,0047789123692395241
70990	0,00651238247534386	70990	-0,0024101617329360782
71000	0,0092309716856624827	71000	0,0045604295110719777
71010	-0,0054247648767464874	71010	-0,0018013166296891503
71020	-0,010624286144981687	71020	0,0082431341642246591
71030	-0,0092209355620356936	71030	-0,010617846605251165
71040	-0,011084985411617924	71040	-0,0082251684627308429
71050	-0,012481678014551611	71050	0,007080924935960714
71060	0,0030506009001792841	71060	-0,00807609748732152
71070	0,012273844159336614	71070	0,0014305029500861863
71080	0,008531311770400278	71080	-0,001798695394135593
71090	0,0075023574374677758	71090	-0,0025031740878225226
71100	0,0010744135748043469	71100	-0,0012055166799923428
71110	-0,00039178721406034057	71110	-0,0023094676916709314
71120	0,0019608127021421696	71120	0,0021989195518057171
71130	-0,011670303230222756	71130	-0,0037293794573406793
71140	-0,0027991425479096913	71140	0,0026482979852915033
71150	-0,0057399944415739571	71150	0,00034034858980185756
71160	-0,0016582117555096296	71160	0,00781207875097244
71170	-0,0046859194608314062	71170	-0,0082082088681430035
71180	-0,009434655196501952	71180	0,012440235697315867
71190	0,0090106142151102821	71190	-0,00059387585496681989
71200	-0,0029228279604922693	71200	-0,0031417952687109981
71210	0,01416647433072064	71210	0,0076168096012156272
71220	0,01986567457814576	71220	-0,005799763669694708
71230	0,0051479763907844164	71230	0,0059416483163493468
71240	0,010999321655720021	71240	-0,0054078288937873817
71250	-0,0050477153607425412	71250	0,0048970549705002779
71260	-0,012528313033102896	71260	-0,00071094124857895786
71270	0,00658473502729876	71270	0,0020514428822789995
71280	-0,0056121917751676669	71280	0,0077035575874353866
71290	-0,0073271286697574028	71290	-0,012169311758284417
71300	0,0040566179200327733	71300	0,000860627025543928
71310	0,0094549850705926662	71310	0,0024242765157588748
71320	0,01199308283943233	71320	-0,010878735346000017
71330	-1,7513000959408578E-05	71330	0,012010184289728774
71340	0,0031054251686071736	71340	-0,0057545993353829731
71350	-0,012518493115938736	71350	0,014417847776587587
71360	-0,000721264696989057	71360	0,0064616173434797562
71370	0,0027193083559021308	71370	0,00023366761012908206
71380	0,0025194445035514649	71380	0,0023906871632093456
71390	0,0080557488988048168	71390	0,0070895446899546738
71400	-0,00533055465436881	71400	-0,0065120690027648019
71410	0,0052512804712901142	71410	0,0043723808120575778
71420	-0,00646739051452625	71420	-0,0031530817242818661
71430	-0,0050680261831421635	71430	0,014592900447896937
71440	-0,0061349194093507061	71440	-0,0073776309641127589
71450	-0,0059231051974091616	71450	-0,001656733510601184
71460	-0,00093711820027485683	71460	0,0038304051984398386
71470	0,0059693385946476786	71470	0,0068319808772113345
71480	-0,0030906315276770517	71480	0,014608288546572723
71490	0,015599673855704592	71490	-0,013141561271845259
71500	0,0053921228314026768	71500	0,00647685255127731
71510	0,0035685374072135252	71510	-0,00035723407456290343
71520	0,010366751322645909	71520	-0,0074488992743643569
71530	-0,013641463942922583	71530	-0,00089166499633068106
71540	0,011672993685754845	71540	0,0025042186806841639
71550	-0,0046657301240349549	71550	-0,0033404054990839147
71560	0,00051730803142837852	71560	0,006282044962553102
71570	-0,0037446790511610579	71570	-0,0014979452759739597
71580	-0,0014031454792382448	71580	0,0079544667794323645
71590	-0,0012732130049678432	71590	-0,020625967730444429
71600	-0,0079902864703163632	71600	0,010172927711011906
71610	-0,00420433419946262	71610	0,011392479163050364
71620	0,0066423235678511969	71620	0,0058956193228234532
71630	0,00022443213374302609	71630	0,0059524853684618248
71640	0,0072776202587119723	71640	-0,011512088846972097
71650	-0,0071768447907567014	71650	0,0010226160110047122
71660	-0,00086687603021094587	71660	-0,008919800395376213
71670	-0,0016582878238941619	71670	0,012927632125572047
71680	0,0020130787412907594	71680	0,0077593246645110648
71690	-0,00012680908779473266	71690	0,0018478564975276681
71700	-0,0035143511309748098	71700	-0,0072578207260930753
71710	-0,0092854477753329754	71710	-0,0050888777450027525
71720	0,011395349687616853	71720	0,0070121773618185557
71730	0,0055448971059943669	71730	0,013854419147076361
71740	-0,011601868116859652	71740	-0,0062161781743940081
71750	0,0048953212276878462	71750	-0,0046420017091386269
71760	-0,010054067456980675	71760	0,0026160841016912568
71770	0,0030348618417012736	71770	-0,00061642182410805635
71780	-0,011270271287334387	71780	0,0033975466519821939
71790	0,004005969846084801	71790	-0,010326499285185951
71800	-0,0083432270742732281	71800	0,013463112120144428
71810	-0,0013577885969948455	71810	0,0075956038202226678
71820	0,0089649753958009129	71820	-0,002197020674148988
71830	0,0038486293374210548	71830	-0,0064131393567194109
71840	-0,00026628606896459089	71840	0,0065507475219238279
71850	-0,0054314351018278943	71850	0,011206174287902444
71860	-0,00731784368244283	71860	0,0054903134883263031
71870	-0,0087871070628518511	71870	-0,0090148994454957374
71880	-0,0071837593155464358	71880	-0,0044536188499416712
71890	0,00185250542953808	71890	-0,0091648418220340762
71900	0,005301257502184473	71900	0,0065330604687104006
71910	0,00415042448228588	71910	0,00075791306925277759
71920	0,0094630382661224123	71920	0,0053321802764109642
71930	0,0010525074434933181	71930	-0,0011577659892750031
71940	-0,005077525175366685	71940	-0,0036539687451661797
71950	-0,013840413593595389	71950	0,0039925517644508485
71960	-0,00056327905103449182	71960	0,0093479982353345641
71970	-0,0036272958014959243	71970	-0,0048384215261908295
71980	-0,0031621530258722926	71980	-0,0083749274677235534
71990	0,0052155474172544932	71990	0,0045503113928778652
72000	-0,0061084315433936913	72000	-0,0024123663706834817
72010	0,0061571909591932178	72010	0,0087167261905669417
72020	0,0073309639703746923	72020	0,0017164319278208172
72030	0,0016130557574776591	72030	-0,013664070234008237
72040	0,00090157381890716682	72040	0,0044119137818121159
72050	-0,0044570021635607429	72050	0,0019237040913496321
72060	-0,001353775219333612	72060	0,010335931136602165
72070	-0,0058110564900430784	72070	0,0019335344515826322
72080	-9,9452955782603259E-05	72080	0,0059485109317816134
72090	-0,0010981394129164512	72090	0,0020507094728742428
72100	0,0082760894242853433	72100	-0,004356947554534479
72110	-0,00047360306958272859	72110	-0,009887358331734708
72120	0,0065890142252143643	72120	0,0033059408887718021
72130	-0,0005855920780156378	72130	-0,0067467521772300821
72140	0,0088273948992329161	72140	-0,0065085267284166791
72150	0,00043562351727419651	72150	0,0013888034146492347
72160	0,0033226206834453724	72160	0,002318522457552871
72170	-0,0220111093019998	72170	-0,0046618221197896569
72180	0,0039392847730314968	72180	-0,0053322256970649929
72190	-0,00012839966290612877	72190	-0,0019202343766843218
72200	0,014778372636869496	72200	-0,0036350042711880142
72210	-0,013233339313584476	72210	-0,022093549406340104
72220	0,0027621311831430486	72220	-0,010846491693070172
72230	-0,0059772524690542769	72230	0,0013656235111417041
72240	0,012178770315543595	72240	0,0032921119224390161
72250	0,012586187253792012	72250	0,013153126878578629
72260	-0,00047927817800337054	72260	0,011447471574480471
72270	-0,007683713099498354	72270	-0,00656221068924908
72280	-0,00349356777100757	72280	0,0019846502399283182
72290	0,013898076479746981	72290	0,0083820056893421924
72300	-0,0019753970619503462	72300	-0,0039472148464881575
72310	0,0041471302158025787	72310	-0,0083469090487017835
72320	0,013575659123395803	72320	0,0089357915605246425
72330	-0,0064334499024838688	72330	0,012471816573146661
72340	-0,0044110943013796668	72340	-0,0096077126680910018
72350	0,0083733159455465743	72350	0,0073741038858968055
72360	-0,0015163449518146128	72360	-0,0050870021794276708
72370	-0,0037167752034565891	72370	-0,015890548639570422
72380	-0,0042916317644640309	72380	0,00015267248614456893
72390	0,003866278020387753	72390	0,0030184158838734488
72400	0,0055296110128105593	72400	0,0078067596493758074
72410	0,021863075098290635	72410	-8,00133012795643E-05
72420	0,0051689937879481739	72420	0,0031187914188592182
72430	-0,014184637094668866	72430	2,2240154777879279E-05
72440	-0,005514166786666031	72440	0,0069764968186038006
72450	-0,0039585004873119306	72450	0,002118585423026001
72460	-0,014221414202205695	72460	-0,0056181559227853877
72470	-0,00016023809448335652	72470	-0,0031105229479448555
72480	0,0045248801258532638	72480	0,0089006909849228856
72490	0,017556311067502363	72490	-5,4526919172411795E-05
72500	-0,0048392394393056695	72500	-0,0015010100684312074
72510	-0,010024980792274537	72510	-0,00015562992828090531
72520	-0,004231982379945886	72520	-0,0092323818722121476
72530	0,0032815550187678937	72530	0,010219024921748268
72540	-0,0049098635233143983	72540	-0,0063250449454343195
72550	-0,0047373802372482517	72550	-0,0097207886426442253
72560	0,008611921296619621	72560	0,018837913757245119
72570	-0,0022052107256901755	72570	0,025534173600875579
72580	-0,016138672558920576	72580	0,076378240780822643
72590	0,016663530327545705	72590	0,183660052038867
72600	0,0028275180761893155	72600	0,32543289143059723
72610	-0,0026979987413268338	72610	0,49366954898875764
72620	0,0011319003110946612	72620	0,63918937571049006
72630	-0,0029959950920990606	72630	0,75630196254067361
72640	0,013043994151615659	72640	0,80053352968229141
72650	0,021913133303299061	72650	0,78723571368261569
72660	0,059526131363924116	72660	0,7123313371897193
72670	0,083285210765524878	72670	0,66408705007332014
72680	0,030816455643718106	72680	0,41364040819444
72690	0,0091362264687300347	72690	0,14287294978618462
72700	-0,034069464035931273	72700	0,2036223372554706
72710	-0,069193394911257741	72710	0,29861239657777533
72720	0,071586230386251212	72720	-0,15000748773612044
72730	-0,055034048447537287	72730	-0,48201475232258673
72740	-0,032109138525178674	72740	-0,91016162657097155
72750	-0,022768370025651959	72750	-1,1259347168235085
72760	-0,10969916018489495	72760	-0,85865738211071374
72770	0,12023156786080923	72770	-1,1315419602938635
72780	-0,068426623349228818	72780	-0,88298496620545308
72790	-0,0064963125195830205	72790	-0,87670043603193226
72800	0,021915295010314337	72800	-0,46416940299185894
72810	-0,020976744449341226	72810	0,035561047752054736
72820	0,12513295702946303	72820	-0,040997556021241471
72830	-0,010444948749441371	72830	0,10461631516469981
72840	0,032267587250702549	72840	0,070418232990923507
72850	-0,026296740623227951	72850	0,34690876136978582
72860	-0,077598299842765048	72860	0,33794441982764184
72870	-0,025534787910080715	72870	0,15662104462157134
72880	-0,061251556137719008	72880	0,027697611585509162
72890	0,032384694363559376	72890	-0,12485209093517033
72900	-0,033857168842012349	72900	0,081093518143384641
72910	0,0544294419297863	72910	-0,058412542013805323
72920	0,083279254955553855	72920	-0,16511738633537842
72930	0,045529967540227166	72930	-0,31900462967512916
72940	0,0471142064413869	72940	-0,29529922709860218
72950	-0,047215003710835472	72950	0,081429944342354649
72960	0,0778484738638033	72960	-0,011697017192700946
72970	-0,066382654177173331	72970	-0,0082806874531382926
72980	-0,053635151014562704	72980	-0,10383719149390183
72990	-0,0097476683560877211	72990	-0,052460066061746247
73000	-0,11971538552829583	73000	0,38074413681501218
73010	0,14964432090445623	73010	0,011253896727948255
73020	-0,034719430143720871	73020	0,028436846078453617
73030	0,015289329000976199	73030	-0,24269532608065347
73040	0,017884602092288274	73040	-0,0835408467439852
73050	-0,024469952272798492	73050	0,11088097871199566
73060	0,14887292249396042	73060	-0,28014258172227435
73070	-0,03271023950144869	73070	-0,29045987335962042
73080	0,009010768692782745	73080	-0,50873725198934361
73090	-0,043525676709954067	73090	-0,4012503427980203
73100	-0,089170661159469158	73100	-0,28664126387600636
73110	0,0023678274493666765	73110	-0,56690762985611809
73120	-0,010772596624796538	73120	-0,70495273596901709
73130	-0,033147192406231915	73130	-0,75514664992267411
73140	-0,073205900688893974	73140	-0,88991398728672977
73150	-0,029665619041945715	73150	-0,88806049991359692
73160	0,0091330612496357891	73160	-0,74262107941653288
73170	0,032554688369618924	73170	-0,46319265884398758
73180	0,077477410159592558	73180	-0,1068180822223274
73190	0,11249266207190098	73190	0,25739866962570634
73200	0,081001488298805352	73200	0,57807476895007759
73210	0,048912997935257357	73210	0,79688977062346766
73220	0,011152781891121628	73220	0,91028228669983735
73230	-0,036826029161106749	73230	0,95131313154193586
73240	-0,05001295792269083	73240	0,90158818300239174
73250	-0,065928982476889122	73250	0,8200299042728717
73260	-0,065137671467071931	73260	0,65516882754062766
73270	-0,066186599796369691	73270	0,47615555138487292
73280	-0,035462189177289369	73280	0,28138971322332468
73290	-0,013622646516156396	73290	0,11432548533625364
73300	0,01641057746809739	73300	6,5871323863857261E-05
73310	0,019593979046397918	73310	-0,0858627512092074
73320	0,048825632886354019	73320	-0,1100900822205818
73330	0,04952780905262795	73330	-0,079947277780589313
73340	0,028533203271962144	73340	-0,037758185017982823
73350	0,010014750386125626	73350	0,011465158572169626
73360	-0,0010948644840563008	73360	0,084803291094703262
73370	0,0034597959011904772	73370	0,1279122328567201
73380	-0,025157166419870956	73380	0,15278297196191665
73390	-0,028505904559940082	73390	0,13723867151370631
73400	-0,024165854673334333	73400	0,10884093930196793
73410	-0,020138565527865502	73410	0,061698210018877854
73420	0,008050206223654181	73420	0,031924051482658138
73430	-0,012156325902504485	73430	-0,016660372650166677
73440	0,017808133585362464	73440	-0,041047829085260341
73450	-0,00018638326170036936	73450	-0,047042466361958031
73460	0,0047505924507774524	73460	-0,05759218558361455
73470	0,024517347583092881	73470	-0,023275078908084279
73480	0,021199159240899712	73480	-0,017180778544873529
73490	-0,0010342877714349195	73490	0,011130428532833227
73500	0,0058883747429788044	73500	0,022975481006610971
73510	-0,0078705711450763657	73510	0,027474349208877952
73520	-0,011059351372200531	73520	0,023576970403071225
73530	-0,0069005545355013955	73530	0,034944860557377319
73540	-0,020498288326028655	73540	0,018615588814293631
73550	-0,0023721259360008828	73550	0,027539111677578366
73560	0,0053238282527424538	73560	0,0066452319906693744
73570	-0,00085933888116103657	73570	-0,010927052477764732
73580	0,006439615460969909	73580	-0,00011742612945006265
73590	0,013538667849500048	73590	-0,00879167204949387
73600	0,015510912768826159	73600	-0,0073788727314060519
73610	0,0011719548256933824	73610	-0,0067542906743483944
73620	-0,011685170493976979	73620	-0,0047697234967212787
73630	0,0067828036680214077	73630	0,0028401117729842055
73640	-0,00054834358052014125	73640	0,015460617617501405
73650	-0,022846950663597484	73650	-3,5742536475541174E-06
73660	-0,00539878423802776	73660	0,028073472480557828
73670	-0,0014780768602825568	73670	0,0032109188752563358
73680	-0,021002738891890069	73680	0,012472575017177915
73690	0,00098870552162986483	73690	-0,014559649763632417
73700	0,0028411141070305529	73700	0,0084895078483483832
73710	0,0075212948576728281	73710	-0,0045930735086394479
73720	0,011500397182937921	73720	-0,0084461317108493889
73730	0,0020571316491698596	73730	-0,0020309686841628359
73740	-0,011569396182096958	73740	-0,0084837352966345321
73750	0,0045904196160973009	73750	0,0076628945631350984
73760	-0,0020518035442252339	73760	-0,0032933713820943182
73770	-0,0030332751729715453	73770	-0,0084545138973214327
73780	-0,010944616201493592	73780	-0,0016119787402273387
73790	-0,0014340875314311768	73790	0,003191441581756182
73800	-0,011381390033335381	73800	0,0070130581520480113
73810	-0,00081684193673126993	73810	-0,00859032366595472
73820	-0,010223930096161056	73820	-0,0033099973427419029
73830	0,0056609165163155886	73830	-0,0077606494633470349
73840	-0,00051253954669467576	73840	-0,00838388468055944
73850	0,00566703515534977	73850	0,012252752335756243
73860	0,0024044717067267839	73860	-0,000252682603036689
73870	-0,0029665879022152328	73870	-0,011738215343282172
73880	0,0036277574444438035	73880	0,00923439041561106
73890	0,013498012638755566	73890	0,010080759163070831
73900	0,0014876951529417776	73900	0,010343998673493346
73910	-0,0048983963035211546	73910	0,00584483526534955
73920	-0,011290432299655869	73920	-0,0043195942769218842
73930	-0,0030273071822362247	73930	-0,0044003378274140555
73940	0,0010866104081984837	73940	-0,014774933956586927
73950	0,0054621850482768951	73950	0,0039515667607839186
73960	0,00770664504884472	73960	0,010288621135151423
73970	-0,0088449739918253969	73970	-0,0007164835989737717
73980	-0,0040615789661373036	73980	-0,002915550933003757
73990	0,00951481977978716	73990	-0,010953993925605702
74000	-0,0011879770460982691	74000	0,014428785656429057
74010	-0,0079612791632527186	74010	0,0023284417379463539
74020	0,0029077830089436997	74020	0,0053448355612463142
74030	0,0026353410320330822	74030	0,007703466844443888
74040	-0,00614770997746817	74040	-0,00478002477285538
74050	-0,0092585788216119451	74050	-0,0096797738647248291
74060	-0,0067935249510085284	74060	-0,00527873257544053
74070	0,00032254634087184811	74070	-0,014962379006870471
74080	-0,0077733935584509452	74080	-0,00048941041079152928
74090	0,014002975915228149	74090	0,010919053569572696
74100	0,012207602110448858	74100	-0,0077784770779962334
74110	0,00098960104564994834	74110	-0,0034001702650459653
74120	-0,0059898758365024571	74120	0,0062047535796310727
74130	-0,013098729667216515	74130	-0,00078087631887547237
74140	0,0023648142626005553	74140	-0,0030884962476603645
74150	0,011225688337027541	74150	-0,0041585748476776329
74160	0,00048439553692282677	74160	-0,0079054137137342124
74170	0,0076191470703286983	74170	0,0059188545658726728
74180	-0,0030864634747971012	74180	-0,004670033000719347
74190	-0,004446948265466706	74190	0,009686537436173169
74200	5,9125824557823916E-05	74200	0,0081940861603236048
74210	-0,009233108880550742	74210	-0,0031928783758555681
74220	-0,0020721213574329111	74220	-0,0033399775995185152
74230	-0,0049190473736049692	74230	-0,0076298662237681983
74240	0,00041502378862383994	74240	0,0074196497547758472
74250	0,0067329162811900212	74250	0,011240776314325254
74260	0,0054174202735183	74260	0,0013253363252233525
74270	0,004221454921170536	74270	-0,0068079970656505038
74280	0,0003112734040426022	74280	0,012005935507897636
74290	0,0053933656192795059	74290	-0,014355510498421407
74300	0,00055600996632187668	74300	-0,016804453540018582
74310	0,0096720013074028631	74310	0,0068178894473491991
74320	0,0034150628677868194	74320	0,0082708823791865175
74330	0,0025163123130838337	74330	0,00099571124512701833
74340	-0,0064155691026521258	74340	-0,0087333805580976261
74350	-0,0096758158496899	74350	-0,0036215712479346482
74360	-0,00295965573208254	74360	-0,0023360028327649297
74370	-0,0072188284139166111	74370	0,006197541183568126
74380	0,004731987853443852	74380	0,0097608680922808954
74390	0,00034327333398354216	74390	-0,0013018279490090389
74400	-0,0078888306457212815	74400	0,0032309463390842457
74410	-0,0054526911503625713	74410	0,00048313813941500632
74420	0,00083947676323066424	74420	0,0053342738296458291
74430	-0,017590357669500723	74430	0,0042758849943505773
74440	-0,0037616366220840683	74440	-0,0062622325586361586
74450	-0,0013291411059919191	74450	-0,0024446118975841552
74460	-0,00843908032916375	74460	-0,004540775368765149
74470	0,0088737476010686718	74470	-0,00034598256419349725
74480	0,0098109572388742575	74480	-0,0011220665792987989
74490	-0,011995934190101682	74490	0,0030846624589520397
74500	0,0027478276046521335	74500	0,0032867225208747766
74510	-0,0050814198095918877	74510	0,011820594905702855
74520	0,017625846742145831	74520	-0,00430670657145227
74530	-0,0067184300696692878	74530	0,0091122524584831745
74540	-0,011192248099170656	74540	-0,00202316747576908
74550	0,0019472302062875592	74550	-0,0054061720817230458
74560	0,0071540074930687651	74560	-0,009955946365843453
74570	-0,00045116095195524747	74570	-0,011165498040541086
74580	-0,008819852008573062	74580	0,0039925214909775006
74590	-0,012555560582439968	74590	0,0018840174098572599
74600	0,0058276482350085373	74600	-0,0067477913153392959
74610	-0,0093290790820537827	74610	0,0022797970662354556
74620	0,0010299148684178195	74620	-0,015150297680982732
74630	0,0075473930415726077	74630	0,01297863593061141
74640	0,0083472178352834835	74640	0,0004199345428443849
74650	0,0039227641472076025	74650	-0,00812819751874205
74660	-0,0058346619618607834	74660	0,0040815397004253778
74670	0,0019088627494973757	74670	-0,014508098491004547
74680	-0,006083913711887187	74680	0,010336599833151291
74690	0,0030747449292864897	74690	0,015217349473551276
74700	0,0088073049020027747	74700	-0,00038245692312150625
74710	0,013727046481690278	74710	-0,0059375537633616264
74720	-0,0016216313494699826	74720	0,0005773294835898354
74730	-0,011322219070718394	74730	0,0033739476030436653
74740	0,013665630325764532	74740	0,0048174158777692117
74750	-0,0063449770382190589	74750	0,0031564257356849804
74760	0,010169929138536434	74760	0,012943941254237342
74770	-0,0096171191798476319	74770	0,0072338166249983869
74780	0,016689163959889255	74780	0,01286148344681373
74790	0,0049430920332443219	74790	0,0066390462355633015
74800	-0,0043184814489171941	74800	-0,0026541356200784592
74810	0,00930371112123572	74810	-0,0041054739731904329
74820	-0,00017590204209830051	74820	0,0041239300599410647
74830	-0,012064187569328633	74830	-0,0065619849895340553
74840	0,00301246949335424	74840	0,0075598055395369457
74850	0,0066922283835487272	74850	0,0083808195872781023
74860	-0,0015403852068538878	74860	-0,0042709713362109559
74870	-0,0079169788560353553	74870	-0,004699045021521798
74880	0,012768902596183067	74880	0,011866600639766979
74890	0,012183355527042371	74890	-0,0040054611875395092
74900	0,0042573851993078738	74900	-0,0037716654946531049
74910	-0,0033777453736306218	74910	0,0018478381112540657
74920	0,0026661747228977116	74920	0,0054419256270940445
74930	0,0086119193244171832	74930	-0,00077463474592319632
74940	-0,0056188261073391232	74940	-0,0028750395909277917
74950	0,00753556475191667	74950	-0,010210980166917967
74960	-0,0044392433307552884	74960	0,0046227638085492373
74970	-0,0028928977426534107	74970	0,0075118011905111158
74980	-0,0083116705010099368	74980	0,016745494698970173
74990	0,012538425794060112	74990	0,0022456417219908816
75000	0,01179878389249873	75000	-0,019653276354814706
75010	-0,013347791647965146	75010	-0,0018889699283550616
75020	0,012535097210418752	75020	-0,011555941831072763
75030	0,0040995675394382832	75030	0,0017972225131637413
75040	0,0021569201396167419	75040	0,0048393344587843142
75050	0,0012253697843793031	75050	0,001286963528440052
75060	0,0011670375514357563	75060	-0,0011450639255468265
75070	-0,0059847447569816876	75070	0,0015172047466844802
75080	0,00977327982681002	75080	-0,0042705627212347224
75090	0,0072243219720633453	75090	0,0039329963641167561
75100	-0,0078368368080431444	75100	0,0052794243320652533
75110	-0,0054614553831702608	75110	-0,0039361402502128048
75120	-0,0032738776420860936	75120	-0,0027096855538780826
75130	-0,0036944057744288171	75130	0,0035409178006203072
75140	-0,0089614543712223816	75140	0,0074374161219954785
75150	-0,003340314376436406	75150	-0,0029458122931375246
75160	0,005325648478621622	75160	-0,00576739227843961
75170	0,0043538811618609634	75170	-0,0074304364965762232
75180	0,0013867691118292487	75180	0,020999775440324039
75190	0,0054411428792123465	75190	-0,0176461487665253
75200	-0,0032385234437236395	75200	0,0086034869791597763
75210	-0,0056138781970042064	75210	-0,00414351781749894
75220	-0,0031800339832992776	75220	0,0021424338577198296
75230	0,0011201512551802545	75230	-0,009237245800428168
75240	-0,005802533468867996	75240	-0,00541568526057811
75250	-1,0876834289184015E-05	75250	-0,0029377122034256373
75260	-0,0045782065934593516	75260	0,011666972754439814
75270	-0,0034691798377093352	75270	-0,0054470584464480394
75280	-0,00552199843416756	75280	-5,0362790725645541E-05
75290	-0,0063831141271034186	75290	0,002073585136069216
75300	-0,013891081686828465	75300	0,0039348657419887171
75310	0,0023884606280507497	75310	0,003071573358354205
75320	0,010285750640433996	75320	-0,011548241703788558
75330	0,016055919846565656	75330	-0,0052850569083856868
75340	0,0075266062276904255	75340	-0,0011753309921726021
75350	-0,0043631575818447559	75350	-0,0075240849220099271
75360	0,009314801933571485	75360	0,0088683981953570461
75370	0,008069763525860682	75370	-0,00044296180467190877
75380	-0,0073839877981956041	75380	-0,00406602190022165
75390	0,0099846174153685689	75390	0,0019665541772232475
75400	0,00016524279298794651	75400	0,0026860367908253563
75410	-0,017722516408368496	75410	-0,0018109422373755193
75420	-0,01146918631277398	75420	-0,0077369780830217972
75430	-0,0044542943448840789	75430	0,015662983551618204
75440	-0,011517064171140139	75440	0,0041128217793088406
75450	0,0076807394800923693	75450	-0,0034736943257169524
75460	-0,013366189096353702	75460	-0,0036488684337480843
75470	-0,0020801221623867948	75470	-0,013250431192914922
75480	0,0034259425884462734	75480	0,0041690579725883392
75490	-0,0062211957759762612	75490	-0,001299641621792246
75500	0,010099659315203392	75500	0,0040472754326768322
75510	-0,0060410485201109953	75510	0,0076963620463519986
75520	0,02032495144513987	75520	0,0057332681261934347
75530	0,0058856821927792471	75530	-0,0017772407398178537
75540	-0,0052593579766834824	75540	-0,026462253845065436
75550	0,001844263427050566	75550	-0,074297012387279107
75560	-0,0161054167754828	75560	-0,18763904642887427
75570	0,0013500172684573449	75570	-0,31750105783583904
75580	-0,0094976307899407534	75580	-0,47688498240584365
75590	0,0028782104859084415	75590	-0,6205417843081118
75600	-0,0019164538566450802	75600	-0,75014429914061931
75610	0,016443116222978026	75610	-0,845371716982241
75620	0,00999407392873364	75620	-0,82624439371387359
75630	0,0812214980961059	75630	-0,77341626048350587
75640	0,0327577461477209	75640	-0,71083462146003185
75650	0,13910582799619078	75650	-0,34238245956092689
75660	0,02578490381842052	75660	-0,0876475743836432
75670	-0,059504735533773313	75670	-0,26067936365007793
75680	-0,018646561651074096	75680	-0,23077247199365483
75690	-0,12206404649267857	75690	0,166735335164457
75700	-0,0098032536097440066	75700	0,4459885118650177
75710	-0,00981980311409448	75710	0,86699962211434922
75720	0,0011377627586179621	75720	0,95490282738905152
75730	0,081241892663568682	75730	0,94413991142561493
75740	-0,14960622991235981	75740	1,2381091819608565
75750	0,02810816647424386	75750	1,00479803351881
75760	0,012836484715345282	75760	0,8981953420397385
75770	-0,023494689279962511	75770	0,39706446258791894
75780	0,038815853627544618	75780	-0,0029693947304260289
75790	-0,14052849272222726	75790	0,092841299620748108
75800	0,052557966304224796	75800	-0,11927634590656684
75810	0,016762294610047683	75810	-0,15857774317087661
75820	-0,029942128378371992	75820	-0,34728162602743057
75830	-0,042083918515550642	75830	-0,2592542640435595
75840	-0,033200801739199481	75840	-0,079272094105312052
75850	0,0951555836669797	75850	0,0070986138519043
75860	0,015340406327575178	75860	0,0783713972259592
75870	0,010683027759745828	75870	-0,045019534170350456
75880	-0,054898686610016872	75880	0,10719808657786972
75890	-0,039842094693863163	75890	0,19808760306033549
75900	0,049628992642416249	75900	0,24341315052183277
75910	-0,00690588991700005	75910	0,17499208046304116
75920	0,076929155506651151	75920	-0,054133877190562625
75930	-0,066413402798488716	75930	0,0546767004135878
75940	0,028188780383952613	75940	-0,028490144727055855
75950	0,050047447485574659	75950	0,025725009984283526
75960	-0,00069504044780778528	75960	-0,070516077821306228
75970	0,067630135432965269	75970	-0,31974395885268186
75980	-0,22557418278811536	75980	0,025294446972917582
75990	-0,014166149185088356	75990	-0,046206115988874995
76000	-0,0034319003238425646	76000	0,18121926631102955
76010	-0,033558404115534027	76010	0,090560268806646652
76020	0,053064164260329463	76020	-0,039684735056185361
76030	-0,10444648857207206	76030	0,322855559886452
76040	0,068951016552665459	76040	0,36729584472047672
76050	0,030151984931004436	76050	0,50901550391145156
76060	-0,0072508516128243642	76060	0,41702620554969733
76070	0,02473298548778799	76070	0,42570563938854655
76080	-0,032345740225471376	76080	0,60632134200935184
76090	0,018138401377539366	76090	0,7329151238547269
76100	0,13802641726491208	76100	0,81737758236101965
76110	0,14589778162687977	76110	0,867598670180163
76120	0,12011928595008187	76120	0,79944709600388542
76130	0,060709492402654407	76130	0,67617247215541287
76140	0,010228647044239399	76140	0,36317653177279963
76150	-0,049370783645094708	76150	0,026329227190979663
76160	-0,07700851013460544	76160	-0,2900664329776082
76170	-0,08933736044175733	76170	-0,57019386136784411
76180	-0,0883916298738765	76180	-0,76151599032670936
76190	-0,064066299770971086	76190	-0,88384001347936381
76200	-0,0312318037214987	76200	-0,90926653977446736
76210	-0,0042818350310164259	76210	-0,88446330633855652
76220	0,015789455812425524	76220	-0,79595670110724825
76230	0,028727654515438492	76230	-0,6503084228608299
76240	0,031460425270262833	76240	-0,48042877246829779
76250	0,026378454540516565	76250	-0,29811374822247139
76260	0,010813777010984878	76260	-0,12740026566142942
76270	0,029448140876900449	76270	-0,0022174503036145893
76280	-0,016704146438251678	76280	0,069671583617732749
76290	-0,014366234209989613	76290	0,082077904857203871
76300	-0,011008424376215138	76300	0,07960059656194457
76310	-0,023257766937242044	76310	0,051720668860123283
76320	-0,0076190596346889785	76320	-0,018292586128303197
76330	-0,016030296422436561	76330	-0,071278844366978136
76340	-0,018591165507314621	76340	-0,1295366805637683
76350	0,00025810972259796586	76350	-0,14369839475541174
76360	0,00015954341646280291	76360	-0,12887859026635468
76370	0,0095052777203468389	76370	-0,10282822881714959
76380	0,00869420344496211	76380	-0,0540208464331952
76390	0,00092588163891801109	76390	-0,034181285457814119
76400	-0,0046001235094341808	76400	-0,00093331371024105365
76410	0,0025347456320535832	76410	0,035385928926768465
76420	0,00053702163354121259	76420	0,042016186819652919
76430	-0,017380303981822467	76430	0,048193813959404766
76440	-0,0052297333220265229	76440	0,028708857977231127
76450	-0,00043193043969502526	76450	0,011281162331181677
76460	0,005190893399029008	76460	-0,0025253413676837207
76470	-0,018956026832515689	76470	-0,024768454993434049
76480	-0,0014877188294798304	76480	-0,011026391644266527
76490	-0,0092227043111507059	76490	-0,017624993440994483
76500	0,0061826085577542612	76500	-0,021063167813006479
76510	0,016096192352345953	76510	-0,020447135566301212
76520	0,0012847508036693623	76520	-0,010740474810668955
76530	0,0043836110074817131	76530	-0,0063851878630933924
76540	0,00060368056640163262	76540	0,0046893640018222235
76550	-0,0016224056868622051	76550	-0,0041890693002167249
76560	0,0028815912792808885	76560	0,016011256551060841
76570	0,014858560313507071	76570	0,016471894566250235
76580	-0,0040472824481041164	76580	0,0044757220073164128
76590	0,010419225911231947	76590	0,0030719563758814981
76600	-0,0029723392560646669	76600	0,00953445184031157
76610	-0,00711057697548701	76610	0,0010966354595435409
76620	-0,0032661089387478466	76620	-0,0061656577508924304
76630	0,012192735121320077	76630	-0,0027594666125419077
76640	0,0014546726020618389	76640	-0,012935803838750318
76650	-0,0022986559165578328	76650	-0,0038392488958923945
76660	0,016485183519443013	76660	-0,0085630332097117422
76670	0,00980816185194665	76670	-0,0055756647376134262
76680	-0,0142962054339651	76680	0,0012142728583095829
76690	-0,010428653748920467	76690	-0,00017737846922980983
76700	-0,011285571125668135	76700	0,0013383452876746963
76710	0,011265571752831398	76710	0,0016631661266491538
76720	0,0011219232942917556	76720	0,0086175439826854071
76730	0,023571692400134129	76730	0,0056708464967718374
76740	-0,0056275428557898445	76740	0,0052259171190709641
76750	0,0099670122350794	76750	0,0096746331061199
76760	0,001239061653594541	76760	0,0034798553053241861
76770	0,0013514717638533158	76770	-0,0072113475735820047
76780	0,0013994452839981048	76780	0,0024247442248545937
76790	0,0041890798485632371	76790	-0,0059420711141877653
76800	-0,00676459609681087	76800	0,0056958314916144758
76810	-0,0084583300093878256	76810	-0,0073042037610426972
76820	-0,00025949158897376281	76820	0,0063360301053489989
76830	-0,0066359688221662196	76830	-0,00029957107134948036
76840	0,0036778884069452373	76840	-0,0028855806339582427
76850	-0,0043710859305707327	76850	-0,00062204089274159357
76860	-0,0093248989243223945	76860	0,0027281025518825085
76870	0,014508109856596636	76870	0,011795238524531187
76880	-0,0016978903033415629	76880	0,0029030720273681785
76890	8,7250134454337725E-05	76890	-0,0054572848586683705
76900	0,0047914053444938877	76900	-0,0041804827881773993
76910	-0,00078808354752422894	76910	0,00039615082379314428
76920	0,0052696134497666391	76920	0,0024939588792430223
76930	-0,0017377026258674807	76930	0,0028167927690453147
76940	-0,018794957852315629	76940	0,0089828935146488847
76950	-0,0074462371223320252	76950	-0,010195200952138231
76960	-0,0044992323587087152	76960	-0,015335057373217722
76970	-0,0059569624770086415	76970	0,0042960127651210309
76980	-0,0032400814152981376	76980	-0,001220467122054278
76990	0,018041473153608018	76990	0,019348175431260318
77000	0,0064488650381222595	77000	-0,0020515530513510937
77010	-0,011417699680403882	77010	-0,010878495875168776
77020	0,013147093480842408	77020	-0,0027002535326773359
77030	-0,00258294678654309	77030	0,0059000222164761543
77040	0,00052006774061966383	77040	-0,0058754446424039005
77050	-0,015010423691598182	77050	-0,0023962342844826259
77060	-0,004105463039781411	77060	-0,0034460381592488804
77070	-0,0017048188777095219	77070	-0,0021813127210774065
77080	0,0035353896268038626	77080	0,014198275581411464
77090	0,017171060082109186	77090	-0,0063725504338490776
77100	-0,0066066623075149026	77100	-0,0077409837667154506
77110	-0,010318006251220962	77110	0,0026385538183832545
77120	-0,00036021234712354432	77120	0,00090362192789473865
77130	0,0037283412177030119	77130	0,0081506574624440956
77140	-0,0070081774303577234	77140	-0,00757780952749067
77150	0,0045979653312453348	77150	-0,0022304435783275776
77160	0,0028988947756735284	77160	-0,0018588800185965495
77170	0,0057806431278079624	77170	-0,0072669904393439034
77180	-0,010720918515508195	77180	0,00032585269073012361
77190	-0,0079209561650181552	77190	0,0041936571689973334
77200	0,0092333731499219113	77200	-0,016564723617097356
77210	0,0016003502626861454	77210	0,00917321415296137
77220	0,02082771246338971	77220	-0,0042973636117858479
77230	0,015706752708582562	77230	0,021181404328197782
77240	0,00052871630567946572	77240	-0,00067707886467469308
77250	-0,0077623170364070635	77250	-0,0094797826273215289
77260	0,0023938276667114953	77260	-0,00306136717121925
77270	-0,015431157035117457	77270	-0,012090818775774431
77280	0,01092241232501349	77280	0,0064994610658632365
77290	0,0071487776976279175	77290	0,0018519911694063872
77300	-0,013238477128312378	77300	0,0058416615176345183
77310	-0,0037190891025253407	77310	-0,0048745461256615883
77320	0,00843331875824383	77320	-0,00533104751169701
77330	-0,0041553255644161732	77330	-0,0063674401988615377
77340	-0,0033567422559965822	77340	0,012628603032539281
77350	-0,00091313604328824706	77350	-0,00484754697993631
77360	0,008835168674298682	77360	0,0021100149480562705
77370	-0,0036622151151771034	77370	0,0045557598140723039
77380	0,0042607148931095833	77380	-0,0017901914615561204
77390	0,00031947490231648394	77390	0,0038788994517715554
77400	0,0058277760766961206	77400	-0,0050213990874742346
77410	0,0017808714206392659	77410	0,0030327536996337004
77420	0,0033238033726148888	77420	0,0087812255417801469
77430	-0,0076753814817414161	77430	-0,0067215192084667079
77440	0,016660008291686297	77440	-0,0042892089071298019
77450	-0,0041654574347606624	77450	-0,011329615868473331
77460	-0,0027235099236234345	77460	-0,0034778325097551454
77470	0,012117050520796235	77470	-0,0025909990670708789
77480	-0,0035863855873669651	77480	-0,0035351221787055147
77490	0,014856567431365561	77490	0,00473621783136702
77500	0,00092503043130383517	77500	0,0012953554927959763
77510	-0,0070789141892034007	77510	0,0037747302849666002
77520	-0,0034908397525882703	77520	-0,0045011558744888613
77530	0,0033744110899063175	77530	0,0092675216099403091
77540	-0,0080159326280227778	77540	0,00058361689484065515
77550	0,0016440257717256549	77550	0,00041271268692928795
77560	-0,0076351664574278418	77560	0,0025304694479590033
77570	0,0041119545512926358	77570	0,0029896280796763404
77580	0,0027635044126546882	77580	0,0018910295426109692
77590	0,0039164143873471136	77590	0,00038544271855045097
77600	0,0095760421938749282	77600	-0,0023237784666780819
77610	0,012348783731539831	77610	-0,0051047713913268313
77620	0,0148999600119777	77620	-0,0032702073232069315
77630	-0,0039793914262096974	77630	0,0030778314888492658
77640	-0,00075322065945790818	77640	-0,0075053779755490891
77650	-0,002188190665484101	77650	-0,0020737192602553424
77660	-0,01175817630657099	77660	0,0074779557265106638
77670	-0,002838227765258201	77670	-0,011643993268841813
77680	-0,0029312583690781942	77680	-0,002380186098627893
77690	0,020335619558702177	77690	0,0014233170494359973
77700	0,0065315346602711028	77700	5,8627240618877639E-05
77710	0,0040301348164992956	77710	0,0022100362254836459
77720	0,0063225061680271524	77720	-0,0046004637680286389
77730	0,00039007221456168275	77730	0,0075944879634170437
77740	0,012288781449266248	77740	0,00823360368126499
77750	-0,0029588719330998835	77750	0,0037188300875624211
77760	-0,0082814809503375872	77760	0,00084811994201046078
77770	-0,010022897879854805	77770	-0,0059295297166155978
77780	0,003370803749529902	77780	-0,0047665243277030412
77790	0,012426499984689681	77790	0,006061982804698704
77800	0,0068200599735744995	77800	0,0090885134286704059
77810	0,0013664915014795953	77810	0,012424370132287749
77820	0,00041116217613987376	77820	-0,0053923528546994566
77830	-0,00024225638768104243	77830	-0,011073229149771418
77840	0,0022500778785406366	77840	0,0025179877083325716
77850	-0,0044685786940303384	77850	-0,0060398224275937671
77860	-0,016075740823406948	77860	0,0053699378348418441
77870	-0,00094388599214373164	77870	0,0030392329183109132
77880	-4,9764298648769174E-05	77880	0,013983096495035137
77890	0,001297151166927238	77890	-0,0057230047082359615
77900	-0,0089115159525138456	77900	-0,0073657668140132068
77910	0,0041079636339200415	77910	0,026633628649896365
77920	0,001121610027680689	77920	0,08360678951210046
77930	0,0019348081793286226	77930	0,18151077298680807
77940	0,0023434937983513307	77940	0,32013471542170252
77950	-0,0095452810976759256	77950	0,48366725758287843
77960	0,00299253819342551	77960	0,63595943122419962
77970	0,018857766806988169	77970	0,75454971331577536
77980	-0,0034674992559340823	77980	0,817278574940121
77990	0,029538824179374455	77990	0,79215391070223251
78000	0,062964819252720933	78000	0,69815027637168492
78010	0,10999685227347476	78010	0,64146573935395768
78020	0,014797039499393344	78020	0,45391284917048541
78030	0,0009742804089818691	78030	0,191540048306522
78040	-0,060128325407045387	78040	0,21800858954724539
78050	-0,067344746267771829	78050	0,27219132556409492
78060	0,075834570741182633	78060	-0,19925113149825
78070	-0,066146307945756308	78070	-0,51482174353149535
78080	-0,039184004586344183	78080	-0,92835564981852359
78090	-0,01062072818154201	78090	-1,1134104758125007
78100	-0,10860421977606373	78100	-0,80450780405153366
78110	0,11481730196981491	78110	-1,0974936084740781
78120	-0,068142568646618371	78120	-0,8371997465762232
78130	0,015077941386839169	78130	-0,83913341348626547
78140	0,026867001113909827	78140	-0,43058268707135033
78150	-0,026375890244864812	78150	0,041647221618332363
78160	0,1293476191988682	78160	-0,061721260268694213
78170	-0,00042311147116320534	78170	0,0880738959032713
78180	0,036190827058472312	78180	0,044922836966907527
78190	-0,042647834418244344	78190	0,32769311978374294
78200	-0,070321357581500141	78200	0,31840676809060409
78210	-0,031472554193495678	78210	0,15594243170181549
78220	-0,090731561753760639	78220	0,020414389452223833
78230	0,026301362326606306	78230	-0,11094532913826077
78240	-0,0359611533955403	78240	0,079641063950466329
78250	0,052949360759778553	78250	-0,036239393244278391
78260	0,088319582821006784	78260	-0,17519666210747759
78270	0,042863261926540372	78270	-0,30975451878218413
78280	0,037352122642071779	78280	-0,28482390520351358
78290	-0,0311453548202206	78290	0,090933456075804373
78300	0,074949225833149849	78300	-0,004178617603278153
78310	-0,061102456357468082	78310	0,0087233312346036655
78320	-0,051773441892392136	78320	-0,12495816159074426
78330	0,0053072396959699172	78330	-0,070678108016614644
78340	-0,12606950956743618	78340	0,36182816047222494
78350	0,16332576443607455	78350	0,012807871328914823
78360	-0,033388567420530216	78360	0,015696039369542485
78370	-0,0028981688062021719	78370	-0,24502869142090261
78380	0,0088900706196049489	78380	-0,08175999828172012
78390	-0,046938117978172093	78390	0,10544308252112825
78400	0,15851407885355484	78400	-0,27072489454044363
78410	-0,031548343321704857	78410	-0,29754648250183663
78420	-0,018407091881960935	78420	-0,50555720511793778
78430	-0,026745560192642348	78430	-0,40369302837174847
78440	-0,065338396656840117	78440	-0,30047406791958114
78450	0,0067203671594634612	78450	-0,55737589736249582
78460	-0,0061778269646057156	78460	-0,68605056108807883
78470	-0,09311837079288969	78470	-0,77650558776353729
78480	-0,04235235800624533	78480	-0,90350646590171113
78490	-0,034889229100055444	78490	-0,89388892229352257
78500	0,0097890878918464336	78500	-0,74717584012227478
78510	0,04313508201069266	78510	-0,43322078028992544
78520	0,077132699062378324	78520	-0,0978868773588904
78530	0,094521006251265846	78530	0,28108727069345024
78540	0,07741099474088016	78540	0,594368580618411
78550	0,044400280148227451	78550	0,79444671716873538
78560	0,010563764899121709	78560	0,91314300978415175
78570	-0,028695440491460222	78570	0,94770464739145233
78580	-0,067207347619128041	78580	0,91009957354848514
78590	-0,052253805693526618	78590	0,80617918842518477
78600	-0,056745457343540459	78600	0,6543997480432544
78610	-0,063303192267207278	78610	0,46994965456380916
78620	-0,029182884446994919	78620	0,28638841124317921
78630	-0,026911611454313342	78630	0,12119436873111515
78640	0,0034300773687171069	78640	-0,0064700851958325043
78650	0,025871938173083104	78650	-0,069164963294894619
78660	0,034269277907514474	78660	-0,1041079448990062
78670	0,035255478625751874	78670	-0,10078844652543303
78680	0,042264989050352017	78680	-0,030382838362412064
78690	0,026082456003750809	78690	0,013179156362351082
78700	0,0014311052370420141	78700	0,092452347603079979
78710	-0,021364688437400425	78710	0,11724605496835784
78720	-0,029884585582369796	78720	0,13658328444298029
78730	-0,031315525818796285	78730	0,13572883786846463
78740	-0,028965435482491812	78740	0,10848194086763302
78750	-0,023767336795038375	78750	0,0670095899699403
78760	-0,0088702466984262179	78760	0,028877970782762857
78770	-0,0013047785654269036	78770	-0,0015551381156368395
78780	-0,0019633841371891614	78780	-0,023552780447154694
78790	0,010236304901021566	78790	-0,0467675047593472
78800	0,020994664970423509	78800	-0,037002629530248861
78810	0,023361517371710633	78810	-0,040377004137326658
78820	0,02925642706148314	78820	-0,020816167071503213
78830	0,020585712777638678	78830	0,000688187126175358
78840	0,010351615591014675	78840	0,011601651754456353
78850	0,0014021199546486441	78850	0,019260615474683843
78860	-0,0044990916510509365	78860	0,030410405441683309
78870	-0,0055491458337387891	78870	0,030233316437366688
78880	-0,0092050143324094134	78880	0,030144898233458055
78890	0,0070777986220092338	78890	0,021918846794337452
78900	-0,0072467254857765222	78900	0,0082176700607978145
78910	0,0048906624053068233	78910	0,0014892883180152212
78920	0,010575140147109214	78920	-0,0070146223459940267
78930	0,0013339467194384317	78930	-0,011670649212948631
78940	-0,0045027836384608534	78940	-0,015459611063151357
78950	0,019067004809573875	78950	-0,020962223781412381
78960	0,01960349301511476	78960	0,0064954936699140762
78970	0,0048002240084765	78970	-0,00829806490309229
78980	0,001391415265730916	78980	-0,01223655232198563
78990	0,00956866087184065	78990	0,0064434792533456537
79000	-0,013366622369120408	79000	0,010578044331259537
79010	-0,0074678298813190035	79010	0,012375762193131345
79020	-4,78830558949804E-05	79020	0,014663270361301314
79030	0,0057117955922726211	79030	-0,013338877585063502
79040	0,0094319683577913736	79040	0,00077307402674978458
79050	-0,0015298651234659168	79050	-0,0075577563484336991
79060	-0,007386793901922822	79060	0,0032545298625621848
79070	-0,0047447375249254657	79070	-0,0013838492118152621
79080	-0,005162201843474358	79080	0,0034791027591322015
79090	-0,0018314916454665183	79090	-0,014751525524588489
79100	0,010594395056984274	79100	-0,017252972779433572
79110	-0,010592613752270783	79110	0,00081572883288130282
79120	0,00014799156331039704	79120	0,0097982578780472212
79130	-0,0037333392818228528	79130	0,0093457833057718313
79140	-0,012652824449591992	79140	0,0067544959989180552
79150	0,010994525372608066	79150	0,011827692055989178
79160	-0,00848599605931573	79160	-0,0047786212904633524
79170	-0,0019111884231940339	79170	-0,0051538322902110285
79180	-0,0068594031278555448	79180	0,016736236772844883
79190	-0,0023985385691522648	79190	0,0004460611220760424
79200	0,00025105476943100845	79200	-0,014883708934486945
79210	-0,0029026344738433728	79210	-0,014722856346549901
79220	-0,018048124496671147	79220	-0,000695634952216038
79230	-0,016993279471814924	79230	-0,00018902169429037654
79240	0,0036543922786386354	79240	-0,00035400576152745222
79250	-0,0022734142160633145	79250	0,0040814926041267329
79260	0,0055469774982899265	79260	0,0060556921686292378
79270	-0,00056390785979382467	79270	-0,0032370674986697085
79280	0,0055117643695783841	79280	0,009481793864819503
79290	0,0031222833581987732	79290	-0,0072770187944833642
79300	0,0089240946638850117	79300	0,0099222485469269
79310	-0,015361799140745468	79310	-0,0070484830913954983
79320	0,0045169529042069483	79320	-0,0023758125358736078
79330	-0,018464696655691573	79330	0,00738787445865645
79340	-0,0016174724799082568	79340	0,0046602600983721189
79350	0,012974670800111851	79350	-0,010147379882523174
79360	-0,016551688157929775	79360	0,0052626500122765771
79370	-0,0034672633866285776	79370	0,0073982886665492241
79380	0,0031947220009555539	79380	-0,0062376837301465395
79390	0,0071949031056155613	79390	-0,0066471785835954516
79400	-0,0045228922823291016	79400	-0,013458113477391637
79410	0,016825807848219625	79410	0,0031451399313891255
79420	-0,015748420857698019	79420	-0,0029171345831630522
79430	0,0017700951254052825	79430	0,0077054230311639918
79440	0,012529122520144011	79440	0,0076522005722728294
79450	-0,013724011414035255	79450	-0,00904456224148944
79460	0,0061944842791636923	79460	0,0033006306646419042
79470	0,0025875133043606127	79470	-0,00771562879782566
79480	-0,0035036169728489331	79480	0,00821845140672462
79490	0,0022074270543159724	79490	0,0011134549109262704
79500	-0,00082491005401246268	79500	0,0056137779013442574
79510	0,01372050348430021	79510	-0,0029674657884459308
79520	0,0085683052152939771	79520	0,0028692019626394144
79530	0,013835874765264834	79530	0,0063283115711789779
79540	0,0023709774506436238	79540	0,0047902759253439231
79550	-0,0016486558323683864	79550	-0,0016930014080550207
79560	-0,0098415655636289231	79560	-0,0044096973072255338
79570	-0,0017051811184457808	79570	-0,0039859873159226872
79580	-0,0039301526774649124	79580	0,0099874691681298942
79590	-0,0022089776119046684	79590	0,0047551587171041848
79600	0,0056882707814572588	79600	-0,013048928704171707
79610	0,006505366851111481	79610	-0,0053247673859375252
79620	0,00570471809221571	79620	-0,0078037828784587
79630	-0,022103245615721297	79630	0,0066020430732077577
79640	0,0030702803949252894	79640	-0,012424764328380503
79650	0,0032830932311792797	79650	0,00700583017633982
79660	-0,00665943816278966	79660	0,0046820564187336272
79670	0,012225350068749386	79670	-0,00079285110418423363
79680	-9,0160516124893E-05	79680	-0,0067389379378276163
79690	-0,00020415179818823826	79690	-0,0087563134381132141
79700	-0,0071707898087700122	79700	-0,0019464785609541867
79710	0,00040231812186941883	79710	0,0033745903594885585
79720	0,01888177397306395	79720	-0,010432124811284492
79730	-0,0056062355402611824	79730	0,0058761367556660875
79740	0,015047123853149023	79740	0,011631052321223748
79750	-0,0064705393531053531	79750	0,010433590609721358
79760	0,0082623995989856043	79760	0,0029182757693614293
79770	-0,0018358841149813253	79770	-0,0065887363836663838
79780	-0,010017749832631741	79780	-0,0030089468167292057
79790	-0,0077864881069374912	79790	-0,0019453710708514415
79800	0,010551517598082726	79800	-0,0080858521441988171
79810	-0,0091256612063754	79810	0,0038110199746567868
79820	0,00083804893124748221	79820	-0,00091459996736980177
79830	-5,8118502841843645E-05	79830	-0,0091747412915591
79840	0,0034445085337608504	79840	0,004843545321261967
79850	-0,0016654861187750778	79850	-0,00790192034429056
79860	0,01547004393818379	79860	0,0020204334602560861
79870	0,015502104509737574	79870	-0,0016531037834971037
79880	0,0078636824051077081	79880	0,0065384194620299561
79890	0,0010778785799570169	79890	0,01048243531575942
79900	-0,002530962801003094	79900	0,0045060315316850178
79910	-0,0078511156281528254	79910	-0,0068591548970845136
79920	-0,0056766842594317742	79920	-0,0090274170167378674
79930	0,0028258351690214332	79930	0,0041871882194331319
79940	-0,0050048922953037159	79940	-0,0087210875217165577
79950	-0,029076729257777725	79950	-0,0077913558939875383
79960	0,0067556993637784956	79960	-0,00060920874541054977
79970	0,01764491474664643	79970	-0,0050813841159901693
79980	0,0012598682344059622	79980	0,0018694020087705124
79990	0,00524321449453894	79990	0,000950576321437062
80000	0,012250686436322621	80000	-0,008001637771838991
80010	-0,0064570721112291512	80010	0,013684940954457894
80020	0,003745916723136991	80020	-0,015605644602882385
80030	-0,00016973287617734993	80030	0,0052832068250457682
80040	-0,011346893714036648	80040	-0,0068276897045365919
80050	-0,016237038009079621	80050	0,010683678177281598
80060	-0,00890512783667315	80060	0,00086932837848248954
80070	0,00640819604500388	80070	-0,0035904069571692371
80080	0,005740059577883567	80080	-0,0024765388545157632
80090	0,0034964552745975004	80090	0,00195827343212156
80100	-0,011308282566374603	80100	-0,022251242572986104
80110	-0,003236731773128393	80110	-0,0075507699534974665
80120	0,00086099628580094015	80120	0,00075941699433291327
80130	0,0079734028291835336	80130	0,019009901439665196
80140	-0,013909519403953123	80140	-0,00061131724835823914
80150	-0,018198300185384243	80150	-0,0024593686038855271
80160	-0,0086872272028710191	80160	-0,0055282727864262868
80170	0,020727939207845748	80170	-0,011287222566868635
80180	-0,001980142819439772	80180	0,0045839888824184809
80190	-0,0081758992791488554	80190	-0,0021579303099019983
80200	-0,010164503710126432	80200	-0,0057991194563586958
80210	-0,012006080388657536	80210	0,0069726555768893118
80220	-0,0053422459878455985	80220	0,0021050841147489114
80230	-0,010951010208273751	80230	0,0028344476635795255
80240	0,0074921092553938088	80240	0,0013328996224660364
80250	-0,0010904579939463115	80250	-0,0045591548375017712
80260	0,023416286857773503	80260	-0,0010918928051728905
80270	0,017617456427868793	80270	0,0042467524440878536
80280	-0,00872141494124226	80280	-0,0062926357424062211
80290	-0,0006222988798594716	80290	-8,905399799009691E-05
80300	-0,0043974620270409966	80300	0,00202669769363804
80310	-0,0074114364379041725	80310	0,013102837109593727
80320	0,011343350529980411	80320	0,0036997712339320054
80330	-0,00085221121113098158	80330	0,0034186503529005327
80340	0,0020342739819501124	80340	0,0073972700045402779
80350	-0,00051821055382617	80350	-0,0020761802027379145
80360	0,00010621329241859084	80360	-0,0069098116697640186
80370	0,00038963703664643076	80370	-0,006720538263398166
80380	-0,0041682692595537687	80380	-0,0085115147906338982
80390	-0,01533287425896201	80390	-0,0031719227538855675
80400	0,0051953038026293728	80400	-0,00051694426773606788
80410	-0,02175439259990973	80410	0,0011253457541611817
80420	0,0082622711852013454	80420	-0,010230487445948306
80430	0,004890030396126151	80430	0,00494868011712765
80440	0,010212669921795882	80440	0,0049918747887873491
80450	0,018047773383207087	80450	0,0014764475402483314
80460	-0,017745390105332895	80460	-0,002938655135366498
80470	0,017528473843701667	80470	-0,00056512163841654578
80480	-0,0026143112693926135	80480	-0,0018600672236155742
80490	-0,0059817462905140542	80490	0,00079587652680432742
80500	-0,0031401151700352972	80500	-0,00024480951135632888
80510	-0,0065861036646153014	80510	0,01116934983856425
80520	0,00042892203803035088	80520	0,0068333393614352566
80530	0,0014913691527755574	80530	-0,014512168268423373
80540	0,010716568751031433	80540	0,0062620677116320342
80550	-0,012300803036189488	80550	-0,00099579046100691719
80560	0,00849976893107487	80560	0,0068756820939794867
80570	0,010474452731921352	80570	0,005305509514289505
80580	-0,014914948861471213	80580	0,013128644181682093
80590	7,5679048220714441E-05	80590	0,0015891886344536164
80600	0,0031668788119078137	80600	0,0060564351770181239
80610	-0,03069855048192734	80610	-0,016117761759250979
80620	0,0092200866133129132	80620	0,0054239723779501738
80630	-0,0080076344949728019	80630	-0,0018736574343793692
80640	-0,0062922947856815731	80640	0,0039049594343028089
80650	-0,00066026576708676221	80650	-0,00017996952090615468
80660	-0,0011003596686501411	80660	0,0027100574117682051
80670	0,0010116043933009352	80670	0,0090944874496077382
80680	-0,0035059005990279459	80680	-0,0026188544419194185
80690	0,0054577723840448919	80690	0,0024604522107799722
80700	-0,0080462461181984163	80700	0,013595777410403036
80710	0,00018274956855209346	80710	-0,0022150474484219406
80720	-0,0023894190900187887	80720	-0,0058537976525481344
80730	-0,005566088240812516	80730	-0,0080832032159007909
80740	-0,014212893074928783	80740	0,00992006226772831
80750	0,0035542439838523055	80750	0,0029699764809825568
80760	-0,0026786049333618086	80760	-0,014074399306566097
80770	-0,0046724717028016833	80770	0,00092603204447363064
80780	-0,015891640598249861	80780	-0,00041728203697309082
80790	0,0016591313210801882	80790	0,0062528803605268971
80800	0,0049117350230970819	80800	0,0019509112420641351
80810	-0,0017146702367738759	80810	0,013370901546909486
80820	-0,0057032622664484533	80820	-0,0059406720549602431
80830	-0,015269523358127892	80830	-0,0088592702687761236
80840	-0,0055365231168126887	80840	-0,0059559748856327435
80850	0,0072935376596440426	80850	-0,0022007465562130925
80860	0,0067372345439817632	80860	0,0047182991798678815
80870	0,0081155074538503645	80870	-0,0097883201391044238
80880	-0,0018589769756952135	80880	-0,0076549368926257444
80890	0,00094282372486142042	80890	-0,0014751061761485911
80900	-0,011127232829760862	80900	0,00940437092917428
80910	-0,014547032879776888	80910	0,0027846321457359389
80920	-0,00034484448444041158	80920	-0,005990322395230928
80930	-0,010691802116357421	80930	0,0076349062402410045
80940	0,013576631925222155	80940	-0,0026198403736439695
80950	-0,0026246807988246526	80950	-0,009433599439548683
80960	-0,00055448201236210594	80960	0,0072525982098673976
80970	0,010865007347426655	80970	-0,0075970059078770266
80980	-0,0081685001412255751	80980	0,0002094476467300797
80990	0,024653146867417004	80990	0,0077235961270866738
81000	-0,016476619886851125	81000	0,0015377627176280273
81010	0,00201180734634506	81010	0,013168972988647405
81020	0,0026060827234364189	81020	-0,00913186696739219
81030	-0,0047719918395849005	81030	0,0087073572348660856
81040	-0,0077457403818738746	81040	0,0022563686019010471
81050	-0,016510245190565261	81050	0,0060783898759535181
81060	-0,00706605139210557	81060	-0,00563048062293564
81070	-0,0028122159302285685	81070	-0,0049078858294143209
81080	-0,00041222890481466286	81080	-0,0024554696119205494
81090	0,0022610155587055548	81090	0,0069187969722635488
81100	0,0037556977899677385	81100	0,0038808270577286872
81110	0,0066419603340510166	81110	0,0073152336552380313
81120	-0,0043661498662770585	81120	-0,011987313966060899
81130	0,0066329139814205835	81130	-0,014457573888119689
81140	-0,00094069700658760643	81140	-0,004217717961742
81150	0,0037446948396835196	81150	-0,0020767502719201527
81160	0,0012962034563926105	81160	-0,0074713346508865153
81170	0,0048449783406451126	81170	0,0068648581921540953
81180	-0,0062000902530370081	81180	-0,0031593838037895956
81190	-0,0066325165104093543	81190	-0,0046577581102877587
81200	0,00050913560171807074	81200	0,0066520184684087163
81210	0,005773473540774841	81210	0,00928917419201411
81220	0,010209951544858228	81220	-0,0059087443644644895
81230	0,0074885170002948719	81230	0,010738758507293781
81240	0,01581527805050811	81240	-0,0099178768060432139
81250	0,0014825176499536526	81250	0,0084005461333175845
81260	-0,0052887404279594223	81260	0,0053696369321431748
81270	0,013216156331390184	81270	-0,0013899742217908578
81280	-0,015862582311175755	81280	-0,0060611912687375969
81290	-0,0021631785039055527	81290	-0,0043246002447363619
81300	0,018747591061486726	81300	-0,0026635609646291679
81310	0,0013312824379407039	81310	-0,0036387439546719668
81320	0,0019494336837168017	81320	0,0095451069990065765
81330	-0,0062719760383072596	81330	-0,0048432630523792672
81340	-0,0067207421420965724	81340	0,0024567919661394565
81350	0,0025266352666751656	81350	0,00523552487109729
81360	0,0091592777447081566	81360	-0,004660812719382376
81370	0,0049278380552211561	81370	0,0036851463700796057
81380	-0,00051222419924620616	81380	0,0083702639722932851
81390	-0,010925815032373045	81390	-0,0071316332494258282
81400	0,0084118765358959756	81400	0,010826620189740767
81410	-0,0035544566701082359	81410	0,0037123334333150557
81420	-0,0055448481218504852	81420	-0,006390105287845998
81430	-0,00841336197127678	81430	-0,0045804306978568616
81440	0,0054154475393538232	81440	0,00789236906506287
81450	0,0061823769859631729	81450	-0,0066332486418297261
81460	-0,0062051064176478384	81460	-0,0098933322049455444
81470	0,00027510713889193514	81470	-0,024992120708640344
81480	-0,00941781032752794	81480	-0,077446386141976575
81490	0,0023643795804133803	81490	-0,18358865634475213
81500	-0,0025210602073924243	81500	-0,3169664062230767
81510	0,0050056218284565577	81510	-0,47675870022225264
81520	0,0075881630450190547	81520	-0,61694493012229312
81530	-0,0065056411110879994	81530	-0,75518018847421087
81540	0,010437548448801111	81540	-0,8304944416231701
81550	-0,0041395737385932418	81550	-0,84032527246534028
81560	0,073104638491743451	81560	-0,77949251415882237
81570	0,012875080961601138	81570	-0,68923733212872051
81580	0,14492117651324613	81580	-0,35402949491469793
81590	0,0029147739341365826	81590	-0,0991173358250132
81600	-0,0432492863087441	81600	-0,21391733563056156
81610	-0,0069336674464572316	81610	-0,19728441988145856
81620	-0,11103144453797643	81620	0,20546173271727294
81630	-0,015140356686832671	81630	0,49862395833925804
81640	-0,00040238499347923019	81640	0,90324948736828137
81650	0,014534559546914756	81650	0,95762704516376984
81660	0,078453975345644522	81660	0,91730810883602576
81670	-0,17406649918608685	81670	1,2052112684720107
81680	0,036343271030549851	81680	0,96443842745908048
81690	0,016685133461986044	81690	0,86671188998452942
81700	-0,021186002771415885	81700	0,39040796742551276
81710	0,041505639291098947	81710	-0,016774287226821071
81720	-0,13433621856913494	81720	0,099656754343595458
81730	0,043516671801557862	81730	-0,086465347607579388
81740	0,020613101729581817	81740	-0,1215671254376564
81750	-0,00773040421722537	81750	-0,32362526478409409
81760	-0,046826316453909063	81760	-0,25981666881788679
81770	-0,056631600774819456	81770	-0,089806454061358523
81780	0,093429447582468739	81780	-0,0013305988791459612
81790	0,0453296276471716	81790	0,0749043926581937
81800	0,01771169036180292	81800	-0,043088239249934671
81810	-0,058795536997261484	81810	0,11592732916663937
81820	-0,033251195538922279	81820	0,18936327772937961
81830	0,047483891246369953	81830	0,24521931250292675
81840	-0,0094680459926036187	81840	0,18051182571061666
81850	0,083556252577664344	81850	-0,041725275760244436
81860	-0,066341679230542849	81860	0,064480226547631747
81870	0,01436559283690261	81870	-0,022634571224722906
81880	0,049313387552969316	81880	0,013903120662564734
81890	0,0042423884839794751	81890	-0,063142551505955519
81900	0,050263266415220186	81900	-0,30894633486781337
81910	-0,21303388770862911	81910	0,022057565823184119
81920	-0,0054438988335438207	81920	-0,051610731923042469
81930	0,016480194597610163	81930	0,16037768370308703
81940	-0,028923147685052671	81940	0,085904548801710473
81950	0,065852514261188544	81950	-0,0334222654244994
81960	-0,11567478599308738	81960	0,33881985747250126
81970	0,055681319774514786	81970	0,37152867342195078
81980	0,052257792503918196	81980	0,51259517340878213
81990	-0,006607711991811112	81990	0,42192692230886591
82000	0,023862220274666512	82000	0,42471720230400867
82010	-0,027394660904088382	82010	0,60089785174197374
82020	0,00653809760253735	82020	0,73156403433132566
82030	0,11632456134986491	82030	0,812501820039342
82040	0,15597516569680064	82040	0,84106804966359083
82050	0,12457332758507164	82050	0,81067462643627675
82060	0,086246055440246217	82060	0,65293423933582717
82070	0,011156649414533391	82070	0,34311101123049093
82080	-0,053654939588507096	82080	0,009494940900546877
82090	-0,0888585519766911	82090	-0,30455841981118603
82100	-0,10613349722760709	82100	-0,57403312238580084
82110	-0,073609066651408109	82110	-0,77701447977377491
82120	-0,066581047577884439	82120	-0,88080246544721308
82130	-0,021619776997945869	82130	-0,90946437928120138
82140	-0,0043511448630414529	82140	-0,87236842811551785
82150	0,011808322136002785	82150	-0,77728656667977869
82160	0,0257177176170288	82160	-0,63842137158069234
82170	0,035454798544422787	82170	-0,48875114871195791
82180	0,015692661099164913	82180	-0,29400471157672886
82190	0,0042046587188724954	82190	-0,14152244256934618
82200	-0,0020077763724035275	82200	-0,012025010165014359
82210	-0,00734575002033567	82210	0,064603884689960409
82220	-0,0066859038794806428	82220	0,10253594309534569
82230	-0,023182721779713006	82230	0,065779569949747388
82240	-0,01716290922763513	82240	0,027740990716287852
82250	-0,020066292923810194	82250	-0,017786775139772233
82260	-0,015244574515986681	82260	-0,068333732026501171
82270	-0,022079200838461793	82270	-0,10505298802137077
82280	-0,0075677546255689945	82280	-0,11375940991207267
82290	0,0018451527877843851	82290	-0,12163889534267346
82300	0,018136246366880198	82300	-0,10779800485678727
82310	0,011160145924446132	82310	-0,062985706495344587
82320	0,015038559294372539	82320	-0,02623115898930977
82330	-0,0040647345222436584	82330	0,00401486877803273
82340	0,0039572714298278635	82340	0,030752773865341403
82350	-0,0074304872650020762	82350	0,036963764943954369
82360	-0,00059735762581141416	82360	0,042834686673790777
82370	0,0035144459826824265	82370	0,033310072819675469
82380	-0,014199715967640966	82380	0,013000609743793226
82390	0,0024053552617166688	82390	2,8536337134064205E-05
82400	-0,0022986395491220589	82400	-0,024825164215921736
82410	0,0033515349889745652	82410	-0,016850168240740631
82420	-0,0024065401497765614	82420	-0,027382213671189173
82430	0,0038949691808979887	82430	-0,014641086545199116
82440	0,0014299452619992426	82440	-0,014912049922069364
82450	-0,0070808300386706272	82450	-0,013779690342590148
82460	-0,0041511242248908967	82460	0,00497872803055651
82470	0,01824928358117181	82470	0,0081934316968487238
82480	0,0010793953684978415	82480	0,011048831381698598
82490	-0,0072375257787118726	82490	0,0033485708582570565
82500	0,0032809253868797605	82500	0,0091108153261581955
82510	-0,010402188153483776	82510	-0,0021308598198230204
82520	0,0031921928803947627	82520	0,02110582883128629
82530	0,0062940532841979681	82530	0,0077523923873811223
82540	0,0037367168916878682	82540	-0,0030790771780656403
82550	-0,0078754078989807467	82550	-0,0073390929346097969
82560	-0,0033381442845219042	82560	-0,014085964459999434
82570	-0,0055708236300098047	82570	-0,013573974817501118
82580	0,0082874066964729858	82580	-0,016446418531748812
82590	0,0104733959368099	82590	-0,00042141372249684847
82600	0,0026131127461976335	82600	-0,011820056307965848
82610	-0,0079056858615059577	82610	0,015552267953979215
82620	0,0037618447706282703	82620	-0,0046340435079416627
82630	0,00640129590366489	82630	-0,0040324977479143974
82640	0,003900874030250676	82640	0,021849877783873189
82650	0,0012276683762525453	82650	-0,0014225966324109382
82660	-0,017524319617504978	82660	0,0067973587700820475
82670	0,00912226970784415	82670	-0,00054160054968377717
82680	0,007334165980919051	82680	-0,00022480564484227879
82690	0,00019108957088844524	82690	-0,010276016896417073
82700	-0,0034126314742057838	82700	-0,0042272780927717444
82710	-0,010576235417586182	82710	-0,0054808511644281388
82720	0,0037555652159018465	82720	-0,00088826063588806625
82730	-0,0069548672994939583	82730	-0,0036706435094990336
82740	-0,0057544976745306032	82740	0,0099926338355706915
82750	-0,0024966685320587084	82750	-0,0065581164959716979
82760	-0,00693501796480107	82760	0,0029760578375337397
82770	0,0069263906304311189	82770	0,0041787755151938165
82780	0,0051701497769649539	82780	0,004266108109223914
82790	-0,007063668659319457	82790	0,0039916482463315294
82800	-0,00053352692190262053	82800	-0,0022423247874733964
82810	-0,00058128619183544269	82810	0,01002647301736637
82820	0,011464528765879872	82820	-0,01260470482510676
82830	-0,00694495916143759	82830	-0,015678448489252164
82840	-0,0014506378737512797	82840	-0,0011605894169372639
82850	0,0061977481455734252	82850	0,0025894035131159561
82860	0,0048129080932744128	82860	0,0099601063451617063
82870	-0,015485359467991407	82870	-0,0070428891183067846
82880	-0,0066742523715640481	82880	-0,0029377416826602068
82890	0,0057812360197430331	82890	-0,00012262939745280398
82900	0,005304524425303739	82900	0,00734465997184286
82910	0,0032020571710501674	82910	-0,011085315945803467
82920	0,0019577225659641855	82920	-0,009443003751892283
82930	-0,01495431249959649	82930	0,012337200546971412
82940	-0,0020565271128757173	82940	0,0061484129156977709
82950	-0,0027138673076365885	82950	-0,0090485594657483022
82960	-0,0052624183800800322	82960	-0,0022569413778457032
82970	0,011281995031280882	82970	-0,010664300653612246
82980	-0,0033698581622060792	82980	0,0046248699832857872
82990	0,002916876637342072	82990	0,00043901271580212565
83000	0,013935237570591293	83000	0,0095065308256360916
83010	0,0041178192686333014	83010	-0,0022945364741765433
83020	0,0069707082180440515	83020	-0,0054234150966044831
83030	-0,010156117519100259	83030	0,006212960382549421
83040	-0,0055012901997518772	83040	0,0065674902217657321
83050	-0,0017476793479278311	83050	-0,022394135904708654
83060	-0,001489353745993071	83060	-0,0019434858871271862
83070	0,0067384107684908164	83070	0,0077827294272203975
83080	-0,0051849670809965449	83080	-0,0037023596587680498
83090	-0,0082157621492141928	83090	0,0038320853261451385
83100	0,0089778557331927789	83100	0,00542005170794925
83110	0,005748817022815083	83110	0,003113019309027484
83120	-0,005708970867262902	83120	-0,011612310354584666
83130	-0,013144652064244707	83130	0,011184171672872247
83140	-0,00024214905962612751	83140	-0,00052555108328445677
83150	0,00053752350084347773	83150	0,0038376123101877759
83160	-0,00089407949791555253	83160	-0,0025986887451422097
83170	-0,0035703160697521017	83170	-0,011909525956568488
83180	0,00600935339027502	83180	0,017013236182439568
83190	0,0078387371527437813	83190	-0,0042060602431710087
83200	-0,010605453262106606	83200	-0,0035081995742953322
83210	0,0010243786833249613	83210	0,01024663809740254
83220	0,0056492057855964629	83220	-0,00544831321972844
83230	-0,011207908699653818	83230	0,00037194731017924966
83240	0,012681646885292788	83240	-0,0050883683805617377
83250	-0,016916808769022865	83250	0,00045351725779676068
83260	0,0017648171679371008	83260	0,0141905886225425
83270	0,0034953528701902191	83270	0,019983757850824527
83280	-0,016313279687587664	83280	-0,013773552645298507
83290	0,017174275347636631	83290	0,0092909745060605169
83300	0,011419461796719942	83300	-0,0093185508925934975
83310	-0,0017992174207223765	83310	-0,0057995560788351389
83320	-0,0041454885613620637	83320	0,009824840508305701
83330	-0,0047425659292575553	83330	0,0022620921908416275
83340	-0,0038540145591537986	83340	0,0044474041839628132
83350	-0,00851768483837811	83350	-0,0048309710562918044
83360	-0,0012152230026614443	83360	-0,00013239142975495007
83370	-0,0043261292188493533	83370	-0,011832261427364493
83380	0,0120421780071048	83380	-0,0077684314145593479
83390	0,00076397032329419252	83390	0,0017203338285717658
83400	-0,0094790659498338436	83400	-0,0047851169642864405
83410	0,014892102379473228	83410	0,0061189606742637721
83420	0,0094854815796609135	83420	0,00069441157975306958
83430	-0,0021573230953108708	83430	0,012685380009528346
83440	-7,4422885527685413E-05	83440	-0,007294518392243092
83450	-0,011733669395393671	83450	0,0023626112767472065
83460	0,00985966548967534	83460	0,0071613593822155526
83470	-0,0066916892543758587	83470	-0,0031566116144257409
83480	-0,0087039617268838115	83480	-0,00046272571975331883
83490	0,003414075437824458	83490	-0,0059797990336632285
83500	-0,0084851843664920986	83500	0,00075963590262881819
83510	-0,0098457506456534772	83510	-0,011619554214338187
83520	0,0040574679802274517	83520	-0,0043492355718381384
83530	0,01018739041422244	83530	0,0014306699778350088
83540	-0,0034471054881154654	83540	0,0051290410802026206
83550	0,00021561999840809834	83550	0,0076605863392846122
83560	0,0022125003467786336	83560	0,001570174011921052
83570	0,0027419192901592423	83570	-0,010002481600334071
83580	-0,0027429279297985026	83580	0,0068251294658751242
83590	0,0051659750974962686	83590	0,0013975138895978667
83600	-0,00020627069741821551	83600	-0,001826163735099446
83610	-0,00429947017377702	83610	0,0016153547207222452
83620	-0,0073632868499380385	83620	0,0071277924312748171
83630	0,0092423654009951527	83630	0,011300663653363619
83640	0,0010300035581579442	83640	-0,0086316300387771841
83650	0,00023245203548649107	83650	0,004063342480677
83660	-0,00066181674618474374	83660	0,01332270247304098
83670	-0,0063249154677627482	83670	-0,010639776873688949
83680	0,0052499337966128174	83680	-0,0011988520275880536
83690	0,020977914483937894	83690	-0,0019486864042570584
83700	0,012917431235661843	83700	0,0025093580828971646
83710	-0,0012254112873098112	83710	0,00892826465958273
83720	0,0071857756970049981	83720	-0,0056140093870156128
83730	-0,00046324839032500689	83730	0,018887456847458992
83740	-0,0072388565073278613	83740	-0,0015937619567829744
83750	-0,0049216493638701061	83750	-0,0041484624972197319
83760	-0,00083913387215898787	83760	0,005488776672319254
83770	0,0048948488133430815	83770	0,0049818085985899926
83780	0,00088868065403043071	83780	-0,0038214349067682684
83790	-0,0066680081396786849	83790	-0,015502243356047277
83800	0,0028191463959087505	83800	-0,0055283459743965943
83810	0,005906054775936238	83810	-0,011784613789626851
83820	0,0059831132941054656	83820	-0,010202329521473071
83830	0,00676154957330011	83830	0,0032951815683685509
83840	-0,0071814777968738875	83840	0,0045942564589100659
83850	0,00016093448831668283	83850	0,003946879718375049
83860	-0,011497918559953961	83860	-0,0038627668538363251
83870	0,0025324365696170869	83870	-0,021713481836229322
83880	-0,010779296153739182	83880	0,012334267741707346
83890	0,0073333332519199363	83890	-0,0040626310075579982
83900	0,0057250298091387625	83900	0,0021229468245302762
83910	0,015022455229112653	83910	0,016489445207679622
83920	0,012342953525604052	83920	-0,00446076033521532
83930	-0,0027649047051469251	83930	-0,00082035027223821013
83940	0,011040581774662864	83940	-0,000489318197532514
83950	-0,0055540242456913348	83950	-0,0052302447076714807
83960	0,00012160949973809977	83960	0,0061146773512071526
83970	0,0017118243824138964	83970	-0,005986680300952567
83980	-0,00075017387067004857	83980	0,0071163878967094307
83990	0,00088327181325986368	83990	-0,0035462889491881516
84000	-0,0080875689841263584	84000	-0,0031778310641797014
84010	-0,013867614013342149	84010	0,018076344429921763
84020	0,0062215084621578725	84020	0,0025537768911233984
84030	0,0034515821582586331	84030	-0,010059134724108736
84040	0,005684143660981386	84040	-0,0030002923856732719
84050	-0,010180814793973767	84050	-0,00013046245702240812
84060	0,009810542514654198	84060	-0,0081486704159218909
84070	-0,00068057580048466954	84070	-0,0047023584705392979
84080	-0,010122465792533416	84080	-0,0030237588883991612
84090	-0,0044287874473369878	84090	0,0049498603133733771
84100	0,0051427833968449976	84100	0,00906560483763518
84110	-0,0062529220482958154	84110	0,00095718351686000934
84120	0,011834806187891704	84120	-0,0014168076440832678
84130	-0,012167555640788684	84130	-0,01322793649349459
84140	0,0020567200394220014	84140	-0,010236449823254461
84150	0,0092493017234779856	84150	0,0042080039890424322
84160	0,010236153727012788	84160	0,00063975380700276524
84170	-0,012252276748079192	84170	0,012342291610778603
84180	0,0090954160146103011	84180	0,0073528997132445107
84190	-0,0074529003723210665	84190	-0,0078511917428548163
84200	0,00015312876386193268	84200	0,0019316721307950408
84210	-0,0087056663310898369	84210	0,004942165473740219
84220	-0,0029006257096683015	84220	-0,0081371029378492638
84230	0,0025063826186061803	84230	0,0025330120350548629
84240	-0,0088057515002710023	84240	-0,009684139203565036
84250	0,0067348390527850336	84250	0,0015087530601965256
84260	0,016828027466369258	84260	0,0044407806617419148
84270	0,012444940793992712	84270	-0,0082076775769840422
84280	0,013242046309424735	84280	0,0054581533554164926
84290	0,0009974532110746503	84290	-0,0031613636919408856
84300	0,012193585960887331	84300	0,0162716165622901
84310	-0,014750646977557361	84310	-0,015205078066191176
84320	-0,0049456627256322591	84320	-0,004417031160340425
84330	0,00045935604528423541	84330	0,0004537813711184907
84340	0,0038975174140455809	84340	0,00041429464877517752
84350	0,0065875033022028111	84350	-0,013322069359052089
84360	-0,012056603409705395	84360	0,0086088470254754735
84370	0,008353450691141644	84370	8,4786185914615582E-05
84380	-0,013784553678283277	84380	0,0057449307380066233
84390	-0,0046308694492093426	84390	-0,0027298742550493577
84400	-0,0067581955224596457	84400	0,00060282647277112823
84410	0,00041067085790276442	84410	0,011418686955472539
84420	0,0021212399592611866	84420	0,0050542934283905518
84430	0,0015680501822614701	84430	0,0068872282184800678
84440	0,0075968494612310257	84440	-0,012151478735072819
84450	0,006505737624798634	84450	-0,010081867944078057
84460	0,0055950677843023249	84460	0,00514045536334651
84470	-0,013568269752482728	84470	0,0077016644571734749
84480	0,0080873618517768829	84480	-0,0059359727469535791
84490	-0,0092983813443721156	84490	0,00810329187476852
84500	0,0047880723319878244	84500	0,010473362860131789
84510	-0,0080028997354054474	84510	0,012959786912555206
84520	0,027757928249646836	84520	0,011142963430027681
84530	-0,0033859766848322666	84530	-0,003138687407633638
84540	-0,0023823453407063374	84540	-0,0029666319734504322
84550	0,010202921595212335	84550	-0,011088381957678237
84560	0,00067991024088009141	84560	0,0029001379556375423
84570	0,0045238015345328538	84570	0,0039699458081069805
84580	0,0076878286792637258	84580	-0,00687906266064802
84590	0,0012550608886799845	84590	-0,0032635248534974978
84600	-0,0044177593289057493	84600	-0,015757043253341624
84610	0,0044883108926834338	84610	0,00915386444002315
84620	0,013531718390311462	84620	0,013161881133400766
84630	-0,0017202039471295716	84630	0,013045974050507092
84640	0,0010885122402116035	84640	0,0073708381678233136
84650	-0,0039649631033329934	84650	-0,010181738635286848
84660	-0,0068648013353106579	84660	0,00911373786731227
84670	0,0036287462612335248	84670	-0,0074644954000459215
84680	-0,0085696046161350126	84680	0,0080533328740697331
84690	-0,005654254552834961	84690	0,008706025506202246
84700	0,0030194898445531923	84700	0,0006107968259581963
84710	0,015602434799801059	84710	0,0043717259586333167
84720	0,017034801021686679	84720	-0,0028946639646788255
84730	0,0091064253876003524	84730	-0,0049061753001793185
84740	0,00026649310474288513	84740	-0,0059050796370051367
84750	-0,002979550493244464	84750	-0,0012046632828524282
84760	-0,020084909808615603	84760	0,012270695272382845
84770	0,0052288624679174538	84770	-0,019230503521597126
84780	-0,004911926048933906	84780	0,004682151859527698
84790	0,0078421843353761161	84790	0,014248962503786735
84800	-0,010006776029310329	84800	0,0034467736154788781
84810	0,0013663991925947649	84810	0,017432376595490177
84820	-0,0041660912128086928	84820	-0,0088315424011420687
84830	-0,0016089288999304567	84830	0,012783134717546933
84840	0,014259634051570217	84840	0,0034254897748972083
84850	0,00618146105230316	84850	-0,0046265619681293176
84860	-0,0093231200290370374	84860	-0,0027670124247168911
84870	0,0057495724494260525	84870	0,0063443201105310935
84880	-0,0017116775864165286	84880	-0,00150570287213608
84890	-0,0024622042936949208	84890	-0,0013591387146758617
84900	-0,0039781676980329278	84900	-0,0009965530466409698
84910	-0,0020590887929988612	84910	0,00097478962107138171
84920	-0,0046062288022360584	84920	0,0018227527168702482
84930	-0,0083461052135638345	84930	0,010603173420921062
84940	-0,00053274781982633819	84940	0,0074985399413082443
84950	0,014342229732013986	84950	0,0010482002533799583
84960	0,0066625644207802467	84960	-0,0034142914017101203
84970	-0,00028241845336646497	84970	-0,00810531184443532
84980	-0,003005514316166837	84980	-0,0050916272178566941
84990	0,0054262856113910466	84990	-0,014343744714472442
85000	-0,0076102963913712339	85000	0,0034792093480667538
85010	-0,018355721445571377	85010	0,038984391961119608
85020	0,0048626752944260585	85020	0,081887296875967047
85030	0,00090169756504383835	85030	0,18039571983799854
85040	-0,00021684088626146788	85040	0,31299279477404163
85050	0,012509708478503764	85050	0,48088759283277926
85060	0,0014596585894405012	85060	0,64518069038320847
85070	-0,0053526239884907146	85070	0,73537211828922955
85080	-0,0010655787175551696	85080	0,82968168560911648
85090	0,039673982047167662	85090	0,79326724720001762
85100	0,061723938119388387	85100	0,70807632398250708
85110	0,13362231775457961	85110	0,62685216960279511
85120	0,0035495827722776697	85120	0,43889266774420238
85130	-0,00373368202832205	85130	0,15701043835273046
85140	-0,058150501500612232	85140	0,21580867956931488
85150	-0,074731875590065874	85150	0,27347231254181847
85160	0,0769415411289946	85160	-0,15731447422419959
85170	-0,065963969142202108	85170	-0,5025445885364771
85180	-0,033311402869937279	85180	-0,92860793500048266
85190	-0,0017565375791185262	85190	-1,1300038309604372
85200	-0,10770519010193892	85200	-0,84212165360474567
85210	0,12327984997617265	85210	-1,1011397004655787
85220	-0,07500890795683765	85220	-0,86419571197690859
85230	0,0037493730730631157	85230	-0,87044742047608514
85240	0,0079375300191355073	85240	-0,46389890109231169
85250	-0,024122451280233076	85250	0,023885480088428418
85260	0,1456598310644304	85260	-0,057293045500657953
85270	-0,0030878411216996361	85270	0,09573455905495433
85280	0,032150394801045347	85280	0,0569175112450033
85290	-0,050854450267210763	85290	0,34281462160404308
85300	-0,0590188733146255	85300	0,32740960169104255
85310	-0,0214480486502401	85310	0,1610791733894405
85320	-0,067305026567022128	85320	0,029083568380254728
85330	0,019639549298491828	85330	-0,11713723469543544
85340	-0,037449123755071451	85340	0,07835634430347703
85350	0,0517980361305067	85350	-0,041167705862690376
85360	0,087482060630565267	85360	-0,18528465887535719
85370	0,048583678292636226	85370	-0,31549065562459633
85380	0,049265381952259754	85380	-0,28804386483338346
85390	-0,0342061181793672	85390	0,091125802164531561
85400	0,082546029680016855	85400	-0,020742242058572179
85410	-0,059485621839885844	85410	0,015696232137033663
85420	-0,054594744227780136	85420	-0,1041340695727985
85430	0,0062898401140952988	85430	-0,058844734555396544
85440	-0,12996542538396921	85440	0,37064766973103624
85450	0,14747820440676004	85450	0,010661383980463547
85460	-0,036391802689241644	85460	0,02502949786631891
85470	0,0073607975243201538	85470	-0,24891463989262333
85480	0,013007419248479268	85480	-0,0736847754946147
85490	-0,031576633725419065	85490	0,11400127402300356
85500	0,15110633860641304	85500	-0,27830087290473737
85510	-0,031504554074545721	85510	-0,29879802467035438
85520	-0,0056013385883693506	85520	-0,51206001822435243
85530	-0,03577877333212303	85530	-0,40757547874449745
85540	-0,06283511299171593	85540	-0,28574765210196384
85550	0,0045673649867039633	85550	-0,55632505384067921
85560	0,015555075137321505	85560	-0,70186611194032633
85570	-0,090232435353072168	85570	-0,78556719377893081
85580	-0,039209481105556304	85580	-0,87801471975832646
85590	-0,024820530957918009	85590	-0,88708806529030837
85600	-0,0067768378699706311	85600	-0,72311858712816346
85610	0,048891774758603124	85610	-0,44262010022733089
85620	0,0817312829055408	85620	-0,09066084552646364
85630	0,088794259650534751	85630	0,29515557855431862
85640	0,0714300909865616	85640	0,59074020520424941
85650	0,045916901441144395	85650	0,80581694354392963
85660	0,0076997852804883025	85660	0,92110411800568182
85670	-0,022979800646778611	85670	0,94298996145820269
85680	-0,047591113702398075	85680	0,896446871957869
85690	-0,07330656493088207	85690	0,80140805853445518
85700	-0,070364001077393337	85700	0,6593083365182022
85710	-0,077293544377508017	85710	0,47607216743581671
85720	-0,038587436539361794	85720	0,28349316946813563
85730	-0,021845832251905648	85730	0,13017301970683814
85740	0,014572388372260485	85740	-0,0032301165605407652
85750	0,022936323250720231	85750	-0,08361170539737979
85760	0,039037396903199614	85760	-0,10582182473598253
85770	0,037053347863546089	85770	-0,086937820612317973
85780	0,049828570635369843	85780	-0,03521504981060939
85790	0,017687400262534562	85790	0,025496704978775413
85800	0,014426944904748782	85800	0,075383287550526187
85810	-0,0075568977096284384	85810	0,12634324813006623
85820	-0,030542643931130396	85820	0,14139234643959736
85830	-0,026410488625886623	85830	0,135322915998127
85840	-0,031030498519032182	85840	0,097870340692863711
85850	-0,0280140855438983	85850	0,074358619680958887
85860	-0,0046891837313482575	85860	0,030376658964138617
85870	-0,0064750246829121177	85870	-0,021451778270411805
85880	0,011798406874715894	85880	-0,018251734925601986
85890	0,012650974844437618	85890	-0,054921164803910454
85900	0,014264662908916375	85900	-0,045407287275761626
85910	0,010800456103032983	85910	-0,02512948211042125
85920	0,014928733652217172	85920	-0,00705316332910054
85930	0,00954704359017903	85930	0,0086097387168406047
85940	-0,0066208263524029894	85940	0,017409957016030268
85950	-0,00804520243695771	85950	0,033923037258854108
85960	-0,015051027578288989	85960	0,028456915110158614
85970	-0,00048832535829642742	85970	0,019969636442598998
85980	0,016435785897399413	85980	0,024920309290784363
85990	-0,0088274594826275622	85990	0,00867695164211993
86000	0,00014545556676283164	86000	-0,004028668124964733
86010	-0,017911050630543962	86010	-0,0033640453315754151
86020	0,0062344957957216774	86020	0,00047092383052781258
86030	0,0029295382867596466	86030	-0,0006000209863648632
86040	0,015714147995678572	86040	-0,0039807968605200892
86050	-0,0065711141163488562	86050	-0,024140522515064485
86060	0,0024781036873961926	86060	-0,0045805176079901635
86070	0,01155943292185428	86070	-0,00474109004955456
86080	0,0019802280550218266	86080	0,0021850136056676575
86090	0,010531611924807048	86090	0,014327740666742599
86100	-0,0095260681889131043	86100	0,011553346751373256
86110	0,010049116766550828	86110	0,0020615792476269741
86120	0,0015015224948882466	86120	0,011691990527315449
86130	-0,00013602868507415881	86130	-0,00302884705992493
86140	-0,013408569972491697	86140	-0,0072359266179398063
86150	-0,0064124741610411895	86150	0,0083731962069479964
86160	-0,01579612690724419	86160	-0,0073077958841692176
86170	-0,00075733819603986965	86170	-0,0081073428875896181
86180	-0,010636427097799588	86180	-0,012495641880633264
86190	0,0064726976484419264	86190	0,0076749732668873567
86200	0,0046946182394205019	86200	-0,0014433373503305797
86210	0,0060151508568465888	86210	0,008875242391288906
86220	0,0057474932888865338	86220	0,0086068327207836273
86230	-0,011579616074367156	86230	-0,012478450254691454
86240	0,007891024890376153	86240	0,011293766361914618
86250	-0,0022525387476795178	86250	-0,003177172777163062
86260	-0,0058021092164197994	86260	0,0024654811056460998
86270	-0,014654811410608938	86270	-0,0065872352809681813
86280	-0,021881060646744391	86280	0,012828868037679539
86290	0,011055582024508905	86290	0,0028182981813911889
86300	-0,0031298592130253439	86300	-0,010078627952131547
86310	-0,0034947298979131447	86310	0,0088595524630103156
86320	0,0094242201380655647	86320	-0,0031012875807466477
86330	-0,0021770773970400683	86330	-0,00464052387999728
86340	-0,0014072944251570505	86340	-0,0037600551952168388
86350	-0,0026817183724328233	86350	-0,011648753742690778
86360	0,00608067792888507	86360	-0,0012590807707507964
86370	0,0079354968155313128	86370	0,0045292935033952606
86380	-0,0021139533737924428	86380	0,0078987486029361269
86390	-0,0069655015068027324	86390	0,00477839671560143
86400	-0,0018681886551551118	86400	-0,0075525381444809022
86410	0,012332394118518053	86410	0,0082917378933901366
86420	-0,00066904591634513991	86420	0,0087317339956859679
86430	-0,0015381235116804987	86430	-0,00052623989004005789
86440	-0,0045470101739738316	86440	0,0050599474614188133
86450	0,00494347656820227	86450	0,0036802245633426223
86460	-0,0010758432450372172	86460	0,011556386371172966
86470	0,017777600585864192	86470	-0,010328871042134291
86480	0,0054636092372994391	86480	-0,0097056629246408451
86490	-0,017091954345809533	86490	0,0029789807549369116
86500	-0,0080969877588980155	86500	-0,0010031386679850978
86510	-0,0045943167832670218	86510	0,0064233284676387
86520	0,02180775957920816	86520	0,0011403838921715842
86530	0,0070250528055592707	86530	-0,0012803678697526906
86540	0,0029723532446128578	86540	0,011208612742113256
86550	0,015922314044868852	86550	0,0060572776900675081
86560	0,0064859031526472537	86560	0,00632309723118203
86570	-0,0077402253556415179	86570	-0,00431823641207618
86580	-0,023587991558596741	86580	-0,00514824391825596
86590	0,011747131148250472	86590	0,0018852726982496904
86600	0,0064298216753557857	86600	-0,0017237467263657984
86610	-0,0059271426850420195	86610	-0,0065302413309776923
86620	0,012481847892456184	86620	0,0037138100892782793
86630	-0,0037924990081614897	86630	0,0011717691992861911
86640	-0,00615501526679615	86640	-1,3174558651252565E-05
86650	0,0091005914287543063	86650	0,0065467964604208461
86660	-0,014897076005560615	86660	0,0036234413108727878
86670	-0,0017033781645395378	86670	-0,0019875048425874908
86680	-0,012958859922453386	86680	0,0054934814540430858
86690	0,00058774227887021136	86690	-0,008012625431762746
86700	0,0021683593183450629	86700	-0,0038669032948789794
86710	0,0025357042843088323	86710	-0,005925526688214707
86720	0,01263718611399166	86720	0,0046981921045514824
86730	0,004942150051100656	86730	-0,00040052297767500725
86740	-0,0020252960948363217	86740	-0,00086065111547488111
86750	-0,0094702574416187322	86750	-0,0069228911868090617
86760	-0,010859652344003486	86760	0,0040245370131981638
86770	0,0056029292165827773	86770	0,00077752050535538316
86780	-0,0066077591640197808	86780	-0,011592939659575679
86790	-0,011227373134713652	86790	0,01205222043026649
86800	0,0042933909653738288	86800	-0,0012464588113154172
86810	-0,011408010379324667	86810	-0,011037841534524339
86820	-0,0046654799061252592	86820	0,00748486343091985
86830	-0,0025430405601916208	86830	0,0093740237691282841
86840	0,0067284775014853681	86840	1,2335646290483849E-05
86850	0,0094737051639717778	86850	-0,0011205702047534408
86860	-0,00733480438103041	86860	0,0087051845342793772
86870	0,00800961176685118	86870	-0,0041796951687280608
86880	0,0180681939877648	86880	0,00098541330666551013
86890	-0,00954199058857074	86890	-0,0033600710727079114
86900	-0,0014099995256895133	86900	-0,0097040301210814129
86910	-0,00013916853686720567	86910	0,0080329321616825749
86920	0,011256073216037251	86920	-0,0063594640166189948
86930	0,00090227025453810722	86930	0,00767587514250095
86940	0,015776603040642032	86940	0,012881475979103357
86950	0,010158121689724426	86950	-0,0025709968417486147
86960	-0,0026812571212074866	86960	-0,013015318758670407
86970	-0,00958007703987245	86970	-0,0076163320710170013
86980	-0,019859787063019847	86980	-0,00059867505573676927
86990	-0,01358355865070646	86990	-0,0037847607230905691
87000	0,014221735018187314	87000	-0,010013567499955065
87010	0,0069582425399305169	87010	0,0034799727342941056
87020	0,0038242060406967339	87020	0,0053002033944236126
87030	-0,00238408618408459	87030	0,0055963738553715817
87040	0,0182253549206957	87040	0,012121793343674192
87050	0,0098326498453490657	87050	0,0030902996172782284
87060	-0,013772691417728598	87060	0,0076861764313667655
87070	-0,018789106884559439	87070	0,0015876239784569802
87080	-0,016025494871280428	87080	0,0035747713984090059
87090	-0,0017971543865227531	87090	-0,0079190608165249955
87100	0,0040994229279529689	87100	-0,0026912125793873533
87110	0,0020394667439785452	87110	0,003578708663450897
87120	0,0017223466893490182	87120	-0,0020727200248220274
87130	0,003886062552504818	87130	-0,0030373708093618512
87140	-0,0085789587011240037	87140	0,0068721919359812991
87150	0,0023664990880360314	87150	0,0010482526263254587
87160	0,0069759482005782919	87160	-0,0051877127522084654
87170	0,015073843017960584	87170	0,0035656055597682954
87180	0,00634903737229283	87180	0,0062389922413063487
87190	0,0012205926998438907	87190	0,0030044406954299907
87200	-0,0097791033337959465	87200	-0,022442913599323211
87210	-0,001512843694155649	87210	-0,0013396662244911563
87220	-0,0040786968393711443	87220	9,6869848691028367E-05
87230	0,0012246383825121946	87230	0,00590192496902606
87240	-0,017833779446010958	87240	-0,0018585174920593519
87250	-0,0050523027021556425	87250	-0,0083260423337093853
87260	0,0042881217952460407	87260	0,0114135909077144
87270	-0,0094262572596036931	87270	-0,0034837940777707357
87280	-0,00485052591617392	87280	-0,0037154649695500448
87290	-0,0011730844567087895	87290	0,002228992389981279
87300	0,0025508843285830651	87300	-0,008446344550802681
87310	-0,016616773621165967	87310	-0,014754039211547434
87320	-0,0092628199266021789	87320	0,014205698789913792
87330	-0,0068725449019879075	87330	0,0028468490522224922
87340	0,0013031797743615131	87340	0,0083854671140171141
87350	-0,002821602503940744	87350	0,0077228904340394377
87360	-0,00079337821386842033	87360	-0,00067407910981493824
87370	0,0089946519270335083	87370	0,001218049580246731
87380	0,0021532435255741094	87380	-0,00036566793902203642
87390	0,006401487850800411	87390	0,016018728453575787
87400	0,0079743543578490554	87400	0,0023764151014415871
87410	-0,00302778153731121	87410	-0,0034427326839392915
87420	-0,0019512902033074866	87420	0,0077370622838600278
87430	-0,0039908349348999816	87430	0,0102684044862259
87440	0,00593141988909427	87440	0,0013260681009372292
87450	-0,0050403653954545881	87450	-0,0064221853546540869
87460	-0,018835247159315397	87460	0,0058566634512289542
87470	0,0041180582339724924	87470	-0,0069842474531168269
87480	-0,00795294764544165	87480	0,00018798702276513483
87490	-0,0052264163175735068	87490	-0,015970086939703865
87500	-0,00089284335802993376	87500	0,0099514481451115772
87510	0,00032864190955746766	87510	0,0039033267370939791
87520	0,0037896873320941694	87520	0,00091982548543681573
87530	0,0096056871417878643	87530	-0,0043552457735272073
87540	0,0016084285826841623	87540	0,0074299719999691436
87550	-0,0046842987097360789	87550	0,00821094197527106
87560	-0,015653478836024515	87560	0,016512662411894939
87570	0,0050052891294121125	87570	0,00832954800538222
87580	0,005250302739395485	87580	0,0043676016681556276
87590	-0,00061675997573167908	87590	-0,0039602107831729636
87600	-0,01181459475366717	87600	0,0053132966418042637
87610	-0,0023487952087331062	87610	-0,0061085195256514214
87620	0,00048047206549843222	87620	-0,0031941299628197961
87630	-0,0016290218577453431	87630	0,0084862595431504529
87640	-0,00128945033917177	87640	0,0054171174071534645
87650	0,017578743048514655	87650	0,003152335506380134
87660	0,013675633423858972	87660	0,010436175856756691
87670	0,0056778223344621749	87670	-0,0036466605313557384
87680	-0,0030672386506560741	87680	0,00037612897200158083
87690	0,0057923042921634105	87690	-0,0013926672078176522
87700	0,0021444431685393411	87700	-0,0073192685342813131
87710	-0,0050090633022312784	87710	4,68932192948773E-05
87720	0,0047294264074057221	87720	-0,010620676246677591
87730	0,0018631961085301804	87730	0,0079543203666822947
87740	0,0046566278464347357	87740	-0,0068786339724506958
87750	0,0056796227538816009	87750	0,0047518397765996725
87760	-9,7926470473208891E-05	87760	0,0019044852026347148
87770	-0,0076003919777659469	87770	-0,010634480662004229
87780	0,0034033051160958557	87780	-0,01684444200482503
87790	-0,0042024974259825959	87790	-0,011652876426957996
87800	-0,004338920664338412	87800	-0,0020180544426121813
87810	-0,0042152760921526176	87810	0,0099697437750304613
87820	-0,00040095283420485894	87820	-0,0027607841429863372
87830	-0,018074435325328486	87830	0,00011695857610643475
87840	-0,0040893020637231062	87840	0,0091267364052531885
87850	0,0032185782271648288	87850	0,0049198207270785849
87860	0,00050831966899075041	87860	0,008282764878900362
87870	0,0074884360644118389	87870	-0,0081977558134132284
87880	-0,0026553564012044917	87880	-0,0012624634732766086
87890	0,011930601080068519	87890	0,0023547916860122515
87900	0,014488192862100603	87900	-0,0026985487589583764
87910	-0,012114986895158187	87910	0,016043325919668058
87920	-0,0092387526305421179	87920	0,0051216616125997587
87930	-0,00615359623005334	87930	-0,0061869529680631972
87940	-0,0035490789834569745	87940	0,0017665590317028006
87950	-0,0023289836552213175	87950	-0,00982144380348644
87960	-0,0087913262252294136	87960	0,0029043313158870275
87970	0,0082367051150940163	87970	0,0061654858283631542
87980	0,0051250077982275127	87980	-0,0062637294067429475
87990	-0,004043938589653317	87990	0,0067776875403734588
88000	0,0014487143986118777	88000	-0,00064724643097969657
88010	-0,0030440221923780869	88010	0,0022977015361367787
88020	-0,0015940630343903085	88020	-0,0085880356508743778
88030	-0,0029561121007597039	88030	0,00082741980002955034
88040	0,0025102012046033678	88040	0,0052152119036978709
88050	-0,0050743882641316662	88050	-0,0037432222632287656
88060	0,0051125858041978145	88060	0,0013955750279830367
88070	0,012969568167549806	88070	0,0024214895029341442
88080	-0,0020215029077607326	88080	-0,0072686981922317276
88090	0,011377933475733312	88090	0,0010255191545460866
88100	0,0029675188652771266	88100	-0,0048032618004615274
88110	-0,00835384227033375	88110	0,014839622551082825
88120	-0,005056768086092683	88120	0,0080620788133587539
88130	0,0047337010617225332	88130	0,017253796219085561
88140	-0,0044235975026886889	88140	-0,002498241925469981
88150	0,0012055666714875242	88150	-0,003162882036646531
88160	-0,0024086460502111711	88160	0,003255255467557912
88170	-0,010093130054175697	88170	-0,00694094745990625
88180	0,010811299764472839	88180	-0,0012045195031709368
88190	-0,0052912517629192255	88190	-0,0019063868224083577
88200	-0,0069370937479483587	88200	0,0073052466571973005
88210	0,0037808399902179738	88210	0,0065783898411009237
88220	-0,0042411299943768774	88220	-0,0022939130544093658
88230	-0,0095629672267244573	88230	-0,007911347279249227
88240	0,01010745880776108	88240	4,6259250269217973E-05
88250	0,0035048890716165245	88250	0,011006831992732603
88260	-0,00344064321361258	88260	0,0034721088625724312
88270	0,011428840157466237	88270	-0,00023099794690485396
88280	-0,0035799324099500293	88280	-0,00122617256172643
88290	-0,0049015260627509006	88290	0,0015292783572815557
88300	-0,010485247751357554	88300	-0,016094829167483327
88310	-0,017418382855244604	88310	0,0053286578800443279
88320	0,011721782722943362	88320	-0,0095210381894619278
88330	0,005492956201751097	88330	-0,0018997064046762447
88340	-0,0036364154302998878	88340	0,0073091420896436825
88350	0,007203467049473178	88350	-0,0040811426417310653
88360	0,00774319948496541	88360	0,016843095420559943
88370	-0,0016975909052445444	88370	-0,00996509175342773
88380	-0,004890937999261249	88380	-0,015180749432631974
88390	0,0012145539334711018	88390	-0,001858249859937414
88400	0,015207819973821068	88400	-0,00819096924337612
88410	-0,0095066021239366	88410	-0,00204905144906297
88420	-0,00063219225466280512	88420	-0,00706546469199429
88430	-0,0040781792351594886	88430	0,017394715463537196
88440	0,014022275836258551	88440	0,0026614690005853378
88450	0,0069976387083125324	88450	0,010173107311815671
88460	-0,012541901804433191	88460	-0,012274992634772353
88470	0,009243910147033926	88470	-0,015359153223961754
88480	-0,0045862290248784039	88480	-0,0045830172946661673
88490	0,0025975599384233023	88490	0,0032138761450118528
88500	0,0044121716232632911	88500	-0,0019474468306998414
88510	-0,0050605574712601891	88510	-0,0118125051594843
88520	-0,0066123911845027868	88520	-0,0062901709449070088
88530	-0,0012561028518500909	88530	0,0058205897456833546
88540	0,0031720190246254205	88540	0,0039823243837589072
88550	0,00619522708059552	88550	0,0014206737111828076
88560	-0,0098745145349426033	88560	0,012068485324702843
88570	-0,0038418106502279606	88570	-0,0023242733447586322
88580	-0,010820237625108198	88580	-0,017251051688990778
88590	0,0015799312284808672	88590	-0,068639144890128234
88600	0,014854133536812029	88600	-0,18127737126218194
88610	-0,0095000577780069671	88610	-0,32431322010610558
88620	0,013579584656006382	88620	-0,47160151484524548
88630	0,0063595176558734617	88630	-0,62937160595238562
88640	0,010102353387084916	88640	-0,73999279944188179
88650	-0,0017869368646550087	88650	-0,84143902677042737
88660	0,030092733960696089	88660	-0,8405328451523999
88670	0,02556630004865014	88670	-0,80256299182708324
88680	0,070751841965038975	88680	-0,68575407522606213
88690	0,12685607764659054	88690	-0,407789771082371
88700	-0,014690081606877466	88700	-0,17573474060097813
88710	-0,012203132713096513	88710	-0,25254525337184047
88720	-0,018663315611184179	88720	-0,20436918725567477
88730	-0,10871859438455762	88730	0,22193335332828193
88740	-0,015296428888365698	88740	0,51901345644284014
88750	0,0035203457887388236	88750	0,9043876726698612
88760	-0,0021667477270781396	88760	0,942459247937806
88770	0,070831002501248921	88770	0,86299642906357632
88780	-0,16272975165497039	88780	1,1492633782938411
88790	0,047954869873100846	88790	0,91239109412061259
88800	0,015888572090920781	88800	0,81259845969483058
88810	-0,036491283559848375	88810	0,35133324944990724
88820	0,02946097451772315	88820	-0,026655430391628668
88830	-0,12830614996321157	88830	0,13111270992775467
88840	0,055752817577501453	88840	-0,053227932338535455
88850	0,01616288459634517	88850	-0,092802033413001389
88860	-0,0098324347177582618	88860	-0,27255090999785214
88870	-0,025094337367109396	88870	-0,22853873519120516
88880	-0,040086721661005645	88880	-0,0718133343067085
88890	0,091359809533487935	88890	-0,0067163164134282924
88900	0,023668328004427718	88900	0,074391734782830968
88910	0,016412033414759324	88910	-0,043533853752856774
88920	-0,054389837813852072	88920	0,086252127824962
88930	-0,023089263286395306	88930	0,16184480965470646
88940	0,056443252165952681	88940	0,22553737828546491
88950	-0,0034346429776117029	88950	0,16532268251322788
88960	0,083025083016924545	88960	-0,058741177523173212
88970	-0,063105444128428376	88970	0,043341723930575782
88980	0,028514126329174081	88980	-0,022733958233299829
88990	0,037045243202448168	88990	0,032194961678284756
89000	-0,0049171423372334558	89000	-0,062656911605539239
89010	0,06925581535521054	89010	-0,2986686655337108
89020	-0,21718056322930532	89020	0,0083837946588218477
89030	-0,0057077038307316343	89030	-0,043045591505488007
89040	0,019533438161309653	89040	0,17677231204731189
89050	-0,02010093295662475	89050	0,077258603362298353
89060	0,057012533269469576	89060	-0,022299540629629442
89070	-0,11684002270264053	89070	0,32282450586587957
89080	0,053797154190590196	89080	0,36623265467892141
89090	0,050493364700418444	89090	0,53122795677816048
89100	-0,0014944163713421924	89100	0,39621648023052869
89110	0,021533559097640854	89110	0,42609310687307556
89120	-0,033922043923865476	89120	0,58599810051457468
89130	0,027195180748689117	89130	0,704433079124507
89140	0,12569277525744624	89140	0,81275927731260744
89150	0,16804749027667537	89150	0,84223764439169346
89160	0,10958196320449302	89160	0,82728200651540584
89170	0,09987920509571567	89170	0,64295420957864358
89180	0,01734313978281106	89180	0,36288684834457169
89190	-0,044640287072755781	89190	0,011063875335131848
89200	-0,083067030882671311	89200	-0,29269734294975391
89210	-0,09713811345441424	89210	-0,55400993515340879
89220	-0,098211638938679888	89220	-0,77015847414216176
89230	-0,056809113309273115	89230	-0,85848982869154933
89240	-0,026317270107021371	89240	-0,9093102645713802
89250	-0,0010140796056168186	89250	-0,87293223548968
89260	0,012147690998828736	89260	-0,79910830640927966
89270	-0,0012978737244369125	89270	-0,66751738699638974
89280	0,036140704372077309	89280	-0,46749066366631015
89290	0,023196812551437525	89290	-0,30609014001159957
89300	0,018401553793737015	89300	-0,12867522480306379
89310	0,0065202586517312264	89310	-0,0047973536209188076
89320	-0,0106002564930415	89320	0,049925930430852986
89330	-0,012305410024962396	89330	0,094812445618032662
89340	-0,0062273781008529063	89340	0,067186339320744845
89350	-0,0090863580545566987	89350	0,026972442208309581
89360	-0,0083177471402908	89360	-0,021564715595944698
89370	-0,0065481138670744881	89370	-0,07462245454207278
89380	-0,0048371142152604883	89380	-0,10244228175604596
89390	-0,00124784034605121	89390	-0,11493255131446545
89400	0,0010061602900006115	89400	-0,12408609102198405
89410	0,0020525511833123932	89410	-0,08677838587007361
89420	0,015122066172723041	89420	-0,065040411783977084
89430	-0,0069174953476554011	89430	-0,030608387306011908
89440	-0,00019655707841203959	89440	0,00016803213911017513
89450	0,00950771015100277	89450	0,02072277719888967
89460	0,0039124027485344616	89460	0,028174069080091447
89470	0,0032375204964909948	89470	0,035287458470310985
89480	-0,006654283458334612	89480	0,038018547309553168
89490	-0,010226850589961279	89490	0,018100237783598917
89500	-0,014963368532969288	89500	0,0043402671947471091
89510	0,0038847643315549191	89510	-0,01087449086973308
89520	-0,0024095209109530604	89520	-0,021860025254077854
89530	0,0043126491920922544	89530	-0,024685387583666465
89540	-0,011454201436169509	89540	-0,0216940569114118
89550	0,01150935074145619	89550	-0,025945442330134096
89560	0,0033529916434050793	89560	-0,023858080967539719
89570	0,0055774812912984971	89570	-0,0037221333059792466
89580	0,00448036003682699	89580	0,0002640470817159161
89590	-0,0028646986724843245	89590	0,010775015274567446
89600	-0,0015027693951502228	89600	0,014226855311338006
89610	0,00033990786499546731	89610	0,0037276621494353049
89620	-0,0096616077569063787	89620	0,0010676576573340985
89630	0,0014039537463760357	89630	0,0039154044285423057
89640	-0,012456389873633423	89640	-0,0069262510388622
89650	0,0023933712777455007	89650	-0,0083238857944156457
89660	0,0065599058629322625	89660	0,007061675396206845
89670	0,013312385858829542	89670	-0,0027309306381361996
89680	-0,0015503737072157047	89680	-0,012105874470539941
89690	-0,0054177684912487568	89690	-0,016840361401619455
89700	0,0061516123357784214	89700	0,0028665646683461747
89710	0,0040980994821826194	89710	0,0021784970446969885
89720	-0,0015831039539606685	89720	-0,00037734366883250266
89730	0,0071889093516808991	89730	0,010296244288552831
89740	0,00932243802560054	89740	0,00084476433443242188
89750	0,0013282949961667602	89750	0,016628345643306151
89760	-0,019774314073019907	89760	-0,0074239459064964781
89770	-0,0054745933512589046	89770	0,010831462454724343
89780	-0,015635406391350741	89780	0,0089472868153045691
89790	-0,0040462895704599256	89790	0,0047131118074190534
89800	-0,0047070377555151694	89800	-0,0079637651837704548
89810	-0,015964180873139878	89810	-0,013560496125364068
89820	0,001794314716385534	89820	0,0080626528977050978
89830	0,0048192294848486078	89830	-0,012943986647994135
89840	-0,008298849020044817	89840	0,0070632387714771325
89850	0,0011813041156116541	89850	0,00019031519354106966
89860	0,014877074111216086	89860	-0,0010448034762077689
89870	-0,010960546558060775	89870	0,013134803463361119
89880	0,0054522978929944883	89880	-0,010085095493843345
89890	-0,0047633232467747273	89890	0,0088092547660898364
89900	-0,0055108297124303865	89900	0,011974750196370967
89910	-0,0060378049285263894	89910	-0,0003406329762684251
89920	-0,0078907290119793888	89920	0,0151066474539572
89930	-0,00032724454232189738	89930	0,0024295218546499246
89940	-0,0023744196128580339	89940	2,9767280673393643E-05
89950	0,010161343934204656	89950	-0,0042517850546908882
89960	0,014020270324229148	89960	-0,0039067235661603018
89970	0,0073742369788535591	89970	-0,004077505529001265
89980	-0,0031513631293690184	89980	0,0013726389122048603
89990	-0,0060779471869615133	89990	-0,00874243039257284
90000	-0,0067205137989425727	90000	0,012112756961203225
90010	0,00346716621011226	90010	-0,00052513483485291284
90020	0,0045941854094538777	90020	0,011920339762997145
90030	0,0052319759867388085	90030	0,011470235166373721
90040	-0,010989459211779056	90040	0,015452464611324077
90050	-0,010208359822672781	90050	-0,0073073907671055488
90060	-0,0077118990192066141	90060	0,0019133401357195815
90070	-0,0023478939984639007	90070	0,0052491553626490108
90080	-0,004536209304972557	90080	-0,0048910209916679347
90090	0,0061268411828873676	90090	-0,0032299205682679824
90100	0,0099753928276809858	90100	-0,0022626873645732572
90110	-0,011609148698413081	90110	-0,013829603430534283
90120	-0,0062017749056031734	90120	0,0061033200174666182
90130	-0,0019098407377636558	90130	-0,0043189206581006924
90140	0,001060818562688335	90140	0,0059152066825020663
90150	-0,0026075764037530695	90150	-0,014551945804124592
90160	-0,0089789253795339186	90160	0,000996188614274596
90170	0,0023122731460634423	90170	0,00095656456834589988
90180	-0,00985640440327197	90180	-0,00068487659911431443
90190	-0,0026990023614118816	90190	0,0054749162853445187
90200	-0,0058818529556464022	90200	0,0016175695286157977
90210	0,00062193992419687231	90210	-0,00989551501872456
90220	0,0062961011117645	90220	0,010110474686651846
90230	-0,0031165674690562073	90230	-0,00919875143300421
90240	0,004278457314738182	90240	0,0057509876637800335
90250	9,4749206359408248E-07	90250	0,0081523698774325481
90260	-0,011303925707590484	90260	-0,00056335496436482385
90270	0,0061500941176333718	90270	0,0065836379423295953
90280	-0,014951198764749556	90280	0,00049116344281411965
90290	-0,0036958192723352337	90290	-0,015691473090172527
90300	0,0074379381413946987	90300	-0,0047436889054792257
90310	0,001452222797026857	90310	-0,0037260031005205778
90320	-0,00079697805195252935	90320	0,002195349080797718
90330	0,0081328754288678019	90330	0,0056857955946644709
90340	-0,0018444917859702982	90340	-0,0035955583056951879
90350	0,0014041474936833125	90350	0,00092648482425472089
90360	0,00089484435472951789	90360	-0,0054353231242409185
90370	-0,016818576078835669	90370	0,0025670937785819449
90380	-0,0082811871842917127	90380	-0,015446250462427896
90390	-0,0070483584955882148	90390	-0,010552470676212946
90400	-0,00061509983522882612	90400	0,0061632257770214511
90410	-0,0030819060486863789	90410	0,0014081776359521655
90420	-0,0018875323162317948	90420	-0,0039582319801919957
90430	0,009189441847285252	90430	-0,0094726085669117159
90440	0,0091459636767100318	90440	0,0028487083418118871
90450	0,0041940712468337806	90450	0,00095804009332075418
90460	-0,019996334057791117	90460	-0,0042172505453871
90470	0,020317546204229344	90470	-0,00086643438997854264
90480	-0,013729699076396514	90480	0,0039982285173425433
90490	-0,00088420342458543	90490	-0,0078002464255565443
90500	0,011091655217598083	90500	0,0029428454902674789
90510	-0,010041802733630751	90510	-0,0019940341651879714
90520	0,018288984613660332	90520	-0,0080107699536867624
90530	0,0015502035386738065	90530	0,00056529948350864849
90540	-0,0010400507265566027	90540	-0,0012462598420176704
90550	0,0091296523766358963	90550	0,0027098415658331578
90560	0,0003704502974224058	90560	0,0038843415410349468
90570	0,013120358401230948	90570	0,0063995050866239508
90580	0,00041198710897465742	90580	0,0035750247021156889
90590	-0,018945955882948045	90590	0,0038545751094701528
90600	-0,012585887487448334	90600	-0,00080935693104196142
90610	-0,0084892335864424229	90610	0,0055154640494804556
90620	-0,012108093064625913	90620	-0,0064744628091329979
90630	0,014583630057940847	90630	-0,0063900621045961782
90640	0,0096631632703274642	90640	0,004967309153735412
90650	0,017996394506818711	90650	0,00258090787188923
90660	0,0052707814378710966	90660	-0,0074380999815980772
90670	-0,0036697314577384546	90670	-0,0046383961684554114
90680	-0,0012094519347811872	90680	-0,0026347235920989426
90690	0,0034811595091679992	90690	0,020296507431424537
90700	0,0011251467572588622	90700	-0,0079049086167217279
90710	-0,018968078264485665	90710	-0,0038538216889678041
90720	-0,0052356527576021316	90720	0,00433624368626252
90730	-0,014315844007015159	90730	0,015268746322013979
90740	-0,0040180915059588778	90740	0,0043509768153838476
90750	0,01338051720830152	90750	0,0045718805557219836
90760	-0,00615074343856733	90760	-0,0093181835646728127
90770	-0,0077362654326892516	90770	-0,011645834597391193
90780	0,0070044221403361574	90780	0,0034357920561454568
90790	0,0086737526078764868	90790	0,0031265476980538174
90800	0,0040722645304861254	90800	0,0071221159155325552
90810	-0,0018911096576643902	90810	-0,014016750431784887
90820	-0,0041807753764284954	90820	0,0057952690405882424
90830	-0,0072798520540825161	90830	0,001239780753324613
90840	-0,023096196065950959	90840	-0,00016017158291945462
90850	-0,0038632827136098119	90850	0,0091815432591448622
90860	0,0029959781949853936	90860	0,016729810246508364
90870	0,0040647885658671367	90870	0,001916268950769733
90880	-9,1691336820757171E-05	90880	0,0013636833526323739
90890	-0,0036466240087999423	90890	0,0010324121041197392
90900	0,0084860108901356739	90900	0,0045362643042723876
90910	0,0047257603304877967	90910	-0,0060485977525089676
90920	-0,013648546092640469	90920	0,0086280269920885021
90930	0,0028788370948885081	90930	-0,0089741963778539827
90940	-0,006320055708159111	90940	-0,010236480668274721
90950	0,015014064369209027	90950	0,004066836787746787
90960	-0,0086999065732743346	90960	-0,0094777492484237665
90970	-0,00423518250581088	90970	-0,0023516865559650014
90980	0,001103140553439646	90980	-0,0026758351583138526
90990	-0,0055074583967394961	90990	0,0088590100264905932
91000	0,0022740385625582161	91000	0,011477039457730926
91010	-0,0069454293498564254	91010	0,011927367077535417
91020	-0,014269047054044493	91020	-0,00064445382301050156
91030	-0,00045466096825370526	91030	-0,0035931976766337011
91040	-0,0026323950745512112	91040	-0,0039803424373874895
91050	-0,0028887044306725022	91050	-0,0054573624664295915
91060	0,013100214825796116	91060	-0,0028927620761846928
91070	0,0025094787988272525	91070	6,0388909015210684E-05
91080	-0,0015810323407178227	91080	-0,0037726012010059137
91090	0,0046304186689274636	91090	0,0079202210073838729
91100	0,011560801346418806	91100	0,0096214283315511264
91110	-0,0030653143706111871	91110	-0,0004445945639067668
91120	0,0067183584260834261	91120	-0,0021057330507582811
91130	-0,015558661910447465	91130	-0,0042327606098189014
91140	-0,0020494737321888009	91140	0,01041045823029991
91150	-0,017088355687468474	91150	-0,00027516983888523062
91160	-0,004996341000745517	91160	-0,011455972530305876
91170	-0,011876743747148377	91170	-0,0012894724477729342
91180	0,00044304345965832996	91180	0,00068707376077116
91190	-0,00025013040166836593	91190	-0,0018002663122307476
91200	0,015961231676976852	91200	-0,0013401674486660264
91210	0,0030242503872345968	91210	0,0036338382529292087
91220	0,0034043807689799264	91220	-0,0057183400976593378
91230	-0,0090531635131013179	91230	-0,011872450340147866
91240	-0,00048188130111635481	91240	0,0064519012292370724
91250	0,00096317989694086651	91250	-0,00338777771048588
91260	0,0026746831790051013	91260	-0,00016358740540065947
91270	0,0029866284021291367	91270	-0,01445982787898663
91280	-0,0023586278645678352	91280	0,0047839353352781382
91290	0,0032793382700470356	91290	-0,0011026685868085915
91300	0,013946668207568035	91300	-0,016513767301026931
91310	0,0025311859543778454	91310	0,0022023743912040232
91320	0,0055617858757731863	91320	-0,0060652583621724166
91330	0,0017206379225253167	91330	-0,0011606400280339015
91340	-0,011271254112745446	91340	-0,0044338875606578379
91350	-0,0033002314222419491	91350	0,013453340927692637
91360	0,0018690055501634239	91360	0,0031405560514784375
91370	-0,0035646437738236316	91370	0,0070245411105556337
91380	0,0021447180875010102	91380	0,0067531025713028969
91390	0,0062518632588109526	91390	-0,02055264426432666
91400	-0,0014062218708658786	91400	-0,0068287272449711377
91410	-0,01155512757707264	91410	-0,0059766611956649646
91420	-0,00026457225618428031	91420	-0,0091509331835839241
91430	0,010319425806844505	91430	0,0085114650940130831
91440	-0,015531851327631702	91440	0,0024134413166292607
91450	-0,00987808469528878	91450	0,00077345448653607068
91460	0,0012796251594477425	91460	0,0016899251241049807
91470	-0,0051223805497424228	91470	0,0034039966435212361
91480	0,0071582226023962	91480	0,00307208276213964
91490	-0,0094925176754188535	91490	0,0086941893849522556
91500	-0,0061722666095511266	91500	-0,013827987951771635
91510	0,014888809852335974	91510	-0,0085908343815166675
91520	0,005523495466440184	91520	-0,010013083933066602
91530	-0,00035384571721229231	91530	0,013199754751517703
91540	-0,014120160487000742	91540	-0,0058757330815384905
91550	0,0066271402467058	91550	0,015545235068317648
91560	-0,0053930594180940719	91560	-0,0048675160102377964
91570	0,0088796657015153321	91570	-0,0010711240652836033
91580	0,011357278684031755	91580	-0,00095140082509766557
91590	0,012030512567634143	91590	-0,0011232922859434832
91600	0,0076349017951233876	91600	0,0027845248840255893
91610	-0,000908576772480729	91610	-0,0042089271131692712
91620	0,00014307877646399275	91620	0,011045049201803618
91630	-0,00941917042353062	91630	0,0060282291789376594
91640	0,00099560971194494479	91640	-0,0034949804122863422
91650	-0,0016435599372309308	91650	-0,0035827398946634685
91660	0,0078271413583874631	91660	0,019070576899840649
91670	-0,0028821416351969753	91670	-0,0072928603265204279
91680	-0,009595147480765601	91680	-0,0026804707428536097
91690	-0,013968161984398701	91690	-0,0020607866662408279
91700	0,011403124752152086	91700	0,006576285196178925
91710	-0,00045115166929168024	91710	-0,0026567203415083169
91720	0,0076625104038922729	91720	0,0077520545055549221
91730	0,010604292226553182	91730	0,0041687565198727664
91740	-0,00514212651179417	91740	-0,00048724639036559444
91750	0,0083239155994464086	91750	0,0018390937641862436
91760	-0,011197903635630778	91760	-0,00040299663467624892
91770	0,00011962751003159347	91770	-0,00076209227891279826
91780	-0,0054680673550873225	91780	-0,0038882689907840319
91790	0,0052861375251505	91790	-0,0012073042722874159
91800	-0,0053174389757425838	91800	0,0057621318083083866
91810	-0,0044683544733526981	91810	0,0080453979951538527
91820	0,0076358664058256394	91820	-0,0024368840029476597
91830	-0,023863178270532293	91830	-0,0011147812033759556
91840	-0,013633899454982987	91840	-0,011814391445319603
91850	-0,0068200830452680161	91850	-0,00980280113255832
91860	0,0058991189112212088	91860	0,0040281427917085106
91870	0,0086001908931466267	91870	0,0097587903309670123
91880	0,0030745468352625493	91880	0,0044329243672716128
91890	0,0025859184440430454	91890	0,012762642873168107
91900	0,013169104300750028	91900	0,0014385380343076048
91910	-0,0033370217959275547	91910	-0,0027259051857974103
91920	-0,0025166162271814665	91920	0,029360812409175374
91930	-0,0028200451810708642	91930	-0,00716609121433259
91940	-0,011730961267666486	91940	-0,00798902839067186
91950	-0,00063151788233601789	91950	-0,0055465956010665686
91960	0,0045274242899246185	91960	-0,0058416452943754948
91970	-0,010118516980446577	91970	-0,015337006042040628
91980	-0,0092361691634406419	91980	0,0097165580204161828
91990	0,0031996739805865335	91990	0,010108791752853329
92000	0,0069276774549159367	92000	0,0045311657999067547
92010	-0,0016326555720378398	92010	0,0047202127624415115
92020	0,007565162319920265	92020	0,0021940584989442596
92030	0,00052231082989701071	92030	-0,0080313882316170124
92040	-0,0043710830578911133	92040	0,0030823792541553822
92050	0,019257772637395615	92050	6,58870037941829E-05
92060	0,0004934960602237154	92060	0,011005139270888078
92070	-0,0065526783012764926	92070	0,0054980575078052256
92080	-0,00075898208496933653	92080	-0,0034408273243036911
92090	-0,0011379867135168115	92090	-0,0053964650076155987
92100	-0,011938660224648097	92100	-0,0077661023056221851
92110	-0,0071103368849356951	92110	8,21617310926639E-05
92120	-0,0037308994059144221	92120	-0,0036491244201435355
92130	-0,0083391115677396883	92130	-0,0048147359340493367
92140	0,013016972699633407	92140	0,011287370614923544
92150	0,0013525921939198933	92150	0,0032906886696827788
92160	-0,0063965108119468693	92160	0,002948270864508508
92170	0,009225547905318288	92170	0,0025016407774569403
92180	-0,012692248904394304	92180	-0,0050430593516689838
92190	-0,0097335246427535278	92190	-0,0019914491109952076
92200	0,017480244695611283	92200	-0,0058802593551255155
92210	0,00063706966644181155	92210	0,0027635838971201898
92220	0,0075704653847952618	92220	-0,011265371805423223
92230	-0,00016160663292747216	92230	0,01029567527226917
92240	-0,0063213193885044653	92240	0,0016064801821131698
92250	0,018058555352303295	92250	-0,0024085304110008725
92260	0,010641812090034545	92260	0,0056069342879576552
92270	-0,0036731361528779026	92270	-0,0020796292234993752
92280	-0,0081507463928470452	92280	-0,010446049008786639
92290	-0,0055786159748208884	92290	0,0025480925331919715
92300	-0,000858188327874122	92300	0,0064113463470453344
92310	-0,0098195957989469125	92310	-0,0011947069604208746
92320	-0,0090098693895265675	92320	-0,0026421884677444471
92330	0,010302270255495667	92330	0,0010557475558371568
92340	0,0050129446147618717	92340	0,0038088960928497045
92350	0,0039334778089070935	92350	0,0076325108006374733
92360	-0,0015132155948451428	92360	0,0013835578448895128
92370	-0,0067813223671249444	92370	-0,0022245936207017231
92380	0,01365739519981482	92380	0,0047273659436618144
92390	0,01541578685865401	92390	-0,005846257488331584
92400	0,0074770315698943265	92400	0,00860266266208265
92410	-0,0028442558310858785	92410	0,0064096110000430541
92420	4,6574470430346728E-05	92420	0,0024162010285556359
92430	-0,0081379482972320019	92430	0,0029245424898507728
92440	-0,0015142938943671145	92440	0,0010639869800814317
92450	-0,01140396746254934	92450	-0,0121520043150517
92460	-0,0046773852248647866	92460	0,0096652608754903089
92470	0,00131752415310669	92470	-0,0033853786465996663
92480	-0,017307496451039951	92480	0,0025859224274980912
92490	0,0048185626990810129	92490	-0,0055129401278445267
92500	0,0065929454402575442	92500	-0,0033864855354515861
92510	0,0056725752269161794	92510	0,0018143640123814428
92520	0,0022000654304049254	92520	0,0026133059639386262
92530	0,017834590188578674	92530	0,005909843293707152
92540	0,01145190844780924	92540	0,00098274523642328821
92550	0,017645465575596004	92550	0,011436561917872344
92560	-0,0090977711716526983	92560	-0,0060562625196398821
92570	-0,0045880491470422571	92570	-0,012196948338710321
92580	0,0022893187820828094	92580	0,0036962628928669246
92590	0,013462616158560245	92590	8,7653499294142E-06
92600	0,0092813760200512446	92600	0,0052294619709970808
92610	-0,0095367063360672	92610	0,0079586925720006585
92620	-0,017960997683082024	92620	0,008849635119233791
92630	0,010178954669756234	92630	0,0021031073189387538
92640	-0,010261789004805276	92640	0,0019891567058079023
92650	0,012012132856765549	92650	0,0032883720941167837
92660	0,0016722431135462608	92660	-0,00093124787551614673
92670	-0,0083511757466751251	92670	0,0052084589915789587
92680	0,0095328211121066021	92680	0,0051501400899360292
92690	0,007892625274155584	92690	0,00662913270428283
92700	0,0079085413041804151	92700	0,0017573092833429345
92710	-0,0092986807433708633	92710	-0,0015409601447696722
92720	0,00061402482953678444	92720	-0,0017354992726394515
92730	-0,0022575901156975269	92730	-0,0074797140982208309
92740	-0,01116714295563344	92740	-0,00026927989824910512
92750	0,01271844841418796	92750	-0,013970791412694536
92760	-0,004866839820521632	92760	-0,0039570220849224355
92770	-0,0018089976953474876	92770	0,0018461514593287923
92780	0,0062707109444170225	92780	0,0037337694416977093
92790	-0,013139859748238539	92790	-0,015933211755707537
92800	0,0050338661291479689	92800	0,0041925475865808061
92810	-0,0018288104764887716	92810	0,010822740395318648
92820	-0,00022610029947342378	92820	0,001119383708121564
92830	-0,011257434649419619	92830	-0,024600289325016778
92840	0,0076293294301671656	92840	0,01717255231071968
92850	-0,00996877947586843	92850	0,0015256657113021871
92860	-0,018701621705322156	92860	-0,0046258955300345237
92870	-0,013119304350329509	92870	0,010945946812684808
92880	-0,0044768448003188735	92880	0,013838776742025463
92890	0,014197523982041393	92890	0,0095114855974486323
92900	0,010522547755378087	92900	-0,0012304039986119871
92910	-0,0022392191807942994	92910	0,0013339031848395729
92920	-0,0060916031900429555	92920	0,0090343538879285139
92930	0,012359392820064374	92930	0,011477536603248718
92940	-6,0025372976641795E-05	92940	-0,015015620396670192
92950	0,00069141233830110108	92950	-0,00070459611510503481
92960	-0,0020555135641551173	92960	-0,011559728786098723
92970	-0,0025880908600826266	92970	0,013236995382325131
92980	0,015332187861073638	92980	-0,003546445599600539
92990	-0,013957970673841766	92990	0,00048231213110968939
93000	0,0026890741683873488	93000	-0,0060864021961550187
93010	-0,00063994553456026731	93010	0,0022571985608513239
93020	-0,0025752655528950281	93020	0,015751593465570528
93030	0,0013983326325330899	93030	0,007938435049221251
93040	0,0010376680988438739	93040	-0,0057822463629337009
93050	0,0081335224770896566	93050	-0,00050383223612445838
93060	-0,0026667019283453152	93060	0,006712214151100483
93070	0,00036179124972046445	93070	-0,013093284945496508
93080	-0,00038552302737837878	93080	-0,010019984668340375
93090	0,021779954186304119	93090	0,016887478164389579
93100	-0,00036517162929181345	93100	-0,006558731083666983
93110	-0,01001222204166405	93110	-0,000745540847171939
93120	0,015272572526852487	93120	0,0023663813030643248
93130	-0,0005000640386275669	93130	0,00871115529417074
93140	-0,0037915117642015645	93140	0,013383824773853519
93150	0,0076103048516512877	93150	-0,0057781276547495247
93160	-0,0015337004967129733	93160	0,00092839971834621
93170	0,00840162896467897	93170	-0,017591338666775064
93180	-0,0036987594395747518	93180	-0,0093126943657013336
93190	-0,0059636712518428411	93190	0,0043593843207164343
93200	-0,0042415853780936137	93200	-0,00047897379545255517
93210	0,0010191319982740725	93210	0,0059914602591315423
93220	-0,0038296114110014448	93220	-0,0059930498895034972
93230	0,0084487441085713023	93230	-0,0033968202133503296
93240	-0,0083158984575934132	93240	0,0065162124987113218
93250	0,010871572835943824	93250	-0,011310403700307501
93260	0,0099593668382604653	93260	0,0071897998981472148
93270	0,00063798985881904913	93270	-0,0090567008458918019
93280	-0,0069415535718138546	93280	0,015618479291347267
93290	-0,00047920703453607625	93290	0,0066261408286251633
93300	0,0031249017743677273	93300	-0,0033623324192851374
93310	-0,0098036189854752188	93310	0,0023282061006560822
93320	0,0069989439542847681	93320	0,0098533336594627142
93330	-0,0060700420703559341	93330	0,0099941615429435578
93340	0,011150648982417284	93340	0,00031545309095502432
93350	-0,0033680938404249167	93350	-0,010564259627642295
93360	-0,0034787967948806441	93360	9,3932942394629138E-05
93370	-0,0035215159623932374	93370	0,0025283988347625662
93380	-0,0009964441687662774	93380	-0,0011856220648054847
93390	-0,0016951006926701777	93390	0,0031168941364562433
93400	0,0051775207514579563	93400	0,003112068729940764
93410	-0,0040943806264188854	93410	0,0024787212139987312
93420	0,0007570074885663152	93420	0,0048101362776872712
93430	0,011426528922946275	93430	0,0046210743571064878
93440	-0,0033957786868490307	93440	-0,0088952111860527133
93450	0,0029816500554259219	93450	-0,016056665245335569
93460	-0,0056821659147261293	93460	-0,0044746642976406193
93470	-0,0039885587609383094	93470	0,0023463351536444459
93480	-0,0014621637499664982	93480	0,0006615357436258408
93490	0,0020749346837932439	93490	0,0030401924577130564
93500	0,01528294828974788	93500	-0,015947208832052875
93510	-0,0055029608777002591	93510	-0,0039221421791142937
93520	0,0029462167362971324	93520	0,009717130304772616
93530	0,007373102684540174	93530	-0,00106544836216996
93540	0,0083367545281571517	93540	-6,6078818023250822E-05
93550	0,0065468193424309158	93550	0,0053618429212284619
93560	-0,00089711177725338353	93560	-0,00047995286796312809
93570	-0,013516471341994933	93570	-0,00066509133424967539
93580	0,000517955875029501	93580	-0,0020516133258219114
93590	-0,017043397848777966	93590	0,0095494785765179429
93600	0,00014253491476039245	93600	0,0183702681900008
93610	0,0090628130954783954	93610	0,081498844577887156
93620	0,0149069286552978	93620	0,18842149935150329
93630	0,0034955395221625421	93630	0,31771003360315464
93640	0,0012460559731201828	93640	0,47587160082971358
93650	0,0088796228926427342	93650	0,651318780940652
93660	-0,00939302722939441	93660	0,75682243414448169
93670	0,015418426718710705	93670	0,81319234496747927
93680	0,026301444311732237	93680	0,79824344231619926
93690	0,067374310837646958	93690	0,70617752887847929
93700	0,0690287113245361	93700	0,67369124022047921
93710	0,035384154320250473	93710	0,42602880886824246
93720	0,0025765764675507339	93720	0,17398224728600381
93730	-0,037337074008273241	93730	0,21937829379962026
93740	-0,054767130059785514	93740	0,27809345958608067
93750	0,092968109467612109	93750	-0,17105833962293388
93760	-0,065351168319319267	93760	-0,49774621146859471
93770	-0,053454064003829904	93770	-0,92066440579382169
93780	-0,015356247169856637	93780	-1,1061347760953
93790	-0,096748566412302686	93790	-0,83274073363925261
93800	0,11593161735346164	93800	-1,1085155091262269
93810	-0,07666939948270822	93810	-0,84792956241510242
93820	0,013452167383943411	93820	-0,85830973807098376
93830	0,010094081728928235	93830	-0,45871154730143465
93840	-0,020492308190000603	93840	0,037757897699221568
93850	0,12960468820509377	93850	-0,056486845071150815
93860	-0,0045195017439445774	93860	0,1019778893324412
93870	0,0441970263109519	93870	0,047811783868197004
93880	-0,036111460975869911	93880	0,33291681440150012
93890	-0,057934347306392277	93890	0,319918509541602
93900	-0,024482451942570281	93900	0,1413706359618585
93910	-0,07687514259561043	93910	0,039274168256744429
93920	0,019770074811019871	93920	-0,12704984326477065
93930	-0,040119540297670009	93930	0,087542997003079145
93940	0,063793424299589951	93940	-0,052254152325104768
93950	0,080420809828666978	93950	-0,15669982622634557
93960	0,048556437216918449	93960	-0,31679722839749896
93970	0,050258227922375637	93970	-0,28163016594773876
93980	-0,018991253318119183	93980	0,084365681388881134
93990	0,085845969119711138	93990	-0,028139932284648644
94000	-0,061460909024422042	94000	0,00053560078410818009
94010	-0,056787651804851395	94010	-0,11780246406829949
94020	0,0011218115086687179	94020	-0,081643121158929174
94030	-0,11883404392311039	94030	0,37416275565430041
94040	0,15296031511896052	94040	0,016808906510413651
94050	-0,048855277220612739	94050	0,035932317430085688
94060	-0,0020633653449273117	94060	-0,24245892118297358
94070	0,026164038876840264	94070	-0,088090750709590313
94080	-0,035206134881749909	94080	0,11934548225875868
94090	0,159296606584129	94090	-0,26580671637929237
94100	-0,019006792539882387	94100	-0,29575811594413748
94110	0,0078469626806241862	94110	-0,50599053769141134
94120	-0,028723954074455115	94120	-0,40899605982804188
94130	-0,071990170539880383	94130	-0,30009585810162009
94140	0,0029239447232844514	94140	-0,55107076558378987
94150	-0,033772448872023429	94150	-0,69512010438914451
94160	-0,038630287492980614	94160	-0,76616502339211279
94170	-0,071645161715024261	94170	-0,90116742841892639
94180	-0,026236950079306823	94180	-0,8844919132802157
94190	-0,00987563809312228	94190	-0,73748827281484208
94200	0,0552309433682422	94200	-0,47485569170864211
94210	0,073773010022828434	94210	-0,11082692037520102
94220	0,0853632570563778	94220	0,25811537151824349
94230	0,08925993909560212	94230	0,5688858625248111
94240	0,0488853654572202	94240	0,78915878098672021
94250	0,020274276817669679	94250	0,90810578604011483
94260	-0,025382626815385976	94260	0,93460423940623127
94270	-0,048211768004381095	94270	0,897425691028757
94280	-0,087822415697137626	94280	0,80608815311909043
94290	-0,065339216226604588	94290	0,66429951249530084
94300	-0,05078093994650329	94300	0,48742741974829534
94310	-0,053709415091734596	94310	0,2956783055031546
94320	-0,0076507129836520336	94320	0,11060086870770369
94330	0,0016352307241807131	94330	-0,010482002624401403
94340	0,033986055216769125	94340	-0,075134514266350608
94350	0,0419130048921334	94350	-0,094559477826935148
94360	0,033692310787267234	94360	-0,099182761929361762
94370	0,040992302674311323	94370	-0,02982613732649193
94380	0,022380608717237814	94380	0,022485797776681953
94390	0,010842197435390629	94390	0,088124449292310031
94400	0,004250123993121936	94400	0,12696308353344593
94410	-0,02803312153707398	94410	0,1418974064383513
94420	-0,0405845969563027	94420	0,13204244628663345
94430	-0,025311047970538882	94430	0,10837481179489721
94440	-0,024609984857053707	94440	0,069244239671458
94450	-0,013013631633663654	94450	0,025770010248517061
94460	-0,003329189912019366	94460	-0,00043619810747061536
94470	0,010256081182627486	94470	-0,020768363137656818
94480	0,00921906193041741	94480	-0,043119009321368987
94490	0,025503801293673793	94490	-0,030323640075241753
94500	0,022950087734519078	94500	-0,034829933299281052
94510	-0,0051994719207491026	94510	-0,015396956784828173
94520	0,013988500570015057	94520	0,0032983756095323756
94530	0,015619695654843731	94530	0,010825146719929794
94540	-0,016122829032997169	94540	0,01068232960483268
94550	0,0041064184504499548	94550	0,038067825005969953
94560	-0,023058288954450452	94560	0,042354203388684848
94570	-0,013836457431901376	94570	0,01847475477881597
94580	-0,01022442133557781	94580	0,0045103078536607921
94590	-0,0092910183412121313	94590	-0,0042505116261249481
94600	0,00073724139166835869	94600	0,0040396068883365062
94610	-0,00640275329997407	94610	-0,023190395206768754
94620	0,0061288305221223307	94620	-0,010176602139633582
94630	0,0015577722250042993	94630	-0,010445953277651564
94640	-0,0026037785058218147	94640	-0,015692988850326092
94650	0,0017777929946821514	94650	-0,0056184200246351566
94660	-0,0060534541722408368	94660	0,0054688564418963964
94670	0,016313233584337256	94670	0,0088100858503752
94680	0,0049568530173469171	94680	0,017030585069706144
94690	-0,012923139748314296	94690	0,007292152848502249
94700	0,0045240113552878552	94700	0,0073077165125987687
94710	0,015856763684363433	94710	-0,0036317260083477392
94720	0,018762222314964008	94720	-0,0012243177611189224
94730	-0,007352826603853716	94730	0,010267600273827041
94740	-0,025282816215690444	94740	-0,0037936997723741071
94750	0,0093472934685870819	94750	0,0024000892212206458
94760	-0,0021450153030343339	94760	0,0031968420724241093
94770	0,0040024543824798663	94770	-0,013166552254310229
94780	0,0079269066144354566	94780	0,0071001811084404455
94790	0,018977203600032855	94790	-0,0027372948004771172
94800	0,016415169121391807	94800	0,0017777582482542611
94810	0,0084890271176491783	94810	-0,0039540230038521244
94820	0,005148725399150767	94820	0,0068103016033744471
94830	0,0038672012111192647	94830	0,0079326147651814
94840	0,0039060037101253742	94840	0,010585100878851408
94850	-0,0059649252719653012	94850	0,000528060776785517
94860	-0,015812766240939295	94860	0,0041542129531553914
94870	-0,0061538521110331822	94870	0,0048538341451717319
94880	-0,018773236709681063	94880	-0,00607875869125443
94890	-0,010452998859431392	94890	0,007304218992289579
94900	0,0010620875783785263	94900	-0,012703461481521643
94910	-0,00075587365919645643	94910	-0,016264114319972989
94920	0,0050991275744221732	94920	0,0030039241071596044
94930	0,011877328137480844	94930	0,0056303566061638105
94940	0,0054143209637362109	94940	-0,0025382278188527179
94950	0,0133253351474906	94950	-0,013684305950145869
94960	0,0011158915173371238	94960	0,0031787596564659521
94970	0,0078276011525130525	94970	0,0080317335428332515
94980	-0,013722213725787904	94980	-0,0072232557689026295
94990	-0,0068723905242352931	94990	9,7317146944013493E-05
95000	0,0024394516065251578	95000	-0,0077005435615277416
95010	-0,004905611961797984	95010	0,0014514465956390217
95020	-0,0052372195725068132	95020	0,0011806700937189438
95030	0,0035893641247510253	95030	0,005888161713080692
95040	0,021742136634443146	95040	-0,00242023236486119
95050	0,016307500497818553	95050	-0,00055393579012447971
95060	0,0043760469578284422	95060	-0,00361620409396094
95070	0,005500102965204411	95070	0,000493659587807503
95080	0,0042917932199607548	95080	0,0014735304653716241
95090	-0,0096973020642036646	95090	-0,0084487909495867472
95100	-0,002682235707881361	95100	-0,0032319337868828013
95110	-0,010401549441234986	95110	0,0055383678737635474
95120	-0,0050119518166002273	95120	0,0038130302186762778
95130	-0,0003138556340012201	95130	0,002650250560671529
95140	0,00028341520499680336	95140	0,0027905343861735349
95150	0,016471244370961289	95150	-0,019707022231335466
95160	-0,012594919553112864	95160	-0,0052883726591006781
95170	0,0037558036472545879	95170	0,0052239142848667106
95180	-0,0074563565362298417	95180	-0,0067734859397123011
95190	0,0050185141303294885	95190	0,0026263550790006341
95200	0,012998358037268671	95200	-0,0024456420105663491
95210	0,0040743166251165043	95210	0,0013355922633820666
95220	0,0024251975248678632	95220	-0,0080238708071652433
95230	0,0024554053150405821	95230	-0,0029146785785219087
95240	0,0098429184032119248	95240	0,0073052386395431965
95250	0,00469654778488783	95250	-0,0055618649036915744
95260	-0,016830857933378768	95260	-0,011227538242435943
95270	-0,0033389634577594357	95270	-0,0011553612635578168
95280	0,001342810089947366	95280	-0,0054256943228253481
95290	0,0048385188578035591	95290	-0,014180614903145063
95300	0,0015991675439651818	95300	-0,0025665514118659678
95310	-0,010548342066578174	95310	0,00016312815509858419
95320	-0,013154516217558671	95320	-0,0050761329332282253
95330	-0,0046176386489207612	95330	-0,0029885679732412108
95340	-0,0016129523275889464	95340	-0,0052069983968772151
95350	0,0026723650369900242	95350	-0,0041576330774104166
95360	0,0046514687873288876	95360	0,0021457618273862653
95370	0,0024337933385363652	95370	0,0050648462531128211
95380	-0,0035340767239560359	95380	0,0037908239598419859
95390	0,0043432083010085309	95390	0,012630053985526314
95400	-0,0065754232161116116	95400	-0,0076942610732359208
95410	-0,006112557789037412	95410	0,010135989050903859
95420	0,002603895315623975	95420	-0,0058168485067108758
95430	-0,0028569977421715339	95430	0,0023536852331901633
95440	-0,01390931956784441	95440	-0,013687123418755179
95450	0,00704580023306026	95450	0,00420311060468569
95460	-0,004501380721402326	95460	0,0069955070031082695
95470	0,015135876493934018	95470	-0,0058350894029089171
95480	-0,0065434400143187495	95480	-0,00041324546699249715
95490	0,0059406391928740858	95490	0,0083726286675862016
95500	-0,0094865663206337	95500	-0,0056329630661614612
95510	0,00464504603267663	95510	0,0057817688772959265
95520	0,01554449272428415	95520	0,012011867129662531
95530	0,0074042382477319361	95530	-0,00059951855759155892
95540	-0,0054973410735456394	95540	-0,0092313459545941331
95550	0,0024397090797226226	95550	1,420370836198124E-05
95560	-0,0049977038976903379	95560	-0,0021649510576892063
95570	0,0060303424376772011	95570	-0,00280019586079683
95580	-0,00097011434189210328	95580	-0,0047922239772717817
95590	0,0044951659469794026	95590	-0,0020783862797528257
95600	-0,00841449914899644	95600	-0,0020598594586125935
95610	-0,013642905115171855	95610	0,016571203134478511
95620	0,0048214558080238307	95620	-0,0064753753475947232
95630	-0,0084154466976265919	95630	-0,0023492007812873964
95640	-0,004290854422041945	95640	0,0055449330126310795
95650	0,0059493628406710073	95650	-0,00964096883006747
95660	-0,0052422161313022634	95660	-0,001179727155699761
95670	0,0063743865381418732	95670	-0,0028338371274252848
95680	0,008208567732576692	95680	-0,0084675205658647987
95690	-0,0012057115773519633	95690	0,014703954564703456
95700	0,0026043566823245987	95700	0,003131620877673668
95710	5,8716670026680011E-05	95710	0,0032115398671132937
95720	0,0028092587129202604	95720	0,0031787095793613242
95730	0,00058607901303393784	95730	0,005998773346955687
95740	0,0051008158549167137	95740	0,0086079148975986286
95750	-0,0084993622164101466	95750	-0,0035869419836995586
95760	-0,014365532941926325	95760	0,0062878042238135009
95770	7,1980611414886614E-05	95770	-0,021453374110624816
95780	0,00032071126986409792	95780	0,00060608510749873747
95790	0,011490747284332957	95790	0,00096374367857130221
95800	0,0032232743250798	95800	-0,012160510944328977
95810	-0,0013431224892829913	95810	0,0064399880381090964
95820	0,00253707092051653	95820	0,0082505857523038888
95830	-0,001971153149003381	95830	0,0046416809171263866
95840	0,015012605398477215	95840	-0,00080731090051477754
95850	-0,009677780137118697	95850	0,0028447298009204825
95860	-0,011900031909559612	95860	-0,0020593352740103914
95870	-0,0072681579372547746	95870	-0,010136782424720619
95880	0,00762987248826559	95880	0,006316358223408783
95890	-0,0001642870364955357	95890	0,0054381319785456851
95900	0,0011608567656984086	95900	-0,0063207403319046254
95910	-0,0047341189808671122	95910	-0,0006784754871936757
95920	0,0040871938163266758	95920	0,0015341657681975571
95930	-0,010148463679790967	95930	-0,0055216031123662664
95940	0,0043316828003263919	95940	-0,0043306775081995682
95950	-0,0027332242691725812	95950	-0,0021804882141583386
95960	-0,013314875977231785	95960	0,00092088886108636413
95970	0,0029705119154001237	95970	-0,004527670819252449
95980	0,0094960062345506233	95980	0,0027325595253939257
95990	0,00023659650179901119	95990	-0,004375741120293381
96000	-0,0053724069148910151	96000	-0,0044663934661737
96010	0,0031543214037024086	96010	-0,00387086718617452
96020	-0,0111847231901318	96020	0,0063077496980008608
96030	0,0067874573054569239	96030	0,002071621576451378
96040	-0,013723560053085487	96040	6,0408474045110269E-05
96050	-0,0050226422143202784	96050	0,0029670770760605219
96060	-0,00248879608654228	96060	0,0041658386695327624
96070	0,00013861122439604877	96070	-0,00092426579174855893
96080	0,0072617660000578428	96080	0,0095271649074445269
96090	0,01196168481965787	96090	0,0042055376755688869
96100	0,014006177183402373	96100	0,0083485431619174776
96110	-0,015136303715641064	96110	0,011347459415106898
96120	-0,0082669352752476714	96120	0,0019801978136868522
96130	0,01153762373165155	96130	-0,010865724023190958
96140	0,003143178263112536	96140	-0,0048695736027706566
96150	-0,001398581004360923	96150	0,0048093494559442911
96160	-0,011957839516674373	96160	-0,0050648297436178139
96170	-0,0027868468508764014	96170	0,0034376070099530016
96180	0,00831535699880766	96180	0,0025109398568208818
96190	0,00585236255253484	96190	0,007618531111396762
96200	0,0018903088516147475	96200	-0,0029193835690549505
96210	0,004328249890683116	96210	-0,0017195555669379718
96220	-0,01025097852310603	96220	-0,0041933081373893809
96230	-0,0019431995146116366	96230	0,0012152699773148236
96240	-0,00012993476820055764	96240	0,012905029212450394
96250	-0,011658725884496131	96250	-0,0097703294471404613
96260	0,010819156658612545	96260	0,0019699741087626987
96270	0,011777755511069592	96270	-0,010681757242242377
96280	-0,0057854837297007106	96280	-0,0022378381837835082
96290	-0,015434235629932312	96290	-0,014179677090702399
96300	-0,00219216569419297	96300	-0,0017686872766199027
96310	-0,0031712436603638532	96310	0,017992970197326045
96320	0,00098487088009325077	96320	-0,0038289627265948364
96330	-0,010604784880222677	96330	-0,011104046574058148
96340	0,0087288310512149657	96340	-0,0036791958945361779
96350	0,0069715918452856757	96350	0,0013967415977594094
96360	-0,010300373071314879	96360	0,0112654457803184
96370	0,012907227038993855	96370	0,016672084469097768
96380	0,0055145312442083424	96380	-0,00033961145721194444
96390	-0,00031963823358597236	96390	0,0083616481009239334
96400	-0,0087572731764793341	96400	0,0046742813119213583
96410	-0,0071090292192609152	96410	0,0041589535793975048
96420	-0,0047207666328897106	96420	-0,010255302179071744
96430	-0,01066972075482382	96430	-0,0048294209112681747
96440	0,0027980287373987078	96440	-0,0015977991990779609
96450	0,0047314519976134556	96450	-0,0011432483826474707
96460	-0,012919049379677267	96460	-0,0027321962314100462
96470	-0,010671650315138781	96470	0,0018272935288405525
96480	0,00276468492304876	96480	-0,0091242131974634214
96490	-0,001545719042320826	96490	0,00438793511570528
96500	-0,0037690590643444273	96500	0,0027047072777930878
96510	0,013643645615756362	96510	0,0055101806060643349
96520	0,0037963311357150473	96520	0,0072849250790530352
96530	-0,0082436256319415452	96530	-0,0026589286791180635
96540	-0,00069809487462712085	96540	0,00032762441966873232
96550	0,0088869490197858534	96550	-0,00034292109495481391
96560	0,0022814334081351488	96560	0,0091273289262811339
96570	-0,019351977769209713	96570	-0,0014241916658775781
96580	-0,011021679115953621	96580	-0,0078836805030341531
96590	0,0025233825063921212	96590	-0,012252472839063697
96600	0,00773817842439403	96600	0,0047153174384622094
96610	-0,00013868667836068271	96610	-0,010937859595340037
96620	-0,0085007749639796869	96620	-0,014191145427734973
96630	0,0028995623598877169	96630	0,0035936187649430245
96640	0,00053351300980945858	96640	0,011079793724574861
96650	0,01382767799002157	96650	0,016021961765364696
96660	0,0046814522186838957	96660	-0,0042389155142513926
96670	-0,0011385835385644451	96670	-0,0057139168335074014
96680	-0,015180453309709727	96680	-0,0025103356575756769
96690	-0,015657638367527704	96690	0,0095324455681394041
96700	-0,014497734501297375	96700	0,012493855026593781
96710	-0,0031703543647774815	96710	-0,0019238385709234233
96720	0,011961866103740325	96720	-0,010015175441308167
96730	-0,017706424437397422	96730	-0,0083875732739311388
96740	0,0051958092494176922	96740	0,015489379614143829
96750	0,0057865580601958152	96750	-0,002302844400996346
96760	-0,004685645281375158	96760	0,0050684253626733936
96770	-0,0024743043406196138	96770	0,0091683885552556431
96780	-0,00079508367346965594	96780	-0,0054304794853973354
96790	-0,0097875903269557373	96790	0,0041614426570660253
96800	-0,0018571668161007483	96800	0,0035253298099563583
96810	-0,0013508320745276299	96810	0,0022703503315968186
96820	-0,0045841147829054274	96820	0,0066346030096656686
96830	0,0019756030646300724	96830	0,0083923976782611289
96840	-0,0058037702195402937	96840	-0,0042153604351542725
96850	0,0081731372039813063	96850	0,00082149563442297465
96860	-0,0033040005931344674	96860	-0,0077639515786792762
96870	0,0093864342067873328	96870	0,016509324038285113
96880	0,013077397851659399	96880	-0,015014420664579994
96890	-0,0024792450407643096	96890	-0,0056166015770813477
96900	8,6739079076634574E-05	96900	-0,0066175258653982643
96910	-0,0091469452121163211	96910	0,0093028339589252031
96920	-0,000583845214332564	96920	4,9098014144200435E-05
96930	0,018644125397194553	96930	0,010823526886635992
96940	-0,012358140226761747	96940	-0,0026434322292281658
96950	-0,0026490442604877569	96950	-0,0022046294996872036
96960	-0,0042014779570383543	96960	-0,0055672039293116074
96970	-0,0031849973082727018	96970	0,010579254356010617
96980	-0,0045434483950199805	96980	0,014753427691111548
96990	-0,0059898073576394786	96990	0,0066751717980544634
97000	-0,0032725372396717593	97000	0,0034558915449992649
97010	0,013774089206344396	97010	-0,0082799429742168081
97020	0,0038296729425435303	97020	-0,00068491624668323649
97030	0,0064413056712517795	97030	-0,0092873310791286041
97040	0,0011664088526074164	97040	0,0081832187750902965
97050	-0,0090093118153075462	97050	0,0039849256667291357
97060	-0,0078703470050224648	97060	0,017568979315705009
97070	0,017458570285404287	97070	-0,019744392137247768
97080	-0,00025025515426312518	97080	0,0025140305345521426
97090	-0,0075333305690189877	97090	-0,0075219464560167346
97100	0,015621497486378776	97100	-0,014534927807554223
97110	-0,0028352184142726175	97110	-0,0033564026128561218
97120	0,0042191690451244225	97120	0,0023063540814650856
97130	-0,0028613130537830512	97130	0,015631074526301334
97140	-0,011817988044017866	97140	0,0028914877791921911
97150	0,0017025918978289501	97150	0,0067339748914035259
97160	0,0037960666451781013	97160	0,010024495145765613
97170	0,0018113040484517124	97170	-0,0013918457319245505
97180	0,00066783128168668615	97180	-0,018758221449837211
97190	0,0037173573272006226	97190	-0,0054766388554100915
97200	0,0096404804641045273	97200	-0,0074245353313682075
97210	-0,012375888403638607	97210	-0,0037340004048739724
97220	-0,00081489117077443419	97220	0,0038141272302899109
97230	0,00086498690522094366	97230	0,012595510993567483
97240	0,0051460586010710447	97240	0,0016758754800163644
97250	0,011614806164418819	97250	0,0088920053356638974
97260	-0,00078179300087959959	97260	0,0087114227454629673
97270	-0,0067226614437351567	97270	-0,0051541021152094572
97280	0,0089769115369839839	97280	0,00014815632055970298
97290	0,002243950896748241	97290	-0,00089586390821536641
97300	0,015554093264006736	97300	-0,002937932133776207
97310	-0,0094859476718544746	97310	0,012638946542931434
97320	0,0042770674282302064	97320	-0,0021473580705106223
97330	0,0056354808391903908	97330	-0,0022451152358545618
97340	-0,0070762698785493414	97340	0,00320346326006486
97350	-0,0086960264482496431	97350	-0,003847665361310561
97360	-0,0039373009553951574	97360	-0,0032603099738194611
97370	0,01305689979470602	97370	-0,0046536169802094312
97380	0,0034562822983395768	97380	-0,0047347698577596149
97390	0,0057702843399262387	97390	-0,014365311070243138
97400	-0,0051408495686494707	97400	-0,00327614260177023
97410	-0,0062152492082140917	97410	-0,0045168973852176145
97420	-0,0014037878556263307	97420	-0,0033434515126191584
97430	-0,013299194476550017	97430	0,002146487467660255
97440	-0,018187016834297735	97440	0,0026899299366456432
97450	-0,01111244818009776	97450	0,0078483838429052565
97460	-0,012477361398447781	97460	0,00859299332483021
97470	0,0013178842275493993	97470	-0,0028573261796917666
97480	-0,0032799322686598792	97480	0,015574226402614808
97490	0,011054295546720282	97490	-0,0058010659388415308
97500	-0,0019482975505133564	97500	-0,0036816093538416285
97510	-0,0020849332008463458	97510	-0,0033834020587783006
97520	-0,0036587759218513838	97520	-0,0043722564540174978
97530	-0,0083115598681494946	97530	-0,003040383515061655
97540	-0,018284872407747736	97540	-0,0015086116913831343
97550	0,0067315737743548973	97550	-0,0024881752897137365
97560	-0,0013059925046847577	97560	0,0071805128492077683
97570	0,010034236784053836	97570	-0,0075463720171016907
97580	0,0063974488790413519	97580	0,011032629462953979
97590	-0,0035695909661026342	97590	-0,00043575789189858824
97600	0,00067821887482937709	97600	-0,00816084143361781
97610	0,0023419490445963859	97610	-0,0066772061002258586
97620	0,0027862600645309071	97620	-0,001972289947162132
97630	0,015412273770569635	97630	0,002399948988261907
97640	-0,013725598874411779	97640	0,015066588971773761
97650	0,0017343153462965018	97650	0,0010531868883979626
97660	-0,0017168824868754615	97660	-0,007556850845017957
97670	0,0019364862269338073	97670	0,013798570350421213
97680	0,0058145607698148524	97680	0,0062750649375117422
97690	-0,022119097252258291	97690	0,0003553131731228128
97700	0,010934952149164488	97700	-0,0053858655881445418
97710	-0,012681250366682941	97710	3,6235141971542894E-05
97720	0,00951217963320096	97720	0,00080214408537544041
97730	0,00375898430223876	97730	0,0041026752657370843
97740	0,00081794324224927968	97740	0,00504152944593024
97750	-0,01177183245368027	97750	-0,0016588501944279422
97760	-0,0019617241712397821	97760	0,0031298385783661807
97770	-0,0047727935664588781	97770	-0,0036139444480956825
97780	0,0040877053646332538	97780	-0,0031960693224617463
97790	0,0059467436453747953	97790	-0,0064835492547216282
97800	0,0068623000169082968	97800	0,010719804049097916
97810	-0,0061117835482185972	97810	-0,0012768162976654158
97820	-0,0056963694812940009	97820	-8,35773653506992E-05
97830	0,0027742131904902067	97830	-0,0034853152040576364
97840	-0,011942242874945885	97840	-0,0013635191031001067
97850	0,016733568219790815	97850	0,0020636541466428843
97860	-0,0072028348145631513	97860	-0,0036952402898470823
97870	0,001932997432580864	97870	-0,0093158133489971168
97880	-0,0032234420787491144	97880	-0,0057073491428451337
97890	0,006378087168849654	97890	1,1607697935408559E-05
97900	-0,0053852105877863644	97900	-0,012919832028188878
97910	-0,018614825433760925	97910	0,00041598314513135147
97920	-0,0041413582627598464	97920	0,0076725903126204885
97930	-0,00834390049211152	97930	0,0099387443248513951
97940	0,0008482926574399438	97940	-0,0017247810716007239
97950	7,7685435434826812E-05	97950	-0,0058073760602443819
97960	-0,0012210873802025153	97960	-0,0016492663469941527
97970	-0,00022796489202757373	97970	0,0066188745827823279
97980	6,847137296244916E-06	97980	0,0004713179597135247
97990	-0,00088720622151754159	97990	0,00011225444969089296
98000	0,0035637573078110235	98000	0,000789872412406292
98010	0,0001174436127866994	98010	0,0039235776642434382
98020	0,0042423267751729313	98020	-0,0069714107212565848
98030	0,0018664727999042551	98030	-0,00070309219239450755
98040	0,0058288221392691925	98040	0,0017475543908685154
98050	0,00063553439481684858	98050	0,0053678141832770128
98060	0,0059565449268908759	98060	0,0071051767872666359
98070	-0,01065059745107614	98070	0,0023802564937331467
98080	-0,015764228840277797	98080	0,0082214094981541159
98090	-0,00057490586581677365	98090	-0,0041567370577724758
98100	0,0075975020339768308	98100	-0,0093214931565911811
98110	-0,00031869799520376055	98110	0,0061528172403491656
98120	0,005886674521225912	98120	0,0049997035343600314
98130	0,012284017067234873	98130	0,00036081926440634032
98140	-0,0005452404655412014	98140	-0,00090736731908841592
98150	0,0089011488130475366	98150	-0,01266246071363028
98160	0,0026973694028326724	98160	-0,014714194880250553
98170	0,0051302486581044906	98170	0,018459269681513988
98180	-0,0041839859735568119	98180	-0,0043228667094302184
98190	-0,009321086711430164	98190	-0,0080503242096479789
98200	-0,015490600172707609	98200	0,0073318384318372624
98210	-0,0087211184863225048	98210	0,0027625701910085078
98220	-0,0005969845519585642	98220	-0,013775648916870647
98230	-0,0026198910866892726	98230	-0,0073338706599744294
98240	0,015873183487543751	98240	-0,0019513329280097672
98250	0,0050563097680421934	98250	-0,0077738492700326492
98260	-0,0012357445199595828	98260	-0,0017891625948961124
98270	0,0026418132341213007	98270	-0,012298992769522885
98280	-0,00210560125311832	98280	0,0091281153727172173
98290	-0,0061282704617740468	98290	0,0049086448078128663
98300	-0,011095883487289023	98300	0,0029887149276399535
98310	-0,017850042918612256	98310	0,016308515416987458
98320	0,0032175077755942183	98320	-0,012113085950700589
98330	-0,0050035838967627446	98330	0,0070677039064990094
98340	0,014113017415360453	98340	0,0031183941848175398
98350	0,010926132522513066	98350	-0,01029098254628979
98360	-0,0082690256685050267	98360	-0,005286561566882131
98370	0,01565499581261769	98370	0,0074119234669031038
98380	0,013133519952695695	98380	-0,0040950016811415295
98390	0,0053577051745213374	98390	-0,0086173599306729916
98400	0,0010819444150219598	98400	-0,00074808445492460665
98410	-0,0075366186215355367	98410	0,0016783296263325755
98420	0,0085620969183390055	98420	0,00061271525137001758
98430	0,0005567708043798063	98430	0,0042101796504792274
98440	-0,0043707994231060587	98440	0,0024847852608091432
98450	0,00020606138673131245	98450	-0,0019943496674654205
98460	-0,011639859941116087	98460	0,0054524957915449831
98470	-0,0021427856870326729	98470	-0,010023830794265295
98480	-0,014536866919411244	98480	0,012964809659668782
98490	0,013538976135948828	98490	-0,011557504588882139
98500	0,018399633720452908	98500	-0,0039919128119742233
98510	0,0036049439005831738	98510	-0,00062691565116023155
98520	0,0036621384694572839	98520	-0,0010073046577921353
98530	0,0047180349992516548	98530	0,00700405153822804
98540	-0,000560237681208495	98540	-0,00047085887073694419
98550	-0,004803727233766323	98550	6,5199749125161518E-05
98560	-0,0027624119933015489	98560	0,0056996172030665589
98570	0,010142246630883384	98570	8,2154148378837388E-05
98580	-0,00047058557179084957	98580	0,00034823715299504691
98590	0,0091976464471664639	98590	-0,019455558229723811
98600	-0,0016526556084487953	98600	-0,0063318935027376691
98610	-0,019393528092980079	98610	-0,0072340530923503676
98620	0,012554356697718332	98620	0,0032909967721950931
98630	0,001631561930650117	98630	0,010549471323775738
98640	-0,0035263032388041815	98640	-0,012192547030856704
98650	0,0012962709580854918	98650	-0,0026411591361271657
98660	0,0011572633350777327	98660	0,0010296689680420572
98670	0,0027042529362476309	98670	-0,0024959466504778879
98680	-0,010548416600733954	98680	0,0048471415060549142
98690	-0,00283849363168747	98690	0,0015308660893690658
98700	0,0051705241847298834	98700	-0,0056054215571463353
98710	-0,0020513235961477534	98710	-0,0015571499850961415
98720	-0,0027304340447736595	98720	-0,013380507113501472
98730	-0,00075073230224555643	98730	-0,0042516653568468021
98740	0,013723287336752278	98740	0,006636141996474468
98750	0,0028972649587741882	98750	-0,0072242551269039975
98760	-0,015088624598720788	98760	-0,0054398242726666664
98770	0,01293200209974443	98770	0,006818585679655596
98780	0,011794848108416335	98780	0,0017784662234163764
98790	0,0060298636200824627	98790	-0,007876358490823859
98800	-0,0062866209531240932	98800	0,00076973288158664317
98810	0,0069096769156683658	98810	0,0071291392802826908
98820	-0,009384109053868786	98820	-0,00891219752191069
98830	0,0030832388967067339	98830	-0,0016266210349083622
98840	-0,013824247471361842	98840	-0,0035602125741202393
98850	-0,00088073945550710465	98850	0,0086137594790167311
98860	0,0076426432359254564	98860	0,0068357116298016531
98870	0,00082481117645387772	98870	-0,018220767125246971
98880	0,00785983347273397	98880	0,0070604153323913649
98890	-0,0034121751301517764	98890	0,0030173628218526163
98900	-0,0099834319718271336	98900	-0,0063313349225806734
98910	-0,0065339472594948007	98910	-0,0021873250856295533
98920	-0,0087384661739742953	98920	-0,012019556140162455
98930	0,0079513352997451	98930	0,011640515515115189
98940	-0,003819140300172141	98940	-0,001236149449727467
98950	-0,0047184943316740868	98950	-0,00024110998611127118
98960	-0,00382339687123323	98960	-5,6379980449581213E-05
98970	0,007572469838997585	98970	0,00061341904296994176
98980	0,015497371894986152	98980	-0,0042184932879399378
98990	0,0058870815685836495	98990	-0,0021696299917316857
99000	-0,0066121439119515759	99000	-0,0011475182431220912
99010	0,01375754555598421	99010	-0,00013514277341369974
99020	-0,0014682862884309513	99020	-0,016195121578471548
99030	-0,00077986118619245031	99030	-0,0051358092917940888
99040	-0,013039365082670399	99040	-0,0003128973228306489
99050	-0,016251070019874161	99050	0,0077184339509269659
99060	-0,0010784746559472671	99060	0,0027906970705022616
99070	0,018026441107684029	99070	0,0062851267411662493
99080	0,00396814620607273	99080	0,009039551248351976
99090	0,016039333318968649	99090	0,0010960035958612149
99100	0,0063297419081430068	99100	-0,016618863146911959
99110	-0,0052435178694574189	99110	0,0065896603336394076
99120	0,0091018398913572472	99120	-0,013907215070252096
99130	0,012441089914291721	99130	-0,0044227413035245848
99140	0,0024556317362685876	99140	-0,007300532031636075
99150	-0,0061777735870606285	99150	-0,00010417312578972829
99160	-0,01213027700171954	99160	-0,0027480169924278585
99170	-0,0008768248722471378	99170	0,014756067913991415
99180	-0,0010483096346958088	99180	0,0087197678236338935
99190	0,012009010002954852	99190	-0,0012265210116841731
99200	0,0062532123144294514	99200	0,0022308051041199169
99210	-0,012776796367495551	99210	-0,00572890986588248
99220	-0,0018765516555618751	99220	-0,016670449563210916
99230	0,0033195631263265623	99230	0,00099926941336888871
99240	-0,0071948613575174691	99240	0,0027209919655241726
99250	0,00875882184744178	99250	0,012117518753854969
99260	0,00098515223655544189	99260	0,010230268984801045
99270	0,004089968559257166	99270	0,001623521165877798
99280	0,01196045616336552	99280	-0,011090633459382921
99290	-0,0049652804700954329	99290	0,0025770838077641967
99300	-0,0022063898531193803	99300	0,0057889723113162912
99310	0,0010142567239513583	99310	0,0056187551417104589
99320	-0,00036923608724056097	99320	0,00793679326138424
99330	-0,0078548089762267344	99330	0,0031423604779065735
99340	-0,010726775888284894	99340	-0,0011429096132925544
99350	0,0060846342224484071	99350	-0,0065290198952664465
99360	-0,01421372281504411	99360	0,0036717870511728872
99370	0,0097366641032348884	99370	0,0077477371087245235
99380	0,0067434684017279867	99380	0,00075408552078193
99390	-0,0092149077193417247	99390	0,0011778683814567777
99400	0,0043755076837753122	99400	0,0022443415591890566
99410	-0,0092830570304058817	99410	0,00060132394696385321
99420	0,0086763362255921246	99420	0,0041525393173351723
99430	-0,0037505016605054679	99430	-0,0013093163246034108
99440	-0,012767292438590826	99440	-0,015738574442531961
99450	0,015703888285507263	99450	-0,0015376272689464846
99460	0,0013818865758554791	99460	0,0058766238815464193
99470	-0,0022357891875398957	99470	0,0054440579422357456
99480	0,014113831553176281	99480	0,0089554633165292111
99490	-0,0039215750129336742	99490	-0,0016167635880906094
99500	-0,019157388441182248	99500	-0,012902066286607323
99510	0,0057560898790143143	99510	0,009635246507850961
99520	-0,0068178679853693218	99520	0,0010829763308238621
99530	-0,0037694637323448677	99530	0,001536942880816326
99540	-0,0052180279222750663	99540	-0,0016807556267662582
99550	0,0066520743135160586	99550	0,0064937706462670159
99560	-0,0088553872263252443	99560	0,002227951528482239
99570	-0,0078873189066454383	99570	-0,0062083859346329078
99580	0,018596346183776973	99580	0,0064126488826333145
99590	-0,0085926492143399112	99590	0,00033222660654158478
99600	0,0097921321204629732	99600	-0,00944194278528336
99610	-0,00035639681928244054	99610	0,0051078274877655871
99620	-0,001358248633375254	99620	0,0089764701268772416
99630	0,0070312979076266064	99630	0,0050300221697191635
99640	0,011480140540561639	99640	-0,0055573205780058465
99650	-0,0053708686027668694	99650	0,0035386878092447571
99660	-0,002374142130053125	99660	-0,00539332973128511
99670	-0,01258320507403469	99670	0,00028777468039778713
99680	-0,004590436904822158	99680	-0,0028524436158993182
99690	-0,0065391931931128751	99690	0,001246529714393276
99700	-0,003260483420315448	99700	0,00188575766755248
99710	-0,012068440496341671	99710	0,00059428027597582724
99720	0,0062434160951730143	99720	-0,0039647183840063518
99730	0,0030586211724685569	99730	0,007986706863970865
99740	0,0091755177194151015	99740	-0,011828061656395767
99750	0,009790208994556869	99750	0,0032332314011630716
99760	0,0068545233873295412	99760	-0,0025295530678683272
99770	0,014375514332437916	99770	-0,0041869498160992122
99780	0,00062221090652248327	99780	-0,010647842883929469
99790	0,0072219548249460577	99790	-0,0019622148131564826
99800	-0,0073472123759264884	99800	0,0030510670377690403
99810	-0,00086383713432985692	99810	-0,025540388092732787
99820	0,012869196263474967	99820	-0,005359773145576628
99830	-0,005632590112115316	99830	0,0024266294066837223
99840	-0,0017482321927296241	99840	-0,003294898088688979
99850	0,00989372482047118	99850	-0,00834349641420092
99860	0,0079835009671964455	99860	0,00063746670442613152
99870	0,015555877958201172	99870	-0,011058734424658939
99880	0,00827963157406276	99880	-0,012505792034377426
99890	0,00893253924544255	99890	0,0055299428802826735
99900	0,010626014434300186	99900	-0,01466349863939626
99910	0,003912506605017645	99910	-0,00018969588010006336
99920	0,011270956382012996	99920	-0,0063912125484548834
99930	0,0042263861059508717	99930	-0,0039719844899840685
99940	0,0073052430589758861	99940	-0,0067599893553139112
99950	0,0041910420784721965	99950	-0,014690185383142323
99960	0,000612870562656899	99960	-0,0036976425751718729
99970	0,0068764958303406121	99970	-0,0041598990672060956
99980	0,0087831247471333584	99980	0,0056943223500849523
99990	-0,003570757764911496	99990	-0,0058094174794824788
100000	-0,00089327628752193435	100000	-0,017922767408273869
100010	0,001172031329969385	100010	0,0030964651160250338
100020	0,019643193302019669	100020	0,0057722063768018148
100030	0,009063562195573761	100030	-0,0016140716187675764
100040	0,012362887176021506	100040	-0,0007032794279411103
100050	0,01912151143407061	100050	-0,0066332008683161782
100060	0,00969599573572144	100060	-0,0038231577687808118
100070	-7,9270183150746635E-05	100070	-0,0052336080835390835
100080	-0,0053379066613527693	100080	-0,0049512786551359047
100090	0,0085278389691557238	100090	0,00088448341844113009
100100	0,0015099403662945758	100100	-0,010059650067228948
100110	-0,0050356659477265673	100110	-0,0012963509735744209
100120	0,0052237404170087844	100120	-0,0071293416281999729
100130	0,0031412607665369133	100130	-0,020460973904606959
100140	0,0086970780381200787	100140	-0,0043904007208959523
100150	0,0059102267080325312	100150	-0,0086581750021030041
100160	-0,0069308575407740214	100160	-0,013201622628764113
100170	0,0089830020191259338	100170	-0,014079892304834077
100180	0,0071306645397340856	100180	-0,0095604587444242436
100190	0,0052195891238643747	100190	-0,0361605486427203
100200	0,0065258220653417109	100200	-0,066396948710411408
100210	-0,0015150062576579182	100210	-0,062116037703180575
100220	0,011663934967207048	100220	-0,070286900987239442
100230	0,0036001238425144542	100230	-0,077220865527266327
100240	0,00580502982880188	100240	-0,070363682173162828
100250	0,015495026564641141	100250	-0,068961398125773454
100260	0,00791449070569817	100260	-0,059337661907110296
100270	0,00951665600917866	100270	-0,0712208899492438
100280	0,014745519730756855	100280	-0,066396456735301632
100290	0,011480771338370137	100290	-0,06418470016692765
100300	0,0076536556825081634	100300	-0,0711774804739247
100310	0,019379309980295214	100310	-0,070726276501098168
100320	0,020913613511879061	100320	-0,06813396204543451
100330	0,017157333079764556	100330	-0,062291313404642064
100340	0,012407330051331059	100340	-0,072200456612403027
100350	0,0082479968579132774	100350	-0,10593376197818129
100360	0,0010772520676817369	100360	-0,092640616777321411
100370	0,014155162683455808	100370	-0,080151480975794248
100380	0,01041503248382326	100380	-0,08739007864990421
100390	0,010817831580895972	100390	-0,080102176598856725
100400	0,00838819956887475	100400	-0,07451777706564118
100410	0,014387985729870904	100410	-0,084269359518603926
100420	0,0068654448195091256	100420	-0,068641587277767563
100430	0,007052104434185134	100430	-0,081844166975110239
100440	0,014978313477171587	100440	-0,0797956141283837
100450	0,0057150600834346629	100450	-0,086174069958332586
100460	0,020218800854448261	100460	-0,075422728702041072
100470	0,014634395471374335	100470	-0,080249069930985475
100480	0,0026968891204860561	100480	-0,071863705186333421
100490	0,00881293444756232	100490	-0,071836054756411957
100500	0,012132826841133823	100500	-0,080931410118602318
100510	0,010741313202582318	100510	-0,0812920108762533
100520	0,010335068364831621	100520	-0,077204166069658367
100530	0,019595446372926147	100530	-0,075447926122248238
100540	0,012986860122444082	100540	-0,077416490475604768
100550	0,01874577113408999	100550	-0,086106473844570763
100560	0,023450959352657529	100560	-0,0742591869454103
100570	0,020254365340373368	100570	-0,077460378731262242
100580	0,014084244949290729	100580	-0,08115579603369194
100590	0,0088178409108781875	100590	-0,082245317744276125
100600	0,0087979806138956656	100600	-0,07353441907136872
100610	0,0069136804808077193	100610	-0,076358764167112542
100620	0,0084716281697055553	100620	-0,074166559042303709
100630	0,010062327850876083	100630	-0,079977528825517244
100640	0,00577438394954629	100640	-0,080012083960530431
100650	0,017831281121375088	100650	-0,080260044919089862
100660	-0,00065632318021162654	100660	-0,07206373102625728
100670	0,012396159174168262	100670	-0,077640542995026152
100680	0,017612154449601087	100680	-0,0713460571065382
100690	0,00986040342538144	100690	-0,079716198052712781
100700	0,010298593111048452	100700	-0,089607220654856615
100710	-0,0011917740362263191	100710	-0,085249516515827475
100720	0,021676906229047919	100720	-0,0774346332948197
100730	0,011230901308384602	100730	-0,0669989416940819
100740	0,014039771229908736	100740	-0,080738962833263567
100750	0,016852192153959979	100750	-0,074557334645702134
100760	0,0043983317029827936	100760	-0,074358295451379522
100770	0,013399804061373493	100770	-0,083319358259544826
100780	0,01529502837869547	100780	-0,074731592380850115
100790	0,016384081075238068	100790	-0,084247599402152026
100800	0,013372297354606329	100800	-0,088496734065888247
100810	0,0084738092650697185	100810	-0,080439858585025351
100820	0,017123697043573256	100820	-0,071895640066109809
100830	0,0074380565056550232	100830	-0,070880934690850564
100840	-0,0051950151394856659	100840	-0,081640952143597262
100850	0,022812854477779823	100850	-0,082519643154422062
100860	0,0093366677197017339	100860	-0,075998020941050862
100870	0,011485228335470336	100870	-0,079946891414997875
100880	0,0015487244240282797	100880	-0,08651601340249461
100890	0,018424530819703855	100890	-0,070111303708067521
100900	0,0059941486867490035	100900	-0,078062189326544532
100910	0,022105892828891551	100910	-0,069972778915873932
100920	0,0064763466177951215	100920	-0,089956465712987044
100930	0,013792832633438343	100930	-0,078009771419375276
100940	0,014299942119839627	100940	-0,088194294431692938
100950	0,00974869738634002	100950	-0,074342281485732159
100960	0,021311649676771349	100960	-0,081153511814991683
100970	0,0045399709899660258	100970	-0,081894279273827628
100980	0,0076051845240489233	100980	-0,077725730838100554
100990	0,01330499918389454	100990	-0,073511853995817791
101000	0,014704664311767379	101000	-0,087030523140091784
101010	0,013340105680958574	101010	-0,076918837506285614
101020	0,013158769785204385	101020	-0,0769183648123319
101030	0,01398522235055045	101030	-0,083538694732588042
101040	0,0048928406421917467	101040	-0,078932645618623953
101050	0,0059947858527226684	101050	-0,079037227340549035
101060	0,011805889473051378	101060	-0,072460349099149959
101070	0,01115571226309234	101070	-0,0751783104332639
101080	0,0193318027658633	101080	-0,077045656394316653
101090	0,015628669535135326	101090	-0,073491245334712824
101100	0,0215641477862835	101100	-0,084538336251879287
101110	0,02820185526328791	101110	-0,078641107470397015
101120	0,0045607631188163333	101120	-0,083090060820843081
101130	0,023488465567365519	101130	-0,079476594106878573
101140	0,018535199235988148	101140	-0,071196848118041972
101150	0,0061767520891337037	101150	-0,073320332440364372
101160	0,021754316189369238	101160	-0,083529148114886292
101170	0,012028687275800547	101170	-0,0781838660064655
101180	0,015011908227295529	101180	-0,0736628772609586
101190	0,014155286490676022	101190	-0,081132633364174783
101200	0,0073512749966408346	101200	-0,073973005437969711
101210	0,0064806287048277634	101210	-0,076072659795639652
101220	0,0051597220195966726	101220	-0,073358557140437014
101230	0,019984959022041119	101230	-0,080860098958002183
101240	0,010473021521038078	101240	-0,072859148489451159
101250	0,015908579407461088	101250	-0,077886541644770643
101260	0,0014600676517536318	101260	-0,076415365698153853
101270	0,014344425376090764	101270	-0,0754775049194918
101280	0,014501908016895599	101280	-0,080226709238766167
101290	-0,0033360825378754072	101290	-0,0671532125885218
101300	0,020915344264226008	101300	-0,078575541790511461
101310	0,0093656586947855	101310	-0,082776128287380887
101320	0,0084896326555258233	101320	-0,084865859958564063
101330	0,0090309891099723642	101330	-0,080167035828613578
101340	0,015860668552665918	101340	-0,067667671001169757
101350	0,012429222948566302	101350	-0,079477510596477674
101360	0,00076086720110716947	101360	-0,086506026013715737
101370	0,014548200221273231	101370	-0,0697325482969932
101380	0,0192972893474419	101380	-0,077490025695686943
101390	0,014917030437658806	101390	-0,071637925172829853
101400	0,013869850018220088	101400	-0,07870606905463598
101410	0,0052266743239655754	101410	-0,078755366650266737
101420	0,0082321522829622278	101420	-0,0878330049280155
101430	0,015135356410088589	101430	-0,072124353463104141
101440	0,011891712252202745	101440	-0,073173950090377568
101450	0,0013017564383279142	101450	-0,084922091705456532
101460	0,018196387513702818	101460	-0,081556220419956582
101470	0,0023639384354885991	101470	-0,0700259812505481
101480	0,00086399914217018313	101480	-0,077205508121820379
101490	0,013574437025026333	101490	-0,082649449866594227
101500	0,0069766854431311167	101500	-0,080802446860632385
101510	0,020120339767574724	101510	-0,087779915011904755
101520	0,011074097663570965	101520	-0,074452272606329639
101530	0,01873122301721562	101530	-0,089005480595854974
101540	-0,0014700050149160332	101540	-0,075256317295495465
101550	0,020581959486519075	101550	-0,085995539143209523
101560	0,0027316548311894498	101560	-0,073251207907052529
101570	0,0055182908296878145	101570	-0,07741281088145914
101580	0,02337278951767369	101580	-0,0765076641275761
101590	0,0095347095074468473	101590	-0,072814289401653617
101600	0,0076033574825395819	101600	-0,077821305150148429
101610	0,0089859556384534051	101610	-0,076571563995377831
101620	0,012301924585212155	101620	-0,079377263382413757
101630	0,022983633403810679	101630	-0,082522191407479656
101640	0,00078996689753420431	101640	-0,074728272286630509
101650	0,0070571311389205282	101650	-0,079650693189343813
101660	0,01183731678766391	101660	-0,077160138774342274
101670	0,022624978160399916	101670	-0,070885112361558381
101680	0,017004391104724372	101680	-0,089190196718992268
101690	0,013490828867891443	101690	-0,0750880259765433
101700	0,01001459933760244	101700	-0,073405962982489276
101710	0,013771174460230472	101710	-0,089067842856486848
101720	0,014346137674901819	101720	-0,0813318832618972
101730	0,005112035490012855	101730	-0,090559026560783892
101740	0,01345623891884741	101740	-0,071397015973433731
101750	-0,0013971765442272663	101750	-0,0838657877182832
101760	0,0081212396526351115	101760	-0,0758632610458935
101770	0,0041755063789465415	101770	-0,089837363844858992
101780	0,018314752961202913	101780	-0,07042462440354208
101790	0,022303656026748695	101790	-0,088467141050756842
101800	0,020913435059898709	101800	-0,083766803510282969
101810	0,00020543216355146	101810	-0,084587845214688234
101820	0,0091686150756751083	101820	-0,085687825022519079
101830	0,01522631229864168	101830	-0,083221307385448182
101840	0,0063464145219262642	101840	-0,076881524882679145
101850	0,024696557247091439	101850	-0,086322421321114978
101860	0,002295930884292076	101860	-0,07914669340560021
101870	0,0186926133496641	101870	-0,087159968792034054
101880	0,019204695913733836	101880	-0,084914124197730867
101890	0,011032865691175023	101890	-0,064393888998174248
101900	0,013285376570094007	101900	-0,085603923678358632
101910	0,0058144918517418487	101910	-0,0810899694585182
101920	0,0067235113824002145	101920	-0,085091192523417444
101930	0,016379745251480116	101930	-0,07782482831766846
101940	0,015001943213605512	101940	-0,075577221283610413
101950	0,008446012303311148	101950	-0,088406489886770079
101960	0,0124495632121478	101960	-0,080617695014553278
101970	0,017458445961997131	101970	-0,072929139967049653
101980	0,01816295040499314	101980	-0,075313872816968955
101990	0,011661776781759959	101990	-0,074320524906849816
102000	0,0063866827222658715	102000	-0,066707724657038517
102010	0,025926487972270203	102010	-0,081666702557534776
102020	0,025353200616091708	102020	-0,081691396361428151
102030	0,018327520076584176	102030	-0,073382327774646164
102040	0,0045346974494903641	102040	-0,0827720656489441
102050	0,024253037519982538	102050	-0,080186576324759964
102060	0,0065500835370110441	102060	-0,07098061168351362
102070	0,0043786283390505765	102070	-0,083589254674428029
102080	0,012224964177094639	102080	-0,090292915839039034
102090	0,011930207380464061	102090	-0,076643873805135709
102100	0,0037885750226334361	102100	-0,074914840404975466
102110	0,014457276047934977	102110	-0,084802406531696323
102120	0,0076568559496409732	102120	-0,0721328614535583
102130	0,022556235624225825	102130	-0,090080054868167461
102140	0,019425895799846604	102140	-0,071505555502827473
102150	0,0076526168239868459	102150	-0,071506445955729692
102160	0,00794682809833031	102160	-0,08303834248336292
102170	0,0072537439714095422	102170	-0,081095305300810619
102180	0,013611618339324736	102180	-0,080117430228340253
102190	0,010857957568869443	102190	-0,074644539053349571
102200	0,0038779374200654392	102200	-0,079119670561287242
102210	0,0053413367615840982	102210	-0,088204971891527928
102220	0,018754398866640196	102220	-0,079851598714504785
102230	0,010828433181041649	102230	-0,08098167981396423
102240	0,0082814325116822712	102240	-0,075997146406185087
102250	0,0058948417225678186	102250	-0,069070452725460821
102260	0,0099086994107914026	102260	-0,07316312382359666
102270	0,015754635000335495	102270	-0,078244388575945151
102280	0,0019688079828464392	102280	-0,0762595031032242
102290	0,010102423789736133	102290	-0,089396933128803216
102300	0,002234181648312131	102300	-0,082121893636203744
102310	0,024513691070056021	102310	-0,072242315612736127
102320	0,017352295265478723	102320	-0,085328750830806072
102330	0,012875034082783168	102330	-0,07706218194385904
102340	0,016661818454178287	102340	-0,07884906477733232
102350	0,004999215713541145	102350	-0,087502329790860672
102360	0,0037177610139379662	102360	-0,090736007192417659
102370	0,0069058606843714135	102370	-0,079592298981195
102380	0,010534332058117541	102380	-0,072663905607800963
102390	0,0089132651225501871	102390	-0,076603229241663948
102400	0,0096315786175873962	102400	-0,0805805731182289
102410	0,0017345168406619489	102410	-0,077225203555501429
102420	0,013855602973657757	102420	-0,078003489308652654
102430	0,015741602267256169	102430	-0,070369458841100629
102440	0,0049280142032774076	102440	-0,076734224258355258
102450	0,0070412872048348065	102450	-0,088025991255696087
102460	0,0091422221997070237	102460	-0,083478249508544947
102470	0,016863456601433818	102470	-0,087881909837795869
102480	0,0097493922946631645	102480	-0,076368271155701883
102490	0,00823136469075545	102490	-0,078883122106677445
102500	0,0096714895201368018	102500	-0,065321848402173616
102510	0,013834607701498169	102510	-0,077553353352748031
102520	0,014263326497653413	102520	-0,076324868216584824
102530	0,0017239496511800847	102530	-0,076368175962444759
102540	0,0058358949969999968	102540	-0,080430221145200279
102550	0,016730449391006035	102550	-0,077111362930852287
102560	0,015733969685967911	102560	-0,089711640479795268
102570	-0,0032763785883690795	102570	-0,080533070694935163
102580	0,018804581568147592	102580	-0,068551631442138689
102590	0,0195188315572825	102590	-0,079912558033508746
102600	0,018328317963530176	102600	-0,075198727638324109
102610	0,014251935312684661	102610	-0,080066027633858852
102620	0,0042321413722148146	102620	-0,077627610945769338
102630	0,01360259717135579	102630	-0,08687289138599473
102640	0,011170753692961041	102640	-0,0773359888863642
102650	-0,0024352916194859981	102650	-0,078591505547504936
102660	0,00638858717290799	102660	-0,0732125484584169
102670	0,01692751445805326	102670	-0,082693017923321954
102680	0,018395395555704668	102680	-0,084162810568539775
102690	0,0053500030049862249	102690	-0,085787809481351188
102700	0,0062353627457687206	102700	-0,082054994594485092
102710	0,012275308795014145	102710	-0,08375721107789022
102720	0,01963361287688925	102720	-0,071785416331157509
102730	0,014324217051487957	102730	-0,081083665701004226
102740	0,011323755720498246	102740	-0,083292908032211357
102750	0,013206258293531959	102750	-0,0715590959725134
102760	0,024117995444621221	102760	-0,07646861518886669
102770	0,0030827597157845354	102770	-0,083607113489835044
102780	0,014799241213354934	102780	-0,0822445921340793
102790	0,010189010177000066	102790	-0,0718990924819351
102800	0,015015969233638842	102800	-0,085761429109008774
102810	0,013053683223238657	102810	-0,0740657661298504
102820	0,0030057222936778626	102820	-0,085917125183031226
102830	0,014297799210199684	102830	-0,083818965496311751
102840	0,01011586025374011	102840	-0,079431495133635968
102850	0,0016823255182595745	102850	-0,068085314575981062
102860	0,016157096187869681	102860	-0,084388582668837919
102870	0,015106839920012839	102870	-0,076829194670496662
102880	0,0059973874327851938	102880	-0,082674477560674725
102890	0,015740758838222978	102890	-0,0729099012340503
102900	0,014066779034183852	102900	-0,083761177582575522
102910	0,0030266957475001124	102910	-0,081729035942199255
102920	0,0063163891245906689	102920	-0,0797654146253823
102930	0,011932162005412811	102930	-0,082121955483274542
102940	0,010179269587199179	102940	-0,082726908331148111
102950	0,0099588184297044868	102950	-0,080947730463968151
102960	0,017514290969930579	102960	-0,08357825525676954
102970	0,013963575599496004	102970	-0,082439902691754413
102980	0,0049458848418168248	102980	-0,077286761362707485
102990	0,0069564842244482384	102990	-0,082503662052279741
103000	0,013638129756961128	103000	-0,081370796254606
103010	0,0031893770300121483	103010	-0,081564469271606183
103020	0,012540388105181937	103020	-0,078635148288670478
103030	0,0013021721076803593	103030	-0,0852404280070048
103040	0,0081559183923608641	103040	-0,077098025763180172
103050	0,011942910658079408	103050	-0,0841525438696215
103060	0,005002412118890933	103060	-0,085452945773758823
103070	0,015289581067337641	103070	-0,08585710126359733
103080	0,015886006244807061	103080	-0,081446869216727558
103090	0,0085609402765861823	103090	-0,08255339060736519
103100	-0,0021094021909248604	103100	-0,082013237974939479
103110	0,0096141324061222652	103110	-0,08445632273767853
103120	0,0041058887825120528	103120	-0,089192433844421062
103130	0,013148932782802174	103130	-0,0788330214344154
103140	0,012365542074383605	103140	-0,079306389332298763
103150	0,015829074702993322	103150	-0,080526405362972717
103160	0,013874901806132416	103160	-0,078666182345072
103170	0,013731782785646749	103170	-0,082980417143476273
103180	0,012498439125725298	103180	-0,083451456509717872
103190	0,019842105572581648	103190	-0,079655023622192317
103200	0,014086780570921102	103200	-0,0813590252273021
103210	0,0094462927754279686	103210	-0,067072109233861282
103220	0,0044505294417977945	103220	-0,080742538929110236
103230	0,0065780824425630737	103230	-0,0805808409040538
103240	0,011311449386599467	103240	-0,077150412289071629
103250	0,00652440421961229	103250	-0,077099493661142549
103260	0,011141832812216151	103260	-0,068905969905951214
103270	0,0082842778880819114	103270	-0,0807699260746604
103280	0,019140111199993395	103280	-0,079995437778501891
103290	-8,1988298209793666E-05	103290	-0,077498741370332885
103300	0,010379312293424776	103300	-0,0714863448258265
103310	0,018649447670674248	103310	-0,08294169593185137
103320	0,0022585083228777426	103320	-0,082310052584129337
103330	0,013105167034781363	103330	-0,079697931957671983
103340	0,0089086537862074332	103340	-0,080290563227624692
103350	0,0069475132169231251	103350	-0,076427810170814084
103360	0,0075586720775879992	103360	-0,075955292117053777
103370	0,0099995527604943811	103370	-0,078960888559515052
103380	0,015118268713305984	103380	-0,075820716305308483
103390	0,0050622325120018479	103390	-0,0732326164532683
103400	0,0041052026627488528	103400	-0,074681114723667549
103410	0,0066628231643037989	103410	-0,07405218611181956
103420	0,016062615366436276	103420	-0,080470227471922909
103430	0,011626549331114606	103430	-0,082487927334419259
103440	0,018214651610919317	103440	-0,085265032605200769
103450	0,0060895518122655286	103450	-0,074383704456760083
103460	0,0061670830516654881	103460	-0,085398866844294818
103470	0,015371700051767993	103470	-0,0809019294366431
103480	0,021453720506874427	103480	-0,073367375256252421
103490	0,008980409689951039	103490	-0,072885556583999062
103500	0,013827241796490657	103500	-0,079234767470543782
103510	0,0077780071771921828	103510	-0,072639026408658353
103520	0,0043923762173855236	103520	-0,070329079134295938
103530	0,0082818073108143035	103530	-0,079394352876593438
103540	0,014246224361825462	103540	-0,086605510200664107
103550	0,0076212488961047231	103550	-0,07082285956124959
103560	0,011927003052710041	103560	-0,082494234071311
103570	0,0084355348542816747	103570	-0,082283004465276255
103580	0,0086180997346623368	103580	-0,088201641534832356
103590	0,01133317649132805	103590	-0,076132754508901113
103600	0,014395634073995418	103600	-0,075835775274707709
103610	0,011666921034321485	103610	-0,0813765487774092
103620	0,017375747317334864	103620	-0,072452621733650011
103630	0,011382720318187581	103630	-0,082943280076594864
103640	0,011456026439395764	103640	-0,082583184068800733
103650	0,0062439631937507394	103650	-0,072633452114996833
103660	0,0044153028163520158	103660	-0,081361388310890931
103670	0,016133487201596821	103670	-0,087215785065510559
103680	0,01599730208990242	103680	-0,079068489692815408
103690	0,0184233809170185	103690	-0,077781317889000751
103700	0,0074298527576526115	103700	-0,080369644910423269
103710	0,009285156827397242	103710	-0,078924624266332635
103720	0,017857879245827733	103720	-0,078001431922789827
103730	-0,0036794149494133025	103730	-0,08001510271751984
103740	0,024194924856201786	103740	-0,087727178982434
103750	0,014194972496477266	103750	-0,07897896651480403
103760	0,00975520225152005	103760	-0,084810092401154474
103770	0,018752491479407357	103770	-0,082504076314503155
103780	0,008208435984065213	103780	-0,071387660068473108
103790	0,01911889623973486	103790	-0,076633399544438138
103800	0,0071948208236857492	103800	-0,090020734244932
103810	0,0027110694182126117	103810	-0,0757209774578424
103820	0,00833395950397756	103820	-0,083256473463412375
103830	0,0078540269489215022	103830	-0,0809185318732501
103840	0,015628491404960622	103840	-0,071443353051970693
103850	0,00879887676622422	103850	-0,0761871488859375
103860	0,0070583957100056145	103860	-0,07159853147569499
103870	0,0047662386472303369	103870	-0,086830962270509834
103880	0,011029758332474196	103880	-0,078977482157324433
103890	0,015633241650594886	103890	-0,082873861308971508
103900	-0,00047981604383118157	103900	-0,080007482244555228
103910	0,010211627798202739	103910	-0,086993515787047684
103920	0,0040605319400759225	103920	-0,075932856412055758
103930	0,010626113126137348	103930	-0,0831803925930655
103940	0,012810864283011288	103940	-0,08164177225162135
103950	0,013273179365686384	103950	-0,083019644030372514
103960	0,011793009951850673	103960	-0,081759916232017518
103970	0,015610718110010604	103970	-0,076231997435162416
103980	0,013252976479120692	103980	-0,0796708511892472
103990	0,024309568216379418	103990	-0,072862851526993719
104000	0,00041034218127455809	104000	-0,074933034325716019
104010	0,01378015871702838	104010	-0,089641204978153588
104020	0,011335259093348997	104020	-0,089524867330680546
104030	0,0043982885763469053	104030	-0,076121403892564291
104040	0,010014715209145073	104040	-0,080390185660520377
104050	0,010780253992475092	104050	-0,076211640386475737
104060	0,011046798820856855	104060	-0,084212118910532013
104070	0,0079513470565941522	104070	-0,080612983110996267
104080	0,014594690501852378	104080	-0,068460367210215117
104090	0,018215536806071103	104090	-0,080163413988499868
104100	0,0032283483283772167	104100	-0,079789350478106327
104110	0,013766108903557998	104110	-0,080568236233295787
104120	0,0089588982082025974	104120	-0,08343131682707397
104130	0,013846397353508828	104130	-0,08134254742682577
104140	0,014867899376029264	104140	-0,082305042369407735
104150	0,010978637568467922	104150	-0,086729823402902584
104160	0,0062078575797996213	104160	-0,079197258600221143
104170	0,015162200062979827	104170	-0,08082959275175966
104180	0,017809364556264438	104180	-0,077729977226571184
104190	0,014252201054919976	104190	-0,072246039049993
104200	0,0059912933474371485	104200	-0,0917197814576578
104210	0,011090322295393824	104210	-0,072768138822054462
104220	0,020255044249461122	104220	-0,078960187409042787
104230	0,0054089672561506942	104230	-0,083149379596978781
104240	0,01034539111955602	104240	-0,080979696338151
104250	0,012156903383811755	104250	-0,085768063591527985
104260	0,006243656849393456	104260	-0,076539143073425478
104270	0,018593907650752119	104270	-0,08472708566191553
104280	0,0087269214104997734	104280	-0,076018096829926787
104290	0,0049871047557923124	104290	-0,078283292789888312
104300	0,0020361716637480494	104300	-0,076785513853145276
104310	0,0091779734935418487	104310	-0,0786547391662892
104320	0,017147579011850256	104320	-0,078637835008259563
104330	0,01338087359108814	104330	-0,08225209895966
104340	-0,004535552895433323	104340	-0,075804944623165962
104350	0,0068001159041873888	104350	-0,074039582059108058
104360	0,014327119349403636	104360	-0,079961758963187482
104370	0,0065576802315580286	104370	-0,076871063696472064
104380	0,0044049510007849674	104380	-0,087643421868934743
104390	0,021273808249590947	104390	-0,075252708431612428
104400	0,0059187231714449848	104400	-0,082215531407691639
104410	0,019406349539635603	104410	-0,07724376114044755
104420	0,010410570992319448	104420	-0,073976796424987515
104430	0,019670386141963089	104430	-0,0735739137052362
104440	0,0082061171874235634	104440	-0,080342655560951
104450	0,013107951345510892	104450	-0,083351709521844411
104460	0,017039302210806375	104460	-0,075864626994614645
104470	0,014276837822651834	104470	-0,0785159720286895
104480	0,02299987292206955	104480	-0,076341798571784372
104490	0,0037558567331051557	104490	-0,0852272302791459
104500	0,023648239029138138	104500	-0,091013958200340833
104510	0,011341634014057413	104510	-0,0811377792601977
104520	0,013248592094373906	104520	-0,086967379384894253
104530	0,0096013664049133755	104530	-0,0768390634626936
104540	-0,0026353889226505061	104540	-0,081058200361957877
104550	0,01537471616265117	104550	-0,087573934200637429
104560	0,0080358114010464863	104560	-0,086409867535662252
104570	0,013032105862105582	104570	-0,077428957150760855
104580	0,013490038524543944	104580	-0,079287286802639814
104590	0,012771366980264482	104590	-0,082449664629980587
104600	0,020743416528589419	104600	-0,074501666686358187
104610	0,0094957055959303018	104610	-0,07957319432857346
104620	0,0079406727840276685	104620	-0,076021034760723583
104630	0,0096996119022584541	104630	-0,0868971694037323
104640	0,018663057520546943	104640	-0,076254326300498457
104650	0,0097858841993156958	104650	-0,08464398620012728
104660	0,0053693732286853356	104660	-0,070365872650990827
104670	0,013391541201202565	104670	-0,07763478823334162
104680	0,011472160618593552	104680	-0,069341295023179345
104690	0,0072784121896517584	104690	-0,064620025912057663
104700	0,012539499407064456	104700	-0,077746863653522319
104710	0,018806524595589284	104710	-0,077647220154736518
104720	0,0095141080974440548	104720	-0,079432757280090638
104730	0,0036248505503653442	104730	-0,085239637420680178
104740	0,017201936122562596	104740	-0,07694204910543101
104750	0,022315419027059441	104750	-0,0831087556774142
104760	0,00062587133908160824	104760	-0,0770685548406573
104770	0,011213699584508479	104770	-0,072715106657357323
104780	0,017042920570621154	104780	-0,074841390026115062
104790	0,015430075096794628	104790	-0,076975787147334218
104800	0,020566323807628767	104800	-0,082547597982842225
104810	0,010103959845032852	104810	-0,073095045015584031
104820	0,016228047440647625	104820	-0,079365015417274046
104830	0,016411404254635581	104830	-0,07838090647460616
104840	0,00502739526098231	104840	-0,079944512245212165
104850	0,0077691848546852533	104850	-0,085621200390848126
104860	0,00873018695843381	104860	-0,081974546972730947
104870	0,0077775997302853232	104870	-0,077109297608008262
104880	0,01007670510082845	104880	-0,081795836855128118
104890	0,0032202316310527518	104890	-0,084531828848752918
104900	0,0060874296878179173	104900	-0,074256972900350868
104910	0,013768613429555933	104910	-0,07876469114804624
104920	0,021156659210731704	104920	-0,08419660157239614
104930	0,018405671306403523	104930	-0,070099400416370389
104940	0,015200717367770737	104940	-0,078260447398597763
104950	0,0030036085568216114	104950	-0,08332525538122193
104960	0,01096915783948337	104960	-0,073151407283254144
104970	0,019413812322413248	104970	-0,086372541301873218
104980	0,011676396703058093	104980	-0,069330532521732116
104990	0,00579088861191306	104990	-0,09560487333162572
105000	0,014593986512014464	105000	-0,082178468689691309
105010	0,016426005286069464	105010	-0,080752743287019
105020	-0,0060980171514915986	105020	-0,075645610984269474
105030	0,015987340366560854	105030	-0,084014188040756332
105040	0,0081562820439515949	105040	-0,088980973165731753
105050	0,010859279085931097	105050	-0,0735539405629679
105060	0,019448625926994333	105060	-0,079795241155526067
105070	0,0093344019654228432	105070	-0,076761615782078962
105080	0,017196278364580393	105080	-0,078407317137224958
105090	0,010299106270950625	105090	-0,0833809307610313
105100	0,011322708272466488	105100	-0,07810385993365207
105110	-0,000648388971218864	105110	-0,079004677901065939
105120	0,01102643523818991	105120	-0,079867791516661554
105130	0,00846242500195838	105130	-0,076179228168537463
105140	0,011192765353491747	105140	-0,07155999233153619
105150	0,0023526253733878607	105150	-0,085501608891559569
105160	0,003824411222905031	105160	-0,094331400158150322
105170	0,0052151089261420966	105170	-0,083947816767350011
105180	0,0083360654430616656	105180	-0,074159080780062669
105190	0,027878629152433308	105190	-0,074667739007521772
105200	0,011018927925751786	105200	-0,077889324286802272
105210	0,014750539044036941	105210	-0,073911622393919088
105220	0,0041037750108673873	105220	-0,083472399030796229
105230	0,012361258261777692	105230	-0,0726338369364163
105240	0,0035491890830993637	105240	-0,087775332912116977
105250	0,01199785741828939	105250	-0,0812109155810265
105260	0,012201143519096598	105260	-0,090613986472574182
105270	0,0042379227089233184	105270	-0,082123729886471528
105280	-9,63934432639709E-05	105280	-0,0799035155313213
105290	0,0072884154877174354	105290	-0,082521489301046413
105300	0,017569410889910778	105300	-0,085318852926048239
105310	0,016275624422037598	105310	-0,07260237093766278
105320	0,023373567981366472	105320	-0,079617138468583731
105330	0,01385696245646236	105330	-0,078775529119995788
105340	0,0033666697713264425	105340	-0,080797451959267685
105350	0,014899715582630167	105350	-0,083776054624212157
105360	0,010828986078872361	105360	-0,079582145926794731
105370	0,0073345141129809105	105370	-0,0800245171175943
105380	0,016885022525697405	105380	-0,078691786926696969
105390	0,010424698377687568	105390	-0,078935345226706533
105400	0,0044673791468165438	105400	-0,0861858713423357
105410	0,0011057663258923647	105410	-0,081768396140478719
105420	0,010012749081981543	105420	-0,075978913297515355
105430	0,022271701159626751	105430	-0,0772398832794895
105440	0,023489948277214224	105440	-0,074924791107359473
105450	0,017621799996251578	105450	-0,06370844586846959
105460	0,01448088061588104	105460	-0,081113620210728918
105470	0,0081842974376955448	105470	-0,070756187115038741
105480	0,006023157047204377	105480	-0,079498965466040572
105490	0,010380232910828156	105490	-0,086395331580238738
105500	0,01248308367713857	105500	-0,078332652871250408
105510	0,014331951160777921	105510	-0,069376018747663429
105520	0,013436985990275884	105520	-0,086452801667231655
105530	0,01485964057832981	105530	-0,083085590037623627
105540	0,014292181524258658	105540	-0,0776372271878938
105550	0,013328457394344956	105550	-0,077213401980264246
105560	0,0088532087295386044	105560	-0,0791583924153989
105570	0,0064629366377643768	105570	-0,076571104031738779
105580	0,019680103897459042	105580	-0,086626941445489408
105590	0,014580660400462384	105590	-0,074493963634133811
105600	0,011399616145476238	105600	-0,0799765573693716
105610	0,016997045689410673	105610	-0,073150751997981545
105620	0,014807053436013086	105620	-0,07951543564207729
105630	0,0074496970219925856	105630	-0,087852053761203225
105640	0,011181249432917798	105640	-0,080442194025016331
105650	0,012021853363360181	105650	-0,075903398371705691
105660	0,016104751512626365	105660	-0,06624484194359119
105670	0,016481161981832516	105670	-0,085441396265842975
105680	0,0084249831224811628	105680	-0,0777492306410964
105690	0,020495436551033492	105690	-0,078596520400525033
105700	0,012221166366237171	105700	-0,082731021633904361
105710	0,011133232934957582	105710	-0,075786720102142754
105720	0,0063320534277155234	105720	-0,0865461150831041
105730	0,016251089739147247	105730	-0,084338640323350686
105740	0,0056508289331312451	105740	-0,07372966923254641
105750	0,0098360514452529389	105750	-0,08595718758861727
105760	0,014678961914977943	105760	-0,082733345735933578
105770	0,0083609393890168235	105770	-0,07462342937113893
105780	0,0044670593974560167	105780	-0,070737514488362338
105790	0,0060669801434481609	105790	-0,075505819908156385
105800	0,013189282222895912	105800	-0,093257322599114872
105810	0,0151601606584467	105810	-0,078535463624666083
105820	0,0098193916365450044	105820	-0,071781681300896114
105830	0,018460560417010476	105830	-0,082961148352625885
105840	-0,0020344840968723	105840	-0,078435441020320837
105850	0,016160298332024571	105850	-0,084187654714172555
105860	-0,0020736556820945959	105860	-0,077773287581229963
105870	0,01871171681084155	105870	-0,0758552167376908
105880	0,012018462967497605	105880	-0,081246344454975208
105890	0,004240310736129905	105890	-0,0820041985532008
105900	0,022900658005896496	105900	-0,077314717829948684
105910	0,011198108646246036	105910	-0,087091548623086643
105920	0,010091315946729766	105920	-0,087495957797237442
105930	0,011097322834808692	105930	-0,079411486461893208
105940	0,012371626161481972	105940	-0,073755958517552858
105950	0,011572282989422519	105950	-0,0822525253899765
105960	0,0093971189381443915	105960	-0,075457487089721512
105970	0,020239639497101926	105970	-0,079547544096621167
105980	0,01765039061138626	105980	-0,081198610576890359
105990	0,014401171655446337	105990	-0,08232740250531298
106000	0,020270267808922993	106000	-0,079019149444798015
106010	0,010429638489094841	106010	-0,08360905457539175
106020	0,0088971785270436018	106020	-0,076788656322668944
106030	0,015072947173236529	106030	-0,082616801849560814
106040	0,011283094513125464	106040	-0,093336136604180747
106050	0,010981480006814707	106050	-0,075191932745166085
106060	0,01277174963118115	106060	-0,0785050084933729
106070	0,01202228219747375	106070	-0,071708653233093431
106080	0,017722092794941097	106080	-0,083407623092995792
106090	0,009417221579122172	106090	-0,081631257809576849
106100	0,011818058326493505	106100	-0,077122963803848865
106110	0,01318585982155146	106110	-0,0773796153524582
106120	0,015066447547556722	106120	-0,079413102614588255
106130	0,017025336327122241	106130	-0,08580851066986904
106140	0,012288722554003095	106140	-0,069993078968602837
106150	0,019209953716022542	106150	-0,080618617445700827
106160	0,0069629461346849	106160	-0,0701224052334481
106170	0,010153540892539529	106170	-0,0811262500303904
106180	0,012082339348744782	106180	-0,085015453191906953
106190	0,0095552400847459841	106190	-0,081841392229698218
106200	0,0054076032405745208	106200	-0,078323325981493677
106210	0,0037183649711781236	106210	-0,079218446555489722
106220	0,009295067089527112	106220	-0,078193793417275226
106230	0,014666502614483176	106230	-0,076115046751709547
106240	0,0079311575606332164	106240	-0,075386221838403863
106250	0,019206245881412766	106250	-0,085312715651151227
106260	0,013017356428796369	106260	-0,0679007964879769
106270	0,017144381251109623	106270	-0,085126414313928547
106280	0,0025095559319619058	106280	-0,082760976543539255
106290	0,012379877962139917	106290	-0,07701381012824772
106300	0,012507827989012989	106300	-0,078929924071897639
106310	0,0095379638418466584	106310	-0,075626595879607947
106320	0,019600793544110529	106320	-0,088633847630926549
106330	0,013628181591697076	106330	-0,077729347675419641
106340	0,01215094744570409	106340	-0,090700487456888662
106350	0,0089688754853624476	106350	-0,084003677037208971
106360	0,0034825814940646757	106360	-0,079362443752013567
106370	0,011245455349286086	106370	-0,089876791052598576
106380	0,019382549539603833	106380	-0,083095204226997121
106390	0,010542738194650018	106390	-0,070678596662702139
106400	0,012159636409123842	106400	-0,083572844225940329
106410	0,0099741914106961666	106410	-0,078556211743682616
106420	0,0096526629375528073	106420	-0,066283211887221846
106430	0,0091089991256412	106430	-0,087022218457450451
106440	0,0010952960985187779	106440	-0,087640166613632678
106450	0,013485060986332996	106450	-0,076058390147756422
106460	0,018321317892057064	106460	-0,077600345350004749
106470	0,0089938697919254348	106470	-0,083318801495796443
106480	0,0040419483311393478	106480	-0,0743062690331801
106490	0,0061321330226160407	106490	-0,084594589298855424
106500	0,019491584480192191	106500	-0,082163437220293664
106510	0,01768187710630368	106510	-0,074392610692995617
106520	0,0020561985635611114	106520	-0,0837220511136763
106530	0,019957334322816055	106530	-0,078680528453740212
106540	0,017990482817997564	106540	-0,0703878593620751
106550	0,00822194761559847	106550	-0,0786304526000294
106560	0,0067334375780570572	106560	-0,078355429791912262
106570	0,012595038544254925	106570	-0,082186044317337031
106580	0,014103228051995636	106580	-0,082542867326957092
106590	0,017263633299252464	106590	-0,089643652630882
106600	0,010478509127321118	106600	-0,081265732731071044
106610	0,01709496940852585	106610	-0,08313985526357405
106620	0,014444270990093898	106620	-0,071897011013643292
106630	0,0011856600058796959	106630	-0,081896313955485037
106640	0,008401520934020669	106640	-0,0917817549164958
106650	0,0068794029430393642	106650	-0,0850050300522533
106660	-0,001098388683016024	106660	-0,07393118781490042
106670	0,01956360174948572	106670	-0,07670818131048554
106680	0,010599798995652712	106680	-0,078576501637564314
106690	0,010096358574744063	106690	-0,080990343029599718
106700	0,0082154994948223266	106700	-0,08471298710704965
106710	0,015130280992582214	106710	-0,06951051722547745
106720	0,013045160519046148	106720	-0,079761217329463688
106730	0,0099253743018235027	106730	-0,077150888869904413
106740	0,010559419889381428	106740	-0,082122670114659443
106750	0,00995515482850633	106750	-0,080270503396718651
106760	0,0026054593973855044	106760	-0,078646280678233232
106770	0,0099698379937507679	106770	-0,076966474901409218
106780	0,012403269659826894	106780	-0,080397900337360384
106790	0,0068638877225379417	106790	-0,079078776891968725
106800	0,015733296540431516	106800	-0,083037328907788963
106810	0,011039065492772587	106810	-0,079320870927451062
106820	0,0098387191776093223	106820	-0,087587557259230328
106830	0,0070899891923017168	106830	-0,07129524067234233
106840	0,014481346221509721	106840	-0,08900648431425201
106850	0,017347176397964993	106850	-0,085710495979776827
106860	5,0547458287159053E-06	106860	-0,081712502230852427
106870	0,010854910200423205	106870	-0,079507918641016861
106880	0,0072447065007243787	106880	-0,077976076617179341
106890	0,00812792937807363	106890	-0,081483319075967925
106900	0,0054103807088523494	106900	-0,080449770024734024
106910	0,011377307149872184	106910	-0,0718357479315929
106920	0,015475965028417244	106920	-0,070606749123874837
106930	0,019800726151533742	106930	-0,079643701017785951
106940	0,010632264469110121	106940	-0,082666070299911618
106950	0,017184445434378134	106950	-0,078173023037320016
106960	0,010765263980063621	106960	-0,074525313425929107
106970	0,019202281225546573	106970	-0,074231707664373939
106980	0,013572728469067173	106980	-0,08028328618102773
106990	0,01055763276411177	106990	-0,07128904026694205
107000	0,0059804661749590779	107000	-0,077557647763821874
107010	0,015661192810772526	107010	-0,065906510605676663
107020	0,013783452506220147	107020	-0,075021647541235068
107030	0,01940287601688457	107030	-0,0846984080948297
107040	0,0078736067553496231	107040	-0,082432077216498617
107050	0,0042973156834013836	107050	-0,089881399134692522
107060	0,0057288607494797644	107060	-0,073408561906718961
107070	0,015841196586708153	107070	-0,082885173195996545
107080	-0,00614550425322681	107080	-0,08502608448761384
107090	0,01331052776145413	107090	-0,0743956158537847
107100	0,0012701214988452652	107100	-0,077841113841137427
107110	0,0022619550831714406	107110	-0,079362696276919234
107120	0,01234011218911339	107120	-0,070199118453702344
107130	0,012561035232624191	107130	-0,090278310611708129
107140	-0,0012552379745547075	107140	-0,0749892006603723
107150	0,018442868359286397	107150	-0,091235040637520928
107160	0,015691983208932541	107160	-0,083179255897421839
107170	0,00038515759592011042	107170	-0,07688044801966927
107180	0,0064937755564216677	107180	-0,076723366629897871
107190	0,008086252659844648	107190	-0,075796041643594256
107200	0,020271208282467156	107200	-0,079798614781961513
107210	0,010672690874028341	107210	-0,085293586772370478
107220	0,021101693329483223	107220	-0,06596564499039638
107230	0,010277123828589458	107230	-0,077395190902208491
107240	0,0096923156397035019	107240	-0,070165944192258523
107250	0,022765509598993927	107250	-0,0778412065890763
107260	-0,0039535873077342909	107260	-0,078842002891633137
107270	0,020591106466774815	107270	-0,080726631047835937
107280	0,013348728436079716	107280	-0,072758077180941114
107290	-0,0034996127356660515	107290	-0,079465156889643992
107300	0,011456729459029985	107300	-0,082492356461334237
107310	0,010854314562157144	107310	-0,0726638268921438
107320	0,013779796149852518	107320	-0,0819164142272626
107330	0,010628729800360828	107330	-0,0712796718382996
107340	0,0006574610198661669	107340	-0,083790487266013222
107350	0,0026242337380610959	107350	-0,078074779196813632
107360	0,0039344248500247109	107360	-0,071718117727403607
107370	0,018456458292066866	107370	-0,078780441132143816
107380	0,0099851766780460639	107380	-0,0761664659614856
107390	0,0041645056781410041	107390	-0,085170905499365471
107400	0,023283113098181665	107400	-0,078099200514852557
107410	0,015615118819569692	107410	-0,082182365131511143
107420	0,017162773432459651	107420	-0,07310872310630108
107430	0,0070038440102204577	107430	-0,080065883956421835
107440	0,0098395359979752788	107440	-0,078920462307661352
107450	0,0067470739620261655	107450	-0,088805777503723732
107460	0,014538729629388958	107460	-0,077226588872423313
107470	0,003487609037038705	107470	-0,0832616751443307
107480	0,0067286018611532458	107480	-0,080696404887180481
107490	0,010059677672843043	107490	-0,084433301665318053
107500	0,010038445720240225	107500	-0,080238026543665769
107510	0,00451259852541512	107510	-0,085002054715849582
107520	0,016459310653562462	107520	-0,0847057616134387
107530	0,012540141258076384	107530	-0,074066810832322014
107540	0,0043257302677925848	107540	-0,077913762266031916
107550	0,0030067609811076884	107550	-0,08634587836211742
107560	0,0084858949746301569	107560	-0,074376443059742878
107570	-0,00058031725416434453	107570	-0,076179497048485992
107580	0,013302291154998407	107580	-0,074466101336345486
107590	0,0093652711942059982	107590	-0,073812314424059056
107600	0,012864506708654026	107600	-0,0735819075794758
107610	0,0057955879604232666	107610	-0,078796418353924286
107620	0,013360309493900702	107620	-0,086663013346135589
107630	0,0055229435454217761	107630	-0,077877630992109689
107640	-0,003960831162185552	107640	-0,074168895618828376
107650	0,018024347750619427	107650	-0,080769641482987875
107660	0,014196460750290036	107660	-0,0753008897529135
107670	0,016628039944393838	107670	-0,078219217688739212
107680	0,0071244874188278341	107680	-0,092184267690665955
107690	0,0138184316648271	107690	-0,073338188516214528
107700	0,0082035168713397964	107700	-0,080679591897342626
107710	0,016024559231316741	107710	-0,075187156245169667
107720	0,015254425754742741	107720	-0,079744620128843632
107730	0,009096126984385916	107730	-0,0828333327563045
107740	0,0031800582013620611	107740	-0,082273110132785113
107750	0,0038144259665547717	107750	-0,072610909170936822
107760	0,0020887109660312746	107760	-0,084213919626529452
107770	0,00856498830247399	107770	-0,073186648989117919
107780	-0,00097067400251042539	107780	-0,0746213659375296
107790	0,009784346426179499	107790	-0,077252500374746888
107800	0,018793754460474002	107800	-0,087294292315607411
107810	0,01933245831548306	107810	-0,07197159128089714
107820	0,011226383797041566	107820	-0,077876541111468
107830	0,021433478815124071	107830	-0,075673914612584547
107840	0,01060759843004639	107840	-0,076199769732266331
107850	0,01667706012091677	107850	-0,075367867859661375
107860	0,00322028345449222	107860	-0,077772664148058362
107870	0,00900102175279566	107870	-0,087220528737903966
107880	-0,00043134155875687786	107880	-0,077231706565524125
107890	0,020009260352847117	107890	-0,080920408963666118
107900	0,013342632712243376	107900	-0,076560330949258584
107910	0,015022798547283608	107910	-0,079852305279541236
107920	0,0087043469235227582	107920	-0,082228950588365046
107930	-0,0032930683221578621	107930	-0,074937906816792521
107940	0,00077087190731234387	107940	-0,072107031777672817
107950	0,018119952899656212	107950	-0,079643900951520366
107960	0,021300662506383374	107960	-0,068241231221694357
107970	0,0075483526255249187	107970	-0,07735350539922406
107980	0,013628729603657857	107980	-0,074510240773181732
107990	-0,001344263429851879	107990	-0,0652968134477386
108000	0,020725079645330574	108000	-0,073246585334242192
108010	0,010423687353165704	108010	-0,073992754178351841
108020	0,01522085401405365	108020	-0,086362578146691932
108030	0,0038808411226711479	108030	-0,08196495265542203
108040	0,017302094861344725	108040	-0,089032328086978918
108050	0,013789908603951644	108050	-0,065916631586831184
108060	0,015043668366530132	108060	-0,0727166090532999
108070	0,011928825559187974	108070	-0,065384541363446055
108080	0,018669952168787717	108080	-0,078993457644676246
108090	0,024157571050607809	108090	-0,083908674798201049
108100	0,00906252979038836	108100	-0,0696660258999692
108110	0,023319138789503716	108110	-0,083902849046528949
108120	0,0053750527027992189	108120	-0,068882845056245048
108130	0,0096707422280785434	108130	-0,06960711321281636
108140	0,0049799747419021073	108140	-0,079329430550793931
108150	0,017765160449362497	108150	-0,082584938427458288
108160	0,0074977387204338249	108160	-0,071297759919612791
108170	0,017684383255449809	108170	-0,0815856562334511
108180	0,0093343438941394068	108180	-0,073632056983234564
108190	0,0057832345472115469	108190	-0,07641741149011079
108200	0,0088172616791567238	108200	-0,090500955264169819
108210	0,014657856894212479	108210	-0,079287188312936477
108220	0,011078189255276575	108220	-0,074874101842695925
108230	0,023568682808165153	108230	-0,076614178948858788
108240	0,011150263042231757	108240	-0,080157201263088076
108250	0,0071353433256325857	108250	-0,068635719158358866
108260	0,00047014476714308894	108260	-0,08159461668291923
108270	0,0011949957155526169	108270	-0,0871226064151957
108280	0,0036532268269411491	108280	-0,0735932238458113
108290	0,0017652687622986851	108290	-0,07559947817340891
108300	0,0050738839782424215	108300	-0,0855383265973846
108310	0,0073723337446062786	108310	-0,082865704951974484
108320	0,0080708091099763839	108320	-0,069619346613359778
108330	0,019519378186417271	108330	-0,080902896736847724
108340	0,010452250373281581	108340	-0,084407952350227827
108350	0,01036042303206984	108350	-0,073411676408900756
108360	-0,00351062336880815	108360	-0,067798437272076018
108370	0,015732429661838892	108370	-0,0679036166791203
108380	0,0098506906377265075	108380	-0,0827351821003679
108390	0,012359491969942087	108390	-0,084434603434077049
108400	0,013051219375448443	108400	-0,0873830433572972
108410	0,020391974819953008	108410	-0,0678713400151485
108420	0,019878767536992067	108420	-0,077182500931042924
108430	0,0084883694686186621	108430	-0,079352657351868985
108440	0,0078424306830336184	108440	-0,074553950259352172
108450	0,024877238364978752	108450	-0,07321180902897173
108460	-0,0022683066525075596	108460	-0,079849817592726885
108470	0,010457088259337988	108470	-0,081231965188029845
108480	0,010185478104683418	108480	-0,079524030373962773
108490	0,017271065430791033	108490	-0,081828966920920815
108500	0,011663282787259805	108500	-0,067922645442878349
108510	0,0099342968194133831	108510	-0,075750611050008923
108520	0,015077225631653653	108520	-0,074920049873824932
108530	0,015156018729313509	108530	-0,067550971101098825
108540	0,013597853959167202	108540	-0,08340870219438179
108550	0,010993022433747163	108550	-0,080148060325074072
108560	0,014029884829169552	108560	-0,072775511315593511
108570	0,00815816200437848	108570	-0,0842663311104823
108580	0,0090477895501816473	108580	-0,080826702852745957
108590	0,018892840943043825	108590	-0,0691173728246185
108600	0,0088384024776189968	108600	-0,081204721323623885
108610	0,020279101867013986	108610	-0,085483822294524767
108620	-0,0028187114045203879	108620	-0,0803133524189867
108630	0,010300760918080902	108630	-0,077099931610395245
108640	0,0094362022986594039	108640	-0,085296870771064515
108650	0,011036522907205741	108650	-0,0724517963327241
108660	0,01883330485659936	108660	-0,076224657221352549
108670	0,0067622745244820485	108670	-0,087353678494825629
108680	0,0005754342720624728	108680	-0,076460377900326851
108690	0,01632382873206354	108690	-0,0735643257886659
108700	0,012649204417554433	108700	-0,079507084494198479
108710	0,012959806881075732	108710	-0,078628007948605153
108720	0,0058866911169899424	108720	-0,069902642956879146
108730	0,015511622862245982	108730	-0,080731153362762348
108740	0,0068932087853055381	108740	-0,081947675421307459
108750	0,018935376111723537	108750	-0,083439168965402932
108760	0,017258521305611629	108760	-0,079485569098120087
108770	0,018646313463829282	108770	-0,07124902340096971
108780	0,012327950005897537	108780	-0,069994035223816184
108790	0,015967011952763104	108790	-0,074711355709817379
108800	0,010036369638933625	108800	-0,077082593307370509
108810	0,011534225675143027	108810	-0,073555203024810875
108820	0,018797237355168764	108820	-0,081090780493725964
108830	0,01461930362496142	108830	-0,074730588081462157
108840	0,012325661854460244	108840	-0,0846468347577138
108850	0,013657807339350897	108850	-0,073649534733449429
108860	0,010523465255573588	108860	-0,089896022276744633
108870	0,021331428987498211	108870	-0,07852910400576972
108880	0,0003248803748997092	108880	-0,068812250585783968
108890	0,014606137538614688	108890	-0,078297661733917279
108900	0,017249677705500829	108900	-0,06848412625496153
108910	0,016596717646576418	108910	-0,078323259460737524
108920	0,009642105577058923	108920	-0,086004537119004715
108930	0,01725708240721761	108930	-0,080833004741532877
108940	0,0056024241189550029	108940	-0,078312503437610384
108950	0,012609447868257422	108950	-0,079100849022409
108960	0,0098738272217991658	108960	-0,077697544422506745
108970	0,025180602899228185	108970	-0,077399673982871744
108980	0,014054839023022391	108980	-0,076704798142031391
108990	0,0183815120390989	108990	-0,089080129613075987
109000	0,017484806951423841	109000	-0,079245312535496049
109010	0,005350413492436445	109010	-0,078374105589530479
109020	0,016364572841139933	109020	-0,082468022429663543
109030	0,013290759037698958	109030	-0,070337167646655971
109040	0,0064501165150740222	109040	-0,0833181049899564
109050	0,018344141339410952	109050	-0,072350987886414919
109060	0,021645219899657165	109060	-0,08380942786258537
109070	0,024291564898058539	109070	-0,085146191275133509
109080	0,013004150144980417	109080	-0,077192023686523129
109090	0,0015761857881407806	109090	-0,079732342114723839
109100	0,008006786176847764	109100	-0,068126871083132867
109110	0,0098177897676746066	109110	-0,086484827561215658
109120	0,015520412281211126	109120	-0,069820211174297236
109130	0,0019727517703809756	109130	-0,081344487753072278
109140	0,0096200060801075928	109140	-0,072545774818951136
109150	0,0093280176489707548	109150	-0,084009915816921688
109160	0,013776967650030867	109160	-0,068724925461576519
109170	0,015546033861328638	109170	-0,079017511837210078
109180	0,013218268970211599	109180	-0,070490884264437045
109190	0,013017896685017275	109190	-0,070590123093672075
109200	0,0054881791981589451	109200	-0,069782375660114762
109210	0,0090298060895410721	109210	-0,0764694941563084
109220	0,0038391497203058792	109220	-0,072085674080580392
109230	0,015154798406034875	109230	-0,0686537420332779
109240	0,011583118989908265	109240	-0,08101555157897368
109250	0,002784185190040128	109250	-0,063963575089513683
109260	0,014712971620030251	109260	-0,069090125511084829
109270	0,00811400574111706	109270	-0,074829846543876491
109280	0,0094437985184567634	109280	-0,066189213105657729
109290	0,011474239863300121	109290	-0,076071388638836709
109300	0,01184004031197192	109300	-0,075208638965874514
109310	0,016343437218828163	109310	-0,086572551339468826
109320	0,01759757074647544	109320	-0,076750490052993378
109330	0,012146213796213244	109330	-0,077550289047085219
109340	0,00019556716716994245	109340	-0,070532328737240357
109350	0,0032551428717469675	109350	-0,079708124553704227
109360	0,0087722659254546014	109360	-0,081144263546847645
109370	0,008612999752691107	109370	-0,07926438048861098
109380	0,018772305706653451	109380	-0,0899950247600637
109390	0,015171366720922102	109390	-0,080608176908979909
109400	0,0076497735783896828	109400	-0,08178018129635739
109410	0,003157042932025345	109410	-0,078876520307950351
109420	0,024930490584691042	109420	-0,081412467416071541
109430	0,0057542534022995227	109430	-0,083905432716118111
109440	0,0064300868000930923	109440	-0,077049993521941321
109450	0,010117554354985289	109450	-0,081068356002774983
109460	0,010817068088968937	109460	-0,0852837195846277
109470	0,0050423020545679424	109470	-0,082446571528736121
109480	0,0067232384752883246	109480	-0,082789612525720188
109490	0,015553174635292795	109490	-0,086857706966716727
109500	0,016864142383401889	109500	-0,080737180987925733
109510	0,015754319451889185	109510	-0,077978194362570807
109520	0,0076715084177880434	109520	-0,080540113299495911
109530	0,013519339374029186	109530	-0,08821162606493263
109540	0,0094081921198827488	109540	-0,072224517461354179
109550	0,013238550836448395	109550	-0,0699236011238973
109560	0,00867214066015545	109560	-0,085610359668554112
109570	0,00646190304970132	109570	-0,079412094667060423
109580	0,010536928211925241	109580	-0,072249882764700832
109590	0,020129148951950927	109590	-0,071660941845621759
109600	0,023040988242754287	109600	-0,079582594995832964
109610	0,0077047705184649746	109610	-0,087290500216303857
109620	0,023415068961361859	109620	-0,066807990495656083
109630	0,0016725367862487405	109630	-0,082736640402464076
109640	0,01993429707524538	109640	-0,074634809974315777
109650	0,011003685472253907	109650	-0,079483640685655707
109660	0,021310921007468942	109660	-0,071104239757429688
109670	0,0013891329514863064	109670	-0,071646917897410387
109680	0,0091672036347620958	109680	-0,081364086868862512
109690	0,0041445900842695688	109690	-0,0799076774958176
109700	0,02445140275353402	109700	-0,077899780220705456
109710	0,014433214550341201	109710	-0,085464337949870614
109720	0,0081963553819806873	109720	-0,088642319369179712
109730	0,021629330650984692	109730	-0,077858272797221156
109740	0,017713479328967933	109740	-0,086170427537737238
109750	0,021778750594749225	109750	-0,074808402685486788
109760	0,018987445972294511	109760	-0,077367990432876524
109770	0,020190034953908923	109770	-0,073609075351937864
109780	0,015497543945255378	109780	-0,075954658133009334
109790	0,015887690626836221	109790	-0,0715502206208922
109800	0,00579064191436366	109800	-0,079011268711575572
109810	-0,00091206242112520214	109810	-0,0831519315510449
109820	0,01297693512498471	109820	-0,0738214588469299
109830	0,010969659783731527	109830	-0,087291594913817175
109840	0,017145495430965954	109840	-0,078106691291461736
109850	0,0026880094309901493	109850	-0,078583618392596186
109860	0,0039389321630580827	109860	-0,0821744219675509
109870	0,0079247784764774863	109870	-0,0789245615934486
109880	0,01030231178171716	109880	-0,084802686089126764
109890	0,014749193497580663	109890	-0,080510021267553009
109900	0,0097527260308918236	109900	-0,082408784404254629
109910	0,0083488155861597534	109910	-0,077360051724509785
109920	0,012301483757777112	109920	-0,076152307789258161
109930	0,012631563297039865	109930	-0,073099925251038325
109940	0,0079568961492137453	109940	-0,0756636084631813
109950	0,004326019621990816	109950	-0,0840318536490088
109960	0,012091075011280109	109960	-0,0755997370849913
109970	0,012165512768652511	109970	-0,074890881128662046
109980	0,010000489032232269	109980	-0,069776136481221357
109990	0,008922082341309508	109990	-0,078966795660978584
110000	0,015838407220910917	110000	-0,078896736305093418
110010	0,0083892072831603312	110010	-0,0779509246881401
110020	0,013859265673812694	110020	-0,073692574486755022
110030	-0,0010438500468355509	110030	-0,086514034212445384
110040	0,0041332911040818186	110040	-0,074840693647412151
110050	0,018921739258102505	110050	-0,077754276719824572
110060	0,0053028527902897584	110060	-0,083496602518583041
110070	0,0065701275423915165	110070	-0,069987690711433154
110080	-0,0018370776742703049	110080	-0,084503760379076448
110090	0,0020110752013697414	110090	-0,068679421308730018
110100	0,0097752753750433175	110100	-0,090206293691557873
EOF
