Name	YT Scope Project	
File	C:\Users\Administrator\Documents\TcXaeShell\TwinCAT_260713\ScopeLog\2026-08-26_scope_Zpush_free.csv	
Starttime of export	134322045415550000	Wednesday, August 26, 2026	16:55:41.555
Endtime of export	134322045669903556	Wednesday, August 26, 2026	16:56:06.990


Name	actposZ	Name	setposZ
SymbolComment	Z coordinate.	SymbolComment	Z coordinate.
Data-Type	REAL64	Data-Type	REAL64
SampleTime[ms]	10	SampleTime[ms]	10
VariableSize	8	VariableSize	8
SymbolBased	True	SymbolBased	True
IndexGroup	61462	IndexGroup	61462
IndexOffset	0	IndexOffset	0
SymbolName	MAIN.Xpmover[0].MCTOPLC.ACT.ActPos.z	SymbolName	MAIN.Xpmover[0].MCTOPLC.SET.SetPos.z
NetID	169.254.116.218.1.1	NetID	169.254.116.218.1.1
Port	851	Port	851
Offset	0	Offset	0
ScaleFactor	1	ScaleFactor	1
BitMask	0xffffffffffffffff	BitMask	0xffffffffffffffff
Unit	(None)	Unit	(None)
Unit ScaleFactor	1	Unit ScaleFactor	1
Unit Offset	0	Unit Offset	0

0	2,0071215418745654	0	2,0029407344459909
10	2,0005923613102343	10	2,0029407344459909
20	1,9978683008108042	20	2,0029407344459909
30	2,0027178825072429	30	2,0029407344459909
40	2,0071043986570745	40	2,0029407344459909
50	2,0041555335603762	50	2,0029407344459909
60	2,0004442454935036	60	2,0029407344459909
70	2,003656047929919	70	2,0029407344459909
80	1,9964126453810627	80	2,0029407344459909
90	2,0102115189815981	90	2,0029407344459909
100	2,0022803801261686	100	2,0029407344459909
110	1,994560796571081	110	2,0029407344459909
120	2,0067964881281242	120	2,0029407344459909
130	2,0072245940175231	130	2,0029407344459909
140	1,9986195583070812	140	2,0029407344459909
150	1,9991629155263206	150	2,0029407344459909
160	2,0059856309845117	160	2,0029407344459909
170	2,009574827831111	170	2,0029407344459909
180	2,0044282155493329	180	2,0029407344459909
190	1,998028868999512	190	2,0029407344459909
200	2,0045775751112291	200	2,0029407344459909
210	2,0103511780313807	210	2,0029407344459909
220	2,0007266419680692	220	2,0029407344459909
230	2,0054158460968932	230	2,0029407344459909
240	2,0011083651303663	240	2,0029407344459909
250	2,0017252643321175	250	2,0029407344459909
260	2,0003059109920844	260	2,0029407344459909
270	2,0064162622565043	270	2,0029407344459909
280	1,999216821053313	280	2,0029407344459909
290	2,0015040471302754	290	2,0029407344459909
300	2,0054196840706178	300	2,0029407344459909
310	1,9975209690441815	310	2,0029407344459909
320	2,0014008259240965	320	2,0029407344459909
330	2,0023323551398722	330	2,0029407344459909
340	2,0038494826611428	340	2,0029407344459909
350	2,0054224866525496	350	2,0029407344459909
360	2,0033436132142368	360	2,0029407344459909
370	2,0127388187655262	370	2,0029407344459909
380	2,0009486164914287	380	2,0029407344459909
390	2,0039086791950362	390	2,0029407344459909
400	2,0080206560998128	400	2,0029407344459909
410	1,9954177818932593	410	2,0029407344459909
420	2,0066785751713132	420	2,0029407344459909
430	2,0021976975218267	430	2,0029407344459909
440	2,00641825720308	440	2,0029407344459909
450	2,0069681820414917	450	2,0029407344459909
460	1,9921153183739611	460	2,0029407344459909
470	2,00720177088136	470	2,0029407344459909
480	1,9977647919606296	480	2,0029407344459909
490	2,0060791281620576	490	2,0029407344459909
500	2,0017055429590425	500	2,0029407344459909
510	2,0016144037650134	510	2,0029407344459909
520	2,0040776206956048	520	2,0029407344459909
530	2,000026328882841	530	2,0029407344459909
540	2,0068295980462674	540	2,0029407344459909
550	2,0063191274765995	550	2,0029407344459909
560	2,0028133034301803	560	2,0029407344459909
570	2,0048954086011737	570	2,0029407344459909
580	2,0044545398747378	580	2,0029407344459909
590	2,0051330415907431	590	2,0029407344459909
600	2,003443037162425	600	2,0029407344459909
610	1,9972931834725722	610	2,0029407344459909
620	2,0045268493012918	620	2,0029407344459909
630	2,002006584773965	630	2,0029407344459909
640	2,0019771697726512	640	2,0029407344459909
650	2,0087050479503841	650	2,0029407344459909
660	2,0035963282161022	660	2,0029407344459909
670	2,005324799018668	670	2,0029407344459909
680	1,9990664151964497	680	2,0029407344459909
690	2,0008846411590682	690	2,0029407344459909
700	2,0013377038538893	700	2,0029407344459909
710	2,001252673849538	710	2,0029407344459909
720	2,0034743044008207	720	2,0029407344459909
730	2,0025624772836421	730	2,0029407344459909
740	1,9984251848613202	740	2,0029407344459909
750	2,003889048650783	750	2,0029407344459909
760	2,001743668354603	760	2,0029407344459909
770	2,0074507686522729	770	2,0029407344459909
780	2,0047902970183102	780	2,0029407344459909
790	2,0058906533520293	790	2,0029407344459909
800	2,0107368982352991	800	2,0029407344459909
810	1,9974088684934381	810	2,0029407344459909
820	2,0082468801088478	820	2,0029407344459909
830	1,999581083086742	830	2,0029407344459909
840	2,0028652501092017	840	2,0029407344459909
850	2,0060088865751196	850	2,0029407344459909
860	2,0022128916851738	860	2,0029407344459909
870	2,0101773871411384	870	2,0029407344459909
880	1,9958366557046441	880	2,0029407344459909
890	2,006419289111645	890	2,0029407344459909
900	2,0096893390576112	900	2,0029407344459909
910	2,0008806799187155	910	2,0029407344459909
920	2,0037694537668163	920	2,0029407344459909
930	2,001610821481778	930	2,0029407344459909
940	2,0002900578780789	940	2,0029407344459909
950	2,0048739033004832	950	2,0029407344459909
960	2,0013499517144071	960	2,0029407344459909
970	2,0011250249058	970	2,0029407344459909
980	1,9989153510615418	980	2,0029407344459909
990	2,0025435046155691	990	2,0029407344459909
1000	2,0013821193032548	1000	2,0029407344459909
1010	2,0071834662098667	1010	2,0029407344459909
1020	2,0015947301057686	1020	2,0029407344459909
1030	2,0023167663207193	1030	2,0029407344459909
1040	2,00600523001561	1040	2,0029407344459909
1050	2,0034811859386634	1050	2,0029407344459909
1060	2,0035487513572265	1060	2,0029407344459909
1070	1,9939912688921924	1070	2,0029407344459909
1080	2,0033599746165986	1080	2,0029407344459909
1090	2,0068622575266328	1090	2,0029407344459909
1100	2,0038937527954452	1100	2,0029407344459909
1110	2,002144092519428	1110	2,0029407344459909
1120	2,00406957034026	1120	2,0029407344459909
1130	1,9989914904363895	1130	2,0029407344459909
1140	2,0023576458388481	1140	2,0029407344459909
1150	2,0018841473782238	1150	2,0029407344459909
1160	2,007154034701113	1160	2,0029407344459909
1170	1,9932767175876727	1170	2,0029407344459909
1180	2,0042901950683811	1180	2,0029407344459909
1190	2,0037034818453074	1190	2,0029407344459909
1200	2,0079606935148213	1200	2,0029407344459909
1210	1,9964968802844219	1210	2,0029407344459909
1220	2,0030311954443354	1220	2,0029407344459909
1230	2,0023006914004595	1230	2,0029407344459909
1240	2,0095217546506312	1240	2,0029407344459909
1250	2,0025678612894771	1250	2,0029407344459909
1260	2,0035953755484108	1260	2,0029407344459909
1270	2,0039575319293768	1270	2,0029407344459909
1280	1,9996154328484037	1280	2,0029407344459909
1290	1,9985308236011576	1290	2,0029407344459909
1300	2,0116145047218605	1300	2,0029407344459909
1310	2,003276158673537	1310	2,0029407344459909
1320	2,0028900102735196	1320	2,0029407344459909
1330	2,0038827935524948	1330	2,0029407344459909
1340	1,9999839370147416	1340	2,0029407344459909
1350	2,0017644581057716	1350	2,0029407344459909
1360	2,0001250952561094	1360	2,0029407344459909
1370	2,0035256375108235	1370	2,0029407344459909
1380	2,0047222874979411	1380	2,0029407344459909
1390	2,0046890286409571	1390	2,0029407344459909
1400	2,0044105753416446	1400	2,0029407344459909
1410	2,0019937592930379	1410	2,0029407344459909
1420	2,0046158692749732	1420	2,0029407344459909
1430	1,9996742203624036	1430	2,0029407344459909
1440	2,0001216581877488	1440	2,0029407344459909
1450	2,0062600954981082	1450	2,0029407344459909
1460	2,0044896943931469	1460	2,0029407344459909
1470	1,9963453261711202	1470	2,0029407344459909
1480	2,0016396655063797	1480	2,0029407344459909
1490	2,0018979086650743	1490	2,0029407344459909
1500	2,0009500148655004	1500	2,0029407344459909
1510	2,0066580088734014	1510	2,0029407344459909
1520	2,0057993933080311	1520	2,0029407344459909
1530	1,9967819650625884	1530	2,0029407344459909
1540	2,0027984244567438	1540	2,0029407344459909
1550	2,0008486482143422	1550	2,0029407344459909
1560	2,0036686333974032	1560	2,0029407344459909
1570	2,0032927126441376	1570	2,0029407344459909
1580	2,0031653551577522	1580	2,0029407344459909
1590	1,9984053120624887	1590	2,0029407344459909
1600	2,0025655543976564	1600	2,0029407344459909
1610	1,9992062003497235	1610	2,0029407344459909
1620	2,005361398284804	1620	2,0029407344459909
1630	2,0058497985967749	1630	2,0029407344459909
1640	2,0050443510831917	1640	2,0029407344459909
1650	2,0017624974205592	1650	2,0029407344459909
1660	2,0062598939541978	1660	2,0029407344459909
1670	2,0054902754888504	1670	2,0029407344459909
1680	2,0020185415259526	1680	2,0029407344459909
1690	1,9932821748828067	1690	2,0029407344459909
1700	2,0059689960758078	1700	2,0029407344459909
1710	1,9993938782086627	1710	2,0029407344459909
1720	2,0060159462153049	1720	2,0029407344459909
1730	1,9992035925673974	1730	2,0029407344459909
1740	2,0079920527378876	1740	2,0029407344459909
1750	2,0038541983852038	1750	2,0029407344459909
1760	2,0002484853272433	1760	2,0029407344459909
1770	2,0005173173775646	1770	2,0029407344459909
1780	2,0006163871336229	1780	2,0029407344459909
1790	2,0059278691119156	1790	2,0029407344459909
1800	2,0047795778621316	1800	2,0029407344459909
1810	2,0012689122846323	1810	2,0029407344459909
1820	2,0086806289519838	1820	2,0029407344459909
1830	1,997159153908485	1830	2,0029407344459909
1840	2,0035621527316145	1840	2,0029407344459909
1850	2,0007926592898748	1850	2,0029407344459909
1860	2,0036881011922034	1860	2,0029407344459909
1870	2,0068329157774869	1870	2,0029407344459909
1880	2,0004076906253596	1880	2,0029407344459909
1890	2,0017299121380541	1890	2,0029407344459909
1900	2,0068387729034907	1900	2,0029407344459909
1910	2,0000216860987052	1910	2,0029407344459909
1920	2,0083644054049294	1920	2,0029407344459909
1930	2,0102154676037314	1930	2,0029407344459909
1940	2,0046681211384172	1940	2,0029407344459909
1950	2,0041658775206104	1950	2,0029407344459909
1960	2,002166699750707	1960	2,0029407344459909
1970	2,0056363979231557	1970	2,0029407344459909
1980	1,999677418920224	1980	2,0029407344459909
1990	2,0088085641831954	1990	2,0029407344459909
2000	1,996989775260035	2000	2,0029407344459909
2010	2,0038533868770081	2010	2,0029407344459909
2020	2,0020363745501717	2020	2,0029407344459909
2030	2,0032676732000585	2030	2,0029407344459909
2040	1,9995743104773611	2040	2,0029407344459909
2050	2,0105417554761669	2050	2,0029407344459909
2060	1,9982309250454708	2060	2,0029407344459909
2070	2,0031653559106068	2070	2,0029407344459909
2080	1,9981955378532881	2080	2,0029407344459909
2090	2,0053322571968994	2090	2,0029407344459909
2100	2,000851831043434	2100	2,0029407344459909
2110	2,0033872915252031	2110	2,0029407344459909
2120	2,0063314563940811	2120	2,0029407344459909
2130	1,9991201358360931	2130	2,0029407344459909
2140	2,0014369664411147	2140	2,0029407344459909
2150	2,0070216155530236	2150	2,0029407344459909
2160	1,9985716595734422	2160	2,0029407344459909
2170	1,9978333553892238	2170	2,0029407344459909
2180	1,9996574209082274	2180	2,0029407344459909
2190	2,0025936898310217	2190	2,0029407344459909
2200	2,0017589914895835	2200	2,0029407344459909
2210	2,00127268258956	2210	2,0029407344459909
2220	2,0027381539418174	2220	2,0029407344459909
2230	2,0028089770920925	2230	2,0029407344459909
2240	2,0048936606113381	2240	2,0029407344459909
2250	2,0043935864668629	2250	2,0029407344459909
2260	2,0033731266919386	2260	2,0029407344459909
2270	2,0050861124163095	2270	2,0029407344459909
2280	2,0009761452074288	2280	2,0029407344459909
2290	1,9980549962503806	2290	2,0029407344459909
2300	2,006297659245889	2300	2,0029407344459909
2310	1,9958401558839576	2310	2,0029407344459909
2320	2,0048781974140422	2320	2,0029407344459909
2330	2,0023718286295136	2330	2,0029407344459909
2340	2,0113683281634893	2340	2,0029407344459909
2350	2,0025784376656182	2350	2,0029407344459909
2360	2,0030871871154137	2360	2,0029407344459909
2370	2,0038167597112597	2370	2,0029407344459909
2380	1,9996233433524369	2380	2,0029407344459909
2390	2,0005963737557853	2390	2,0029407344459909
2400	2,0103957110839996	2400	2,0029407344459909
2410	2,0045587171119923	2410	2,0029407344459909
2420	2,0052729360713313	2420	2,0029407344459909
2430	2,0032270634894536	2430	2,0029407344459909
2440	2,0039686756304169	2440	2,0029407344459909
2450	2,0021744794300549	2450	2,0029407344459909
2460	2,0053837217146313	2460	2,0029407344459909
2470	2,0021022818472991	2470	2,0029407344459909
2480	2,0052694770581514	2480	2,0029407344459909
2490	2,0013985378202026	2490	2,0029407344459909
2500	2,00110373349868	2500	2,0029407344459909
2510	2,0040611506545325	2510	2,0029407344459909
2520	2,0038465041843709	2520	2,0029407344459909
2530	2,005533851825799	2530	2,0029407344459909
2540	2,003419370194095	2540	2,0029407344459909
2550	2,0024476839642658	2550	2,0029407344459909
2560	2,008650493091535	2560	2,0029407344459909
2570	1,9997919892613991	2570	2,0029407344459909
2580	2,00093697814562	2580	2,0029407344459909
2590	1,9985120498569939	2590	2,0029407344459909
2600	2,0068563653427143	2600	2,0029407344459909
2610	2,0024102626045144	2610	2,0029407344459909
2620	1,9957514365154028	2620	2,0029407344459909
2630	1,996961774791334	2630	2,0029407344459909
2640	1,9938245834120991	2640	2,0029407344459909
2650	1,9903387055017294	2650	2,0029407344459909
2660	1,9924836264569548	2660	2,0029407344459909
2670	2,0024493296957928	2670	2,0029407344459909
2680	1,9921230787285476	2680	2,0029407344459909
2690	1,9946142329357652	2690	2,0029407344459909
2700	2,0001754756027852	2700	2,0029407344459909
2710	1,9968775123208209	2710	2,0029407344459909
2720	2,0097503298172903	2720	2,0029407344459909
2730	2,0076809262225908	2730	2,0029407344459909
2740	2,0004933409105217	2740	2,0029407344459909
2750	2,002198340182038	2750	2,0029407344459909
2760	2,0044552293288049	2760	2,0029407344459909
2770	2,0050233240438358	2770	2,0029407344459909
2780	2,0104237722205749	2780	2,0029407344459909
2790	2,0061875048522371	2790	2,0029407344459909
2800	2,0099013590394508	2800	2,0029407344459909
2810	2,0024762553443383	2810	2,0029407344459909
2820	2,0047571195480209	2820	2,0029407344459909
2830	2,0079847878829318	2830	2,0029407344459909
2840	2,0011367799628852	2840	2,0029407344459909
2850	1,9963508907621481	2850	2,0029407344459909
2860	2,0005868296170624	2860	2,0029407344459909
2870	2,0039876988483103	2870	2,0029407344459909
2880	1,986227316842049	2880	2,0029407344459909
2890	1,9843311024615105	2890	2,0029407344459909
2900	1,9744878517932687	2900	2,0029407344459909
2910	1,9681038104680315	2910	2,0029407344459909
2920	1,9678666135895462	2920	2,0029407344459909
2930	1,9660605523112888	2930	2,0029407344459909
2940	1,9681832609729639	2940	2,0029407344459909
2950	1,9684409650457591	2950	2,0029407344459909
2960	1,9640342259569721	2960	2,0029407344459909
2970	1,9652460000163448	2970	2,0029407344459909
2980	1,9689146865416092	2980	2,0029407344459909
2990	1,9642076154271972	2990	2,0029407344459909
3000	1,9783896997641453	3000	2,0029407344459909
3010	1,9752427444914362	3010	2,0029407344459909
3020	1,9800895547054633	3020	2,0029407344459909
3030	1,9807350749837038	3030	2,0029407344459909
3040	1,9750555138760335	3040	2,0029407344459909
3050	1,9775005243683719	3050	2,0029407344459909
3060	1,9756362655707669	3060	2,0029407344459909
3070	1,9868203995073586	3070	2,0029407344459909
3080	1,9921140884696555	3080	2,0029407344459909
3090	2,0209463978687072	3090	2,0029407344459909
3100	2,0408347961637521	3100	2,0029407344459909
3110	2,0585974822270172	3110	2,0029407344459909
3120	2,0685645555586873	3120	2,0029407344459909
3130	2,0678256266781574	3130	2,0029407344459909
3140	2,0630359131224436	3140	2,0029407344459909
3150	2,0466864516630068	3150	2,0029407344459909
3160	2,0337447794271979	3160	2,0029407344459909
3170	2,0167403610374022	3170	2,0029407344459909
3180	2,0098317305004656	3180	2,0029407344459909
3190	2,0038775988683293	3190	2,0029407344459909
3200	1,9909247349265389	3200	2,0029407344459909
3210	1,9947188640308928	3210	2,0029407344459909
3220	2,0107490050165335	3220	2,0029407344459909
3230	2,0191590560085375	3230	2,0029407344459909
3240	2,0243306930042975	3240	2,0029407344459909
3250	2,0434895473578489	3250	2,0029407344459909
3260	2,0392849028265543	3260	2,0029407344459909
3270	2,0382398224270633	3270	2,0029407344459909
3280	2,0403093861390431	3280	2,0029407344459909
3290	2,0247946696173811	3290	2,0029407344459909
3300	2,019785644668306	3300	2,0029407344459909
3310	2,0196353376405858	3310	2,0029407344459909
3320	2,0203301422448012	3320	2,0029407344459909
3330	2,0077505085771383	3330	2,0029407344459909
3340	2,0083420693955167	3340	2,0029407344459909
3350	2,0056418359445258	3350	2,0029407344459909
3360	2,0039507188553811	3360	2,0029407344459909
3370	1,9998965175041388	3370	2,0029407344459909
3380	1,9949925113736446	3380	2,0029407344459909
3390	1,997058938137644	3390	2,0029407344459909
3400	2,0004933227330737	3400	2,0029407344459909
3410	1,9991968249728442	3410	2,0029407344459909
3420	2,0002653989368442	3420	2,0029407344459909
3430	2,0054564891423707	3430	2,0029407344459909
3440	1,9967644644872804	3440	2,0029407344459909
3450	2,0087334393634331	3450	2,0029407344459909
3460	2,0062914681265713	3460	2,0029407344459909
3470	2,0046823315991027	3470	2,0029407344459909
3480	2,0069967119954351	3480	2,0029407344459909
3490	2,0014987173344805	3490	2,0029407344459909
3500	2,0149847707195061	3500	2,0029407344459909
3510	1,9987206162084572	3510	2,0029407344459909
3520	2,0091403355117716	3520	2,0029407344459909
3530	2,0032483571905875	3530	2,0029407344459909
3540	2,0062718686339167	3540	2,0029407344459909
3550	2,0123987724807213	3550	2,0029407344459909
3560	1,9948037407738788	3560	2,0029407344459909
3570	2,004994783655655	3570	2,0029407344459909
3580	2,0000813918048035	3580	2,0029407344459909
3590	1,9967999520442259	3590	2,0029407344459909
3600	1,9971073685903855	3600	2,0029407344459909
3610	1,9898621283309517	3610	2,0029407344459909
3620	1,991445039387683	3620	2,0029407344459909
3630	1,9996534281656935	3630	2,0029407344459909
3640	1,9919840358711207	3640	2,0029407344459909
3650	2,0051614694572857	3650	2,0029407344459909
3660	1,991074686640828	3660	2,0029407344459909
3670	2,0028655129768893	3670	2,0029407344459909
3680	2,0029949310490078	3680	2,0029407344459909
3690	2,0037940635523936	3690	2,0029407344459909
3700	2,0068705723343214	3700	2,0029407344459909
3710	2,0042713276193886	3710	2,0029407344459909
3720	2,0101613638027294	3720	2,0029407344459909
3730	2,0109432374308414	3730	2,0029407344459909
3740	2,0077450896631523	3740	2,0029407344459909
3750	2,0113462632495169	3750	2,0029407344459909
3760	2,0130368148854334	3760	2,0029407344459909
3770	2,0138194723686871	3770	2,0029407344459909
3780	2,0098008203547595	3780	2,0029407344459909
3790	2,0072941131278519	3790	2,0029407344459909
3800	2,0052108502624657	3800	2,0029407344459909
3810	2,0023624950196561	3810	2,0029407344459909
3820	2,0045848604517786	3820	2,0029407344459909
3830	2,0020607666639476	3830	2,0029407344459909
3840	1,9998729260431851	3840	2,0029407344459909
3850	2,0000851301224118	3850	2,0029407344459909
3860	2,0028845676907769	3860	2,0029407344459909
3870	1,9988800903877673	3870	2,0029407344459909
3880	2,0006310058857	3880	2,0029407344459909
3890	2,01228691399432	3890	2,0029407344459909
3900	2,0025615849385634	3900	2,0029407344459909
3910	2,0006090306650313	3910	2,0029407344459909
3920	2,007102249554948	3920	2,0029407344459909
3930	2,0021561371353878	3930	2,0029407344459909
3940	2,0029762422426014	3940	2,0029407344459909
3950	2,0030319720742789	3950	2,0029407344459909
3960	2,0011050965662385	3960	2,0029407344459909
3970	2,0072737744822273	3970	2,0029407344459909
3980	2,0038873534610486	3980	2,0029407344459909
3990	2,004444494218065	3990	2,0029407344459909
4000	2,0055314495101388	4000	2,0029407344459909
4010	2,000795054414608	4010	2,0029407344459909
4020	2,006488426748624	4020	2,0029407344459909
4030	1,9958363541315265	4030	2,0029407344459909
4040	1,9963801455465662	4040	2,0029407344459909
4050	1,9911685320975563	4050	2,0029407344459909
4060	1,9776389153492033	4060	2,0029407344459909
4070	1,9894717275192821	4070	2,0029407344459909
4080	1,9766467018330989	4080	2,0029407344459909
4090	1,9701095121519145	4090	2,0029407344459909
4100	1,9781016391617898	4100	2,0029407344459909
4110	1,9786257863009329	4110	2,0029407344459909
4120	1,9804875383353879	4120	2,0029407344459909
4130	1,9856537014776317	4130	2,0029407344459909
4140	1,9807357236368448	4140	2,0029407344459909
4150	1,9781479544126546	4150	2,0029407344459909
4160	1,9756339325686811	4160	2,0029407344459909
4170	1,9699688855816486	4170	2,0029407344459909
4180	1,9716612622714838	4180	2,0029407344459909
4190	1,957464872902789	4190	2,0029407344459909
4200	1,9442426375922652	4200	2,0029407344459909
4210	1,92551693566232	4210	2,0029407344459909
4220	1,918651638364997	4220	2,0029407344459909
4230	1,9137829314167734	4230	2,0029407344459909
4240	1,9069609085008779	4240	2,0029407344459909
4250	1,9021245153567765	4250	2,0029407344459909
4260	1,8896737411439633	4260	2,0029407344459909
4270	1,8869366579813685	4270	2,0029407344459909
4280	1,8827019073169726	4280	2,0029407344459909
4290	1,8875772496252461	4290	2,0029407344459909
4300	1,8903103857233594	4300	2,0029407344459909
4310	1,894434437436253	4310	2,0029407344459909
4320	1,9032734999121459	4320	2,0029407344459909
4330	1,9108030159474216	4330	2,0029407344459909
4340	1,9107215511623155	4340	2,0029407344459909
4350	1,9117199424934226	4350	2,0029407344459909
4360	1,9098469712583057	4360	2,0029407344459909
4370	1,9172735276018793	4370	2,0029407344459909
4380	1,9198935513909126	4380	2,0029407344459909
4390	1,9254619411726095	4390	2,0029407344459909
4400	1,9312962078066649	4400	2,0029407344459909
4410	1,9312937567131741	4410	2,0029407344459909
4420	1,9522587762201331	4420	2,0029407344459909
4430	1,9575355545603994	4430	2,0029407344459909
4440	1,9607726191954056	4440	2,0029407344459909
4450	1,9732631591820491	4450	2,0029407344459909
4460	1,9864617609588615	4460	2,0029407344459909
4470	2,01008232771376	4470	2,0029407344459909
4480	2,0220318156683019	4480	2,0029407344459909
4490	2,0270611262059397	4490	2,0029407344459909
4500	2,0335969815100805	4500	2,0029407344459909
4510	2,0327614871537314	4510	2,0029407344459909
4520	2,0455386191684664	4520	2,0029407344459909
4530	2,0470292376244421	4530	2,0029407344459909
4540	2,0505788614880567	4540	2,0029407344459909
4550	2,0574466632196451	4550	2,0029407344459909
4560	2,0619260394430423	4560	2,0029407344459909
4570	2,0637872948699414	4570	2,0029407344459909
4580	2,0475366610141128	4580	2,0029407344459909
4590	2,0590096873440622	4590	2,0029407344459909
4600	2,0544998697090531	4600	2,0029407344459909
4610	2,0466227166020134	4610	2,0029407344459909
4620	2,0525682643512013	4620	2,0029407344459909
4630	2,0444563156090183	4630	2,0029407344459909
4640	2,0375823255259755	4640	2,0029407344459909
4650	2,0474936930562118	4650	2,0029407344459909
4660	2,0541036317350896	4660	2,0029407344459909
4670	2,0697699231614006	4670	2,0029407344459909
4680	2,0850329350979315	4680	2,0029407344459909
4690	2,0849278618217681	4690	2,0029407344459909
4700	2,1102060668929496	4700	2,0029407344459909
4710	2,1190189583039114	4710	2,0029407344459909
4720	2,1305705376904438	4720	2,0029407344459909
4730	2,1451751830430927	4730	2,0029407344459909
4740	2,1609386026579944	4740	2,0029407344459909
4750	2,1621621963100326	4750	2,0029407344459909
4760	2,154299075383638	4760	2,0029407344459909
4770	2,1468121164485057	4770	2,0029407344459909
4780	2,1356766732071932	4780	2,0029407344459909
4790	2,1142180948796909	4790	2,0029407344459909
4800	2,0912303782593957	4800	2,0029407344459909
4810	2,0612882029132935	4810	2,0029407344459909
4820	2,04232853824412	4820	2,0029407344459909
4830	2,0213139148304418	4830	2,0029407344459909
4840	2,0134622008653933	4840	2,0029407344459909
4850	2,0107921388583092	4850	2,0029407344459909
4860	2,0032037153186231	4860	2,0029407344459909
4870	1,9967196940671528	4870	2,0029407344459909
4880	2,0033068889045991	4880	2,0029407344459909
4890	1,992927350801577	4890	2,0029407344459909
4900	2,0049982116278446	4900	2,0029407344459909
4910	1,9974066993935642	4910	2,0029407344459909
4920	2,0121860863523473	4920	2,0029407344459909
4930	2,0072328254667573	4930	2,0029407344459909
4940	1,9939208571752234	4940	2,0029407344459909
4950	2,0054360885931448	4950	2,0029407344459909
4960	2,0064427911992304	4960	2,0029407344459909
4970	2,001941208426552	4970	2,0029407344459909
4980	2,0068296129847161	4980	2,0029407344459909
4990	2,0067068106659471	4990	2,0029407344459909
5000	2,0035754895695179	5000	2,0029407344459909
5010	2,0023991488950523	5010	2,0029407344459909
5020	2,004782391441589	5020	2,0029407344459909
5030	2,0056052715746535	5030	2,0029407344459909
5040	2,0007769136611104	5040	2,0029407344459909
5050	2,0092443004946752	5050	2,0029407344459909
5060	2,0002773331532495	5060	2,0029407344459909
5070	2,0066681813481431	5070	2,0029407344459909
5080	2,0047107180479458	5080	2,0029407344459909
5090	2,0073737779457721	5090	2,0029407344459909
5100	2,0033765907603911	5100	2,0029407344459909
5110	2,006236874287068	5110	2,0029407344459909
5120	2,0084356254985787	5120	2,0029407344459909
5130	1,9939311899746013	5130	2,0029407344459909
5140	2,00147255428083	5140	2,0029407344459909
5150	2,0018303396956689	5150	2,0029407344459909
5160	1,99688570837733	5160	2,0029407344459909
5170	1,9917193764316563	5170	2,0029407344459909
5180	1,9956881163897675	5180	2,0029407344459909
5190	1,9924822842721559	5190	2,0029407344459909
5200	1,9978940862537256	5200	2,0029407344459909
5210	1,9986659711409063	5210	2,0029407344459909
5220	2,00409234255436	5220	2,0029407344459909
5230	2,0059585715114103	5230	2,0029407344459909
5240	2,0061204539265978	5240	2,0029407344459909
5250	2,0030033194086032	5250	2,0029407344459909
5260	2,0083877834065618	5260	2,0029407344459909
5270	2,0069422758688118	5270	2,0029407344459909
5280	2,00094748667592	5280	2,0029407344459909
5290	1,9999027509333667	5290	2,0029407344459909
5300	2,0108746920091187	5300	2,0029407344459909
5310	2,0070708444662158	5310	2,0029407344459909
5320	1,9966303901030464	5320	2,0029407344459909
5330	2,0008647647241542	5330	2,0029407344459909
5340	2,0030596219797516	5340	2,0029407344459909
5350	2,0062726417916883	5350	2,0029407344459909
5360	2,0018009026099151	5360	2,0029407344459909
5370	2,0032432133728655	5370	2,0029407344459909
5380	2,00101332292427	5380	2,0029407344459909
5390	2,0056227894987	5390	2,0029407344459909
5400	1,998373350945184	5400	2,0029407344459909
5410	2,0028706536256378	5410	2,0029407344459909
5420	2,00470882267531	5420	2,0029407344459909
5430	2,0027575281124985	5430	2,0029407344459909
5440	2,0017425125156834	5440	2,0029407344459909
5450	2,0047929421156452	5450	2,0029407344459909
5460	2,0042722552723786	5460	2,0029407344459909
5470	1,9975179267629741	5470	2,0029407344459909
5480	2,0062466787543514	5480	2,0029407344459909
5490	2,0018696778165319	5490	2,0029407344459909
5500	1,9998955660309434	5500	2,0029407344459909
5510	1,9943702752717618	5510	2,0029407344459909
5520	1,9687489887521243	5520	2,0029407344459909
5530	1,9458020948577968	5530	2,0029407344459909
5540	1,9403787878899239	5540	2,0029407344459909
5550	1,9529751219328473	5550	2,0029407344459909
5560	1,9559585212664663	5560	2,0029407344459909
5570	1,9642988061093032	5570	2,0029407344459909
5580	1,973226475532	5580	2,0029407344459909
5590	1,9808415238068537	5590	2,0029407344459909
5600	1,9811644166433169	5600	2,0029407344459909
5610	1,9803102302247826	5610	2,0029407344459909
5620	1,9868753914827604	5620	2,0029407344459909
5630	1,9848278332139735	5630	2,0029407344459909
5640	1,9869225915941309	5640	2,0029407344459909
5650	1,9861350410210275	5650	2,0029407344459909
5660	1,9895056517716547	5660	2,0029407344459909
5670	1,9937947813833334	5670	2,0029407344459909
5680	1,9840912149277612	5680	2,0029407344459909
5690	1,978170723122326	5690	2,0029407344459909
5700	1,9780383191523514	5700	2,0029407344459909
5710	1,9700764446770256	5710	2,0029407344459909
5720	1,9642660570549273	5720	2,0029407344459909
5730	1,9604000932383991	5730	2,0029407344459909
5740	1,9496127918752784	5740	2,0029407344459909
5750	1,9498311908632449	5750	2,0029407344459909
5760	1,9427529616916734	5760	2,0029407344459909
5770	1,9411974661535183	5770	2,0029407344459909
5780	1,9455707673151261	5780	2,0029407344459909
5790	1,9407968094311396	5790	2,0029407344459909
5800	1,9397387298536648	5800	2,0029407344459909
5810	1,9407687341190529	5810	2,0029407344459909
5820	1,9396308069659893	5820	2,0029407344459909
5830	1,9465718944655652	5830	2,0029407344459909
5840	1,9389643254403532	5840	2,0029407344459909
5850	1,9484003559286434	5850	2,0029407344459909
5860	1,9424147852549991	5860	2,0029407344459909
5870	1,9436628168770609	5870	2,0029407344459909
5880	1,9465129027985402	5880	2,0029407344459909
5890	1,9559248738323243	5890	2,0029407344459909
5900	1,9499437860243409	5900	2,0029407344459909
5910	1,9543275206314936	5910	2,0029407344459909
5920	1,9592005539693869	5920	2,0029407344459909
5930	1,9676269663075097	5930	2,0029407344459909
5940	1,9635336687804	5940	2,0029407344459909
5950	1,9666406975011626	5950	2,0029407344459909
5960	1,9599199592509171	5960	2,0029407344459909
5970	1,9694092317453871	5970	2,0029407344459909
5980	1,9633468790120014	5980	2,0029407344459909
5990	1,9645929365695034	5990	2,0029407344459909
6000	1,9640584969996162	6000	2,0029407344459909
6010	1,9621409964339582	6010	2,0029407344459909
6020	1,9589658225681239	6020	2,0029407344459909
6030	1,9552914250565348	6030	2,0029407344459909
6040	1,9582541067838637	6040	2,0029407344459909
6050	1,9529890969235675	6050	2,0029407344459909
6060	1,9481145488392668	6060	2,0029407344459909
6070	1,9421550245354409	6070	2,0029407344459909
6080	1,9303695778303522	6080	2,0029407344459909
6090	1,9302935755946988	6090	2,0029407344459909
6100	1,9311698580481362	6100	2,0029407344459909
6110	1,9298923973106676	6110	2,0029407344459909
6120	1,923964887416755	6120	2,0029407344459909
6130	1,9107982149807103	6130	2,0029407344459909
6140	1,9084628194002553	6140	2,0029407344459909
6150	1,8967438870468323	6150	2,0029407344459909
6160	1,8866521452523815	6160	2,0029407344459909
6170	1,8889706486008571	6170	2,0029407344459909
6180	1,8805118036311193	6180	2,0029407344459909
6190	1,8929523922059692	6190	2,0029407344459909
6200	1,9053952541655415	6200	2,0029407344459909
6210	1,9098228182396237	6210	2,0029407344459909
6220	1,9276482777675525	6220	2,0029407344459909
6230	1,9307248470924749	6230	2,0029407344459909
6240	1,9326828388974775	6240	2,0029407344459909
6250	1,9357065000230627	6250	2,0029407344459909
6260	1,9334039132606522	6260	2,0029407344459909
6270	1,9399325316585783	6270	2,0029407344459909
6280	1,9367016105483588	6280	2,0029407344459909
6290	1,9366600308604252	6290	2,0029407344459909
6300	1,9411304826959643	6300	2,0029407344459909
6310	1,9328456243717609	6310	2,0029407344459909
6320	1,935281634307132	6320	2,0029407344459909
6330	1,9217034999815423	6330	2,0029407344459909
6340	1,9285273748447018	6340	2,0029407344459909
6350	1,9199681906045081	6350	2,0029407344459909
6360	1,9108533010542042	6360	2,0029407344459909
6370	1,9209760867675572	6370	2,0029407344459909
6380	1,9161547949150943	6380	2,0029407344459909
6390	1,9134814130485909	6390	2,0029407344459909
6400	1,9204918280628691	6400	2,0029407344459909
6410	1,9137109153018459	6410	2,0029407344459909
6420	1,9267257313487995	6420	2,0029407344459909
6430	1,9391187481505785	6430	2,0029407344459909
6440	1,9603438440035621	6440	2,0029407344459909
6450	1,9721258291359636	6450	2,0029407344459909
6460	1,9900277658777794	6460	2,0029407344459909
6470	2,0152417867546077	6470	2,0029407344459909
6480	2,0365257247858448	6480	2,0029407344459909
6490	2,0547523845059068	6490	2,0029407344459909
6500	2,0757323885260757	6500	2,0029407344459909
6510	2,08101239189108	6510	2,0029407344459909
6520	2,1043222545922378	6520	2,0029407344459909
6530	2,1064623129456788	6530	2,0029407344459909
6540	2,1226502867534736	6540	2,0029407344459909
6550	2,1340259173843386	6550	2,0029407344459909
6560	2,1455593446628054	6560	2,0029407344459909
6570	2,1564741800467049	6570	2,0029407344459909
6580	2,1615184015070872	6580	2,0029407344459909
6590	2,1701642721213421	6590	2,0029407344459909
6600	2,1671198873296413	6600	2,0029407344459909
6610	2,1696082829408825	6610	2,0029407344459909
6620	2,1840422514781528	6620	2,0029407344459909
6630	2,1847444659416722	6630	2,0029407344459909
6640	2,1997668460280986	6640	2,0029407344459909
6650	2,212610165180906	6650	2,0029407344459909
6660	2,2255115710852467	6660	2,0029407344459909
6670	2,2409758154664	6670	2,0029407344459909
6680	2,2511376160740628	6680	2,0029407344459909
6690	2,2569735318786233	6690	2,0029407344459909
6700	2,2583376706913363	6700	2,0029407344459909
6710	2,2572486037735437	6710	2,0029407344459909
6720	2,2499706807125923	6720	2,0029407344459909
6730	2,2323359831674612	6730	2,0029407344459909
6740	2,2056880729847039	6740	2,0029407344459909
6750	2,1790038330870756	6750	2,0029407344459909
6760	2,1464177241103704	6760	2,0029407344459909
6770	2,1341235761930353	6770	2,0029407344459909
6780	2,0961822868242441	6780	2,0029407344459909
6790	2,080357473904769	6790	2,0029407344459909
6800	2,0726802590099007	6800	2,0029407344459909
6810	2,0539399669158538	6810	2,0029407344459909
6820	2,0533997563884778	6820	2,0029407344459909
6830	2,037883240270939	6830	2,0029407344459909
6840	2,0233685647073436	6840	2,0029407344459909
6850	2,0250594683848711	6850	2,0029407344459909
6860	2,019087563862902	6860	2,0029407344459909
6870	2,0178783064929213	6870	2,0029407344459909
6880	2,0056483926264335	6880	2,0029407344459909
6890	2,0021248904895348	6890	2,0029407344459909
6900	2,0010652984598831	6900	2,0029407344459909
6910	1,9956399988008622	6910	2,0029407344459909
6920	1,996592682276062	6920	2,0029407344459909
6930	1,9964174657124838	6930	2,0029407344459909
6940	1,9951035977613136	6940	2,0029407344459909
6950	1,9976728929879881	6950	2,0029407344459909
6960	1,9938304806142693	6960	2,0029407344459909
6970	1,9926478354214474	6970	2,0029407344459909
6980	1,9907286691477228	6980	2,0029407344459909
6990	1,9980385744070537	6990	2,0029407344459909
7000	2,0081672863121973	7000	2,0029407344459909
7010	2,0001781034419936	7010	2,0029407344459909
7020	2,0052266723009664	7020	2,0029407344459909
7030	2,0018932406009364	7030	2,0029407344459909
7040	2,0085786225497575	7040	2,0029407344459909
7050	2,0026386273067081	7050	2,0029407344459909
7060	2,0059084671441481	7060	2,0029407344459909
7070	2,0064972863764945	7070	2,0029407344459909
7080	2,00432155434018	7080	2,0029407344459909
7090	2,00229135896652	7090	2,0029407344459909
7100	2,0099081012512316	7100	2,0029407344459909
7110	2,0041518335709565	7110	2,0029407344459909
7120	1,9970085169430005	7120	2,0029407344459909
7130	2,0007699716655551	7130	2,0029407344459909
7140	2,0021941775798933	7140	2,0029407344459909
7150	2,0009199981820576	7150	2,0029407344459909
7160	2,0051048291412261	7160	2,0029407344459909
7170	2,0011836646900614	7170	2,0029407344459909
7180	2,0020271164625241	7180	2,0029407344459909
7190	2,0003203458574825	7190	2,0029407344459909
7200	2,0058473322705854	7200	2,0029407344459909
7210	2,00503248569391	7210	2,0029407344459909
7220	2,0090523786938013	7220	2,0029407344459909
7230	2,0020989764044304	7230	2,0029407344459909
7240	2,005056519642336	7240	2,0029407344459909
7250	2,0034237469825005	7250	2,0029407344459909
7260	2,0034484057718656	7260	2,0029407344459909
7270	2,0014668659484487	7270	2,0029407344459909
7280	1,9965908750354311	7280	2,0029407344459909
7290	1,997613083700128	7290	2,0029407344459909
7300	2,0046066541042311	7300	2,0029407344459909
7310	1,9964914101554987	7310	2,0029407344459909
7320	2,000188824049097	7320	2,0029407344459909
7330	1,993581623423073	7330	2,0029407344459909
7340	1,9935337196410004	7340	2,0029407344459909
7350	1,9652391484942458	7350	2,0029407344459909
7360	1,9439913305481893	7360	2,0029407344459909
7370	1,9425708539074957	7370	2,0029407344459909
7380	1,9471388029087411	7380	2,0029407344459909
7390	1,9599782871666891	7390	2,0029407344459909
7400	1,9770858267983344	7400	2,0029407344459909
7410	1,976001329933319	7410	2,0029407344459909
7420	1,983103562183075	7420	2,0029407344459909
7430	1,9869137760517281	7430	2,0029407344459909
7440	1,9923783022996018	7440	2,0029407344459909
7450	1,9908354119496527	7450	2,0029407344459909
7460	1,9842471107603616	7460	2,0029407344459909
7470	1,9923019828527684	7470	2,0029407344459909
7480	1,9840842031393198	7480	2,0029407344459909
7490	1,9746375861579084	7490	2,0029407344459909
7500	1,9771332218099733	7500	2,0029407344459909
7510	1,9687219874286468	7510	2,0029407344459909
7520	1,9615924381158747	7520	2,0029407344459909
7530	1,9618687846109371	7530	2,0029407344459909
7540	1,9610717925139642	7540	2,0029407344459909
7550	1,9527508314919873	7550	2,0029407344459909
7560	1,9498409982983294	7560	2,0029407344459909
7570	1,9388963226938811	7570	2,0029407344459909
7580	1,9316485126884526	7580	2,0029407344459909
7590	1,9314411187721854	7590	2,0029407344459909
7600	1,9265543663503291	7600	2,0029407344459909
7610	1,9165699875330988	7610	2,0029407344459909
7620	1,9188327775441572	7620	2,0029407344459909
7630	1,9113847364419341	7630	2,0029407344459909
7640	1,8990916067453982	7640	2,0029407344459909
7650	1,9034980295661059	7650	2,0029407344459909
7660	1,9010926829950972	7660	2,0029407344459909
7670	1,9031679844428204	7670	2,0029407344459909
7680	1,910525389823742	7680	2,0029407344459909
7690	1,9061045815385418	7690	2,0029407344459909
7700	1,9159659278857895	7700	2,0029407344459909
7710	1,9078244506854407	7710	2,0029407344459909
7720	1,9037816679598025	7720	2,0029407344459909
7730	1,9075276308791915	7730	2,0029407344459909
7740	1,9040165071904154	7740	2,0029407344459909
7750	1,9077257748123779	7750	2,0029407344459909
7760	1,90078703707779	7760	2,0029407344459909
7770	1,9053134417779205	7770	2,0029407344459909
7780	1,9023073474446521	7780	2,0029407344459909
7790	1,904862545543641	7790	2,0029407344459909
7800	1,9224698897698476	7800	2,0029407344459909
7810	1,9164176372086308	7810	2,0029407344459909
7820	1,9328635509631731	7820	2,0029407344459909
7830	1,9352556282653346	7830	2,0029407344459909
7840	1,9538734509736218	7840	2,0029407344459909
7850	1,9619592006930811	7850	2,0029407344459909
7860	1,9695483962696976	7860	2,0029407344459909
7870	1,9872206116963724	7870	2,0029407344459909
7880	1,9991991769339021	7880	2,0029407344459909
7890	2,0124593123710746	7890	2,0029407344459909
7900	2,0270186966452624	7900	2,0029407344459909
7910	2,0379292707842369	7910	2,0029407344459909
7920	2,0568707893209526	7920	2,0029407344459909
7930	2,064391916876696	7930	2,0029407344459909
7940	2,0756455190429923	7940	2,0029407344459909
7950	2,0910249642928793	7950	2,0029407344459909
7960	2,1082549324415867	7960	2,0029407344459909
7970	2,1226508400459876	7970	2,0029407344459909
7980	2,145151162414856	7980	2,0029407344459909
7990	2,1657428507034293	7990	2,0029407344459909
8000	2,1938080286339678	8000	2,0029407344459909
8010	2,2215977599475272	8010	2,0029407344459909
8020	2,2473443867664864	8020	2,0029407344459909
8030	2,2580356731791342	8030	2,0029407344459909
8040	2,2717638142111172	8040	2,0029407344459909
8050	2,2633680271388856	8050	2,0029407344459909
8060	2,2488125706744109	8060	2,0029407344459909
8070	2,22869843747066	8070	2,0029407344459909
8080	2,1892960366835643	8080	2,0029407344459909
8090	2,1588669320433871	8090	2,0029407344459909
8100	2,1112572463939108	8100	2,0029407344459909
8110	2,0731989638424038	8110	2,0029407344459909
8120	2,0473321046829067	8120	2,0029407344459909
8130	2,0291093266092473	8130	2,0029407344459909
8140	2,0117004315852407	8140	2,0029407344459909
8150	2,0033338441048194	8150	2,0029407344459909
8160	1,9958085495589	8160	2,0029407344459909
8170	1,9958794030540963	8170	2,0029407344459909
8180	1,9980138167534767	8180	2,0029407344459909
8190	1,9913203896608493	8190	2,0029407344459909
8200	2,0008623355026405	8200	2,0029407344459909
8210	2,0007963787676397	8210	2,0029407344459909
8220	2,0023458591909158	8220	2,0029407344459909
8230	2,0005604798327337	8230	2,0029407344459909
8240	2,0046727002666156	8240	2,0029407344459909
8250	2,0069612361260489	8250	2,0029407344459909
8260	2,0035131501687644	8260	2,0029407344459909
8270	2,0110425623180861	8270	2,0029407344459909
8280	2,0016155957520443	8280	2,0029407344459909
8290	2,0040636567534333	8290	2,0029407344459909
8300	2,0052838238249766	8300	2,0029407344459909
8310	2,0009590836746831	8310	2,0029407344459909
8320	2,0047572000181626	8320	2,0029407344459909
8330	2,0068489979429858	8330	2,0029407344459909
8340	2,0032369045064069	8340	2,0029407344459909
8350	2,0047220656672433	8350	2,0029407344459909
8360	2,0058697886012284	8360	2,0029407344459909
8370	2,0022104437585817	8370	2,0029407344459909
8380	2,0031719184807582	8380	2,0029407344459909
8390	2,0084149418289421	8390	2,0029407344459909
8400	2,0020034606080639	8400	2,0029407344459909
8410	1,9945740754895489	8410	2,0029407344459909
8420	2,0036987855112427	8420	2,0029407344459909
8430	2,0028228913550032	8430	2,0029407344459909
8440	2,0088976057393433	8440	2,0029407344459909
8450	2,0057430645298	8450	2,0029407344459909
8460	1,9985391585143706	8460	2,0029407344459909
8470	2,0101542787880957	8470	2,0029407344459909
8480	2,0067630401351311	8480	2,0029407344459909
8490	2,0037960147803631	8490	2,0029407344459909
8500	2,00909900450433	8500	2,0029407344459909
8510	2,0040635459948151	8510	2,0029407344459909
8520	2,0018926636390244	8520	2,0029407344459909
8530	1,9995509388731163	8530	2,0029407344459909
8540	2,0035504245900411	8540	2,0029407344459909
8550	2,0116049279521535	8550	2,0029407344459909
8560	1,9990109255328221	8560	2,0029407344459909
8570	2,0012956218306108	8570	2,0029407344459909
8580	1,9989174548185344	8580	2,0029407344459909
8590	1,9999210313267666	8590	2,0029407344459909
8600	2,0066077861189671	8600	2,0029407344459909
8610	2,0044428647899419	8610	2,0029407344459909
8620	2,0046817688182923	8620	2,0029407344459909
8630	2,0011279571725762	8630	2,0029407344459909
8640	2,0018546745949131	8640	2,0029407344459909
8650	2,0066027882264548	8650	2,0029407344459909
8660	2,0011468105363592	8660	2,0029407344459909
8670	2,0060225469193229	8670	2,0029407344459909
8680	2,0028324432656346	8680	2,0029407344459909
8690	2,0032663539138831	8690	2,0029407344459909
8700	2,0070360864184931	8700	2,0029407344459909
8710	1,9996319133275735	8710	2,0029407344459909
8720	2,0136670359774307	8720	2,0029407344459909
8730	2,0043632844057298	8730	2,0029407344459909
8740	2,0086091816422478	8740	2,0029407344459909
8750	1,9985026990791397	8750	2,0029407344459909
8760	1,9994108469670939	8760	2,0029407344459909
8770	2,0036894777833263	8770	2,0029407344459909
8780	2,0016777167646591	8780	2,0029407344459909
8790	2,0070654006933841	8790	2,0029407344459909
8800	2,0013355455479855	8800	2,0029407344459909
8810	2,0097913879785869	8810	2,0029407344459909
8820	1,9935304905029643	8820	2,0029407344459909
8830	2,0044714453617347	8830	2,0029407344459909
8840	2,0047367008239654	8840	2,0029407344459909
8850	2,0006661055077268	8850	2,0029407344459909
8860	2,0041664079480741	8860	2,0029407344459909
8870	2,0041354524540633	8870	2,0029407344459909
8880	1,9989219486880945	8880	2,0029407344459909
8890	2,0072528159246721	8890	2,0029407344459909
8900	2,00821647511766	8900	2,0029407344459909
8910	2,0005883026748581	8910	2,0029407344459909
8920	2,00478249256106	8920	2,0029407344459909
8930	2,0053262657737259	8930	2,0029407344459909
8940	2,0030722840867705	8940	2,0029407344459909
8950	2,0091405271463385	8950	2,0029407344459909
8960	2,007224073401809	8960	2,0029407344459909
8970	1,9946863401347121	8970	2,0029407344459909
8980	2,0005201087111386	8980	2,0029407344459909
8990	1,99732376814959	8990	2,0029407344459909
9000	2,0046767811268529	9000	2,0029407344459909
9010	2,0081516602416443	9010	2,0029407344459909
9020	2,0015313239644934	9020	2,0029407344459909
9030	2,0007775471367921	9030	2,0029407344459909
9040	2,0011982355652362	9040	2,0029407344459909
9050	1,9994930069300869	9050	2,0029407344459909
9060	1,9976163648744958	9060	2,0029407344459909
9070	2,0047297841139704	9070	2,0029407344459909
9080	2,00016892218535	9080	2,0029407344459909
9090	1,9994336176001246	9090	2,0029407344459909
9100	2,0102404670683685	9100	2,0029407344459909
9110	1,9984226095704027	9110	2,0029407344459909
9120	2,0034121209308742	9120	2,0029407344459909
9130	2,0028382747087008	9130	2,0029407344459909
9140	2,0058961152022938	9140	2,0029407344459909
9150	1,9976690296805861	9150	2,0029407344459909
9160	1,9965742938137359	9160	2,0029407344459909
9170	2,00678555778625	9170	2,0029407344459909
9180	2,0073031961970793	9180	2,0029407344459909
9190	2,0008344321680376	9190	2,0029407344459909
9200	2,0012370594559954	9200	2,0029407344459909
9210	2,0098527853841821	9210	2,0029407344459909
9220	2,0013310847720529	9220	2,0029407344459909
9230	2,0034464819446924	9230	2,0029407344459909
9240	2,0044373752788207	9240	2,0029407344459909
9250	2,0018202446225093	9250	2,0029407344459909
9260	2,00106339821361	9260	2,0029407344459909
9270	2,0002321757753325	9270	2,0029407344459909
9280	2,00453852066737	9280	2,0029407344459909
9290	2,0025236442950796	9290	2,0029407344459909
9300	2,0075631970541572	9300	2,0029407344459909
9310	1,997937942611669	9310	2,0029407344459909
9320	2,0057480358473017	9320	2,0029407344459909
9330	2,0089044346563893	9330	2,0029407344459909
9340	1,9930762092599395	9340	2,0029407344459909
9350	2,0051448245922376	9350	2,0029407344459909
9360	1,9984836393135215	9360	2,0029407344459909
9370	2,0045878696157127	9370	2,0029407344459909
9380	2,0079559192459753	9380	2,0029407344459909
9390	2,0015106205777773	9390	2,0029407344459909
9400	2,003348762630333	9400	2,0029407344459909
9410	1,9992315509820218	9410	2,0029407344459909
9420	2,0052371814370442	9420	2,0029407344459909
9430	1,9966358807561155	9430	2,0029407344459909
9440	2,0048416379589877	9440	2,0029407344459909
9450	2,0001804086863313	9450	2,0029407344459909
9460	2,003772767859223	9460	2,0029407344459909
9470	2,0045466875193521	9470	2,0029407344459909
9480	2,0073577133255265	9480	2,0029407344459909
9490	2,0102892522738767	9490	2,0029407344459909
9500	1,9961829792020449	9500	2,0029407344459909
9510	1,9985568374131573	9510	2,0029407344459909
9520	2,0031906781313031	9520	2,0029407344459909
9530	2,0040337231571197	9530	2,0029407344459909
9540	2,0068612981747886	9540	2,0029407344459909
9550	2,0083203387814308	9550	2,0029407344459909
9560	1,9968886942878603	9560	2,0029407344459909
9570	2,0028849092403016	9570	2,0029407344459909
9580	2,0066933900497235	9580	2,0029407344459909
9590	2,0059954008288434	9590	2,0029407344459909
9600	2,0026378135945606	9600	2,0029407344459909
9610	2,0015163400691156	9610	2,0029407344459909
9620	2,0028798085141979	9620	2,0029407344459909
9630	2,0049488629698695	9630	2,0029407344459909
9640	2,006888241121934	9640	2,0029407344459909
9650	2,0011658834706365	9650	2,0029407344459909
9660	2,0029345831052963	9660	2,0029407344459909
9670	2,0041910406652956	9670	2,0029407344459909
9680	2,0044215820195426	9680	2,0029407344459909
9690	2,0032718619903749	9690	2,0029407344459909
9700	1,9980394507542627	9700	2,0029407344459909
9710	2,0019646661994113	9710	2,0029407344459909
9720	2,005137467964591	9720	2,0029407344459909
9730	2,0056880431343966	9730	2,0029407344459909
9740	1,9959689027969185	9740	2,0029407344459909
9750	1,9986773102997404	9750	2,0029407344459909
9760	2,0053827774805688	9760	2,0029407344459909
9770	2,0104196785988879	9770	2,0029407344459909
9780	1,9970398466420862	9780	2,0029407344459909
9790	2,0053138165448088	9790	2,0029407344459909
9800	1,999547871000682	9800	2,0029407344459909
9810	2,0028112893962264	9810	2,0029407344459909
9820	2,0011053490504951	9820	2,0029407344459909
9830	2,0012360087961572	9830	2,0029407344459909
9840	2,0055529468619904	9840	2,0029407344459909
9850	1,9943465609829127	9850	2,0029407344459909
9860	1,9982558383574256	9860	2,0029407344459909
9870	1,9963916426259	9870	2,0029407344459909
9880	1,9971454109008038	9880	2,0029407344459909
9890	1,991035266410492	9890	2,0029407344459909
9900	1,9936989597880288	9900	2,0029407344459909
9910	1,9963245273604517	9910	2,0029407344459909
9920	2,0027485688018567	9920	2,0029407344459909
9930	1,9937666624374559	9930	2,0029407344459909
9940	1,9798408332122435	9940	2,0029407344459909
9950	1,9836002020274011	9950	2,0029407344459909
9960	1,9761141029923142	9960	2,0029407344459909
9970	1,9863543072719017	9970	2,0029407344459909
9980	1,9877218267283725	9980	2,0029407344459909
9990	1,9934084518885964	9990	2,0029407344459909
10000	1,9923234444978863	10000	2,0029407344459909
10010	1,9904413579327853	10010	2,0029407344459909
10020	1,990892847651291	10020	2,0029407344459909
10030	1,9795223986110395	10030	2,0029407344459909
10040	1,9831339834250823	10040	2,0029407344459909
10050	1,9750109552500073	10050	2,0029407344459909
10060	1,9703742948410277	10060	2,0029407344459909
10070	1,9754293105422018	10070	2,0029407344459909
10080	1,9627149434403011	10080	2,0029407344459909
10090	1,9514644416588736	10090	2,0029407344459909
10100	1,9455220160556124	10100	2,0029407344459909
10110	1,9347593870843145	10110	2,0029407344459909
10120	1,919692493128129	10120	2,0029407344459909
10130	1,9161129021853833	10130	2,0029407344459909
10140	1,9172237497509181	10140	2,0029407344459909
10150	1,9093109447062009	10150	2,0029407344459909
10160	1,8956750127412958	10160	2,0029407344459909
10170	1,892423388803878	10170	2,0029407344459909
10180	1,8939112347519327	10180	2,0029407344459909
10190	1,8929182173415589	10190	2,0029407344459909
10200	1,8945162997870391	10200	2,0029407344459909
10210	1,8911890306981265	10210	2,0029407344459909
10220	1,9085025354933043	10220	2,0029407344459909
10230	1,9031095740779449	10230	2,0029407344459909
10240	1,9133445756723067	10240	2,0029407344459909
10250	1,9246241135332527	10250	2,0029407344459909
10260	1,914545021448375	10260	2,0029407344459909
10270	1,9338675272915191	10270	2,0029407344459909
10280	1,9305079862752193	10280	2,0029407344459909
10290	1,9346650092438091	10290	2,0029407344459909
10300	1,9357335248591312	10300	2,0029407344459909
10310	1,9331129538297276	10310	2,0029407344459909
10320	1,9420774983367171	10320	2,0029407344459909
10330	1,9397772607233295	10330	2,0029407344459909
10340	1,9467519052211078	10340	2,0029407344459909
10350	1,9541663380613663	10350	2,0029407344459909
10360	1,9466206654186973	10360	2,0029407344459909
10370	1,9445703415149618	10370	2,0029407344459909
10380	1,9367081985986161	10380	2,0029407344459909
10390	1,9449974289134584	10390	2,0029407344459909
10400	1,9377462753117651	10400	2,0029407344459909
10410	1,9373624381874173	10410	2,0029407344459909
10420	1,941814815158593	10420	2,0029407344459909
10430	1,9365732060835716	10430	2,0029407344459909
10440	1,9364448754312607	10440	2,0029407344459909
10450	1,9466786416488207	10450	2,0029407344459909
10460	1,9535938074040882	10460	2,0029407344459909
10470	1,9652423780216077	10470	2,0029407344459909
10480	1,9821473657979478	10480	2,0029407344459909
10490	1,9925480898591905	10490	2,0029407344459909
10500	2,0024997877925879	10500	2,0029407344459909
10510	2,0065281429444664	10510	2,0029407344459909
10520	2,014607773897672	10520	2,0029407344459909
10530	2,0199640840145623	10530	2,0029407344459909
10540	2,02152416667498	10540	2,0029407344459909
10550	2,0354003230563231	10550	2,0029407344459909
10560	2,0326039179584559	10560	2,0029407344459909
10570	2,0393206530659	10570	2,0029407344459909
10580	2,0508735230494448	10580	2,0029407344459909
10590	2,0571848891817925	10590	2,0029407344459909
10600	2,0832416699733258	10600	2,0029407344459909
10610	2,1053849549274846	10610	2,0029407344459909
10620	2,1345050605497935	10620	2,0029407344459909
10630	2,1565329957158594	10630	2,0029407344459909
10640	2,1873095689716173	10640	2,0029407344459909
10650	2,2139913195884491	10650	2,0029407344459909
10660	2,2368179802570047	10660	2,0029407344459909
10670	2,2575971283313914	10670	2,0029407344459909
10680	2,2570926755940253	10680	2,0029407344459909
10690	2,2612473444167058	10690	2,0029407344459909
10700	2,2557806665923197	10700	2,0029407344459909
10710	2,2465586770402552	10710	2,0029407344459909
10720	2,2338606076010272	10720	2,0029407344459909
10730	2,1891450474976679	10730	2,0029407344459909
10740	2,1385569838899183	10740	2,0029407344459909
10750	2,1072067993979253	10750	2,0029407344459909
10760	2,0641589694664271	10760	2,0029407344459909
10770	2,0335928418234168	10770	2,0029407344459909
10780	2,0131121450258815	10780	2,0029407344459909
10790	2,0043716931916906	10790	2,0029407344459909
10800	1,9938707627334971	10800	2,0029407344459909
10810	1,9898201060985263	10810	2,0029407344459909
10820	1,9940508784044164	10820	2,0029407344459909
10830	1,9985555713544159	10830	2,0029407344459909
10840	2,0063347682460453	10840	2,0029407344459909
10850	2,0094205025750371	10850	2,0029407344459909
10860	2,0008783602063787	10860	2,0029407344459909
10870	2,0109701405046403	10870	2,0029407344459909
10880	2,0125236227955803	10880	2,0029407344459909
10890	2,0014720131459356	10890	2,0029407344459909
10900	2,0013985454860883	10900	2,0029407344459909
10910	1,9989048242345664	10910	2,0029407344459909
10920	2,0004037881674144	10920	2,0029407344459909
10930	2,0073153037174345	10930	2,0029407344459909
10940	2,003232323534335	10940	2,0029407344459909
10950	2,0046426569244327	10950	2,0029407344459909
10960	1,9988388776025312	10960	2,0029407344459909
10970	1,9981384146152834	10970	2,0029407344459909
10980	2,0140964395254315	10980	2,0029407344459909
10990	1,9994565113752563	10990	2,0029407344459909
11000	2,000102676216855	11000	2,0029407344459909
11010	2,0066105539927763	11010	2,0029407344459909
11020	2,0032413444611006	11020	2,0029407344459909
11030	2,007998417540545	11030	2,0029407344459909
11040	2,0041365504851161	11040	2,0029407344459909
11050	2,001429167590266	11050	2,0029407344459909
11060	1,9962113533151067	11060	2,0029407344459909
11070	1,993816904147141	11070	2,0029407344459909
11080	1,9982662401581077	11080	2,0029407344459909
11090	2,0091948561019732	11090	2,0029407344459909
11100	2,004957234761986	11100	2,0029407344459909
11110	2,0058429341567381	11110	2,0029407344459909
11120	2,0016256128412229	11120	2,0029407344459909
11130	2,0126848221400788	11130	2,0029407344459909
11140	2,0002081482035194	11140	2,0029407344459909
11150	2,000984632065733	11150	2,0029407344459909
11160	2,0021699613521484	11160	2,0029407344459909
11170	2,007784957255053	11170	2,0029407344459909
11180	2,0030614886281564	11180	2,0029407344459909
11190	1,9939918328264703	11190	2,0029407344459909
11200	2,006358919054108	11200	2,0029407344459909
11210	2,0024482576704727	11210	2,0029407344459909
11220	2,0047676528567404	11220	2,0029407344459909
11230	2,0053976341820059	11230	2,0029407344459909
11240	1,9961089593929886	11240	2,0029407344459909
11250	1,9991625019463006	11250	2,0029407344459909
11260	2,0048913169628655	11260	2,0029407344459909
11270	2,0115915323654878	11270	2,0029407344459909
11280	1,9921263814869343	11280	2,0029407344459909
11290	1,9920953785745947	11290	2,0029407344459909
11300	1,977689902217076	11300	2,0029407344459909
11310	1,981073455109204	11310	2,0029407344459909
11320	1,9853811975118187	11320	2,0029407344459909
11330	1,9817527150497032	11330	2,0029407344459909
11340	1,9936942448850843	11340	2,0029407344459909
11350	1,9960832979431347	11350	2,0029407344459909
11360	1,995506242747692	11360	2,0029407344459909
11370	1,9987174371000549	11370	2,0029407344459909
11380	2,0038469579905813	11380	2,0029407344459909
11390	2,0017948906223682	11390	2,0029407344459909
11400	2,0169788781434672	11400	2,0029407344459909
11410	2,0131414886462444	11410	2,0029407344459909
11420	2,0137493464448655	11420	2,0029407344459909
11430	2,0175590944773392	11430	2,0029407344459909
11440	2,0119305386603266	11440	2,0029407344459909
11450	2,0127231979524645	11450	2,0029407344459909
11460	2,0074727079764223	11460	2,0029407344459909
11470	2,013436363789463	11470	2,0029407344459909
11480	2,0121133096201449	11480	2,0029407344459909
11490	2,0123697066480659	11490	2,0029407344459909
11500	2,0009508323240732	11500	2,0029407344459909
11510	2,004961689619102	11510	2,0029407344459909
11520	2,0039543513494049	11520	2,0029407344459909
11530	2,0032485131807043	11530	2,0029407344459909
11540	1,9997249988623818	11540	2,0029407344459909
11550	2,0037684309154855	11550	2,0029407344459909
11560	2,0011596584497955	11560	2,0029407344459909
11570	2,00345974475408	11570	2,0029407344459909
11580	2,0050176603254695	11580	2,0029407344459909
11590	2,0066095200727485	11590	2,0029407344459909
11600	2,0064437609157917	11600	2,0029407344459909
11610	2,003358873795869	11610	2,0029407344459909
11620	2,006902672494979	11620	2,0029407344459909
11630	2,0126339644984714	11630	2,0029407344459909
11640	2,0061587450881442	11640	2,0029407344459909
11650	2,0079976816239897	11650	2,0029407344459909
11660	2,0077995189197173	11660	2,0029407344459909
11670	2,0012897577210804	11670	2,0029407344459909
11680	2,0018637682189961	11680	2,0029407344459909
11690	2,0003924220138956	11690	2,0029407344459909
11700	2,0027699772890104	11700	2,0029407344459909
11710	1,9986226597100085	11710	2,0029407344459909
11720	2,0025956131947442	11720	2,0029407344459909
11730	2,002128012776061	11730	2,0029407344459909
11740	2,0098558750080731	11740	2,0029407344459909
11750	2,0048051615834916	11750	2,0029407344459909
11760	2,0047490143167925	11760	2,0029407344459909
11770	2,0041053076761832	11770	2,0029407344459909
11780	2,003848165320508	11780	2,0029407344459909
11790	1,9941509845312071	11790	2,0029407344459909
11800	1,9916045416744002	11800	2,0029407344459909
11810	1,9879149415068858	11810	2,0029407344459909
11820	1,9899995913889352	11820	2,0029407344459909
11830	1,9867841752259956	11830	2,0029407344459909
11840	1,9903320538433702	11840	2,0029407344459909
11850	1,9824206865241569	11850	2,0029407344459909
11860	1,9809852311653824	11860	2,0029407344459909
11870	1,9928386430900327	11870	2,0029407344459909
11880	1,9925996949300755	11880	2,0029407344459909
11890	2,0021609432755145	11890	2,0029407344459909
11900	2,0141111183463094	11900	2,0029407344459909
11910	2,0105902793799055	11910	2,0029407344459909
11920	2,0176522124387066	11920	2,0029407344459909
11930	2,0188479985423538	11930	2,0029407344459909
11940	2,0064931555522652	11940	2,0029407344459909
11950	2,0015322346066871	11950	2,0029407344459909
11960	1,9974114085779711	11960	2,0029407344459909
11970	1,9953386903504526	11970	2,0029407344459909
11980	1,9915474995606868	11980	2,0029407344459909
11990	1,9825462228137685	11990	2,0029407344459909
12000	1,9814373120428428	12000	2,0029407344459909
12010	1,9731552461279831	12010	2,0029407344459909
12020	1,9776170636495065	12020	2,0029407344459909
12030	1,9703938829790335	12030	2,0029407344459909
12040	1,9732859411152992	12040	2,0029407344459909
12050	1,9808982834773916	12050	2,0029407344459909
12060	1,9721383834480646	12060	2,0029407344459909
12070	1,9771649642670957	12070	2,0029407344459909
12080	1,967410886091769	12080	2,0029407344459909
12090	1,9640772656370977	12090	2,0029407344459909
12100	1,9716268027617652	12100	2,0029407344459909
12110	1,961390534935064	12110	2,0029407344459909
12120	1,9681748128448424	12120	2,0029407344459909
12130	1,959479001419397	12130	2,0029407344459909
12140	1,9572195682211238	12140	2,0029407344459909
12150	1,9543008660028809	12150	2,0029407344459909
12160	1,9375605130386564	12160	2,0029407344459909
12170	1,9357853899308184	12170	2,0029407344459909
12180	1,9343268931669231	12180	2,0029407344459909
12190	1,9269572250758467	12190	2,0029407344459909
12200	1,9334430319731606	12200	2,0029407344459909
12210	1,9263075467557016	12210	2,0029407344459909
12220	1,9307010123003847	12220	2,0029407344459909
12230	1,9299082682674431	12230	2,0029407344459909
12240	1,9222468300672437	12240	2,0029407344459909
12250	1,9329351213406412	12250	2,0029407344459909
12260	1,9218397122936297	12260	2,0029407344459909
12270	1,9273127591405963	12270	2,0029407344459909
12280	1,9245681654544562	12280	2,0029407344459909
12290	1,9209031070393738	12290	2,0029407344459909
12300	1,9305597263224588	12300	2,0029407344459909
12310	1,9325267159108863	12310	2,0029407344459909
12320	1,9468406129135234	12320	2,0029407344459909
12330	1,9533297361636723	12330	2,0029407344459909
12340	1,9637178529494559	12340	2,0029407344459909
12350	1,9736532565073892	12350	2,0029407344459909
12360	1,9644536644309714	12360	2,0029407344459909
12370	1,9700943418549812	12370	2,0029407344459909
12380	1,9651280438352261	12380	2,0029407344459909
12390	1,9699309205002367	12390	2,0029407344459909
12400	1,9738422043993955	12400	2,0029407344459909
12410	1,9559919310362988	12410	2,0029407344459909
12420	1,9620020767035804	12420	2,0029407344459909
12430	1,9677963919412322	12430	2,0029407344459909
12440	1,9655578870933192	12440	2,0029407344459909
12450	1,9688027030840862	12450	2,0029407344459909
12460	1,9767367092150945	12460	2,0029407344459909
12470	1,985302780000203	12470	2,0029407344459909
12480	1,9903243565866324	12480	2,0029407344459909
12490	1,993545958025754	12490	2,0029407344459909
12500	2,0076801135816007	12500	2,0029407344459909
12510	2,0125187463705485	12510	2,0029407344459909
12520	2,0217222872905838	12520	2,0029407344459909
12530	2,0472980531036606	12530	2,0029407344459909
12540	2,0684891095566673	12540	2,0029407344459909
12550	2,0865651892556771	12550	2,0029407344459909
12560	2,1127805903478132	12560	2,0029407344459909
12570	2,1577722634912311	12570	2,0029407344459909
12580	2,1734903912851991	12580	2,0029407344459909
12590	2,1959840363902261	12590	2,0029407344459909
12600	2,2080749410717031	12600	2,0029407344459909
12610	2,20583552421917	12610	2,0029407344459909
12620	2,2189038619437937	12620	2,0029407344459909
12630	2,2085457910486612	12630	2,0029407344459909
12640	2,1937522945734838	12640	2,0029407344459909
12650	2,1819099973618714	12650	2,0029407344459909
12660	2,153964624453983	12660	2,0029407344459909
12670	2,1208286656525246	12670	2,0029407344459909
12680	2,0846379395237173	12680	2,0029407344459909
12690	2,055132866047213	12690	2,0029407344459909
12700	2,0405143178722822	12700	2,0029407344459909
12710	2,0126364759604849	12710	2,0029407344459909
12720	2,0030841861202386	12720	2,0029407344459909
12730	1,9984849736135288	12730	2,0029407344459909
12740	1,9966554586812775	12740	2,0029407344459909
12750	1,9960776794162012	12750	2,0029407344459909
12760	1,9990903624223755	12760	2,0029407344459909
12770	1,99576206097601	12770	2,0029407344459909
12780	2,00251151567556	12780	2,0029407344459909
12790	2,0005771335193749	12790	2,0029407344459909
12800	1,9995752442434362	12800	2,0029407344459909
12810	1,9994923854338209	12810	2,0029407344459909
12820	2,0076879381486314	12820	2,0029407344459909
12830	2,0034533432482915	12830	2,0029407344459909
12840	2,01160487902803	12840	2,0029407344459909
12850	2,0009367275356524	12850	2,0029407344459909
12860	1,9971278186705535	12860	2,0029407344459909
12870	2,0119947466912889	12870	2,0029407344459909
12880	2,002487699216779	12880	2,0029407344459909
12890	2,0115493703223875	12890	2,0029407344459909
12900	2,0075660312849504	12900	2,0029407344459909
12910	1,9967805823770668	12910	2,0029407344459909
12920	2,0056902366861049	12920	2,0029407344459909
12930	2,0020799647308776	12930	2,0029407344459909
12940	2,0011061023738961	12940	2,0029407344459909
12950	2,0139331599826917	12950	2,0029407344459909
12960	1,9988345073950002	12960	2,0029407344459909
12970	2,0095475379571459	12970	2,0029407344459909
12980	1,9997655258090914	12980	2,0029407344459909
12990	1,9996222135235682	12990	2,0029407344459909
13000	2,0025520357968531	13000	2,0029407344459909
13010	2,000669522880937	13010	2,0029407344459909
13020	2,0029936679580826	13020	2,0029407344459909
13030	2,0025932257714443	13030	2,0029407344459909
13040	2,0060776423941924	13040	2,0029407344459909
13050	2,0028314804322385	13050	2,0029407344459909
13060	2,0011317654813796	13060	2,0029407344459909
13070	2,0003213078248629	13070	2,0029407344459909
13080	2,0015482487750269	13080	2,0029407344459909
13090	2,0062749399080939	13090	2,0029407344459909
13100	2,0021063043273672	13100	2,0029407344459909
13110	2,0037510869447059	13110	2,0029407344459909
13120	2,0030835617347149	13120	2,0029407344459909
13130	1,9996911204932166	13130	2,0029407344459909
13140	1,996952450916047	13140	2,0029407344459909
13150	2,0095628143375315	13150	2,0029407344459909
13160	2,0038066834498114	13160	2,0029407344459909
13170	2,0009951607382517	13170	2,0029407344459909
13180	2,0025767709041711	13180	2,0029407344459909
13190	2,0028766080440761	13190	2,0029407344459909
13200	2,0013035197132503	13200	2,0029407344459909
13210	2,0072454969751554	13210	2,0029407344459909
13220	2,0026067823060165	13220	2,0029407344459909
13230	2,0009333144073826	13230	2,0029407344459909
13240	2,005744776934355	13240	2,0029407344459909
13250	2,00204031576466	13250	2,0029407344459909
13260	2,0068447472184809	13260	2,0029407344459909
13270	1,9994695125673792	13270	2,0029407344459909
13280	2,0032937201377266	13280	2,0029407344459909
13290	2,0015999029122975	13290	2,0029407344459909
13300	2,0009620936001813	13300	2,0029407344459909
13310	2,0011849356263154	13310	2,0029407344459909
13320	2,0053428081176383	13320	2,0029407344459909
13330	2,0098572007056514	13330	2,0029407344459909
13340	2,00340618896895	13340	2,0029407344459909
13350	1,9995817517200152	13350	2,0029407344459909
13360	2,004097041597106	13360	2,0029407344459909
13370	2,0039024607608544	13370	2,0029407344459909
13380	2,0061115047674551	13380	2,0029407344459909
13390	1,9986773234028119	13390	2,0029407344459909
13400	2,0101646102935149	13400	2,0029407344459909
13410	1,99506093424064	13410	2,0029407344459909
13420	1,9961819352981784	13420	2,0029407344459909
13430	2,0046711623007942	13430	2,0029407344459909
13440	2,0021368266539259	13440	2,0029407344459909
13450	2,0030677112690745	13450	2,0029407344459909
13460	2,0039762671511445	13460	2,0029407344459909
13470	2,0001363592863166	13470	2,0029407344459909
13480	2,00366723694216	13480	2,0029407344459909
13490	2,0060871687197439	13490	2,0029407344459909
13500	2,0087757715408827	13500	2,0029407344459909
13510	1,9980674427146905	13510	2,0029407344459909
13520	2,0075398947175485	13520	2,0029407344459909
13530	1,9979061263898137	13530	2,0029407344459909
13540	2,0035105880065629	13540	2,0029407344459909
13550	2,0122517635647048	13550	2,0029407344459909
13560	1,9979543107265334	13560	2,0029407344459909
13570	2,0020938070764469	13570	2,0029407344459909
13580	2,0012526553477814	13580	2,0029407344459909
13590	1,9913494195456396	13590	2,0029407344459909
13600	1,9767220893755777	13600	2,0029407344459909
13610	1,9687013951003252	13610	2,0029407344459909
13620	1,9691434309640066	13620	2,0029407344459909
13630	1,9759842359699382	13630	2,0029407344459909
13640	1,9722990940849678	13640	2,0029407344459909
13650	1,9817453296561451	13650	2,0029407344459909
13660	1,9925230966222642	13660	2,0029407344459909
13670	1,9836849915117734	13670	2,0029407344459909
13680	1,9788811907821611	13680	2,0029407344459909
13690	1,9749632662953394	13690	2,0029407344459909
13700	1,9665572841157593	13700	2,0029407344459909
13710	1,9506232543750333	13710	2,0029407344459909
13720	1,9509631173207387	13720	2,0029407344459909
13730	1,9463523506575475	13730	2,0029407344459909
13740	1,9352090004062941	13740	2,0029407344459909
13750	1,9395363558167231	13750	2,0029407344459909
13760	1,9417706568661668	13760	2,0029407344459909
13770	1,9436157703403039	13770	2,0029407344459909
13780	1,9493633960440384	13780	2,0029407344459909
13790	1,949324064092413	13790	2,0029407344459909
13800	1,9556647246571757	13800	2,0029407344459909
13810	1,9510545611563153	13810	2,0029407344459909
13820	1,9516658749121918	13820	2,0029407344459909
13830	1,9461327146296092	13830	2,0029407344459909
13840	1,9421911218725692	13840	2,0029407344459909
13850	1,9415201664832429	13850	2,0029407344459909
13860	1,925621129556486	13860	2,0029407344459909
13870	1,9066271559218162	13870	2,0029407344459909
13880	1,9043443010123768	13880	2,0029407344459909
13890	1,8934207470193183	13890	2,0029407344459909
13900	1,8914310473158755	13900	2,0029407344459909
13910	1,8715496763970947	13910	2,0029407344459909
13920	1,875540016184531	13920	2,0029407344459909
13930	1,8752449621931104	13930	2,0029407344459909
13940	1,8690845272294832	13940	2,0029407344459909
13950	1,881267804075442	13950	2,0029407344459909
13960	1,8777841129338606	13960	2,0029407344459909
13970	1,8797467275432167	13970	2,0029407344459909
13980	1,8721321989193767	13980	2,0029407344459909
13990	1,8616511575706767	13990	2,0029407344459909
14000	1,8674239717234471	14000	2,0029407344459909
14010	1,8675417086191679	14010	2,0029407344459909
14020	1,8739446777551239	14020	2,0029407344459909
14030	1,8816632484020834	14030	2,0029407344459909
14040	1,8914728104190308	14040	2,0029407344459909
14050	1,9001059249203296	14050	2,0029407344459909
14060	1,9059018232459559	14060	2,0029407344459909
14070	1,9293677582206898	14070	2,0029407344459909
14080	1,930142605755993	14080	2,0029407344459909
14090	1,945461249165259	14090	2,0029407344459909
14100	1,9527962665024479	14100	2,0029407344459909
14110	1,9562314407712984	14110	2,0029407344459909
14120	1,9700960078517378	14120	2,0029407344459909
14130	1,9778415605181072	14130	2,0029407344459909
14140	1,9807228242332888	14140	2,0029407344459909
14150	1,9833498166859096	14150	2,0029407344459909
14160	1,9846734630553531	14160	2,0029407344459909
14170	1,9847319367974246	14170	2,0029407344459909
14180	1,9903165879280751	14180	2,0029407344459909
14190	1,9824487424590016	14190	2,0029407344459909
14200	1,9859039729577246	14200	2,0029407344459909
14210	1,9815863647154792	14210	2,0029407344459909
14220	1,9771960981501859	14220	2,0029407344459909
14230	1,9850836356379675	14230	2,0029407344459909
14240	1,9803540451134216	14240	2,0029407344459909
14250	1,9836962800674138	14250	2,0029407344459909
14260	1,9696739308208331	14260	2,0029407344459909
14270	1,9684481847493691	14270	2,0029407344459909
14280	1,9739199337286939	14280	2,0029407344459909
14290	1,9758080935954991	14290	2,0029407344459909
14300	1,9917327467590473	14300	2,0029407344459909
14310	1,9953323807635846	14310	2,0029407344459909
14320	2,0190150385180061	14320	2,0029407344459909
14330	2,0296888570126219	14330	2,0029407344459909
14340	2,0423832515954414	14340	2,0029407344459909
14350	2,0629070939151353	14350	2,0029407344459909
14360	2,0731117011868916	14360	2,0029407344459909
14370	2,0950341575423783	14370	2,0029407344459909
14380	2,1071412155961511	14380	2,0029407344459909
14390	2,1204996443369648	14390	2,0029407344459909
14400	2,1554697811779731	14400	2,0029407344459909
14410	2,1745413715981927	14410	2,0029407344459909
14420	2,2130924589866767	14420	2,0029407344459909
14430	2,2355062285517455	14430	2,0029407344459909
14440	2,2610726342259433	14440	2,0029407344459909
14450	2,2815563309005844	14450	2,0029407344459909
14460	2,298817525956613	14460	2,0029407344459909
14470	2,3063242047542083	14470	2,0029407344459909
14480	2,3103470247580589	14480	2,0029407344459909
14490	2,2989316139890974	14490	2,0029407344459909
14500	2,2850917612130388	14500	2,0029407344459909
14510	2,2567891518038987	14510	2,0029407344459909
14520	2,2301655673139251	14520	2,0029407344459909
14530	2,1814112853882106	14530	2,0029407344459909
14540	2,1545788440398921	14540	2,0029407344459909
14550	2,1112043270106637	14550	2,0029407344459909
14560	2,0698425813994552	14560	2,0029407344459909
14570	2,0533492963641464	14570	2,0029407344459909
14580	2,0184538674342409	14580	2,0029407344459909
14590	2,0110872478388044	14590	2,0029407344459909
14600	2,0058174995434994	14600	2,0029407344459909
14610	2,0005745579304284	14610	2,0029407344459909
14620	1,9998958488586558	14620	2,0029407344459909
14630	2,00039116982983	14630	2,0029407344459909
14640	1,9993411932493368	14640	2,0029407344459909
14650	2,0096871209058582	14650	2,0029407344459909
14660	2,0004183846154797	14660	2,0029407344459909
14670	2,0059935046824791	14670	2,0029407344459909
14680	1,9983845210322313	14680	2,0029407344459909
14690	1,99961682127942	14690	2,0029407344459909
14700	2,0016459603421568	14700	2,0029407344459909
14710	2,0009940499953567	14710	2,0029407344459909
14720	1,9953182127243681	14720	2,0029407344459909
14730	2,0003156776582189	14730	2,0029407344459909
14740	2,0011876466356826	14740	2,0029407344459909
14750	2,0046400605469428	14750	2,0029407344459909
14760	2,0011345117596573	14760	2,0029407344459909
14770	1,9995442827565579	14770	2,0029407344459909
14780	2,00086227730411	14780	2,0029407344459909
14790	2,00266527535158	14790	2,0029407344459909
14800	2,0083089477967135	14800	2,0029407344459909
14810	2,0040189863890507	14810	2,0029407344459909
14820	1,9992716637890373	14820	2,0029407344459909
14830	2,0044194193245248	14830	2,0029407344459909
14840	2,0048109579302205	14840	2,0029407344459909
14850	2,0011248567685769	14850	2,0029407344459909
14860	2,0065768454139068	14860	2,0029407344459909
14870	2,0120873309896803	14870	2,0029407344459909
14880	2,0063611855669148	14880	2,0029407344459909
14890	2,0069067857053913	14890	2,0029407344459909
14900	2,005157933664429	14900	2,0029407344459909
14910	2,0045914296476628	14910	2,0029407344459909
14920	1,999330782629138	14920	2,0029407344459909
14930	1,9984220904521823	14930	2,0029407344459909
14940	2,0004328406440273	14940	2,0029407344459909
14950	2,0010073538910467	14950	2,0029407344459909
14960	1,9996703172412556	14960	2,0029407344459909
14970	1,998755044855776	14970	2,0029407344459909
14980	2,0024621259744437	14980	2,0029407344459909
14990	1,9985462131831424	14990	2,0029407344459909
15000	2,0060080371927382	15000	2,0029407344459909
15010	2,0013950489428982	15010	2,0029407344459909
15020	2,004223250155305	15020	2,0029407344459909
15030	2,0037901101412121	15030	2,0029407344459909
15040	2,0077266583597444	15040	2,0029407344459909
15050	2,0061211870561397	15050	2,0029407344459909
15060	2,0039628862206289	15060	2,0029407344459909
15070	2,0024386010944175	15070	2,0029407344459909
15080	2,0005120508571546	15080	2,0029407344459909
15090	2,0011844732919926	15090	2,0029407344459909
15100	1,9997979774473791	15100	2,0029407344459909
15110	2,0010934224780268	15110	2,0029407344459909
15120	1,9992815509164119	15120	2,0029407344459909
15130	2,0007541499103381	15130	2,0029407344459909
15140	2,00417835949088	15140	2,0029407344459909
15150	2,0043226907239857	15150	2,0029407344459909
15160	2,0095067345656146	15160	2,0029407344459909
15170	2,0004264803595513	15170	2,0029407344459909
15180	1,9991526345922281	15180	2,0029407344459909
15190	1,9973163660658155	15190	2,0029407344459909
15200	2,0090082878499365	15200	2,0029407344459909
15210	1,9907554532503484	15210	2,0029407344459909
15220	1,9824951613962112	15220	2,0029407344459909
15230	1,9693503540684132	15230	2,0029407344459909
15240	1,969489605358012	15240	2,0029407344459909
15250	1,9811759716321236	15250	2,0029407344459909
15260	1,9831142083654063	15260	2,0029407344459909
15270	1,9916666313736844	15270	2,0029407344459909
15280	1,9992425613566356	15280	2,0029407344459909
15290	2,0086317921953514	15290	2,0029407344459909
15300	2,0134320035021931	15300	2,0029407344459909
15310	1,9993380189610175	15310	2,0029407344459909
15320	1,986596833912528	15320	2,0029407344459909
15330	1,9856015213951537	15330	2,0029407344459909
15340	1,9852063862333012	15340	2,0029407344459909
15350	1,9890385827343788	15350	2,0029407344459909
15360	1,9900187174411261	15360	2,0029407344459909
15370	1,9866953531645608	15370	2,0029407344459909
15380	1,9782693108866472	15380	2,0029407344459909
15390	1,9759134718996529	15390	2,0029407344459909
15400	1,986077416907305	15400	2,0029407344459909
15410	1,9652718636571871	15410	2,0029407344459909
15420	1,9718846475924057	15420	2,0029407344459909
15430	1,9542619213871637	15430	2,0029407344459909
15440	1,9518400386696753	15440	2,0029407344459909
15450	1,9360859869516878	15450	2,0029407344459909
15460	1,9253099859584344	15460	2,0029407344459909
15470	1,9171198005044881	15470	2,0029407344459909
15480	1,9089464201856288	15480	2,0029407344459909
15490	1,9125521401000123	15490	2,0029407344459909
15500	1,8855453029848306	15500	2,0029407344459909
15510	1,871744734032732	15510	2,0029407344459909
15520	1,8522409777767495	15520	2,0029407344459909
15530	1,8300043327785307	15530	2,0029407344459909
15540	1,8099412398941075	15540	2,0029407344459909
15550	1,7997216018251674	15550	2,0029407344459909
15560	1,79416788573387	15560	2,0029407344459909
15570	1,7907985144855028	15570	2,0029407344459909
15580	1,7846539875883192	15580	2,0029407344459909
15590	1,78116539908158	15590	2,0029407344459909
15600	1,7685180497786881	15600	2,0029407344459909
15610	1,7594697439777312	15610	2,0029407344459909
15620	1,765248317114871	15620	2,0029407344459909
15630	1,7756122739469591	15630	2,0029407344459909
15640	1,7881175362686168	15640	2,0029407344459909
15650	1,8073663529148432	15650	2,0029407344459909
15660	1,8091277839019808	15660	2,0029407344459909
15670	1,8205289895143197	15670	2,0029407344459909
15680	1,8184056661979424	15680	2,0029407344459909
15690	1,8201120728515328	15690	2,0029407344459909
15700	1,8319967772519323	15700	2,0029407344459909
15710	1,8325667946644	15710	2,0029407344459909
15720	1,8465374625132451	15720	2,0029407344459909
15730	1,8474365622861475	15730	2,0029407344459909
15740	1,8428859553104129	15740	2,0029407344459909
15750	1,8559915631326112	15750	2,0029407344459909
15760	1,8348167715960209	15760	2,0029407344459909
15770	1,8326884987683751	15770	2,0029407344459909
15780	1,8158170236573232	15780	2,0029407344459909
15790	1,8290462062587638	15790	2,0029407344459909
15800	1,8301478343586286	15800	2,0029407344459909
15810	1,83858634357847	15810	2,0029407344459909
15820	1,8647491945138501	15820	2,0029407344459909
15830	1,8801009304576741	15830	2,0029407344459909
15840	1,8959472304420029	15840	2,0029407344459909
15850	1,9066731703678181	15850	2,0029407344459909
15860	1,9081083927226343	15860	2,0029407344459909
15870	1,9269069272315749	15870	2,0029407344459909
15880	1,9398772939288378	15880	2,0029407344459909
15890	1,9620499621845662	15890	2,0029407344459909
15900	1,9968935292542218	15900	2,0029407344459909
15910	2,0116932917438071	15910	2,0029407344459909
15920	2,0496562833056924	15920	2,0029407344459909
15930	2,0759410107221017	15930	2,0029407344459909
15940	2,124159322493238	15940	2,0029407344459909
15950	2,1660753674445257	15950	2,0029407344459909
15960	2,2063841523719274	15960	2,0029407344459909
15970	2,2600920366363022	15970	2,0029407344459909
15980	2,3086490282205903	15980	2,0029407344459909
15990	2,3424500366052419	15990	2,0029407344459909
16000	2,3812914415529702	16000	2,0029407344459909
16010	2,4116992662321888	16010	2,0029407344459909
16020	2,45671058024225	16020	2,0029407344459909
16030	2,4834149336773632	16030	2,0029407344459909
16040	2,5048990678382226	16040	2,0029407344459909
16050	2,5301120301880529	16050	2,0029407344459909
16060	2,5224917741904402	16060	2,0029407344459909
16070	2,5199421480482047	16070	2,0029407344459909
16080	2,4940342589049682	16080	2,0029407344459909
16090	2,4600880636459341	16090	2,0029407344459909
16100	2,4013458101114655	16100	2,0029407344459909
16110	2,3293787749551154	16110	2,0029407344459909
16120	2,2340083263131207	16120	2,0029407344459909
16130	2,1618204510732388	16130	2,0029407344459909
16140	2,1038109442224524	16140	2,0029407344459909
16150	2,0542938689489167	16150	2,0029407344459909
16160	2,0182303170143285	16160	2,0029407344459909
16170	2,0102384107631535	16170	2,0029407344459909
16180	1,9908289151451086	16180	2,0029407344459909
16190	1,9832114055812742	16190	2,0029407344459909
16200	1,9924704500197041	16200	2,0029407344459909
16210	1,9870627879756064	16210	2,0029407344459909
16220	1,9899302567299051	16220	2,0029407344459909
16230	1,994101004627943	16230	2,0029407344459909
16240	1,9994712131185484	16240	2,0029407344459909
16250	2,0050596713698194	16250	2,0029407344459909
16260	2,0049827490143146	16260	2,0029407344459909
16270	2,0078441070125077	16270	2,0029407344459909
16280	2,0007154301929342	16280	2,0029407344459909
16290	2,0078506978784372	16290	2,0029407344459909
16300	2,0069912734598203	16300	2,0029407344459909
16310	2,009368873522253	16310	2,0029407344459909
16320	2,0033260388408412	16320	2,0029407344459909
16330	2,0040749510233429	16330	2,0029407344459909
16340	2,00116038860621	16340	2,0029407344459909
16350	2,0112065981514515	16350	2,0029407344459909
16360	2,0038247457988225	16360	2,0029407344459909
16370	1,9967664364965634	16370	2,0029407344459909
16380	2,0029748341190965	16380	2,0029407344459909
16390	2,0090233619086719	16390	2,0029407344459909
16400	2,0086864785366476	16400	2,0029407344459909
16410	1,999257578651096	16410	2,0029407344459909
16420	2,0087725921352764	16420	2,0029407344459909
16430	2,0029021212555982	16430	2,0029407344459909
16440	2,0006810872609533	16440	2,0029407344459909
16450	2,000045267152303	16450	2,0029407344459909
16460	2,001371864059859	16460	2,0029407344459909
16470	2,0054188660817545	16470	2,0029407344459909
16480	1,9992270468572055	16480	2,0029407344459909
16490	2,0017605317837663	16490	2,0029407344459909
16500	2,0054850289524069	16500	2,0029407344459909
16510	2,0021137521119146	16510	2,0029407344459909
16520	2,0052626493310513	16520	2,0029407344459909
16530	2,0111015464108934	16530	2,0029407344459909
16540	2,0014261112082234	16540	2,0029407344459909
16550	2,0028400430535367	16550	2,0029407344459909
16560	2,0017491140382431	16560	2,0029407344459909
16570	2,0056756601496346	16570	2,0029407344459909
16580	2,0073313874659453	16580	2,0029407344459909
16590	2,0028299311574473	16590	2,0029407344459909
16600	2,0095910193646187	16600	2,0029407344459909
16610	2,004046392410566	16610	2,0029407344459909
16620	2,0090166984281757	16620	2,0029407344459909
16630	2,0088682539538087	16630	2,0029407344459909
16640	2,0014250815611883	16640	2,0029407344459909
16650	2,0072123525973451	16650	2,0029407344459909
16660	2,0017720619783885	16660	2,0029407344459909
16670	2,0063307908937968	16670	2,0029407344459909
16680	2,0023505309420058	16680	2,0029407344459909
16690	2,0068160937209232	16690	2,0029407344459909
16700	2,0050512936105109	16700	2,0029407344459909
16710	1,9959299704095113	16710	2,0029407344459909
16720	2,0041365593505933	16720	2,0029407344459909
16730	2,0066793407360652	16730	2,0029407344459909
16740	2,0007364530932694	16740	2,0029407344459909
16750	2,0104360177632721	16750	2,0029407344459909
16760	2,0018555383942367	16760	2,0029407344459909
16770	1,9969204684699768	16770	2,0029407344459909
16780	2,0030303993498464	16780	2,0029407344459909
16790	1,9891813664561795	16790	2,0029407344459909
16800	1,98367972760167	16800	2,0029407344459909
16810	1,9805135008552322	16810	2,0029407344459909
16820	1,9798550814132003	16820	2,0029407344459909
16830	1,9819726676244684	16830	2,0029407344459909
16840	1,9872787788631419	16840	2,0029407344459909
16850	1,9890197653910802	16850	2,0029407344459909
16860	1,990503651689572	16860	2,0029407344459909
16870	2,0020305878828717	16870	2,0029407344459909
16880	2,0107569218688832	16880	2,0029407344459909
16890	2,01902634033154	16890	2,0029407344459909
16900	2,0054617483854509	16900	2,0029407344459909
16910	1,9814582750181415	16910	2,0029407344459909
16920	1,9730625994126152	16920	2,0029407344459909
16930	1,9693509186042011	16930	2,0029407344459909
16940	1,9735582731087078	16940	2,0029407344459909
16950	1,9708886804244052	16950	2,0029407344459909
16960	1,9641039551031803	16960	2,0029407344459909
16970	1,9555459011450624	16970	2,0029407344459909
16980	1,953167209749739	16980	2,0029407344459909
16990	1,9497427815511337	16990	2,0029407344459909
17000	1,9617643759783174	17000	2,0029407344459909
17010	1,962074849788582	17010	2,0029407344459909
17020	1,9692837678093271	17020	2,0029407344459909
17030	1,9676561426712462	17030	2,0029407344459909
17040	1,9656669034652454	17040	2,0029407344459909
17050	1,9602216598337696	17050	2,0029407344459909
17060	1,9512611559947537	17060	2,0029407344459909
17070	1,946071005977152	17070	2,0029407344459909
17080	1,9316450746814606	17080	2,0029407344459909
17090	1,9144067368511095	17090	2,0029407344459909
17100	1,9010830773993837	17100	2,0029407344459909
17110	1,8718893012137485	17110	2,0029407344459909
17120	1,8704927143047483	17120	2,0029407344459909
17130	1,8494197269212886	17130	2,0029407344459909
17140	1,8379754124984613	17140	2,0029407344459909
17150	1,8270039693939228	17150	2,0029407344459909
17160	1,7994296688977807	17160	2,0029407344459909
17170	1,7882635312781208	17170	2,0029407344459909
17180	1,7656978190573112	17180	2,0029407344459909
17190	1,7547387287427334	17190	2,0029407344459909
17200	1,7594407870152926	17200	2,0029407344459909
17210	1,7600547794257162	17210	2,0029407344459909
17220	1,7540498676755414	17220	2,0029407344459909
17230	1,75252600833704	17230	2,0029407344459909
17240	1,7316430695244485	17240	2,0029407344459909
17250	1,7231657022253692	17250	2,0029407344459909
17260	1,7298300342541584	17260	2,0029407344459909
17270	1,7552329107482825	17270	2,0029407344459909
17280	1,7801425800401498	17280	2,0029407344459909
17290	1,8101066828621937	17290	2,0029407344459909
17300	1,8322494842362662	17300	2,0029407344459909
17310	1,8443453111838117	17310	2,0029407344459909
17320	1,8618796893958907	17320	2,0029407344459909
17330	1,862608814252555	17330	2,0029407344459909
17340	1,8751306343765979	17340	2,0029407344459909
17350	1,8890546136643138	17350	2,0029407344459909
17360	1,8669970366064641	17360	2,0029407344459909
17370	1,8779998346156157	17370	2,0029407344459909
17380	1,8657802833167807	17380	2,0029407344459909
17390	1,8690546427876695	17390	2,0029407344459909
17400	1,8818610808877221	17400	2,0029407344459909
17410	1,8751427709261952	17410	2,0029407344459909
17420	1,8857004954664935	17420	2,0029407344459909
17430	1,8648373382493011	17430	2,0029407344459909
17440	1,8483081343001588	17440	2,0029407344459909
17450	1,8441898455060173	17450	2,0029407344459909
17460	1,8357594623870739	17460	2,0029407344459909
17470	1,8570079870600793	17470	2,0029407344459909
17480	1,8821968057993628	17480	2,0029407344459909
17490	1,9089438662591487	17490	2,0029407344459909
17500	1,9367599148363803	17500	2,0029407344459909
17510	1,9298993453615312	17510	2,0029407344459909
17520	1,9478794412449929	17520	2,0029407344459909
17530	1,949710815685874	17530	2,0029407344459909
17540	1,9534298634452068	17540	2,0029407344459909
17550	1,9809894495431095	17550	2,0029407344459909
17560	1,9963314909858516	17560	2,0029407344459909
17570	2,033150366617452	17570	2,0029407344459909
17580	2,0501758208035117	17580	2,0029407344459909
17590	2,0691461885017581	17590	2,0029407344459909
17600	2,0891602501522355	17600	2,0029407344459909
17610	2,0918316858352721	17610	2,0029407344459909
17620	2,1162366585400596	17620	2,0029407344459909
17630	2,1292993424315814	17630	2,0029407344459909
17640	2,1541371763281321	17640	2,0029407344459909
17650	2,1946134821501149	17650	2,0029407344459909
17660	2,205946213982295	17660	2,0029407344459909
17670	2,2342988620505526	17670	2,0029407344459909
17680	2,2460739056156518	17680	2,0029407344459909
17690	2,25855805518671	17690	2,0029407344459909
17700	2,2897086869060592	17700	2,0029407344459909
17710	2,3004623192296769	17710	2,0029407344459909
17720	2,3265926828548498	17720	2,0029407344459909
17730	2,3420465600138103	17730	2,0029407344459909
17740	2,354089814233105	17740	2,0029407344459909
17750	2,3719959442970771	17750	2,0029407344459909
17760	2,3793878541325215	17760	2,0029407344459909
17770	2,4020910214214477	17770	2,0029407344459909
17780	2,4001819638125861	17780	2,0029407344459909
17790	2,4051448850401207	17790	2,0029407344459909
17800	2,3915325634270386	17800	2,0029407344459909
17810	2,3701047399303841	17810	2,0029407344459909
17820	2,3478048367561595	17820	2,0029407344459909
17830	2,3223952121718732	17830	2,0029407344459909
17840	2,2872510222754903	17840	2,0029407344459909
17850	2,2629051363526944	17850	2,0029407344459909
17860	2,2258819737260342	17860	2,0029407344459909
17870	2,1957777108517682	17870	2,0029407344459909
17880	2,16379707048607	17880	2,0029407344459909
17890	2,1205315051087785	17890	2,0029407344459909
17900	2,0936926940684719	17900	2,0029407344459909
17910	2,0566475634149741	17910	2,0029407344459909
17920	2,0279181033207374	17920	2,0029407344459909
17930	2,0156176578570797	17930	2,0029407344459909
17940	2,0031698457922236	17940	2,0029407344459909
17950	2,0008492302693206	17950	2,0029407344459909
17960	1,993829465113679	17960	2,0029407344459909
17970	1,9980459394063432	17970	2,0029407344459909
17980	1,9937777157646277	17980	2,0029407344459909
17990	2,0023353345507617	17990	2,0029407344459909
18000	2,0011290317112538	18000	2,0029407344459909
18010	2,0055530924470393	18010	2,0029407344459909
18020	2,006991829512204	18020	2,0029407344459909
18030	2,0072648165809879	18030	2,0029407344459909
18040	2,0032873780143552	18040	2,0029407344459909
18050	2,008044491140943	18050	2,0029407344459909
18060	1,9985286518355423	18060	2,0029407344459909
18070	2,008300101320752	18070	2,0029407344459909
18080	2,0040529989966851	18080	2,0029407344459909
18090	2,0039740011535487	18090	2,0029407344459909
18100	2,007228514293006	18100	2,0029407344459909
18110	2,0022940044257478	18110	2,0029407344459909
18120	2,0074768000793162	18120	2,0029407344459909
18130	2,0073142722007375	18130	2,0029407344459909
18140	2,002820914111652	18140	2,0029407344459909
18150	2,0061770271658323	18150	2,0029407344459909
18160	2,0032665150709645	18160	2,0029407344459909
18170	2,0067304972982933	18170	2,0029407344459909
18180	1,9973890824471425	18180	2,0029407344459909
18190	2,0070722515583563	18190	2,0029407344459909
18200	2,0037888252237854	18200	2,0029407344459909
18210	2,0006094450992578	18210	2,0029407344459909
18220	2,003338613408113	18220	2,0029407344459909
18230	2,0021809857080051	18230	2,0029407344459909
18240	2,0002119173127682	18240	2,0029407344459909
18250	2,01007646341108	18250	2,0029407344459909
18260	1,9987812481353453	18260	2,0029407344459909
18270	2,000285386244836	18270	2,0029407344459909
18280	2,0015521068615572	18280	2,0029407344459909
18290	1,9979214184972856	18290	2,0029407344459909
18300	1,9848946969132966	18300	2,0029407344459909
18310	1,9680565178700489	18310	2,0029407344459909
18320	1,9697262412177921	18320	2,0029407344459909
18330	1,9664165537647271	18330	2,0029407344459909
18340	1,969004641814359	18340	2,0029407344459909
18350	1,9722574948902789	18350	2,0029407344459909
18360	1,9868952332910315	18360	2,0029407344459909
18370	1,9837826251942534	18370	2,0029407344459909
18380	1,9909674488439917	18380	2,0029407344459909
18390	2,0035511776265409	18390	2,0029407344459909
18400	2,019372374588845	18400	2,0029407344459909
18410	2,0116902748582346	18410	2,0029407344459909
18420	2,0453975108260929	18420	2,0029407344459909
18430	2,0346748704495461	18430	2,0029407344459909
18440	2,0191636365178658	18440	2,0029407344459909
18450	2,0121535209858843	18450	2,0029407344459909
18460	2,0055245916352487	18460	2,0029407344459909
18470	2,0141446667809184	18470	2,0029407344459909
18480	2,005684601533364	18480	2,0029407344459909
18490	1,9916881731635288	18490	2,0029407344459909
18500	1,9891835728460752	18500	2,0029407344459909
18510	1,9887972831004346	18510	2,0029407344459909
18520	1,9941107860751712	18520	2,0029407344459909
18530	1,9873645021219577	18530	2,0029407344459909
18540	1,9311188348192552	18540	2,0029407344459909
18550	1,8973578597915957	18550	2,0029407344459909
18560	1,8838956699627119	18560	2,0029407344459909
18570	1,8949837315564553	18570	2,0029407344459909
18580	1,9084349966887837	18580	2,0029407344459909
18590	1,9122255663710739	18590	2,0029407344459909
18600	1,9278071802799985	18600	2,0029407344459909
18610	1,9445764674039259	18610	2,0029407344459909
18620	1,9608054831860642	18620	2,0029407344459909
18630	1,9737634308261356	18630	2,0029407344459909
18640	1,984110695165155	18640	2,0029407344459909
18650	1,9901325739908362	18650	2,0029407344459909
18660	1,9903885694094212	18660	2,0029407344459909
18670	1,9774961770447037	18670	2,0029407344459909
18680	1,9724801952235689	18680	2,0029407344459909
18690	1,9675656244764141	18690	2,0029407344459909
18700	1,961601750709594	18700	2,0029407344459909
18710	1,9492057753273135	18710	2,0029407344459909
18720	1,9446472615993455	18720	2,0029407344459909
18730	1,9306638089437733	18730	2,0029407344459909
18740	1,923700286768125	18740	2,0029407344459909
18750	1,9219569315877285	18750	2,0029407344459909
18760	1,9091522921246016	18760	2,0029407344459909
18770	1,9034482289330956	18770	2,0029407344459909
18780	1,8897029842880837	18780	2,0029407344459909
18790	1,8857221083048854	18790	2,0029407344459909
18800	1,872046318180753	18800	2,0029407344459909
18810	1,8614101168562405	18810	2,0029407344459909
18820	1,8565301608878659	18820	2,0029407344459909
18830	1,8523870227952983	18830	2,0029407344459909
18840	1,8545121161712741	18840	2,0029407344459909
18850	1,8424673663748452	18850	2,0029407344459909
18860	1,8257862228787545	18860	2,0029407344459909
18870	1,8222287629379164	18870	2,0029407344459909
18880	1,8138235595796619	18880	2,0029407344459909
18890	1,8097145669158543	18890	2,0029407344459909
18900	1,8066283899668418	18900	2,0029407344459909
18910	1,7963192439354918	18910	2,0029407344459909
18920	1,8064973674627991	18920	2,0029407344459909
18930	1,8104166195370457	18930	2,0029407344459909
18940	1,8207448175038827	18940	2,0029407344459909
18950	1,83287989797459	18950	2,0029407344459909
18960	1,8448179621344991	18960	2,0029407344459909
18970	1,8603903569088702	18970	2,0029407344459909
18980	1,85883452533779	18980	2,0029407344459909
18990	1,8590188740714506	18990	2,0029407344459909
19000	1,8523674330695776	19000	2,0029407344459909
19010	1,8377977009391495	19010	2,0029407344459909
19020	1,8405731308924143	19020	2,0029407344459909
19030	1,8272875534061877	19030	2,0029407344459909
19040	1,829664944979851	19040	2,0029407344459909
19050	1,8236816231857356	19050	2,0029407344459909
19060	1,8143731980334819	19060	2,0029407344459909
19070	1,8108522909616687	19070	2,0029407344459909
19080	1,8055795645702171	19080	2,0029407344459909
19090	1,801653661878337	19090	2,0029407344459909
19100	1,8123785992251404	19100	2,0029407344459909
19110	1,8025943099730242	19110	2,0029407344459909
19120	1,8257860456158976	19120	2,0029407344459909
19130	1,8320678359028539	19130	2,0029407344459909
19140	1,8357939271887513	19140	2,0029407344459909
19150	1,8512604879162193	19150	2,0029407344459909
19160	1,8327952510897188	19160	2,0029407344459909
19170	1,8353010899185547	19170	2,0029407344459909
19180	1,8240208208909605	19180	2,0029407344459909
19190	1,8144610247383719	19190	2,0029407344459909
19200	1,8409483728528961	19200	2,0029407344459909
19210	1,8368304744342421	19210	2,0029407344459909
19220	1,8653801146284916	19220	2,0029407344459909
19230	1,836454268620825	19230	2,0029407344459909
19240	1,8101164702735915	19240	2,0029407344459909
19250	1,7684614830278091	19250	2,0029407344459909
19260	1,7009317567285	19260	2,0029407344459909
19270	1,6388236998821206	19270	2,0029407344459909
19280	1,5226564640141627	19280	2,0029407344459909
19290	1,4429724859591513	19290	2,0029407344459909
19300	1,3629747705750814	19300	2,0029407344459909
19310	1,2696492250555105	19310	2,0029407344459909
19320	1,2345465149371275	19320	2,0029407344459909
19330	1,1989525352884209	19330	2,0029407344459909
19340	1,1646297927135185	19340	2,0029407344459909
19350	1,1487762744343586	19350	2,0029407344459909
19360	1,1241590747499153	19360	2,0029407344459909
19370	1,1482251926927	19370	2,0029407344459909
19380	1,1782239981884288	19380	2,0029407344459909
19390	1,2156491204152333	19390	2,0029407344459909
19400	1,2320274254927854	19400	2,0029407344459909
19410	1,2135072902640802	19410	2,0029407344459909
19420	1,2390241745242614	19420	2,0029407344459909
19430	1,268772152871116	19430	2,0029407344459909
19440	1,3229984957221825	19440	2,0029407344459909
19450	1,4069852673852195	19450	2,0029407344459909
19460	1,4432600943612055	19460	2,0029407344459909
19470	1,494045016917414	19470	2,0029407344459909
19480	1,4890546240633213	19480	2,0029407344459909
19490	1,4843573403541308	19490	2,0029407344459909
19500	1,4889655095099839	19500	2,0029407344459909
19510	1,5076792392763538	19510	2,0029407344459909
19520	1,5763452945905767	19520	2,0029407344459909
19530	1,5937766354649368	19530	2,0029407344459909
19540	1,5986045050103357	19540	2,0029407344459909
19550	1,5801953792241825	19550	2,0029407344459909
19560	1,5566577915253514	19560	2,0029407344459909
19570	1,6050223494553606	19570	2,0029407344459909
19580	1,69264598134796	19580	2,0029407344459909
19590	1,8623040321151159	19590	2,0029407344459909
19600	2,0465877237223253	19600	2,0029407344459909
19610	2,207087770065586	19610	2,0029407344459909
19620	2,3854788584063886	19620	2,0029407344459909
19630	2,5154342079331355	19630	2,0029407344459909
19640	2,6424331031348816	19640	2,0029407344459909
19650	2,7539031766685032	19650	2,0029407344459909
19660	2,8191110186020514	19660	2,0029407344459909
19670	2,8615646069183924	19670	2,0029407344459909
19680	2,8733287910295422	19680	2,0029407344459909
19690	2,8740658334082312	19690	2,0029407344459909
19700	3,185168577940046	19700	2,0029407344459909
19710	3,4661328370641984	19710	2,0029407344459909
19720	3,6338529844710523	19720	2,0029407344459909
19730	3,6258534111220326	19730	2,0029407344459909
19740	3,5188834176045956	19740	2,0029407344459909
19750	3,3735218034333116	19750	2,0029407344459909
19760	3,2296255015946018	19760	2,0029407344459909
19770	3,1061915356239584	19770	2,0029407344459909
19780	3,0055544390720068	19780	2,0029407344459909
19790	2,9361775308484481	19790	2,0029407344459909
19800	2,9043551881828762	19800	2,0029407344459909
19810	2,8622231273980234	19810	2,0029407344459909
19820	2,8564343559850855	19820	2,0029407344459909
19830	2,8596055935653304	19830	2,0029407344459909
19840	2,8578089720528967	19840	2,0029407344459909
19850	2,8546545223060935	19850	2,0029407344459909
19860	2,8697003891558914	19860	2,0029407344459909
19870	2,868020502999407	19870	2,0029407344459909
19880	2,8818499798555188	19880	2,0029407344459909
19890	2,88612517518983	19890	2,0029407344459909
19900	2,8708352833108739	19900	2,0029407344459909
19910	2,8813244306222696	19910	2,0029407344459909
19920	2,883495525284359	19920	2,0029407344459909
19930	2,8830961772519696	19930	2,0029407344459909
19940	2,8803193810082988	19940	2,0029407344459909
19950	2,8806546045351245	19950	2,0029407344459909
19960	2,8806655906184107	19960	2,0029407344459909
19970	2,88547879577128	19970	2,0029407344459909
19980	2,8783086562204669	19980	2,0029407344459909
19990	2,8792166766637703	19990	2,0029407344459909
20000	2,8734108927975255	20000	2,0029407344459909
20010	2,8812038595474392	20010	2,0029407344459909
20020	2,8856111917982439	20020	2,0029407344459909
20030	2,877971886253099	20030	2,0029407344459909
20040	2,8838937408245249	20040	2,0029407344459909
20050	2,8781901179282121	20050	2,0029407344459909
20060	2,8782176378024795	20060	2,0029407344459909
20070	2,87834742652633	20070	2,0029407344459909
20080	2,8726847927954089	20080	2,0029407344459909
20090	2,878442839067926	20090	2,0029407344459909
20100	2,8795766184832567	20100	2,0029407344459909
20110	2,8756637527391824	20110	2,0029407344459909
20120	2,8809647804717025	20120	2,0029407344459909
20130	2,8796422948108309	20130	2,0029407344459909
20140	2,8801750459701205	20140	2,0029407344459909
20150	2,8763463590338647	20150	2,0029407344459909
20160	2,8849260997059023	20160	2,0029407344459909
20170	2,8769028700146686	20170	2,0029407344459909
20180	2,8782327382716444	20180	2,0029407344459909
20190	2,8813546719483787	20190	2,0029407344459909
20200	2,875626081330219	20200	2,0029407344459909
20210	2,8795277193428617	20210	2,0029407344459909
20220	2,8826908608164694	20220	2,0029407344459909
20230	2,8757937387209314	20230	2,0029407344459909
20240	2,875552749700768	20240	2,0029407344459909
20250	2,881905729042082	20250	2,0029407344459909
20260	2,8694440523773634	20260	2,0029407344459909
20270	2,8884426854762708	20270	2,0029407344459909
20280	2,8717132795856295	20280	2,0029407344459909
20290	2,8702936783652717	20290	2,0029407344459909
20300	2,8855167425034045	20300	2,0029407344459909
20310	2,8745694806814623	20310	2,0029407344459909
20320	2,8859497956530284	20320	2,0029407344459909
20330	2,8788896265560218	20330	2,0029407344459909
20340	2,8739682069167087	20340	2,0029407344459909
20350	2,8782590172851656	20350	2,0029407344459909
20360	2,8779641519222481	20360	2,0029407344459909
20370	2,8813880432801846	20370	2,0029407344459909
20380	2,8764513929806239	20380	2,0029407344459909
20390	2,8744642521226598	20390	2,0029407344459909
20400	2,88376573373179	20400	2,0029407344459909
20410	2,8772852706080978	20410	2,0029407344459909
20420	2,8738596583030591	20420	2,0029407344459909
20430	2,882824050695481	20430	2,0029407344459909
20440	2,8791032438729496	20440	2,0029407344459909
20450	2,8845859551548831	20450	2,0029407344459909
20460	2,8676549129439279	20460	2,0029407344459909
20470	2,8784184862967752	20470	2,0029407344459909
20480	2,872916796297043	20480	2,0029407344459909
20490	2,8778189930996096	20490	2,0029407344459909
20500	2,8845166669335147	20500	2,0029407344459909
20510	2,8665700016763629	20510	2,0029407344459909
20520	2,8857759752019714	20520	2,0029407344459909
20530	2,874543446911769	20530	2,0029407344459909
20540	2,8729810203858075	20540	2,0029407344459909
20550	2,8890600015604782	20550	2,0029407344459909
20560	2,8772439313639131	20560	2,0029407344459909
20570	2,871418691935566	20570	2,0029407344459909
20580	2,87637651345734	20580	2,0029407344459909
20590	2,8766853186479642	20590	2,0029407344459909
20600	2,8802934035387855	20600	2,0029407344459909
20610	2,8775014284021814	20610	2,0029407344459909
20620	2,8842425302414512	20620	2,0029407344459909
20630	2,8795010591921062	20630	2,0029407344459909
20640	2,8735320675337848	20640	2,0029407344459909
20650	2,8739813584114682	20650	2,0029407344459909
20660	2,8767825392068311	20660	2,0029407344459909
20670	2,8702415665059928	20670	2,0029407344459909
20680	2,8873520658490675	20680	2,0029407344459909
20690	2,8694093711478423	20690	2,0029407344459909
20700	2,8774335717176767	20700	2,0029407344459909
20710	2,8750501378333029	20710	2,0029407344459909
20720	2,885301632742189	20720	2,0029407344459909
20730	2,8800426564789592	20730	2,0029407344459909
20740	2,8756986171478891	20740	2,0029407344459909
20750	2,8795333656175184	20750	2,0029407344459909
20760	2,8798592394270677	20760	2,0029407344459909
20770	2,8784163571689856	20770	2,0029407344459909
20780	2,8800624121842411	20780	2,0029407344459909
20790	2,87650249769099	20790	2,0029407344459909
20800	2,8800885967691645	20800	2,0029407344459909
20810	2,8722371534943543	20810	2,0029407344459909
20820	2,8823197980111206	20820	2,0029407344459909
20830	2,8802397242877666	20830	2,0029407344459909
20840	2,8711255872102543	20840	2,0029407344459909
20850	2,8777860191167841	20850	2,0029407344459909
20860	2,8805556644544126	20860	2,0029407344459909
20870	2,8726792064195039	20870	2,0029407344459909
20880	2,877509244576574	20880	2,0029407344459909
20890	2,8764712049747345	20890	2,0029407344459909
20900	2,878412445532593	20900	2,0029407344459909
20910	2,8818447091450947	20910	2,0029407344459909
20920	2,8735048138409747	20920	2,0029407344459909
20930	2,8755898279394505	20930	2,0029407344459909
20940	2,8779622288154325	20940	2,0029407344459909
20950	2,8801939701798873	20950	2,0029407344459909
20960	2,8717292678543238	20960	2,0029407344459909
20970	2,8797585442051763	20970	2,0029407344459909
20980	2,88189286558187	20980	2,0029407344459909
20990	2,8808616082988978	20990	2,0029407344459909
21000	2,8704632641591741	21000	2,0029407344459909
21010	2,8809587789018773	21010	2,0029407344459909
21020	2,8793484030269307	21020	2,0029407344459909
21030	2,8792971076446321	21030	2,0029407344459909
21040	2,8758844072530558	21040	2,0029407344459909
21050	2,8795117224240014	21050	2,0029407344459909
21060	2,87938432420136	21060	2,0029407344459909
21070	2,8799597355919171	21070	2,0029407344459909
21080	2,8783307805317087	21080	2,0029407344459909
21090	2,8799284615752536	21090	2,0029407344459909
21100	2,8802085616886171	21100	2,0029407344459909
21110	2,8771453075818467	21110	2,0029407344459909
21120	2,8809110264724556	21120	2,0029407344459909
21130	2,8846157658656542	21130	2,0029407344459909
21140	2,872435145261182	21140	2,0029407344459909
21150	2,8823549484877913	21150	2,0029407344459909
21160	2,8775397163783967	21160	2,0029407344459909
21170	2,8756910833037406	21170	2,0029407344459909
21180	2,8744666510533432	21180	2,0029407344459909
21190	2,8766012304017345	21190	2,0029407344459909
21200	2,8801099526813361	21200	2,0029407344459909
21210	2,8754710958122485	21210	2,0029407344459909
21220	2,8767817597587277	21220	2,0029407344459909
21230	2,8730232572280339	21230	2,0029407344459909
21240	2,8748223798019392	21240	2,0029407344459909
21250	2,8783792763151208	21250	2,0029407344459909
21260	2,8729452914488065	21260	2,0029407344459909
21270	2,87954416732338	21270	2,0029407344459909
21280	2,8797537310757737	21280	2,0029407344459909
21290	2,8758301117029639	21290	2,0029407344459909
21300	2,8759777769608714	21300	2,0029407344459909
21310	2,8741725604924144	21310	2,0029407344459909
21320	2,8813486069401417	21320	2,0029407344459909
21330	2,8812348388158586	21330	2,0029407344459909
21340	2,8797799225467742	21340	2,0029407344459909
21350	2,8776733577674154	21350	2,0029407344459909
21360	2,8776768426746138	21360	2,0029407344459909
21370	2,871223691830505	21370	2,0029407344459909
21380	2,8808458134984694	21380	2,0029407344459909
21390	2,8807394415774175	21390	2,0029407344459909
21400	2,8791324649067378	21400	2,0029407344459909
21410	2,8752976599153217	21410	2,0029407344459909
21420	2,8778422122556031	21420	2,0029407344459909
21430	2,87507695723514	21430	2,0029407344459909
21440	2,8726349182284654	21440	2,0029407344459909
21450	2,8765610200714624	21450	2,0029407344459909
21460	2,8855331194967095	21460	2,0029407344459909
21470	2,8789203357410633	21470	2,0029407344459909
21480	2,8692606776137524	21480	2,0029407344459909
21490	2,872912896590706	21490	2,0029407344459909
21500	2,878375000445121	21500	2,0029407344459909
21510	2,8790169632615523	21510	2,0029407344459909
21520	2,8777557451655293	21520	2,0029407344459909
21530	2,8765627910601368	21530	2,0029407344459909
21540	2,8717502102003944	21540	2,0029407344459909
21550	2,8839796577973833	21550	2,0029407344459909
21560	2,8742990798906671	21560	2,0029407344459909
21570	2,8828020961491396	21570	2,0029407344459909
21580	2,8775696854469608	21580	2,0029407344459909
21590	2,8731045449983195	21590	2,0029407344459909
21600	2,8779598396752406	21600	2,0029407344459909
21610	2,8748164395900568	21610	2,0029407344459909
21620	2,8798469895994359	21620	2,0029407344459909
21630	2,8814351883905109	21630	2,0029407344459909
21640	2,8762651770490018	21640	2,0029407344459909
21650	2,87437815541816	21650	2,0029407344459909
21660	2,8818174467926525	21660	2,0029407344459909
21670	2,8792279950959543	21670	2,0029407344459909
21680	2,8731834618764371	21680	2,0029407344459909
21690	2,8762555016421691	21690	2,0029407344459909
21700	2,875726079538143	21700	2,0029407344459909
21710	2,8757766734715506	21710	2,0029407344459909
21720	2,8844191759793474	21720	2,0029407344459909
21730	2,8756546810973478	21730	2,0029407344459909
21740	2,8819528734471787	21740	2,0029407344459909
21750	2,8732460040509751	21750	2,0029407344459909
21760	2,8730576340588132	21760	2,0029407344459909
21770	2,8762195951487031	21770	2,0029407344459909
21780	2,88168058470635	21780	2,0029407344459909
21790	2,87992121643663	21790	2,0029407344459909
21800	2,8753827021362319	21800	2,0029407344459909
21810	2,8770764949431147	21810	2,0029407344459909
21820	2,8768329939699853	21820	2,0029407344459909
21830	2,8745821162194907	21830	2,0029407344459909
21840	2,8869926475980092	21840	2,0029407344459909
21850	2,8765784730351558	21850	2,0029407344459909
21860	2,8732088243778047	21860	2,0029407344459909
21870	2,878020410625632	21870	2,0029407344459909
21880	2,8888267743912408	21880	2,0029407344459909
21890	2,8706727795990461	21890	2,0029407344459909
21900	2,8676423949423806	21900	2,0029407344459909
21910	2,8805816500320827	21910	2,0029407344459909
21920	2,880367352787824	21920	2,0029407344459909
21930	2,8737891204118697	21930	2,0029407344459909
21940	2,8718005814860432	21940	2,0029407344459909
21950	2,8858395658323652	21950	2,0029407344459909
21960	2,8804635235159095	21960	2,0029407344459909
21970	2,8812667450777241	21970	2,0029407344459909
21980	2,8779695651872164	21980	2,0029407344459909
21990	2,8709640086389019	21990	2,0029407344459909
22000	2,8783696005000614	22000	2,0029407344459909
22010	2,8815330732191016	22010	2,0029407344459909
22020	2,8811433923664516	22020	2,0029407344459909
22030	2,8764894725836636	22030	2,0029407344459909
22040	2,870475964530649	22040	2,0029407344459909
22050	2,8760007375830612	22050	2,0029407344459909
22060	2,8727829479937648	22060	2,0029407344459909
22070	2,8814114626204153	22070	2,0029407344459909
22080	2,8811985037987049	22080	2,0029407344459909
22090	2,8739165277032206	22090	2,0029407344459909
22100	2,8761579916401212	22100	2,0029407344459909
22110	2,874924906547518	22110	2,0029407344459909
22120	2,8706577527392154	22120	2,0029407344459909
22130	2,8817004553534211	22130	2,0029407344459909
22140	2,8700448914525731	22140	2,0029407344459909
22150	2,88460490573119	22150	2,0029407344459909
22160	2,8822031255831009	22160	2,0029407344459909
22170	2,8811503246697883	22170	2,0029407344459909
22180	2,8760881926185213	22180	2,0029407344459909
22190	2,8769719862018972	22190	2,0029407344459909
22200	2,8827249532979904	22200	2,0029407344459909
22210	2,8800832696832974	22210	2,0029407344459909
22220	2,8804616066546056	22220	2,0029407344459909
22230	2,8770005953891817	22230	2,0029407344459909
22240	2,8727522657177826	22240	2,0029407344459909
22250	2,8928057837340613	22250	2,0029407344459909
22260	2,8743448560134417	22260	2,0029407344459909
22270	2,8739755594382994	22270	2,0029407344459909
22280	2,8736846793288806	22280	2,0029407344459909
22290	2,8727531941719056	22290	2,0029407344459909
22300	2,8763827197463772	22300	2,0029407344459909
22310	2,8782178570778307	22310	2,0029407344459909
22320	2,8793656627283357	22320	2,0029407344459909
22330	2,8842329350653282	22330	2,0029407344459909
22340	2,8794517983166719	22340	2,0029407344459909
22350	2,8789548774954166	22350	2,0029407344459909
22360	2,875413605184916	22360	2,0029407344459909
22370	2,8743555308267368	22370	2,0029407344459909
22380	2,88285993283399	22380	2,0029407344459909
22390	2,8827239341408593	22390	2,0029407344459909
22400	2,8736064595921111	22400	2,0029407344459909
22410	2,8751688647869744	22410	2,0029407344459909
22420	2,8866864659720286	22420	2,0029407344459909
22430	2,8771873933478602	22430	2,0029407344459909
22440	2,8765053991395915	22440	2,0029407344459909
22450	2,8798076372687191	22450	2,0029407344459909
22460	2,8782130020216274	22460	2,0029407344459909
22470	2,8804145925426208	22470	2,0029407344459909
22480	2,8721956366872416	22480	2,0029407344459909
22490	2,87943970126575	22490	2,0029407344459909
22500	2,8826410077924871	22500	2,0029407344459909
22510	2,8799592538026877	22510	2,0029407344459909
22520	2,8767558190107714	22520	2,0029407344459909
22530	2,8745702600394236	22530	2,0029407344459909
22540	2,8783579621922391	22540	2,0029407344459909
22550	2,87953600576845	22550	2,0029407344459909
22560	2,8739157144988043	22560	2,0029407344459909
22570	2,87156502860458	22570	2,0029407344459909
22580	2,8825512052155862	22580	2,0029407344459909
22590	2,873410518747777	22590	2,0029407344459909
22600	2,8783574858562528	22600	2,0029407344459909
22610	2,8811213000954417	22610	2,0029407344459909
22620	2,8808351760334383	22620	2,0029407344459909
22630	2,8735000370886477	22630	2,0029407344459909
22640	2,8699904593002832	22640	2,0029407344459909
22650	2,8843034315216385	22650	2,0029407344459909
22660	2,8676169161515084	22660	2,0029407344459909
22670	2,8781484998673039	22670	2,0029407344459909
22680	2,8873832337509304	22680	2,0029407344459909
22690	2,8693841279720647	22690	2,0029407344459909
22700	2,8802584969608147	22700	2,0029407344459909
22710	2,8757697557109778	22710	2,0029407344459909
22720	2,8803056587209452	22720	2,0029407344459909
22730	2,8735178738350546	22730	2,0029407344459909
22740	2,8712232863340934	22740	2,0029407344459909
22750	2,8821006111777523	22750	2,0029407344459909
22760	2,8758443329257775	22760	2,0029407344459909
22770	2,8769479895711716	22770	2,0029407344459909
22780	2,8723618902432952	22780	2,0029407344459909
22790	2,8823300222557036	22790	2,0029407344459909
22800	2,8815324757595002	22800	2,0029407344459909
22810	2,8780278707936437	22810	2,0029407344459909
22820	2,8764268202460124	22820	2,0029407344459909
22830	2,8881428791432517	22830	2,0029407344459909
22840	2,8804263173234559	22840	2,0029407344459909
22850	2,8766815725981671	22850	2,0029407344459909
22860	2,8759037086474462	22860	2,0029407344459909
22870	2,8803703230151565	22870	2,0029407344459909
22880	2,8735944988210744	22880	2,0029407344459909
22890	2,8772592419794853	22890	2,0029407344459909
22900	2,8729881839055573	22900	2,0029407344459909
22910	2,880591540108949	22910	2,0029407344459909
22920	2,8801501195961623	22920	2,0029407344459909
22930	2,8781148694006915	22930	2,0029407344459909
22940	2,8744784706124347	22940	2,0029407344459909
22950	2,8818894341492141	22950	2,0029407344459909
22960	2,8791112128969778	22960	2,0029407344459909
22970	2,8773366412313877	22970	2,0029407344459909
22980	2,8717804253535659	22980	2,0029407344459909
22990	2,8815122479238235	22990	2,0029407344459909
23000	2,8792895303354613	23000	2,0029407344459909
23010	2,8827322382056568	23010	2,0029407344459909
23020	2,8718199367407609	23020	2,0029407344459909
23030	2,8790782181875296	23030	2,0029407344459909
23040	2,8702642798026585	23040	2,0029407344459909
23050	2,8795040284212843	23050	2,0029407344459909
23060	2,8766390271982742	23060	2,0029407344459909
23070	2,881814161481417	23070	2,0029407344459909
23080	2,8821288366483229	23080	2,0029407344459909
23090	2,8822560631609271	23090	2,0029407344459909
23100	2,8751957836700872	23100	2,0029407344459909
23110	2,8779277124219327	23110	2,0029407344459909
23120	2,877980117093367	23120	2,0029407344459909
23130	2,8789853373031633	23130	2,0029407344459909
23140	2,8810135120434732	23140	2,0029407344459909
23150	2,88052948504221	23150	2,0029407344459909
23160	2,8720522892969735	23160	2,0029407344459909
23170	2,8790948916229007	23170	2,0029407344459909
23180	2,8760674194364952	23180	2,0029407344459909
23190	2,8744296714331048	23190	2,0029407344459909
23200	2,8811984286938648	23200	2,0029407344459909
23210	2,8691062563618637	23210	2,0029407344459909
23220	2,8809373255110153	23220	2,0029407344459909
23230	2,878141838547783	23230	2,0029407344459909
23240	2,8839250502063787	23240	2,0029407344459909
23250	2,8843179580096607	23250	2,0029407344459909
23260	2,8654212647477144	23260	2,0029407344459909
23270	2,8861941062206471	23270	2,0029407344459909
23280	2,8745861248936477	23280	2,0029407344459909
23290	2,8783408135071209	23290	2,0029407344459909
23300	2,880820774719651	23300	2,0029407344459909
23310	2,8767978900538647	23310	2,0029407344459909
23320	2,881162372504221	23320	2,0029407344459909
23330	2,8722393851553965	23330	2,0029407344459909
23340	2,8787874020458295	23340	2,0029407344459909
23350	2,8800141121112404	23350	2,0029407344459909
23360	2,8760851547173742	23360	2,0029407344459909
23370	2,8796105788727231	23370	2,0029407344459909
23380	2,8722009995953983	23380	2,0029407344459909
23390	2,8744974843848157	23390	2,0029407344459909
23400	2,8776294938595317	23400	2,0029407344459909
23410	2,8747522067757068	23410	2,0029407344459909
23420	2,887506749687633	23420	2,0029407344459909
23430	2,8735856080252979	23430	2,0029407344459909
23440	2,8762959340152165	23440	2,0029407344459909
23450	2,8799583130032547	23450	2,0029407344459909
23460	2,8724851519553836	23460	2,0029407344459909
23470	2,8793525904496824	23470	2,0029407344459909
23480	2,8800327588610526	23480	2,0029407344459909
23490	2,8705681578253586	23490	2,0029407344459909
23500	2,8741009573609997	23500	2,0029407344459909
23510	2,8767281561555746	23510	2,0029407344459909
23520	2,8791912284433083	23520	2,0029407344459909
23530	2,877542792531707	23530	2,0029407344459909
23540	2,8761515793177246	23540	2,0029407344459909
23550	2,8768871486898591	23550	2,0029407344459909
23560	2,8730761642993703	23560	2,0029407344459909
23570	2,8849488534081331	23570	2,0029407344459909
23580	2,8749918018983798	23580	2,0029407344459909
23590	2,8770357269700755	23590	2,0029407344459909
23600	2,8736273958418916	23600	2,0029407344459909
23610	2,8837488248173684	23610	2,0029407344459909
23620	2,8724835978565957	23620	2,0029407344459909
23630	2,8689540652735075	23630	2,0029407344459909
23640	2,8792697119247084	23640	2,0029407344459909
23650	2,8725288613168165	23650	2,0029407344459909
23660	2,8865127210076937	23660	2,0029407344459909
23670	2,8826156749655469	23670	2,0029407344459909
23680	2,8738378638197606	23680	2,0029407344459909
23690	2,8770234073739931	23690	2,0029407344459909
23700	2,8784229408693758	23700	2,0029407344459909
23710	2,8764063719836188	23710	2,0029407344459909
23720	2,8773116967967751	23720	2,0029407344459909
23730	2,8847769759543613	23730	2,0029407344459909
23740	2,87757091900718	23740	2,0029407344459909
23750	2,8877942087613895	23750	2,0029407344459909
23760	2,87717336776603	23760	2,0029407344459909
23770	2,877880092430694	23770	2,0029407344459909
23780	2,8806990657345217	23780	2,0029407344459909
23790	2,8743799710233549	23790	2,0029407344459909
23800	2,8721157913510975	23800	2,0029407344459909
23810	2,8724811884270527	23810	2,0029407344459909
23820	2,8832443021078622	23820	2,0029407344459909
23830	2,8721632259101919	23830	2,0029407344459909
23840	2,8829814349296377	23840	2,0029407344459909
23850	2,8703897714296391	23850	2,0029407344459909
23860	2,8714517548042919	23860	2,0029407344459909
23870	2,8745938176224533	23870	2,0029407344459909
23880	2,8798524112461346	23880	2,0029407344459909
23890	2,8792125357662917	23890	2,0029407344459909
23900	2,8816642167916866	23900	2,0029407344459909
23910	2,8803341009210164	23910	2,0029407344459909
23920	2,8761079625291495	23920	2,0029407344459909
23930	2,8715352869615258	23930	2,0029407344459909
23940	2,8793692311732788	23940	2,0029407344459909
23950	2,884065249868828	23950	2,0029407344459909
23960	2,8705183164459647	23960	2,0029407344459909
23970	2,8788177687510137	23970	2,0029407344459909
23980	2,8782246592519725	23980	2,0029407344459909
23990	2,8776599437853156	23990	2,0029407344459909
24000	2,8745522326686448	24000	2,0029407344459909
24010	2,8782421147966164	24010	2,0029407344459909
24020	2,878016713822293	24020	2,0029407344459909
24030	2,87717053186178	24030	2,0029407344459909
24040	2,8790750294253287	24040	2,0029407344459909
24050	2,8862569989264664	24050	2,0029407344459909
24060	2,8768380687236577	24060	2,0029407344459909
24070	2,8822111642191732	24070	2,0029407344459909
24080	2,8748608438652474	24080	2,0029407344459909
24090	2,8873166478912422	24090	2,0029407344459909
24100	2,8719091177923435	24100	2,0029407344459909
24110	2,8777743228713772	24110	2,0029407344459909
24120	2,880882383235702	24120	2,0029407344459909
24130	2,8739783153731611	24130	2,0029407344459909
24140	2,8810541257825037	24140	2,0029407344459909
24150	2,8770196253977924	24150	2,0029407344459909
24160	2,88063289986947	24160	2,0029407344459909
24170	2,8724710662956707	24170	2,0029407344459909
24180	2,882763995204308	24180	2,0029407344459909
24190	2,8814482711171427	24190	2,0029407344459909
24200	2,8780009674838953	24200	2,0029407344459909
24210	2,872931362487209	24210	2,0029407344459909
24220	2,876485026768457	24220	2,0029407344459909
24230	2,8799250620871155	24230	2,0029407344459909
24240	2,8812913347355518	24240	2,0029407344459909
24250	2,8828225083806256	24250	2,0029407344459909
24260	2,8790528088193659	24260	2,0029407344459909
24270	2,881987640035538	24270	2,0029407344459909
24280	2,8752332348049139	24280	2,0029407344459909
24290	2,8755929669254887	24290	2,0029407344459909
24300	2,8805405473690739	24300	2,0029407344459909
24310	2,8808561085295894	24310	2,0029407344459909
24320	2,8803187348186365	24320	2,0029407344459909
24330	2,87563996646729	24330	2,0029407344459909
24340	2,8866566725190421	24340	2,0029407344459909
24350	2,8752213953734791	24350	2,0029407344459909
24360	2,8800068720110721	24360	2,0029407344459909
24370	2,8778535768122016	24370	2,0029407344459909
24380	2,8737487571973444	24380	2,0029407344459909
24390	2,8837977223204279	24390	2,0029407344459909
24400	2,8788594072570031	24400	2,0029407344459909
24410	2,8729191461161787	24410	2,0029407344459909
24420	2,8805301510846277	24420	2,0029407344459909
24430	2,880244203409394	24430	2,0029407344459909
24440	2,8780356845065658	24440	2,0029407344459909
24450	2,8770392026845792	24450	2,0029407344459909
24460	2,8759184821242258	24460	2,0029407344459909
24470	2,8775488580874096	24470	2,0029407344459909
24480	2,8754234030524732	24480	2,0029407344459909
24490	2,8822038084155386	24490	2,0029407344459909
24500	2,8805376088082713	24500	2,0029407344459909
24510	2,8726143727746614	24510	2,0029407344459909
24520	2,8790499933606664	24520	2,0029407344459909
24530	2,8775572032575751	24530	2,0029407344459909
24540	2,8781682927626631	24540	2,0029407344459909
24550	2,8770129454307911	24550	2,0029407344459909
24560	2,8698848577534228	24560	2,0029407344459909
24570	2,8835111776297557	24570	2,0029407344459909
24580	2,8793415257953159	24580	2,0029407344459909
24590	2,8764614063158618	24590	2,0029407344459909
24600	2,8800353175144813	24600	2,0029407344459909
24610	2,8749247412316228	24610	2,0029407344459909
24620	2,8749205168482641	24620	2,0029407344459909
24630	2,8786332793417744	24630	2,0029407344459909
24640	2,8791850088235313	24640	2,0029407344459909
24650	2,8834441182639177	24650	2,0029407344459909
24660	2,8754836801107282	24660	2,0029407344459909
24670	2,8734640768509885	24670	2,0029407344459909
24680	2,8769007630481624	24680	2,0029407344459909
24690	2,8777855800693386	24690	2,0029407344459909
24700	2,8722755781294858	24700	2,0029407344459909
24710	2,8780125854512617	24710	2,0029407344459909
24720	2,8749998962222496	24720	2,0029407344459909
24730	2,8761536290499956	24730	2,0029407344459909
24740	2,8742990383688372	24740	2,0029407344459909
24750	2,8797266270191235	24750	2,0029407344459909
24760	2,8694388909636785	24760	2,0029407344459909
24770	2,8863226369890222	24770	2,0029407344459909
24780	2,8753351003372578	24780	2,0029407344459909
24790	2,8798773881970647	24790	2,0029407344459909
24800	2,8781079756910573	24800	2,0029407344459909
24810	2,8782821647149808	24810	2,0029407344459909
24820	2,8798349814728339	24820	2,0029407344459909
24830	2,8812426865689496	24830	2,0029407344459909
24840	2,8698504256277491	24840	2,0029407344459909
24850	2,8873871630491448	24850	2,0029407344459909
24860	2,8675973674807502	24860	2,0029407344459909
24870	2,8784993174396334	24870	2,0029407344459909
24880	2,8864154923739118	24880	2,0029407344459909
24890	2,8786949269692443	24890	2,0029407344459909
24900	2,8714327289808868	24900	2,0029407344459909
24910	2,8777763164497072	24910	2,0029407344459909
24920	2,881746962900583	24920	2,0029407344459909
24930	2,8764662459387953	24930	2,0029407344459909
24940	2,8803453443672704	24940	2,0029407344459909
24950	2,8750771619960349	24950	2,0029407344459909
24960	2,8791841858692426	24960	2,0029407344459909
24970	2,8728555594886003	24970	2,0029407344459909
24980	2,8819263197794633	24980	2,0029407344459909
24990	2,8702794867637	24990	2,0029407344459909
25000	2,8774863948938374	25000	2,0029407344459909
25010	2,8804776831652332	25010	2,0029407344459909
25020	2,8738587014577246	25020	2,0029407344459909
25030	2,878666209305643	25030	2,0029407344459909
25040	2,8717257423850082	25040	2,0029407344459909
25050	2,8735723764437542	25050	2,0029407344459909
25060	2,8785702172325	25060	2,0029407344459909
25070	2,8875176445238679	25070	2,0029407344459909
25080	2,8778777782833429	25080	2,0029407344459909
25090	2,8797044387086594	25090	2,0029407344459909
25100	2,8810885330791378	25100	2,0029407344459909
25110	2,8715353728932138	25110	2,0029407344459909
25120	2,8844762861169344	25120	2,0029407344459909
25130	2,877269320457482	25130	2,0029407344459909
25140	2,8700405397958968	25140	2,0029407344459909
25150	2,8807742803671	25150	2,0029407344459909
25160	2,8814857267413219	25160	2,0029407344459909
25170	2,8860217400172683	25170	2,0029407344459909
25180	2,8754551185427495	25180	2,0029407344459909
25190	2,8722943737625628	25190	2,0029407344459909
25200	2,8819650603056992	25200	2,0029407344459909
25210	2,8742308431155861	25210	2,0029407344459909
25220	2,8791601292129876	25220	2,0029407344459909
25230	2,8797519705014278	25230	2,0029407344459909
25240	2,8803685340370544	25240	2,0029407344459909
25250	2,8781242897791226	25250	2,0029407344459909
25260	2,879708866570132	25260	2,0029407344459909
25270	2,8774303943709518	25270	2,0029407344459909
25280	2,8711763765812672	25280	2,0029407344459909
25290	2,8734164436694578	25290	2,0029407344459909
25300	2,8820336535245055	25300	2,0029407344459909
25310	2,872133546611253	25310	2,0029407344459909
25320	2,8858869289982274	25320	2,0029407344459909
25330	2,8794093891410917	25330	2,0029407344459909
25340	2,8734065996282756	25340	2,0029407344459909
25350	2,8787535552052557	25350	2,0029407344459909
25360	2,87511477219054	25360	2,0029407344459909
25370	2,875508771163755	25370	2,0029407344459909
25380	2,883540404104429	25380	2,0029407344459909
25390	2,8806090445873043	25390	2,0029407344459909
25400	2,879006968571975	25400	2,0029407344459909
25410	2,8716565301396675	25410	2,0029407344459909
25420	2,8839856076796626	25420	2,0029407344459909
25430	2,872576370212709	25430	2,0029407344459909
EOF
