Name	YT Scope Project	
File	C:\Users\Administrator\Documents\TcXaeShell\TwinCAT_260713\ScopeLog\2026-08-20_Scope_1000to2000mms_B.csv	
Starttime of export	134316857329540000	Thursday, August 20, 2026	16:48:52.954
Endtime of export	134316858874540000	Thursday, August 20, 2026	16:51:27.454


Name	a	Name	b
SymbolComment	A coordinate.	SymbolComment	B coordinate.
Data-Type	REAL64	Data-Type	REAL64
SampleTime[ms]	10	SampleTime[ms]	10
VariableSize	8	VariableSize	8
SymbolBased	True	SymbolBased	True
IndexGroup	61462	IndexGroup	61462
IndexOffset	0	IndexOffset	0
SymbolName	MAIN.Xpmover[0].MCTOPLC.ACT.ActPos.a	SymbolName	MAIN.Xpmover[0].MCTOPLC.ACT.ActPos.b
NetID	169.254.116.218.1.1	NetID	169.254.116.218.1.1
Port	851	Port	851
Offset	0	Offset	0
ScaleFactor	1	ScaleFactor	1
BitMask	0xffffffffffffffff	BitMask	0xffffffffffffffff
Unit	(None)	Unit	(None)
Unit ScaleFactor	1	Unit ScaleFactor	1
Unit Offset	0	Unit Offset	0

0	-0,00038196918843282258	0	0,0052287709958352075
10	-0,0052708426640524948	10	-0,0035140919131993438
20	0,0044010739260779939	20	0,0020327489258680194
30	-0,0070300801239256147	30	-0,0036572490890841147
40	0,007181290547445051	40	-0,00867900117237259
50	0,0031737961663370804	50	0,0055016563101657721
60	0,0096414685418481083	60	-0,0025008320999379214
70	-0,0068720605129953521	70	-0,0043437335603023616
80	-0,018673534567075017	80	-0,00066956454289803283
90	0,0065568846892940791	90	0,000608358225848536
100	0,00107903443601614	100	-0,0096783213352370032
110	0,00800816323266236	110	0,016888806054691046
120	0,0088616708295174949	120	-0,0045930864293520363
130	0,011178063439927492	130	0,010119809295679792
140	-0,012615738845708827	140	0,0094239356448008616
150	-0,0051728007878533572	150	-0,0043925623809827124
160	0,0082406676463715953	160	0,00093903124031225491
170	0,0027545527345295396	170	0,0017758910148523142
180	-0,010882518279120852	180	-0,0039226874757619249
190	-0,012799300849031123	190	-0,0060220540627224694
200	0,019347899825832023	200	0,0047281447052059866
210	0,00762681960097991	210	0,0064423917188482878
220	0,0059000534858879624	220	0,012599991480067869
230	-0,010648722635308585	230	-0,0058772653805446171
240	0,010360253359214248	240	0,012597128511061598
250	-0,0089928629112315962	250	-0,0036862343935814713
260	-0,0042259013835856587	260	0,0055039951518096441
270	-7,859274340557341E-05	270	-0,0047036912659764035
280	0,0013491366673644754	280	0,0020174514237189488
290	-0,015252851041072092	290	-0,009006467598148089
300	0,011892333375617851	300	-0,0046861289510182333
310	-0,0029983612964533161	310	0,0051705509803646335
320	0,00066891478005495439	320	-0,0072204417203340192
330	-0,012860001529788449	330	0,0089266427133798121
340	0,006644002458040886	340	-0,010456637362249126
350	0,0041840707672590322	350	0,0092791187554527779
360	-0,0011533760448709462	360	-0,00049300067800874231
370	-0,0038763567811717185	370	-0,0026516822801256538
380	-0,012282181123665952	380	-0,0050013488045266988
390	0,0068456597449290391	390	0,0048125872054254953
400	-0,0050457259604794434	400	0,0023058777165196023
410	-0,0011714680869385947	410	-0,0036730741126165174
420	0,012840467715018527	420	0,00050508287496137637
430	-0,0071185149977172346	430	0,0045954746205288969
440	-0,0061331135325940955	440	0,00084266037477764984
450	-0,00037146756012566747	450	-0,013260567655396086
460	-0,0024430372741624439	460	0,013190773581955053
470	-0,0014312726612063652	470	-0,0042382324817890485
480	0,012267810035091814	480	-0,0026157478239212375
490	-0,0014798903389017881	490	-0,00079476177749055344
500	0,01598143612959468	500	-0,0018050193180511281
510	0,0095802098805491676	510	0,004080489832768386
520	-5,0269274630450911E-05	520	-0,011566741387873902
530	-0,015143716010374994	530	0,00447711051980289
540	-0,0018558442673838995	540	-0,0069181878999129672
550	0,0054881333978237992	550	-0,010316235905397635
560	0,0055432064392620219	560	0,0032791801309973935
570	0,0037641895726665798	570	0,0016124650952152658
580	0,0037976830032002994	580	-0,0062787235120116656
590	0,0033886790492630033	590	-0,00048928777659697025
600	-0,0017230521599504505	600	0,0041571813758741992
610	0,002530145125930743	610	0,0097472347289526834
620	-0,0083770027189166291	620	-0,0041717198718840979
630	0,003762420951163704	630	0,0096621337233921047
640	0,0059855745255566646	640	0,0032420588231607383
650	-0,0029223795982646524	650	-0,0055330174376867682
660	0,000593304224157011	660	0,0087321992549693524
670	0,015987479610814	670	0,00097641153623837255
680	0,017619389704720333	680	0,0059905149782852642
690	-0,0054889013088366273	690	-0,001742251773592101
700	-0,0098540032594454183	700	0,000434592947044995
710	0,001204207058378113	710	0,0043147550428266025
720	-0,00056128421914250427	720	0,002619918709139378
730	-0,0079873908783946439	730	0,010290336733307731
740	0,00076793921259048377	740	-0,0019124944966693886
750	0,0048821664030520113	750	0,0027157995334079438
760	0,0064981916549218827	760	0,0041955234343703171
770	0,0034189941768106307	770	0,0057625395746339764
780	-0,0030156870707443084	780	-0,011091984287469221
790	-0,009409956909642421	790	-0,011995584490369375
800	-0,0046554529539328642	800	0,0019415775185297334
810	-0,012944518295577157	810	0,0061628375659740029
820	0,019319631110996684	820	0,0040673471247912214
830	-0,0075509129214478094	830	-0,0055738488622930982
840	0,00044609175944353407	840	0,0020903645774577578
850	0,0010810100336557942	850	-0,0090868303454544278
860	-0,0026755024323903303	860	0,0063590373505092168
870	0,012358355263984005	870	-0,0044523046366981124
880	0,015946450881327335	880	0,0033718951883949105
890	-0,0064979083598456448	890	-0,002865731885885171
900	-0,01143275080852081	900	-0,0058918393817886322
910	-0,0028387717112573676	910	-0,0036265903503805356
920	0,021761879968198092	920	-0,00045409217714678521
930	-0,0027895364365856249	930	0,0033262468023106174
940	0,0033402894546783251	940	-0,0088502277060064083
950	-0,00763284997326035	950	0,0021467766119726821
960	-0,0024230688092406146	960	0,0037787713062029382
970	-0,0027801685405990924	970	0,0062211995600062178
980	-0,0075899306613693854	980	0,0019367489817636234
990	0,014037846888850198	990	0,0036805062945408319
1000	-0,0094247768907764658	1000	0,002216374076614363
1010	-0,004686210608659239	1010	-0,00080788309771049043
1020	-0,0024311495792677341	1020	-0,013086599038341137
1030	-9,0637398200990048E-06	1030	0,0025862177717057124
1040	0,0029579828388408206	1040	-0,012438963198317362
1050	0,0004266281766997035	1050	-0,010074408337588664
1060	0,003360129266274547	1060	-0,0040419966070730212
1070	0,018500923633300324	1070	0,020013931050688775
1080	-0,010493894636105876	1080	-0,0030657290286021546
1090	0,0094182695176322512	1090	0,0017547333594383166
1100	-0,012913601053310714	1100	-0,00041300026479454914
1110	0,0058209920155980529	1110	-0,0017755469991632242
1120	0,012963153749897965	1120	-0,00024772934111730354
1130	0,00095985994639169491	1130	0,0058590008506103882
1140	-0,0048278774716647814	1140	0,0070297758780034671
1150	-0,0083358192768057428	1150	0,00884092845199173
1160	-0,0042679793957102405	1160	0,0099045522015414784
1170	0,009880607409957793	1170	-0,00811078508129086
1180	-0,020982617485680394	1180	-0,0088364199998906719
1190	0,00754780059993296	1190	-0,0077624337228975075
1200	-0,0053179043703620492	1200	-0,0027585665633808277
1210	-0,010554791188878749	1210	0,0035533662099239546
1220	-0,00055355876384817449	1220	0,0071534547145138318
1230	0,0015940972307826307	1230	-0,0095734319771333086
1240	0,0020366443395751391	1240	-0,00061171348368130784
1250	0,0059002576527692613	1250	-0,0040813436524923608
1260	-0,0037113599226199045	1260	-0,0034396457721503062
1270	-0,0087165410405863758	1270	0,0032763021564662775
1280	0,0072059168436816676	1280	0,012870440116633982
1290	-0,0096727574422223028	1290	-4,2584106496276794E-05
1300	0,012591597673855785	1300	0,00562956438821101
1310	-0,010257352357788709	1310	-0,0037896487104399725
1320	-0,0092461159722631477	1320	0,0013445639635410011
1330	0,013733017808292412	1330	-0,0020085090808796766
1340	0,003629606298118778	1340	-0,0027916168321616575
1350	0,0064778475061701406	1350	-0,0085858506234048719
1360	-0,010439490579833718	1360	0,0066814953740376064
1370	0,0109306457209225	1370	-0,00070064054038545534
1380	-0,014632895500738518	1380	-0,0071846764190489033
1390	-0,0045007666057263317	1390	0,003412246554322599
1400	0,0015570215797616539	1400	0,0082428417791563322
1410	0,015775837426013926	1410	0,0029725467293311922
1420	-0,0077265727677023541	1420	-0,0020513404073341729
1430	-0,0014715229576083135	1430	-0,0041985454328831622
1440	-0,0053076190352984408	1440	-0,00038246438067236847
1450	-0,0092011351235719973	1450	0,0039784379429155994
1460	0,00027270353709178056	1460	0,014596953730026965
1470	0,0021001872528894788	1470	0,0069971527057673816
1480	-0,0033154389879727782	1480	0,0098595525027833416
1490	-0,0068932310331030772	1490	-0,0040850891573874643
1500	0,0029287500614633469	1500	-0,017556732441948927
1510	0,0033965249682126491	1510	0,00051408005119776747
1520	0,0049738843616926659	1520	-0,0028201014564321683
1530	-0,006398408150151952	1530	-0,0050110396442909584
1540	0,0069721182595130658	1540	0,021301893686193736
1550	0,0029402913360171939	1550	-0,00060119032952534845
1560	0,0062519949481000614	1560	-0,0051511751178238809
1570	0,0053992815480665641	1570	0,0075464303681014658
1580	-0,008658120676995916	1580	-0,014573581992029284
1590	0,0049660904219404455	1590	0,0015619265357923276
1600	0,014956114283644425	1600	-0,0019212766699669803
1610	0,0057157286167356641	1610	0,0010243479857932
1620	-0,0063284739184978067	1620	-0,005561134229891301
1630	-0,0080182664083715618	1630	-0,010900097554541003
1640	-0,0048796450366505421	1640	-0,010167587643345296
1650	0,005753727703589063	1650	0,0050116862223339225
1660	-0,0067318294989736896	1660	0,0058052016547568905
1670	0,0092241737038309644	1670	0,0084882364470621387
1680	-0,0072449360377230387	1680	-0,011406903730572774
1690	0,0061038531959036755	1690	0,0034095595652587321
1700	-0,0015986060327326259	1700	-0,0095208504659863025
1710	0,0054329553534773929	1710	0,0023743028625404904
1720	0,015061471523392378	1720	-0,0026153090045465547
1730	-0,0027159626102169995	1730	0,010333763440101017
1740	-0,00044898997819186058	1740	-0,01191648413133806
1750	0,0044381596119965226	1750	-0,0016059757572292612
1760	-0,00038455565534020031	1760	0,0050184695442133109
1770	-0,0033808145712286471	1770	-0,0039777913186168
1780	0,00818313489425873	1780	-0,005581806768823647
1790	0,0075986253080535015	1790	0,0024696294130463377
1800	-0,0048073704199889681	1800	-0,0034272851517929232
1810	0,0071621362201709808	1810	0,012602152234048024
1820	-0,0017993592630633167	1820	0,010404560378588352
1830	-0,0065110795406984638	1830	0,0031877319336190216
1840	0,0010756895610967523	1840	-0,0060999237385063647
1850	0,0080421473952682811	1850	-0,0061347099969302791
1860	-0,0079193427722784818	1860	0,00085385710613268074
1870	-0,0052273421567632025	1870	-0,0018117356639080198
1880	-0,008372474223287945	1880	-0,010060486080975227
1890	0,0025922191956665582	1890	0,014417054902800926
1900	0,0097761065860310845	1900	0,012772921248884104
1910	-0,0091764862596435959	1910	-0,00045782115296755927
1920	-0,0052143250791039479	1920	0,001208738701893081
1930	-0,015780292390325058	1930	-0,0098342535998288023
1940	0,00078872060615878237	1940	-0,0010178068060162069
1950	0,0096457113060879878	1950	0,0014274388086342848
1960	-0,00024405683146174994	1960	0,0043952995441427448
1970	0,002008112521068152	1970	-0,0055680609518482613
1980	-0,0012528767342725857	1980	0,013060973074524576
1990	0,0028260289368189804	1990	-0,012479791351244159
2000	0,0038158376007307844	2000	0,0059871899332167283
2010	0,0065054534756356589	2010	-0,0059479932428046509
2020	0,015768429820397428	2020	-0,00578265749373167
2030	-0,011810778396919408	2030	-0,010704836748925369
2040	-0,0027664483360477221	2040	-0,0067808753897206373
2050	-0,016940279006567194	2050	0,0049457944556515936
2060	0,0039968728958404117	2060	-0,0067524764544855693
2070	0,0030252342937960824	2070	0,00061941928124295629
2080	0,0017170212062556779	2080	-0,0023393081485835491
2090	0,0083977456152977015	2090	0,0022559946377843352
2100	0,00011909613023705503	2100	-0,011657501824849042
2110	-0,011963613267498631	2110	0,0022702779917581663
2120	-0,0044373782154089889	2120	0,013229109198364158
2130	-0,0066816789344198062	2130	0,0014491706865148292
2140	-0,0045646066565595564	2140	0,0039698302883337437
2150	0,0040636090555430833	2150	0,0034589863815730724
2160	-0,011427731310098374	2160	0,0040641242627384678
2170	-0,0117813586224164	2170	-0,010695153357709849
2180	0,0031086815660287055	2180	-0,00776578182783676
2190	0,011162358202176896	2190	0,0020251236454287614
2200	0,00093513211470202943	2200	0,0055843771049119816
2210	-0,0038925579799612411	2210	-0,0049971228259893035
2220	-0,0060094311556902211	2220	-0,00097592101505835976
2230	-0,0038419452205046421	2230	-0,0005768406179651669
2240	-0,003278354281247977	2240	0,0042840469046163425
2250	-0,00069984761506681971	2250	-0,0078140649823559179
2260	0,00090723876834073846	2260	0,010571276580383907
2270	-0,0085191493458761369	2270	-0,00797867452562539
2280	0,003305101932783393	2280	-0,0077202661720662483
2290	0,0056162113074444244	2290	0,0047752306407125907
2300	0,021048266310535531	2300	0,0022010967138873733
2310	-0,0062097751995522045	2310	-0,0092510983106200532
2320	-0,033033501317013374	2320	-0,017109271761592403
2330	-0,012307217683026233	2330	0,0043177744603260125
2340	0,014583019382158786	2340	0,00090859430043474477
2350	0,01289532748756405	2350	-0,0011598730904874483
2360	-0,00091068995187585852	2360	0,012844830855506043
2370	0,017316190333298714	2370	-0,0072171444880219388
2380	-0,014358806986505426	2380	0,0023175387789386554
2390	0,0018151909368147559	2390	0,013750445234969572
2400	0,010287837533478622	2400	-0,011894114082821292
2410	-0,0071655310983494893	2410	0,00846615800874497
2420	-0,00095951905275756767	2420	0,0035437903586802771
2430	0,011862244183321479	2430	-0,0032480804863777215
2440	-0,0077235513745313993	2440	-0,011391456551460014
2450	-0,0013506935999806496	2450	-2,3850261170070878E-05
2460	-0,0047883903186535272	2460	0,0096194279442779786
2470	0,022882413789281287	2470	0,0046049389188762661
2480	-0,010742354161863312	2480	-0,010340467182297303
2490	-0,0030633334333295525	2490	-0,0068352863888809338
2500	0,0040337719059006238	2500	0,00079557956086112147
2510	-0,011640030240754554	2510	0,0038467908062061657
2520	0,01099435287158728	2520	-0,010634643755475593
2530	0,01041628898990765	2530	0,012016755404192227
2540	-0,00505246678291272	2540	-0,0098399977574531675
2550	0,0027000069096298563	2550	-0,00852845007016296
2560	0,0081717893961630577	2560	0,00092356036863867864
2570	0,012707864672833255	2570	0,0060030496391528616
2580	0,011005107433130863	2580	0,016998436025410787
2590	-0,00092175840477483372	2590	-0,017656265642750902
2600	0,010224283086777255	2600	-0,00689096566144517
2610	0,0017080715650129774	2610	0,0070683942654139586
2620	0,0067289966896081441	2620	0,0090149561145826847
2630	-0,0066862791127579747	2630	0,004073315459514712
2640	-0,0075601966977409275	2640	-0,00792008198229309
2650	0,021088757063897252	2650	-0,0084266564659901781
2660	0,0062890629978891496	2660	0,0069027180674148345
2670	0,0015256680757446627	2670	-0,0044028644669691945
2680	-0,0072299819875470423	2680	-0,0027112204898100123
2690	-0,0061785378119634318	2690	-0,002031457890498353
2700	0,00066846663005693419	2700	0,0017394050985239931
2710	0,01503149945629691	2710	-0,0016290158935256495
2720	0,00092989074460732041	2720	8,11040955032361E-07
2730	-0,0020209278747525938	2730	0,0061238649357795464
2740	-0,0031919188335713194	2740	0,0059553427955231341
2750	0,014643463835954516	2750	-0,0087740556592530352
2760	0,014785779650743909	2760	-0,012824707131536139
2770	0,01982893816571149	2770	0,019358313166305111
2780	0,0027378748733337547	2780	-0,0083968114416707665
2790	-0,00033965775900948275	2790	-0,015943049514219765
2800	0,0042529460963017405	2800	0,012156183715475924
2810	0,0070526597131863791	2810	0,0005928635352585159
2820	0,0016293440319262932	2820	-0,00979879832502978
2830	-0,012593514093463111	2830	-0,010137191465786349
2840	-0,014476345411725043	2840	0,013382713116268439
2850	0,0080745329513099741	2850	-0,017465766985225978
2860	-3,2666936115341204E-05	2860	-0,0018712288002838782
2870	-0,0081751458500204932	2870	0,0032656194540504288
2880	0,0063244107593986047	2880	0,0055419112257248529
2890	0,010039937967349278	2890	-8,0845205183704977E-05
2900	-0,0045459403365730533	2900	-0,0088905653931795909
2910	0,014550767926588879	2910	0,010748108530750719
2920	-0,0053693847889207157	2920	-0,015812028913344767
2930	-0,0024950561640120052	2930	0,017980214134452784
2940	0,0078858912865897909	2940	0,0085244968303717587
2950	-0,011464392667552987	2950	-0,0033461797464834748
2960	0,0099159216641682979	2960	-0,0062133910110366919
2970	-3,5965417017947509E-05	2970	-0,0074170219253584741
2980	0,012243295795185174	2980	-0,0098585970145049027
2990	-0,011130797358259715	2990	-0,02145147223074596
3000	0,0046468839554571718	3000	-0,00071279550936199627
3010	0,0022246052281657742	3010	0,0072505147860554477
3020	0,012817225649185275	3020	-0,01742083471499542
3030	-0,00028658981980126649	3030	0,00989591657753924
3040	-0,012031976304530017	3040	0,00075355006389805912
3050	-0,0021634359739348768	3050	0,0065257837547666652
3060	0,0033641664228655989	3060	0,0023754648600663305
3070	-0,0019858557406537852	3070	-0,0038327685228814658
3080	-0,0056606779526982192	3080	-0,002417448845080967
3090	0,0025756665828214217	3090	0,011681569808232642
3100	0,001920016530522732	3100	0,0030134786187973849
3110	-0,010570551184964673	3110	0,00217745171276625
3120	0,012840231370300794	3120	0,0012758156747529376
3130	-0,011620354784118768	3130	-0,0055504011483857862
3140	0,0027204241459886837	3140	0,0062012237063841747
3150	-0,02523903489726714	3150	-0,020411502886375429
3160	-0,011700914716449972	3160	0,016045862398700751
3170	0,010713942080155178	3170	0,0078140562883004389
3180	-0,0029935332370885819	3180	-0,0010258362196746171
3190	0,016161470371736975	3190	-0,0016783588608809317
3200	0,0066801438262683822	3200	0,006519889625885714
3210	0,0018410459040284133	3210	-0,0038254361495896443
3220	-0,010224493243079577	3220	0,0036278771599721803
3230	0,0018687573907724075	3230	-0,0083871184664955356
3240	-0,018259457442943255	3240	-0,004697428965481836
3250	-0,0024456439019837728	3250	-0,0051854979324087828
3260	-0,011630421829281238	3260	0,01108880953920522
3270	0,0036420928015174778	3270	0,0033542131312393167
3280	-0,01153388114874057	3280	0,0087643254416267212
3290	-0,012767862634847254	3290	-0,015412050531324507
3300	0,009674409597282458	3300	0,0022793669142489484
3310	-0,0099505147533030438	3310	-0,0058927088157331615
3320	0,0054382599175691994	3320	-0,00069910112364207915
3330	0,011366044287041912	3330	-0,011205530105626794
3340	0,0016974956653902037	3340	0,0045585682425509774
3350	0,00027615636142574686	3350	0,00022996870681964008
3360	-0,0017273005740937788	3360	0,00011161830779248039
3370	-0,015615527693323843	3370	-0,0074724649951077816
3380	-0,0030769390462775754	3380	-0,002139202079675862
3390	-0,0028842691303880025	3390	-0,0082161108533975648
3400	0,0047985900466847656	3400	0,0047443222455596764
3410	0,0052423923158324455	3410	0,0067140936854895479
3420	-0,0049607594184429161	3420	-0,0087310566900081332
3430	-0,013551461294191389	3430	0,0062704674057790536
3440	0,00988256194214327	3440	-0,00056540275870828479
3450	0,0088102885903407011	3450	0,0044329142792698829
3460	-0,00082189755931551137	3460	0,002069352792982114
3470	0,011254920221420307	3470	-0,0052264349359628041
3480	0,0017590299032829871	3480	0,00027322032462896023
3490	-0,00051639028975751608	3490	0,001085867463796719
3500	0,0067177392625741511	3500	-0,00060767103439361442
3510	-0,00022968822470275646	3510	0,00066369912131190542
3520	-0,0040900687550093082	3520	0,010221284208273923
3530	6,2959066570498888E-05	3530	-0,011054386480142753
3540	-0,00089185375128921613	3540	-0,0010294963686803544
3550	0,001141033814061624	3550	0,0026284213926779949
3560	0,0039862475086034875	3560	-0,0030963668370178532
3570	0,0048601021748078807	3570	0,0015686473923097026
3580	-0,00689588447493889	3580	-0,0037876590719011132
3590	-0,010832371191760332	3590	-0,010183815949205506
3600	-0,0096768877972405482	3600	0,017034145839549656
3610	0,0037774132414427519	3610	-0,0085228817503697381
3620	-0,000917968039640478	3620	0,0048846710888103845
3630	0,011144877162634376	3630	0,0040167996272540687
3640	0,025186451121245575	3640	-0,0050759124731741207
3650	-0,0096025117100156411	3650	0,0038983842050676789
3660	-0,0041579577549801378	3660	0,0043375546639936816
3670	-0,014391379301150011	3670	0,0056158849327591041
3680	-0,0055401606233187774	3680	0,00013155999281316361
3690	0,0031542306619326563	3690	-0,0060180490415226639
3700	0,010328484740849016	3700	-0,0033359728183838854
3710	0,0016516775780283091	3710	0,00079987455833547736
3720	-0,00039346668135334606	3720	0,01146752427215169
3730	0,014776416468127367	3730	-0,015043467891146942
3740	0,0081331195980408923	3740	-0,0015007281934967607
3750	0,0060883562808563517	3750	0,0029706349723593968
3760	-0,0043852280956912732	3760	-0,013798201594906282
3770	-0,00068159185607380446	3770	-0,002459316601696107
3780	-0,018382206778803832	3780	0,0091325162591588561
3790	-0,0039478306866522527	3790	0,014121577417117195
3800	0,01176211919562392	3800	-0,0077767953065788157
3810	-0,0051771063273094815	3810	0,0068201249679012551
3820	-0,0093304336167040064	3820	-0,006993132372572655
3830	-0,018495277120235111	3830	-0,0015587722819593365
3840	0,0014439360138052229	3840	0,015735041779040494
3850	0,00030477978118271192	3850	-0,0085480873267329352
3860	-0,0036234605833995372	3860	0,013059776769103989
3870	-0,010434302044808542	3870	-0,014882596230679127
3880	0,0058303953127369018	3880	0,005520796531502236
3890	0,003293851956666705	3890	0,008804571481432712
3900	-0,008943894881483375	3900	-0,0082845652252475019
3910	-0,0048447641025806606	3910	0,0045619286618390643
3920	0,0008328616248266563	3920	0,0055766460036839318
3930	0,013749832394636534	3930	-0,0062529175046486278
3940	-0,010190182089110057	3940	0,014173162358949372
3950	-0,010359067513720288	3950	-0,020355609910421658
3960	-0,0066401354070842094	3960	0,0034683100356832112
3970	-0,00596041062524983	3970	-0,00814791666485022
3980	-0,0053635456140292579	3980	-0,0012763105091062211
3990	0,00850453989166906	3990	0,0095506410303763337
4000	0,014449315843717243	4000	-0,011946555344946555
4010	-0,0058472715574210124	4010	-0,0019693402148814776
4020	-0,0010669291722081294	4020	-0,012165595923879096
4030	0,0070519976229995842	4030	-0,0007057178632826638
4040	0,001202835342491333	4040	-0,0018926727515868335
4050	7,465912969016699E-05	4050	0,0064829173953948908
4060	-0,0027805860911092562	4060	0,00722976016719694
4070	0,0020320886306086031	4070	-0,007530875231868692
4080	-0,0071404599226331539	4080	-0,0012686259435285769
4090	-0,0022710942877946093	4090	0,018806301090538328
4100	0,0064775169760697771	4100	-0,0051931062808161241
4110	0,002754545067649156	4110	-0,00077064232644235089
4120	0,026726652977679285	4120	0,012202823581221489
4130	-0,012947363913133734	4130	0,0021050724858377736
4140	-0,0041106825816330751	4140	-0,014553889659803415
4150	-0,00013852810202110328	4150	0,0074424156189801874
4160	-0,016274682667461043	4160	0,010763579740361814
4170	-0,00086142829560807786	4170	0,0071727590412999477
4180	0,00852237406492835	4180	-0,0085365621749107917
4190	0,0032109316462815007	4190	-0,011914089358504507
4200	0,0048589497920361732	4200	-0,0051264816533630724
4210	-0,00534065439433151	4210	0,0042108278854663559
4220	-0,0044708292863290125	4220	0,0015121854461135494
4230	-0,0012738292012753206	4230	0,010686120132420814
4240	-0,0059465276560074542	4240	0,0064190105168342275
4250	-0,0034559946067218316	4250	-0,017524564569336147
4260	-0,0073485876500844222	4260	0,0004100479717926312
4270	-0,0025483520532243531	4270	0,0038493691673699986
4280	-0,010057468348581906	4280	-0,0048991582307036175
4290	0,0075229198818050061	4290	-0,0070050243224253992
4300	-0,01366440724226491	4300	-0,010361541579077623
4310	0,0087104722008146049	4310	0,0097053504275139181
4320	-0,0030814407024674418	4320	-0,0022706794046602405
4330	0,01329026316760199	4330	0,0067623669226839515
4340	0,0069550141538544923	4340	0,0047262438666437487
4350	-0,0023192687226865809	4350	0,0024756181899477005
4360	0,014362304210912778	4360	2,3673945933701836E-05
4370	-0,01903645126726378	4370	0,0017148965615567571
4380	0,00041320819270858849	4380	-0,00034418897210127924
4390	-0,0058676008642752856	4390	0,0045218848438183445
4400	0,012208637841540302	4400	-0,00057875426737236547
4410	-0,010711141693863058	4410	0,0017574283017151144
4420	-0,00087975605752343207	4420	-0,0031868967178724093
4430	0,0025926064669053472	4430	0,014911389373212779
4440	0,020589152098549609	4440	0,00822942507252458
4450	0,0049602890602919083	4450	0,0048351096620562273
4460	-0,011382175055161772	4460	0,0025085615176491504
4470	-0,0028135221500648071	4470	0,011216854963197503
4480	0,007198702495901251	4480	-0,013733331865982166
4490	-0,0047138786900815305	4490	-0,00707714323920232
4500	0,0065449500630928035	4500	-0,0064723286161358076
4510	-0,0055268266901392369	4510	0,0030379214482692011
4520	0,0010933930947508368	4520	0,0049337882304835295
4530	-0,012382955040579831	4530	-0,0061592938553798986
4540	0,0027397980647726056	4540	0,0039931107104419728
4550	0,0079629413937064263	4550	-0,0071757523999884717
4560	-0,00798986448192155	4560	0,011111002689719974
4570	0,0089739164850121227	4570	-0,00022644863806869765
4580	-3,5656066345965613E-05	4580	0,0044922177385724052
4590	0,0023364824963880066	4590	-0,0074166686388440258
4600	-0,0050541156937225773	4600	0,0091702016909506971
4610	-0,010333004386978166	4610	0,00043194550485188939
4620	-0,0005229294394856163	4620	0,002721356888123993
4630	0,0084982171069251291	4630	0,0010383157750708154
4640	0,00068566767267380115	4640	0,0062155269282163821
4650	0,005193451060979311	4650	0,0039547232876406676
4660	0,0025712014038662022	4660	0,0010859234758028437
4670	-0,0083650340355889575	4670	-0,015793047042662271
4680	0,0057357051556749623	4680	0,0047952115956512243
4690	-0,0030614211034138174	4690	-0,0021675974112686882
4700	0,011463917186959183	4700	0,00145505549266654
4710	-0,0067194975166124261	4710	-0,0043215274772089992
4720	-0,0075516324486629436	4720	0,0023984596500062319
4730	0,0046237132821161141	4730	0,009380797635835823
4740	-0,0018929865491837934	4740	-0,0040047847258443932
4750	-0,0070599319725890538	4750	0,0016870241900352487
4760	-0,009943745310757833	4760	-0,0031478157544180306
4770	-0,0094556568119778372	4770	0,013546705235088181
4780	0,013171754795173827	4780	0,0092938106406924466
4790	-0,010708017064050134	4790	0,0024187432489667835
4800	0,0053256369094328857	4800	-0,0035364164671188134
4810	-0,0030781644969060783	4810	-0,0078113668083325391
4820	0,013823286484121981	4820	-0,0098372104895201543
4830	-0,0097990400132732733	4830	-0,0066950839541607566
4840	-0,0027450538432704924	4840	0,0058777555577962165
4850	0,0054814369325438487	4850	-0,0096149243532776384
4860	-0,010381352065882976	4860	-0,0072677522455634148
4870	-0,00888864544321154	4870	0,010545576287975705
4880	0,015937968034414496	4880	-0,00572729040687224
4890	-0,0050683444942587128	4890	-0,0035372540319375417
4900	0,0080298704451151649	4900	0,014949504645337871
4910	-0,0045141951094910537	4910	-0,0088753011529628684
4920	0,00300845148775202	4920	-0,0091959703468494861
4930	-0,0010304959957430429	4930	-0,012371809080446194
4940	0,0060693449249682894	4940	0,013975020594702107
4950	-0,0046512161183933122	4950	-0,0048349791111191205
4960	-0,010023023764411778	4960	0,0037303991981211819
4970	0,00016468829820775018	4970	0,013526210426801848
4980	-0,01826722548408596	4980	-0,0077809490868239704
4990	0,011389378158922681	4990	0,000820593172172642
5000	0,004612696037034892	5000	-0,0093421280376995083
5010	-0,0025080609664471822	5010	0,014883681237895402
5020	-0,0080588405837152231	5020	-0,0060095422169878857
5030	0,011756252290818614	5030	0,0098819379232818645
5040	-0,012885578069139689	5040	-0,010500680932716076
5050	-0,0011810093977361888	5050	0,00054703655371410168
5060	0,0019024021290485027	5060	0,00044214722985907377
5070	-0,01061831352328795	5070	0,0042671375245866
5080	0,0038061453485702373	5080	-0,00788848827297129
5090	0,00054409391813131972	5090	-0,01546048541427947
5100	0,0046340975116370593	5100	-0,0013285560939230085
5110	-0,0055922677116034053	5110	0,02026468204436321
5120	0,0039880785612442385	5120	0,0042311337989041171
5130	0,016320420441012118	5130	-0,0058914481364064327
5140	0,0078950533576981254	5140	0,0090477637143902452
5150	0,0075115441785081069	5150	-0,0047557247611860667
5160	-0,0093798971792414514	5160	-0,0086460467765168414
5170	-0,0036178497336035219	5170	-0,0014044817798197302
5180	-0,0081023176310795753	5180	0,0020307731624744211
5190	-0,010761956044019628	5190	0,0071278747981067892
5200	0,0094637162557616623	5200	0,020788744650176837
5210	-0,0053467469743281393	5210	0,0021836514006788946
5220	0,012315952838844794	5220	0,0081677077898578958
5230	0,0030557105843575651	5230	-0,014864904943432107
5240	-0,00444309939609566	5240	-0,01020357952900139
5250	0,005328118793997162	5250	-0,0058000398853404224
5260	-0,0038227995800405473	5260	0,019414007193515031
5270	-6,7766607009675951E-05	5270	0,00860289623539492
5280	-0,004782986714203981	5280	-0,007233700303084979
5290	0,0012922985209426531	5290	0,00040576630196703081
5300	0,00756936667768795	5300	0,0050886905880377841
5310	-0,0111607153003422	5310	0,012876894479087225
5320	0,0050122537464603019	5320	-0,0028488413469633317
5330	-0,0035024498200225073	5330	-0,0078374101439950567
5340	-0,028090548256010071	5340	0,00086246054003863437
5350	0,0055252075214632691	5350	0,0013017185050490452
5360	-0,017462786949551116	5360	-0,015453023477282292
5370	0,00283327904534889	5370	0,0021827483492120295
5380	-0,019394436288233775	5380	0,0050652004787896466
5390	-0,0080787060108838561	5390	0,0048311521527410342
5400	0,0064670425397962451	5400	-0,0053924037089065685
5410	-0,0079620719708079837	5410	-0,00064865520522079212
5420	-0,0035082721100938015	5420	-0,00032580921146067382
5430	-0,0031544651782802785	5430	-0,0029780475197606518
5440	0,0025889893969040555	5440	0,021022093793706214
5450	0,011464282360968445	5450	0,0039051604797785905
5460	-0,0090582859648739543	5460	0,0062019823248528408
5470	-0,0021622510765072433	5470	-0,0037148206433252123
5480	0,003629874025286741	5480	-0,0013144114107436406
5490	-0,0062660798278732621	5490	-0,020367248839298219
5500	0,013868595705322687	5500	-0,064119432411797156
5510	-0,00439229411621825	5510	-0,12703840492394639
5520	-0,00025643458173370341	5520	-0,20384398579831783
5530	0,0074702340797569954	5530	-0,27215970575715603
5540	-0,00050316179833418794	5540	-0,36829692126476904
5550	0,0082118045693615142	5550	-0,415415048148812
5560	0,014681114479246157	5560	-0,42909775699454256
5570	-0,002985090085800203	5570	-0,39830088700904953
5580	0,0041706815065233604	5580	-0,33880507203181087
5590	0,048361005879573059	5590	-0,23621225537457413
5600	0,04360691268850915	5600	-0,19315357172339503
5610	0,0090351421976018614	5610	-0,0453389779114677
5620	-0,0078668632181792368	5620	-0,091414393849184539
5630	-0,012814266865545248	5630	0,0091341437328017437
5640	-0,078207659301436319	5640	0,33103255429359113
5650	0,020118444874949883	5650	0,40188142841672914
5660	0,00605120452231823	5660	0,544055478032823
5670	0,023370797750616255	5670	0,38025607059092847
5680	0,03680419271615077	5680	0,254428092853862
5690	-0,18368052481937364	5690	0,56092281725072213
5700	0,060154378242968112	5700	0,32166212638603381
5710	-0,004509633636918065	5710	0,36376065331494245
5720	-0,051276514071782381	5720	0,07149160630629503
5730	0,039473901788143743	5730	0,017093789221860854
5740	-0,12097598200677144	5740	0,35802525582823874
5750	0,10036757123112688	5750	0,16389280150796282
5760	-0,021098206003644419	5760	0,12056150538686261
5770	-0,034190926596733319	5770	-0,15518987270016751
5780	-0,020289808845474547	5780	-0,047621334711720947
5790	0,019157456398376318	5790	0,025450762316043235
5800	0,12081600201032436	5800	-0,0071648157465567337
5810	-0,016367922193031265	5810	-0,029927122604204822
5820	0,00937342332264684	5820	-0,17429086830916124
5830	-0,078405416600861852	5830	-0,0087495385544508284
5840	-0,004654586433140203	5840	0,047138652355409288
5850	0,019529402255059527	5850	0,11135084529772076
5860	-0,041359872217879186	5860	0,040360729409283307
5870	0,045008769341334152	5870	-0,15589024288640119
5880	-0,0973084881690994	5880	0,11718058330834617
5890	0,061649175789699577	5890	0,026960830395201762
5900	0,039585020940093876	5900	0,10683247388888098
5910	0,0027239592856168711	5910	-0,054082385420718589
5920	0,071376462832961257	5920	-0,22480548521897445
5930	-0,19921387175054373	5930	0,16668889885070209
5940	0,058461211627910861	5940	-0,025740884647577802
5950	0,00802314051313188	5950	0,14242624794124009
5960	-0,072991348598456351	5960	-0,024606447280138957
5970	0,034659694692618634	5970	-0,06941458826273264
5980	-0,10285289054073395	5980	0,31593764228217153
5990	0,0917620577200508	5990	0,22769151352469044
6000	0,012214788485181972	6000	0,28213655136387777
6010	-0,011254646536885692	6010	0,11827734439537019
6020	0,025713475414022628	6020	0,17454027316359685
6030	-0,019096417571678535	6030	0,35599277023220716
6040	0,084047304266117714	6040	0,41591011344250761
6050	0,09792737267071161	6050	0,41907053177996617
6060	0,07772489551106225	6060	0,40215011978956883
6070	0,057873253603372969	6070	0,28425457891469885
6080	0,037499857929208187	6080	0,1809126984345561
6090	-0,021126052771202667	6090	0,031655702679134388
6100	-0,048511146829127216	6100	-0,12769684648053767
6110	-0,047948673750492159	6110	-0,21731169184530463
6120	-0,0373714183114026	6120	-0,27573835958748805
6130	-0,027824357103029874	6130	-0,33474976657308875
6140	-0,026385027613652114	6140	-0,35381339955969776
6150	0,0016442510759042868	6150	-0,35774688759588785
6160	-0,0048959160178219359	6160	-0,37822951701011609
6170	0,0015284621636199988	6170	-0,34502483480146878
6180	0,00055351223046271394	6180	-0,30411068401947905
6190	0,0060748129206857956	6190	-0,2514729733732145
6200	0,0082212171530594066	6200	-0,20124286429405358
6210	0,0085293390520794175	6210	-0,1389659080889869
6220	-0,0093952476093502411	6220	-0,10486741599462909
6230	0,0085800238335908136	6230	-0,052344209546020308
6240	-0,0041759465016623643	6240	-0,028732129259553624
6250	-0,025126337775680456	6250	-0,027151164422279064
6260	0,0024684102334714747	6260	-0,03363894973699888
6270	0,002447652115704497	6270	-0,025574742977465349
6280	0,0018025843572277739	6280	-0,034999196422582868
6290	-0,0024772927715639836	6290	-0,027355417300581473
6300	0,010416366710209081	6300	-0,036241315798821068
6310	0,00421315872191909	6310	-0,024574626850702091
6320	-0,0036153356830992975	6320	-0,011883168302396075
6330	0,0078388776899352749	6330	-0,019279309841391964
6340	-0,0014580818558381857	6340	0,0055479273196283561
6350	-0,0098212842895608766	6350	-0,010093232954122469
6360	-0,0079609833943338291	6360	0,0028038142925349528
6370	0,0142932477401589	6370	-0,013124068148332498
6380	-0,0019693704053473219	6380	-0,0075994921689449546
6390	0,00082420186409524229	6390	-0,0096614163799505753
6400	0,0076262248083639947	6400	0,0023450026626758991
6410	-0,00011023718614530407	6410	-0,0046798932827247
6420	-0,0031965738479277782	6420	0,0037995950870319309
6430	0,00539978962217962	6430	0,0015927552457650463
6440	-0,0087659564634167131	6440	-0,0067712288980879189
6450	0,0058164150528089336	6450	-0,013297133826452591
6460	-0,0067399053673919641	6460	-0,0065508915984142223
6470	0,0034045847353100095	6470	-0,00050730904764623673
6480	-0,0069368044452301778	6480	0,0033873003534415462
6490	0,00090895384807099092	6490	-0,015766554636049392
6500	0,011643455091379013	6500	-0,0022567826944505671
6510	0,0071951860845242627	6510	-0,0032416768675753186
6520	0,0093740710542137753	6520	-0,00488389101469996
6530	0,0035795880379170509	6530	0,0043858054420612812
6540	-0,017491849830668645	6540	-0,0052551197485118236
6550	-0,00774774877885033	6550	0,0030406174162087478
6560	-0,0091519538522760874	6560	0,011886909682766239
6570	0,00018197739847763066	6570	0,0063377737380495049
6580	0,0050000756997559672	6580	-0,00049922903005573417
6590	-0,010381359578279351	6590	0,00071978462324137887
6600	0,0078049856018451288	6600	-0,00692184548629311
6610	0,0015943693659614118	6610	-0,0076633854643671671
6620	0,0073749184987932778	6620	-0,0037927103069805941
6630	0,0014030851776698648	6630	0,0075915632832123311
6640	-0,0056879914512098471	6640	-0,0064226492744168494
6650	0,0012752034217152976	6650	0,0092741747039498876
6660	0,003619387983997848	6660	-0,0060412444231727046
6670	0,0026719372597132892	6670	-0,016049368195807032
6680	-0,0049705925687504576	6680	0,021763952838639758
6690	0,0043471336375715784	6690	0,002239410238456863
6700	-0,0078138399140703415	6700	0,00087946792102459328
6710	-0,0021549616190368092	6710	0,003925761083606167
6720	0,000576833048818731	6720	-0,0034360407182902689
6730	-0,0085532009196875747	6730	-0,013355167592933344
6740	-0,0072234237526398728	6740	0,0072227261588820018
6750	0,009382088533204028	6750	-0,011684175514931363
6760	-0,028594738499396827	6760	-0,012872134898260565
6770	0,00056426738868650325	6770	0,0043164537644001591
6780	0,0013606321222078858	6780	-0,0017627930754592007
6790	-0,0057200787808865941	6790	-0,0027704271480419843
6800	0,011012922856441391	6800	0,0039300017752159529
6810	0,023203777727531856	6810	0,0046149328048410588
6820	-0,0021307769779021152	6820	-0,0047839909853691969
6830	-0,011199723547895666	6830	-0,0085427039911417056
6840	-0,0043334202501767727	6840	0,0061617456228405991
6850	-0,00457387065478604	6850	-0,00044556255003997693
6860	-0,0029893269579334245	6860	-0,00084582186176201317
6870	0,0037320003927413196	6870	-0,00083216597970185171
6880	-0,0012088894896791181	6880	-0,002020583967923365
6890	-0,018051836464526565	6890	0,00089855325148187652
6900	0,0040645755956466838	6900	-0,0011242391886485484
6910	-0,00067602901116312975	6910	-0,0043225211577355869
6920	-0,016367177636080834	6920	0,0079948975928437367
6930	0,016725710138080007	6930	0,0068406323482898893
6940	-0,0033921672860378143	6940	-0,0046730898713546361
6950	-0,0072224208466823434	6950	-0,0084279741122287762
6960	0,01043301896343345	6960	0,0031128004556695427
6970	-0,0039247048355479149	6970	0,010150270267965866
6980	-0,0026180243100561874	6980	-0,0045343796682159685
6990	-0,012768368154660476	6990	-0,0020738025040747793
7000	0,00781356130803684	7000	0,0090172841859441355
7010	0,012833052952404108	7010	0,0083254954982116425
7020	-0,0059551333335325449	7020	-0,0090370450103713484
7030	0,0076860622900869974	7030	-0,008977084202756563
7040	-0,00403834486315918	7040	0,0018577156771587471
7050	0,011497157156752902	7050	0,0085471842831231683
7060	-0,0054196785721059449	7060	0,001539671989077633
7070	0,016688887213908578	7070	0,0088952228865332144
7080	0,0035015021050340549	7080	-0,014156931059419859
7090	-0,0070203479194293856	7090	0,020971888059402689
7100	0,00014072184773239834	7100	0,00416374292572227
7110	-0,0047059922684527236	7110	-0,007464997600537814
7120	0,014512057930938795	7120	-0,014148610080596617
7130	-0,0009042523623457049	7130	-0,0066471109341920843
7140	0,0056054348485354167	7140	-0,0044289063669754863
7150	-0,0025566002261178627	7150	0,013951149463047699
7160	0,004932188460600625	7160	0,0014442184384530104
7170	-0,013462552950232338	7170	-0,0024801070494204535
7180	0,011371363324211325	7180	0,015785294016308273
7190	0,0061599608858033056	7190	0,017889120186750894
7200	0,0011942865648714286	7200	0,011254632713032743
7210	0,0010906112508496679	7210	0,0031999259159940581
7220	-0,018485409101584728	7220	-0,010118959716934333
7230	0,0043123663882353794	7230	-0,0013026172864123128
7240	0,0028430389412891928	7240	0,014623876999491234
7250	-0,0040610730573813151	7250	-0,012344035675201516
7260	-0,0060961822880356694	7260	-0,00185460113325861
7270	0,0047120910706444814	7270	-0,0018455534947902973
7280	0,0021606026814622323	7280	0,00088031359970570065
7290	-0,014444856725042659	7290	-0,0086709129600229615
7300	-0,0057482735327486116	7300	-0,0011972914508577149
7310	0,0011641990525975594	7310	0,0045746179020562921
7320	-0,0034935278145762625	7320	0,0062939345641882995
7330	-0,00056405887251035236	7330	-0,012279888960068989
7340	0,0024022536999496295	7340	-0,00673008694854171
7350	0,0014322650690292971	7350	-0,0037471254203010149
7360	-0,01441678609682826	7360	0,0016796265872464893
7370	0,0029271882716219427	7370	0,01015973717042044
7380	0,001727288743415241	7380	-0,0055902391116479629
7390	0,0023568924615857897	7390	-0,0082325587461907542
7400	0,0080444859258832178	7400	0,0057421748321919083
7410	0,0083323475756547812	7410	-0,00033555718669013655
7420	-0,0056778189088067662	7420	-0,0029055144684052114
7430	-0,0014180984515785294	7430	0,00681811196619181
7440	0,0091376535552893136	7440	-0,0014393710688694198
7450	0,011762267023559444	7450	-0,0037674868619198623
7460	-0,0062705756401880619	7460	-0,00773973031421696
7470	0,00048858732992741868	7470	0,011719630599970689
7480	0,015403083693719219	7480	0,0058372416346079955
7490	-0,00051660568350007886	7490	0,016484971507618042
7500	0,0049487701820684358	7500	0,0070616499594180109
7510	0,0045972592708200784	7510	-0,016750232115748
7520	-0,0017614836159291808	7520	-0,0057470362339226439
7530	-0,0060505102997677118	7530	-0,0056164652476121306
7540	-0,00052816122753720942	7540	0,0021469330584387653
7550	-0,00096889336176910921	7550	-0,0062146854517950521
7560	-0,011259217058166382	7560	0,015960714549909889
7570	-0,01821154818672582	7570	0,0092171908396374916
7580	0,013312481963287826	7580	-0,0021794913260705932
7590	-0,00438642634147081	7590	-0,0052155793071337825
7600	-0,0087091123262923436	7600	-0,0068031426936197
7610	-0,010687225570424749	7610	-0,00093207972907494131
7620	0,014053393321633256	7620	0,0017995759535271972
7630	-0,0006252406268500442	7630	0,0005898466020674831
7640	-0,000326196345263407	7640	-0,0053568086453149267
7650	0,008791893426118599	7650	0,0048756067937525188
7660	0,0050905980865207315	7660	0,0015350636986446698
7670	-0,0012910391387289388	7670	0,014993733698744585
7680	0,0050089946040272806	7680	0,0011382262524564082
7690	0,0034880913194512268	7690	0,010003337839575759
7700	0,0010349141482756143	7700	-0,00739188995635498
7710	-0,00852789968764209	7710	0,0072397210017605008
7720	-0,00082364302598475817	7720	-0,0035335365172133215
7730	0,0091823323915521515	7730	0,0057114121736665663
7740	-0,012482061628253913	7740	-0,017992313899034672
7750	0,0012721266316426082	7750	0,0012027170679408774
7760	-0,0076182086179012081	7760	0,0091673152878659677
7770	0,0018393653385642269	7770	0,01116603597252694
7780	0,0077769227302496441	7780	-0,011305866992573944
7790	-0,0016655940231715179	7790	-0,0014628005328751526
7800	-0,0078863987315141888	7800	0,010717784472208227
7810	-0,0080036753442021529	7810	0,0036961204834415609
7820	0,00332475505335282	7820	0,0033791350157041542
7830	0,0040054424575941263	7830	0,0021239120804744335
7840	-0,0055968714470840709	7840	0,00082875855607635485
7850	0,0029554829061369595	7850	-0,0014414996669060841
7860	0,0075798173932677447	7860	-0,0069656535929296928
7870	-0,0052858944474672674	7870	0,002418919724226459
7880	0,0080165932951001724	7880	-0,0014630644509052416
7890	0,0060938785228127424	7890	0,0006669334258915837
7900	-0,00923209977194093	7900	-0,00296185635926561
7910	-0,00064375979549365558	7910	0,0067951929372653628
7920	0,0012734645835350607	7920	0,0095192625898866991
7930	-0,013469002666927212	7930	-0,0063210973370678375
7940	0,0036255742839293209	7940	-0,0058095741273746088
7950	-0,011907594547176234	7950	-0,0030535133278756046
7960	-0,011933346697777297	7960	-0,0060754944462397126
7970	0,0026674960487456426	7970	0,016472204657972212
7980	-0,0087490037746550363	7980	0,00048921507756298445
7990	-0,012346578394770052	7990	-0,013873460326258831
8000	0,011792510332210491	8000	-0,006820047858860815
8010	0,014048475695526164	8010	-0,0014393511363837452
8020	0,00083217359113561319	8020	0,0015309873305211061
8030	-0,0057025357101281931	8030	0,018598168722942347
8040	0,0089601819352981057	8040	-0,017166370133074618
8050	-0,014450881683233035	8050	-0,0034283803902996303
8060	0,0037946971727311446	8060	-0,00067655883095422791
8070	0,00029540093832306489	8070	-0,0014134786611987502
8080	0,00099440554105233929	8080	-0,0067582190652882672
8090	-0,0072549142858473808	8090	0,0053148836149773653
8100	-0,0043672436235130405	8100	0,0030158674471009823
8110	7,2067889936130728E-05	8110	0,00344545775572755
8120	-0,0034955681500823976	8120	-0,0035298701344479723
8130	-0,007627745387616831	8130	0,0034572427028518233
8140	-0,0040523293801685931	8140	-0,0022209537530620744
8150	-0,0060440363922215461	8150	-0,010854819606561119
8160	-0,0072603036699115031	8160	-0,0014038709806929066
8170	0,012916151080618155	8170	-0,015716117311001178
8180	-0,0016034129446915691	8180	0,0075389623678881442
8190	-0,016554275237139711	8190	0,0052193858138422132
8200	-0,00076821596328869484	8200	0,014692414736635641
8210	-0,0036161558888939643	8210	-0,0044633533656748851
8220	-0,0039116429249225438	8220	0,017605667284796671
8230	0,007141107446754614	8230	-0,0069215357000881137
8240	-0,0014313180587849862	8240	0,0061592466619446295
8250	-0,0094102171752054858	8250	-0,010077586329860113
8260	0,0054203056702565033	8260	0,010391854112651009
8270	-0,0036790278657455014	8270	0,0013795548254872791
8280	0,012224263899817131	8280	0,01201209647184605
8290	-0,0043386736233665723	8290	-0,01440341336227979
8300	-0,0010229513553433609	8300	-0,0063547707346203117
8310	-0,0060206180903283092	8310	0,011336786297174514
8320	0,001919949985040661	8320	0,0080349352494716742
8330	0,0050761321985086484	8330	-0,010757837001591634
8340	0,0140723429292172	8340	0,015289946374841669
8350	0,0016595480709316007	8350	-0,0066061986205679926
8360	0,00721235487271361	8360	-0,0046171344430098547
8370	-0,0026261858751906223	8370	0,0055156292838576173
8380	0,0016411090595638692	8380	-0,0036891788026752548
8390	-0,00071321798397310247	8390	-8,2578931068606621E-05
8400	-0,0017807793262382009	8400	0,0073535815481902411
8410	0,00026182320517633583	8410	-0,0053007687027265488
8420	-0,00091110943607579213	8420	0,0079576409737662
8430	0,00656602870662936	8430	-0,0044849309089707605
8440	0,0063599872769069766	8440	-0,0043952587603490034
8450	-0,0050624936808174106	8450	0,0099380221828220313
8460	2,2729023278887809E-05	8460	0,0024940551519018694
8470	-0,019587813038103745	8470	0,0011120701041151071
8480	0,0068785258890615413	8480	-0,003111797954548033
8490	-0,0043545214408677582	8490	0,0030523539474199821
8500	0,0027586567656257637	8500	-0,0048700967751544259
8510	-0,0042277552149472672	8510	0,0036288990673344419
8520	-6,0037823706440778E-05	8520	0,0073108606647032826
8530	0,011387228397832506	8530	0,0058007078234882312
8540	-0,0051521718962722349	8540	-0,0014722359990216667
8550	-0,0042547466303597438	8550	-0,0042595810895367124
8560	0,013217473880920028	8560	0,00284640934430649
8570	-0,0026749233319465051	8570	-0,007383752855999356
8580	0,0068089449875167437	8580	-0,009755036814964051
8590	0,0077837009375224262	8590	-0,0039317109495881127
8600	0,003130421228597787	8600	-0,0010071903211341402
8610	-0,0071770056383471722	8610	0,013587456183645255
8620	0,0031071609686621482	8620	0,011272073745232036
8630	0,015096399954137437	8630	0,0061490196930110291
8640	-0,00478733408205031	8640	0,010375329619999384
8650	0,0037041198967825866	8650	0,0014788757512988603
8660	0,0038168916685564079	8660	-0,0024925587170617205
8670	-0,00539126595215496	8670	-9,99163281797967E-05
8680	-0,0064535799867902694	8680	0,0031121227230618545
8690	-0,0078455945256869913	8690	0,0045815088522048212
8700	0,0036725685333735261	8700	-0,0023296747172487009
8710	-0,0010374853863333402	8710	-0,002747443084247906
8720	-0,004565657570510793	8720	-0,0068009457316734164
8730	0,025885373277980718	8730	-0,0032114524640399992
8740	-0,011995086858354416	8740	-0,00838689842011583
8750	-0,005005012572168485	8750	0,0062965044154751565
8760	-0,003202863590602679	8760	-0,0082559610079725627
8770	0,0022268247984294429	8770	-0,0018552339325531295
8780	0,0098404047962902027	8780	-0,0049790149997342714
8790	0,0043111257560492248	8790	-0,00097212419873328633
8800	0,013176858984491316	8800	0,0068115911621918863
8810	0,0012044646298690973	8810	0,001666621715490546
8820	-0,013517842973691591	8820	-0,0046299845668935427
8830	0,0013092963363833252	8830	0,0037562022914732103
8840	0,011891884516392635	8840	0,0028860329014548736
8850	0,0034203981759109844	8850	0,0051836816200927834
8860	-0,00050850874435728281	8860	0,003215686648963682
8870	0,01340051237077643	8870	0,0081989830416339619
8880	0,0059819789901329962	8880	-0,013013646206194895
8890	0,0010808140393642402	8890	0,0050229735331756226
8900	-0,015215516975774938	8900	0,0068658654404462165
8910	-0,0082796690668368762	8910	0,010567832644023384
8920	0,0087609263282900744	8920	0,0049610300180302751
8930	0,014209549838328901	8930	0,00061188828837500508
8940	-0,009979821971264527	8940	-0,0077711684153651617
8950	0,00845607868653113	8950	0,00081490923287095857
8960	0,00070339774506745362	8960	-0,0038541327680191024
8970	-0,0034455011550084814	8970	0,012597258553700409
8980	0,0011235651432529535	8980	-0,0066259251265809362
8990	0,0076627448885784235	8990	0,021543683731304396
9000	0,001866284743510476	9000	0,058173498255134036
9010	-0,008906935189648359	9010	0,12024707236751277
9020	-0,004015042386854825	9020	0,19456552921502895
9030	0,014877916064832669	9030	0,28055466148354608
9040	-0,018047411900366163	9040	0,35801741656820574
9050	-0,01036179116990456	9050	0,38171439537447127
9060	-0,0042444423327652513	9060	0,398508065139976
9070	0,020450146023819435	9070	0,35990162138153997
9080	0,051809663894547275	9080	0,30793091501783126
9090	0,074800740042578681	9090	0,28828363227663978
9100	-0,025539095115717555	9100	0,24400146850430635
9110	0,0065230731295936378	9110	0,04726900352675735
9120	-0,041032235544542821	9120	0,074094487035863077
9130	-0,046190830291563505	9130	0,0656103435908072
9140	0,0897742885939251	9140	-0,35226776515540192
9150	-0,074877351573299861	9150	-0,43786647211633845
9160	-0,044209731313214741	9160	-0,59607778842837034
9170	-0,017494646962250837	9170	-0,51934639169820362
9180	-0,10848457563336392	9180	-0,1676437748476752
9190	0,14807115009654975	9190	-0,51816840166901779
9200	-0,10437397871079129	9200	-0,303010015536782
9210	0,027279099976254013	9210	-0,42158221697647613
9220	0,035214046197339366	9220	-0,097673770404058988
9230	-0,00091244316223101235	9230	0,062569801732463334
9240	0,11991340765993748	9240	-0,27589373035562142
9250	-0,055378430085603426	9250	-0,15404622103073962
9260	0,016003759022803619	9260	-0,16032836086174504
9270	-0,052160642501095547	9270	0,21171391394380756
9280	-0,046186039427155885	9280	0,11796463805652442
9290	-0,021914750038505758	9290	0,0037658169330337609
9300	-0,060833490826879111	9300	-0,0072324141406453586
9310	0,053445710908632656	9310	-0,033548086987783388
9320	-0,030940215548599072	9320	0,26302437705180415
9330	0,10895311342562608	9330	0,018899868863163045
9340	0,058701817490541146	9340	-0,065081659344076767
9350	0,021120596791382736	9350	-0,189184565906634
9360	0,023848736227330965	9360	-0,10985224183890721
9370	-0,060431425202562387	9370	0,1819548908755903
9380	0,089752778275406592	9380	-0,070672750872663767
9390	-0,078471062702289207	9390	-0,0828903478551088
9400	-0,047042520371583511	9400	-0,18387915275144176
9410	0,012949887529920007	9410	-0,054426902154826068
9420	-0,10100734142840499	9420	0,33950523275556282
9430	0,15079885693488676	9430	-0,17141134511793574
9440	-0,08998865028000036	9440	-0,041321892963937137
9450	-0,0032403459418596332	9450	-0,22572186824342261
9460	0,039375909493327949	9460	0,047079217743307318
9470	-0,00750276707189286	9470	0,18007765906061343
9480	0,15224072274843198	9480	-0,299380417024401
9490	-0,1109824334139526	9490	-0,18645904552837211
9500	-0,03205934384097113	9500	-0,30494598189333055
9510	-0,013485383061724969	9510	-0,13821082510740071
9520	-0,059036860573753819	9520	-0,045636044842317418
9530	0,024249414911944853	9530	-0,36247343561483769
9540	0,0094749451370346981	9540	-0,42901437864109188
9550	-0,045711221400620228	9550	-0,40671211959612824
9560	-0,023817764598121682	9560	-0,39764826270004711
9570	0,00650092137720956	9570	-0,29756721975018291
9580	0,0049332874922159509	9580	-0,17506119939397977
9590	0,059616085935744412	9590	-0,024684750365693585
9600	0,0648801278686201	9600	0,10053543638745041
9610	0,053539190411256238	9610	0,230572384108017
9620	0,028352418157546067	9620	0,29282921176525251
9630	0,0054348004667441234	9630	0,32094621729938561
9640	-0,01490492885420819	9640	0,348916622067859
9650	-0,031114679293938147	9650	0,35829982202918742
9660	-0,023682340366281206	9660	0,37422920432358781
9670	-0,010114849362828629	9670	0,35898031086873411
9680	-0,021432809152734777	9680	0,31039191736334365
9690	-0,0078074621443441124	9690	0,2819361331830188
9700	0,001566912509017933	9700	0,21334291629489996
9710	0,020979808486454855	9710	0,15501224047321444
9720	0,019121014136244518	9720	0,10530446225083361
9730	-0,0020018638534226741	9730	0,056953385903814865
9740	0,01124067885968714	9740	0,022875287465022803
9750	0,0084442771807245829	9750	0,0184640036904217
9760	0,004094655163705105	9760	0,026438770898993852
9770	0,0050262620166843294	9770	0,028551717641035666
9780	-0,0016746951864169864	9780	0,032527153971458909
9790	0,0020828146092278753	9790	0,022049689720507616
9800	-0,013944126632009899	9800	0,033937166192766786
9810	-0,0071633521764576207	9810	0,031408581768460828
9820	-0,0083250102458683525	9820	0,023042102104958686
9830	-0,0082597995270937471	9830	0,012285254533924584
9840	-0,014419715147678962	9840	0,021079727581420918
9850	0,0023643276375034782	9850	-0,0053495527594776869
9860	-0,0010336947166633094	9860	-0,0029779420625353319
9870	-0,0046595055429961554	9870	-0,00089708193011462354
9880	0,001933430319814352	9880	0,014646011875958362
9890	-0,0078566173726657574	9890	0,0027312613232051454
9900	-0,007890604573915723	9900	-0,010056541836687787
9910	0,0049481847094293577	9910	-0,0017099159431344772
9920	-0,010811940248341001	9920	-0,0056178738053888552
9930	0,0079152602643393043	9930	0,015482675315775192
9940	-0,0083769404312059141	9940	-0,0033048620829773351
9950	-0,00028431805837367084	9950	-2,3769018276170564E-05
9960	0,0093357541334527141	9960	-0,0047249252977058561
9970	-0,0024960794339540689	9970	-0,006428043512386088
9980	-0,008537176681643676	9980	0,0062379591993796642
9990	-0,0095390867078444571	9990	0,0088985462368315928
10000	0,0029583396660454128	10000	-0,001806696011479103
10010	-0,00918048871602142	10010	0,0045551794380750592
10020	-0,002698671357972228	10020	-0,0049732484091133556
10030	0,0057336493457862785	10030	-0,0072377247705288751
10040	0,0020573785490911258	10040	-0,0014913937888287833
10050	0,0080537385481479883	10050	0,0057626163533266144
10060	-0,0075161519846252906	10060	0,0024940053842976259
10070	-0,0031639776686346304	10070	0,00541911195778972
10080	0,0060154052683946161	10080	-0,010957422571427601
10090	-0,01052121380417197	10090	-0,0072077656575547308
10100	0,0016133437747842309	10100	0,0032247275822492407
10110	0,014222723451059969	10110	-0,022226846133025658
10120	-0,0034674125200194156	10120	0,010143468856804037
10130	0,0097058855730601679	10130	0,0029659320236177906
10140	0,011285096394755476	10140	0,0017485725882136246
10150	0,0011887566930309644	10150	-0,010173902107857522
10160	-0,0084786007274140034	10160	0,0074777808524173553
10170	0,0048236058857130826	10170	-0,0033721516833803192
10180	0,0098409586665040988	10180	-0,0076017390997513874
10190	0,0030817266610939933	10190	-0,000790719697144098
10200	-0,01060875533535824	10200	-0,00748158269098764
10210	-0,014189553491637251	10210	0,00447602865616673
10220	0,0015184684006658655	10220	-0,0042962559194722342
10230	0,0087216793136729257	10230	0,0024349133129888951
10240	0,0084705321793761678	10240	0,0062480807519793057
10250	0,015820135711983093	10250	-0,0046567707531628812
10260	-0,0053398165559362656	10260	-0,0046127021198313373
10270	-0,00373452676644452	10270	-0,00046150113928007154
10280	0,005236819588410541	10280	0,018624922725264146
10290	-0,0013423335866051809	10290	-0,014925606366301084
10300	0,0094611446693610469	10300	-0,0010692477656191481
10310	-0,0044727484065056082	10310	-0,00039148936742085217
10320	0,0046840234767161716	10320	0,0064774456288642394
10330	0,016961564746265465	10330	-0,0062148464214745684
10340	-0,0085813444770153312	10340	-0,00295483774113232
10350	0,00441288456244548	10350	0,0091711449063737842
10360	0,000355559499394133	10360	0,0019547219379168362
10370	-0,0006122645991889264	10370	0,0049752525520140433
10380	-0,0087144995073027056	10380	0,0027555590472924832
10390	0,0038480649504139246	10390	-0,014602327160820702
10400	0,0072396202058906426	10400	0,0085056391893876589
10410	0,0066380676069336605	10410	-0,0030183419077721217
10420	-0,010208043400857719	10420	-0,0054757399094275535
10430	-0,012292055545687023	10430	-0,000979004628563842
10440	-0,0030591581356513406	10440	0,00030069888450243366
10450	-0,0037567108290994487	10450	-0,013618792688274786
10460	-0,00081652104839540092	10460	-0,00075191202653075208
10470	-0,0059597496767554532	10470	-0,00264265331030954
10480	-0,0016852481156434951	10480	0,0047439106975265518
10490	0,0027048652388507182	10490	-0,0058771106192616867
10500	-0,0063654819477328949	10500	-0,0040138348135162786
10510	-0,0033218161710775449	10510	-0,0068459886050334633
10520	-0,0080966553015692274	10520	0,0025481465091348673
10530	0,0041864813848525055	10530	-0,015652968537396252
10540	0,00099422966805813736	10540	-0,0066639120917995828
10550	-0,0017486715334883863	10550	0,011512662399654436
10560	0,01148667950705606	10560	-0,0030626598698792759
10570	-0,0025655544767481217	10570	-0,0161562795697901
10580	-0,0041370197729972379	10580	0,0020549738853218196
10590	0,00734139292518477	10590	-0,0070191326092142207
10600	-0,0022937311634225114	10600	0,019882803032186841
10610	0,0023537967478102057	10610	-0,01182901140113325
10620	-0,0082793710711840437	10620	-0,0098650046396726483
10630	-0,0071341738614018419	10630	0,0028712614551927628
10640	0,0012363077310833253	10640	-0,0070195812296106816
10650	-0,0049491025318782658	10650	0,01018138274147035
10660	0,012654637413624438	10660	-0,005360504378486796
10670	-0,0067209881586582487	10670	0,0039575532367077566
10680	-0,0075206756367761519	10680	0,014161760885036812
10690	0,00039350157500173095	10690	0,0061144704632107565
10700	0,0035339971803714648	10700	-0,020549735494977045
10710	-0,0091938330441254414	10710	0,00688583810274608
10720	0,00340732526244541	10720	-0,00802257922291186
10730	-0,017980567828253517	10730	0,0062025691929101512
10740	-0,0050966449906993359	10740	0,0085234782362440288
10750	0,0055459553782536064	10750	-0,0029668955324016169
10760	0,014611907871340774	10760	-0,0016988689665303417
10770	-0,016498729161037316	10770	0,0065024256653701262
10780	0,0034115030737656461	10780	-0,005193660871117064
10790	0,0038588882438262166	10790	0,0038114313277752472
10800	-0,011115869452242235	10800	0,0042220670806475168
10810	0,0026438846971521286	10810	0,0088809340414626788
10820	-0,0031833360430870931	10820	0,0084972706159458528
10830	0,0092914982500762484	10830	-0,0016981448372733986
10840	0,0084037306312626861	10840	0,0060113037677812257
10850	-0,0031001046876666682	10850	0,0033823867347893572
10860	-0,026229038934933245	10860	-0,012512208906382128
10870	0,0112290781696985	10870	0,010567596961338707
10880	0,014399684758149494	10880	0,006025155782565364
10890	-0,0053836319101504245	10890	0,0064203911983267631
10900	0,0074616474492942781	10900	0,0020305347758219319
10910	-0,0067030305790444136	10910	0,0030251710472276165
10920	0,011830798761631334	10920	0,011880335286418645
10930	0,016571584379865757	10930	-0,00615398263769975
10940	-0,0092378528164267226	10940	-0,00777036711983113
10950	0,0033287799201099418	10950	0,0064836960136278937
10960	0,0049764886922059361	10960	-0,0086349318250353389
10970	0,00093428634912069578	10970	0,0032619829405651441
10980	-0,0038379555864036866	10980	-0,0033791186403000495
10990	-0,0033985987535611944	10990	-0,0075704366229017665
11000	-0,0085086645400515824	11000	0,0048318893194739939
11010	0,0056979411888319065	11010	-0,0022378949677725767
11020	0,0061318386710619149	11020	0,0093441739792131471
11030	-0,0086367820264038383	11030	-0,0018022126116574101
11040	0,0012438093469104459	11040	0,000145320670016488
11050	-0,00039313761880009385	11050	0,0052696741980123836
11060	0,0048519700373363455	11060	0,008089984246170483
11070	-0,0029716170524940531	11070	-0,0019738769529069177
11080	0,014984236379496497	11080	-0,014130636492524152
11090	-0,010626195415228752	11090	-0,00899591385881946
11100	0,0039203140785585575	11100	-4,9014795574986744E-05
11110	-0,00791343259548444	11110	0,0024704340894871591
11120	-0,0012207733114201051	11120	0,0041643663794289276
11130	0,0053930634457067719	11130	-0,0014239302200483963
11140	-0,0005605036175826575	11140	0,00541910685966066
11150	0,0104337930733734	11150	-0,01504291594953606
11160	0,0070907458177836965	11160	0,0028459771789487833
11170	-0,0080127630801693391	11170	-0,0047805894826140434
11180	0,0045601001668166717	11180	-0,011109500658674859
11190	-0,010336828307142802	11190	-0,009133428205452444
11200	0,019108152776862057	11200	0,0052586301778976968
11210	0,003280186504177089	11210	-0,0029745377985906062
11220	-0,008395644006310694	11220	0,0051503360891716234
11230	-0,0019900189891530378	11230	0,0042983738676618827
11240	0,00085552437612550106	11240	-0,0081661457146400048
11250	0,004894947330980965	11250	-0,0011705008071243518
11260	-0,010655401288979684	11260	0,0068091443085388417
11270	0,0066627638384256695	11270	0,0096840931613997629
11280	0,01051811535749409	11280	-0,0035498691748564451
11290	-0,0048445249938358506	11290	-0,0037800060347332157
11300	0,0042199404725493609	11300	-0,00867000002549672
11310	0,0038100454026219126	11310	0,00030878757461864383
11320	0,0044893298453721822	11320	-0,0030328584406056351
11330	0,0064378084306756459	11330	-0,011311233798730037
11340	-0,0052887891948239932	11340	-0,00023920117471375312
11350	-0,0061701827044298666	11350	-0,001068590268524754
11360	0,0005442021925129274	11360	-0,0066654747994363524
11370	-0,012266037355731884	11370	0,0028728035987474563
11380	0,011568557451738227	11380	-0,0066301357923953235
11390	0,0015314912481463197	11390	-0,0035305890942149824
11400	-0,011966418915585685	11400	-0,00368549680960573
11410	-0,011465200414577638	11410	0,0043884315293840426
11420	0,0031508487414800852	11420	0,017625294242432206
11430	0,0039226689311865981	11430	-0,015814217207611569
11440	7,3252226337249083E-05	11440	-0,013781162979121251
11450	0,00013771487402566875	11450	-0,0013774207488174818
11460	-0,0019416116523740122	11460	-0,0023706872337861309
11470	0,007252977284630078	11470	-0,00218900125344687
11480	0,001256858834590783	11480	-0,0058742738244132054
11490	-0,0011755828441158038	11490	-0,00855983347551992
11500	0,0030122301116803267	11500	-0,0099426569175205814
11510	-0,0069592178012524682	11510	0,006630773090082199
11520	0,0038916194832536413	11520	0,0080785956045583765
11530	-0,0057007326621134656	11530	-0,011247575801959045
11540	0,01012007617273019	11540	0,0055744275541593641
11550	-0,0022883410779068829	11550	-0,0070850923664134485
11560	0,00397506162528706	11560	0,0012996162646788801
11570	0,0033035371258953563	11570	0,018808179298685355
11580	-0,0087267185308065372	11580	-0,012052741245350539
11590	0,0073809566074078221	11590	-0,00013218543859039103
11600	-0,021116744975416192	11600	0,0079943713479131845
11610	-0,00080818632483894927	11610	-0,0031681174772300014
11620	-0,00011207551667475588	11620	0,0022066914284555516
11630	-0,0068035899223855669	11630	-0,011351699868738146
11640	-0,0064544339582986981	11640	0,012972522576817136
11650	-0,0066141189222312	11650	-0,0070611889467805944
11660	-0,0052652673026338795	11660	0,0038164335546262995
11670	-0,0037151543814647192	11670	0,0052510114457463087
11680	0,00644018328065448	11680	-0,0078837625447686077
11690	0,00061108768130145868	11690	0,0040892741906376094
11700	-0,010408002940967456	11700	0,002233615475202312
11710	0,020527986501192939	11710	-0,0060464908247088956
11720	-0,013830646407177847	11720	0,0033905440204593752
11730	0,001888012966593075	11730	-0,0075460111029593668
11740	0,0040437157638691284	11740	0,00061644505202844207
11750	0,0075892321815646865	11750	0,0048103014217064513
11760	-0,0080643275232563857	11760	0,011350034363155992
11770	-0,0027865393101962677	11770	-0,0063422521479128508
11780	-0,014376535231706926	11780	0,000839161979168485
11790	0,0040742696488127337	11790	-0,0045971491876781326
11800	0,0042729481735341484	11800	0,0030331749427850679
11810	-0,0089420157171444681	11810	0,00083259274933234883
11820	-0,00013903792085371357	11820	-0,0015831953053977385
11830	0,0095249649454527182	11830	-0,006505877545596098
11840	-0,0064391257553683828	11840	-0,0014158641342564297
11850	0,0019273107876517802	11850	-0,0054601857534532549
11860	-0,00857314177582861	11860	0,00590178823934349
11870	0,00067111996046811842	11870	0,0065065148282936365
11880	0,0024968769477294794	11880	-0,00259378791171415
11890	-0,0015874856003733403	11890	-0,0012030694407897567
11900	0,0060751054528767109	11900	-0,0020642528114791919
11910	-0,00018648147132911469	11910	0,019757081154451451
11920	-0,0025467374480284263	11920	-0,00054805449329763058
11930	-0,0094469305221723723	11930	0,0069130457770754062
11940	-0,013762310024672902	11940	0,0045182245398670846
11950	0,0061929120602903327	11950	0,0071975014773495907
11960	-0,0021282175017730285	11960	-0,018201331969524861
11970	0,0035037116648624239	11970	0,0025153941313599687
11980	0,0031200412996200068	11980	0,0043571515850099806
11990	-0,00013242437061904226	11990	0,011483471107108614
12000	0,012849274796435337	12000	-0,0011468774308148913
12010	0,01223051290052018	12010	0,0157706635719265
12020	-0,0025113873558603281	12020	-0,0023947921399096422
12030	0,0053273182525185514	12030	-0,018399675778420489
12040	-0,0058496665317390216	12040	0,0073933412841922178
12050	-0,0076470896085777448	12050	0,00556042285482027
12060	-0,00921475566745378	12060	-0,0079742247698461333
12070	0,0047440319773949767	12070	-0,0093041287766178326
12080	0,0020767859717012605	12080	-0,0056678701435955558
12090	0,014100109027327465	12090	-0,015848856217224462
12100	0,00069590433999516213	12100	0,0053566791624616514
12110	0,0051506035378539108	12110	0,00431480087930761
12120	0,0027491778733334375	12120	-0,0025966269059569682
12130	-0,0032514787032367131	12130	-0,010406690685172634
12140	0,0021498231482318907	12140	-0,0034614810406074603
12150	0,016091308417993732	12150	-0,00242099950090231
12160	-0,0042937731684801793	12160	-0,0093140125709675371
12170	0,0026558745451715025	12170	0,0083018989048142221
12180	-0,0052368814832975015	12180	-0,0066758013091470269
12190	0,0061658951560499319	12190	0,0020729480032746642
12200	0,020892551992729751	12200	0,00783458191117119
12210	0,0031188518444413634	12210	0,0019987471176673992
12220	-0,0076253410518849736	12220	-0,0069274500485206544
12230	0,00952106728796526	12230	0,0066814971025946175
12240	0,00317187374586449	12240	0,00093051953856409749
12250	0,0017918513992436853	12250	-0,0072596472270217054
12260	-0,008003745281270163	12260	-0,0050326787651836019
12270	-0,013489421143706685	12270	-0,006969039047182859
12280	0,015527997381648449	12280	0,0038350493767434165
12290	-0,00985196864390425	12290	0,0038058803289310445
12300	0,00041446833843874353	12300	0,0097059915169018848
12310	-0,0014728299283450902	12310	0,000955884389125831
12320	-0,0024575278174324869	12320	0,010598244314403206
12330	0,012482281469479937	12330	-6,7755250712956747E-05
12340	-0,0028028406977967588	12340	-0,0056102648396140018
12350	0,019510411455092289	12350	0,008919289998304
12360	-0,0047641009958209043	12360	-0,010120652382434673
12370	-0,003299840735340892	12370	-0,0036294624009918031
12380	-0,0017369272924512465	12380	0,0068361607328111347
12390	0,0051143515372497322	12390	-0,0084566022065329632
12400	-0,0069193449379375124	12400	0,0038284028017325361
12410	0,0008126691548480617	12410	0,0041322641283931026
12420	0,00018150888298527283	12420	-0,013476825505380622
12430	0,013091640795998491	12430	-0,0029001576637461379
12440	0,00065246674236477066	12440	-0,013392464856710066
12450	-0,015373044934602906	12450	0,015647062800763487
12460	0,0042859791656242032	12460	-0,0096668670152350034
12470	0,006059782105936753	12470	-0,0044002670234570759
12480	0,0046878153303161404	12480	0,012032105824010158
12490	-0,00857195500536441	12490	-0,0018927992116476648
12500	0,0017522143488567458	12500	0,0105743681474608
12510	0,012848133935508189	12510	-0,0034982853081010749
12520	0,0093279663811610836	12520	0,020063163800750142
12530	-0,0037913036492534503	12530	-0,016691109073658256
12540	0,013799712168327379	12540	-0,018008618842650648
12550	-0,00631517164326078	12550	0,0014987370975552531
12560	0,0072415924548093211	12560	0,010519877996007215
12570	-0,011736026799742302	12570	0,0090204190919686046
12580	0,0097304178135625263	12580	-0,00089255286805587221
12590	-0,0029802357379564264	12590	0,0046568146026253658
12600	0,0090009667506025844	12600	-0,011631974958509877
12610	0,00782239071024301	12610	0,00985195273252744
12620	0,00036432815952940685	12620	-0,0067433263857604956
12630	0,0082698759867730048	12630	-0,013940743759687763
12640	0,0019478092708162061	12640	0,010700102342653292
12650	0,0016191548015674015	12650	-0,006471209027286191
12660	0,0077375719340365369	12660	-0,0027723544509925145
12670	-0,0051088762096551266	12670	0,0041263377816758828
12680	0,0031541174758549736	12680	-0,0042878297890683384
12690	0,0020098598277962696	12690	0,0073687902119171575
12700	-0,001378356616697067	12700	-0,0040004914308220908
12710	-3,1504958131869595E-05	12710	0,0001164397133493303
12720	-0,00196594845286758	12720	0,0075105411558081111
12730	0,0013867272326900479	12730	-0,0020031250965512563
12740	0,010691849614721883	12740	-0,0014957591672108978
12750	-0,0044385687137702794	12750	-0,0024023855042240036
12760	-0,0054216075547445014	12760	-0,005065137259514246
12770	-0,010057572743458565	12770	-0,010198602293842344
12780	0,02476201277503336	12780	0,0011316151784699195
12790	0,0034219592007443764	12790	0,0059953403326807025
12800	-0,00042948733855912316	12800	0,011411709271590209
12810	-0,0124700143145047	12810	-0,014810229250571119
12820	0,0011520954471541465	12820	0,0071691502738021606
12830	-0,0035641484299118705	12830	-0,001066945032085093
12840	0,0073635515215936418	12840	-0,013058271909680765
12850	-0,00011136284962999839	12850	0,0060541691642789315
12860	-0,0024983823298288803	12860	0,0086289384751890227
12870	-0,014215668427310042	12870	0,0092139706633464838
12880	2,6360005306392578E-05	12880	-0,013178272704778159
12890	0,0047423313753827941	12890	0,007331405726309307
12900	0,014361071179544471	12900	0,0010892030856203717
12910	-0,0076686411285040055	12910	0,0078610823055733966
12920	0,00032250477137687941	12920	0,011530880441544667
12930	-0,012998774582697149	12930	-0,0053768430291618353
12940	0,0065214461530636088	12940	0,0052551077256473939
12950	0,0037123990838154423	12950	-0,0070801477297319209
12960	-0,012369812006956468	12960	0,00147486365979712
12970	-0,020557441253066709	12970	-0,0065357269882460279
12980	0,0045542140413044191	12980	0,0030576166946146149
12990	0,012030848501087918	12990	0,0094160079577201121
13000	0,0087783455349037184	13000	0,0067305147291851905
13010	0,00067446855186211255	13010	-0,0055143628305588041
13020	-0,0038773085308811128	13020	-0,0051275507914704645
13030	-0,0024023273026067085	13030	-0,0034233093773442568
13040	0,013905756763937502	13040	0,0017529783125411
13050	-0,00862168120768489	13050	0,0065219975891481052
13060	0,010634049861856463	13060	0,020237993589180353
13070	-0,012554928215687624	13070	0,011824673728875823
13080	-0,0055192605526655208	13080	-0,0007206768671940419
13090	0,00046735302168609687	13090	0,016499822257581107
13100	-0,0036016419753636063	13100	-0,003904566755737646
13110	0,0039352730225222475	13110	0,0048998699057677536
13120	-0,0042249337522862465	13120	-0,0063968688076095574
13130	0,0066921714788256261	13130	-0,0019111228091464455
13140	-0,0090901847654357489	13140	-0,0046918209895721891
13150	-0,0052525597760244612	13150	0,00696904805588348
13160	-0,0039648358148007667	13160	-0,0011735954462291859
13170	-0,0028335514604745336	13170	-0,00045596086843257839
13180	0,019444958755868196	13180	0,0040326988783159151
13190	-0,0099219780881378457	13190	0,017298618474803545
13200	-0,020993277706957511	13200	-0,0083062327145045425
13210	0,010995118863568142	13210	0,00063648142088887523
13220	0,0057187270392203169	13220	0,0044864222733789431
13230	0,014901173378171694	13230	-0,027598660337021852
13240	-0,0066706813806985373	13240	0,0047359482999018449
13250	0,0029361942012548904	13250	0,0057322833632994594
13260	-0,00018055136520943375	13260	-0,000346182815667973
13270	-0,013264445183876395	13270	0,0052688090360827264
13280	0,0083168503516905731	13280	-0,0097306256292297635
13290	0,00010568496258087837	13290	0,0040452317046285888
13300	-0,0052532552416367957	13300	0,012162117452282508
13310	0,0064725416146948463	13310	-0,0066113263739555894
13320	0,004169643694882018	13320	-0,0023834332042771736
13330	0,014314723864130659	13330	0,0042366117510272486
13340	0,010355086919247735	13340	-0,010338903156135707
13350	0,0068320511310334441	13350	0,0046193911030902911
13360	0,0005904300124535373	13360	-0,0095057287474767781
13370	0,011623899505754379	13370	0,0078339538270568738
13380	-0,01896925097883995	13380	-0,0014601675055783776
13390	0,0058732285371642934	13390	-0,0070945448847902128
13400	0,0089085585244236022	13400	0,0082915262151150183
13410	0,0088018185356938065	13410	0,0084960243113588758
13420	-0,0033460757254057793	13420	-0,0010591314911140965
13430	-0,0010086519163295831	13430	0,0028720604049009822
13440	0,0060794479238489149	13440	-0,00094672622030346585
13450	0,0057379321025984482	13450	0,0077449258205424141
13460	0,015408511923319847	13460	-0,0027990205083980096
13470	-0,0012592581468671166	13470	0,0028209014672022884
13480	0,000281632603529135	13480	-0,0095419897499922513
13490	-0,00133933407427043	13490	0,0033516964070037241
13500	0,00063606376544114815	13500	-0,0095075502389786615
13510	-0,0064362702040552926	13510	0,0012707165985768637
13520	-0,00022472465663431112	13520	0,010949787340878241
13530	-0,0011482164458533654	13530	0,010338819234152126
13540	-0,0046713325901215	13540	-0,0019844279132675813
13550	-0,0063868566324201447	13550	0,0067454750095044874
13560	-0,0039375493014753562	13560	2,13060906962547E-05
13570	0,0023087546989372979	13570	0,0014956726096526244
13580	0,0017465245466990981	13580	-0,0021540136742059274
13590	-0,0038234168647605527	13590	0,0098743488941801776
13600	-0,0026818539876148021	13600	0,0019917117073801004
13610	0,00443241823769897	13610	-0,017922907184560802
13620	0,0057009003314366473	13620	0,0035357509207657048
13630	0,003262597484206862	13630	0,01430030551577444
13640	-0,0056269846759790078	13640	0,01682217709260099
13650	-0,0072509667052257218	13650	-0,0078725629930846731
13660	-0,012259412582450256	13660	-0,018564530791337984
13670	-0,0037516526778117684	13670	0,0036759638717639561
13680	0,01814247140383661	13680	-0,0028279372851158784
13690	-0,01828028342809342	13690	-0,0012486233531730686
13700	0,014037461771225732	13700	0,011251704275911911
13710	0,0013125476609540925	13710	0,011085883486647789
13720	0,012545444411177283	13720	-0,004779636614674408
13730	-0,0085420145911927065	13730	-0,007388446071043585
13740	0,0027065964226052563	13740	-0,0034787896581079912
13750	-0,00023300281963330361	13750	0,0042555196455930479
13760	0,0040479796468695121	13760	-0,00806881283895429
13770	-0,0071683208049979578	13770	0,011685317552653892
13780	-0,0029534326878746047	13780	-0,00938898019985213
13790	-0,004381626428598023	13790	0,0066226327042096878
13800	0,0087673958016088287	13800	0,0015825954304567104
13810	0,0036198659872414729	13810	-0,0098505458802702062
13820	0,0030004454615267188	13820	0,0065222003149579943
13830	-0,0052433495428397684	13830	-0,0021234415003734261
13840	0,0095426338443785584	13840	0,0079959189983783673
13850	0,0034643959256742095	13850	0,0049423805276167044
13860	0,0096263388053711967	13860	0,0054719050391177195
13870	-0,0029260315460749478	13870	-0,005826965236384719
13880	-0,00025987706926713634	13880	2,1744619248310989E-05
13890	0,0019163332727672303	13890	-0,00038819026320904457
13900	-0,010640765661214758	13900	-0,00468444501107757
13910	0,0034007311478929307	13910	0,011924256132813798
13920	-0,0049155843027067526	13920	-0,0015507721959020942
13930	0,00661242833791301	13930	-0,0070939056835249053
13940	0,005136761770219639	13940	0,0029090903906920673
13950	-0,0070032577792220373	13950	-0,014353245748647232
13960	-0,010675688526392588	13960	-0,0021844897373105372
13970	-0,0070021263272547546	13970	-0,00029399121543402545
13980	0,010372732343616391	13980	0,00094272184843809874
13990	-0,00919262794128487	13990	0,000997414574184166
14000	0,0032264400327707545	14000	0,0013326069157287373
14010	-0,0083652639587383434	14010	-0,00028185323442033236
14020	-0,008637780769257461	14020	0,002071028394430019
14030	0,0017510351016866064	14030	-0,0081051902039958323
14040	-0,0221097739336995	14040	-0,0054841790033621331
14050	-0,00092147387999065838	14050	0,0026382339247413766
14060	0,009784519588128239	14060	0,00094192097499166049
14070	-0,013700977099496815	14070	0,01099816035262806
14080	0,0033063752297554528	14080	-0,0045459138015944969
14090	0,011497886465382029	14090	0,0052532610853600527
14100	0,00053211442066565247	14100	0,0035771971814395182
14110	-0,0028565689004510851	14110	0,002732948187632621
14120	0,005013739690867468	14120	0,011757828495198585
14130	0,0058016928160935614	14130	-0,015653901726514347
14140	-0,01396426172159306	14140	-0,0052374242346673906
14150	0,0061978367796056638	14150	0,0014965074090616429
14160	0,001408000188487574	14160	-0,0089520789790091763
14170	0,0003664729724089792	14170	0,0047108372168236786
14180	0,010938083091370565	14180	-0,0011604039663425209
14190	-0,0152846453235996	14190	0,001099745316379006
14200	-0,0018975677187010221	14200	0,0060949189721945284
14210	0,021944230918704906	14210	-0,014926670306923958
14220	-0,0058981543643621005	14220	0,00015612878744056496
14230	-0,011280627677407141	14230	-0,001891342278401793
14240	0,013296090868595087	14240	-0,010056690860350685
14250	0,0012329105428630267	14250	0,0018720723220848215
14260	-0,010660752697215911	14260	0,01164253615918873
14270	0,015314234867958122	14270	0,0093257578852868964
14280	-0,018130023470113613	14280	0,0027593846488655717
14290	-0,00039897719935218137	14290	0,0074693903745742243
14300	0,0049768052815595109	14300	0,009582459182528244
14310	-0,0021865378719689611	14310	-0,00551648695923473
14320	-0,006647482588309243	14320	0,016826094615078509
14330	0,012809576120998402	14330	-0,015509032712984559
14340	0,012799128239141628	14340	-0,010357134054829702
14350	-0,014876979938629003	14350	-9,5027653968760475E-05
14360	0,002078063960411478	14360	0,011454564080937459
14370	-0,009014581949528231	14370	0,012430477548994462
14380	0,006438534702541669	14380	-0,014067022104538991
14390	-0,0076131453764857263	14390	0,0002428599671087182
14400	-0,011248022471870307	14400	-0,0019323718278286327
14410	-0,0044748758417271668	14410	9,2832552195755289E-05
14420	-0,012212926899123924	14420	0,0063539854664576585
14430	-0,0084930081839262074	14430	0,0088681109579856
14440	-0,0077420218855320019	14440	-0,00037097069810592678
14450	0,0037007106002630952	14450	-0,00063164934784659145
14460	0,011813128524520211	14460	-0,018512933370459988
14470	0,0082634229016461946	14470	0,0077656305657964825
14480	-0,00844840328377365	14480	-0,0050119043570731247
14490	0,017213079828236541	14490	-0,0058279680738015137
14500	-0,01518681098098886	14500	0,0022156043373895073
14510	0,01114474479818593	14510	-0,008487110907859
14520	0,00030626233755820184	14520	0,012122673871842422
14530	0,0051070832008738706	14530	-0,00461940544022293
14540	-0,0020347087736323267	14540	-0,012695265568644351
14550	0,017795127393730355	14550	-0,015821410141795902
14560	-0,0160500731200124	14560	0,0068470711817605967
14570	-0,0042943097347616886	14570	0,00015975027375737404
14580	0,0035372254419344515	14580	-0,011690796383736275
14590	0,0096347076734584237	14590	0,0072614531673264185
14600	-0,0033146344305301596	14600	-0,010368825974702622
14610	0,0088429713013707147	14610	-0,006559388932619082
14620	-0,01005842273548167	14620	-0,0036004336374506562
14630	0,0052112339862136637	14630	0,018218812767965113
14640	-0,00048130076139360571	14640	0,0070424592747368427
14650	0,0027754255597554575	14650	0,0026501252927885115
14660	0,0106022924288997	14660	-0,0051347340445058757
14670	-0,00011650848611612647	14670	0,0065470171644467995
14680	0,0068092726971517277	14680	-0,017887037168274684
14690	-0,005543560500703531	14690	0,006649934742440404
14700	-0,0045265880967562296	14700	0,01250386526473375
14710	-7,4632000609166254E-05	14710	-0,01483469773839725
14720	-0,0017596255186306704	14720	0,0045334936709111031
14730	0,011271477596089714	14730	0,00671906201581289
14740	-0,0071193054133769527	14740	0,0043220396863653714
14750	-0,00018349713341346977	14750	-0,0038764533117225321
14760	0,0089735345025778266	14760	-0,0069503887683210249
14770	-0,0047147825326825151	14770	0,0097408128181366467
14780	-0,0041842154331491865	14780	-0,00542080518630407
14790	-0,0063674635973825057	14790	-0,010660365008527298
14800	0,002097076386142053	14800	-0,001076959976976916
14810	0,0002112997934712256	14810	0,0039602709609540014
14820	0,0046454907566971055	14820	0,0036601114676627906
14830	-0,00048529282166459055	14830	-0,0075683780532728416
14840	-0,0092358376496341418	14840	-0,0036770828014689875
14850	0,0036329634858252384	14850	0,0085031448144638668
14860	-0,011979209834471505	14860	-0,00034658766807961917
14870	0,002605025875728478	14870	0,0045200945655578034
14880	-0,0077050798462650911	14880	-0,0050986272766505034
14890	0,0052501026524317184	14890	-0,005879539899240999
14900	-0,0037002594051003933	14900	-0,0017127377280627615
14910	0,0095752952762006051	14910	0,006271037832032901
14920	-0,0012859033235824084	14920	-0,011591488927580235
14930	0,0016613699859033707	14930	0,0097502434571015636
14940	-0,013687526404210958	14940	0,007707395484445009
14950	-0,0100367340025173	14950	-0,0072193016128487431
14960	-0,00059555512662413782	14960	-0,0062428495307967815
14970	0,0065575760092991715	14970	0,015187304254208025
14980	0,0028801889818915174	14980	-0,0023929941990214081
14990	0,00081614511606605976	14990	0,0073528437642688673
15000	0,00563641811222764	15000	-0,0026119842723765357
15010	0,011703448491158869	15010	-0,0093327393412748032
15020	0,0027881898754389184	15020	-0,0076033584135977422
15030	0,0055016347054470047	15030	0,010863820524766948
15040	-0,0011283357190289881	15040	-0,026200563018101489
15050	-0,0095469645767498491	15050	-0,0051518673266477142
15060	0,013818165908859698	15060	0,0029666939637428922
15070	-0,00074738289989470942	15070	0,023600676800505808
15080	-0,0025466693278473665	15080	-0,012603271260267021
15090	-0,0031569847019665984	15090	-0,011137946918017542
15100	0,0042456553774935938	15100	0,00080922341896788466
15110	0,011392850118783819	15110	-0,0037737754829654754
15120	-0,0017814358130808284	15120	-0,004696162002811889
15130	0,0040372335373755662	15130	0,00839732022053783
15140	0,0099166413259860337	15140	-0,0024126049599591352
15150	-0,010453957046917491	15150	0,010087533483759603
15160	0,010419853914335052	15160	0,0017491423810979821
15170	-0,00658016969614084	15170	-0,0036283349480579702
15180	-0,0013456008857847316	15180	8,2344744405386043E-05
15190	-0,011872601346024716	15190	0,0037486215853594065
15200	-0,0077362397036975306	15200	0,0090645574919308788
15210	0,012343685087580342	15210	0,0093890848876175981
15220	-0,0012081386736708373	15220	-0,0006925081225652984
15230	0,00979159736889848	15230	0,00053669795246580364
15240	-0,007281297544047439	15240	-0,00436518132292497
15250	-0,010991168182172108	15250	-0,0092212935626474063
15260	0,0075442375348449189	15260	0,011170120743234193
15270	-0,0084860998521283423	15270	-0,0068447124164300269
15280	0,010207947412595638	15280	0,0049314136338638693
15290	-0,009808245056913089	15290	-0,00063910787810673878
15300	-0,00071014303492653464	15300	0,0049421703943832935
15310	0,00063677694556311146	15310	-0,014723443280590224
15320	0,00026207117630678076	15320	-0,0084901514194561534
15330	0,013133133789094855	15330	0,0025464900371829349
15340	0,0063159662189349727	15340	-0,013252514360089592
15350	-0,010464883738795793	15350	0,016527985987472609
15360	0,0010641138308881768	15360	-0,0025655997348111377
15370	-0,0039645838211909788	15370	0,0028384925167645393
15380	-0,0033729115587046673	15380	0,00063458184774843639
15390	-0,0024042057290226729	15390	-0,0074888748897701668
15400	-0,002499284610008555	15400	-0,010781216616832687
15410	0,00881604190893052	15410	-0,00511079528268022
15420	0,0066069750140445053	15420	0,013238547183096562
15430	0,0063793500763928432	15430	0,00023909811153809761
15440	0,01283682719904704	15440	-0,013177861215815545
15450	-0,020339599862274557	15450	-0,0028104645390410027
15460	-0,0015962950920007995	15460	-0,0039496922140096384
15470	-0,014163626190796403	15470	-0,0046526310852119919
15480	-0,0011498584964051086	15480	-0,010581743894944824
15490	-0,0021876900167617508	15490	0,0037408849207489939
15500	-0,00925908551456156	15500	0,0076409502597936411
15510	0,00395900058937011	15510	0,00095751111828658992
15520	0,0022200585349319815	15520	-0,00011317644647909799
15530	0,00985700758847218	15530	0,00916091434790192
15540	0,0092883889157967924	15540	-0,0067208428985664273
15550	0,0051480228211529871	15550	0,0063654200864542813
15560	-0,0034953466252804176	15560	0,010818530542442318
15570	-0,0047922401963533846	15570	-0,0036888500751907942
15580	-0,0034106514712623952	15580	0,00605668250050498
15590	-0,0019861518181520849	15590	-0,00072345179679217766
15600	-0,0036171030852817283	15600	-0,0070751505214711316
15610	0,013851035920653352	15610	0,0031656671313358641
15620	0,0043002372974240612	15620	-0,00514896420343859
15630	-0,00643935913633662	15630	0,011495688955283913
15640	-0,0020148153293580253	15640	-0,010635422591451595
15650	0,0060940257354383295	15650	-0,00094416111668373082
15660	0,0081853427743449648	15660	0,00281175195392379
15670	0,00071972647947504947	15670	0,0046090941831549046
15680	-0,0030455927226324237	15680	-0,0096474153835552513
15690	-0,011308448920463126	15690	0,0067354975582115039
15700	-0,0060033888130747162	15700	-0,007185197221348188
15710	0,01368945056691739	15710	0,00087469991630111392
15720	0,001984248308367922	15720	-0,00226545963532553
15730	0,0032070129938755409	15730	-0,0058141083739138089
15740	-0,0010799523049487808	15740	-0,009020381726939938
15750	0,0025358211497509332	15750	0,0037718301391994279
15760	-0,00067894353490577071	15760	0,003802281101162736
15770	-0,017247541092525336	15770	-0,0029329761398028697
15780	0,011119457255936363	15780	0,0044772321746570642
15790	0,00237642284924403	15790	0,0035459760320062025
15800	-0,0075059766988226024	15800	0,00587463086731724
15810	0,0014058841104699969	15810	-0,0034509755609082493
15820	0,0013530326259785105	15820	-0,00067488501952557437
15830	0,0086658361702660648	15830	0,00017772826516984164
15840	-0,018854912242120415	15840	-0,0046076684988491474
15850	0,00477465695164671	15850	-0,0022105589560975658
15860	0,0075957070564917654	15860	0,0050008515070459544
15870	0,0035339345167387974	15870	0,0036459022864482227
15880	-0,004467237455630154	15880	-0,010347469114645866
15890	-0,0061396285169488295	15890	-0,0072600983558640479
15900	-0,0092571612854779883	15900	0,0042208383024079539
15910	-4,8369595381737154E-05	15910	-0,011776227136644694
15920	-0,026734544447168895	15920	-0,0034263587645478578
15930	-0,0050411162746485669	15930	0,00861280923141294
15940	-0,0078236132861959021	15940	-0,0042684596111425312
15950	0,0034872982373394413	15950	-0,0085186642181025139
15960	0,0091651796989695514	15960	0,0039760799536297051
15970	-0,0040118749764985985	15970	-0,014921039283836724
15980	-0,003539861393670875	15980	0,0023602922176966085
15990	-0,019451766455585186	15990	-0,0085862335659320863
16000	-0,010793316925470016	16000	0,000980528263655576
16010	0,017615703141507292	16010	-0,00226986936532882
16020	-0,0016548356348507027	16020	-0,0045372484477663334
16030	-0,00235179694480807	16030	0,005553795234639349
16040	0,010057808133323833	16040	0,0034473073076155053
16050	0,006815580983396673	16050	0,010092869847501436
16060	0,0014299187124396536	16060	-0,00091891802752965186
16070	-0,0086272145562533153	16070	-0,011868698125144354
16080	0,00024084052808908435	16080	0,0021241608598008277
16090	0,0042386258792340824	16090	-0,01116871501323826
16100	0,004756525644267498	16100	0,006528178909903197
16110	0,0110694964778412	16110	0,004254513725523189
16120	0,0025764903638869764	16120	-0,0041026152235475507
16130	0,00059443241824804968	16130	-0,0070629771232672911
16140	-0,0061117995287968919	16140	-0,01177521021216036
16150	-0,0019238942968760634	16150	0,0049163800187376032
16160	0,0042246440549250546	16160	-0,012095006198811514
16170	-0,0038004858569421051	16170	0,0061133700733639624
16180	0,0071633256995068239	16180	0,0012058833153965967
16190	-0,0039063055073581751	16190	0,010087055016068545
16200	-0,0041303119861730974	16200	0,00979731495658868
16210	0,0055490355928214464	16210	-0,014899824427108013
16220	0,015366142280963609	16220	-0,0016618322093679445
16230	-0,01050144738377639	16230	-0,0086284161917963009
16240	-0,0016386762992014452	16240	0,0079242526849700855
16250	-0,0071909273452579305	16250	-0,0032553221710989269
16260	0,0027307381540155632	16260	-0,0091383039793075
16270	0,0084218079041310043	16270	-0,00467701190662876
16280	0,00028386094863265467	16280	-0,00029136329242940772
16290	-0,00548977495781349	16290	-0,0065980892610413705
16300	-0,007390197532927612	16300	-0,0017856679912174654
16310	-0,0060204771847503728	16310	0,010648131291763981
16320	-0,0036203934639675128	16320	-0,0098359454180062134
16330	-0,013715983027076321	16330	-0,0023129116633219078
16340	-0,0082917596630179818	16340	-0,0013601510609724758
16350	0,0017068769087704931	16350	0,010848405570983825
16360	0,014309912096793448	16360	-0,0037735414367400621
16370	0,012185848540421972	16370	-0,0053350070901139511
16380	-0,000453433052221475	16380	-0,00822215965394885
16390	-0,0037373922134487404	16390	-0,00055349734208745549
16400	-0,0019997236982862874	16400	0,0026843202777788542
16410	0,0086273342236735141	16410	0,0062392235079179832
16420	-0,013810643026344632	16420	-0,0032827826942788386
16430	-0,01233692362437816	16430	0,00867553271022474
16440	0,0046325648719533321	16440	-0,010146577218595975
16450	-0,011444720392063032	16450	0,0029928338306303291
16460	-0,0050217799616466318	16460	-0,000490304018122585
16470	-0,0056980379406848811	16470	0,0069026161729940742
16480	-0,0015992185927116715	16480	-0,0012248874813359709
16490	0,00365293774241719	16490	-0,010333475694550615
16500	0,004396632819752555	16500	0,0063441537014605276
16510	0,0026261905336750057	16510	0,000633505771294301
16520	-0,01734159685405192	16520	-0,0016475526878454675
16530	0,016476488680408359	16530	-0,01394679595255888
16540	0,0080395113753660621	16540	0,012934772322041177
16550	0,00863256026168811	16550	-0,0025074867710355685
16560	-0,0047559404444145678	16560	-0,0061018806869743685
16570	-0,011866495664517439	16570	0,00704893043446594
16580	0,0037158153805715091	16580	0,0022094287450728006
16590	0,0022677871379670881	16590	-0,00096996057274068156
16600	0,0013589123229022975	16600	0,0042794397826357682
16610	0,018627141677232634	16610	0,0044290629415238876
16620	-2,6346259111975109E-05	16620	-0,00066729333758370265
16630	0,0078158314357172579	16630	-0,0069034476574870683
16640	0,0016359297478006284	16640	0,0123483487829548
16650	-0,0036688935742812739	16650	0,0040005387065979543
16660	0,0022929766025420436	16660	-0,006418227106188939
16670	-0,0050573722873885263	16670	0,0038858204268109628
16680	-0,0034741202265984846	16680	-0,004167705527822905
16690	-0,0063301671256017341	16690	-0,010310541833353882
16700	-0,0053735962350670444	16700	0,0056549452847600911
16710	0,0088098149010687483	16710	0,011134236482437433
16720	0,011763851592029162	16720	-0,012378918213868927
16730	0,0065083329137397292	16730	-0,0043002899847560177
16740	0,0049141837877819273	16740	0,00364612544789184
16750	-0,01600380348567073	16750	-0,004350002477604328
16760	-0,0087986082842424016	16760	0,01008502847932141
16770	0,0025123875449097922	16770	0,0099798082449809276
16780	-0,0023142364312972838	16780	0,000963638986242463
16790	-0,0069875163206900787	16790	-0,0049692447092773064
16800	-0,011656912768767128	16800	0,0011528696887224935
16810	0,0038463520295546681	16810	0,0023872316165323838
16820	0,0099659354666019485	16820	0,0065119744970822671
16830	0,00910608883796921	16830	-0,0099303393141369836
16840	-0,011025979672018571	16840	-0,0018353751366748787
16850	-0,0078516229171410185	16850	0,0036238270365590362
16860	0,012157857703246891	16860	-0,0019234453930733347
16870	-0,013528554672321842	16870	-0,0070760805285450742
16880	0,0054333956887434864	16880	-0,0030518165416545894
16890	0,007525260249661811	16890	-0,00057707278173163719
16900	0,00068666708034213655	16900	-0,0025043160374298673
16910	-0,008992707166413429	16910	0,010731719875554248
16920	0,0096979831917361221	16920	0,0042499328049153
16930	0,0087583752654158617	16930	0,012493436227195997
16940	-0,0043589363769029419	16940	-0,0023609606238084485
16950	-0,0030254440852045057	16950	-0,014699079024829526
16960	-0,0028380151555032307	16960	-0,012642211945398277
16970	0,0066441604594149476	16970	0,0027400413759633788
16980	0,003664842122173211	16980	-0,0059081477453363923
16990	-0,0026219241249563325	16990	0,0024861608290397881
17000	0,0064819121478873476	17000	0,003927328309477532
17010	-0,000635348167664208	17010	0,01056636591632929
17020	-0,015545931574685569	17020	-0,0029776938635359667
17030	0,012108925597984972	17030	-0,0037824506431539981
17040	-0,0037058129735082338	17040	-0,0031747528137411321
17050	-0,016862009580499618	17050	-0,010169345433239328
17060	0,0072655670613568264	17060	0,0061912097258254523
17070	-0,00022265683511388248	17070	-0,0032961997513197509
17080	-0,00078508609667362131	17080	-0,0040222737475679154
17090	-0,00053697376517080459	17090	-0,0024757590940223755
17100	-0,0086117128896706155	17100	0,017821315905657508
17110	0,0050919824986619356	17110	-0,0070049327749022328
17120	0,0024358023320884873	17120	-0,0023560338318328079
17130	-0,0049181997456313334	17130	-0,0088803879335510559
17140	-0,012027169992459874	17140	0,0053875687985391729
17150	-0,00020916562291211702	17150	0,0069460267893560494
17160	-0,0050964353038222346	17160	-0,0023612997794797484
17170	-0,00091911743450777677	17170	-0,00037564754778563652
17180	0,00047470761455510916	17180	-0,0069745295239755133
17190	-0,0047183393889892013	17190	0,0015125183998018069
17200	-0,001936552696818296	17200	0,0025223855185663464
17210	0,013022666303481922	17210	-0,023221775543423022
17220	-0,014191604851041281	17220	-0,072368993836590428
17230	-0,020837752719226586	17230	-0,11230817614712342
17240	-0,0082424179105433214	17240	-0,21077352645615272
17250	-0,01479020802899331	17250	-0,27697326967579283
17260	0,0086956567222358973	17260	-0,3459408517986538
17270	0,017746686622313625	17270	-0,39217235259721428
17280	-0,00064987853762611355	17280	-0,43582132661252082
17290	0,0064110551919054253	17290	-0,40370171973806962
17300	0,018953224544490974	17300	-0,33896302911324211
17310	-0,017029262731598951	17310	-0,30713722261824272
17320	0,10404132703905808	17320	-0,18130956082119198
17330	-0,008268137640457536	17330	-0,15810379666321386
17340	0,0061306183147342031	17340	-0,31897593231734361
17350	-0,001398289574012753	17350	-0,1859162634089721
17360	-0,066401462243557433	17360	0,17050735612396392
17370	0,095511466634658052	17370	0,35683571125887847
17380	-0,022813234908461825	17380	0,50119925040318269
17390	0,10408456606042332	17390	0,23810076054020965
17400	-0,24747527492329358	17400	0,63541180010418141
17410	0,09739890669569469	17410	0,42563840722988389
17420	-0,10541403326911344	17420	0,50725727053551
17430	0,075632296598398568	17430	0,079929985577876672
17440	-0,16913151483915898	17440	0,56782227283689524
17450	0,0665850065082374	17450	0,415796886538339
17460	-0,039013317692234886	17460	0,31844866594547078
17470	0,012600634122668382	17470	-0,049624283790136267
17480	-0,071761752974108778	17480	0,076528752638037878
17490	0,11379612457466065	17490	-0,011190152521442101
17500	-0,00014291916388277267	17500	-0,048703425036676261
17510	0,015380275758167123	17510	-0,255216540509825
17520	-0,082659558741895539	17520	0,0080801000496463649
17530	0,092282096397568764	17530	0,033410011676682727
17540	-0,026258486083083264	17540	0,14186732818201406
17550	0,066050355356686727	17550	-0,12004151740787712
17560	-0,10371918099965444	17560	0,16244284569594653
17570	0,15603357781437177	17570	0,065618448755344172
17580	-0,043378530526895664	17580	0,1974810915417019
17590	0,10957482087889085	17590	-0,27795916350985417
17600	-0,23834027346158951	17600	0,14939277907423393
17610	0,11202220115561162	17610	-0,049034124857760396
17620	-0,090930379358121247	17620	0,2549962410958499
17630	0,055358445314520423	17630	-0,10439567447836391
17640	-0,13062016909368732	17640	0,39745280395365573
17650	0,041595103692555362	17650	0,44386188894299194
17660	0,061381460635869405	17660	0,48348080826688811
17670	-0,0083132414394560625	17670	0,26234935246971858
17680	0,041001918531807215	17680	0,21193293483601031
17690	-0,021403345932778317	17690	0,39795039395650184
17700	0,069815610246752077	17700	0,41412928871916477
17710	0,12934359471350132	17710	0,413537829790777
17720	0,068006100439296224	17720	0,36992817140333345
17730	0,045063989068648155	17730	0,21869493290709932
17740	0,012125366649162514	17740	0,045762358370423445
17750	-0,025882466189061471	17750	-0,095495888678467172
17760	-0,029752733907806812	17760	-0,21900921134606322
17770	-0,059909504861126658	17770	-0,2995929873460812
17780	-0,038777633952526168	17780	-0,33863038758198982
17790	-0,029137696246851863	17790	-0,37813040847762891
17800	-0,0036459951567883618	17800	-0,38222696895757408
17810	-0,027816010553960057	17810	-0,38281751774629491
17820	-0,00010030453476400766	17820	-0,37303460023306256
17830	0,01441397424645275	17830	-0,35025434999003252
17840	0,015322793351547326	17840	-0,29676845208114444
17850	0,020718581182632905	17850	-0,25046025843627207
17860	-0,00805343012407198	17860	-0,18863922564964206
17870	0,0012952723094739774	17870	-0,1456712733708978
17880	0,0031036649148730752	17880	-0,11445509945087209
17890	-0,0065990246534968645	17890	-0,055648974372853557
17900	0,00062246066468632912	17900	-0,032841062639707534
17910	0,0023196355112538648	17910	-0,024994325928118451
17920	0,0099190209442986746	17920	-0,024235154375951848
17930	-0,0084024755005694413	17930	-0,027621322565322948
17940	0,0052784134440394424	17940	-0,021319692645624447
17950	-0,0036857071728329349	17950	-0,030425770504521044
17960	-0,00050639055045121608	17960	-0,033575244556208951
17970	0,0018690790736422319	17970	-0,026573397965941291
17980	-0,00098758193136317318	17980	-0,01696856936528331
17990	-0,0033646436571247006	17990	-0,0093076011482733922
18000	-0,02764298122296131	18000	-0,017428529399994053
18010	0,0015244517285163996	18010	-0,016905067380639044
18020	0,0052016590744818807	18020	0,013735777855848425
18030	0,0019375092291046461	18030	-0,0030019898644431248
18040	-0,0029177081409216296	18040	0,00064094260365258509
18050	-0,011398086865237023	18050	-0,003485672416743081
18060	0,0051031020688019233	18060	-0,0026845449009012313
18070	-0,01124255742572481	18070	-0,011128199596440153
18080	0,005626917676220357	18080	-0,0070123903719698163
18090	-0,0099643271851954738	18090	-0,0078147026965464349
18100	0,00071102768414929845	18100	0,0059799721565083792
18110	-0,0017168854418090197	18110	-0,0011665184564640155
18120	-0,0079672135711142244	18120	0,002107008885986686
18130	0,01150264820027222	18130	-0,0008494818968990197
18140	-0,00505652195940462	18140	-0,004418205035715197
18150	0,00061924468189421234	18150	0,0052636256342581374
18160	-0,0022517241645093459	18160	-0,0078660463309250962
18170	-0,017800230608479885	18170	-1,7071443754228875E-05
18180	0,011595453070996423	18180	-0,00060338524704595673
18190	0,011427030542159556	18190	-0,0015395674135013147
18200	-0,014310505644785069	18200	0,0072982706568786868
18210	0,003201497813740177	18210	-0,0023192569526802763
18220	0,0035548387948777151	18220	-0,0081796964170318311
18230	-0,0051145559001059115	18230	0,0043864622085918407
18240	-0,00958643229713353	18240	-0,01839718805711793
18250	0,0053745565553819643	18250	0,006607520952530299
18260	0,00061160384032866457	18260	-0,0027618934837119031
18270	-0,0028914563294626179	18270	0,0043041878300270038
18280	-0,004169579851148208	18280	-0,0063363951589817
18290	0,0024111902630372705	18290	0,00916166587268493
18300	-0,00046830320084222116	18300	0,0037429816635661697
18310	0,0083028352568727086	18310	-0,0075810760782819373
18320	-0,014663175416483697	18320	-0,0036619551002430952
18330	0,011556942192986298	18330	-0,003170123183397299
18340	-0,0019542201873904751	18340	-0,010282610068586369
18350	0,0041969323454352338	18350	0,0010003457190709253
18360	0,010992640992214862	18360	-0,015369742787153277
18370	-0,014003466874138535	18370	-0,0036906242397710546
18380	-0,0039220822275782066	18380	0,0093483883254836531
18390	0,012176073641556649	18390	0,0063129569969833836
18400	0,0073949961982904266	18400	-0,0088476183753184948
18410	-0,0039505465812943738	18410	-0,0018917144879722521
18420	0,0042597634546129573	18420	-0,0070556594954737243
18430	-0,0051277686683834931	18430	0,0025205536861639495
18440	0,016438241892660944	18440	0,0030140413314609883
18450	0,0042590981416518337	18450	0,0013235251225864526
18460	-0,0072737186327493219	18460	-0,0062434265164336977
18470	-0,0063872813341807506	18470	-0,0051892931095755069
18480	0,012543497308708459	18480	0,0064500844736977659
18490	0,002374068988440229	18490	0,010737401428867525
18500	-0,0046585946012107967	18500	-0,00279777966585449
18510	0,0086217539699482582	18510	-0,0044275915197484195
18520	0,0072817346555737539	18520	-3,6602743232635368E-05
18530	0,0011757508281979732	18530	-0,0073121294239737542
18540	-0,00825352954063869	18540	-0,0033200814367577397
18550	-0,0053938828448611958	18550	0,0023890063681922345
18560	0,003358165564371221	18560	-0,0019652619136570934
18570	-0,015690088686309719	18570	-0,0099145332446342518
18580	-0,0046524695231621935	18580	-0,0038683594396767881
18590	-0,0076336892726805066	18590	-0,013678986963264535
18600	-0,0043462759852334956	18600	0,014149133158652263
18610	-0,0083137685307374878	18610	-0,020806759498822443
18620	-0,0029895345200487548	18620	0,0037069235916253763
18630	-0,0064000757980609453	18630	-0,0015503984494388229
18640	-0,0075095704811002752	18640	-0,0024741072583999582
18650	0,00033490134943952405	18650	0,011088363311060273
18660	-0,0020661560972103209	18660	-0,015902346348135369
18670	-0,00958595428621761	18670	-0,0041018327250847038
18680	0,0035826842505212691	18680	-0,0087132460389704718
18690	0,011140474556007564	18690	0,003022749775453261
18700	0,011714269997636726	18700	0,0025671498867652059
18710	-0,0070014545327256551	18710	0,0069330093534635106
18720	0,0074276802069700746	18720	0,011771874924193248
18730	-0,015616504430484294	18730	-0,009884514729148185
18740	-0,010859233413059556	18740	0,002172482394124332
18750	-0,0022177931291253073	18750	-0,0065108979695461212
18760	0,021146560338285766	18760	-0,0010603444195538591
18770	0,01463020275873232	18770	-0,0042815347501205438
18780	-0,0038802182614736951	18780	0,0033775429472560174
18790	-0,0035554373826527752	18790	0,0066106298760282029
18800	-0,014279422554767685	18800	0,0086747969160066475
18810	-0,01158758431282021	18810	-0,0033797130993037544
18820	-0,0013190689939791746	18820	-0,0046140069992455573
18830	0,020439139485701679	18830	0,0065394481643100688
18840	0,013312942486480192	18840	-0,024613232785757985
18850	-0,0090245601878412747	18850	0,0023260285933211582
18860	0,015728688027163294	18860	-0,014886154901108685
18870	-0,0066016491264285493	18870	0,012824572965864037
18880	-0,0017932357975603711	18880	0,0049158108320679576
18890	-0,0053589566673553314	18890	0,0070712126060686574
18900	0,00047125518011545956	18900	-0,0045086621503060819
18910	-0,00033510616230642687	18910	-0,0099576790536624188
18920	-0,0060979517322312807	18920	0,0018411297730715781
18930	0,012653439739084178	18930	-0,0074481234969728544
18940	-0,0023209649142134727	18940	-0,010012364598790487
18950	0,0091040474749531676	18950	-0,0057193819592454669
18960	0,010234771354864745	18960	-0,006594198355442029
18970	-0,010702314742368126	18970	0,0052352761528463047
18980	-0,014655929179668072	18980	-0,0047775178507926761
18990	0,0053281566450820526	18990	0,0035998685783206826
19000	-0,0067773920762415341	19000	0,0028171958464217259
19010	0,01884369088141729	19010	-0,00023347922956548775
19020	-0,015411593307439891	19020	-0,011397049992933067
19030	0,014127738699104117	19030	-0,00039680674912542286
19040	-0,0013020527795678074	19040	0,0016161548766702308
19050	-0,011696134851012938	19050	0,0044229308249586425
19060	0,023359416398734064	19060	-0,0152078743619796
19070	-0,0095279634165212068	19070	-0,00554220279610318
19080	-0,0045945858858861405	19080	0,0046979147801186035
19090	-0,0070454493300577507	19090	0,010600074972540124
19100	0,00060006116144178956	19100	0,008983860804146036
19110	-0,0095324396588004918	19110	-0,020382074238303533
19120	-0,010945986925409467	19120	0,015665967426228177
19130	0,0085165176864066237	19130	-0,010647604615077853
19140	-0,00253128566662644	19140	-0,009256807968688309
19150	-0,0061025142703895587	19150	-2,3170529212876212E-05
19160	0,007509856241695592	19160	-0,012793031808255223
19170	0,00010559298803635873	19170	-0,003631332930873356
19180	-0,0053638385902266845	19180	0,0017601666780532998
19190	0,0042063193003881623	19190	0,0036877374262051029
19200	-0,012793723352524286	19200	-0,00864757235844079
19210	-0,00064170136486481116	19210	0,0041324144487299881
19220	0,0093789422196264519	19220	0,006089804266159511
19230	-0,0056699425497579664	19230	0,0027235305947264695
19240	0,012593464504742217	19240	0,017375802721362108
19250	0,0059647134000571783	19250	0,0093700143169849915
19260	-0,0011096650126357517	19260	-0,008598279230117389
19270	0,0053907207041196045	19270	0,0083498042973441412
19280	-0,005728909160165498	19280	-0,0035180371668345569
19290	0,0013245174308879003	19290	-0,010319511524544359
19300	-0,0039869190176264648	19300	0,0019348886708652562
19310	-0,0046000468828075085	19310	0,0056207001995667279
19320	-0,0072152721802223431	19320	-0,0090435456243845077
19330	-0,0014957258517289968	19330	-0,0085539048410916713
19340	-0,012048707809549515	19340	0,001276991053643772
19350	0,008049071971547488	19350	0,0075077340154318557
19360	0,01036319708947289	19360	-0,00994200400222848
19370	-0,00063577401549835279	19370	0,0097071440858899
19380	-0,0076391389424605256	19380	-0,0061415202895893188
19390	-0,0034369291530772644	19390	-0,0060679359259356372
19400	0,0015179844292165677	19400	0,010482068285621071
19410	0,00076812458702766868	19410	-0,012489951384547841
19420	-0,0068626018830297434	19420	-0,00089211870073456826
19430	0,007699289745458345	19430	0,011807028938281429
19440	-0,016135531778768687	19440	-0,0030329420807898603
19450	-0,0074250360757662408	19450	0,0019026102720994329
19460	-0,016517913386720037	19460	0,0064243293941876577
19470	-0,0056706390174390024	19470	-0,01257248467182919
19480	0,0023771795946371877	19480	0,00050886548113633038
19490	0,000510377878685236	19490	0,010167550981312864
19500	-0,0041998129245244291	19500	-0,00970157608880567
19510	-0,0036154242141643793	19510	0,00028796978365593155
19520	-0,019315409788990316	19520	0,0085888291328172842
19530	-0,00071194894496464235	19530	9,364114437826834E-05
19540	0,01531289178929251	19540	-0,0012678882654292849
19550	-0,0014818808708674893	19550	-0,00045114998109395589
19560	-0,0020969455556512774	19560	-0,0050750483424165426
19570	-0,0013329482858067869	19570	0,0011187937533636352
19580	-0,014500063257984888	19580	-0,00020147348748513819
19590	0,00070553912265491881	19590	-0,00036058620566275471
19600	0,0013304159438134104	19600	-0,012593236884170031
19610	-0,0037338244306400451	19610	-0,010980700134997669
19620	0,0026394632984932938	19620	-0,0023129143822214161
19630	0,0020210894054597463	19630	-0,0012071096869700091
19640	-0,0052374635160813967	19640	-0,0049969868052101964
19650	-0,0038782775114707207	19650	-0,003069332659752684
19660	0,0026651403033898834	19660	0,017969394684454212
19670	-0,0053139120771396632	19670	-0,0074227745064446822
19680	0,010583049616926585	19680	0,0063619589071571342
19690	0,0037505919420261192	19690	-0,00064282060922603442
19700	0,0077531182892854045	19700	0,010334080514436562
19710	0,0053856334768507879	19710	-0,0074009932415259709
19720	0,003060495262720658	19720	-0,0032320507145977948
19730	-0,013859960402470129	19730	0,0069150230789007932
19740	0,016843786032473062	19740	0,0056015837013881024
19750	-0,028536554551012866	19750	-0,010895772852086729
19760	0,0029135968363896911	19760	0,001716093934349255
19770	9,6689875389267471E-05	19770	0,012001737273899206
19780	0,0018189849068959707	19780	-0,0043861170981307138
19790	0,0056508498564027477	19790	-0,0049125007841072689
19800	-0,009246432922992525	19800	0,0041085388155105689
19810	-0,0071754330916328733	19810	0,01049311499183459
19820	0,0082084530308073785	19820	-0,0096887809505318227
19830	-0,0040809582084400291	19830	0,01237083350492897
19840	0,0048948270189424787	19840	-0,008653980518661588
19850	0,0034802364751151896	19850	-0,000491665034205798
19860	-0,0034479672382829278	19860	0,019491330116449247
19870	-0,00026229801155000618	19870	-0,0048237702519695605
19880	0,003147955507009817	19880	0,0035985092878250309
19890	0,00055403952102028777	19890	-0,0036669210280427982
19900	0,0015252525212841055	19900	0,012019928263138789
19910	-0,0016213581309808926	19910	-0,00405392655695215
19920	0,0075666129281147208	19920	-0,017271746819874333
19930	0,010755334629203708	19930	0,00048628006647427987
19940	0,00092728054124393124	19940	-0,00938060591609235
19950	0,00099161846498370637	19950	0,0020923696001319872
19960	0,0064863967351237737	19960	-0,016931439794236343
19970	-0,0044510733275614257	19970	0,00092464884877755239
19980	-0,0056312482464842811	19980	0,0074707112502219678
19990	0,015209020935804649	19990	-0,0064423602728518933
20000	0,015339695653434116	20000	-0,0047526737469011406
20010	-0,0055689406545153218	20010	-0,0011233548388878368
20020	-0,0067121209121594133	20020	-0,0038924461445434886
20030	-0,0047735344223233389	20030	-0,0056418192073072436
20040	-0,017558980424477625	20040	0,00614865773009353
20050	0,010322287842699063	20050	0,017265649722210813
20060	-0,0049739763377909018	20060	0,00011695400668476645
20070	-0,013466587257877196	20070	-0,018897465903494892
20080	0,0035326072649062021	20080	-0,0095787030649725491
20090	0,010232793735368425	20090	0,00022318166827075411
20100	-0,0023569646735024331	20100	-0,0037152885286767532
20110	0,010295576784257592	20110	-0,00097654072743834786
20120	0,00014373255029865903	20120	0,000538548521656066
20130	-0,003301523818619517	20130	-0,0048808001291747441
20140	0,00090842257677618712	20140	0,0002512784534509824
20150	-0,0086589425537783923	20150	0,0063144207062909149
20160	0,013482907544433006	20160	-0,0017087778977378418
20170	-0,011216678612023912	20170	-0,0080598673279999259
20180	-0,00464815920727586	20180	0,0028344266716712843
20190	-0,0049526771813959945	20190	0,003968008234794991
20200	0,010356518865841753	20200	0,0115224168366409
20210	0,0068551712352937239	20210	0,0065151669632552119
20220	-0,0060544246090084705	20220	-0,0080839130449657463
20230	0,0034869802438814686	20230	0,00056428294889114582
20240	-0,005448813075216186	20240	-0,0096513749784368115
20250	0,001836619589307459	20250	0,0064914127787929262
20260	-0,0028390895139458958	20260	0,013037283626067583
20270	-0,0023630876645966831	20270	0,00974940295044373
20280	0,0041684978003089044	20280	-0,0070472509738464563
20290	0,019461774984852676	20290	0,0020582339148205921
20300	-0,00532199595563272	20300	0,0071828326098337661
20310	-0,015687370111575363	20310	-0,012138258209671887
20320	-0,011627618119684926	20320	0,0041097687660972635
20330	0,016457883434998159	20330	0,0033966119150146247
20340	-0,019905803213213596	20340	-0,0098054406814200978
20350	-0,0078978807883405278	20350	0,0056487556346254894
20360	0,0051609645603279712	20360	0,0042438110223825846
20370	-0,0046403314762682958	20370	0,0018331921603631511
20380	-0,000791754510225318	20380	0,00503612857467537
20390	-0,0094301884078069938	20390	-0,00953115384273464
20400	0,01095967833731302	20400	-0,0031670575850511538
20410	-0,00039734391548606855	20410	0,00067106455516893564
20420	-0,00783044363082366	20420	0,01556546454789174
20430	0,00047352452987755228	20430	-0,0013570288534170056
20440	0,0024629645812083078	20440	-0,0075449168748511364
20450	-0,0088338829154782222	20450	0,0099177754552745769
20460	-0,0017247083633390658	20460	-0,0082464369741246778
20470	0,0016283131187162078	20470	0,000630368699314909
20480	0,0083738589131408126	20480	0,00938625881378024
20490	0,0014798825546962998	20490	0,0029646890694364127
20500	-0,019616265023851494	20500	-0,0070052604392723218
20510	-0,00038392308493756039	20510	-0,011809589089195971
20520	-0,010332057979104388	20520	-0,00806002200138363
20530	0,0093406921842351144	20530	-0,0034169910788871029
20540	-0,00043717449505430059	20540	-0,0026370810040791766
20550	-0,0025920256100169015	20550	0,00035228295680386713
20560	-0,00024296163996735706	20560	-0,0037279864815763174
20570	0,00072067114143511014	20570	-0,0032717587950296285
20580	0,0037486878839402805	20580	-0,007142581492163
20590	0,0015135178349148445	20590	4,4233515811761408E-05
20600	0,0022329751770633691	20600	-0,00092795505292956194
20610	0,0083131128318672809	20610	-0,0019309462448294759
20620	0,011917544272850498	20620	0,0032307961745716009
20630	-0,00096379359301806749	20630	4,24360854899305E-05
20640	0,011109534443360073	20640	0,0053107333090668743
20650	-0,0089072027797013949	20650	-0,00807537820204415
20660	0,00751640843103268	20660	-0,016238134567467238
20670	-0,0066792342012120141	20670	0,00032453023323758643
20680	-0,00083946170400111284	20680	-0,0033102633840027926
20690	0,0064152547423845657	20690	0,010410604083767015
20700	0,010940860246754064	20700	-0,00038769756815643157
20710	0,0040846106846001472	20710	0,00043079996999904153
20720	-0,010114153902857753	20720	-0,0039074559464092763
20730	-0,0029452484541910842	20730	0,0011711927131152521
20740	-0,00031628402965255874	20740	-0,01042532634858709
20750	0,0019369310559041856	20750	0,0081907625767272223
20760	-0,0025713435287228435	20760	0,0059939102138410463
20770	-0,0042156268791555505	20770	0,0047012706235478631
20780	-0,012614710237036178	20780	-0,0067909743312352831
20790	0,018462830491062444	20790	-0,013924798252469554
20800	-0,0050399142223287669	20800	-0,011016910348416547
20810	0,014231164342771214	20810	0,0030143068648225109
20820	0,0014482447471349932	20820	0,0024960639742770195
20830	-0,0016381393665224231	20830	0,00915539960466052
20840	0,0029073817249103931	20840	-0,01681781421041742
20850	-0,010379734401819833	20850	-0,0087184453889174538
20860	0,012768772732153206	20860	0,0061754543858679352
20870	-0,010270578112441387	20870	-6,5515827353873643E-05
20880	-0,0022308507533253773	20880	0,010343814538561539
20890	-0,0025987217086417603	20890	-0,0025961048203748329
20900	0,01166029955907325	20900	-0,0071921463134623055
20910	0,007232199466965023	20910	0,00024505555959797477
20920	-0,0089760122663244887	20920	-0,0084245790560412287
20930	0,0083373592678100284	20930	0,0025453682804953324
20940	-0,0059554215808864516	20940	0,00917618171141546
20950	0,0061915056940095225	20950	0,0060305833814872055
20960	-9,6290547756710637E-05	20960	0,010090057256583513
20970	0,014894066435808198	20970	-0,0025305085542576739
20980	-0,0017343505656179127	20980	-0,00808672761045997
20990	0,005928160840453247	20990	0,0032643466146798643
21000	0,010297065070453974	21000	-0,0025628167796874946
21010	0,0087373536907137863	21010	0,0056626085948909017
21020	0,00592047303257744	21020	0,0030321173777379628
21030	9,903299221673874E-05	21030	-0,0032970488723158215
21040	0,0029982859429506063	21040	-0,0060734138390018677
21050	0,018300047386830678	21050	0,0045433995119168553
21060	-0,0059405588317305155	21060	0,00071971743336419472
21070	-0,00085618806070906106	21070	0,000768897359573556
21080	0,0061097568243395654	21080	0,0049926582543878134
21090	0,00966258316188677	21090	-0,0023156004212353995
21100	-0,017622954518499254	21100	0,0033818006925725331
21110	0,018068680000551011	21110	-0,00027147835680217024
21120	-0,0028677330659254126	21120	0,0026275724839902935
21130	-0,00095518543008553131	21130	-0,0043637082840885895
21140	0,005393702626649859	21140	-0,0083720246589359879
21150	-0,016888087733519148	21150	0,0084211840338130114
21160	-0,0069138660724484781	21160	-0,0052468542303573057
21170	0,013689764248426219	21170	0,008603765742568853
21180	0,0069687878336466558	21180	-0,013328410687663057
21190	0,010938270491595202	21190	-0,0010592581705213906
21200	0,0012558751785107334	21200	0,0011186158925632309
21210	0,0048343904934798222	21210	0,0033489070234679914
21220	-0,010942144194184732	21220	0,0025036812791804047
21230	0,0086047212758690473	21230	0,015621602817571346
21240	0,010351489682911427	21240	0,0030659136578007392
21250	-0,0043810578084293537	21250	-0,0077457204189315771
21260	0,0060591577876445866	21260	0,013780406331192589
21270	-0,0056337974879236228	21270	-0,00537851819241726
21280	0,009015405791155227	21280	-0,0018306453092480119
21290	0,0064100835294254891	21290	-0,00961482643735649
21300	-0,0048783661581328335	21300	-0,004554594771169233
21310	0,0027026100438393382	21310	0,0014007349912180669
21320	-0,00180937660382496	21320	0,0086443383788089422
21330	0,0065393962821128021	21330	0,00300304145994777
21340	0,0065357310990813529	21340	-0,017250886308335846
21350	0,028731243427719336	21350	0,010676151116461686
21360	0,0039008126913970109	21360	0,0062284684729452117
21370	0,010334601267023498	21370	0,0090679263473291173
21380	-0,00086290170467699016	21380	-0,0016243732183719875
21390	-0,017583891605425991	21390	-0,0029479077060044732
21400	0,003653952885165544	21400	-0,00055699027569980277
21410	0,010792738667529283	21410	-0,0088568077595135523
21420	-0,0049801471687200933	21420	0,0066022029085320254
21430	-0,0070870196857807316	21430	-0,0011761137401564031
21440	-0,0027649524851177036	21440	-0,015753502937702904
21450	-0,018063163554172496	21450	0,012560601692470705
21460	-0,0073161403195855365	21460	0,017089621270044847
21470	0,017261250174012661	21470	-0,005766602636115524
21480	-0,0069409843588812787	21480	-0,0028712246375563679
21490	-0,0001983819662802209	21490	0,00089517384779168611
21500	-0,0058774814096753548	21500	-0,0034247793204379966
21510	-0,0048997448129635	21510	-0,00667949586291621
21520	0,004211028278965006	21520	0,0055401452518550505
21530	-0,0087574068848818055	21530	-0,0013610832018163552
21540	0,00986069823084679	21540	0,0045190091771032522
21550	0,00089601023606285647	21550	-0,00084194944605345582
21560	0,0034158466841649666	21560	-0,011074034340312311
21570	-0,0086881048982541675	21570	0,0035583036616298976
21580	0,0028209598998172312	21580	0,00992129294732999
21590	0,0027916777258956997	21590	-0,01224844293274021
21600	0,013071237571354335	21600	0,0027137576785306811
21610	0,013333723826628336	21610	-0,0037094927864204565
21620	0,0051155699535238323	21620	-0,00067740275855725587
21630	-0,0031224330972574568	21630	-0,0056729718423073278
21640	-0,010341833559382552	21640	-0,0068865520710445667
21650	0,0033796520524249124	21650	0,014445702243409332
21660	-0,0013511329127270011	21660	-0,0060904598530603154
21670	0,0013529659218574053	21670	-0,0041971197511752444
21680	0,0076824845066818795	21680	0,020816502592459353
21690	0,0086675326915847551	21690	0,0076630046475845235
21700	-0,010797639034827333	21700	0,0009583103402462282
21710	0,0037665124441957631	21710	0,00016704073417389223
21720	0,0058540184865408622	21720	-0,0062626563402416692
21730	-0,018447623968300457	21730	0,008342536274044722
21740	0,012090968125004167	21740	-0,012418219913654974
21750	0,012374809613473644	21750	0,012888658410721236
21760	0,0061531499120859911	21760	-0,002105547776227905
21770	-0,0031464769084418006	21770	-0,0030990388322780496
21780	-0,0068930534024079912	21780	0,00275522472790041
21790	0,011332062375136454	21790	0,00092147632581550051
21800	0,0045131374514409822	21800	0,0028003022663843488
21810	-0,00014109299220514175	21810	-0,00926615605048159
21820	-0,0058469593231130811	21820	-0,0076159767840355943
21830	-0,0046851490550869962	21830	-0,0084095243308851386
21840	0,0026173317242473445	21840	0,0013942342092073217
21850	0,0043921151996246365	21850	-0,007246057704055551
21860	0,013833395226995535	21860	0,014148789651973181
21870	0,0076409035611602148	21870	0,011979727054683718
21880	-0,025188771491949338	21880	0,0068954322993421656
21890	-0,0082360217639755647	21890	-0,00429973770213679
21900	-0,00813663816680743	21900	-0,0053999720152565159
21910	0,013079498266251292	21910	0,0014035904017165835
21920	-0,012834011081603836	21920	0,00799919749876735
21930	0,0070153412994660011	21930	-0,0074437479652029034
21940	0,025490515416361392	21940	0,013229247234491644
21950	-0,00074559351399753552	21950	0,0016916301667992788
21960	-0,018462776416591654	21960	0,0015806588822445504
21970	-0,020989408975130151	21970	-0,0034575549878618325
21980	-0,013869059312712529	21980	0,0063617111728160626
21990	-0,0099632183313855364	21990	-0,0047645282525079925
22000	0,021809093667273384	22000	-0,0070492370295739907
22010	0,0035987995244951532	22010	0,0041851413752446234
22020	0,0071153554525660526	22020	0,016774300218262431
22030	0,014809905956077186	22030	0,005083042050475153
22040	-8,87282370202947E-05	22040	0,0021982293585444631
22050	-0,0071531372473452861	22050	-0,002045360679442383
22060	0,0063569351320321935	22060	-0,00041259814572564528
22070	0,01346341457991251	22070	0,0021325768432003994
22080	-0,0059526405958410088	22080	-0,0063787222128150007
22090	-0,0053027065610424182	22090	0,00045145844785475465
22100	-0,015336636759196344	22100	0,0098773006120220028
22110	-0,0039255929202914276	22110	-0,0080612973805999286
22120	-0,0028170560475195565	22120	-0,010359235005990466
22130	0,000307522074970058	22130	0,0010097195022656395
22140	0,0022292144068779517	22140	-0,0077289423024452623
22150	-0,0027445587572753581	22150	0,003879677358840468
22160	-0,005789380669252245	22160	0,017454995505352389
22170	-0,0015223142293626817	22170	-0,00010298217591358299
22180	-0,0042130992934290958	22180	0,00094584634518304965
22190	-0,0052054987438657713	22190	-0,0041056234706348107
22200	-0,0043742563693486185	22200	0,00079490385216801336
22210	0,00788841294296692	22210	-0,007572086510061366
22220	0,011653029325760489	22220	-0,0085788784516353384
22230	0,011074106081006592	22230	0,0028614639280466312
22240	-0,0033887149154999186	22240	-0,0039427732734220473
22250	-0,009563601979854508	22250	-0,0036947818825575985
22260	0,0035429280684764627	22260	0,0032805325546273346
22270	0,00026142164813754804	22270	0,0074973535364307418
22280	-0,012446251897396045	22280	0,025863220889946411
22290	0,017804416780042895	22290	0,047035735291996235
22300	-0,0094637845768240688	22300	0,11948818245624809
22310	0,0019638326163986071	22310	0,1868466088110351
22320	0,0050836711764998639	22320	0,2764482421304198
22330	-0,012146474360694973	22330	0,37049167228899371
22340	-0,014383872959851364	22340	0,38406145677698217
22350	-0,016093909271938267	22350	0,39336545538317164
22360	0,036029992195671545	22360	0,36368014343938238
22370	0,068819514531973061	22370	0,2944493240456314
22380	0,055841756312609014	22380	0,35598773345414814
22390	-0,0286562154931346	22390	0,28339037347925106
22400	-0,025234135101366365	22400	0,16424633541668041
22410	-0,058863431193182977	22410	0,33498618167509719
22420	-0,028455753634255742	22420	0,23975002725576089
22430	0,077851890313280214	22430	-0,23029761913690111
22440	-0,13430043578583314	22440	-0,39914357738584905
22450	0,019948494153882185	22450	-0,66255044403638808
22460	-0,15254758665845619	22460	-0,15027956689617766
22470	0,18532542750005504	22470	-0,57095953698473856
22480	-0,14125991777560407	22480	-0,40738925685314414
22490	0,085950832718930933	22490	-0,64057976339098721
22500	-0,089800951331295925	22500	-0,045087103837533678
22510	0,16285799116047744	22510	-0,41846394712821472
22520	-0,025303608871101377	22520	-0,39376524611211072
22530	0,051355910033398081	22530	-0,393500948795161
22540	-0,10934723813285689	22540	0,13762602972449109
22550	0,016615114433598574	22550	-0,035407408510399592
22560	-0,089381049311857155	22560	0,010299912816743426
22570	0,029793384327965352	22570	-0,016198093767679677
22580	-0,048852136400664943	22580	0,31503169929864894
22590	0,11508919997508099	22590	0,0420907384071896
22600	-0,014404321810423159	22600	-0,073562672468285031
22610	0,050936323077259656	22610	-0,22842051325201532
22620	-0,039275823416648009	22620	0,13784043003176463
22630	0,11087786808198058	22630	-0,15975899024519266
22640	-0,12152668656202476	22640	-0,12441388751109772
22650	0,087397041103687012	22650	-0,32505326252284722
22660	-0,14695579619181778	22660	0,36091254286882457
22670	0,17771024918425046	22670	-0,10855508168931587
22680	-0,14438750043848772	22680	-0,016859615978716609
22690	0,08517045716438644	22690	-0,36233382534997494
22700	-0,084590128489758262	22700	0,1700046617428233
22710	0,15686920927982326	22710	-0,28278181401900421
22720	0,010288402243244994	22720	-0,39608374509323935
22730	-0,041856297504218536	22730	-0,46808422060976151
22740	-0,052250157308678685	22740	-0,29985276892917045
22750	-0,064085198611697342	22750	-0,11016708721135611
22760	0,033155252725182313	22760	-0,36351073331130906
22770	0,0085371782815895671	22770	-0,41612592595661813
22780	-0,03162621775607833	22780	-0,40363760414087119
22790	-0,043605856408219984	22790	-0,34855696178608975
22800	-0,003234302191265612	22800	-0,21147573204033948
22810	0,016550501573459785	22810	-0,06583974244012214
22820	0,03840548221236019	22820	0,09119916946156921
22830	0,043895690992945616	22830	0,23167279513396083
22840	0,032095874225329883	22840	0,31329893828645267
22850	0,018761110061510638	22850	0,35484573571867234
22860	0,0020566684566706694	22860	0,36815737667350124
22870	-0,014510948044731728	22870	0,3723689978412148
22880	0,0027539997852927493	22880	0,36405234149703947
22890	-0,031135072669345176	22890	0,35657699413341865
22900	-0,034726497022140736	22900	0,35086727692954822
22910	-0,0099970860406577589	22910	0,3139310754458508
22920	-0,019508778334241379	22920	0,2662586449066569
22930	0,0075674942316004256	22930	0,1960488706992414
22940	0,0007307535858120613	22940	0,15501189400607193
22950	0,023944224020469349	22950	0,11663610600387568
22960	0,017183630340667173	22960	0,065400358597713634
22970	0,0011000332327327218	22970	0,034626732244088493
22980	0,0029046157368072855	22980	0,024124579588626762
22990	0,0067547737498099012	22990	0,029649591324953282
23000	0,0004229437344842222	23000	0,024795902929005013
23010	-0,020643100287340066	23010	0,025724812947594343
23020	0,00601167012225874	23020	0,034855048148919029
23030	-0,00695244984974786	23030	0,045706272575489745
23040	0,0012341683377723443	23040	0,015432415223154519
23050	-0,006980247235869267	23050	0,010443029497134104
23060	-0,0091223424850660189	23060	0,01051028818104913
23070	0,011404544904473374	23070	0,012479425827912604
23080	-0,003377014512709334	23080	0,013929741759790709
23090	0,0073993352157331873	23090	-0,0019467772103804208
23100	-0,011471416224255338	23100	-0,0013299043317532191
23110	0,00029930017079049124	23110	0,00988055172121186
23120	-0,00013656623121739741	23120	0,0019184436817436322
23130	-0,00517118078338171	23130	0,014017730552494728
23140	0,0008856490274239744	23140	-0,011885249425287996
23150	-0,0056397333226773805	23150	0,0012792410003885839
23160	-0,00412950358124255	23160	0,0072707190225397367
23170	-0,0087981696057927491	23170	-0,0053121461380496041
23180	0,00609426647924196	23180	0,00037017184601316857
23190	0,0045934377150625462	23190	0,0076974829127141346
23200	-0,00749732609959416	23200	0,0033446303781155418
23210	0,014436487991222182	23210	0,00092539342420227492
23220	-0,010442215330353983	23220	-0,0067947900719736026
23230	-0,0053575711543011528	23230	0,013067850521065976
23240	-0,0013431137176665566	23240	-0,0054222854122775261
23250	-0,012360732577069777	23250	0,0033689574078957303
23260	-0,0034509165094654252	23260	0,005450433858708803
23270	0,012351103240411559	23270	-0,0049495534118081741
23280	0,010828942126244311	23280	-0,00340069986737679
23290	0,0035229291332641768	23290	0,00069381062235693888
23300	-0,0033670249081797577	23300	0,0013192299283528465
23310	0,017341478654136346	23310	-0,012455408370229003
23320	0,01118893248614415	23320	0,0063254907235106416
23330	0,0070477266890064281	23330	-0,0040724003808099291
23340	0,0039749098496516073	23340	-0,0063818160832951835
23350	-0,0093113586582481474	23350	0,0068468237104221084
23360	0,0039129347522407175	23360	-0,0075220622094238059
23370	-0,012583525200680019	23370	0,0052739423274938742
23380	0,0082951294439902561	23380	-0,0012233461996187603
23390	-0,0091567281821326365	23390	-0,00754656230583647
23400	-0,01036284925151244	23400	0,0036675497683724442
23410	0,0054811648161589427	23410	0,01947397003930923
23420	0,0091352093202580874	23420	0,0040866688473371708
23430	-0,0081329869868151487	23430	-0,012767294351339782
23440	0,016660579536343766	23440	-0,00030048709385266273
23450	0,00047258198626002744	23450	0,0010155512054277273
23460	0,00082874186676965944	23460	-0,0098803591885704752
23470	-0,00748132235014154	23470	-0,0104725953253666
23480	0,009897701021307494	23480	0,0044978815303538628
23490	0,00053778710752068189	23490	-0,0011100782599805371
23500	-0,0010331465632311657	23500	0,009503010707429602
23510	0,0088448588833505478	23510	0,0066728874481379215
23520	-0,010323068349160821	23520	-0,00063566981100731019
23530	0,0045532429112113909	23530	0,007294859196739569
23540	-0,0027641766915638818	23540	-0,0032646780211718642
23550	-0,0020115201385938137	23550	-0,013740546144521599
23560	-0,015339140761742731	23560	0,0063113988103524823
23570	-0,013368482029320903	23570	-0,010752549514949064
23580	0,0035710002389880073	23580	0,0022290596632345617
23590	0,00097503143339266953	23590	0,010297510252204042
23600	0,000869310855811003	23600	-0,00099878769733777054
23610	-0,0044153818540962776	23610	0,0025012735305439595
23620	0,0094484755072527533	23620	0,0015902623623063482
23630	-0,016225367029136045	23630	-0,014374381876152264
23640	0,012745106994031525	23640	0,0042409718673918
23650	-0,0071490126923398553	23650	-0,0020968493975869976
23660	0,0127671527181216	23660	-0,0019397626947870793
23670	0,00697985462870877	23670	0,0072053343663800676
23680	-0,015939188945190259	23680	0,0011542484440769368
23690	-0,012262134420566995	23690	0,0016409083065451846
23700	-0,0061062164977069462	23700	-0,0030381099017870537
23710	0,0047138645450689742	23710	0,0018967075460513279
23720	0,0083755541320360127	23720	-0,0030670645306498075
23730	-0,0025307771459584971	23730	0,0050941003306113619
23740	0,00060161519067250307	23740	-0,0014180838048379568
23750	-0,0014718727932845495	23750	-0,00086894067816272152
23760	0,0010020808822137147	23760	-0,006901539081311016
23770	-0,020268629196812868	23770	-0,0044733795500124492
23780	-0,005324663470336998	23780	0,0014125550658195588
23790	0,00220153579848884	23790	0,00050154972578978624
23800	-0,0032675479545192163	23800	0,011445379978043353
23810	-0,0066990991068503446	23810	-0,0099838420593646154
23820	0,01304890712294896	23820	-0,0030212841581707074
23830	0,0051623876413416318	23830	0,0098886673122955959
23840	0,0071064465844753811	23840	-0,0013542939096429117
23850	-0,0095068318222534826	23850	-0,00071995124832990463
23860	-0,0066780418551699357	23860	-0,0008135223394671277
23870	0,0045483642693894509	23870	0,010288225877080035
23880	-0,0079895371118724363	23880	-0,00994857919402789
23890	0,0014303767341978578	23890	0,0032993564212145804
23900	-0,0031007216934863632	23900	0,005845890706565251
23910	-0,0063900423287463629	23910	-0,00263303256114257
23920	-0,0012715076984547958	23920	0,0071070722121040044
23930	-0,00277818967596548	23930	0,0060326928342056716
23940	0,0052968491586583939	23940	2,2429842775580465E-05
23950	0,0016389841754228046	23950	0,0077954949197357832
23960	0,010502733623634115	23960	0,00011984174013256073
23970	-0,0013597521881770693	23970	0,0069342392669836991
23980	-0,020343769624024167	23980	-0,0022990528759736129
23990	0,0076553798649624041	23990	-0,0019732199521375659
24000	-0,0052444818637429414	24000	-0,0038266373718372913
24010	0,009730929442043566	24010	0,0028221403180341189
24020	0,010009204792833132	24020	-0,0040596085795692851
24030	-0,001618996876738311	24030	0,00032939561124260662
24040	-0,0023409549729420122	24040	-0,020835570510966153
24050	-0,0054991407769873091	24050	0,0069030792500574594
24060	0,0020782924327186264	24060	-0,002659061686309461
24070	0,0022782099375057963	24070	-0,0036519360075234785
24080	-0,0048364562911902536	24080	0,0023697588831022437
24090	0,0012860976811817086	24090	0,017277780918591928
24100	-0,0031614154403920192	24100	-0,00895222352999822
24110	0,0019343424125012406	24110	0,00065696175235608017
24120	-0,0045086405929092585	24120	0,00377852172593253
24130	0,011007192062851879	24130	0,003747332175823904
24140	0,0017104630497326416	24140	-0,00028464300235543042
24150	-0,0074024837114960856	24150	-0,013627988335273839
24160	-0,0010649348781044427	24160	0,000545902589035386
24170	-0,0098560208093774263	24170	-0,001531009102729277
24180	0,0044356683692480534	24180	0,010073487432988545
24190	0,008215135933896606	24190	-0,0090892850197310422
24200	-0,011395831424775595	24200	0,011039299063724566
24210	0,0092149909454696168	24210	0,01030677338773141
24220	-0,0026620384928217676	24220	-0,0016897220452651025
24230	-0,0020594982160194227	24230	6,2560929682208E-06
24240	0,0020197736475099023	24240	0,011027166837337146
24250	0,0050917002080862394	24250	-0,0029054792518533328
24260	-0,0054221693908208654	24260	0,0049802323502737521
24270	0,0037986840072467831	24270	-0,0041678369116355789
24280	-0,0030259115461882258	24280	-0,0032309054207722283
24290	0,006318477543802891	24290	0,01064038430695103
24300	-0,0026910297070347291	24300	0,00075726410049595423
24310	0,008549755801166254	24310	0,0050949245417952916
24320	-0,0097987881885514272	24320	-0,0015413725553259448
24330	-0,0019471039466820792	24330	0,013792005257020328
24340	-0,00073323623428038292	24340	-0,015615615122455828
24350	0,0081527259588582771	24350	-0,0036583447147771884
24360	-0,0086401816825626889	24360	0,00093841008889862119
24370	0,0056130896507357291	24370	-0,0052504084148070332
24380	-0,016848539985127562	24380	0,0096451384556126511
24390	0,007149341907193873	24390	-0,0026045938582664827
24400	-0,004273095695221509	24400	0,0039495944398482028
24410	0,00784264842281686	24410	0,01975391900902377
24420	-0,0004029272668749042	24420	-0,0011947387910453029
24430	0,0072880960354392184	24430	-0,0034666280126708811
24440	-0,0015694080315008627	24440	0,00013356386495167672
24450	-0,020370385655315897	24450	0,0044843970933932092
24460	0,0083799462422103309	24460	0,0020023862827494485
24470	-0,00023028182196434361	24470	-0,0032060402276021987
24480	0,0018809754664841924	24480	-0,0035420702128142203
24490	0,001135126417130345	24490	-0,00060457145152464442
24500	-0,010810848207579564	24500	-0,0026942291611141934
24510	0,0067735043914383189	24510	-0,0037915128911758817
24520	0,0020117631779711528	24520	0,0043638891908425112
24530	-0,00762239225313122	24530	0,0049746132930461552
24540	0,014834280298021935	24540	-0,00078787655180050889
24550	-0,010198708470321217	24550	0,002573189706156481
24560	-0,0098619352757563627	24560	0,0025877483174065233
24570	0,0039157238696397919	24570	-0,018767101885235921
24580	-0,002694540985411159	24580	0,016293273969741971
24590	0,0029751298923596649	24590	-0,0016470175389629762
24600	0,0051874350053560227	24600	0,005225667555586672
24610	0,0073400980720813172	24610	-0,013544953357743294
24620	0,011009236659397645	24620	-0,0093293246940690158
24630	-0,0089815942301857167	24630	-0,0036759473530702108
24640	0,015427668796837074	24640	-0,014658600293847895
24650	-0,015380812048211564	24650	-0,0046917047254155346
24660	-0,0020136825852927246	24660	-0,008743869785137446
24670	0,01051549964932263	24670	-0,001598824915628839
24680	-0,0047148999137676091	24680	-0,001658657488813179
24690	-0,0016655446547210685	24690	-0,012050529225008891
24700	0,00090847449356189485	24700	-0,019821664021109093
24710	-0,00094244026205863771	24710	0,0038910579524577657
24720	0,002798147970961853	24720	-0,0041865162241262422
24730	0,0084820849263765943	24730	-0,00052496002537848793
24740	-0,005058886974538772	24740	0,0019629761224405347
24750	-0,0076135465659846338	24750	-0,010370190143609466
24760	0,0042750599160488855	24760	0,015788511277752729
24770	-0,0014904588272470585	24770	-0,00291636961790835
24780	0,0089515924665242528	24780	0,0079945450123952641
24790	-0,00775636320766512	24790	-0,0040979574782753778
24800	-0,012332950000838552	24800	0,00995750782014623
24810	0,013938981860479096	24810	-0,0039972026532620322
24820	-0,0082091312977226345	24820	0,014992094509459562
24830	-0,012623914045416263	24830	-0,0019762179705494843
24840	0,011573938095809797	24840	0,0062994930500530257
24850	-0,003997665747883114	24850	0,011670036809345903
24860	0,012700945062074981	24860	0,0028977091021175484
24870	-0,0061006474542713747	24870	-0,010931179881669943
24880	-0,0011870586607033511	24880	-0,012621199968537469
24890	-0,0082050126477395333	24890	-0,0012883903023791683
24900	-0,010939490564669195	24900	0,00890824037748428
24910	0,0025220930741888183	24910	0,0041990542604447376
24920	-0,010176815663161046	24920	0,020372101915126176
24930	0,016630278528707028	24930	-0,0024527294685196643
24940	0,0062331734487163894	24940	0,0065023520268792474
24950	-0,0049864774042058324	24950	-0,0027275008265212233
24960	-0,0037703957424571909	24960	-0,0072776092196855024
24970	0,023779446487308079	24970	0,0014333009509432425
24980	-0,015727157575119839	24980	-0,0055453167595858471
24990	0,0092244536907745232	24990	0,0082663670692797783
25000	-3,364692599761427E-05	25000	-0,0053024210973156884
25010	-0,0051578549361109881	25010	-0,010750192309189912
25020	0,00341138341182385	25020	-0,010757585695120277
25030	0,0044041820639179928	25030	-0,00069435099835777453
25040	0,0077024461549515351	25040	0,00870388816402687
25050	-0,0048612678770767626	25050	0,013015563940959145
25060	-0,0067115294362299419	25060	0,0091614342125872217
25070	0,010690630909573524	25070	-0,00052963082391101115
25080	-0,011061629664424153	25080	0,0069148709926096889
25090	-0,013692543149072662	25090	-0,0048802103663242872
25100	0,0034224801031418391	25100	-0,013738173910481011
25110	0,0053964601868115034	25110	-0,0054198304463089469
25120	0,0087483453322701518	25120	-0,00178234250331242
25130	-0,001936077478973505	25130	0,0011057167746254422
25140	-0,0054658404577759808	25140	0,0036665909363119667
25150	-0,0051843539856150506	25150	-0,011624138253261692
25160	0,012059921312378662	25160	0,00087908959872500783
25170	-0,00028070875734218035	25170	0,0016808958790253709
25180	-0,01005225556478819	25180	0,0073540001797188868
25190	0,00081101770333910758	25190	-0,01078124403826479
25200	-0,012697949407469857	25200	-0,0088928541458863433
25210	0,013651565649455097	25210	0,0055664885131124419
25220	0,020995205935310703	25220	-0,0025531780564634191
25230	-0,012320546353214839	25230	-0,00013348626203413274
25240	0,0016984921819411111	25240	0,0057884486964824879
25250	-0,00101964333498441	25250	-0,007872130428671598
25260	-0,0064529204357491555	25260	-0,00030085643809509683
25270	0,01799664119832595	25270	0,00890721406007334
25280	-0,0072336930910171481	25280	-0,0056379288920198473
25290	-0,01716767362045896	25290	0,00074622234632687847
25300	-0,008928673407278093	25300	0,0043777509846658217
25310	-0,0044600407809861587	25310	-0,010033821134374042
25320	-0,0051728091640001923	25320	0,008211899166929576
25330	0,0035736131570287583	25330	-0,0067557183708955157
25340	0,0077191241994965789	25340	-0,00633092121949777
25350	-0,011895734002554744	25350	-0,0017913484489483704
25360	-0,0024599537432567391	25360	0,0016063016963970738
25370	0,0052730818515821206	25370	-0,023138915751314205
25380	-0,0021342694874617388	25380	-0,00500919811094491
25390	-0,0010493115882127945	25390	0,013613789869191085
25400	0,00027395611062277641	25400	0,013201266790779875
25410	0,0012898994749800026	25410	0,0015223899711489693
25420	-0,0094593370598390573	25420	0,00493534828180809
25430	0,0071640556415885548	25430	0,0018823557474105268
25440	0,002165836478517123	25440	-0,0022599085092930397
25450	0,0060297018728491447	25450	0,00468315530489911
25460	0,00098180448071024545	25460	-0,014060028974895698
25470	0,012361698035305102	25470	0,005084828166528374
25480	-0,016550219236876693	25480	-0,0019595303582650571
25490	0,009281078868885715	25490	0,0096194696483017945
25500	-0,0016342287447091138	25500	-0,0078189857608805223
25510	0,017502394831427796	25510	0,0017734461718755836
25520	0,012830298865135084	25520	-0,00265386125064724
25530	-0,010975086961187671	25530	-0,0024587674926066921
25540	0,013618750872899913	25540	-0,0030691011969244497
25550	-0,0003606473886153785	25550	0,0058640099242895588
25560	0,012526774559366044	25560	-8,4688856998621485E-06
25570	0,0087514083184452984	25570	0,0044292692519486152
25580	-0,008411683368425368	25580	0,0029122261302680758
25590	-0,0053958619074940583	25590	0,0049422694021076892
25600	-0,0060128188612790755	25600	0,008685813326232375
25610	-0,0033563558656484814	25610	-0,003377216873022192
25620	0,0047203129014347584	25620	-0,0067261632122483294
25630	-0,00604355513900869	25630	0,015043541758244457
25640	5,1718338640817782E-05	25640	-0,0029597756772645587
25650	0,0013922576658499774	25650	0,010383778441041831
25660	0,010785571751417524	25660	-0,0028068436071562192
25670	-0,0073484790584464593	25670	0,0135032338938427
25680	0,00572659284422378	25680	-0,0037106945274076649
25690	0,0069826516464595754	25690	-0,0014954171251788746
25700	0,009976815872076869	25700	-0,00039133739489116882
25710	-0,0043021984130242313	25710	-0,0093822194925782584
25720	-0,0014115199279648035	25720	0,0072103068616806206
25730	-0,0083640146705926555	25730	0,00037780559934884919
25740	0,0023390924618807572	25740	0,00021672365033387857
25750	-0,0064378792954342748	25750	0,0090359475077182068
25760	0,0053905962241465131	25760	0,000552606746354975
25770	0,014682768500628133	25770	-0,0043224652107314411
25780	-0,0090480107866465591	25780	-0,0017454778517260196
25790	0,0091761717327384709	25790	0,0011630706499836786
25800	-0,0025110522626910115	25800	-0,0031704697796094135
25810	0,0064571614448287644	25810	-0,004519000763089029
25820	0,011620627775656034	25820	-0,00039340006420317746
25830	-0,017591764636997093	25830	0,012209738549513733
25840	-0,0027204389228921576	25840	-0,0033812551023565066
25850	-0,0080348051655483015	25850	0,0065663163816360118
25860	0,01025865868020915	25860	0,012454141996353902
25870	-0,011050432590978971	25870	0,0058174316780699965
25880	0,011997455776779263	25880	-0,0016569016244177761
25890	0,0016593161688306152	25890	0,006063611538300779
25900	0,0086030165953096573	25900	0,00015941711894648794
25910	-0,000745553622757952	25910	-0,0090025948074350711
25920	0,016548213812515564	25920	-0,0078487523131186079
25930	-0,014334665441144256	25930	0,0058923415871277654
25940	-0,0062070350541296232	25940	0,0073524763828471127
25950	-0,0034961499004761967	25950	0,00036814045960547161
25960	-0,0050173359321092868	25960	-0,00569438061926478
25970	0,0082198988753036783	25970	0,0037618169174434626
25980	-0,0049581928045276885	25980	-0,0026447454548087163
25990	0,007560190074860469	25990	-0,010392992628989049
26000	-0,00017248092107892505	26000	0,016689698896766456
26010	0,011000650090894949	26010	-0,0017664813108926709
26020	-0,00034898544584363529	26020	0,0096499601157831183
26030	0,0074044054412534359	26030	-0,0062816477660494032
26040	-0,0022538616996362433	26040	-0,0058706009681544326
26050	-0,0023646543717152661	26050	-0,0063311231495363539
26060	0,0051999885620164863	26060	0,00026368698111920255
26070	0,0047450984252225582	26070	-0,008728464428859245
26080	-0,015691848792741169	26080	-0,0071201944644682458
26090	0,014175562459988023	26090	0,009039187263051373
26100	-0,0157786673031256	26100	-0,0016572294198787566
26110	-0,00084273029280740254	26110	-0,00010908527801272198
26120	0,0048316837694861066	26120	-0,00053702906873026352
26130	0,013077083735585525	26130	-0,00073018288570369388
26140	-0,00648584536481696	26140	-0,002210479355397461
26150	0,0010588918447229445	26150	-0,00045388233295914432
26160	-0,0061050322158525518	26160	0,0074476370877421989
26170	-0,002471725560935428	26170	0,0062497390419094532
26180	0,00062571689519060839	26180	-0,011475012318562017
26190	-0,00032083252314614821	26190	0,011115126607643015
26200	0,0061558756778315477	26200	0,0093898335132985671
26210	0,009369278268809374	26210	-0,0058889244808564712
26220	-0,021655843370230198	26220	-0,007118927124888221
26230	-0,0058859368718261777	26230	-0,00884989738808656
26240	0,004550492529632748	26240	-0,003763829981676355
26250	-0,004239064438794812	26250	0,0028171679553438949
26260	-0,00671619606669236	26260	-0,0089450893267841759
26270	0,0016511847306719893	26270	-0,0014296628206433308
26280	-0,0081880348529051912	26280	0,0047458579580650076
26290	-0,0025477151729032862	26290	0,00088810534519181419
26300	-0,0046041159625501123	26300	0,0017173612450176424
26310	0,0011857568221179968	26310	-0,0077619984438386186
26320	-0,0020841016054168808	26320	0,013881539216117312
26330	-0,0045859764733162979	26330	-0,0021767303960337262
26340	-0,010891475075612075	26340	0,0067186970266755828
26350	0,014472255405446144	26350	-0,0032759311372936631
26360	-0,02249474021039145	26360	0,0041149623585296563
26370	-0,0055367185598218039	26370	-0,0037658597959054521
26380	0,00035888834614576984	26380	-0,00057027337335551344
26390	0,0089332592935428522	26390	-0,0018839233935474924
26400	0,0033290294253535821	26400	0,0026210153362153615
26410	-0,0063088852012118833	26410	-0,00317608033066957
26420	-0,0014494367063053208	26420	-0,004846532751797623
26430	-0,0026208568586051197	26430	-0,015134698693896572
26440	0,0075489492445737494	26440	0,00702933334954306
26450	0,010457051749670364	26450	0,012001978984016613
26460	-0,005044515521107162	26460	-0,00493636169481456
26470	-0,0036368667324647654	26470	-0,00643386637776009
26480	-0,0061388465356579588	26480	0,0055801147750636033
26490	0,0006765670484465199	26490	-0,011652717052775173
26500	-9,9411894915061924E-05	26500	0,0059319104848605027
26510	0,010342715876065233	26510	0,009703991958042172
26520	0,004139585766673959	26520	-0,010599561735596855
26530	-0,0025849160266439826	26530	0,0025776404575962603
26540	0,013540418059688907	26540	-0,0026850380344840379
26550	-0,0038177761332172273	26550	-0,0023282109984130253
26560	-0,013752629757391294	26560	-0,0013832782648714687
26570	0,0094539685509150029	26570	-0,00034308272706399845
26580	-0,0046719121022816721	26580	-0,00032979925128235487
26590	0,01073676027233411	26590	0,0095745648778564531
26600	-0,0031490044085271764	26600	-0,00772243906710853
26610	0,0020755246357385022	26610	0,0048311090221222963
26620	-0,0078198415898113761	26620	0,0025515350636418446
26630	-0,0032140643922845195	26630	-0,012965774171390885
26640	0,0066488052528476558	26640	-0,0107114044699592
26650	0,009328055494506873	26650	0,0084248593555774614
26660	0,0041315806409529393	26660	-0,0031596763744071907
26670	-0,016369401221049889	26670	-0,0060346784263644914
26680	0,0097321144099255	26680	0,01422649854313808
26690	0,00885717651208765	26690	0,001336362090668584
26700	-0,0037321990686771246	26700	0,012383739430104557
26710	0,0049665908176419679	26710	-0,0006679723516631106
26720	0,0068832675784722174	26720	-0,0036465706018104782
26730	0,0022129646403102657	26730	0,0051467809362151654
26740	0,015413167815124579	26740	-0,0036980629033667211
26750	-0,012173487788729042	26750	0,0073211605285592
26760	-0,0060890376815346363	26760	-0,013347638294031985
26770	0,013490266823027473	26770	-0,0076734874829634354
26780	-0,00515738059912569	26780	0,0050559683707455455
26790	-0,0001804062976932015	26790	-0,009798527707931359
26800	-0,0047328599703115141	26800	-0,002777215819912025
26810	0,00053917699238243875	26810	0,0020644693705957769
26820	0,012501171732927849	26820	0,0022955250223417605
26830	-0,010121644275773955	26830	-0,0021451936275713097
26840	0,00489472893726145	26840	0,001084577843724711
26850	-0,01168835052796716	26850	-0,01036145611201942
26860	0,020274875995680029	26860	0,005511897921247318
26870	0,0018824920822809476	26870	-0,0023613318836175857
26880	-0,0057059986973305764	26880	0,0011712958286335777
26890	-0,0064980411393714844	26890	-0,00198527658512062
26900	0,0070118571107956858	26900	-0,0025885672128709968
26910	0,0012418228390142715	26910	-0,012947885890162443
26920	-0,011041169184727777	26920	-0,01023933077681694
26930	-0,0080227664971329882	26930	-0,00136375255719452
26940	0,00469577607520504	26940	0,011012264207588048
26950	0,0014760281227895547	26950	0,0049364780619838835
26960	-0,00063388349875146907	26960	0,0036683982099556963
26970	0,0052495897030736772	26970	0,0022227311942238687
26980	-0,011257248881707416	26980	-0,0030753128799260506
26990	0,014256480969567007	26990	-0,000949287765561999
27000	-0,0063320536420635471	27000	0,0055716189317315378
27010	-0,0014211861168356354	27010	-0,0047025061858462841
27020	-0,0049646587273304869	27020	0,0032048425759485743
27030	0,0024189307443890492	27030	-0,014843423920059488
27040	0,00012458501077239266	27040	-0,00099620267673199364
27050	-0,0072143788131881518	27050	0,0064113647464020011
27060	0,015816377254483961	27060	-0,003273637803517348
27070	-2,6937175753462243E-05	27070	-0,003512742419113321
27080	0,018749851562064192	27080	-0,012537235448667803
27090	-0,0021547539146279586	27090	0,0060085845678341
27100	-0,018848759104479307	27100	0,0054150251044832723
27110	0,012582439410946474	27110	-0,0013760888811698664
27120	0,0063272877197114406	27120	-0,0027262130967169872
27130	-0,001680122430238105	27130	-0,0061136694806850035
27140	-0,019943542361966694	27140	0,0078203664534075845
27150	-0,0055066726917746382	27150	0,0044473850213374447
27160	0,013887711952199514	27160	-0,0049300729910781932
27170	0,011295039008069241	27170	0,0068334066006956818
27180	-0,0030173604940433698	27180	0,0078763040240911655
27190	-0,007229094364297581	27190	-0,0064803082871198545
27200	-0,010244951224450087	27200	-0,0053249516023533708
27210	0,009468656504769685	27210	-0,0033262152185033807
27220	0,014041501302923429	27220	0,00068645920121472635
27230	-0,013891222034952867	27230	-0,00026158720640701607
27240	0,00626463688805069	27240	-0,003421610375255295
27250	-0,00054681006014402442	27250	0,0011850176384940792
27260	0,01359184276563149	27260	0,0011322010310274989
27270	0,014978191756903131	27270	-0,0089236255845828449
27280	-0,0034919402746773011	27280	0,003518398940397223
27290	-0,0099825624955113077	27290	0,0010736501940375846
27300	-0,00040387475332513787	27300	-0,0076559224132166813
27310	-0,0073077801784161281	27310	-0,00396367224847132
27320	0,0028182591630105109	27320	0,016944443754813802
27330	-0,0051267889762866489	27330	0,0013235823855463587
27340	0,0025969429184857875	27340	-0,0048797954475601054
27350	-0,0062264085424552744	27350	0,00045351588693288682
27360	0,005156338815812617	27360	0,013203112669729591
27370	0,0027333903672283411	27370	0,0036912832666352985
27380	-0,0067430228110199183	27380	-0,0019521877316313909
27390	-0,003219830739076268	27390	-0,013557635547067588
27400	0,0039649007015330013	27400	0,010201272713918571
27410	-0,0050109335719433325	27410	-0,014121054564519084
27420	-0,0099956883524654309	27420	-0,0017086298907813856
27430	0,0026406375317129089	27430	0,00070216819980881856
27440	0,0098355641520720665	27440	0,00036049803988262656
27450	-0,0013240437312205785	27450	-0,011933528079003134
27460	0,0033710898869860687	27460	0,0099757317129279162
27470	0,015547362487945755	27470	-0,0020814148317210798
27480	0,0052170892753180429	27480	-0,00057423125962790514
27490	0,00092398592204994312	27490	-0,012592714407396505
27500	0,0083489261854148462	27500	0,011724726360998583
27510	-0,0013790723390945533	27510	-0,00045830420862481646
27520	0,0043143244688172953	27520	-0,0015824930308503359
27530	-0,0035762830791754414	27530	-0,00857483653856394
27540	0,016448901821003205	27540	-0,0011455500687627563
27550	-0,0074269259441625147	27550	-0,00056528056163144831
27560	0,010748461363286877	27560	-0,0011749114079321894
27570	0,00020806736362790709	27570	-0,0073190137155903848
27580	-0,0015549484448816231	27580	0,0050596443898194279
27590	0,0086120763837309166	27590	-0,015073876319040058
27600	0,0072240894640572782	27600	-0,003793460640247407
27610	-0,0019475007530455704	27610	-0,00975689543632582
27620	-0,0029058579241433751	27620	-0,0018230668309528646
27630	0,0027903070516300909	27630	0,0056180576608574071
27640	0,01309921766619895	27640	-0,0019833246808316531
27650	0,0049467576964555577	27650	-0,00022098362636543777
27660	0,0094546946843067584	27660	0,0097939649264437191
27670	-0,010442100859492794	27670	0,0045435952984056484
27680	-0,0063814017978241575	27680	-0,0029248598963530076
27690	-0,00690035932303594	27690	0,0011282693561722676
27700	-0,000907763609372744	27700	0,010759820134223871
27710	0,0028101646250817346	27710	0,0068067898392242263
27720	-0,015210674270616613	27720	-0,010386060899619789
27730	-0,00876146897423665	27730	0,00958866931207526
27740	0,017922224080505679	27740	0,0030894728198471743
27750	-0,0043637440296919565	27750	0,0053686920446234685
27760	-0,0011076557518599338	27760	-0,0062322583269162363
27770	0,011482058512131054	27770	-0,011034034763390184
27780	-0,02248276028926743	27780	-0,0024829241549404872
27790	-0,0022746606057932714	27790	0,0014775738073030573
27800	-0,0079094974367227532	27800	-0,00253366209863659
27810	0,0073998311583320722	27810	0,018497378311341506
27820	0,0048041407969704073	27820	-0,003867280189674032
27830	0,0048767890015714	27830	-0,0042115750358164093
27840	0,0055596369227890984	27840	-0,0037703243865948358
27850	-0,0033467865769824623	27850	-0,0075273690670617744
27860	0,011427504524899821	27860	-0,0047542654442921809
27870	-0,003626388195804818	27870	0,0094202141403341016
27880	0,001145688532779913	27880	-0,00517521043824663
27890	-0,0071737354802497537	27890	-0,0096229177952749656
27900	9,0879127497845759E-05	27900	0,0032630435809453181
27910	0,00064950235958461018	27910	-0,00076098714909015913
27920	-0,013290145845660923	27920	-0,0039316849976643187
27930	-0,0099435910503268415	27930	-0,0031928165388545432
27940	0,012267900211368884	27940	-0,000547749961420033
27950	0,0090132243345126921	27950	-0,000776934228823059
27960	0,0024322849409208888	27960	-0,0059857146339548405
27970	0,02210588109289624	27970	0,0010508406026527514
27980	-0,017820928105720175	27980	0,010879655307123926
27990	0,0081896102461955864	27990	-0,0045627709387099508
28000	-0,00061225142671389779	28000	0,0085547930270421027
28010	0,013241545274617761	28010	-0,0075148024911061134
28020	0,0076414847720177271	28020	0,0015443056945483437
28030	-0,0063356144981291046	28030	-0,0042954586181054768
28040	-0,0073029825733331279	28040	-0,0095272283151673163
28050	-0,00040069272800618042	28050	0,0059128353929243788
28060	0,0053636981027658194	28060	0,017796147090828725
28070	-0,0079570595530389487	28070	0,0010014836963654161
28080	0,013468272114608708	28080	-0,0061695473187650812
28090	-0,00061566914915483812	28090	-0,00146184785065272
28100	-0,00022287844995667736	28100	0,0014115530271793081
28110	0,0028971025962251018	28110	0,00064200858464076029
28120	0,00917063405138386	28120	0,0046243500201196205
28130	-0,0046226085798153488	28130	0,0060553185114578306
28140	-0,0032622929916229417	28140	-0,005382323656274046
28150	0,010097953239530279	28150	0,0066875677347032949
28160	-0,00908040283605515	28160	0,0099593521430144591
28170	-0,004734422505891336	28170	0,0017863380127510161
28180	0,0082253743457814891	28180	0,028421766798504822
28190	-0,006277838205557401	28190	0,002279228117261
28200	0,0019535690884851806	28200	-0,0023318581282854764
28210	0,0008675392916089197	28210	-0,000984733979306054
28220	0,0005787250264708922	28220	-0,0012272003934918323
28230	-0,0025513864895447573	28230	-0,0026322741193584671
28240	-0,0029174709650173119	28240	-0,012750036462348081
28250	0,0018457524887888319	28250	0,0070784177404905552
28260	-0,0057097869065440825	28260	-0,0032566836144749143
28270	-0,0046218870864874785	28270	0,012473710557734394
28280	0,010556264612827005	28280	-0,012861482034662154
28290	0,012526780762915519	28290	0,0086500217411339883
28300	-0,0025286456130222262	28300	0,0019625008858382125
28310	-0,0097752769300995315	28310	-0,0065707982141388786
28320	-0,0027747688389720862	28320	0,0049032744936000749
28330	-0,014360591493130109	28330	-0,011407048422214483
28340	0,0063863728326136668	28340	0,0035619051325484884
28350	0,0010974779488137532	28350	-0,0013242532946384014
28360	-0,017860844996027542	28360	0,0092398799587412629
28370	0,0031132725934982287	28370	-0,012380056095449394
28380	0,0012082920516535672	28380	0,0083642024975633163
28390	-0,012604714666883302	28390	-0,0044551775521510873
28400	-0,010865716309571422	28400	0,001345978088800783
28410	-0,00067090613273708389	28410	0,0015106429796912459
28420	0,00783414386281424	28420	-0,010639631603111229
28430	-0,01516988370050648	28430	-0,0076161950770167429
28440	0,003587600408020314	28440	-0,0054616694598860942
28450	-0,0081056208373886419	28450	0,00056435428196969378
28460	-0,009501249736984534	28460	0,0088866892343625343
28470	-0,0020120963820140685	28470	0,011793696587783752
28480	0,0073979985360018855	28480	-0,00029738738659393924
28490	0,022214470064652787	28490	0,0067212309380826471
28500	-0,011139079247712813	28500	-0,00504016229498828
28510	-0,0059355591637995156	28510	0,010959385880628591
28520	-0,0030219422401859854	28520	-0,0066203029161230149
28530	-0,015517654652653864	28530	0,0019194231983728995
28540	0,010850181591707702	28540	0,0001889983446523314
28550	0,006493932976207646	28550	0,005275378346902497
28560	0,0014836794663509892	28560	-0,0067516322122420577
28570	0,013623885782950358	28570	-0,004363891386535315
28580	-0,00026222740416641856	28580	0,0057523530018641243
28590	0,00933459060435864	28590	-0,0064005171722820633
28600	-0,013033202069415306	28600	0,0065516166092365
28610	-0,0020946078999134286	28610	-0,010125821368547569
28620	0,0047819627309213944	28620	0,014245920787375681
28630	0,00041086854694493964	28630	-6,6779472376458715E-05
28640	-0,0011263920081463371	28640	0,00047375532200376926
28650	0,011898462098009783	28650	0,0022605909117286069
28660	0,0033328965852868625	28660	-0,00071739910848910569
28670	0,0090321456596989275	28670	-0,0036486961739501905
28680	-0,0098379037098261235	28680	-0,0016319973522127501
28690	0,00892984837719044	28690	0,0059186363026600443
28700	-0,0014034037217255154	28700	0,008046004020988309
28710	0,01490577083592509	28710	-0,0039296285298189805
28720	0,009909444680641491	28720	-0,00910515627237806
28730	0,00011762925074883139	28730	0,014207966992674804
28740	-0,0012402776471842373	28740	-0,0037313177036081436
28750	0,0042358482710951008	28750	0,00844223012328338
28760	-0,00296185151522152	28760	-0,000495339891848045
28770	0,010138364648551456	28770	-0,0010502005306954993
28780	0,010261792759557029	28780	0,00068035071774380149
28790	0,0072948236894474017	28790	-0,009017381961838879
28800	-0,00435207356415215	28800	0,009117590404128106
28810	-0,0063917881522347437	28810	-0,000576931619711806
28820	-0,0015431251616631367	28820	-0,0048505525895363166
28830	-0,015433931160179258	28830	0,011522211585367625
28840	0,0058559347078110868	28840	-0,0038111966295043855
28850	-0,0018475365625266898	28850	0,0088492139256088568
28860	-0,0064221920640984056	28860	0,0072874815699240031
28870	-0,0014657421974515297	28870	-0,0051593830292912847
28880	0,0039386288735319677	28880	0,010355879216493565
28890	0,0043804232975444323	28890	-0,0090078515535778753
28900	0,0058081297732447664	28900	0,0066814829632009277
28910	0,0037321892612891339	28910	-0,0039567137941590126
28920	-0,012179302554567562	28920	-0,0035125693432142891
28930	-0,015199887892481306	28930	0,00068637607178420373
28940	-0,0021869780823151816	28940	-0,0075013398656959621
28950	0,0013116628420170411	28950	0,012052031054309553
28960	-0,0044807568772006505	28960	-0,0027922267376666982
28970	0,017133943168963637	28970	0,0014873248550645321
28980	-0,010363955563420573	28980	0,0023942947590949032
28990	0,0015600536752330063	28990	-0,0044481471774867722
29000	0,0026610442793253996	29000	0,0041564663075862561
29010	-0,0033176106080290203	29010	0,0036928188680296838
29020	0,0024758978356697555	29020	0,0070772291722035171
29030	-0,010592693545200437	29030	-0,00675917873049723
29040	-0,0021263610283029795	29040	-0,0039650056373209371
29050	-0,0063255567403588293	29050	-0,001775604343899931
29060	-0,0011196577164401789	29060	0,00043059904070839828
29070	0,0011869533445296946	29070	0,0037292334286848504
29080	0,00966028372949914	29080	-0,010894224346639364
29090	0,0061147728854009731	29090	-0,0047475374973453667
29100	-0,0060207199216373436	29100	-0,013766175231042423
29110	0,02059376502537567	29110	0,0098897326618268017
29120	-0,0011553974868297942	29120	0,0046012777565189152
29130	-0,0036879874532707497	29130	0,0033268961993895433
29140	0,011917553739509779	29140	0,0072591219033276613
29150	0,0091516435349320909	29150	0,0062461005815256038
29160	0,00371563225497421	29160	0,0022535901122731237
29170	0,0082374081971807889	29170	-0,0074380196450790376
29180	-0,0030809460548185197	29180	0,011347272496399585
29190	0,0028276143068523929	29190	-0,0066809372111025561
29200	-0,012809013926644007	29200	-0,001936062526204909
29210	0,017025655693462882	29210	0,0075821520543154792
29220	0,0051243358841340184	29220	-0,010465006718428028
29230	-0,01282584744006666	29230	-0,0041791355751595212
29240	0,00653425250216764	29240	-0,0046710584969758022
29250	-0,0075514651094031439	29250	-0,003442062885698819
29260	0,0015780519826155387	29260	0,0024066975065296817
29270	0,0087713802530632549	29270	0,0041075623909430795
29280	-0,0073337136380449983	29280	-0,0026827184256215473
29290	-0,0031664969545571724	29290	0,013900898250559107
29300	-0,00069361287339852508	29300	0,0086920951172104379
29310	0,002762928756211282	29310	-0,0054275542768061425
29320	0,0092734680733840974	29320	0,010897372015013545
29330	-0,0099550217276143469	29330	-0,011896572716984263
29340	-0,00057614729385130337	29340	-0,015202131690809351
29350	-0,0023775773637682049	29350	-0,0020334121130216351
29360	-0,011012765123169897	29360	0,004730119981774
29370	0,0065953350089734174	29370	0,00787566044474134
29380	-0,0071178770880577754	29380	0,0050275437987053577
29390	-0,019800650397639404	29390	-0,0083203634058700536
29400	0,007980445016989534	29400	-0,0044248604479381832
29410	-0,0036293107676401764	29410	0,00200586995172178
29420	-0,002850520048015069	29420	-0,004614764200557191
29430	0,0013371895032281936	29430	0,002092419769478045
29440	0,0026086337338076539	29440	-0,0021701292610029231
29450	-0,005929735860688139	29450	-0,0011182758846491807
29460	0,013896275848145696	29460	-0,0047991146465249908
29470	0,0079783684206363031	29470	0,0051826432818964695
29480	0,0009984308382968432	29480	0,0038806809837426217
29490	-0,0050816667691098837	29490	0,0063965604945196266
29500	0,00020966386421489029	29500	-0,001171923676563143
29510	-0,0066769729131676211	29510	-0,0077954170302630323
29520	-0,00015282442269906176	29520	-0,0027975839254792585
29530	0,0011895728283219679	29530	0,013652810968839508
29540	-0,0011199285076292857	29540	-0,010299478275269508
29550	0,00586351600871236	29550	0,012661128791005208
29560	0,00092845118772460448	29560	0,0056040026881093805
29570	0,0057899544976259664	29570	-0,000385463804536907
29580	-0,0080019196954626351	29580	0,0030688721324915957
29590	0,0051277474920295441	29590	-0,016535285141544714
29600	0,012556525877963775	29600	0,0044590731436907885
29610	-0,0001337569306178553	29610	1,8245504170606911E-05
29620	-0,00084963837940615092	29620	0,014064745020195195
29630	0,0073406408660656635	29630	-0,0034910850292361193
29640	-0,017144236994103154	29640	-0,0052723813317581058
29650	-0,0031540133612060974	29650	0,0077249203101036447
29660	-0,00527922158066178	29660	-0,010540002433395451
29670	-0,018165998891566202	29670	0,0045466992266946617
29680	-0,0012216816162997184	29680	0,0049964713974697261
29690	-0,00075188587266865131	29690	-0,0057859315033642568
29700	0,0011049633552002456	29700	-0,00073220029232380168
29710	-0,0029190474807456756	29710	-0,011116645427218052
29720	-0,00040757495742244494	29720	0,007893722835033621
29730	0,0044764361532338409	29730	0,0025247272688617563
29740	0,013403952223319384	29740	0,0014908287420984856
29750	0,0030350719053803595	29750	0,00901267631989023
29760	-0,011354797940232078	29760	0,020513271031031448
29770	-0,012545339080776362	29770	-0,0043090609652386555
29780	-0,00021518066765806611	29780	-0,01071565748059676
29790	-0,0097224206070003483	29790	-0,0094124697472709584
29800	0,017656550974191658	29800	0,012382122342732227
29810	0,0048260302988912323	29810	-0,0072705732784826161
29820	-0,022329368567227423	29820	-0,021144683868307604
29830	-0,014874992094251452	29830	0,0077514088242748623
29840	-0,013605002231176035	29840	-0,0097145436891941175
29850	-0,011160328051791154	29850	0,0064479800293600221
29860	-0,004038878312473149	29860	0,012603517439088083
29870	-0,0070785396352261729	29870	-0,012339118570867794
29880	-0,006948618822905722	29880	-0,0063021492031798887
29890	-0,0014540812189352413	29890	0,0072343658408183537
29900	0,0033369481418590312	29900	-0,00019405918035899283
29910	0,011238133924417254	29910	0,00094271127289205546
29920	-0,0095779502619827723	29920	-0,003345657644213369
29930	-0,0024262017972419615	29930	-0,01285026525762579
29940	0,014094659255314973	29940	-0,000622389044294839
29950	-0,000723281379538473	29950	-0,0077039987483701949
29960	0,0030954795880127738	29960	0,00089267717900527559
29970	0,0032082819746808676	29970	-0,011356171454043525
29980	-0,0070547311050761429	29980	0,016409944813411743
29990	-0,00048566959177491812	29990	-0,0034704218761937152
30000	-0,015863038734251635	30000	-0,0029794600000255683
30010	0,003232739579391877	30010	1,1725626779883973E-05
30020	0,0058450579295864676	30020	0,0015847445877369361
30030	-0,0081756795139676409	30030	0,0094242589613363816
30040	0,013681114670209268	30040	0,0077429939361744315
30050	0,0020026457636721073	30050	0,016358274875226307
30060	-0,0092886236364145142	30060	-0,0062942263801611595
30070	-0,0032865774290677637	30070	-0,0021769399246561959
30080	0,0078358516283274851	30080	0,0053136286707976457
30090	0,0029791378457387913	30090	0,0099989441346538359
30100	-0,001871631112794245	30100	0,021767029386972989
30110	0,00038525160514075432	30110	0,0029939363531851478
30120	0,023996581692479133	30120	-0,0021956142133444396
30130	-0,01325051328812776	30130	-0,00045784148977019105
30140	-0,0067194560897263778	30140	-0,0024425990954681431
30150	0,0017167686145333711	30150	0,0046252329865011481
30160	-0,0062224767557491406	30160	0,0090027253962746186
30170	-0,0055807062440925278	30170	-0,0055225248528091063
30180	-0,0059840022873577326	30180	0,014398923809346386
30190	-0,0058588935197846307	30190	-0,0054426196642806332
30200	0,013022996210507627	30200	0,0041450472670721958
30210	0,018934142447589168	30210	-0,020512552688878374
30220	0,006175570133117295	30220	0,0097145962584163845
30230	-0,00656211635496179	30230	0,014414678591299855
30240	0,0025873165354016376	30240	-0,014183019633123507
30250	-0,0015217814477452461	30250	0,0063609956711850636
30260	-0,013317041413377594	30260	0,0023105412679001679
30270	0,0011998741206009896	30270	0,00051474370294824574
30280	-0,0013312340671368292	30280	-0,0044039858925160134
30290	-0,00056337877001884015	30290	-0,0060253980856067573
30300	0,0091965232496544723	30300	0,00017236209873600533
30310	-0,0010875121321515234	30310	0,0059487277990657355
30320	-0,0055875870008811812	30320	-9,3912187195420655E-05
30330	-0,0032353534414402674	30330	-0,0016944895320188317
30340	0,0031865666140448398	30340	-0,0032332066149763938
30350	-0,010130038031573642	30350	0,0058395292717162879
30360	-0,00059083705486294772	30360	0,0036316773723050872
30370	0,00021158102669070113	30370	-0,0061279790647612341
30380	0,013202400505001209	30380	0,00022495571439833356
30390	-0,013523446567774837	30390	-0,0025290875281726681
30400	0,0012746516641937722	30400	0,0064817410007330925
30410	-0,011715718738863987	30410	-0,001728288947381613
30420	-0,019217825938938591	30420	0,0001133621389095107
30430	0,0030428743622210215	30430	-0,0034807645420584198
30440	-0,0021948509090956919	30440	-0,0001885161475300232
30450	-0,0067374049021015417	30450	0,0013456632073372415
30460	-0,00756167982234189	30460	0,0076077684201959934
30470	0,0050398128203682944	30470	0,004288810740078205
30480	-0,007390492888871023	30480	-0,0014184351766753337
30490	9,2639605461676108E-05	30490	0,0018572089941680837
30500	-0,0010177959422410794	30500	0,0060200139586720925
30510	0,0078028088620258514	30510	-0,0050106760616499017
30520	0,012624596438875577	30520	-0,009461584333174412
30530	-0,010749902922135344	30530	0,0081329823567540746
30540	-0,014657790752233741	30540	0,0047019799795805506
30550	-0,0062335422029803226	30550	0,0011508841982142296
30560	-0,00894685063154282	30560	-0,017875640961982887
30570	0,0089034668698483345	30570	0,0038407100044156677
30580	0,004878563023587512	30580	0,0077603142584266351
30590	0,014670955720921912	30590	0,012743011203852146
30600	-0,0022022600268196955	30600	-0,010020184649100121
30610	-0,00084682988630172538	30610	0,004466537849312534
30620	0,0021878954461509868	30620	-0,00896191114633539
30630	-0,0029388659408174575	30630	-0,0034784220729104668
30640	0,0037693655809764859	30640	-0,00085562506466586982
30650	0,017351953040074496	30650	0,018785740505736788
30660	-0,0010184219454010012	30660	-0,010703965429208123
30670	0,010194395805097786	30670	2,5950161477280692E-05
30680	0,0020280127323117911	30680	-0,00482254660087491
30690	-0,012344464022899975	30690	-0,0094646260727027035
30700	-0,0016325765686373917	30700	0,012673304589490271
30710	0,011646223753680752	30710	0,012484083951403893
30720	0,011104415424545891	30720	-0,0090053889115436266
30730	-0,009101306704401806	30730	0,0046447876676980523
30740	-0,0069329536069158071	30740	-0,0050115105624722522
30750	0,0060781509936786611	30750	0,011166194037035289
30760	6,303076597752785E-05	30760	-0,010334658807721119
30770	0,0048957908809028295	30770	0,0028412579408053141
30780	0,00060432259889881706	30780	-0,0015825402405568508
30790	-0,0031350335734629318	30790	-0,00095103932557738231
30800	0,0043632551682491931	30800	0,0023795844036158028
30810	-0,00032594405336918081	30810	0,007478933528179234
30820	0,011688717756585636	30820	0,0061582728084615384
30830	-0,0038017338646224464	30830	0,007656751107775586
30840	4,427368213778336E-06	30840	-0,0084684244545926574
30850	-0,011974354540541129	30850	-0,0093592108435653232
30860	0,013611482610156147	30860	-0,008788191671605607
30870	0,00024492099295122079	30870	-0,0058472531824264188
30880	0,0042370690269175537	30880	0,0049696639948817638
30890	-0,0063070535165561121	30890	0,0025013646489941426
30900	0,0085241191380883239	30900	-0,0001752103415825426
30910	-0,0011485573116739071	30910	-0,0056953505519060791
30920	-0,0097466216683018969	30920	-0,0033396422731824193
30930	-0,0051290397209746786	30930	0,0049084804189002545
30940	0,007406984253491857	30940	-0,0012658202730815168
30950	-0,0027395905964381312	30950	-0,0049237346227743069
30960	-0,011699946556487985	30960	0,0049543519912766693
30970	0,0091385624563509026	30970	-0,0048890043242037053
30980	-0,00064538261449905224	30980	0,0037525626793305936
30990	0,0041282192631832458	30990	0,0041390074978352558
31000	0,0015355277964939735	31000	-0,0033994707403515352
31010	0,0075612477434907474	31010	-0,0043203507907660626
31020	0,0020084245305081625	31020	0,0071324623497857091
31030	0,0021228628117691164	31030	0,011408567816053105
31040	0,012427041625784846	31040	-0,0048355396777564844
31050	-0,00699529152513047	31050	0,010290998404667396
31060	0,00064936166563045179	31060	9,5917574923042411E-05
31070	-0,012268251429933198	31070	-0,0059158789587123069
31080	0,0040939976617933955	31080	-0,0045772400694310328
31090	0,020132398122953459	31090	-0,0052116340771070019
31100	-0,013444209018649764	31100	-0,0067825409444022674
31110	-0,0049413393223939521	31110	-0,0049375874189779506
31120	0,0050761635984647212	31120	-0,003385459721012478
31130	-0,00028278189462466782	31130	0,0069539542309047485
31140	0,0066002203943953163	31140	-0,0063579053404229421
31150	0,0046350081288738347	31150	0,012822638752377633
31160	-0,0036358727647920462	31160	-0,0099100227072890529
31170	0,0030658225717601329	31170	-0,0006154080096087538
31180	-0,016112721043275872	31180	-0,015518062051398024
31190	0,021486595692326235	31190	0,0054784463675932654
31200	0,01175652167582871	31200	-0,0036341614591843267
31210	0,0072628811290011861	31210	0,00701153303657455
31220	0,003049844253708823	31220	0,0065921037334795195
31230	-0,0010349119511312845	31230	0,0033019980262390665
31240	0,013625936388457879	31240	-0,0051456635085346449
31250	0,0031876006530945889	31250	0,0077184185997443647
31260	0,00048171848500062528	31260	-0,0014947543691750469
31270	0,0015506545027891684	31270	-0,0022084971986863458
31280	0,00089087187033490766	31280	-0,010997605253549488
31290	-0,003376432595323161	31290	0,0024330362416398925
31300	0,0015008219603987122	31300	0,0223894549427258
31310	0,003328532057420988	31310	-0,0084464806935363578
31320	-0,011716966992715423	31320	0,011978874194499289
31330	-0,011335591930122728	31330	0,0038942191479695069
31340	-0,00764365411801549	31340	-0,0074253963281157237
31350	0,010430647421807595	31350	-0,0088394556120655263
31360	-0,00023221761583808772	31360	-0,0077153400872103433
31370	0,00698247030953961	31370	-1,2909204379519579E-05
31380	-0,015242911262962802	31380	9,63932569669466E-05
31390	0,0024758990350112462	31390	-0,0007774524539693456
31400	-0,0023089977452904883	31400	0,00488545933607465
31410	0,0039706875967053228	31410	-0,0061928379736115547
31420	-0,0030340569333645183	31420	0,0056401076686950283
31430	-0,0036980148651319226	31430	0,0020139929375977889
31440	-0,0059862749252448319	31440	0,0065403683664791226
31450	-0,0029792813872917359	31450	-0,0029192056464424289
31460	-0,0046655418279811876	31460	-0,0028001003606202197
31470	-0,0021183794845509992	31470	0,003836500289316321
31480	2,1531483627582447E-05	31480	0,00660376928353117
31490	-0,0062896599107870052	31490	-0,00028147513566623595
31500	-0,0026540583901094386	31500	0,0013746606166592629
31510	0,0041127218956041964	31510	-0,003654114671689297
31520	0,0020028428829351971	31520	-0,0075577035088277515
31530	-0,00765908793428526	31530	0,00015814843917323938
31540	0,0094241730605535336	31540	0,00319404763648846
31550	0,022962906217675865	31550	0,012226732818849173
31560	0,0024083250582282974	31560	-0,016671008269574333
31570	-0,0058184989802881363	31570	5,5610151502756661E-05
31580	-0,0054112851777984288	31580	-0,00987384009910081
31590	0,0086451036178771	31590	0,00520037185301242
31600	0,0044764506627891091	31600	-0,013902179023633337
31610	-0,003459355707030301	31610	0,011619350462725046
31620	0,0026747628046135622	31620	-0,017349087061108413
31630	0,00051896149049874434	31630	-0,0063341529868160907
31640	0,0058931279708669231	31640	0,010950283907541577
31650	0,0082435277051704416	31650	0,013103294947987388
31660	-0,0058188159030978905	31660	-0,005190198939568267
31670	-0,00034064939850085774	31670	-0,012075209725100886
31680	-0,012209076148776425	31680	-0,01114019414636745
31690	0,011287059994618331	31690	-0,0066552383230595921
31700	-0,016858842141616703	31700	-0,013822050027719871
31710	0,020134478542714027	31710	0,0078943992053797287
31720	-0,00063869121277134865	31720	0,0012875290639160629
31730	-0,0034275633383681775	31730	0,00010664461960652585
31740	0,0047026620634762319	31740	-0,0044953800695958293
31750	0,0011210986731269052	31750	-0,00069255382765086315
31760	-0,0070079452598581955	31760	-0,012674710392905172
31770	0,0034013129975505379	31770	0,0092631026034889017
31780	-0,01659722224605599	31780	0,0081324324778244174
31790	0,0087970888577620643	31790	-0,006314558757758576
31800	0,0044313348756936412	31800	0,000108176347636791
31810	-0,013912196114236041	31810	-0,00049101923105158757
31820	-0,000110073023138587	31820	-0,0025595356869849138
31830	-0,0032604354176502168	31830	0,0071880323097369
31840	0,0025681182864032764	31840	0,0021733491691348322
31850	-0,010139986280048464	31850	-0,0026052856262112033
31860	0,011811343294879874	31860	-0,004289089998288623
31870	0,018829277630988479	31870	-0,0036490386859844006
31880	-0,00569870336896063	31880	0,0024759049993561206
31890	0,0074172166730368527	31890	0,00099883554799533314
31900	0,0090338155931841985	31900	0,0091572731099335645
31910	-0,009234268160044053	31910	-0,0001911135064836732
31920	-0,0042659966140802079	31920	0,003910773260291385
31930	0,0046725732852085913	31930	-0,007628314085329521
31940	0,002898161989647873	31940	0,0039653553053458383
31950	0,00026971009917353889	31950	0,011479861862515131
31960	-0,001319472505570476	31960	0,0111557913632215
31970	-0,0082322302797956833	31970	0,00075965644193865033
31980	0,004336871653425025	31980	-0,003850546362564938
31990	-0,0029348099352860869	31990	-0,0080628418608225672
32000	0,0032329243452515781	32000	0,006327965342982779
32010	0,0021419471781684292	32010	-0,018203354905769076
32020	0,001851807938613445	32020	-0,0082419736000516886
32030	0,0026281863956340266	32030	-0,0025091962492208289
32040	0,010870094001123496	32040	-0,00885241299593228
32050	-0,0060740608330234151	32050	-0,00047637318688151535
32060	0,00088023660267012253	32060	0,0016982765023113072
32070	-0,0098681726444909777	32070	-0,014653630723457838
32080	0,00087343251454476318	32080	0,00571292191908506
32090	0,016649366676366639	32090	0,010823120586743793
32100	-0,0093654074965278684	32100	0,0041050317481641707
32110	0,0039894207386603773	32110	-0,01429369218186545
32120	-0,0046191672104432232	32120	-0,01261307052939188
32130	0,0072987237992164482	32130	0,001865550566280554
32140	-0,00024764543914067538	32140	0,0010702401634319382
32150	-0,0011824128014672804	32150	0,0098031360639727928
32160	-0,0094442794348645314	32160	0,0014865585074758812
32170	-0,00011415799715151473	32170	0,0061195255081935964
32180	-0,0058070399070161982	32180	-0,0067667135671295913
32190	-0,012636265021757813	32190	0,0011390786138697818
32200	0,0037434314216111824	32200	0,0012152439884758684
32210	0,0052601856893627914	32210	-0,004636369412544218
32220	-0,0063877163727915666	32220	0,0057512167422028686
32230	0,0068533004525015715	32230	-0,0071772479277804257
32240	-0,0042688696848774965	32240	-0,0062067905705092243
32250	-0,0057334961672003788	32250	-0,007191199791717208
32260	-0,015295780826933161	32260	0,0007220049253807417
32270	-0,0062839299838546355	32270	-0,010561048216521242
32280	0,0085706024130737	32280	-0,0041648123034196839
32290	0,0043470040744284285	32290	-0,0064881132998424376
32300	0,0062260122031237708	32300	0,0019264594091429766
32310	0,014945604905730358	32310	0,0075720688233335111
32320	-0,0075417994969007437	32320	0,0011427935184053727
32330	-0,017394816892530189	32330	0,0066773892166020147
32340	0,014194972292651431	32340	0,0051283570453383226
32350	0,000794773055730723	32350	0,00093189587136937083
32360	0,0015674726993324627	32360	-0,014044770591537211
32370	0,0012308142170495181	32370	-0,0054108473504352111
32380	-0,014206774200127118	32380	-9,0677906950325455E-05
32390	-0,0011272284015736277	32390	-0,009702435569138159
32400	0,0012496358189989371	32400	0,0035620823871480539
32410	0,0083531897229286844	32410	0,0076989985115358244
32420	-0,0020522424646555108	32420	-0,0033215883212515005
32430	0,016996387041362287	32430	0,0049578704187302376
32440	0,01453917578404991	32440	0,00079118213419875614
32450	-0,0018837837850824817	32450	0,0093095644214282337
32460	0,0044040967500306519	32460	-0,00068634633256668828
32470	-0,013394394456283027	32470	-0,011961395374991931
32480	0,0068361580273679935	32480	-0,0084195594471299044
32490	-0,004641398811956703	32490	0,0055797583134321906
32500	0,00054469719593666817	32500	-0,0063577145134123408
32510	-0,00028250081593445632	32510	0,009182900250512405
32520	-0,017865120174047289	32520	0,00074551755678797988
32530	0,010150619678174778	32530	-0,0038685253509537728
32540	0,013898500943100764	32540	0,0015537959362815442
32550	0,0026139546253486651	32550	-0,0015230102201883027
32560	0,0031947470437957166	32560	-7,53954063671593E-05
32570	-0,0060355576235113593	32570	-0,0083261602370004583
32580	0,0059669488954428029	32580	-0,0011852520777324198
32590	0,010150045454689902	32590	-0,0069219302944485859
32600	-0,00093696016324401686	32600	0,012511164614920831
32610	-0,0021391393853672689	32610	-0,0075163062687317091
32620	-0,0073089894585501632	32620	-0,001693622140730775
32630	-0,01756272049707109	32630	0,011719072122951946
32640	-0,011455623947653039	32640	-0,011385665596883112
32650	-0,0082362830611296556	32650	0,018184561937888147
32660	0,00065273431885202256	32660	0,0064604911943235109
32670	0,016956230020461115	32670	0,0036008551746260021
32680	0,0023725546809123406	32680	0,0010916808800522607
32690	-0,0043584953031844433	32690	-0,0025229621904164778
32700	0,013127126607621577	32700	-0,0030330830808462036
32710	-0,0017267075794308554	32710	-0,010457985461375835
32720	0,010702225986325193	32720	-0,0054569564416823112
32730	0,0031328688195553971	32730	-0,010107953891978666
32740	0,0091192745933464867	32740	-0,0018257736930860134
32750	0,0020829461224756859	32750	0,0084701423312032922
32760	0,0011440927445291005	32760	-0,016300807104691596
32770	-0,01089857493105236	32770	0,0047057810645056292
32780	-0,0061167811855752496	32780	0,004755303476682903
32790	-0,0033987374912647131	32790	-0,0057477355855859238
32800	0,0078457217822688035	32800	0,0067168653306772476
32810	0,0073541091679091434	32810	-0,0040573730598829705
32820	-0,017833716846513144	32820	-0,024096437447991653
32830	-0,0052319610871283811	32830	-0,078792018878858713
32840	0,0061514135968794847	32840	-0,12279495540537519
32850	-0,015107535180275179	32850	-0,20309501995158658
32860	0,0008169765434392506	32860	-0,26028961184700805
32870	-0,012336590734453938	32870	-0,37325684942080367
32880	0,017503518245091006	32880	-0,38616597876606762
32890	-0,015393396835112223	32890	-0,43972909350915479
32900	0,018260410410196173	32900	-0,39820397548372982
32910	0,0029804145361907496	32910	-0,30970931481890884
32920	-0,0061827229493253717	32920	-0,32491432863744885
32930	0,12582889532210553	32930	-0,18795604837280511
32940	-0,032751271027676047	32940	-0,18870156981919953
32950	0,01951721848420741	32950	-0,33283410807464558
32960	3,5638368802721572E-06	32960	-0,354811217032706
32970	-0,052019454069403732	32970	-0,13766932232216886
32980	0,086715896063217127	32980	0,12072015395912655
32990	0,044383422585285132	32990	0,17840798984442477
33000	-0,060050881248876205	33000	0,30364092251704666
33010	-0,050297851303524509	33010	0,50683232863868155
33020	-0,049945355664198131	33020	0,6920054655262099
33030	0,071012837868615911	33030	0,17956149841130736
33040	-0,22448119244226475	33040	0,74245546186695877
33050	0,068690086646515713	33050	0,64716782835331177
33060	-0,048737900906522212	33060	0,41147597944649461
33070	-0,084811676425916416	33070	0,22169031487592775
33080	0,072354001409949839	33080	0,16095241789858186
33090	0,040396422899510911	33090	0,063740717795156068
33100	0,010929454973004911	33100	-0,28541201038667646
33110	-0,075931341192571944	33110	-0,054017661216694324
33120	0,036873728664822254	33120	0,085624725924562162
33130	0,053096108336047727	33130	-0,049102284187096716
33140	-0,072538611877948356	33140	0,135109388831381
33150	0,14401040013631808	33150	0,11061916899412699
33160	-0,031845634878795451	33160	0,30160424073297387
33170	0,092748518542550187	33170	-0,18409771023531477
33180	-0,1934566306399092	33180	0,19971915813584024
33190	0,088348433978732238	33190	0,2693379856457141
33200	-0,048617445281619424	33200	0,2084609779775092
33210	-0,052155712261325357	33210	0,27826343857545466
33220	-0,040495817809999647	33220	0,531491560683484
33230	0,065692326816827518	33230	0,56795617222238881
33240	-0,021077617799428565	33240	0,3508361983970521
33250	0,067269259337181767	33250	0,23436793656382837
33260	-0,0173148236481504	33260	0,37018434584831422
33270	0,051085470948758448	33270	0,40800692679501721
33280	0,1438350751195904	33280	0,36087803748846348
33290	0,10583249127138207	33290	0,294451791646002
33300	0,035285415145099162	33300	0,18549207715528135
33310	0,021338819909586186	33310	-0,017094611690782673
33320	-0,016951355532944311	33320	-0,20762257181549071
33330	-0,067669227467946638	33330	-0,32989823144394154
33340	-0,050055713837555027	33340	-0,39888097846366072
33350	-0,035759533839256154	33350	-0,396907762790417
33360	-0,025707733850800024	33360	-0,39558787012552565
33370	-0,015330136602987855	33370	-0,40074808460374389
33380	-0,00467359085452618	33380	-0,37500737427521469
33390	0,015225018577004482	33390	-0,35657885561430486
33400	0,00889861252020604	33400	-0,33436585658103846
33410	0,0067132124751952118	33410	-0,30285600677629526
33420	0,0035158738921360444	33420	-0,25205052555675583
33430	-0,016564977095293022	33430	-0,1893384845386637
33440	0,00030507555368333456	33440	-0,14164733608871813
33450	-0,0049399610858921975	33450	-0,10030515774810701
33460	-0,005351357580895953	33460	-0,0886702258641346
33470	-0,0056413171170997542	33470	-0,072713147274177339
33480	-0,00238098998201864	33480	-0,043623905180321047
33490	-0,0020775850625167906	33490	-0,041916082684505827
33500	0,0026552019237340756	33500	-0,035707293529817628
33510	0,0066934810619766966	33510	-0,031820696956121088
33520	-0,0059405829600096011	33520	-0,034307873103136793
33530	-0,011091571640719567	33530	-0,033202356839980462
33540	0,016522838748095948	33540	-0,028271928905641831
33550	-0,0056916472918289241	33550	-0,034530731183406507
33560	0,0067133291140412327	33560	-0,011533672652563633
33570	0,011311086123685397	33570	0,004829729280032744
33580	0,00874702553851295	33580	0,00064384691446656107
33590	-0,000945830278952677	33590	-0,014736961134902554
33600	0,0010018925409482039	33600	-0,0052342142255365244
33610	-0,0020834502451135429	33610	-0,004489415364782123
33620	0,0051885266654407057	33620	-0,013613806233404052
33630	-0,014662479299658159	33630	0,00055309868782959539
33640	-0,0094652141892698945	33640	-0,005435046556595732
33650	-0,0074018214751990124	33650	-0,0039071247722579239
33660	0,017439115343186932	33660	-0,0072706983363543714
33670	-0,0033781408587514588	33670	-0,0058598870421815163
33680	0,00069983966123012215	33680	0,0046098752252665123
33690	0,0072784602604506581	33690	-0,015300551063709228
33700	-0,012335437849556515	33700	-0,0072944673766910844
33710	-0,013771385768883378	33710	-0,008629542913622416
33720	0,0081930047137025747	33720	0,0060768850746322507
33730	0,0037643183026773155	33730	-0,0041769698898853295
33740	0,011557096003443361	33740	0,006630714563477795
33750	0,0094934627222932576	33750	0,0011647137917052803
33760	-0,0097215460402180556	33760	-0,0069867110723186186
33770	-0,013109965394890897	33770	-0,0038577643102957549
33780	0,018070274910139034	33780	-0,00090343587674793528
33790	-0,0027794755281231407	33790	-0,0070717784960114263
33800	-0,0092554839390584214	33800	0,0011709507947542598
33810	0,0041994887503661333	33810	0,010200623244401874
33820	0,013845165862711808	33820	-0,014316705705285588
33830	-0,0092656847705310311	33830	0,0062700471189765673
33840	-0,001318112360719291	33840	-0,01627977218043819
33850	-0,0045159114861576923	33850	0,0076577949730663826
33860	0,0087664594506401371	33860	0,0066883769426955425
33870	0,00883132422140635	33870	-0,0054239508773827683
33880	-0,0068658144504657624	33880	-0,00057221531148499009
33890	-0,0082160501841515264	33890	0,0012038240480537407
33900	-0,0023741787703267011	33900	0,00481811239075983
33910	0,0058061833510279015	33910	-0,0020942364338726862
33920	-0,0043656248768738975	33920	-0,013151563940476634
33930	-0,0019930567076460143	33930	0,012005775179367415
33940	-0,010189921223793981	33940	0,000837382867977693
33950	-0,012844392422702966	33950	-0,0020770118663457318
33960	-0,0061037669678847837	33960	0,01002726267835681
33970	0,00089134986023274142	33970	-0,0037369033486227931
33980	-0,0051824357339280095	33980	-0,0095509638431848076
33990	0,0061510565975534549	33990	-0,0025663388250605022
34000	-0,0032599425624221367	34000	-0,0034386731319005254
34010	0,0072404567548480011	34010	0,00027357600169821875
34020	0,000140678357305574	34020	-0,000775024770041159
34030	0,0044043085736690012	34030	0,0072716691541384491
34040	-0,0084831614011365523	34040	-0,0033973152125079333
34050	-0,012261359439101286	34050	-0,0087302089888310237
34060	-0,0031196115420915964	34060	0,003143027328635006
34070	-0,0033042866331220357	34070	0,0011966755271285911
34080	-0,00389678121898124	34080	-0,0068094077561623861
34090	0,0019028654498673562	34090	-0,0031793244132491474
34100	-0,00089018844601912363	34100	0,00021456126204081667
34110	-0,00019353335001325847	34110	0,0069021687389950615
34120	-0,0076220342268727521	34120	-0,0025715377218035736
34130	0,0023855466658487664	34130	-0,0019552119777162284
34140	0,0072120599182646395	34140	0,0048368359776251087
34150	0,011200708040920201	34150	-0,0007903012654255125
34160	-0,0068023785600203448	34160	-0,0019660954633907803
34170	-0,0058574932099369663	34170	0,0023231832881880667
34180	-0,0030114084568410278	34180	0,00049877343200551089
34190	0,016299646752278546	34190	0,0036715219445234079
34200	0,0026673788946024366	34200	-0,010386937562407175
34210	0,017908501542006877	34210	-0,0063924521463919826
34220	0,0047112362688202991	34220	-0,0029045318115371948
34230	-0,0021669728428992804	34230	0,001236288553009589
34240	0,0045368987884459129	34240	0,0022876780563297924
34250	0,020603294085348882	34250	0,014748630160571326
34260	-0,0042522484050314929	34260	-0,006341232324646757
34270	-0,003480147664486284	34270	0,0095093542237544987
34280	0,013746114269523177	34280	-0,007896533990772215
34290	-0,011952131625006334	34290	0,0008334778975674403
34300	-0,0070103240691378795	34300	-0,0079088189804901957
34310	0,00957761867076517	34310	-0,0009300472562960067
34320	-0,0020846971690381649	34320	-0,0017165786193122029
34330	0,0082882340843136726	34330	-0,0015818827966239191
34340	0,0032580654860920148	34340	-0,00079791629540582032
34350	-0,015442270145877056	34350	-0,0058310649775356769
34360	0,0044774005747668369	34360	0,00904512050280241
34370	-0,00895173660239573	34370	0,019789894819729915
34380	0,013254571238899246	34380	-0,0041920614472079768
34390	-0,0037497175569371028	34390	-0,0032508060724372764
34400	0,0016921812066908093	34400	0,00035834957456395451
34410	0,009081708953086803	34410	0,0083032839118947922
34420	-0,00074474091004565811	34420	0,0093257633054818038
34430	-0,0021362063785880471	34430	-0,0053516418215365461
34440	0,0015445746484244621	34440	-0,0070097539838204154
34450	0,012167997100167352	34450	0,011685260568079831
34460	-0,0057939526453569135	34460	-0,0024430018788391449
34470	0,0047839504970781117	34470	-0,0044495782416087808
34480	0,00391261324961798	34480	0,018836352134137323
34490	-0,014441807110338059	34490	-0,0010320208771183086
34500	-0,012276048098443508	34500	0,012946230360514682
34510	0,0032701158429993848	34510	-0,0088797375759162283
34520	-0,0028370013239717475	34520	-0,008325611004611929
34530	0,00837981155213115	34530	0,011531877249664724
34540	0,0086717481566002345	34540	0,0048323995105774157
34550	-0,0065360193106206417	34550	-0,01111242703478889
34560	0,014123248117581044	34560	-0,012837974373029876
34570	-3,6954236953453358E-05	34570	0,013610404435553428
34580	0,011339794532047807	34580	-0,0081424697686375627
34590	-0,0064439027906239739	34590	-0,011679372182575407
34600	-0,0040081076693579834	34600	0,00218177726252798
34610	-0,00069046043417023855	34610	-0,0015612172065400361
34620	0,0031657349643032348	34620	-0,0088748007105004089
34630	-0,0076580802622428206	34630	-0,0052392065164191468
34640	0,0044343284761134251	34640	0,0013224131342869947
34650	0,013143338720281027	34650	-0,010517146535373979
34660	0,0032313244693705678	34660	-0,001739203546144116
34670	0,0068201007445627109	34670	-0,0066477406338692332
34680	0,00061895116873747491	34680	0,011435779147140191
34690	0,0031626863863916006	34690	-0,013585770977217653
34700	0,0064304260732927871	34700	-0,0040435745172806977
34710	-0,0048167533939899405	34710	-0,012019931262109448
34720	0,00046378708912714171	34720	0,000692138046490458
34730	0,018793384306692522	34730	0,010409137915373019
34740	-0,0040205573009725864	34740	0,00075923774596877856
34750	0,016993422694259949	34750	-0,0033533504467591606
34760	-0,0046112161831080353	34760	-0,0044245484605770959
34770	-0,00024003200811163115	34770	-0,0058820704639041656
34780	-0,003146228050611806	34780	-0,0029810345816504032
34790	0,0068486349350343452	34790	-0,0019273255017891598
34800	-0,0084410849462037019	34800	-8,0727385029639371E-05
34810	-0,0078606924876705973	34810	-0,0069390709103406391
34820	0,001700328828826689	34820	0,0039471144185025276
34830	-0,0077964419005419434	34830	-0,0042437415276543608
34840	-0,0024649680143047081	34840	0,00087089721820736161
34850	-0,0018361118024027379	34850	-0,00974331923453791
34860	-0,0044365814911782294	34860	0,0023517043223353724
34870	0,0045061877585397033	34870	-0,00031553775960197405
34880	0,00081004281112814422	34880	-0,0024495380819477127
34890	0,0070868510136073521	34890	-0,005170826793736186
34900	0,0096257872634079727	34900	0,0030544703104188877
34910	-0,016271033339710774	34910	-0,0011006875079124876
34920	0,0026040044211796576	34920	0,0012701504603147736
34930	-0,0043325907986262215	34930	0,0039285240852236841
34940	0,002485817716398611	34940	0,00016396443365252942
34950	-0,0043111185576431375	34950	-0,0048972543580114011
34960	0,010444925185750329	34960	0,0073359838413117147
34970	0,0057651460311730525	34970	-0,013272604285074277
34980	-0,004685202935623729	34980	0,0017425176838262672
34990	-0,0009032106799342158	34990	0,0060189492095630267
35000	-0,0049060430733194544	35000	0,010563849778327117
35010	0,003254546629002372	35010	0,0063142303320485151
35020	-0,0017610342771532744	35020	-0,0041047368584155343
35030	0,006417354126509572	35030	0,0072645174731256488
35040	0,009294465485096156	35040	-0,0030130005881761966
35050	0,020968110650710688	35050	0,0005250911649940772
35060	-0,0043997747522989189	35060	-0,0051802328209309785
35070	-0,0060216178674428571	35070	0,002697566295303737
35080	-0,0012084280670612046	35080	0,0073020010611079822
35090	0,0095366847910836744	35090	0,0010512491871798061
35100	-0,00061563016928346706	35100	-0,0072225630538800007
35110	-0,01261189302617477	35110	-0,0011905076983245288
35120	-0,00014724825123949687	35120	0,0016746566895953804
35130	0,0053190483240614112	35130	0,01041452250987385
35140	0,011894268246615696	35140	-0,00332168507615744
35150	-0,010107096700437844	35150	0,00080016625725434624
35160	0,011993205289077621	35160	0,0015154320167650884
35170	0,013341027332082891	35170	-0,015261811500436319
35180	-0,014588719934654777	35180	0,00586014225970899
35190	-0,0026235911086233857	35190	0,0054999194263021349
35200	0,013275130263791568	35200	0,0021251851378358863
35210	-0,0044828384837579359	35210	-0,0017582175895995609
35220	0,0016363628926965015	35220	0,0044348914288504489
35230	0,0042667585286678238	35230	-0,012172909394117082
35240	0,00409419540162746	35240	0,00059358201829611326
35250	0,00466500199596183	35250	0,012963943807687466
35260	-0,0046101769330873675	35260	0,00271093723869143
35270	0,0062982169830002391	35270	0,0052271447370415948
35280	-0,014176274118464128	35280	0,0010219037731473827
35290	0,0076694001385961162	35290	-0,0054248980970369983
35300	0,010057129744305327	35300	-0,0014643886241819432
35310	0,0028237032857012265	35310	-0,0055541083878824643
35320	-0,0054847786783845387	35320	0,011142752260459191
35330	0,00023956383918728971	35330	-0,0036549038877500091
35340	-0,0010532924379576495	35340	-0,00607896705544905
35350	-0,002610474680092731	35350	0,0085734301939402058
35360	-0,00976397751680003	35360	0,0046087404666965365
35370	0,0066744703148265867	35370	0,0053558511434637964
35380	-0,00807843567480731	35380	0,0011949422482293046
35390	0,0022161663535750363	35390	0,0021046160221699973
35400	-0,00053270069047683347	35400	0,0036202819869431226
35410	0,0063635144550354735	35410	0,0094228688380532336
35420	0,0053557735337690076	35420	-0,0088289320539200258
35430	-0,00028012441858970703	35430	-0,013580374750247638
35440	-0,00012190943785397355	35440	-0,011196626658678842
35450	-0,00183752926304276	35450	0,0029453258930221774
35460	0,010036019995042391	35460	-0,0038412373653663769
35470	-0,007181341864603061	35470	0,0042915177080412644
35480	0,0074951843214276746	35480	-0,0042962005049787177
35490	0,0154790395880626	35490	-0,0050582304266215891
35500	-0,0047303639495204922	35500	0,0018494497033081476
35510	-0,0032883239814031693	35510	0,006936906747877546
35520	0,0053814753193181719	35520	0,0021565224330826961
35530	-0,0066489772260084337	35530	0,0066724042977801476
35540	7,907574882112716E-05	35540	-0,0064668164153777229
35550	0,00022311526283224096	35550	0,00094201826426338654
35560	-0,013201098913370332	35560	-0,00094156539853492555
35570	-0,0012486946882266745	35570	-0,0026492768226269625
35580	0,017063711231560946	35580	0,0089283954361490652
35590	0,0035291805059746648	35590	-0,018833839227824813
35600	-0,0059162306203594164	35600	-0,0070351900948416929
35610	-0,0032205527366346168	35610	0,006131657762414147
35620	0,0079112156320553118	35620	-0,00965043964589776
35630	-0,0021543255549171065	35630	0,0010443753902289845
35640	0,016955435636601946	35640	0,0032964113876193719
35650	-0,017782593077469159	35650	-0,0092467950428563612
35660	-0,016939491411584719	35660	0,0073658908391096246
35670	0,015421863790514896	35670	-0,00035304594808788968
35680	0,015280654006781465	35680	0,0032788085710263449
35690	-0,0044121278507738672	35690	0,010769025178647312
35700	0,0022518451322543005	35700	-0,012182736283142865
35710	-0,015361420564578648	35710	0,0012326325292147753
35720	0,00032021090508952392	35720	0,0059111718556775095
35730	0,0026832236304250674	35730	-0,001897585471745051
35740	-0,0043884530587379855	35740	0,00035176383283754909
35750	0,0081809251625160322	35750	-0,0084677799268365814
35760	0,003766637955747958	35760	-0,0031844564217868142
35770	0,0024515590557026468	35770	-0,0035502604150193413
35780	-0,0068047553132572882	35780	-0,0065512795324944558
35790	-0,0056651705532702965	35790	0,0047503135601551236
35800	0,00046056971566982752	35800	-0,0073759003109071953
35810	0,016646826254389728	35810	-0,00768789866068866
35820	-0,0056452826569018356	35820	0,0055368414032131146
35830	0,0002511112864092612	35830	-0,00057608080847995017
35840	-0,0024330352489233976	35840	0,0037305326357756569
35850	-0,0015615897026186097	35850	-0,006144496870650243
35860	0,00077840736571941141	35860	-0,0015415101148099103
35870	0,011849855212355308	35870	-0,0038144794383671863
35880	0,004625769953702453	35880	-0,0017126668195278989
35890	-0,0029606773884468173	35890	0,0035219641230231696
35900	5,7607893775042928E-05	35900	-0,0053091672468474262
35910	0,0045652570516241595	35910	-0,00013185539860899982
35920	0,0089850830243121751	35920	0,011866665671609494
35930	0,0063304650723475372	35930	0,010380579941506381
35940	-0,005587017292308814	35940	-0,0075629453364723445
35950	-0,0068538689183050795	35950	0,011424112898020106
35960	0,0080861308161668151	35960	0,0082338102276424754
35970	0,00090864849871711423	35970	-0,00488710113965417
35980	0,0033163467209989476	35980	0,006296319188992385
35990	-0,0086855796288258947	35990	-0,0077082952581874727
36000	0,0072641927530875	36000	0,0062083123500166074
36010	0,0092804021178200958	36010	0,006823663374152647
36020	0,01055833838991108	36020	-0,0051832328143727882
36030	0,0061429705512005776	36030	0,0049499371657176954
36040	-0,0069929362112173743	36040	-0,0075578265864668856
36050	-0,012337021579752264	36050	0,012913926602925809
36060	-0,0015438313667583	36060	0,0058084858413194555
36070	-0,0014721649044612873	36070	-0,0027558464757735904
36080	-0,001289624390788017	36080	-0,0069558618396766024
36090	-0,00031990309625682783	36090	0,00036226298344222308
36100	0,0072487354277507654	36100	-0,0072651360043435
36110	-0,0088369448238194825	36110	0,0010529027441837748
36120	0,0059949078859844315	36120	-0,0012373438816127458
36130	0,0018081254553246082	36130	-0,00031009211168562514
36140	0,011483472088074397	36140	0,0035949806698681174
36150	0,011743343010197386	36150	0,0048588813611416823
36160	-0,0030002105007077883	36160	-0,0065711721946570363
36170	0,006376264975582459	36170	0,0051174795876675347
36180	-0,0042312779903527914	36180	-0,011709367535113183
36190	-0,010160665088957794	36190	-0,0020425475730268968
36200	0,000685382043704559	36200	0,000974566285565639
36210	0,01022511354451104	36210	-0,0084473374534258724
36220	0,010508302296581996	36220	-0,0039474103181002529
36230	0,0052966806285588558	36230	0,00089279006653470859
36240	0,016629748287147864	36240	0,00011232049151051664
36250	-0,00076453726933610282	36250	0,0059655599143802395
36260	-0,00026066891609195455	36260	-0,0067518507154612278
36270	0,012138014597572706	36270	-0,0077227064036421295
36280	-0,017618937934479148	36280	-0,0027243948210561859
36290	-0,01373950038523113	36290	-0,0011598865062030683
36300	0,0063230497737355416	36300	0,01333297429409498
36310	0,0078669095557307809	36310	-0,0028829321780426162
36320	-0,0043520820499482167	36320	0,0013610644491405179
36330	0,0081992288469243148	36330	-0,0079876484482180512
36340	-0,0037382075117562254	36340	-0,0070289503927534296
36350	-0,0082912970692491511	36350	0,0068114003377256231
36360	0,0081760689394191812	36360	-0,0028158567492662608
36370	-0,0075464573285736747	36370	-0,007951238435739685
36380	-0,0057574092116969714	36380	0,0013958692577738705
36390	-0,0088451731945543254	36390	-0,013901256099503326
36400	0,010078092510966107	36400	0,011645339513842992
36410	-0,0035138513044357736	36410	-0,0029427044303056778
36420	0,0070511313253510339	36420	0,0049227683678911985
36430	-0,00071477463511563971	36430	0,011098736826987775
36440	0,0013076283979163064	36440	0,0010597691115872326
36450	0,0025790603173164472	36450	-0,013508638729768053
36460	-0,0080891633745772476	36460	0,0035348311880798143
36470	-0,0028530607751458235	36470	-0,0018152906733682895
36480	0,010258285787390636	36480	0,0169422318047101
36490	-0,00048882811069927545	36490	-0,01235055507043057
36500	-0,0072342094532691949	36500	-0,0043179324386631024
36510	-0,013302638480205634	36510	0,016429519413345573
36520	0,0077781703755118777	36520	-0,014771070516262815
36530	0,0046479797744203178	36530	0,00062396158243328164
36540	0,0076112937026914951	36540	-0,0035677972214868412
36550	-0,0035308279098408956	36550	-0,00058869732166142558
36560	-0,018031204962534561	36560	-0,013497386532304305
36570	0,0084089999137456177	36570	0,0096716806079857678
36580	0,0010645368188475859	36580	-0,0024258629134513371
36590	0,005176524099473937	36590	-0,016255816539655056
36600	-0,014346641279011266	36600	0,0070049419359121444
36610	-0,01464272629146067	36610	0,011610678857599014
36620	0,019644762973697341	36620	0,0030238795454026433
36630	-0,0060419601305839662	36630	-0,0043627546977426353
36640	0,011092886400208214	36640	0,0049186689028090725
36650	-0,0049547576593725025	36650	-0,0013702048285784158
36660	0,0096330691952981728	36660	0,0049060509319665494
36670	0,0027899421436848077	36670	-0,0078212864560822919
36680	-0,0015055953619313514	36680	0,0048244593866074055
36690	-0,0097215570971177119	36690	0,0032911423411106683
36700	-0,0044901593831769507	36700	0,0019004322456146498
36710	0,0032371800758516233	36710	-0,002055655111172484
36720	0,0021816641996325651	36720	-0,0053802082691056744
36730	0,0068845830888849442	36730	-0,0016833752416298563
36740	0,0030734651243094087	36740	-0,01001891288811853
36750	0,0097073328320025545	36750	-0,010347097271351545
36760	-0,0068052938994579539	36760	-0,015541767222264051
36770	0,012653950129351478	36770	-0,0018105982322755732
36780	-0,00084139689252492734	36780	0,0019764772614600007
36790	0,002640278714414268	36790	0,0058354717223521963
36800	-0,0011174560810664716	36800	-0,0020647389739379364
36810	-0,009326428945383677	36810	-0,0021329586245996783
36820	0,0051924398397427468	36820	-0,0062808515938101691
36830	0,010163375882105025	36830	0,0046592110528442662
36840	0,00014793946719631374	36840	-0,0021009977474608032
36850	0,0079034199330876541	36850	0,0030026450119389064
36860	0,0054545015569303261	36860	-0,0071843989958744019
36870	0,010863998145505111	36870	0,0069956709864310018
36880	-0,0041339659047677415	36880	-0,0035249853330733827
36890	0,013658473311020995	36890	-0,0028662284195190612
36900	0,00873963218868696	36900	0,0022816509253086492
36910	-0,0011612178766127297	36910	0,0036276065930428677
36920	0,0055703850401450077	36920	-0,0072498954523387456
36930	-0,0012746960840033918	36930	-0,0070068562547052522
36940	-0,013535781425880855	36940	-0,023515169633753805
36950	-0,011870583895538765	36950	0,00064829231855482582
36960	0,0027620063886392545	36960	0,0071354292384435787
36970	-0,00044584315467377853	36970	0,0033295487173821913
36980	-0,000331470661730473	36980	-0,0035599145788522586
36990	0,012841237676171759	36990	0,014020704784715765
37000	-0,0026240421302972071	37000	0,011555508539962733
37010	-0,014789777945918761	37010	-0,0068509657074147219
37020	0,0046693576533500059	37020	0,00476075375859581
37030	-0,0091610404531804555	37030	-0,0050455364274122469
37040	0,0075284870302921572	37040	0,00937058097548563
37050	-0,0029615904335318238	37050	-0,0080550102112815821
37060	0,0097159117546025374	37060	0,0065885165935499835
37070	0,0072116210470362556	37070	0,0010106816581690603
37080	-0,00804871582314872	37080	0,01346381396660736
37090	-0,0010436624111859786	37090	-0,0084726119429898127
37100	-0,002000647847590094	37100	-0,0074808019059290345
37110	-0,0076776366642340235	37110	0,0098581731235309056
37120	0,0035429322139358451	37120	0,0031260964659853966
37130	0,0020115567526319267	37130	0,003383080173260822
37140	0,010264859118777924	37140	-0,00064447084317035294
37150	-0,015311830377000107	37150	0,014602386438475043
37160	0,013841330796881461	37160	-0,0016751982039039711
37170	0,01494459729836718	37170	0,016003992088270993
37180	-0,011379014248392196	37180	-0,009290524676817815
37190	0,00090272931308470335	37190	-0,0042269761222590409
37200	-0,015701690498112413	37200	-0,0025753683323982246
37210	0,010633506880757974	37210	0,013270796519400961
37220	-0,007036940034529998	37220	-0,02160785221558905
37230	0,013613571386322666	37230	0,010700657108674877
37240	0,014503993030099797	37240	0,0052582796706496454
37250	-0,0026457453756310919	37250	0,0043002866507641322
37260	0,00504414166372994	37260	2,9617080192142458E-05
37270	0,0062396678818192868	37270	-0,011402945712008028
37280	-0,00034232621860798236	37280	0,00636770357922267
37290	0,0033444575043236452	37290	0,01038170888712602
37300	-0,0007254431165650252	37300	0,0077895453151945781
37310	0,0156949317777691	37310	0,0083160071574186478
37320	-0,0089474492301385312	37320	-0,00076846353202729715
37330	-0,0099109754771947341	37330	-0,011748301213280441
37340	0,0089473197024820435	37340	-0,0040005180442276795
37350	0,0042116124069950947	37350	-0,0065476150256768553
37360	-0,0034046956783911316	37360	0,010979869549786957
37370	-0,002667438783659644	37370	-0,010051638819463983
37380	0,0019167671158613559	37380	0,01147033792701589
37390	-0,0013075205941044902	37390	-0,0017780194353431169
37400	0,0053466785994498158	37400	0,0060561216112356266
37410	0,0060595240691175061	37410	-0,014339569624167095
37420	-0,011886832203754669	37420	0,003145662969917252
37430	-0,0010764407011131015	37430	-0,010608321972162453
37440	0,013490739407293657	37440	0,0035923921264945182
37450	-0,014788060339984786	37450	0,014896776014919148
37460	-0,00057631493931765239	37460	0,0066507347679556029
37470	0,0060783662279078922	37470	-0,0028014628816625318
37480	-0,001877943606697495	37480	-0,0074871870963908859
37490	-0,0017873601791913261	37490	-0,008672654809795264
37500	0,001882903783479075	37500	0,0017056541247085382
37510	-0,0050498218378100248	37510	0,0062996542571011225
37520	-0,0024248954596248571	37520	0,0074142523268599346
37530	-0,010647807432183546	37530	-0,0010635713258282766
37540	0,0075351797654811068	37540	0,002785481249512725
37550	-0,0090623818267209187	37550	0,020276814071369213
37560	-0,00892360621200843	37560	0,065660953215703532
37570	0,020680239277069828	37570	0,12238297995527361
37580	-0,0054049382711314807	37580	0,18717025352464475
37590	0,014963040436056419	37590	0,27582878498712643
37600	-0,0090407735363451421	37600	0,35588613751495529
37610	-0,037133672073172308	37610	0,40558159999082433
37620	-0,0032632489590855096	37620	0,38203410150320183
37630	0,027035656631697314	37630	0,37613001946111269
37640	0,0506317727628392	37640	0,28980320762813122
37650	0,065121856364892525	37650	0,34710756347417054
37660	-0,00955794419776928	37660	0,26533360333665884
37670	-0,02479543836155439	37670	0,13324387685565831
37680	-0,048618387038143571	37680	0,36254131599348843
37690	-0,033226827065950933	37690	0,38671314793623518
37700	0,0823485118974721	37700	0,081355492676680671
37710	-0,11532851992913504	37710	-0,1571238912051614
37720	-0,040683713257451945	37720	-0,29363632788193778
37730	0,013765540149012524	37730	-0,12102898615339713
37740	-0,019323560890801783	37740	-0,45735722222223746
37750	0,033790255697685651	37750	-0,77003632782321851
37760	-0,10957305009876621	37760	-0,2040384588476962
37770	0,18519469832826502	37770	-0,68962117518941968
37780	-0,0058422023462264662	37780	-0,67457549170593467
37790	0,024273604896395285	37790	-0,42593630927728238
37800	-0,025343943460286643	37800	-0,14915074037861248
37810	-0,094536040550374734	37810	-0,12366842156882589
37820	0,039316844817579077	37820	-0,1152206107110882
37830	-0,062468980973609235	37830	0,34172486643691841
37840	0,10104197889254522	37840	0,056297051817468594
37850	0,014119113069824333	37850	-0,14981556725012646
37860	0,0085419513869641958	37860	0,045774585901042331
37870	0,11555212696325518	37870	-0,042888584741486428
37880	-0,15639045363103041	37880	-0,14252824386152929
37890	0,091720265436499429	37890	-0,45392780112729925
37900	-0,12253157762815171	37900	0,264758385505202
37910	0,18106616830436567	37910	-0,30320978553553529
37920	-0,11956609562412709	37920	-0,351924709416586
37930	0,017485374071177496	37930	-0,20683357441545758
37940	0,025234723968941618	37940	-0,18911764387086416
37950	0,0858291301061202	37950	-0,48071236393616823
37960	-0,049925176568683345	37960	-0,52787547936555557
37970	-0,012792625346443126	37970	-0,39590687456733692
37980	-0,081880930651219666	37980	-0,11202204369031522
37990	0,0169037762994073	37990	-0,35516679839712317
38000	0,0033533160950135403	38000	-0,417414562960847
38010	-0,034529232218756638	38010	-0,36273898211995009
38020	-0,073672312172394949	38020	-0,29284274748683248
38030	0,017261405385464831	38030	-0,11604676858117731
38040	0,017242958036171263	38040	0,039001760673067362
38050	0,028452852933135004	38050	0,20749211704996576
38060	0,039287881350324329	38060	0,3210130036313672
38070	0,03409684239962766	38070	0,38735908742024189
38080	0,023421778939338975	38080	0,38902419745236483
38090	0,0015533845660529037	38090	0,38709638348903264
38100	-0,0021205135323951844	38100	0,3711801047331032
38110	-0,030203616743434549	38110	0,36732443680907084
38120	-0,003538360873460948	38120	0,36070423534426943
38130	-0,0085633212848797539	38130	0,35775212539164153
38140	-0,014242440637105794	38140	0,30792887247168116
38150	-0,014225031157756666	38150	0,266311554668264
38160	0,0071489175661065387	38160	0,21275425052503821
38170	0,020896851930595185	38170	0,16312260863769659
38180	0,021470297794395632	38180	0,11659079670186007
38190	0,0023333863939328375	38190	0,079884788052264358
38200	-0,00085423863322232939	38200	0,045760550976218242
38210	0,023258829641510444	38210	0,046028251035021374
38220	-0,0026180489938688297	38220	0,0052291701257588686
38230	-0,0030746502560615	38230	0,020554680520981156
38240	0,0057600255850935806	38240	0,024527811558581927
38250	-0,01312275239369743	38250	0,028639170133795251
38260	0,0090968398168489	38260	0,032037598644973575
38270	-0,0064909373337708734	38270	0,01985884032996563
38280	-0,00075634865977965051	38280	0,025621737126813135
38290	0,020612176403588083	38290	0,0068146672097552461
38300	-0,017766835535274951	38300	0,011139061914909548
38310	0,0026153508125428757	38310	0,00431123713424579
38320	0,012060473881010031	38320	0,0016273053573166976
38330	-0,011585274750997326	38330	0,018680976509384835
38340	-0,00037878496273574677	38340	0,0019998203308173815
38350	-0,013364150443497791	38350	-0,001614113141180856
38360	0,0072173612891030447	38360	-0,0061363244787187255
38370	0,00077638369451815757	38370	0,0041752884711398269
38380	-0,015289449712248359	38380	0,010500838285278506
38390	-0,0016373412196730775	38390	0,00091070560991610356
38400	0,0091688794256552849	38400	-0,0010993635296550064
38410	-0,00217703637581533	38410	0,009911934088209404
38420	0,0091330764808709945	38420	0,0082679532549487615
38430	0,0083672136492476991	38430	0,004561961978700616
38440	-0,021100579393158875	38440	-0,0041227959584591179
38450	0,013681957550350435	38450	-0,0025189759423281323
38460	-0,016420505663158912	38460	-0,00486491247793399
38470	0,0042247069642303865	38470	-0,00592702892641853
38480	0,00056736240358549431	38480	0,0019868772104131823
38490	0,00040292983034151061	38490	-0,00506226075957778
38500	0,0045887026425033926	38500	0,019033533048153868
38510	0,0044936973415211608	38510	0,0092348432050143089
38520	0,006829125746141744	38520	-0,0040705995134294268
38530	-0,0020339320657263536	38530	0,007510480624941248
38540	-0,012920721982645222	38540	0,0015654019601882543
38550	0,0029090137981523777	38550	-0,010957678318368514
38560	-0,0020328241019974304	38560	0,0027343960482251145
38570	0,014598587875799323	38570	0,0072756324637789083
38580	-0,0047974232874436187	38580	-0,0020234225436612245
38590	-0,0050453368295518813	38590	0,0038096551270563549
38600	-0,0079057456144243123	38600	-0,010977826002198047
38610	0,00353994060646749	38610	-0,0012410100545159903
38620	0,0044342672197275942	38620	-0,004638269793843847
38630	-0,0071702434509418678	38630	0,021362468708828512
38640	-0,0067765342846911776	38640	0,0070019446106036921
38650	0,011014481204810807	38650	-0,0035052664731787409
38660	-0,02102703211914398	38660	-0,0096116998257433448
38670	-0,014612694116915438	38670	-0,0033816293778634286
38680	0,0046367245945379693	38680	-0,0049737726519780753
38690	-0,0045045145344077978	38690	0,0024159697909070794
38700	0,0019341261715372842	38700	0,010567084229154318
38710	-0,0077716963746185244	38710	0,007579958534204255
38720	0,00921199663534007	38720	-0,004364821655234147
38730	-0,0050704931852941634	38730	-0,0079392840076574524
38740	0,013110762772156429	38740	0,0078917153974710011
38750	-0,010463603063287422	38750	-0,017310417716199913
38760	-0,0074155868321609652	38760	0,010280682507629702
38770	-0,0036354516138561777	38770	-0,0014823694958751908
38780	-0,0052785072732648474	38780	0,0014733455965714774
38790	0,013363228807454209	38790	-0,0058210658981352869
38800	0,0032816017965464862	38800	-0,012913694491366243
38810	0,0020618668899949769	38810	0,0053280558786261431
38820	0,01002172159959054	38820	-0,0062193697345875
38830	0,0007222289430403086	38830	-0,00028284646347233691
38840	-0,0071386769872406807	38840	0,006198432749065938
38850	0,0048785130546206866	38850	-0,010583380584957124
38860	-0,0014152553303955382	38860	0,0020280151634483141
38870	0,014885382455015658	38870	0,0044110842409411195
38880	0,01774242251482086	38880	0,0060871022403061513
38890	0,020134677957870373	38890	0,016725795624146614
38900	-0,0011767238008775684	38900	-0,01175681923783843
38910	0,0053722588762314082	38910	-0,012252402180459318
38920	-0,00057586066746388351	38920	0,013863213922510772
38930	0,011438174776976047	38930	0,0064381640814897062
38940	-0,0088675438966746047	38940	-0,0069247750052058594
38950	-0,00090287398067078947	38950	0,006806654986679205
38960	0,0033724762066889439	38960	0,002787148572422877
38970	-0,0072695820634148	38970	0,0085090003219924718
38980	0,0063575862442668213	38980	0,0046612671872136077
38990	0,0023642697328407378	38990	0,00083218005018837252
39000	-0,0080229787634296442	39000	-0,013710663855425251
39010	-0,0031391870749716603	39010	0,012620190615959462
39020	0,014174567509390041	39020	0,0099525490664898967
39030	-0,01338715760998541	39030	0,0033913707959187154
39040	0,0054432768649584516	39040	0,013817929220639735
39050	-0,0025580955287355695	39050	-0,014852096584958863
39060	-0,007238767511845017	39060	0,0084120147221382
39070	-0,0061292198900888958	39070	0,0011272506878098861
39080	-0,0006466016563641796	39080	0,0042015049785978208
39090	-0,0053563327093822987	39090	0,0053125877337342779
39100	0,011543034269702634	39100	-0,00041171928306741229
39110	0,0045852249030353268	39110	-0,0052936430939310121
39120	0,010036325663540673	39120	-0,0031877000574883625
39130	-0,0069923024435272294	39130	0,00544096735379799
39140	-0,00011044464248082272	39140	-0,018127039036888223
39150	0,0041586066256202505	39150	-0,004683807541342868
39160	0,00796395914445472	39160	0,013824660340978142
39170	0,0020091258724043324	39170	-0,001383546442240967
39180	-0,0041806619162581366	39180	-0,0028537225147323964
39190	-0,00095829636973288317	39190	0,0060047292443115305
39200	-0,0073900298730725641	39200	-0,0043450743391707253
39210	-0,00037996352573997817	39210	-0,0051434731414205246
39220	0,00029161760145960319	39220	0,0027481358598415231
39230	-0,0064512568199346573	39230	-0,012155293894052122
39240	0,01212265994644721	39240	0,0069756924479262225
39250	-0,00924961890526007	39250	-0,0044861672694919939
39260	-0,0090845953674910159	39260	-0,0032962477030730919
39270	-0,00034510155722751516	39270	0,016620356388650524
39280	0,010446782499310947	39280	-0,006028200164980878
39290	0,00037521849178135492	39290	0,011347361325292031
39300	0,0023385782401908971	39300	-0,010396606828355174
39310	-0,0045089432089746133	39310	0,0101460624950041
39320	0,0077406401518976967	39320	0,00575113977056914
39330	-0,00373863116536072	39330	-0,009851325672012811
39340	0,0067224141217705194	39340	0,0049165320317655836
39350	0,0071125066341899048	39350	0,0022513349117678607
39360	-0,015448561459967357	39360	0,010889571084049117
39370	0,0022452302041356367	39370	0,0024622839542624928
39380	-0,0012499272840158595	39380	0,0030728228276742063
39390	0,0013209129447248184	39390	-0,0084080217975786627
39400	0,0086538556362237371	39400	-0,0074593791240733561
39410	-0,0095254510686721087	39410	0,0052172834458897935
39420	0,0068135143614254769	39420	-0,0061631141048204092
39430	-0,0033322193558066016	39430	0,0036739248033723425
39440	-0,0069594245972702216	39440	-0,0029617125862005955
39450	0,0090493227175707132	39450	0,0018948084854192955
39460	-0,01131940293108805	39460	-0,0078924302464670228
39470	0,010476540893696224	39470	-0,0036461844573426193
39480	-0,0033253506303683824	39480	-0,00175714311457243
39490	0,0031146494642183406	39490	0,0024539826251581106
39500	0,0022267815521560537	39500	-0,00799528329640281
39510	0,011428009199147845	39510	0,0080233527924862651
39520	-0,0037189441496815003	39520	-0,016775659034387311
39530	-0,00022756014842961259	39530	0,0020278569570286852
39540	-0,010094755017532688	39540	-0,00413490120263486
39550	-0,0019039889896926838	39550	-0,0080699610319801083
39560	0,0056340183561961986	39560	0,005266272346649498
39570	0,0040958676933528183	39570	0,013163000921125484
39580	-9,7054019181523025E-05	39580	0,0050034271763584734
39590	-0,0050098622070278006	39590	0,0014886709044769023
39600	-0,0017624668079826429	39600	-5,3264672891658948E-05
39610	-0,01494027379669032	39610	0,0039002296571686349
39620	0,013732079178551132	39620	0,00034459273754192506
39630	0,0027375907150294278	39630	-0,00558833988176343
39640	-0,018594211741706508	39640	-0,01433275124379851
39650	0,00012627316256622371	39650	0,016736951145398252
39660	0,010160192481171618	39660	-0,0036271876970068386
39670	0,00037107452385257096	39670	0,0024466196378196969
39680	-0,0059212452216668718	39680	0,0027907679056901687
39690	-0,00573538682874033	39690	0,0034562859699143887
39700	-0,0018353770475431444	39700	0,00021357884249768579
39710	-0,0038780243431371722	39710	0,0042957920209408347
39720	0,01296395365254248	39720	0,0043757574057502122
39730	-0,0068560142188032009	39730	0,011930330047808744
39740	0,0027021622911628817	39740	0,0016142516188466355
39750	0,0024156502267175077	39750	0,0074105129077479811
39760	-0,011229163334367322	39760	-0,0029122306727185692
39770	0,0047355890115978677	39770	-0,0032121120136860836
39780	-0,017754969364611375	39780	-0,0046197382267433038
39790	0,00845614937847735	39790	0,0019925942211909929
39800	-0,0063536091709698907	39800	0,0071155838021644633
39810	-0,00075076290091816709	39810	0,007334605804466373
39820	0,0024610109743879714	39820	-0,0089833575820215932
39830	0,0090976026000229044	39830	-0,0056540925328235833
39840	-0,0035996388510965943	39840	0,020803269154011813
39850	0,015156700029768625	39850	0,0062379478019876262
39860	0,0049982163557606377	39860	-0,0055766337620632433
39870	0,012393719655044979	39870	-0,0018735187359141547
39880	-0,001547957532526321	39880	-0,0024626469289119263
39890	0,00041923296668456292	39890	-0,00014463300459300371
39900	0,011872176196487254	39900	0,0070803598051653871
39910	0,0038890023821483034	39910	0,0058943274269711516
39920	0,0033214367743831983	39920	-0,0024911325668478227
39930	-0,0077101832126707914	39930	0,010827900429540306
39940	-0,0026640512451072944	39940	-0,021074517368234822
39950	-0,003873283070156911	39950	0,0068761792050179
39960	-0,0070407656350272773	39960	-0,0030172404780210477
39970	-0,0030382853112163348	39970	-0,017037542227556154
39980	-0,014574442346782903	39980	-0,008094204060477745
39990	0,0074430794849414906	39990	0,0083046872255904524
40000	-0,0051862261011995838	40000	0,0015908471614701132
40010	-0,0010833926301570252	40010	0,0023767468479992892
40020	-0,0071630121380124173	40020	0,0064484529467878611
40030	-0,012369498673955828	40030	0,013281052414947587
40040	0,0043132159050636772	40040	0,0027816437447231281
40050	-0,0042529563066700275	40050	-0,0033293060016967319
40060	-0,0090545653572783047	40060	0,0043129148068511538
40070	-0,0081598624485395652	40070	-0,0091143752794353768
40080	0,0014982979482046955	40080	0,012379670858958181
40090	0,0030686375126778073	40090	-0,0033700539860541286
40100	0,010988196326167717	40100	0,011568272837819603
40110	-0,0063041149632860711	40110	-0,00037399172801858477
40120	0,0075854043813827227	40120	-0,0018910145042044702
40130	-0,0069714769183641815	40130	-0,011327426777190706
40140	-0,0100006074371754	40140	0,0035036705748201814
40150	0,00902440724222439	40150	-0,0016312464557815807
40160	-0,010446343799734978	40160	0,0032379438467260296
40170	0,0098537900861422126	40170	0,0019680853739146328
40180	-0,012864348191133719	40180	0,0082201927098977685
40190	-0,0066395847537308221	40190	0,0039973498318193095
40200	-0,00075541302274398467	40200	-0,008013305922635789
40210	0,0041572459449099528	40210	0,0016625098121862952
40220	0,0046494626085600375	40220	-0,0072345452171262347
40230	0,0036179727012322117	40230	0,0024673148750757878
40240	0,011942269846714775	40240	-0,00034419254612687224
40250	0,0013874521950342957	40250	-0,0054995243993225217
40260	-0,019653053218190639	40260	-0,0032933044136573279
40270	0,0014718612072792707	40270	0,0062969262977902183
40280	-0,02288665653422146	40280	0,0050022719503795476
40290	0,0031279112390956388	40290	0,018851857353782326
40300	0,00015975206217021604	40300	-0,00054890067992307363
40310	0,0035924739425681009	40310	0,00070344022909782638
40320	0,0021292497444814367	40320	-0,0024319846370535409
40330	0,0050070980313423746	40330	0,00678375762918383
40340	-0,0019514307229117976	40340	-0,005576106710477864
40350	-0,0058372605670281895	40350	0,00069416013648056067
40360	-0,010224815089510555	40360	0,011077744625522874
40370	0,0066136894192319233	40370	0,0019760908994991481
40380	-0,011221296710144381	40380	-0,0080273989538034614
40390	0,0037906097372660745	40390	0,015368801221767136
40400	-0,0026919422871904755	40400	-0,0047657669717301029
40410	-0,011186107402903213	40410	-0,016897342149124268
40420	0,0025689810438128437	40420	0,012728689793970856
40430	0,00525210100646386	40430	-0,0012306687259429577
40440	-0,0073227456760844344	40440	0,0043714870192777724
40450	-0,0010871824737582337	40450	0,0049471306994184209
40460	-0,0043077056583305266	40460	0,0012509113301378966
40470	0,0029497402091128479	40470	0,0026204792211524672
40480	-0,0059865171777728089	40480	-0,0017160314962122246
40490	0,015757411311576954	40490	-0,00059861856236346849
40500	0,0071101311419917912	40500	-0,0061416485513297661
40510	-0,0021563579395942668	40510	0,0035036208495745143
40520	-0,0034165853711923449	40520	0,0014737997699808137
40530	-0,0044322093545748065	40530	-0,0010571960629759886
40540	-0,0024554214954899821	40540	-0,003154715911968664
40550	0,020952832742911293	40550	0,014308083054967981
40560	-0,00016407737264673695	40560	0,00074203946799059528
40570	-0,0029374846949599604	40570	0,0077124986920429975
40580	-0,000663450567204392	40580	-0,0057696677008798707
40590	0,0090448844916315857	40590	0,00567579390243179
40600	0,0020025543909483975	40600	-0,013813019802326611
40610	-0,0021097071593176859	40610	-0,0049748852449826809
40620	0,0031672608394866589	40620	0,013098401635161841
40630	-0,0055263427024771529	40630	-0,0036138244980344486
40640	-0,010722854087122754	40640	0,0098275499331126233
40650	-0,012038321414197721	40650	-0,0016859377570464227
40660	-0,0074539788252718665	40660	0,01334514475079251
40670	0,0032434546630952053	40670	0,014477816396947261
40680	-0,0055586827398680285	40680	-0,014733109583477691
40690	0,0023616718963205877	40690	-0,0051982814042664293
40700	-0,0022920397078402869	40700	-0,0068579739970229545
40710	-0,0011832940782328669	40710	-0,0054485574682192617
40720	-0,011941236090140802	40720	-0,000795927716285642
40730	0,0020242283801969914	40730	-0,005861118244251653
40740	-0,0047965122080165425	40740	-0,0061311264236151141
40750	-0,0084622173413045933	40750	-0,00034033641807574433
40760	-0,0052398797521787136	40760	0,005273177031845328
40770	0,0092265467549244723	40770	-0,0006392974328151825
40780	-0,0088564329480336941	40780	0,0020641828190383145
40790	0,0030567271501584815	40790	-0,014938386000650299
40800	0,0067771904482200225	40800	0,0009886800863326997
40810	-0,0069517309343992972	40810	0,0012348908315005845
40820	0,01465010547161996	40820	0,0014897797325268368
40830	-0,0024155676363408125	40830	0,00641771616332816
40840	0,0028073641399309276	40840	-0,011191961085412943
40850	0,0026773775669942032	40850	-0,0081548565200490215
40860	-0,011681563909155895	40860	0,0093013399278394811
40870	0,0011841455901318153	40870	-0,00056679584895881377
40880	0,010725684635061961	40880	0,012042835200580592
40890	0,010208197188310779	40890	0,00061481839838029755
40900	-0,005210532887054314	40900	-0,0022056313454606527
40910	0,0043505306635733144	40910	-0,0014848106245539952
40920	-0,0027614086805177363	40920	0,00625412275667278
40930	-0,010597635858945761	40930	0,009259393789394648
40940	-0,0038479702933789796	40940	0,017736868371455692
40950	-0,0066760851859246533	40950	0,0032191924020913442
40960	0,0058408876379560512	40960	-0,0090551980907102279
40970	-0,00023877373485709606	40970	0,00056617890466266409
40980	0,0044750924858577758	40980	0,0029063669183313832
40990	-0,0097970861314244772	40990	-0,0019996852460113677
41000	-0,00086303518684623039	41000	-0,0048418899969143872
41010	-0,0055938248126162242	41010	0,0029775085242700274
41020	0,0031611915779024245	41020	0,0003857508819744244
41030	-0,0043657757072887368	41030	-7,0596896548103538E-05
41040	-0,0047047098075410857	41040	0,0093975835994606384
41050	-0,00037976337164038988	41050	0,0056498855228113275
41060	-0,010304943238351566	41060	0,0051295132588394321
41070	0,003695272995287195	41070	0,0083936483530286047
41080	0,02272822808571287	41080	0,015319925959239438
41090	0,0053804830614513511	41090	-0,011962405828687975
41100	-0,012801695724099978	41100	0,0047641105319790088
41110	0,0042713316007906	41110	-0,016583557655661357
41120	-0,0063335252125808032	41120	0,0031787998310744158
41130	-0,0095831416585192841	41130	0,0019104901195513215
41140	-0,010059059956350282	41140	0,017317511731499955
41150	0,0026073528473241825	41150	-0,00097016151378806655
41160	0,0045458925558303758	41160	0,010051429043233362
41170	-0,0080225454496322436	41170	0,0080522756465804413
41180	0,012642890206140326	41180	-0,012043815994282526
41190	-0,0012325827664344988	41190	-0,00982173556377441
41200	0,0027754117575059536	41200	0,023588276640160607
41210	-0,0091140267441194613	41210	0,0023649664829601441
41220	-0,0085593926381930131	41220	-0,0034013039961562257
41230	-0,0039388872025372954	41230	-0,015563985547085929
41240	-0,0051820148735493088	41240	0,014502946422234349
41250	0,00312325636190169	41250	0,0042224803711848231
41260	-0,00089882930268892554	41260	0,00085064982832840791
41270	0,0025373337207477294	41270	0,002425266832998354
41280	-0,0026871941473803184	41280	0,0012451119241687686
41290	-0,0073860072086489991	41290	-0,0012528482428011973
41300	0,013496615126195342	41300	0,0069207637304112462
41310	0,0078202011510680822	41310	0,0015294785777106486
41320	0,0020498310780608974	41320	-0,012766107681368639
41330	-0,0094569779293612061	41330	-0,0053725588267952845
41340	0,00822073121983183	41340	0,00231830799554267
41350	5,2819663209753476E-05	41350	0,013107104327469638
41360	-0,003821615282734816	41360	-0,0085126807838774785
41370	0,0026112105148179778	41370	-0,0049281766316211506
41380	0,013189291881862629	41380	0,010374803921597073
41390	0,0054740787025877695	41390	-0,0090631823270874053
41400	0,012907522467964287	41400	-0,0085760000475518273
41410	-0,010886901114667009	41410	-0,0037353794810712766
41420	0,0060355243638182008	41420	-0,0095358643582168258
41430	0,0058690883803210791	41430	0,012622809330017311
41440	-0,014836157439200862	41440	0,0079080385770003165
41450	0,02336720615919408	41450	0,012688530976457738
41460	-0,012860091380364645	41460	9,8792725337177052E-05
41470	0,012146023581093308	41470	0,0022746317720811352
41480	-0,0022101867926036453	41480	0,00078139053080129026
41490	-0,00058356226996354775	41490	-0,01281303425819573
41500	0,011670085951038718	41500	0,0020387248482700198
41510	-0,013977397060358797	41510	6,5643392558111582E-05
41520	0,0053432166386896164	41520	-0,00072032810621570822
41530	0,0045939868807194049	41530	-0,0056371374768208974
41540	-0,0045892514533973049	41540	-0,0011782756649101169
41550	-0,0009087963556426912	41550	0,011226988288874969
41560	-0,0091637116049216767	41560	0,001697220745165794
41570	0,0021165570449536695	41570	-0,014671173503861476
41580	0,0067685080860372454	41580	-0,0022014141722897658
41590	0,012790028463674398	41590	-0,00083894292231132244
41600	-0,0020100690109088005	41600	0,0026287546057345438
41610	-0,027782203835195928	41610	-0,013912102731385906
41620	0,00087598884479781207	41620	-0,0034505973638821641
41630	-0,0025436264247893246	41630	-0,00043070857147868189
41640	0,003863335030034163	41640	0,0011557447662999606
41650	0,0015136419596638528	41650	-0,0027597853392247549
41660	0,0030606123154850087	41660	0,0036341832471151192
41670	0,00067340406329165952	41670	-0,0054607608861329728
41680	0,0037991509227802813	41680	0,0046200679198417664
41690	-0,00740464872334565	41690	-0,012753540447895697
41700	-0,0065364651039232485	41700	-0,0030520466658901188
41710	-0,0070663619313100934	41710	0,016383832355281337
41720	0,00639081170201547	41720	-0,010386766001172117
41730	-0,0013062037443158658	41730	0,015796607444466385
41740	-0,006392337350396576	41740	0,012899290247015104
41750	-0,0001542097255779722	41750	0,016246532845226976
41760	-0,0097642268620793966	41760	-4,5480398948082555E-05
41770	0,0036436305570003652	41770	-0,020224527265760663
41780	0,0069239508694064218	41780	0,011915567893049053
41790	-0,0081174780994673328	41790	-0,0098993783557521364
41800	-0,0013451495623968569	41800	-0,0086773233183090378
41810	-0,010821703779504772	41810	0,020829957303418727
41820	-0,005715290728641069	41820	0,0012854402401406475
41830	-0,011687499324982732	41830	0,011089057785642818
41840	0,017284592431914731	41840	-0,0036453581681398085
41850	-0,0024698083892081175	41850	0,0075327959828373836
41860	-0,001992540424867734	41860	0,008095718238454494
41870	-0,0096354270596070973	41870	0,0056392976102703591
41880	-0,0080417555614991244	41880	0,0088100993478015446
41890	-0,0053269810526116014	41890	-0,0038182276377472773
41900	0,012349543346688537	41900	-0,010438757315071462
41910	-0,012865016191190997	41910	0,019956626547926348
41920	0,0021384715923756206	41920	-0,0066676506958461583
41930	0,0060110430115117887	41930	0,0052121529171353272
41940	0,018382799873111672	41940	-0,0052505954583067782
41950	-0,0015688505848627391	41950	-0,0047461582922850905
41960	-0,023886629723069572	41960	-0,0016001779267298024
41970	0,011279431377923487	41970	0,0060121061333463554
41980	-0,00064081251664883324	41980	-0,010384688806588344
41990	-0,0015443170221425926	41990	-0,01941145003981623
42000	0,0052248700397153833	42000	0,016660625340135439
42010	-0,0066661579183790072	42010	-0,00074384469853694662
42020	0,0081774231627255	42020	-0,0081981066845352741
42030	-0,0016039045594938833	42030	0,0021878490382226082
42040	-0,00093564257397977114	42040	-0,010758634409480045
42050	-0,014961910504509526	42050	-0,0022031074840110003
42060	-0,008499094346789882	42060	0,0066993770097674484
42070	0,010595022200024123	42070	-0,00023542748237748582
42080	0,0020261377518201455	42080	-0,012272997825751496
42090	-0,0094046750694512828	42090	0,0045514495409949771
42100	0,004416262387488267	42100	0,0035003048475154338
42110	-0,005518929936075139	42110	-0,006210284120250386
42120	-0,0062517051639410038	42120	0,0070111509896308155
42130	0,0071004707679523911	42130	0,0039050269193198614
42140	-0,0020111518819467531	42140	-0,01230428707080679
42150	-0,0021770136016028797	42150	-0,0086870223068908417
42160	0,0023043061749087879	42160	0,0072718265373986632
42170	-0,0047108609908288043	42170	-0,0014059098317528386
42180	0,0035911084592855145	42180	-0,011669190593124757
42190	-0,011727306211701158	42190	-0,0087807866884201044
42200	-0,016409695725980538	42200	0,012848140052607272
42210	-0,01156618511702899	42210	-0,009698221191519054
42220	-0,00806934890322807	42220	-0,0068125366894901248
42230	0,0010631857019297497	42230	0,0043896346269549809
42240	0,011130913909344984	42240	-0,00944131438262382
42250	0,0073827830378828995	42250	-6,7663251785218793E-05
42260	-0,00884583239164756	42260	0,0075265930952921308
42270	-0,0020069877737160608	42270	-0,0014278544851738853
42280	-0,0033645523740752793	42280	0,00092006059407937976
42290	0,00525882744127507	42290	-0,014624695785359368
42300	-0,0015547361318567212	42300	-0,0038366852738751477
42310	0,010166472662185665	42310	0,0082608235123059533
42320	-0,0060064652715201275	42320	-0,0017289683361584815
42330	-0,00091008084035355114	42330	0,006176504633783682
42340	0,013601222676005909	42340	-0,0057817849847200163
42350	-0,0043234248836206187	42350	0,0088311321368958837
42360	-0,0069273390175771154	42360	-0,0097373117571872385
42370	-0,00053624767941929709	42370	-0,0077903690385942833
42380	-0,015573880829584582	42380	-0,0032771460473429424
42390	0,0046959515003717148	42390	-0,0082943165059458351
42400	-0,0022010767296229312	42400	0,0090324389385365422
42410	-0,0075350701393444	42410	0,0018703278278629995
42420	0,0034864078943259279	42420	0,0036929598930767692
42430	0,0042898769876313792	42430	0,0036143953685396774
42440	0,00785948568385565	42440	-0,0003872300448030852
42450	-0,0022243316954901273	42450	0,0066907910457470864
42460	-0,007055880885183787	42460	0,0031238617311153379
42470	-0,0097278562592258231	42470	-0,00642918602685996
42480	0,0019453357501347079	42480	0,00882265616448391
42490	-0,0015559512879495196	42490	-0,00021068418587500456
42500	-0,0077871283255675121	42500	-0,00024320350552989989
42510	0,0012375715071780342	42510	0,00039260392109457517
42520	-0,013620362668840362	42520	-0,0037203692431008462
42530	-0,0036334625426131411	42530	-0,010676595863233582
42540	-0,000829129044141957	42540	-0,0088189709591070479
42550	0,0034649960484651218	42550	-0,010389548838022919
42560	0,0067511479011775526	42560	0,0040311069567567689
42570	-0,024348237219303938	42570	0,0069041843149040064
42580	0,0068545102058327661	42580	0,0067100690321545723
42590	0,0017457773238246236	42590	0,0037384091158813833
42600	-0,0071526421594131414	42600	-0,00584474348259161
42610	-0,0076916125962838309	42610	-0,0058757967436217128
42620	0,0073258108196471456	42620	-0,022176868870240379
42630	-0,0009982562791934946	42630	-0,021258473263414474
42640	-0,0027331319000870554	42640	0,003884139120654087
42650	0,012250541083362829	42650	0,014582393755489965
42660	-0,02649119129030221	42660	-0,0091629918183623489
42670	-0,0052411569174214048	42670	-0,00016728453156222647
42680	-0,00013893661365067182	42680	0,021454788327814785
42690	-0,0059109675077487845	42690	0,00094498447798746423
42700	-0,0080995471138719122	42700	0,00011708793473993202
42710	-0,0048457949752258311	42710	-0,0079076303617759882
42720	0,00786313462660291	42720	0,00023236070490271604
42730	0,00067689891677925288	42730	0,0043676233363310274
42740	-0,0025512374633217781	42740	0,00061241354523371172
42750	-0,0015224832768288101	42750	0,00051329678885148359
42760	-0,0059156972674115115	42760	0,00993928990036572
42770	0,0079342334624100969	42770	-0,0031865905148453981
42780	0,0093206968963884685	42780	8,16610804595161E-05
42790	0,00096025666640689976	42790	-0,0067791225464997286
42800	-0,0038899016554982033	42800	0,0078210230939795011
42810	0,011532842757200797	42810	-0,010556204669004064
42820	0,0096646508229068281	42820	-0,0070824962836530331
42830	-0,0072500271342666308	42830	0,004725458476786311
42840	-0,010075124617932285	42840	-0,0013065870478609141
42850	0,01557828275940853	42850	0,00087568332462632521
42860	0,0060158363145341774	42860	-0,000443909954135316
42870	-0,0021424786290106922	42870	-0,00044574648884458564
42880	0,0043964046794015051	42880	0,0088676720994324727
42890	-0,0084944728490599277	42890	0,020131941633549998
42900	0,0032960976591873414	42900	-0,0081896990493235487
42910	-0,0040344342340598322	42910	-0,0027621291788103991
42920	-0,00828218456593021	42920	-0,0027321049096735942
42930	-0,0063120977806649962	42930	0,0030211873606161817
42940	0,010231226869272869	42940	0,0014610200840204186
42950	0,0062301582187949218	42950	-0,0045731064205721582
42960	0,0016263403312886263	42960	0,00014769696482362044
42970	-0,010629939846257729	42970	0,015731710391211389
42980	0,0034598632335384035	42980	-0,02110371907235371
42990	6,4796925728133534E-05	42990	0,0024943558671620923
43000	-0,0076241102174786739	43000	-0,018192846323273733
43010	-0,0059504628315206779	43010	0,0011471522455363706
43020	-0,003856617506397536	43020	0,0099860263369422522
43030	-0,0060942948190868765	43030	-0,0025361011279965125
43040	-0,0067157369863255489	43040	0,01054266429451446
43050	0,012512861567722378	43050	-0,0061541784912216013
43060	-0,0048944176815727105	43060	-0,00069863437939059994
43070	0,0041511841050472092	43070	0,01465420000627223
43080	0,0084705332811154214	43080	-0,0096009513372365823
43090	-0,003226686982878731	43090	0,0068585659711381114
43100	0,010192307252652568	43100	-0,000521043034719915
43110	-0,013709114116593632	43110	-0,0065821000411058544
43120	-0,00197538722998502	43120	-0,00704282394025439
43130	-0,0035834494412348462	43130	-0,020381942919493242
43140	0,00031170804406368776	43140	0,0093298738689444362
43150	0,00061933220977792669	43150	-0,0018287936273503123
43160	-0,0083680487501375245	43160	-0,001710987060120365
43170	0,0082037738915091037	43170	0,0078596553520489873
43180	0,013502788564551116	43180	0,0077258997818535711
43190	-0,00905156957403715	43190	0,0072756814200831306
43200	-0,0030503820804299664	43200	-0,0039236382583261913
43210	-0,00010785184308578277	43210	0,014168606055887453
43220	0,0051010099075076655	43220	-0,0085839999134571677
43230	0,006832551603697651	43230	0,00412938671477068
43240	0,000458171347230873	43240	0,0021587628130122377
43250	0,0008807090881369999	43250	-0,0028354232908678989
43260	-0,0082793597921789856	43260	0,00259259750131226
43270	-0,0012886852135065951	43270	-0,0049318885948743414
43280	-0,0073276464068353425	43280	0,00031573926663594921
43290	0,0090511765480837322	43290	-0,0038835694835651288
43300	0,0025547389313067552	43300	0,00060887437477785905
43310	0,0073276459553805323	43310	0,0040310634348419954
43320	0,0048310639059865454	43320	-0,0034272852201054204
43330	-0,0012979636799029574	43330	0,0085607299927182613
43340	-0,004453407952772606	43340	-0,012683699569709626
43350	0,0036701955769839344	43350	-0,01472295495005033
43360	0,00467757039751246	43360	-0,0030863648700217351
43370	-0,0032003221263410273	43370	-0,010430008597290692
43380	-0,00030657372250628774	43380	-0,0013726307955639063
43390	0,011975310891518582	43390	0,014011429710622322
43400	0,003019533229100908	43400	-0,010560676492418632
43410	0,0088856631160771568	43410	-0,0017734945083138743
43420	0,014879938848776638	43420	-0,010016993922287821
43430	-0,023233996199755212	43430	0,0075277474797232147
43440	-0,0087289862818240686	43440	-0,0017999811693493021
43450	0,0020320548255263419	43450	-0,0011698870937584165
43460	-0,011676984692568036	43460	-0,0031976624083887729
43470	-0,0036464264624665385	43470	-0,0044721884399307249
43480	0,00069008681152150312	43480	0,001426172581807008
43490	0,0023818982049832868	43490	0,016267566270828662
43500	0,00888681865915097	43500	0,012086284813631516
43510	-0,0036218979454690908	43510	-0,012142564200611094
43520	0,0077468361406130039	43520	0,0021223808177888259
43530	-0,0089397779295958511	43530	0,0017165010633418379
43540	0,010818648440098649	43540	-0,020298372376559768
43550	0,001331385899463721	43550	0,0054398675324027488
43560	-0,0034944486284307465	43560	0,0039154004836095034
43570	-0,0033939224228569892	43570	0,0062430014490886861
43580	-0,0022824523007745293	43580	0,0077741476571840011
43590	-0,0056849256787311177	43590	0,0053591502018532789
43600	0,0072189430781034918	43600	-0,0009818193462456928
43610	0,01471946844289215	43610	-0,0054521260799774386
43620	-0,0082586192984157071	43620	-0,00055065286361243189
43630	0,005191609427044469	43630	-0,012275463636390227
43640	-0,0073983372449164522	43640	0,011589233876609904
43650	-0,0016102908341866307	43650	0,016633541720310317
43660	0,0099176271924075691	43660	0,0080667606334100025
43670	0,006666535217580925	43670	0,0017687347752520159
43680	0,002637082361011186	43680	-0,012228979082466505
43690	0,0012355875111226275	43690	-0,0030124316387938896
43700	0,0060701851218764261	43700	0,01194511095998717
43710	-0,0057788020264563289	43710	-0,0014703232844332547
43720	0,0013456427781185006	43720	-0,0026159752739870687
43730	-0,0087871982954240268	43730	-0,00602694996129593
43740	0,0027817111143386875	43740	-0,0065430775663328734
43750	0,0076267512704366333	43750	0,0098775160357220011
43760	9,6907764785491744E-05	43760	0,0072330419460496075
43770	0,0057535033395859506	43770	-0,0040351466640374525
43780	-0,00060820139326580431	43780	-0,0083407534137721409
43790	-0,012893195597351321	43790	0,0019839644248292538
43800	0,012267889951351859	43800	0,0056220277119228635
43810	0,002996651769777643	43810	-0,0043817790431822587
43820	0,015571698444881181	43820	-0,00721021227182232
43830	0,0046237096516708173	43830	-0,0061305656557917509
43840	-0,0071784526427895066	43840	-0,00837766892635002
43850	-0,0026575811899638888	43850	0,005029210367858865
43860	-0,0205757016476898	43860	-0,015729705719733422
43870	0,00150226347229353	43870	-0,0055377151837714394
43880	-0,0044230456960540239	43880	0,011818395738143172
43890	0,0038297407155598118	43890	0,0015162648366001813
43900	0,014117767863386312	43900	-0,0021615774549583939
43910	-0,0038304161622939258	43910	0,012989751384182598
43920	0,011859911140673189	43920	0,010443074302195862
43930	-0,012595709835851347	43930	0,0043870431453223576
43940	0,014281379923365858	43940	0,0038746835901563637
43950	0,015248761384991684	43950	0,0064436793859863149
43960	0,0042635665735122636	43960	-0,00021852843503691516
43970	0,0055415156794540541	43970	-0,000553404337401558
43980	0,0094067335695677979	43980	-0,0010435450731369391
43990	-0,011215834901726691	43990	0,0045083895549448373
44000	0,0030325166501064347	44000	-0,00700684359168868
44010	-0,0061294265919097715	44010	-0,0066722822189115424
44020	0,011910754310348794	44020	-0,016188426143520965
44030	0,013027649847415996	44030	0,0041385682256988039
44040	0,0073718324583182428	44040	-0,00026313192298990033
44050	0,016117243819664069	44050	0,007996092537630492
44060	-0,0061955058887906067	44060	-0,0059117585320696241
44070	0,012263337401687483	44070	-0,0067918541486644644
44080	0,019299065055040768	44080	-0,0032141407460578703
44090	-2,7520847133508325E-05	44090	-0,0028219457251305647
44100	-0,014275637593615078	44100	-0,01094216588983896
44110	-0,011796607395094578	44110	0,00058345864758762016
44120	-0,00633691562745494	44120	0,0030224730671414451
44130	-0,0014538730552046189	44130	-0,007443905427820776
44140	0,014768832335772428	44140	0,0036247252685446363
44150	0,0082048231198143	44150	-0,002749960049685913
44160	-0,0014229672089440012	44160	-0,0042644249535947207
44170	0,0046924130262089971	44170	-0,00020146154617484225
44180	0,0070011753200821215	44180	0,011838781596273091
44190	0,0086578239998520955	44190	-0,0025476550355542048
44200	0,0080686302343033253	44200	0,0054734104037286162
44210	0,0030993266510537932	44210	-0,00616902130868921
44220	-0,012700159100386677	44220	-0,005255860553726361
44230	-0,011539899300418245	44230	-0,015969804760692433
44240	-0,015355188474647029	44240	0,00020734202808345284
44250	0,017118055537520223	44250	0,0042009785285661745
44260	-0,004110342612066966	44260	0,0086748806689551667
44270	-0,0059679302850690688	44270	-0,0077244197190465529
44280	-0,0080201867182378012	44280	0,012020873060237974
44290	-0,027348783206612739	44290	0,004336210149051189
44300	-0,0046495362538850615	44300	-0,0032864507618252958
44310	0,011330469384093218	44310	-0,0053369085431432114
44320	-0,00021075957934048371	44320	0,00016730736883499315
44330	-0,00914402594986471	44330	0,004210508117858263
44340	-0,013385070121368733	44340	-0,0013873366600111298
44350	0,0037380717276081984	44350	0,016883944007600554
44360	0,002814268522799986	44360	-0,00033418356930536657
44370	-0,0043422760773505651	44370	-0,0087462995244771725
44380	0,00759519279783035	44380	0,019300421430866393
44390	-0,0046438448517067887	44390	-0,011100895440665098
44400	-0,0043235199319837363	44400	0,0010115591416238175
44410	0,003361466768931095	44410	0,0087227861099432816
44420	0,026550638715266351	44420	-0,0078151282001575235
44430	-0,0050025772589546852	44430	-0,0048455401185493767
44440	-0,0045948612765182688	44440	-0,0010622044983349995
44450	0,0036089588618334265	44450	-0,012027673457602991
44460	-0,0062293825107353831	44460	-0,0018787095159849842
44470	-0,0053473728345892939	44470	-0,070474537114853839
44480	0,0013406020599615192	44480	-0,11360180424031559
44490	-0,030491085484195952	44490	-0,20513861690742508
44500	0,013282196816959911	44500	-0,28232937859117008
44510	-0,0050237142085497967	44510	-0,35677420934406684
44520	-0,010229628057310333	44520	-0,40477682215204858
44530	0,016642297391365909	44530	-0,433253766823683
44540	0,0088757575406733409	44540	-0,39963702583146532
44550	-0,01856090535169919	44550	-0,331212841113482
44560	0,052967098335298807	44560	-0,29088671052244142
44570	0,059506806945462377	44570	-0,24357622384713737
44580	0,0015252221975723766	44580	-0,194412848423087
44590	0,0081977877721032665	44590	-0,368481380881335
44600	0,0043927658543797335	44600	-0,33837031088091446
44610	-0,045205330571587286	44610	-0,14350944231411658
44620	0,092486396909098656	44620	0,078200417262505373
44630	0,0413965657583191	44630	-0,10975364289972822
44640	-0,1918907488789737	44640	0,0054147106931203628
44650	0,10982892132599809	44650	0,1249486487683554
44660	-0,10154460336654929	44660	0,4161319673399671
44670	-0,1229316548636903	44670	0,49381056345413193
44680	0,038138698093117325	44680	0,814142249106507
44690	-0,0809345786902372	44690	0,7971281312661247
44700	-0,11629356550431952	44700	0,5756704586080631
44710	0,10538223295086938	44710	0,48347498583472426
44720	0,015183583025521188	44720	0,20665928094872041
44730	-0,076608814145779455	44730	-0,0042764017999688516
44740	0,12339852683230514	44740	0,0083019405728420557
44750	0,0055976258744981737	44750	0,034571732563154177
44760	-0,054762681213403941	44760	0,026568303715283782
44770	0,15690813592885861	44770	0,13490584861876953
44780	-0,038973280367276215	44780	0,34170068439687884
44790	-0,069471964581923437	44790	0,11035929181169389
44800	0,016293657336377481	44800	0,24675412025035418
44810	-0,12139088204106498	44810	0,638260559399129
44820	0,11598308157320163	44820	0,13447943338796137
44830	-0,14422434058079911	44830	0,57063637806965639
44840	0,10553178734578927	44840	0,5589698457952279
44850	-0,050302775352881919	44850	0,54226472489148125
44860	0,025382068131955003	44860	0,22324481495321966
44870	0,018437858334055694	44870	0,31684988163638322
44880	0,012572787017252268	44880	0,38936192910616718
44890	0,089905912887413009	44890	0,2972703097296443
44900	0,13501964716231904	44900	0,27315395322563629
44910	0,043591304535488012	44910	0,17280452009421413
44920	0,044182832858998572	44920	-0,032929284985047227
44930	0,0037887411189735072	44930	-0,20947068769062965
44940	-0,045848422957211879	44940	-0,3378128430954021
44950	-0,046053833304520272	44950	-0,4326541358101913
44960	-0,042293612248022021	44960	-0,43675643748093812
44970	-0,033911445185877673	44970	-0,41943798703304319
44980	-0,015420729946631033	44980	-0,4150592672922867
44990	-0,0082874276421510389	44990	-0,38384884354239379
45000	-0,001417869251382004	45000	-0,36986885652572371
45010	0,017530496684002087	45010	-0,33685467163763533
45020	0,0079775984789159787	45020	-0,32839137084459957
45030	0,013486055726860761	45030	-0,27118969384596087
45040	-0,022839753601594456	45040	-0,22451158200865709
45050	-0,0014228419633511541	45050	-0,19252608254279205
45060	-0,02062545530990148	45060	-0,1400432329581392
45070	-0,010424332427851502	45070	-0,095578359392510373
45080	-0,0011927265426198205	45080	-0,058600330156785431
45090	-0,00778183232144522	45090	-0,055005651907908085
45100	-0,004614114484044347	45100	-0,053100649754251765
45110	-0,0069279089409600494	45110	-0,029202513853631387
45120	0,00032590931299205153	45120	-0,03242245765522532
45130	0,0005356700997413529	45130	-0,033918320179389359
45140	-0,010253832233040711	45140	-0,022558966954925441
45150	-0,0044495164959512477	45150	-0,026814196257032592
45160	-0,0039472478612519275	45160	-0,024513487080727554
45170	0,00066133637017933868	45170	-0,016901607550093976
45180	0,0048412003734159305	45180	-0,0030100038677096891
45190	0,0037277217402024035	45190	-0,0080439743752529734
45200	-0,015358087617119936	45200	-0,025973292137654022
45210	-0,0017954671504073429	45210	-0,017212351292871689
45220	0,0040023176597302453	45220	0,0015721407426605536
45230	0,010536106758159265	45230	-0,010487402654199445
45240	-0,0020730846012271664	45240	-0,013045483198455287
45250	0,0071740941959386323	45250	-0,0039572289243126231
45260	0,008927540004885947	45260	-0,0095860327347822277
45270	-0,0082670215682272563	45270	-0,0082534086990345458
45280	0,0080609811671306722	45280	-0,00076748230355315711
45290	-0,0071425821154165537	45290	0,00060012701268254826
45300	0,009294408714881356	45300	0,0094396869215273259
45310	-0,002742131463044392	45310	0,0042636700673602951
45320	-0,0095473821953574126	45320	-0,0026043801071856309
45330	0,0035278438546955445	45330	0,0025542089469063763
45340	-0,007257876121780079	45340	0,0098924308813516937
45350	0,010811786868091438	45350	0,0028915825552449951
45360	-0,0090814875615335966	45360	0,0049278106785147855
45370	0,0010803029810978432	45370	-0,00013566642892769238
45380	0,006445664339321683	45380	-0,0054235156832631208
45390	-0,0061878050246344215	45390	-0,0062947148206835366
45400	0,013597304668024484	45400	0,0029366369160187668
45410	0,0016171984044492981	45410	-0,00339037375850515
45420	-0,00057470201973317079	45420	0,014545349297719544
45430	-0,0085426541348975673	45430	0,00015694071986282969
45440	-0,00994358541473511	45440	0,0077430352756147269
45450	0,0018915159455962526	45450	-0,013196442592903869
45460	-0,0159513258733623	45460	-0,01020459230052197
45470	0,0034777214395293548	45470	0,0025751537443177409
45480	0,016893446861734978	45480	0,010586577776378912
45490	-0,0026974354784609889	45490	-0,0019799547298286653
45500	-0,0015108462527008105	45500	-0,00819959691858363
45510	0,0050804763961200174	45510	0,017579173090225393
45520	0,00024630831370514973	45520	0,0068205671500405855
45530	0,0029218382661976429	45530	-0,00056199394509074915
45540	-0,019445797177763555	45540	0,0038381411314736096
45550	-0,0035576245585520112	45550	0,00598478273283971
45560	0,0039159961072256179	45560	0,017715505723308426
45570	-0,007711920977407455	45570	0,0066997368180274994
45580	-0,0077955103078822894	45580	-0,0089882852330981887
45590	-0,0086775624115454329	45590	0,00644792927331101
45600	0,010593012924247148	45600	0,0076163673927566091
45610	-0,00968956968271788	45610	-0,0017193165374526599
45620	-0,0017832534866372009	45620	-0,0066645353838478963
45630	0,0068787279469248435	45630	0,0015382530112816658
45640	-0,0051380015090186932	45640	-0,0017205160343637862
45650	0,0050028781844331759	45650	-0,010398769175063327
45660	0,010566502791199422	45660	-0,0075383025080937765
45670	-0,012862917204706776	45670	0,0077783116935105862
45680	0,0082551959342042035	45680	0,00023999125659621934
45690	-0,004840270497010522	45690	-0,019580759506274328
45700	-0,00804938265097833	45700	0,012904833670612594
45710	-0,0094349287696076766	45710	-0,0098500527595512029
45720	0,023829451196131939	45720	0,012542911943744666
45730	-0,0024092808656268239	45730	-0,0085746050684806681
45740	0,001821505304206263	45740	0,0011279814380152941
45750	-0,007323045945058641	45750	-0,015190368283319176
45760	0,0021645454768248543	45760	0,012670808266742602
45770	0,002125429168675448	45770	0,0019117390431251744
45780	-0,013587465401970617	45780	-0,015391646220840436
45790	-0,01564068368100973	45790	-0,0033237088541153859
45800	0,0044403299528992619	45800	-0,0041937046825200565
45810	0,0053920052664924679	45810	0,014393941002588022
45820	0,0032942516905248007	45820	0,0074929972641264312
45830	0,005890504729671159	45830	-0,0043685444725810492
45840	0,0041948074420226095	45840	0,004568054652004618
45850	-0,0059575476033033826	45850	0,0092024289702651776
45860	-0,0040976169676060952	45860	0,00012354300607617905
45870	0,0067888539135106526	45870	-0,0069903117336984275
45880	-0,0052988224776587814	45880	0,0061896758844767084
45890	-0,010710528575772095	45890	0,0080464730368952457
45900	0,02057104771649361	45900	-0,0092316878323571491
45910	0,0081090371400782384	45910	-0,0059708102355859344
45920	0,0032360421094885694	45920	-0,0023943535452583429
45930	-0,0065339895463382555	45930	-0,007151517046017717
45940	-0,0062414434559302416	45940	0,0027235735559477236
45950	-0,0060610322104840252	45950	0,0067812186864292523
45960	0,0039516680738689936	45960	0,014679928726339759
45970	-0,0010282171854330828	45970	-0,0073164611019022113
45980	-0,0045137071038075646	45980	0,00028062778563298595
45990	0,0040863724506211823	45990	-0,0055043913047910613
46000	-0,0085588701125143343	46000	0,0061273043279353179
46010	0,013380896481926162	46010	0,0030197844626731873
46020	0,00057383617239268616	46020	0,0065638130890643227
46030	0,0031454582579537979	46030	0,016585306626886832
46040	0,0096737842917847972	46040	0,016842268268625563
46050	0,0036261133245013987	46050	-0,011654246023742746
46060	-0,0096547165255528727	46060	0,0054713843056397107
46070	0,010673452792285397	46070	-0,0043608204583359461
46080	-0,016257366152746776	46080	0,00031723906774894722
46090	0,0010412822114322479	46090	0,0044650247120897575
46100	0,003167558897571979	46100	-0,012277072477555046
46110	-0,0050372594912670441	46110	0,0003395286111135291
46120	0,000260752569839597	46120	0,0037888408156837631
46130	-3,869191730554752E-05	46130	-0,0061746095586160052
46140	-0,0026578358532619649	46140	0,0063798816686511
46150	-0,0036704050204730766	46150	-0,013578248814493897
46160	0,0053975628087188478	46160	0,0097145764023852145
46170	-0,0012532612005588866	46170	0,0058646430534241541
46180	-0,012573721830501792	46180	-0,0082028342529901765
46190	0,006026251518816448	46190	-0,0049684942354518685
46200	0,0040960287987365984	46200	0,004470417259561414
46210	0,0027513023345847511	46210	-0,0023767124359664574
46220	0,020183126360981352	46220	0,0027008857809238929
46230	0,005018352976469331	46230	-0,004531350793573881
46240	0,0026746307304425653	46240	0,0033455324797682876
46250	0,00048948705168536859	46250	-0,0076771931332401989
46260	-0,0014216056758894773	46260	0,0027465100614783695
46270	0,0082968139314394881	46270	-0,0012699266509847537
46280	-0,01209839494578961	46280	0,0064353080935783151
46290	-0,0016900244539827334	46290	0,003630059739234622
46300	0,00056325679668442626	46300	-0,00951664671245071
46310	-0,004262369530525255	46310	0,011279879886425323
46320	0,010731368296523025	46320	-0,011921771206891326
46330	0,0023387360949542247	46330	-0,0077144963551056761
46340	0,0047742392511007405	46340	-0,0074595040671682931
46350	-0,00816318501258418	46350	0,010880512903342837
46360	-0,0035532505221715625	46360	-0,0023317400140285727
46370	0,00488666540946378	46370	0,0013831995640709485
46380	-0,007209312890369351	46380	-0,0097403026832657558
46390	0,0024552841184861036	46390	-0,0041170690878552839
46400	-0,010475633911804746	46400	-0,0075011464457574936
46410	0,014117975844808823	46410	0,002277360394723696
46420	-0,0013377133448803978	46420	0,012997496573883879
46430	0,00867129235305609	46430	-0,00566913854394655
46440	-0,0066912200597187034	46440	-0,0061034405328218109
46450	0,0089258777526435157	46450	0,0049932398764834744
46460	-0,00059101104119343106	46460	-0,00013462585175025538
46470	0,0036065360181551979	46470	-0,0047976887319993678
46480	-0,011038331570158095	46480	-0,009612704846409
46490	0,012989297483489601	46490	0,0051134839387429387
46500	0,010507103797998244	46500	-0,0015334706378634321
46510	-0,0078603874526930045	46510	0,0034543710347694333
46520	0,012745626461996472	46520	0,0027569253034443473
46530	-0,016096741444915071	46530	0,0058411197515409663
46540	-0,0080014683621377931	46540	-0,0082795217396696222
46550	-0,013935598790106403	46550	0,017896791547744192
46560	-0,010061814335371552	46560	-0,0033517352186249526
46570	0,020498737099666542	46570	0,006143049942708834
46580	0,0070013470167645244	46580	-0,0069702458104576289
46590	-0,018560052027992813	46590	0,0011606500224671476
46600	-0,010034921156587214	46600	0,010641910719791297
46610	0,0023834406354639728	46610	0,0031638271288178359
46620	0,0038912862498455205	46620	-0,008371946789094354
46630	-0,0087579397881915426	46630	-0,006732014694489522
46640	-0,010112086203291265	46640	8,1491622171408709E-05
46650	0,013081946678226099	46650	0,013768743051878965
46660	-0,00454547072822893	46660	-0,00060840278644025446
46670	0,0050937457469023293	46670	-0,0063743167204931388
46680	0,000133048163855345	46680	0,0049912942293099637
46690	-0,00076923275284227128	46690	0,0059364113916104645
46700	0,0052726362747174032	46700	0,0037862097633068778
46710	0,0064993409739340586	46710	-0,0076819041670052653
46720	0,014274578466227096	46720	-0,016024251435962571
46730	0,001917941521222282	46730	-0,00076380632678844592
46740	0,0012509221843604529	46740	0,005930750377429083
46750	-0,014623164044772489	46750	-0,013840203057130966
46760	0,001389304994779071	46760	-0,016156454079492795
46770	-0,010589967002365129	46770	0,012134117649136321
46780	-0,00065703344671554813	46780	0,0078508054565625662
46790	-0,00817913413963359	46790	-0,012946973973212771
46800	0,011545766748816065	46800	-0,0024340968169331723
46810	-0,015810660560780468	46810	-0,0072703533148496995
46820	0,017884075615250381	46820	0,0082085937878610613
46830	-0,0025910017902143045	46830	-0,007407881733822788
46840	-0,003089228133776331	46840	-0,010622577777580477
46850	0,010101791504507979	46850	0,001115711108227714
46860	-0,012852902097575359	46860	-0,001571374036620407
46870	-0,020124940009542517	46870	-0,0030607369663761905
46880	0,0068663904021075287	46880	0,0057659717516661633
46890	0,005891078272396575	46890	-0,00014144822042629269
46900	-0,0032781299017757828	46900	-0,0018072531377489353
46910	0,011842828307747688	46910	-0,003801723283801363
46920	0,007620768807802201	46920	0,0052449270414461832
46930	0,0086606058377957946	46930	0,0040193081683745141
46940	-0,0016300334335526993	46940	0,00029043144222783818
46950	0,01974571149120731	46950	0,0068885850200092035
46960	0,0039313542275360609	46960	0,012742346707315952
46970	-0,0018108118397356784	46970	0,0030281050908618308
46980	0,0044162507490185746	46980	0,007788808971072256
46990	-0,006392206120716914	46990	0,0067807017419451079
47000	0,0014166512782274332	47000	-0,0015970526022426371
47010	-0,008169761895405683	47010	-0,0086039635194503691
47020	-0,0021230131234649947	47020	0,000650652280607333
47030	0,0044308700299838409	47030	-0,0015603151635818829
47040	-0,0012990531721396186	47040	-0,0012095768974255349
47050	0,012945538774830876	47050	0,001654590888328726
47060	0,0066282050196697917	47060	0,0032682097880878825
47070	-0,0007141063638899846	47070	0,0071998052051267707
47080	0,00017056392350562848	47080	0,0053150995928197137
47090	-0,011282954012627982	47090	0,0058169345177671462
47100	0,01228162661694605	47100	-0,023701701333081908
47110	0,00011507508261195056	47110	-0,0094187337273589772
47120	-0,0052819604010941549	47120	-0,0012890481494374571
47130	0,0087381700367005644	47130	0,0041796198842680475
47140	0,0055148636822512651	47140	-0,0021903393997880151
47150	-0,00786005878745205	47150	-0,0072749025915488374
47160	0,010733470901696787	47160	0,0085730934671290112
47170	-0,0098470947483733275	47170	0,0065525685456368056
47180	-0,0084349008739021663	47180	-0,0037761821067165292
47190	-0,0099963925360796874	47190	0,0058183746299330531
47200	0,0077065041760707937	47200	0,0047807387202243937
47210	-0,00723627652519699	47210	-0,0064366760239571129
47220	0,013503984373803983	47220	-0,0012006958521333358
47230	-0,00706516713282135	47230	0,013568637880518809
47240	-0,004614297973427983	47240	-0,0098151311032460622
47250	-0,013943367869757823	47250	-0,014581198652572996
47260	0,0053200132721557963	47260	0,0074131286896789621
47270	0,0089305875306698364	47270	-0,0068359927232244178
47280	0,009485810280559951	47280	0,0032691677006170461
47290	-0,014685619591165391	47290	0,0008431827107225104
47300	-0,011068496288536031	47300	-0,022022635290259249
47310	-0,0018876610103344968	47310	0,017589930566630715
47320	0,0066830682572419529	47320	0,0012423905900536031
47330	0,0050646420156674338	47330	0,00051513934786915922
47340	-0,00472494810683282	47340	0,00819450485664135
47350	0,0025582607451701067	47350	-0,00632940567136934
47360	0,0082499062145928136	47360	0,0015303526736284844
47370	0,0030741358875000196	47370	-0,0033497896443971742
47380	0,0096177931569511321	47380	-0,006836167429878544
47390	-0,0042653038592147443	47390	0,0094234044366690358
47400	-0,0039938937281205891	47400	0,0017542185666692765
47410	-0,0046124251515420453	47410	-0,0078756265166402255
47420	-0,00068817299485760832	47420	0,0050642401689183977
47430	-0,0059468008570775482	47430	-0,0010790885289942726
47440	0,010244915096551423	47440	0,0099069628868825275
47450	-0,0064017937095520016	47450	-0,0075464319241203967
47460	-0,0064163618552862695	47460	-0,0084445879215653118
47470	0,0026259852110147243	47470	0,0078271569392968591
47480	0,0061039916184908016	47480	-0,012269113169214231
47490	-0,0088848771986867661	47490	0,0150683670118686
47500	0,016815901831074714	47500	0,0021578999350889217
47510	0,0055761140405607467	47510	-0,012281378181905838
47520	-0,0032608307672696807	47520	0,0077518264368130162
47530	0,018257966725292347	47530	0,013387631243257052
47540	-0,0037908342914283045	47540	0,019312534245371691
47550	-0,0034871849223919384	47550	-0,0015412262658101995
47560	-0,0087183008078343532	47560	-0,0063559458135358524
47570	0,014104673014800189	47570	0,007427643929200348
47580	0,014514365501098702	47580	0,0030743581126831767
47590	-0,0023304267865156582	47590	0,0020408293796841978
47600	0,00061815217172452041	47600	0,0072946414560812987
47610	0,00073667908248393511	47610	-0,0072535824714058941
47620	-0,004810030632604	47620	0,00950111324573336
47630	0,018473355110379289	47630	0,010599569711193095
47640	-0,00418977434404441	47640	2,5371348226268562E-06
47650	-0,0021099282026454239	47650	0,0063102620991878485
47660	-0,0009304581893191231	47660	-0,0081477110195430167
47670	-0,00077148147558711859	47670	0,001039201191163132
47680	0,012556952206598219	47680	0,00058412614558194247
47690	-0,01489427943554256	47690	-0,011421613600479582
47700	-0,0025939231487744382	47700	0,0054239064816533388
47710	-0,00069932936682915966	47710	-0,00024493438132347186
47720	-0,0042996010300363537	47720	-0,0046127742331728066
47730	-0,0026107950635736719	47730	-0,0040584884229309323
47740	0,009736049805450786	47740	0,033345240814852496
47750	0,002092830706289993	47750	0,053742584733407886
47760	0,0030411890620289051	47760	0,11429584698323575
47770	0,017014346356098692	47770	0,19634162549367246
47780	0,013963416936811019	47780	0,26558105341936089
47790	0,0017041891477440957	47790	0,36554708197051966
47800	-0,0052209024473332082	47800	0,3882544952882408
47810	-0,013118566203936333	47810	0,4072001425582259
47820	0,026516444992309471	47820	0,37089768675060114
47830	0,054560565311256942	47830	0,3067405709969479
47840	0,071041945289454317	47840	0,34387593642984038
47850	-0,025143766937395028	47850	0,25739786037301909
47860	-0,0062583680464048455	47860	0,14470787110230465
47870	-0,060819308501087195	47870	0,37058325005966852
47880	-0,027346522413353204	47880	0,39242232405898692
47890	0,0798790718963991	47890	0,11507556277818379
47900	-0,12553648628288425	47900	-0,12792232504991996
47910	-0,06833995191605681	47910	-0,096287837882805913
47920	0,093491003328971325	47920	0,17627278324127088
47930	-0,13401036423337698	47930	-0,015951931268167237
47940	0,065340099876452243	47940	-0,38903787897239639
47950	0,057964243594118274	47950	-0,17651573551291333
47960	0,0015457205284422943	47960	-0,69899074475792822
47970	0,049650294448090056	47970	-0,81871525185114513
47980	0,028808931767989022	47980	-0,658195705461666
47990	-0,091905416802861	47990	-0,62618086895851555
48000	0,01540583255173442	48000	-0,34270722075820048
48010	0,069881636756713147	48010	-0,084536563934511588
48020	-0,02251885737228522	48020	-0,10845817239861019
48030	0,031393765226718134	48030	-0,12708512902240104
48040	0,11700817735513204	48040	0,033957498799443361
48050	-0,14608875404738383	48050	-0,10528529121062517
48060	0,0808888068295298	48060	-0,45698952342360566
48070	-0,0085432961444913379	48070	0,075489054038354889
48080	-0,041512019367690133	48080	-0,27364845492161533
48090	0,07554365355271947	48090	-0,72286792063447225
48100	-0,1315614697425386	48100	-0,093227274940698754
48110	0,19065080421547681	48110	-0,5633603047423289
48120	-0,063664165699134245	48120	-0,51946539321330443
48130	0,036694271284237814	48130	-0,599532332657575
48140	-0,066021723848277258	48140	-0,13519632572525514
48150	-0,02678518736143359	48150	-0,26742339449670977
48160	0,0349249677441281	48160	-0,40635605697134713
48170	-0,032671623212453732	48170	-0,26239153528195192
48180	-0,059670151114170594	48180	-0,28800071743905142
48190	0,012659875348113435	48190	-0,11072003811704882
48200	-0,0039138775241736954	48200	0,060507932293468548
48210	0,013053490237143139	48210	0,23039854194282913
48220	0,0393993236264678	48220	0,35508367045151
48230	0,019732812492110594	48230	0,43611369869368555
48240	0,020429120628831794	48240	0,45074123296825996
48250	0,0094373727781883847	48250	0,40676045667824362
48260	-0,012481119349870538	48260	0,39578431531960562
48270	-0,013905214591892659	48270	0,36466662201892436
48280	-0,015242171047700457	48280	0,36239925872946571
48290	-0,00716161364821056	48290	0,33703350351141487
48300	-0,020767765825663184	48300	0,30959836771471388
48310	-0,014844188084323426	48310	0,28611484906635087
48320	-0,011871067258016774	48320	0,22093514906812409
48330	0,017946998097097617	48330	0,18636541673733081
48340	-0,00097539771928769183	48340	0,14699246071632155
48350	0,017886382732303703	48350	0,12877760639336977
48360	0,0071306346073838865	48360	0,067774927643996
48370	0,00098244220658031214	48370	0,033159610221362969
48380	-0,0069375921348468926	48380	0,025022505394265704
48390	-0,0078421271439696252	48390	0,034585248736225004
48400	0,0057707720708183551	48400	0,030442904624735267
48410	0,0040321223187392546	48410	0,019597286308536244
48420	-0,011628761184858609	48420	0,024646067035415078
48430	-0,00085413810431466861	48430	0,043412416297171214
48440	-0,0047268472097791621	48440	0,02637005955968998
48450	-0,0067416270317966608	48450	-0,0033701985391473761
48460	0,0046094129260481386	48460	0,032312932006615211
48470	0,0008305218284886829	48470	-0,0034228056494604114
48480	0,018466220689913042	48480	0,010390422882284547
48490	-0,01382239818390373	48490	-0,00099757587891928078
48500	0,0025890233489025455	48500	-0,0032302652623216557
48510	0,0064280808071674666	48510	-0,0021957028018021714
48520	-0,001426661568698659	48520	-0,0012347008595799359
48530	-0,0079170370317409137	48530	-0,004287697342574043
48540	0,0017598650089119278	48540	0,0057509689893044981
48550	0,010306198020409371	48550	0,0059258848341626237
48560	-0,00023613876210351695	48560	0,00026975797611221295
48570	0,015634063113051797	48570	0,0056302957173361189
48580	-0,0049237411601574218	48580	0,014642731617311567
48590	-0,010128929702175637	48590	0,014608344592072109
48600	0,0063988226667285727	48600	-0,018183349489792045
48610	-0,0086662053870649441	48610	0,002022329513004904
48620	0,0011912066933566956	48620	-0,011621356097545997
48630	0,0084684386637715846	48630	0,0063948534981085924
48640	0,0012441470922250756	48640	-0,001136785881277524
48650	0,010984767170230558	48650	0,0035548171892041242
48660	-0,005496633989932301	48660	0,0060465487124444772
48670	0,00452231776406531	48670	-0,00049378783073480027
48680	0,014736431772815911	48680	-0,010600072867509936
48690	-0,0035458510476953416	48690	-0,0017395675409566465
48700	0,0074406539709096315	48700	-0,0094148662408939064
48710	-0,0072251451458989887	48710	0,012370174519300775
48720	0,0002904226247092472	48720	0,0030496253670582131
48730	0,0088955879237966832	48730	-0,011486529519864393
48740	-0,011934194989207583	48740	0,010767539529935588
48750	0,0044201524076605981	48750	-0,0087565320821999179
48760	-0,0094656713130014218	48760	-0,0081415995851928154
48770	0,0031530683846885707	48770	0,00029947447624189963
48780	0,012191674923650451	48780	0,010559053563336194
48790	0,00241245108801265	48790	-0,00804005831943562
48800	-0,0022128633947411111	48800	0,0014304056418887959
48810	-0,0017254225765708879	48810	-0,012812523605876649
48820	-0,00045418014442825759	48820	-0,00042003017898046326
48830	0,0023441778664173574	48830	-0,0042392252177490489
48840	-0,0023780157803748735	48840	0,00090630740553714528
48850	-0,01800708253344975	48850	-0,0036121853735975418
48860	0,014282047678523884	48860	0,0025334138782154561
48870	0,0044879271451607732	48870	-0,0055834884774617942
48880	0,00034819601361968253	48880	0,0071951554301314955
48890	-0,0039859956922902538	48890	0,0011236405369431711
48900	0,011432691372841723	48900	-0,0011968945164006282
48910	0,0072082163392950243	48910	-0,0096302241822693434
48920	-0,0010417593331582854	48920	0,0086469119555583514
48930	-0,015080668560109884	48930	0,0017440445058399404
48940	0,0028795772172205097	48940	0,0079360435294756025
48950	0,022195673307557222	48950	-0,0049757953252930441
48960	0,00813963739728167	48960	-0,0029851538169807846
48970	-0,0093902797541178147	48970	-0,0029063376536771928
48980	-0,014450600492416787	48980	-0,0021340317365700044
48990	0,00086512425734144264	48990	0,0036501646391016497
49000	0,010894041664307862	49000	-0,0061119279541316943
49010	-0,0033017554073801378	49010	0,010438114826528032
49020	0,00098733025510234357	49020	0,0019345573310590332
49030	-0,0059926040317094522	49030	0,0069652384869849683
49040	-0,011160000107749325	49040	0,010771327878548429
49050	-0,0055229636816637	49050	0,0085848769221121644
49060	-0,00083105663045617375	49060	0,0016823388939895077
49070	-0,0043678625219887371	49070	0,00012446931170179059
49080	0,0073819327164940506	49080	-0,0078531470760640452
49090	-0,0075799563829665679	49090	-0,0022336882744537659
49100	0,012813576089002609	49100	-0,006753330743656253
49110	-0,0098721310370377853	49110	-0,014397201472869435
49120	-0,009620801977703191	49120	0,0086963485795576272
49130	0,0053930252756149008	49130	-0,00013682143821441869
49140	0,0013846958109462011	49140	-0,0011547527542920626
49150	-0,002309248851839463	49150	-0,012509236489197009
49160	-0,0040817482097867067	49160	-0,015568324228986432
49170	-0,0036536094947201263	49170	0,0074151201339227131
49180	-0,01716108649960605	49180	0,000923480189768027
49190	0,013063644265775094	49190	0,0029848177121500666
49200	0,00064360094084998465	49200	-0,0018553525789687469
49210	0,0057812415332431583	49210	-0,011004276656005457
49220	0,0091874986389220113	49220	0,0038929033034876903
49230	-0,010458191003152772	49230	-0,0038049101451251939
49240	-0,004369513680665113	49240	0,0097358863711764256
49250	0,0014107819675764862	49250	0,015085723973746442
49260	0,0011894993559687735	49260	-0,017115777838988665
49270	-0,0014117103610284977	49270	0,00078697544468927041
49280	0,0072221811540518124	49280	0,00260735808692092
49290	0,0022367567053339036	49290	0,00934887534886115
49300	0,0027558019544298845	49300	-0,0063318597621057739
49310	-0,0066351485641023018	49310	-0,010784503989069497
49320	-0,00620163845959685	49320	0,0057168490731969151
49330	0,0027075272070955073	49330	-0,0011832197606827125
49340	-0,010458005923804139	49340	0,0076039959515008457
49350	0,0076736161331596477	49350	0,00098593592485929317
49360	-0,011593099134707959	49360	-0,0071654159795753736
49370	-0,0052604481481817143	49370	0,0075608639988120974
49380	-0,012344266951417479	49380	0,015769865203714057
49390	-0,0020316289031548072	49390	0,015433035476421055
49400	0,0039737973938713473	49400	-0,01586366256880628
49410	-0,01849079804067795	49410	0,00758152502292559
49420	0,0090270733891433842	49420	-0,0050473829175742167
49430	0,0035489304943497803	49430	-0,0092127777765087966
49440	-0,010721636917997133	49440	-0,0011358132521099267
49450	0,0020966439509230309	49450	0,0097771763128947885
49460	0,009552697518599362	49460	-0,00049944863471453125
49470	0,014116750043142012	49470	-0,0084745738967457653
49480	-0,0067079263604779334	49480	-0,0079395684517462629
49490	-0,018711079213855217	49490	-0,00043936950783144335
49500	0,0083235910910607145	49500	0,004146015447092118
49510	-0,007618687301120074	49510	0,0045395699521257448
49520	0,0055322319659817619	49520	-0,0015876299214756654
49530	0,0071698679999742812	49530	-0,0061568742344366711
49540	-0,012532596882101206	49540	-0,013953482785367323
49550	0,013737565081240339	49550	0,0030898831720716138
49560	-0,0078131311018027286	49560	0,010070235002262557
49570	-0,009300700564297203	49570	-0,0018071721470072611
49580	-0,017757451410036543	49580	0,0075737263091602454
49590	0,0068402368142229516	49590	-0,0044967780155002772
49600	-0,0049440514665442976	49600	0,0012882058079554744
49610	0,015276825353700681	49610	-0,0073481784857184077
49620	-0,0059426212271882443	49620	0,004977348170684918
49630	0,013774830679216959	49630	-0,0098540656281486637
49640	-0,013983617754009489	49640	0,0010675668901297271
49650	0,0011573891030923361	49650	-0,00342413026676575
49660	0,0012945224395431644	49660	0,011470759076456416
49670	-0,012605915242780553	49670	-0,0053457987384923572
49680	0,0074082096447231384	49680	-0,0037064089661374227
49690	-0,0052926466623620426	49690	0,007337516600178077
49700	-0,006511683300542811	49700	0,0092455087015751742
49710	-0,0086363986480182727	49710	-0,016604382238892872
49720	-0,0078848338220037038	49720	0,0016558202709357111
49730	0,0027387486275169794	49730	-0,0027276398271731529
49740	-0,013618672601012275	49740	-0,01813066725432462
49750	-0,007272100900837488	49750	-0,00094369332949205528
49760	-0,0042235010686502948	49760	0,010285032772551186
49770	-0,0084687241803978516	49770	-0,00054585230409109073
49780	-0,0044443089438329633	49780	0,00951722703753908
49790	0,019247035442251481	49790	0,0019067410730647255
49800	0,004207807881835765	49800	-0,0081961818659464173
49810	-0,017110041151030982	49810	-0,0037144146512151006
49820	-0,009088110994807861	49820	0,023213115931970878
49830	0,0070639423859641323	49830	0,00052016318887680257
49840	-0,0051782496259247844	49840	-0,0068573553282355853
49850	-0,00030530452751473258	49850	-0,00064942516738096306
49860	-0,0041905265786061595	49860	0,002112111548436216
49870	-0,010371000720005406	49870	-0,0054549803142416578
49880	0,008363473745421221	49880	-0,0039989234028217323
49890	-0,012834885976801824	49890	-0,010597768744725483
49900	0,0038466153961025226	49900	-0,0066556726446971018
49910	0,0024529773081818731	49910	-0,00853289493928814
49920	-0,0170520849473006	49920	-0,0052028943504685548
49930	0,0046912895960757881	49930	-0,0012877823215173999
49940	-0,012511480286299776	49940	-0,0023708899499925466
49950	0,0075260166398553388	49950	-0,00892011776412585
49960	-0,016223344517191797	49960	0,0035709386004657445
49970	-0,0069276813156061894	49970	0,00017116691543313711
49980	0,012950153754584158	49980	0,00019791272419560085
49990	-0,0052410663846104129	49990	0,0013712119286891041
50000	-0,011457778004663445	50000	0,0024369591481533804
50010	0,0025619007526852177	50010	-0,0096454816691291974
50020	-0,0024231278745663145	50020	-0,0041038848400491894
50030	-0,0027579751558239511	50030	0,0071348532746523131
50040	-0,00071023855950869813	50040	0,0016676895815118608
50050	0,01208065872439908	50050	0,0023847517485987004
50060	0,0048080501779382548	50060	0,0060090645939472886
50070	-0,0016678629765001628	50070	0,0025249420094087291
50080	0,0017601318528459727	50080	0,0016128988411144996
50090	0,000503590318408933	50090	0,0081128639048430352
50100	0,0066893844941493252	50100	0,006831500462996987
50110	0,0089927303567816173	50110	0,0093286265499898918
50120	-0,00876962565024151	50120	0,0033375510069938996
50130	0,005337807794485225	50130	-0,0050656538845114561
50140	0,010850261999856082	50140	0,0037982423854794377
50150	0,0016556542665791181	50150	0,0075184631055242937
50160	-7,1500471443061391E-05	50160	0,0094389060533263229
50170	-0,0016188191056490586	50170	0,0027267282689610417
50180	0,0042562365351492756	50180	-0,0030673043447777262
50190	0,00094581294050786915	50190	-0,0063765239840555439
50200	0,0076595001139789318	50200	0,011149783279999876
50210	0,0091999860347050152	50210	-0,0057326664329306384
50220	-0,0053821778944656649	50220	0,014367505044308645
50230	-0,00149118116719653	50230	-0,00647749430246006
50240	-0,016908788028904536	50240	0,00796956533306783
50250	0,009039408540378973	50250	-0,009320915995479807
50260	0,0025173656270001963	50260	-0,00636897135844937
50270	-0,0017951199118364787	50270	-0,0039096864526893165
50280	-0,015143224858517474	50280	-0,011057183204275265
50290	0,00064529559159571452	50290	0,0056736397662502458
50300	-0,0013824705276796159	50300	-0,0007786173459217666
50310	0,013799378538083213	50310	0,0093429109518950639
50320	0,0020863224320009669	50320	-0,0035284356918040905
50330	0,0024398688651906045	50330	0,0080783088210972867
50340	-0,00381770403843554	50340	0,0093370762186106085
50350	0,015025843800148604	50350	0,0018905082072797283
50360	0,012141714581620619	50360	-0,01187768082959682
50370	0,00075962963352303541	50370	0,0051932503569284928
50380	-0,012196577080333644	50380	0,011693487954238049
50390	-0,00066212180250333071	50390	-0,009926817260391161
50400	0,0089907317626957244	50400	-0,0093322334387219343
50410	-0,010610166276483896	50410	0,0023047071180604547
50420	-0,006356356420467597	50420	0,011701291460041291
50430	0,011510869426228641	50430	-0,016920701912898208
50440	-0,00081030145567461244	50440	-0,0079275418401332648
50450	0,019594104023821984	50450	0,0072988831842632964
50460	0,0026798908975040874	50460	-0,003637612721132747
50470	0,0031989450660826466	50470	0,011884893786209175
50480	-0,0048619204371590213	50480	-0,00011391136974673791
50490	0,0013565703463887446	50490	0,0079895332027572867
50500	0,0072004822748522818	50500	-0,010928673152676878
50510	0,0077662228011285868	50510	0,01551592345964449
50520	-0,0037128054383302207	50520	0,0057815170589097051
50530	0,0030027139205115131	50530	-0,0045511507665366878
50540	-0,016425774988373439	50540	-0,0083402454576054965
50550	-0,010169004164206861	50550	-0,00342008676617753
50560	0,0060774032253224789	50560	-0,0017923775908142382
50570	0,00052444582764226756	50570	-0,01132846034432884
50580	0,017181241220680436	50580	0,012892549307324379
50590	-0,0020406999729059103	50590	0,0001609639644968342
50600	-0,0094669574243282165	50600	-0,0062354363513159221
50610	-0,009778369952187593	50610	-0,017204212682647928
50620	0,0024132223988868541	50620	-0,003939867072914818
50630	-0,00947705698275716	50630	-0,014305100399526653
50640	0,00076799808506322132	50640	-0,01419275331235605
50650	0,0011704770490347676	50650	0,00045827631338594326
50660	0,0129337048091996	50660	-0,0080203997622517887
50670	-0,0022019459502238131	50670	0,0062526244202758393
50680	0,0018517819897768922	50680	-0,0047007095348190137
50690	-0,019212255745091198	50690	-0,00022194394685552042
50700	0,0013366930343090789	50700	0,007234811318509257
50710	-0,00027966739953586993	50710	-0,0045531397386725063
50720	0,00480574346795438	50720	0,0021520417978397
50730	0,00066432721488884731	50730	-0,0053951520067957873
50740	0,0018077052687746995	50740	-0,0024168214432319433
50750	-0,0010521131040949581	50750	-0,0076516636443307549
50760	-0,00072152170677452945	50760	0,0049551667076081825
50770	0,013372819817535984	50770	-0,00093119950654497086
50780	-0,020269064001525571	50780	0,0056236110405882729
50790	-0,0086845393752500947	50790	0,0072176672292485738
50800	-0,0015813761216920406	50800	-0,0025378899685076354
50810	0,022908116580930886	50810	-0,014538128298714537
50820	-0,0041663260135072723	50820	-0,0079879292049196
50830	6,8088701367270213E-05	50830	0,0076117426128030343
50840	-0,020480720672965688	50840	-0,008087691845518068
50850	0,004022146432220524	50850	0,0048179733807003312
50860	0,014321067536048907	50860	-0,00010691921824104063
50870	0,017116215376735439	50870	0,0023437996175099244
50880	0,0039150222839654985	50880	-0,016467473684319126
50890	-0,014039878090196613	50890	0,00060059995124609844
50900	0,0099713328797782479	50900	-0,0036623001049700243
50910	-0,0071980878050929278	50910	0,0034456291717423855
50920	0,00421907591473421	50920	0,010438329866089027
50930	0,0069179336852767245	50930	-0,001192482724006134
50940	0,0042990832286477062	50940	-0,0059299707180609767
50950	0,0021921734916593651	50950	-0,0022386686184324286
50960	-0,011065885824592978	50960	0,0020151668157178458
50970	0,014573040987465558	50970	0,0080950128878890561
50980	0,00452082302992611	50980	-0,0045621275247885087
50990	0,013219521290529652	50990	0,011021901523314753
51000	0,0017478007686854036	51000	0,0029836673627137542
51010	0,0081599143443560947	51010	0,0095899026930300734
51020	-0,0025978533182135391	51020	0,0077145666864880374
51030	-0,0041575057808034338	51030	-0,0094470926297619984
51040	-0,011934359179240635	51040	-0,0035020775847759743
51050	0,0071885349522406716	51050	-0,016147613537006462
51060	-0,0062417711016217485	51060	-0,011786669445894194
51070	-0,00881101803158668	51070	0,0076209868547228677
51080	0,0044435467662149218	51080	0,00852459585918244
51090	0,0058703495218399978	51090	-0,0060169838852039874
51100	0,00058712176150096571	51100	0,0089904286330265946
51110	0,011362140055489814	51110	0,0055453943323129249
51120	-0,018712149148924197	51120	0,0071838792805493795
51130	0,006656130194014123	51130	-0,0092970257138727443
51140	0,005828826970196369	51140	-0,0065934033030696287
51150	0,016127050249232774	51150	-0,0033636648498523822
51160	0,00039343671151234323	51160	-0,0016857539170315569
51170	0,0098592104673267383	51170	-0,0041414451348608028
51180	-0,0051245911542605951	51180	0,00754073531827113
51190	-0,0014768529420626478	51190	0,00036566765131100607
51200	-0,00066794519159639259	51200	0,010398931041608533
51210	-0,000796315176019971	51210	-0,016340486824733744
51220	-0,0020735385227074856	51220	-0,0021936080374729823
51230	-0,0011374749354285212	51230	0,0050235159579041094
51240	0,0037806964898820365	51240	0,0038877814210221875
51250	-0,0099140879319664834	51250	-0,0097048606981238565
51260	0,01467979736716823	51260	0,0004489024315722115
51270	-0,0043915878792307444	51270	0,00071706204851914668
51280	0,0068379498363101325	51280	-0,00978308661061293
51290	0,013889107483883124	51290	-0,0073095398196826
51300	-0,000317759732589793	51300	-0,001284661421807366
51310	-0,011018715318940844	51310	-0,0033676119743893413
51320	-0,0093061427372300009	51320	-0,0045938318884377622
51330	0,0019406787664718738	51330	0,0018935837298578655
51340	0,0064091867303760052	51340	0,017011678200755817
51350	0,0029428177610308481	51350	-0,0031931633533225437
51360	0,0021094934534693151	51360	0,0036274722998892489
51370	0,004788962477234671	51370	0,0043804532293805895
51380	0,0044033827109549954	51380	-0,00513167441585026
51390	0,011482403831921588	51390	-0,0094701622516645025
51400	-0,00246015978966466	51400	-0,01052052796890608
51410	-0,016166360174054917	51410	0,014846895193040048
51420	-0,011112516595164785	51420	0,0088016968867057031
51430	0,00066787588540822077	51430	0,0011342520282358053
51440	0,00728112092059886	51440	-0,015966663031648128
51450	-0,0077808747101024709	51450	-0,0040368146280473681
51460	-0,00597376757774501	51460	-0,0011709147059620914
51470	-0,0082898990024964647	51470	0,0025150849346730606
51480	0,012609745721085993	51480	0,0017908783638689212
51490	0,013709269841768066	51490	0,0094632491496832432
51500	0,005140772837685879	51500	-0,0055795584761415664
51510	-0,0095403348104845537	51510	-0,0094388697923601036
51520	-0,0083569318463223487	51520	0,018742680627462389
51530	0,0058161475876213568	51530	0,0019951341821416459
51540	-0,00962737004558218	51540	-0,0067869097072504967
51550	0,0081113828911775088	51550	-0,0051542979323132539
51560	-0,0093955628317062227	51560	0,0060669023770635955
51570	0,005884700288151805	51570	-0,0052731439179425034
51580	-0,010517535649881716	51580	-0,0016902032749530637
51590	0,009054033185422564	51590	0,0031102360928492875
51600	0,019733828978449511	51600	0,0012975241582536175
51610	0,0096814804592451065	51610	0,00021147822548807729
51620	-0,0020044550630528932	51620	-0,0065849229631180489
51630	0,012012877491151732	51630	0,00062671950717134309
51640	0,0055837217883638055	51640	0,0042739999629579318
51650	-0,0072002596769893453	51650	0,0025946008416191111
51660	-0,0054181212263610685	51660	0,0013883201429851445
51670	-0,011717195255454192	51670	-0,005466982420947823
51680	0,0080611229657285271	51680	0,0069184894943251814
51690	-0,0047712104176199236	51690	-0,0059731571826867925
51700	-0,0085288963023560146	51700	-0,0055215315638637765
51710	0,0021380852779125533	51710	-0,00089870629525506376
51720	-0,0013660142201171405	51720	0,0096615314363652453
51730	0,0021965513116656678	51730	-0,00044848181315302449
51740	-0,0059752687653440179	51740	0,0044665289780820381
51750	0,0046105333317877709	51750	0,007251992737216547
51760	0,021239475958576243	51760	0,0041725629715005322
51770	0,003234122332133708	51770	0,0024391003599819093
51780	-0,016289500745199102	51780	-0,0099967570310788272
51790	-0,0014079713299479412	51790	-0,0055986542433736058
51800	0,011320965444036031	51800	-0,0024176681380846774
51810	-0,002351786408808509	51810	-0,00026034244084950669
51820	-0,0055731502858849622	51820	-0,00854402067283705
51830	0,011974816908165513	51830	-0,001301596201570497
51840	-0,0052129612270781951	51840	0,011251687316716313
51850	0,0090501752088469	51850	0,0037058008272970364
51860	0,0029904971553968472	51860	-0,0076488436552317029
51870	-0,0059833831857569013	51870	-0,014319365624408669
51880	-0,0094291267098381565	51880	-0,00033420644261714089
51890	-0,0061210238219683352	51890	-0,014347226023209422
51900	-0,0017052922710336759	51900	0,0080165546807190232
51910	0,0036184402302424684	51910	-0,00048428525742951948
51920	0,00514146479021098	51920	-0,0075598520543115836
51930	0,0047840074844427627	51930	0,002832053007506941
51940	0,0011449088784710362	51940	0,0021409343325028531
51950	-0,0054893552577655819	51950	0,00916332307509927
51960	-0,0045324346435302231	51960	-0,00494512501112347
51970	-0,0045540392014535988	51970	-0,0098764540718662714
51980	0,010927273518947555	51980	-0,010827715303667418
51990	-0,0073368492595570394	51990	0,0027694836172447333
52000	0,0065184444886298093	52000	0,013158018589866824
52010	-0,0019523883202730663	52010	-0,002503932318226907
52020	-0,0080246662182231754	52020	-0,005015020504367541
52030	-0,0070797256986162606	52030	0,0013159963763084829
52040	-0,004683217639917997	52040	-0,012823932587276226
52050	-0,0083989509334163916	52050	0,0051395650660822842
52060	0,0032999467348417914	52060	0,00735800950412424
52070	0,0069715209647113448	52070	0,01168626466904955
52080	0,0015142014444877771	52080	-0,011619797885313933
52090	-0,019594357474714	52090	0,026489414159130451
52100	0,0073996574767024306	52100	0,0049639074960612789
52110	-0,0019456658433863005	52110	-0,0010886338138973374
52120	0,0041635398837043093	52120	0,00068590189935740825
52130	-0,019120323865908603	52130	0,002480353976572596
52140	-0,0041433148736715955	52140	-0,00582401060811147
52150	0,012660218079201509	52150	-0,011049185130504565
52160	-0,016367586747133164	52160	-0,002828032281255841
52170	0,0096363856981503283	52170	0,0028757550181523765
52180	-0,007433205970525443	52180	0,0012924335766680186
52190	0,0098931840512024513	52190	-0,003471212215581043
52200	-0,00035494113069728351	52200	0,011518448267732065
52210	0,0077819328029609556	52210	0,004784700770567276
52220	-0,0075668935773045036	52220	0,0016565876532407869
52230	0,013300436035504204	52230	0,0084768596186822771
52240	0,0028894340568719713	52240	0,0071003594505400268
52250	-0,0077070599221233009	52250	-0,011182575454157368
52260	-0,0063736690296787553	52260	0,0059451630506859509
52270	-0,01153928731456752	52270	-0,0084836625747178335
52280	-0,001717694480997815	52280	-0,00986010973219244
52290	0,012251793700464298	52290	0,010337637340742481
52300	0,0067949962371833305	52300	0,0025234735410959649
52310	0,0022135537194233616	52310	0,0042478593411295375
52320	0,0038870486911992195	52320	0,0030678121884820681
52330	0,0091520570343828437	52330	-0,0032706058344833576
52340	-0,026497996780486737	52340	-0,0020641139794988837
52350	0,0099571042661263081	52350	0,0050926752743894691
52360	-0,0054615154042660556	52360	4,0379873419172085E-05
52370	-0,0066727311542270932	52370	0,0043425106131562809
52380	0,013889937532906137	52380	-0,001412512677469615
52390	-0,0015635352812161209	52390	0,0019459186998761035
52400	-0,0021640888368032333	52400	0,0020076546858812474
52410	-0,002718209229132169	52410	-0,013398545192537447
52420	-0,0097095560068566743	52420	0,0030389937949356623
52430	-0,0072937514081748136	52430	0,0013168119875189379
52440	0,01117224374051678	52440	-0,014677478413085927
52450	0,0083212254298052277	52450	-0,0016912023640692818
52460	-0,0066064019877282738	52460	-0,00096005731902511107
52470	-0,0091371688733990469	52470	0,0038302792100668266
52480	0,002195628487231119	52480	-0,005404980128487326
52490	0,007489457745014882	52490	0,0010394820680595619
52500	0,0087479143379570988	52500	-0,011637033306693424
52510	-0,0010189544939457383	52510	-0,0069463269234827582
52520	0,0040540659883444696	52520	-0,0039722830553325728
52530	-0,012048209454870312	52530	-0,014135278258708956
52540	-0,00259758590751442	52540	0,0011475854203775316
52550	2,46161489888347E-05	52550	0,00018426826370958923
52560	-0,00085579009767277681	52560	-0,0050255677096661322
52570	-0,0074304196557502238	52570	0,0086995212492917088
52580	0,0091264050255603583	52580	-0,0074734679361076984
52590	-0,0011483702674149169	52590	0,0013153340826812287
52600	-0,0039218299626468649	52600	0,0001418242929092568
52610	0,00922565437149813	52610	0,00091319348972037381
52620	-0,0055423171120497989	52620	0,01372128665259318
52630	-0,013218524705817998	52630	7,3725973659933891E-05
52640	0,000882964918411351	52640	-0,0030421180522111181
52650	0,0061156355789750792	52650	-0,0084470025373798857
52660	-0,00974878262091592	52660	0,00482674622744233
52670	-0,0045074517875822442	52670	-0,0017816663320115668
52680	-0,00717762263514309	52680	-0,0095878600266356868
52690	-0,0044355289151154428	52690	0,0016154640141745815
52700	-0,004839692373971167	52700	0,0056114667307390126
52710	-0,0025313091051953258	52710	-0,0004052055461505599
52720	0,00878046891255634	52720	0,00980908193359516
52730	0,006053574620850391	52730	-0,017021218727337025
52740	-0,00420012713498206	52740	-0,0036035533471615012
52750	-0,0022897944917457591	52750	-0,0028900145884765589
52760	-0,011481584323918817	52760	-0,0066089574403358047
52770	0,0087117391168852146	52770	0,013227287930897448
52780	0,0089919974860349743	52780	-0,017609272208566427
52790	-0,0064248299549748483	52790	0,0037271668792858274
52800	0,00552103180333172	52800	-0,011862449086755421
52810	0,018014126716757214	52810	-0,002729439597345082
52820	0,0053335942665266433	52820	-0,018379776840429216
52830	-0,0090126014456288362	52830	-0,0259532040838513
52840	0,00024100312063153528	52840	0,018914078506469128
52850	-0,0057399395619106355	52850	0,0037823490120280109
52860	0,013092983077699981	52860	-0,00064382456693626408
52870	-0,011318395971214821	52870	-0,0039228800575086212
52880	-0,004365333502944462	52880	-0,0070688879812392013
52890	-0,010036411271432918	52890	0,0048210474142122619
52900	0,0041504312824189975	52900	0,007492370029426731
52910	0,0078106986370665328	52910	0,0018648115629331505
52920	0,0031792203526177253	52920	0,0070487602477485563
52930	0,0039792037090188824	52930	-0,020983593920486973
52940	0,0050257816401373615	52940	0,013555411336205416
52950	-0,0072755983950069337	52950	0,0054118145109085707
52960	-0,00997119510470234	52960	-0,017355715391528415
52970	0,015918764330752191	52970	0,011575725053050164
52980	0,010823897970646906	52980	0,0033466292276720876
52990	-0,011487107006346448	52990	-0,00289263184344151
53000	-0,0051591714669491952	53000	-0,0074764134405631826
53010	0,0039009105502237329	53010	0,014692908724859332
53020	-0,014133373979042414	53020	-0,0096409079524662124
53030	0,0065884133834080323	53030	0,0028269923642290583
53040	0,0059382585632233942	53040	0,0023596643138222629
53050	-0,0041278360490853393	53050	0,015274392164901835
53060	-0,00040255855305004621	53060	-0,006669018494559309
53070	-0,00749620463505512	53070	-0,0095881892591936947
53080	0,009672599835303752	53080	-0,0034521017700458664
53090	-0,0031466916608793153	53090	-0,00089955469793871529
53100	-0,0050773941315851272	53100	0,0066058332309345763
53110	-0,0041111900027070766	53110	-0,0046716560942153063
53120	-0,0033227435822785183	53120	-0,00070019776467544271
53130	0,02945544092373386	53130	-0,0025244962312363207
53140	0,0015514639104833863	53140	0,0043285989477312055
53150	0,009436138205016811	53150	0,0042622001386839175
53160	-0,0085168061842699587	53160	-0,015710397765272173
53170	-0,010283425676309379	53170	0,020489027855941297
53180	0,015003049756723985	53180	-0,0015446584796226944
53190	0,010160293915870287	53190	0,0020133259008133278
53200	-0,015997347909137333	53200	0,0088578157169299544
53210	0,001747917057930774	53210	-0,011036263006736088
53220	0,002152964303618634	53220	-0,0048865587842054827
53230	0,019877155294904469	53230	0,0073756713874252181
53240	-0,0072161342668147195	53240	-0,0040261640979189087
53250	-0,0043687903463823907	53250	0,0068849134929671232
53260	0,0015782916280542892	53260	0,0024033670211961043
53270	-0,013475733855367173	53270	0,0043887365345611738
53280	0,0059327100552329613	53280	-0,0028667250150526346
53290	0,00150488570795192	53290	0,013826646197187011
53300	-0,0045029974687658273	53300	-0,01399448070113078
53310	0,0083677381991475556	53310	-0,0021624487245813758
53320	-0,023025838730496052	53320	0,0078301870602802918
53330	-0,010210467972160462	53330	-0,0013723831717787746
53340	0,00017347472074869883	53340	0,00494857173980053
53350	0,0020813324885731663	53350	0,012190121774498741
53360	0,0032853292895348553	53360	0,015295437692503518
53370	0,0046948592721444242	53370	-0,013322155120361503
53380	0,013003567210761175	53380	0,0090994878791914764
53390	0,0026887309306964464	53390	0,00073943267111394051
53400	0,0062690456294185182	53400	-0,0025251182931213391
53410	0,0059663687548927946	53410	-0,00059825642900008657
53420	-0,00057847457661518	53420	0,0011301689371043249
53430	-0,012016313836902234	53430	0,0058826916617338281
53440	0,0051685898268864078	53440	-0,0049181050765061494
53450	-0,01773514088862696	53450	0,0176583088989691
53460	0,027386112791377364	53460	-0,00042335721526772722
53470	-0,0069591122999018264	53470	-0,0023881172660295915
53480	0,0084119962265853	53480	0,0015409589517424247
53490	-0,0071220969500366627	53490	-0,010727693824832138
53500	-0,0051813292899341029	53500	0,005314938093499106
53510	-0,011569685530288983	53510	-0,0069202415796745112
53520	0,0097968529043397819	53520	0,0012334056302379236
53530	0,01861361171398607	53530	-0,00655315684441669
53540	-0,013286402323579586	53540	-0,0018636648343298523
53550	-0,00073584977713547111	53550	0,017333287825416842
53560	0,0012269499711796944	53560	-0,021107576023153874
53570	0,00067315767442521009	53570	0,0051117118270379664
53580	-0,010380742909540821	53580	0,00689114912234564
53590	0,0018982534172878017	53590	-0,00066753084494210646
53600	-0,0012889678232865535	53600	0,0028995973469646348
53610	0,010213493389798149	53610	0,00035213473861439164
53620	0,011516355111607458	53620	0,010501158316653618
53630	0,0056740748115114035	53630	0,0048385811695257049
53640	0,0034669768283850655	53640	-0,00035097243321931748
53650	0,0001810285957503294	53650	-0,0071667528852984693
53660	-0,0059582550757980024	53660	-0,011906619038579699
53670	0,0023920378894559911	53670	0,011184061174542849
53680	-0,0164852333971814	53680	-0,013892820391612123
53690	-0,0038867877594965985	53690	0,0073973083812477547
53700	-0,00032640726526215146	53700	0,0048153305184303616
53710	-0,00661710082880778	53710	-0,0076182014284798122
53720	0,0074875472005480111	53720	0,00058245709007752355
53730	-0,011738470728938934	53730	0,0010644622018544064
53740	0,0040508707323396341	53740	-0,0036231289630923348
53750	-0,0056381342246952055	53750	-0,0079389968332852483
53760	-0,014319398962389665	53760	-0,0061432231960828363
53770	0,001313659738758985	53770	0,0010846604321929265
53780	0,0010868486788177681	53780	0,0025685308441327011
53790	-0,0060025077897800077	53790	0,0042440643826186708
53800	-0,00072886483063865754	53800	0,0027475395826078979
53810	-0,0059599331185481432	53810	-0,0047530946917189541
53820	-0,014506685179842906	53820	-0,0025164038843714181
53830	0,0060627206327739771	53830	0,010973422803440984
53840	0,0042215775788282481	53840	0,0063718585522281029
53850	0,0046929881555586479	53850	-0,011352781792974883
53860	0,010103388069619143	53860	0,0022789815439168411
53870	-0,0057187078989875389	53870	-0,00839149991897491
53880	0,0054127148726686248	53880	-0,0083892827254979773
53890	-0,0025483083561980754	53890	0,0035718855660542056
53900	-0,0039418450474460317	53900	0,0003603245804026086
53910	0,014819287398270258	53910	-0,013430494420964624
53920	0,0017911634173215392	53920	0,0016976487625758002
53930	-0,0076347183117721268	53930	-0,0043654100871080266
53940	-0,000702389875126673	53940	-0,0050292637612113352
53950	-0,0057808615368887262	53950	0,0079845168114044476
53960	0,0015207542278155505	53960	-0,0086049085047228847
53970	-0,0029770565815602219	53970	0,015063448918497421
53980	0,0014277090132790182	53980	-0,0010945109017384672
53990	-0,001414334448370995	53990	-0,0040139274332886363
54000	-0,00931850323258901	54000	0,0010036233823414332
54010	0,0026175372279129668	54010	-0,003210828777313593
54020	-0,0049545762124447506	54020	-0,0070726522497177539
54030	0,0031037188860566149	54030	0,007598338694791624
54040	-0,0029905829487288657	54040	-0,011046924030628425
54050	-0,015327061423000681	54050	0,0044278553957269777
54060	-0,0022115786094557294	54060	0,012754149160005512
54070	0,0084151034368795171	54070	0,0067869389807486431
54080	0,0030238524488322921	54080	-0,0064849681998216608
54090	-0,020301201302290552	54090	-0,0072028783717589728
54100	-6,4518667993842838E-05	54100	0,0057661947939900279
54110	0,018292267704403592	54110	-0,011534871978200306
54120	0,0070156376185106584	54120	0,013807207898289393
54130	-0,01248810278188022	54130	-0,027467147051497005
54140	-0,00051509769906904468	54140	-0,00048638953691113171
54150	-0,0067655938978636023	54150	0,0059421834065840054
54160	0,0071777231263985084	54160	-0,0071987119580748556
54170	-0,0023696467498549724	54170	0,003415069813839218
54180	0,0063589270737024689	54180	-0,0044293900142071754
54190	-0,015045531171171765	54190	0,011126044278812355
54200	0,0059091769631163535	54200	0,0097234651415789054
54210	0,014654811164396991	54210	-0,003232105051889457
54220	-0,0046925876612925214	54220	-0,0015861104662441446
54230	-0,0099422026610628614	54230	-0,0031922811069879631
54240	-0,00591776115008278	54240	-0,004834899014442613
54250	0,0033603064876207714	54250	-0,0069052333444939423
54260	0,0091009435349739629	54260	-0,012926122593997577
54270	-0,006236306848618956	54270	-0,0071676453348943443
54280	-0,0051020123521639781	54280	0,0045873561682933228
54290	0,026550600994667883	54290	-0,0041535111122596958
54300	0,0055659205294267431	54300	0,0027040230208763552
54310	0,0092977105987032422	54310	0,003855273218088478
54320	-0,017930747824404954	54320	0,004791000675203559
54330	0,0070165701905200786	54330	-0,0037550330002974063
54340	0,018295608629720538	54340	-0,00019341909731288587
54350	-0,0088208491542630437	54350	-0,0049530085758372061
54360	0,014927439301153742	54360	-0,012118416461256595
54370	-0,014190699105277276	54370	-0,00075228722346517229
54380	0,0087753438676299918	54380	0,00847822376253623
54390	-0,0018451152028488012	54390	0,00027268808249929894
54400	0,0090106471736024919	54400	0,0056470406036757794
54410	0,005976592130754247	54410	-0,005741902966506395
54420	-0,0032725662292480816	54420	-0,0062286386581409739
54430	0,0033446967743916305	54430	0,00043513317501637876
54440	-0,0086851090692763241	54440	-0,009846916164402926
54450	-0,0086303336186433679	54450	-0,0085366533526425956
54460	-0,00217619060219745	54460	0,0027919659444853788
54470	0,00045396356437460758	54470	-0,0012533418436957208
54480	0,017601075503375484	54480	-0,011350725424377072
54490	0,017776206549814318	54490	0,0034107628662627429
54500	0,0020306499844582947	54500	0,0088234318256984866
54510	-0,0042636644414336235	54510	-0,0030258186660434561
54520	0,0022671800463078193	54520	-0,0093877414030859325
54530	5,0098996958797649E-05	54530	0,012831658301605096
54540	0,0013422652892059984	54540	-0,0081042944119099642
54550	-0,011678711552810748	54550	0,0037871034755493907
54560	-0,0069592706873367648	54560	0,0099677458113439955
54570	0,00089966041215502781	54570	0,00052277427430580262
54580	0,00079010657852338117	54580	-0,0089609093278071924
54590	-0,00484267912297206	54590	0,0054111294497548737
54600	0,008648328643475969	54600	0,0014841156068078904
54610	0,0031132086190672763	54610	-0,017988279763978033
54620	-0,0010256344952184746	54620	-0,061311071754712732
54630	-0,0038278360772567724	54630	-0,13978570045481834
54640	0,0087894686278140854	54640	-0,19678124039041736
54650	-0,012857356329368411	54650	-0,26710130618679834
54660	0,014680403781935988	54660	-0,35419276529464994
54670	-0,00012317670014881887	54670	-0,40779861691607605
54680	0,0033859241602245812	54680	-0,43396026372513236
54690	-0,00097989835410252843	54690	-0,40460377058952018
54700	0,01348033916300034	54700	-0,33315296669850125
54710	0,00077514331607695481	54710	-0,30772443036469355
54720	0,13419880063502543	54720	-0,17971469607133517
54730	-0,013114885797293899	54730	-0,16527251698880063
54740	-0,007608224568053319	54740	-0,34269013756467903
54750	-0,0024489175249550483	54750	-0,33206251496541728
54760	-0,050673653980611987	54760	-0,1510292883392865
54770	0,097348042221441972	54770	0,097062797584129987
54780	0,021800979424830832	54780	-0,081301614126823935
54790	-0,18555493067768741	54790	-0,0089954463877727729
54800	0,16752407098927233	54800	-0,0090750571987411582
54810	-0,130964586750636	54810	0,59562021545525679
54820	-0,076170725667976211	54820	0,74589233104323249
54830	-0,0447253925569015	54830	1,3922143569955925
54840	-0,060705623901607553	54840	1,6755811498208764
54850	0,066758588213961689	54850	1,2925324362207109
54860	0,032447422190349573	54860	1,1589962892972607
54870	0,089057403762308571	54870	0,99161194260077545
54880	0,14595094889718752	54880	0,66931283072630932
54890	0,096831712450647672	54890	0,33331327615799278
54900	0,0004500616492080587	54900	0,0061618188298419472
54910	-0,055522612207338888	54910	-0,13520112333032355
54920	-0,074332655232463032	54920	-0,11557953672813148
54930	-0,11572488606585044	54930	-0,051995638828868283
54940	-0,0824073961164154	54940	0,031437338519512165
54950	-0,0541505955261553	54950	0,076538539168638564
54960	-0,045584478325025213	54960	0,12609619074381173
54970	-0,016676003205597544	54970	0,0219139698125952
54980	-0,036926477954739814	54980	-0,26532238796021768
54990	-0,014873884237052919	54990	-0,48205692556301782
55000	-0,020907910164947637	55000	-0,56243511436955429
55010	-0,02103263723904418	55010	-0,55915076689275811
55020	-0,016723759529879825	55020	-0,48433994213332632
55030	-0,030268848579920696	55030	-0,33369252591833715
55040	-0,022071230022947842	55040	-0,1866129873733664
55050	-0,029298060717879368	55050	-0,045698806042212228
55060	-0,032142077017859927	55060	0,049381828975377129
55070	-0,019690776226128491	55070	0,085929221145580839
55080	-0,01136210255047531	55080	0,097834402437110363
55090	-0,036879686879686395	55090	0,088132549974793181
55100	-0,025188231987797759	55100	0,064900449713593961
55110	-0,03507551678294233	55110	0,0279000405407936
55120	-0,018350485494378441	55120	0,036360580580981773
55130	-0,030130006415176602	55130	0,031093416843743688
55140	-0,018212745787132955	55140	0,038823335780011257
55150	-0,0069227618871035082	55150	0,05246542128839396
55160	-0,031866029400394007	55160	0,065991036365307038
55170	-0,01227856076754642	55170	0,082233861754970869
55180	-0,023149356841016936	55180	0,078290685220907735
55190	-0,021551640218446494	55190	0,081875023681168141
55200	-0,022414431488734107	55200	0,10214205227652048
55210	-0,041054527100782022	55210	0,083290104033502774
55220	-0,0076838785085827548	55220	0,10121429909313531
55230	-0,021552058637612594	55230	0,090684212463076966
55240	-0,024903560950601377	55240	0,098872144524611613
55250	-0,029372497577265663	55250	0,079222141053836986
55260	-0,027499050933339875	55260	0,086418398753067949
55270	-0,0070830561239317068	55270	0,10060410698225994
55280	-0,0321698364228017	55280	0,085374323241601519
55290	-0,039556248001433286	55290	0,087188536557449958
55300	-0,022080260007491363	55300	0,10292802992604423
55310	-0,028846775986476874	55310	0,094439743976002577
55320	-0,02485838817398188	55320	0,099531625300012846
55330	-0,029141302602805848	55330	0,095112474764475347
55340	-0,019921999963203166	55340	0,11354563657932848
55350	-0,017293274573666917	55350	0,091234308126033309
55360	-0,030139435497310359	55360	0,0844992575078847
55370	-0,026819040454146046	55370	0,096230615449934886
55380	-0,021050189510551889	55380	0,096197853323390967
55390	-0,01791466441474791	55390	0,084819466045978786
55400	-0,026154035799804094	55400	0,090229038737018166
55410	-0,027541463399098919	55410	0,099690599918575193
55420	-0,018177402177416715	55420	0,090273618108301326
55430	-0,0333389098042328	55430	0,090610972117854516
55440	-0,023502610055869618	55440	0,086108880900311352
55450	-0,016020032225720782	55450	0,095715599959220285
55460	-0,029647292738520122	55460	0,087733100895785593
55470	-0,02254299568239192	55470	0,08264609705646743
55480	-0,028580358854107472	55480	0,10179892117759547
55490	-0,028206638128031775	55490	0,10228992200165588
55500	-0,017953080726286819	55500	0,10658501877293423
55510	-0,029512067447341261	55510	0,08849346161337894
55520	-0,021359547824999527	55520	0,10339262288591739
55530	-0,023054783134400448	55530	0,092768436854876915
55540	-0,032000354321268853	55540	0,088009403495164631
55550	-0,020499595069854739	55550	0,099132162648891159
55560	-0,025189469320136156	55560	0,083598872109553787
55570	-0,01777807509566029	55570	0,092508505363235335
55580	-0,027615824570976066	55580	0,095277089459943815
55590	-0,036366810534780483	55590	0,094725099295600815
55600	-0,019027788393437949	55600	0,094618432696223415
55610	-0,019277611801167261	55610	0,10685727797457555
55620	-0,023536503052892756	55620	0,0812706793321598
55630	-0,023463504666334657	55630	0,09727585576058885
55640	-0,030500575075598894	55640	0,094002711660523222
55650	-0,019959191849911396	55650	0,089250617410565738
55660	-0,036991516702788642	55660	0,10968455660877619
55670	-0,018889272120349142	55670	0,082557408716749242
55680	-0,019087387405807763	55680	0,10940925134601842
55690	-0,025514220059017278	55690	0,10583758216955572
55700	-0,021110786586281131	55700	0,099522375745010924
55710	-0,022519332169148025	55710	0,0900533757599879
55720	-0,01548698255988795	55720	0,10598621918786738
55730	-0,028002354103075416	55730	0,085229503256266534
55740	-0,02255783102633584	55740	0,099065505848299262
55750	-0,013227845278498804	55750	0,099923093498071353
55760	-0,04398703088302261	55760	0,11096991976079099
55770	-0,019324014419287869	55770	0,10041339088532693
55780	-0,033782308480508172	55780	0,10717929627162218
55790	-0,015663729421965658	55790	0,10801290626093299
55800	-0,030282761397041575	55800	0,088938803844285846
55810	-0,031198898290459395	55810	0,087356118689019158
55820	-0,013811443905905968	55820	0,10202058376070715
55830	-0,027542687334474472	55830	0,1095535132388951
55840	-0,025072518005684	55840	0,081242893365642721
55850	-0,01464786266062465	55850	0,10250633379241329
55860	-0,038343888593617051	55860	0,095063945878643016
55870	-0,018630568433438559	55870	0,10160274634050867
55880	-0,020711568274799887	55880	0,10719888551502949
55890	-0,024927170599005052	55890	0,094977583138873875
55900	-0,020399223444156261	55900	0,093043747518119752
55910	-0,023186942706768004	55910	0,10389636068913864
55920	-0,024741752349497718	55920	0,10113335985401072
55930	-0,028680702517768313	55930	0,088299357881440707
55940	-0,027991515763634772	55940	0,085970610199684563
55950	-0,022435493798343645	55950	0,094018390010409958
55960	-0,044016106519872748	55960	0,092319764919102862
55970	-0,011323610593731456	55970	0,11007782250383789
55980	-0,028252045542711424	55980	0,095133871079708443
55990	-0,01773817610349971	55990	0,0770975871565732
56000	-0,00999084644746067	56000	0,088589313687943538
56010	-0,041679517858471342	56010	0,10418109971823465
56020	-0,029149626453443919	56020	0,084573341232820676
56030	-0,038996391811966596	56030	0,1033167706704451
56040	-0,028051019657750108	56040	0,095543439974532851
56050	-0,019143248231056217	56050	0,086286343672711124
56060	-0,035196525954700159	56060	0,10284613062675614
56070	-0,011890546393990176	56070	0,10208103690127664
56080	-0,037376702461922158	56080	0,093137514183378
56090	-0,030462800632170366	56090	0,092690061365098372
56100	-0,022555318495589737	56100	0,09307514194436052
56110	-0,0360081374679589	56110	0,096801842260659174
56120	-0,017941137497531821	56120	0,087729415619431622
56130	-0,019722775687753671	56130	0,10279291288972636
56140	-0,021302972269156669	56140	0,10738190975574467
56150	-0,012743699211907909	56150	0,10122249567299381
56160	-0,03094101381179673	56160	0,094321811371515171
56170	-0,011114824534936915	56170	0,089588978367713512
56180	-0,025089626446171829	56180	0,099530901744662739
56190	-0,033215909999547454	56190	0,098239577447533741
56200	-0,027146888393058656	56200	0,091856720289752086
56210	-0,030761395945612984	56210	0,0832067033532885
56220	-0,013013646937367803	56220	0,093792564281816176
56230	-0,019482820189188635	56230	0,082447186197200137
56240	-0,0343005463891613	56240	0,083629103805546764
56250	-0,03671874598837617	56250	0,092818254258018179
56260	-0,023014030995521486	56260	0,084358104323263114
56270	-0,024496640437987414	56270	0,10745541744455177
56280	-0,028879345213843985	56280	0,10324608435344237
56290	-0,008104851537947726	56290	0,096275119078057039
56300	-0,0263376785329777	56300	0,10287396205612867
56310	-0,035160697265825748	56310	0,087490483975298239
56320	-0,021715200284625289	56320	0,0977853351662625
56330	-0,033749356268872592	56330	0,0881990616925181
56340	-0,0235434720448152	56340	0,098855052505459909
56350	-0,01963129467803414	56350	0,0961037745562739
56360	-0,031470248613403209	56360	0,094748232541119984
56370	-0,030073762280154123	56370	0,097200986744556336
56380	-0,031641376577952039	56380	0,10655329135375805
56390	-0,022321974174754414	56390	0,09811769126801817
56400	-0,029439987497775655	56400	0,10913096220897188
56410	-0,047343765127469996	56410	0,092422862587622917
56420	-0,011480198174353907	56420	0,088906090018780887
56430	-0,020174786868704907	56430	0,093324872422449745
56440	-0,016784935627042447	56440	0,10412317003877426
56450	-0,021923654731060106	56450	0,089110808599035168
56460	-0,03843066622232405	56460	0,10028522073322055
56470	-0,017737378163577018	56470	0,10056248088113862
56480	-0,023046462770913385	56480	0,097180842427057892
56490	-0,026959869508112095	56490	0,080482697110067586
56500	-0,033060098381670434	56500	0,10644667669489498
56510	-0,04054157402635479	56510	0,0914001309996783
56520	-0,018701694951668665	56520	0,09135340657447695
56530	-0,016086577836834044	56530	0,094536926829737009
56540	-0,028837931516965062	56540	0,10855979254328835
56550	-0,013248381598223103	56550	0,10658166323208815
56560	-0,029378678620365983	56560	0,083610562815957759
56570	0,001836322296015998	56570	0,10331970578158242
56580	-0,024291783593995888	56580	0,095963189649160091
56590	-0,025445710015435316	56590	0,10205935127537415
56600	-0,029948662559755666	56600	0,094287709475551082
56610	-0,033269733309851814	56610	0,10638185918404863
56620	-0,016638481815094291	56620	0,091631256629943786
56630	-0,022646683446363176	56630	0,10275190589761216
56640	-0,018530699315584653	56640	0,095094905651025852
56650	-0,01983565178692983	56650	0,10166964137003595
56660	-0,033300156095042381	56660	0,10052677317128106
56670	-0,028492274700492239	56670	0,085394496927517688
56680	-0,031794061094802352	56680	0,095760306006836687
56690	-0,023397549753731563	56690	0,10211243569056626
56700	-0,013682157946986566	56700	0,089597754162694984
56710	-0,0349929894848661	56710	0,10256136297651559
56720	-0,023815488350499927	56720	0,087455337562522162
56730	-0,019703033062404753	56730	0,098223435318740268
56740	-0,031807087760584711	56740	0,0943045915407012
56750	-0,015646823179897521	56750	0,097127782034824917
56760	-0,039528363328143641	56760	0,097218742861720608
56770	-0,025818334617771905	56770	0,094999595110187712
56780	-0,029914572311169483	56780	0,0935206016680491
56790	-0,01737232036476518	56790	0,09066874565343265
56800	-0,023660831862575313	56800	0,098438606470265713
56810	-0,038514113072707565	56810	0,082587082287631258
56820	-0,022722852622199915	56820	0,094400370782156129
56830	-0,047051975452281306	56830	0,094738970492667968
56840	-0,027284684020272364	56840	0,10342874742194178
56850	-0,020458383156646696	56850	0,096733736185484628
56860	-0,02059803275165395	56860	0,087848218411039083
56870	-0,023573248769018292	56870	0,1007818609248633
56880	-0,024583686017997146	56880	0,083991897738820973
56890	-0,027437469158015027	56890	0,10241315079097445
56900	-0,028864813410973269	56900	0,0935575236714384
56910	-0,040361492765385767	56910	0,086273846162863516
56920	-0,011327570338504981	56920	0,091425354213981125
56930	-0,018549589107700087	56930	0,095707105148077912
56940	-0,031573123774235566	56940	0,097629766528920012
56950	-0,012604952949257944	56950	0,10051041798025592
56960	-0,037578193211934126	56960	0,10245043111279845
56970	-0,027281073602680558	56970	0,094299198829385533
56980	-0,029404611048123024	56980	0,0997015887416797
56990	-0,035605270121087433	56990	0,091694879940750346
57000	-0,020213736987323625	57000	0,093533534449341177
57010	-0,031003409071560194	57010	0,095591844237564991
57020	-0,010815615023424752	57020	0,094057016528372089
57030	-0,018996683763279017	57030	0,10318066020929784
57040	-0,040006583696830009	57040	0,0855807624000043
57050	-0,00892124711546135	57050	0,0972875261475012
57060	-0,035889923958506154	57060	0,099562592270439482
57070	-0,016809694718364944	57070	0,086987455792850985
57080	-0,029507018837353668	57080	0,096368956639232631
57090	-0,023236752611893393	57090	0,10109550829768949
57100	-0,021185344365643767	57100	0,10840076880629504
57110	-0,030631109839884488	57110	0,08413526666933209
57120	-0,024830974533822953	57120	0,083885437986072939
57130	-0,015671685429781004	57130	0,093283889809694251
57140	-0,032500254837943179	57140	0,099880140344137461
57150	-0,017006194226201438	57150	0,10141567200125294
57160	-0,0373786931165592	57160	0,096560109954404866
57170	-0,018140187102481085	57170	0,10165128053423547
57180	-0,026303366242504636	57180	0,089124447616049526
57190	-0,028528311337658267	57190	0,093697815793196915
57200	-0,030221408358123151	57200	0,10909269475365951
57210	-0,03915224143773232	57210	0,095967813734685409
57220	-0,013021444412057163	57220	0,091225473910363647
57230	-0,028307417585357923	57230	0,088768110874109046
57240	-0,037448546214816032	57240	0,098277702052891436
57250	-0,022036871641455694	57250	0,094744641053775558
57260	-0,042551510260686029	57260	0,088530474044054966
57270	-0,025343967726051422	57270	0,10773371895005178
57280	-0,031097073363102939	57280	0,098627174477901119
57290	-0,014301553973435178	57290	0,087248422243899518
57300	-0,00092962075170137934	57300	0,0997526899797315
57310	-0,039522013019256182	57310	0,094478261459437052
57320	-0,029877014841115976	57320	0,10828713648424265
57330	-0,025875286147071668	57330	0,10472320307915362
57340	-0,014996609787871547	57340	0,086895211019840893
57350	-0,022753437958548093	57350	0,094432201341957234
57360	-0,025637935443914208	57360	0,10112258039248787
57370	-0,033504734183555145	57370	0,10311718190476221
57380	-0,02320118901869235	57380	0,094047417506607708
57390	-0,028819310136347264	57390	0,094624548066166644
57400	-0,014518949349419759	57400	0,094674653593238844
57410	-0,023720460512600221	57410	0,097559509266017586
57420	-0,027978557035185269	57420	0,096305800131869734
57430	-0,018810863711565446	57430	0,091102466540628646
57440	-0,041818363583337279	57440	0,093127569577314329
57450	-0,032838455220339215	57450	0,10472667982312112
57460	-0,033698524366911793	57460	0,10381646497965932
57470	-0,025224779912506073	57470	0,091141965867134939
57480	-0,031640424811997185	57480	0,088984937870138781
57490	-0,02597692563578935	57490	0,099442341918564547
57500	-0,013162062077669727	57500	0,0962335501389147
57510	-0,0253906237345948	57510	0,10559527492692396
57520	-0,028810163746348934	57520	0,10326533241904144
57530	-0,016636409882903522	57530	0,094269659656522675
57540	-0,02925385805420069	57540	0,094140550732687608
57550	-0,028924760695723143	57550	0,094150135770155921
57560	-0,028775255977157944	57560	0,087634137393065081
57570	-0,019010506232889711	57570	0,091624617104652639
57580	-0,04203746846752672	57580	0,097234005029953025
57590	-0,017784353857015114	57590	0,084249080770873522
57600	-0,012537704493376538	57600	0,090984574956689462
57610	-0,039112566965077575	57610	0,07943746350898738
57620	-0,021855436993468806	57620	0,11022225778769855
57630	-0,030790460414915108	57630	0,10862715723351223
57640	-0,032117776963882	57640	0,097848442064310787
57650	-0,030468214994916691	57650	0,0784288211174353
57660	-0,024728189534986053	57660	0,11267408783774653
57670	-0,028044166180783179	57670	0,091058588465450216
57680	-0,025533521835367914	57680	0,095167773573376538
57690	-0,034846710762678562	57690	0,095328875634099419
57700	-0,009921684134724832	57700	0,11095478468491975
57710	-0,031550664831967674	57710	0,086171022992067636
57720	-0,01662537448540501	57720	0,0959902312383702
57730	-0,026160445934479221	57730	0,095297130368140567
57740	-0,027661740060109727	57740	0,099495757654885844
57750	-0,024844965136558768	57750	0,10827740464097026
57760	-0,031886719884912443	57760	0,097975438558957392
57770	-0,0203237908501209	57770	0,08849781091359038
57780	-0,015195861460027396	57780	0,10447295133610979
57790	-0,03102541718571666	57790	0,10911937057675196
57800	-0,0271248951874479	57800	0,086634182625375145
57810	-0,037631086449056585	57810	0,088200529149513943
57820	-0,011120330858792984	57820	0,11062313975914472
57830	-0,02871310863172143	57830	0,098860772145055162
57840	-0,032508346716143686	57840	0,085196359476342326
57850	-0,0059678584340747635	57850	0,087504434422607968
57860	-0,028235665138223055	57860	0,099240666882953812
57870	-0,019351999966084991	57870	0,088434171614065832
57880	-0,037101252008974954	57880	0,091964042409050567
57890	-0,01781606249515115	57890	0,079995417578473144
57900	-0,017857340816050511	57900	0,09860828976372786
57910	-0,03291734866830897	57910	0,084858448437267656
57920	-0,032419732839405267	57920	0,11362219646559942
57930	-0,024128491433110206	57930	0,075488250689253786
57940	-0,030842362774257594	57940	0,090543852086440127
57950	-0,024302208295114511	57950	0,088935706044553461
57960	-0,031047005824618442	57960	0,0903195608935187
57970	-0,023769492102428159	57970	0,088024434466311252
57980	-0,026852808833328131	57980	0,097173598411337464
57990	-0,026596890722997226	57990	0,092263375871693878
58000	-0,017028317703503236	58000	0,10628693370964622
58010	-0,015397976754062515	58010	0,10190410266232178
58020	-0,024089241493179508	58020	0,098419872607813971
58030	-0,019279906764735573	58030	0,091721875203902015
58040	-0,032360953238969516	58040	0,0951235007066749
58050	-0,023068305178907025	58050	0,08639249655421978
58060	-0,026827455617702108	58060	0,0883315830828651
58070	-0,023754353966259481	58070	0,090700950476891987
58080	-0,026434538275449674	58080	0,099547967869775808
58090	-0,013576249912259666	58090	0,099287556990862613
58100	-0,018202120677283495	58100	0,098844241877073261
58110	-0,029384028259090894	58110	0,10585475863088079
58120	-0,0089148868383674539	58120	0,10121198927508524
58130	-0,026982376161836873	58130	0,10557621910629504
58140	-0,027804913328589087	58140	0,097326057288083009
58150	-0,026827576024894384	58150	0,094783336722736991
58160	-0,028744479156528863	58160	0,10053849972698982
58170	-0,0334918894007101	58170	0,092461213225597041
58180	-0,019708849314852554	58180	0,088912471335329354
58190	-0,034293547864054648	58190	0,093818122774333559
58200	-0,0046187216121809961	58200	0,10556423532630985
58210	-0,029080509997107647	58210	0,0821413457360943
58220	-0,036127297269861532	58220	0,087350581731784185
58230	-0,018769615998425405	58230	0,096201151228008722
58240	-0,026771705325642447	58240	0,098368840699857782
58250	-0,012681302674146517	58250	0,095689917064256558
58260	-0,029056976805257286	58260	0,10777953567273463
58270	-0,020406840944458306	58270	0,081693510085774038
58280	-0,018655677461550085	58280	0,10524884484841021
58290	-0,040996198601868171	58290	0,091248149122096139
58300	-0,016805862953203059	58300	0,0977096197667076
58310	-0,032012667380472606	58310	0,086925154049509068
58320	-0,028892110813147329	58320	0,088391500012026322
58330	-0,011437380916955909	58330	0,086943314608546277
58340	-0,03065659140888876	58340	0,098869735603993078
58350	-0,018073818860210405	58350	0,094218771319206224
58360	-0,055120599918409147	58360	0,0958862433057784
58370	-0,029813611951315693	58370	0,091889055734026073
58380	-0,028251109511286589	58380	0,0954486446429533
58390	-0,025278800932222165	58390	0,08876966112882137
58400	-0,016363147939486868	58400	0,11613384405091606
58410	-0,033954189218299992	58410	0,088170360241835152
58420	-0,0157363874891062	58420	0,1146555130311535
58430	-0,022636369440979021	58430	0,082562304799678327
58440	-0,028868863246497064	58440	0,10655024833151292
58450	-0,010711428136256321	58450	0,099776565514474724
58460	-0,033393501203504684	58460	0,08615829795211144
58470	-0,020144707618783776	58470	0,0916806027181367
58480	-0,035566203631648662	58480	0,10496250009306717
58490	-0,032114608039315956	58490	0,093675143545754028
58500	-0,0026381318264494034	58500	0,10706776827940566
58510	-0,029181221887844607	58510	0,09548723211569711
58520	-0,035749542242264905	58520	0,1009774323276955
58530	-0,032207068132537271	58530	0,089931445834617443
58540	-0,023298487295445869	58540	0,095629339596422572
58550	-0,030052433733520924	58550	0,10049856060949444
58560	-0,026653886874065492	58560	0,097537923656264514
58570	-0,027085486434756792	58570	0,0925511054945505
58580	-0,021567226503399178	58580	0,095485038367384
58590	-0,030810254978455145	58590	0,10215405468027416
58600	-0,014360383617185538	58600	0,097896401790946969
58610	-0,027215511185616111	58610	0,096257716246495373
58620	-0,032543024706902707	58620	0,099265881256667216
58630	-0,02517628646462582	58630	0,090013133933618233
58640	-0,024357077200634507	58640	0,086031015547956571
58650	-0,029384083197611717	58650	0,0940647425372613
58660	-0,040730155317992053	58660	0,099283418499025139
58670	-0,027935736249575398	58670	0,083710176829208158
58680	-0,025154099947793405	58680	0,10139908702190378
58690	-0,022852529301258726	58690	0,084792280097947065
58700	-0,020917600343028895	58700	0,093804070504433762
58710	-0,036475055425964825	58710	0,10250256336585707
58720	-0,020890482088620873	58720	0,10359006525390437
58730	-0,034512738912584016	58730	0,10924127817981476
58740	-0,018947098786261593	58740	0,084657659790112222
58750	-0,019490945277407426	58750	0,10680619232070988
58760	-0,038383448471887946	58760	0,10003068570887982
58770	-0,034993074576980518	58770	0,091218849753004191
58780	-0,024684801905256321	58780	0,079661122430561393
58790	-0,024891705090848985	58790	0,10575271499991659
58800	-0,022591693178785666	58800	0,0785566556680659
58810	-0,031642267044898954	58810	0,10930478109488692
58820	-0,017360914383637318	58820	0,0992459180696731
58830	-0,019708915508084419	58830	0,08427922570629498
58840	-0,031950851762884612	58840	0,10066333807228589
58850	-0,022206186187430463	58850	0,1083352391723643
58860	-0,034137993107979658	58860	0,09840410880311766
58870	-0,018592040578370998	58870	0,088985258483267216
58880	-0,030463554760913905	58880	0,07401728218493224
58890	-0,025400802508445716	58890	0,098186616369220589
58900	-0,014343499392860955	58900	0,086467804904786616
58910	-0,039492456452279785	58910	0,10084551335691044
58920	-0,029048053390871173	58920	0,092838592589888511
58930	-0,035124799936037086	58930	0,086855351767327671
58940	-0,02646488442716919	58940	0,093825720069725241
58950	-0,017848249167203508	58950	0,1038054551340489
58960	-0,0316845158427155	58960	0,10697489844019324
58970	-0,012495676445141709	58970	0,10257665050397948
58980	-0,027532654678736806	58980	0,09297573230563079
58990	-0,027708094375399461	58990	0,081070787210345233
59000	-0,025406784164093105	59000	0,0956308693144314
59010	-0,034359796667134845	59010	0,086277323047660115
59020	-0,026461388090402178	59020	0,11337639137443022
59030	-0,027377358005913833	59030	0,0895257786269295
59040	-0,036829777289410337	59040	0,08461176770414755
59050	-0,0087842570466844863	59050	0,093865573533354091
59060	-0,047960453618619267	59060	0,096608670166668686
59070	-0,023958165986714092	59070	0,096713254867954263
59080	-0,025231942515132638	59080	0,088069711231986467
59090	-0,039086059833184479	59090	0,10018607607190992
59100	-0,019033423887008981	59100	0,098773065083237535
59110	-0,023736655081487902	59110	0,095385115365657233
59120	-0,02921514233361917	59120	0,1010821482374452
59130	-0,01951619828892831	59130	0,096969883368666077
59140	-0,017968043935662	59140	0,10045578870314792
59150	-0,014990371282291061	59150	0,091182420038247849
59160	-0,031509079669532335	59160	0,095126970565628785
59170	-0,023028312679017646	59170	0,10734119090135275
59180	-0,025027409703484372	59180	0,0908024490779748
59190	-0,025632016682012287	59190	0,092645678775434226
59200	-0,00984126809783647	59200	0,10492461760026614
59210	-0,030748124230220292	59210	0,080366901957585085
59220	-0,030129385921953765	59220	0,091449351665836148
59230	-0,022723959043548569	59230	0,0978871753077661
59240	-0,038095477852871762	59240	0,092378740753643412
59250	-0,012973569839119341	59250	0,085983618091902511
59260	-0,026550394417032389	59260	0,10162911230905164
59270	-0,027909292133163857	59270	0,098979642657984618
59280	-0,017346639130955143	59280	0,0854148297846208
59290	-0,028426017579073273	59290	0,09703417917923636
59300	-0,015484631238788588	59300	0,10521988217018152
59310	-0,032861510297459685	59310	0,096288966111377022
59320	-0,01513759087541325	59320	0,094283505581481464
59330	-0,03865847515639538	59330	0,080195966703217839
59340	-0,03072929493403892	59340	0,093220917452733
59350	-0,0173581274711196	59350	0,10324806971240978
59360	-0,022882481802930156	59360	0,090632126045721115
59370	-0,029552524498834075	59370	0,10686084514861731
59380	-0,033453418908371835	59380	0,11248714145636551
59390	-0,027785256864745641	59390	0,087680635892905631
59400	-0,022258914436927804	59400	0,092432418414974751
59410	-0,031050159332275677	59410	0,10629455390916492
59420	-0,026337137207134344	59420	0,10528415628269627
59430	-0,03508184410371195	59430	0,0884001640123976
59440	-0,030085421867565965	59440	0,09407734290733577
59450	-0,016411963450832685	59450	0,08891865387293113
59460	-0,038285423301764696	59460	0,10773240135262953
59470	-0,0095545538564804945	59470	0,09757557599684416
59480	-0,016606060047973468	59480	0,09190458516050834
59490	-0,041902194972415985	59490	0,094136321519362631
59500	-0,026352789583886	59500	0,1040644863287209
59510	-0,035387782419938764	59510	0,088085861859033845
59520	-0,024391953184150744	59520	0,094651943759309326
59530	-0,025339182775755736	59530	0,10631494937628178
59540	-0,021183021901295632	59540	0,097084993295555366
59550	-0,0040611943481790314	59550	0,091621873319159539
59560	-0,033657165015173914	59560	0,094618100384864692
59570	-0,022681377195807546	59570	0,0969481313665057
59580	-0,016414293124053139	59580	0,08057121510832331
59590	-0,024594393820131556	59590	0,098120753263813545
59600	-0,018646534987177114	59600	0,091042913661476862
59610	-0,025216268550598914	59610	0,1186922507603211
59620	-0,0325299609445012	59620	0,10905671043789852
59630	-0,025268888949913134	59630	0,087240380258137337
59640	-0,031855680861314031	59640	0,082624443769599432
59650	-0,01654113590865414	59650	0,11319277905977994
59660	-0,033459855719748424	59660	0,080937775978312726
59670	-0,023939969978898617	59670	0,09543087351971917
59680	-0,013102518959061027	59680	0,086659084480745011
59690	-0,025143623705224664	59690	0,0969314977579102
59700	-0,020945733726118586	59700	0,089511498996850417
59710	-0,043547113152034383	59710	0,092336372707360531
59720	-0,035847938331282136	59720	0,10341020558325409
59730	-0,021369046519787094	59730	0,095532772381108549
59740	-0,03518253350910331	59740	0,0938580806029009
59750	-0,0043456483845540463	59750	0,10317518442059089
59760	-0,036657284324372257	59760	0,10191316712780564
59770	-0,03158068820993213	59770	0,086932023700341282
59780	-0,016188862978600213	59780	0,089395691676884409
59790	-0,03070450808828902	59790	0,094749798275925459
59800	-0,016963656651852236	59800	0,089735684191518089
59810	-0,036255709491095613	59810	0,096750166909983754
59820	-0,0261721362788477	59820	0,109530787720684
59830	-0,0399717471595637	59830	0,095228056967346444
59840	-0,0331081780736731	59840	0,0884273258632845
59850	-0,0084774675017670123	59850	0,0960060075379599
59860	-0,025885951199903261	59860	0,10683321783399488
59870	-0,012967343527931368	59870	0,089048721122718486
59880	-0,025648709105099782	59880	0,091401330391743488
59890	-0,03429973441721746	59890	0,10034256516179452
59900	-0,029055922589165138	59900	0,10085851833426079
59910	-0,028637344875150666	59910	0,083351885120576535
59920	-0,024853804973387558	59920	0,090086510238490847
59930	-0,020735053844214226	59930	0,10716496668369567
59940	-0,032561470279527875	59940	0,09308848440693393
59950	-0,021017354120035948	59950	0,10208097457869651
59960	-0,028801999590217071	59960	0,092815343928830257
59970	-0,019185490644551734	59970	0,086131608903584039
59980	-0,021746141946964035	59980	0,10210985445137347
59990	-0,040347755852592537	59990	0,10107694032154421
60000	-0,019240194911637157	60000	0,0970334075573921
60010	-0,029379333730279483	60010	0,080280323114921767
60020	-0,025395723859586734	60020	0,10612233433223339
60030	-0,013845233898044276	60030	0,092642966946405253
60040	-0,03171235989235572	60040	0,10426950640332085
60050	-0,026256970086673888	60050	0,087232170990707431
60060	-0,022383566310203884	60060	0,093005523899513859
60070	-0,017850417252743059	60070	0,095567386707072974
60080	-0,025427574584324132	60080	0,10077391593621682
60090	-0,029643635583564993	60090	0,074829008403654432
60100	-0,014919373107641435	60100	0,09963756967431743
60110	-0,032277333355691391	60110	0,0929394550939052
60120	-0,017263338830265429	60120	0,097554167373164177
60130	-0,0306096642528056	60130	0,10669728419784093
60140	-0,027963196756962558	60140	0,091177378607651127
60150	-0,027942789823689758	60150	0,098523576573224761
60160	-0,023825270129941498	60160	0,0975010615132963
60170	-0,015149251443998283	60170	0,097469199705615364
60180	-0,022848822268479632	60180	0,09306293706424526
60190	-0,021262202797688406	60190	0,0932334365118996
60200	-0,014031062992539416	60200	0,1034782375609761
60210	-0,019555389493550766	60210	0,091387914472930709
60220	-0,028006881791796143	60220	0,092822847235521533
60230	-0,030545123560888062	60230	0,0948571065356457
60240	-0,03179708538700507	60240	0,092323969458601676
60250	-0,029014308954378447	60250	0,089898020867995226
60260	-0,025372833034217866	60260	0,10057801660176557
60270	-0,016774627849622456	60270	0,094894297102175451
60280	-0,015139706697842849	60280	0,0888153376167051
60290	-0,037540592284011944	60290	0,089120460200170365
60300	-0,024109228175696312	60300	0,10155081806949157
60310	-0,025598503394817632	60310	0,090648405201214088
60320	-0,03347201901644041	60320	0,081349804012634391
60330	-0,022065684876171904	60330	0,092561489657018478
60340	-0,036490871581556839	60340	0,085412657969937869
60350	-0,011225846750909934	60350	0,10387870770039383
60360	-0,0348891981444298	60360	0,088915822175908557
60370	-0,021551071335815561	60370	0,10681703124943573
60380	-0,022824888441366816	60380	0,098134423116294625
60390	-0,042108693465939068	60390	0,10696284028198577
60400	-0,018373945193614315	60400	0,093109912927725191
60410	-0,039424773444559552	60410	0,092616418916604937
60420	-0,028712897511861981	60420	0,096209176672186439
60430	-0,026375647259057958	60430	0,091892556671924627
60440	-0,035363087087612856	60440	0,10616818319283491
60450	-0,016463071919454078	60450	0,094427658875540277
60460	-0,014925539309977729	60460	0,097393096444662527
60470	-0,015909525256659372	60470	0,086020653866567251
60480	-0,020548431942090377	60480	0,10326637821277834
60490	-0,0408610977642904	60490	0,10235692359301463
60500	-0,023140445289623682	60500	0,10347449455739817
60510	-0,0099427519017158753	60510	0,078022647887273
60520	-0,028375320200545832	60520	0,10673073077742382
60530	-0,019086287660890336	60530	0,098391501096595224
60540	-0,033393043141969808	60540	0,0953853670633945
60550	-0,026374185431569955	60550	0,1075343177461114
60560	-0,035589122498602528	60560	0,090289962059341866
60570	-0,027053237278353865	60570	0,0837963129549325
60580	-0,027757602833106604	60580	0,098752031980698
60590	-0,02121360101140423	60590	0,090783469387164459
60600	-0,030173706253686657	60600	0,10613360426448756
60610	-0,022240505674161595	60610	0,084277234963949663
60620	-0,0229593381757461	60620	0,092337214930552566
60630	-0,024697239014236597	60630	0,099148822885394117
60640	-0,030574791338736	60640	0,093398118290487178
60650	-0,014076473007476961	60650	0,095166979226383022
60660	-0,015602768843392845	60660	0,10184261275645133
60670	-0,028145376477786515	60670	0,093932846585121479
60680	-0,024023009532082161	60680	0,099844825437460843
60690	-0,027570395254621426	60690	0,087662753363001319
60700	-0,015411791101812207	60700	0,10299843649496847
60710	-0,030153776051045841	60710	0,081890468895015681
60720	-0,031009680802572159	60720	0,093507050351155072
60730	-0,029669433822678084	60730	0,10243794316327229
60740	-0,032076889131268126	60740	0,10331545180003558
60750	-0,0091180932040723032	60750	0,10701792562427634
60760	-0,038629541810063256	60760	0,0874669806199487
60770	-0,026232026021832708	60770	0,10545875597443098
60780	-0,014452003172242272	60780	0,084461246507204629
60790	-0,020981356237840951	60790	0,09681261220807369
60800	-0,022504485224154078	60800	0,0920121954855389
60810	-0,041915652108617724	60810	0,09155435578534056
60820	-0,016634649104343653	60820	0,095769323873286044
60830	-0,024035487521972192	60830	0,097704289346104853
60840	-0,025165085085346903	60840	0,095693597298025818
60850	-0,016029535760214476	60850	0,092477281503346179
60860	-0,027725893969690708	60860	0,097846462956353783
60870	-0,027845851156306108	60870	0,09471750177015173
60880	-0,027967791624187891	60880	0,09528762393777078
60890	-0,024486527385011055	60890	0,083839914674347538
60900	-0,0063171129710129044	60900	0,12178088520140391
60910	-0,031349861253049664	60910	0,096269008223498029
60920	-0,024106657213241213	60920	0,10166868126070712
60930	-0,024142495209608098	60930	0,082721772559247383
60940	-0,034549205350070875	60940	0,093963221560951535
60950	-0,01881451043901779	60950	0,096066402780912177
60960	-0,019940318283950903	60960	0,10183423298938409
60970	-0,022400216740069791	60970	0,091803371170218293
60980	-0,016783969625312239	60980	0,094449837220353217
60990	-0,031827954622337694	60990	0,082736171328349026
61000	-0,0210016163932271	61000	0,0818186493988592
61010	-0,04791589966630054	61010	0,0933679484804387
61020	-0,027574818891739364	61020	0,10284142361943283
61030	-0,023642546578733981	61030	0,096167746527165782
61040	-0,030937278932836331	61040	0,10652631847844972
61050	-0,0038627537596676491	61050	0,10446803870801132
61060	-0,034683496873089137	61060	0,10310160875846777
61070	-0,025666696298880042	61070	0,11303942064515772
61080	-0,028633995002497178	61080	0,08679079122286687
61090	-0,037609733599054	61090	0,098353885923053233
61100	-0,0089522920463962832	61100	0,094506890156523027
61110	-0,02952679900152215	61110	0,088294142640589449
61120	-0,023563025127630362	61120	0,093510680091437967
61130	-0,026314214656694875	61130	0,086315196889525853
61140	-0,019924760785926584	61140	0,095813932038272528
61150	-0,024282673362505877	61150	0,0996124904533398
61160	-0,031590785901913526	61160	0,089628239628064058
61170	-0,037670527498704087	61170	0,082263476562842566
61180	-0,017049200731300534	61180	0,08255910990048157
61190	-0,040556201428219925	61190	0,10288853117926607
61200	-0,017098526586662038	61200	0,088133413112971612
61210	-0,028455916762588934	61210	0,092476042097967018
61220	-0,027977652911920382	61220	0,099050859544685052
61230	-0,019632960060319164	61230	0,10055122536410932
61240	-0,039401979872913433	61240	0,091111558802821249
61250	-0,01288531870233783	61250	0,10511491978751847
61260	-0,034695401519720476	61260	0,093318796369621926
61270	-0,028703689576997864	61270	0,094982010653521742
61280	-0,028531977990091984	61280	0,0905948269424517
61290	-0,020620579849218182	61290	0,089532367101179955
61300	-0,012813097284978252	61300	0,0976775336296286
61310	-0,033936029769611825	61310	0,092170745192074313
61320	-0,0304829692027312	61320	0,1014414730683071
61330	-0,018051188073990015	61330	0,099112669658447852
61340	-0,019455046024100496	61340	0,0939843777155
61350	-0,0092632870291075257	61350	0,11322636254400788
61360	-0,046682842152710166	61360	0,084484365518163129
61370	-0,031975913807568306	61370	0,093407281408509651
61380	-0,015255156268344994	61380	0,093578062096612125
61390	-0,02626612028727195	61390	0,085561934644018761
61400	-0,028760277272878158	61400	0,097672088631036214
61410	-0,033637518841443427	61410	0,099120787651155076
61420	-0,017307991916547895	61420	0,10865643379991613
61430	-0,02346627570871624	61430	0,085313584229377876
61440	-0,02896643153544521	61440	0,10041337486338801
61450	-0,015251353567942444	61450	0,093688980261699958
61460	-0,028932587193704659	61460	0,10283670931244912
61470	-0,032806267363051922	61470	0,098061330733804991
61480	-0,020513405968428541	61480	0,10870096198659308
61490	-0,025610873052837657	61490	0,087305648667076532
61500	-0,02685596267189071	61500	0,08886887680811624
61510	-0,032645850524216806	61510	0,091510106313000272
61520	-0,017694689424051651	61520	0,098817976715578432
61530	-0,021608441331476987	61530	0,1070597814509832
61540	-0,042748265517081684	61540	0,089335577381354933
61550	-0,024803049050728183	61550	0,11131832943918245
61560	-0,029130070585819935	61560	0,094805231331557216
61570	-0,016624345202841298	61570	0,094171961941670115
61580	-0,014938183495060542	61580	0,10129962680600342
61590	-0,044908841073133157	61590	0,089118984532406728
61600	-0,019444136264237716	61600	0,10028144226119251
61610	-0,023311939527958708	61610	0,10160423214179455
61620	-0,022809195569229782	61620	0,077990284623452547
61630	-0,027837197622812521	61630	0,1022771408255215
61640	-0,028412834515093209	61640	0,10380978966961597
61650	-0,017432108728100897	61650	0,095539043841779525
61660	-0,031497586702355369	61660	0,099809465403003561
61670	-0,024791796680718306	61670	0,097240767903085043
61680	-0,024558708229720484	61680	0,091378709790181326
61690	-0,029606653883744595	61690	0,098757953848958011
61700	-0,010299455131606161	61700	0,0945064064632728
61710	-0,025789953932188522	61710	0,10063175499340864
61720	-0,024010592360783341	61720	0,1024683521135345
61730	-0,031646034438036673	61730	0,10372394154117536
61740	-0,025804752963851055	61740	0,093538184292912982
61750	-0,015049989761309661	61750	0,11318357743339071
61760	-0,032059024529721883	61760	0,085748434806665691
61770	-0,028348232723509524	61770	0,097519068517247856
61780	-0,025725658989150659	61780	0,10023361101424644
61790	-0,026703895556350461	61790	0,092409783442934712
61800	-0,021674733729535784	61800	0,1012431204500206
61810	-0,026768769355203698	61810	0,10225818175895013
61820	-0,025180929075500586	61820	0,0882280386826395
61830	-0,0215758588906561	61830	0,097485066017491684
61840	-0,021558900856707766	61840	0,087038734140490584
61850	-0,0069947400111102561	61850	0,095294228478748189
61860	-0,03160281324658807	61860	0,0829816294201829
61870	-0,029871761300598432	61870	0,0951322301487888
61880	-0,010578403353647629	61880	0,0934390748295995
61890	-0,026893780691520611	61890	0,084447462713776178
61900	-0,023619424425195521	61900	0,10158526848367533
61910	-0,033550476686460939	61910	0,094148228906117626
61920	-0,017693139615692802	61920	0,10076757919662523
61930	-0,020364723431393353	61930	0,082839226259751514
61940	-0,040524813358691729	61940	0,10471673781809289
61950	-0,0096378850283745723	61950	0,087485473987083284
61960	-0,036616701044375352	61960	0,0967718202254396
61970	-0,023789531093634835	61970	0,10090191284242513
61980	-0,010705980555504023	61980	0,094229003215453
61990	-0,030635785424612358	61990	0,098283837520533185
62000	-0,02233949228518425	62000	0,086571143739018558
62010	-0,027152972458291222	62010	0,11015693625984424
62020	-0,028751853143382657	62020	0,097576885015204645
62030	-0,027063100025204231	62030	0,08604885383798104
62040	-0,031706865391924265	62040	0,089963151247100692
62050	-0,029482921351220943	62050	0,096515977464209785
62060	-0,028842893175621723	62060	0,089722523459616038
62070	-0,011901757274268137	62070	0,10123044427479896
62080	-0,039869445541057209	62080	0,084485222195390744
62090	-0,036563094389782419	62090	0,086607660079613957
62100	-0,0024830145342743717	62100	0,096476469759637432
62110	-0,02347377271164915	62110	0,096565917943436982
62120	-0,023970498503060551	62120	0,097659739335027251
62130	-0,025624715939199818	62130	0,098644831460735452
62140	-0,030339864543208549	62140	0,093125938297415056
62150	-0,0103412042570827	62150	0,10696228504816847
62160	-0,031512283845221672	62160	0,091149115943396072
62170	-0,026148437049674737	62170	0,1000595771166915
62180	-0,02200946649558928	62180	0,095883484068181771
62190	-0,037480742955457037	62190	0,092517550786487046
62200	-0,022068255058717148	62200	0,09581768524029538
62210	-0,032943663408448391	62210	0,089029945287233667
62220	-0,026974160219064777	62220	0,083607194085685732
62230	-0,027132617239382269	62230	0,091226461112083
62240	-0,038694157085072886	62240	0,1086138848989054
62250	-0,013127735445080427	62250	0,10299427797465464
62260	-0,035924446058571931	62260	0,10348241064571889
62270	-0,023666880044192533	62270	0,094411708990532708
62280	-0,017620804704118392	62280	0,088346265642545677
62290	-0,030893780177997474	62290	0,10059217134782286
62300	-0,015437669424563346	62300	0,095772639328652709
62310	-0,03802772154306662	62310	0,098661030523559887
62320	-0,036482451303091148	62320	0,089091696690003122
62330	-0,025486289954500741	62330	0,097670370999725656
62340	-0,027549543103343257	62340	0,078550321303604273
62350	-0,020500870654089485	62350	0,0995580250298494
62360	-0,020237039638711238	62360	0,085590012422437259
62370	-0,026510751984955561	62370	0,1038678033892856
62380	-0,026896547352749354	62380	0,090587877707371131
62390	-0,036925930793740312	62390	0,099923757291717347
62400	-0,020660977782442008	62400	0,099872635842684146
62410	-0,037728952010478788	62410	0,099269566512409868
62420	-0,022763862693871147	62420	0,10095109327584419
62430	-0,010989707760387749	62430	0,10403862468064072
62440	-0,03183804271660326	62440	0,096049980183988734
62450	-0,0197941335614298	62450	0,089635318302499434
62460	-0,025987655914458629	62460	0,093935242634178767
62470	-0,035504196005764439	62470	0,10925385624901682
62480	-0,024358604850175741	62480	0,084221077028349328
62490	-0,025089895583310456	62490	0,092137160273423918
62500	-0,019883168836300185	62500	0,0942670101773843
62510	-0,0342064574057034	62510	0,0951643612264095
62520	-0,019889824780712377	62520	0,089420467623053237
62530	-0,023752259848996888	62530	0,10821762767106996
62540	-0,041950201989095326	62540	0,0875696368179444
62550	-0,018372251854417862	62550	0,0969774975942509
62560	-0,024182498347505757	62560	0,10580138541133533
62570	-0,028942473033750443	62570	0,10002684514838089
62580	-0,017959300308774562	62580	0,094195291947462442
62590	-0,028616662684020938	62590	0,10279200373146935
62600	-0,014121994174176328	62600	0,0987373394184494
62610	-0,01823678876873407	62610	0,08137123691544397
62620	-0,017277114713167063	62620	0,10517117585310329
62630	-0,04248676842277925	62630	0,0866039085514287
62640	-0,027636574781970798	62640	0,090295776959340462
62650	-0,017189173820154509	62650	0,098468546572503188
62660	-0,023028921754814358	62660	0,090127980407868027
62670	-0,022351530740013156	62670	0,082476935019460657
62680	-0,0321642708528823	62680	0,091800069017392308
62690	-0,028509761987080065	62690	0,086349734968249436
62700	-0,023303004421849564	62700	0,095668091295135677
62710	-0,026203163218677349	62710	0,10621050912384325
62720	-0,028280411434732814	62720	0,090132969229279769
62730	-0,020537133902124166	62730	0,076968088281881689
62740	-0,034980536493545662	62740	0,10169085521605696
62750	-0,016655434164223548	62750	0,10656132942817541
62760	-0,02879241506904201	62760	0,1166875459174223
62770	-0,042649945735731339	62770	0,092237204194598507
62780	-0,018343500030761139	62780	0,099056266576644666
62790	-0,034736281267268243	62790	0,087037958331073528
62800	-0,020816421167979875	62800	0,10937143483181445
62810	-0,021743962401810174	62810	0,094659254700159817
62820	-0,030555308102006132	62820	0,093530061657044444
62830	-0,017998704191989946	62830	0,0932263968176136
62840	-0,03664208549486269	62840	0,0790302247534032
62850	-0,031585026098407826	62850	0,096814228295085042
62860	-0,031935264083854005	62860	0,10774680505345267
62870	-0,019572291614403367	62870	0,090248540799295854
62880	-0,0262370421140056	62880	0,0918623137133459
62890	-0,0278848584060866	62890	0,08931685321506834
62900	-0,012633861328217685	62900	0,10535373096235993
62910	-0,042653411331557173	62910	0,098885259756444577
62920	-0,0336084323428997	62920	0,079355779146560765
62930	-0,019966041851226964	62930	0,086988327124898068
62940	-0,026750132783844346	62940	0,10065643832525513
62950	-0,025813463632763416	62950	0,1025926103783687
62960	-0,038741836534589756	62960	0,08275966924460823
62970	-0,016724506043356815	62970	0,11416028765738336
62980	-0,028061128513943521	62980	0,08714653970675211
62990	-0,033601397109282484	62990	0,0948778785751767
63000	-0,023902035101705355	63000	0,09501462410109407
63010	-0,043174099035212472	63010	0,084170278962388018
63020	-0,035499412672974275	63020	0,097646447552067
63030	-0,0338760768293627	63030	0,0919539125953481
63040	-0,032525083581930223	63040	0,11572156088697534
63050	-0,015277612907405884	63050	0,0992116527855895
63060	-0,036280001207407847	63060	0,098371487796773349
63070	-0,029332093435315818	63070	0,0861012047332683
63080	-0,013467162870367215	63080	0,09735143290644982
63090	-0,028555886710623958	63090	0,097390768298312183
63100	-0,018886672620722494	63100	0,10746488458182549
63110	-0,02478016987559694	63110	0,092759686833910962
63120	-0,021638350921101512	63120	0,078365072373301412
63130	-0,02072978192031312	63130	0,10365334338496912
63140	-0,032733364831906295	63140	0,098983011423204342
63150	-0,017436357353976365	63150	0,099016742021739879
63160	-0,041806136306880855	63160	0,096733742387816068
63170	-0,015921004895113361	63170	0,10333048809991773
63180	-0,021546711011907468	63180	0,09541057787416736
63190	-0,040760130366893896	63190	0,081754135498376262
63200	-0,018915379432592357	63200	0,089175609226795127
63210	-0,034021016710381012	63210	0,093501455755330476
63220	-0,025289633509859927	63220	0,09960057614935211
63230	-0,0029047043886365736	63230	0,0943983924286306
63240	-0,031904035115351816	63240	0,097809372569639591
63250	-0,013290286738268013	63250	0,087831305727981479
63260	-0,041156839270850065	63260	0,093692564029789649
63270	-0,031742498573841413	63270	0,084613256365771328
63280	-0,0094159442635837025	63280	0,1060815912220259
63290	-0,037712656231540569	63290	0,097657082598570061
63300	-0,02474427705658121	63300	0,088841041034775664
63310	-0,01557923245024153	63310	0,0902349184105911
63320	-0,027320230565684691	63320	0,093323797937685526
63330	-0,024198293543190488	63330	0,10140209924672448
63340	-0,04118659241489709	63340	0,084637043033288742
63350	-0,01809553094285498	63350	0,10238660224090627
63360	-0,028931632513989017	63360	0,0787482713107341
63370	-0,025695208943591036	63370	0,10161246293120581
63380	-0,01259924088001981	63380	0,10041172523757845
63390	-0,023422389995213334	63390	0,085846716010066437
63400	-0,01579800249070714	63400	0,089260379364909215
63410	-0,033401901729134	63410	0,10366071838654827
63420	-0,01981872276827092	63420	0,10038317837139851
63430	-0,01880097650458111	63430	0,09747759572016973
63440	-0,03306060023609398	63440	0,095347908676766624
63450	-0,01083412785149775	63450	0,10794679143019542
63460	-0,038644702936759132	63460	0,082149176357737552
63470	-0,025817341069298026	63470	0,089913466483710972
63480	-0,013601294615907105	63480	0,10962987175036265
63490	-0,043037643051247493	63490	0,092757653901264683
63500	-0,015677697506111681	63500	0,10390776774146193
63510	-0,0314664164730749	63510	0,1082794146061086
63520	-0,038867374512151276	63520	0,083809965004705222
63530	-0,015046293994025753	63530	0,080296684849241115
63540	-0,028486407206260486	63540	0,083784313929222462
63550	-0,037317501085450969	63550	0,10998036023838304
63560	-0,032035325687006129	63560	0,093398548045052029
63570	-0,016356752050485791	63570	0,10062809083836563
63580	-0,026959341612511727	63580	0,10292473826673883
63590	-0,020753751678873052	63590	0,094326269001774141
63600	-0,024465837957270243	63600	0,097906840661800776
63610	-0,027862145789924096	63610	0,088765763072030032
63620	-0,027632903261586642	63620	0,08871526788669673
63630	-0,027564310448249491	63630	0,10771452544294838
63640	-0,035194976724965195	63640	0,10270089101595935
63650	-0,027851071507447644	63650	0,10889907180076185
63660	-0,032079670871350233	63660	0,077259866642654357
63670	-0,023983694067643252	63670	0,10360769307613271
63680	-0,02514353588608496	63680	0,10810747244067753
63690	-0,02308242565318562	63690	0,081667461099321881
63700	-0,0149848363553117	63700	0,10128238429528122
63710	-0,035555953379098268	63710	0,095038063651051913
63720	-0,026632889991805738	63720	0,081931847958260792
63730	-0,028536958014611247	63730	0,0943514010853822
63740	-0,0278155355710309	63740	0,095538104108125355
63750	-0,021299069170779665	63750	0,10418807905562984
63760	-0,025745171694445984	63760	0,09644817718319465
63770	-0,021889650149650938	63770	0,09391579049668744
63780	-0,012809777685775422	63780	0,094304271613216292
63790	-0,040901905508018352	63790	0,082067743660413722
63800	-0,025170311594626783	63800	0,10671402895598597
63810	-0,025157274671126027	63810	0,10260628014570389
63820	-0,018815903168911321	63820	0,0963874616929814
63830	-0,023127428879764936	63830	0,10690810330548517
63840	-0,025893625850361368	63840	0,096929186751750732
63850	-0,013119407201318715	63850	0,099438944496322693
63860	-0,028280955503550292	63860	0,086418185984806731
63870	-0,0370876110861631	63870	0,078225908762949742
63880	-0,034000167161910018	63880	0,104958620157019
63890	-0,036878452306486828	63890	0,082149146190752351
63900	-0,0070569288339712623	63900	0,10914150064427097
63910	-0,027808770464208092	63910	0,084564328921071838
63920	-0,03027465974358446	63920	0,10153424138848896
63930	-0,010500917585438297	63930	0,098311855566489345
63940	-0,036651647447839067	63940	0,096780051374607767
63950	-0,013133549457318077	63950	0,093273371383615467
63960	-0,030602747050795184	63960	0,090798574950248373
63970	-0,033258552530586578	63970	0,090670618848769965
63980	-0,024172155171140696	63980	0,10303634278461672
63990	-0,039274710119130765	63990	0,10235079495606447
64000	-0,013780986845019851	64000	0,098876630437660193
64010	-0,019818717324325445	64010	0,10583130065837533
64020	-0,025149848847063769	64020	0,0840059219837369
64030	-0,0176197531198075	64030	0,098137727785983092
64040	-0,0247184010069951	64040	0,095071177215725
64050	-0,0099935294068150479	64050	0,10491418068965677
64060	-0,036501663146143844	64060	0,0852524368076135
64070	-0,032660125677246535	64070	0,09777805147432117
64080	-0,02263767425896044	64080	0,10262143526408861
64090	-0,0373698706783627	64090	0,094654512505879529
64100	-0,014075339313091654	64100	0,10252559034473267
64110	-0,032976767392337049	64110	0,10264035411957879
64120	-0,028248983693252003	64120	0,10213627864161626
64130	-0,025970308920655074	64130	0,098961525865671918
64140	-0,028184837656705122	64140	0,085117554168930923
64150	-0,016855154669732919	64150	0,0989845488145837
64160	-0,025965714156323035	64160	0,086366355173004644
64170	-0,0291116761610575	64170	0,091385181771246909
64180	-0,03066775327390146	64180	0,10418700468085784
64190	-0,022027130384334924	64190	0,0905532873794159
64200	-0,016762312301288725	64200	0,09406871115715304
64210	-0,037280824748553647	64210	0,095025243808836812
64220	-0,017467279718615478	64220	0,09998986010436943
64230	-0,031114731748912879	64230	0,09292500627471327
64240	-0,02601678447025059	64240	0,087654709860690613
64250	-0,024125998530668866	64250	0,10016785822325226
64260	-0,023245469675394127	64260	0,091861919094481645
64270	-0,030174490096224242	64270	0,091883758839132135
64280	-0,02479342185448577	64280	0,091098797715713789
64290	-0,03355399523914545	64290	0,10721426113551925
64300	-0,037048896769608528	64300	0,11641279393277565
64310	-0,034766557362305252	64310	0,10049246125385815
64320	-0,02582358364534322	64320	0,093576658606967511
64330	-0,029471175145317018	64330	0,089300042898235343
64340	-0,030337528863283409	64340	0,1107093467562164
64350	-0,025223201188768783	64350	0,090011198115868121
64360	-0,039610599032528407	64360	0,099810549036715934
64370	-0,019093796708257664	64370	0,0944940930362405
64380	-0,013906817046593842	64380	0,11036188387007516
64390	-0,029775638833232972	64390	0,097782902421609766
64400	-0,012051394427596764	64400	0,096362581562500826
64410	-0,023625358427969884	64410	0,093494368725954055
64420	-0,024709995805313249	64420	0,096477596365042273
64430	-0,026511486388819852	64430	0,086208702266994938
64440	-0,043188992320466836	64440	0,091558350558344159
64450	-0,021860823387483727	64450	0,098249827859368449
64460	-0,029642185028239849	64460	0,091252624065183544
64470	-0,026118426026203082	64470	0,10189842093504208
64480	-0,012914611760935956	64480	0,11050866800585424
64490	-0,029554948372150881	64490	0,10618970428817838
64500	-0,020056505019827704	64500	0,088450587493994093
64510	-0,037646139674216463	64510	0,087772392987025868
64520	-0,0195228030623558	64520	0,094537857846873671
64530	-0,016002652707803353	64530	0,095548384896849414
64540	-0,035242419757689318	64540	0,094961369073322671
64550	-0,022447026877257779	64550	0,095519292169234937
64560	-0,024733233330608374	64560	0,10118077291908002
64570	-0,023490731617775516	64570	0,10164003364586195
64580	-0,025222905171607957	64580	0,10047768245296554
64590	-0,036305578757091728	64590	0,098187240117037
64600	-0,020905294200148156	64600	0,11689420560170505
64610	-0,031797299748092679	64610	0,083963650879189972
64620	-0,0346568954940298	64620	0,10370334206828331
64630	-0,027475084307577641	64630	0,094822033706019312
64640	-0,038586328772949853	64640	0,092889668605930412
64650	-0,0091545007356519225	64650	0,10091443082849969
64660	-0,023761368203809568	64660	0,10521206768241444
64670	-0,019834556264031061	64670	0,086761164279749017
64680	-0,017878767879278491	64680	0,095953924317927042
64690	-0,029779994489562263	64690	0,1011441327283783
64700	-0,022521856003594867	64700	0,095426452309736856
64710	-0,032734860628152236	64710	0,086361036656921353
64720	-0,027173489307823484	64720	0,093609348797503128
64730	-0,0088169870551503358	64730	0,0923244508104425
64740	-0,036657737677928882	64740	0,085664090430455975
64750	-0,01213778330498176	64750	0,10539613037184757
64760	-0,023411338277952044	64760	0,1009506439399495
64770	-0,029447735130863503	64770	0,091874720567533874
64780	-0,019758770341598137	64780	0,10466705987138161
64790	-0,028468276699892808	64790	0,091078739013301477
64800	-0,020056193262878916	64800	0,10539045568584955
64810	-0,028720262711856921	64810	0,097129958201336658
64820	-0,025565337124821806	64820	0,0892047583579791
64830	-0,018437074219695131	64830	0,10025377425897009
64840	-0,03554359257778774	64840	0,095920442170068967
64850	-0,024673695814586668	64850	0,10154172531011897
64860	-0,030826649179628608	64860	0,09780829728134445
64870	-0,034093889012387635	64870	0,081534450060987251
64880	-0,013288864270446383	64880	0,10330486736346004
64890	-0,036163411504367159	64890	0,089611471858858732
64900	-0,018115990208322386	64900	0,10175844554492902
64910	-0,018746668674119584	64910	0,099554018765867183
64920	-0,034529087000612017	64920	0,085539620329797991
64930	-0,013719981342234674	64930	0,092237317053705484
64940	-0,038802544161061464	64940	0,085923970544636616
64950	-0,034861431493438913	64950	0,108175830500711
64960	-0,016347329378893171	64960	0,097218849001345517
64970	-0,016134328059635425	64970	0,0881476039602562
64980	-0,026758990454890583	64980	0,090294599253426824
64990	-0,02750146301056991	64990	0,0846526551752488
65000	-0,021465929221850817	65000	0,10909528938813769
65010	-0,036577003600419454	65010	0,093578642254848007
65020	-0,013039032158339708	65020	0,097897105415095331
65030	-0,023771779511572187	65030	0,096935592006707524
65040	-0,042095846711971689	65040	0,088058632044762872
65050	-0,01848709901620537	65050	0,082742567426382155
65060	-0,021735048286655911	65060	0,10991300289891066
65070	-0,022307726163305844	65070	0,11275996719905028
65080	-0,018789385749647548	65080	0,10127535362703741
65090	-0,041248509846347474	65090	0,093225880962476859
65100	-0,016033834830450403	65100	0,076326598661641085
65110	-0,019601409245402421	65110	0,10795875738324495
65120	-0,030294703333176326	65120	0,08485215604310288
65130	-0,012947151013216099	65130	0,090343968005681022
65140	-0,028858908042044853	65140	0,099077874876391844
65150	-0,030703461319214843	65150	0,092168551791358008
65160	-0,038006425220124658	65160	0,092335655835439887
65170	-0,029084743867162054	65170	0,092288095876807419
65180	-0,024718876516790451	65180	0,095661171234365308
65190	-0,036928925640744646	65190	0,090310628470681789
65200	-0,007755719618311457	65200	0,08850518380813617
65210	-0,024275769683255861	65210	0,09730855375451776
65220	-0,027022409598675353	65220	0,097093063050579437
65230	-0,017481472451437139	65230	0,11255375071203561
65240	-0,034294820513462179	65240	0,086399239915432385
65250	-0,038178579885638851	65250	0,099778729170843683
65260	-0,024385323529716563	65260	0,09108789470327458
65270	-0,024849574740479333	65270	0,10712485998650775
65280	-0,024691441307672091	65280	0,11732073277959668
65290	-0,028757654739272845	65290	0,084200723311057823
65300	-0,019130542851630489	65300	0,0874129883501856
65310	-0,030386874133564189	65310	0,10331785490115784
65320	-0,029093905372916954	65320	0,099208631896505792
65330	-0,016195574970881071	65330	0,0999699973845127
65340	-0,03617841371868262	65340	0,086758029918452925
65350	-0,025852337719419943	65350	0,097250113114969589
65360	-0,033495541383150015	65360	0,10006236722278541
65370	-0,040380569797966726	65370	0,098342473998315541
65380	-0,025642123840725246	65380	0,098089023158656724
65390	-0,026023943715569708	65390	0,09522518901189167
65400	-0,014910280063082652	65400	0,10988664197266038
65410	-0,020625848069672117	65410	0,086292462414266718
65420	-0,030724660614865222	65420	0,099917971404424363
65430	-0,020755627074717942	65430	0,093808163055910124
65440	-0,034604080164503379	65440	0,096956327011441218
65450	-0,024972391264111098	65450	0,08739898376713387
65460	-0,021960682208612647	65460	0,10121262066517263
65470	-0,022985449874639297	65470	0,095323254417386
65480	-0,022023769202458122	65480	0,089432608425599733
65490	-0,037751352363295528	65490	0,0983529492836701
65500	-0,015516604081778896	65500	0,098736320449421641
65510	-0,030234343902929551	65510	0,087427313590571279
65520	-0,034024702435382262	65520	0,081318504661209476
65530	-0,023341524112622622	65530	0,09081756271037697
65540	-0,036532371499878175	65540	0,095014942845684583
65550	-0,017383259858145459	65550	0,0924282536989471
65560	-0,01995575052082544	65560	0,10128782219975574
65570	-0,032966022869577241	65570	0,089307233714317438
65580	-0,024376837072601677	65580	0,08773748633810434
65590	-0,044219352886649181	65590	0,092078111390691275
65600	-0,019958050678469987	65600	0,088445991603707391
65610	-0,02693679568205519	65610	0,088149406471125916
65620	-0,02088946256577939	65620	0,092632334700162355
65630	-0,018275098889552765	65630	0,08993760900562485
65640	-0,027693196629280156	65640	0,097336260786668252
65650	-0,015323858541787569	65650	0,082563748972186116
65660	-0,020722167523463463	65660	0,10701375914191716
65670	-0,035930679626099742	65670	0,0986759424582487
65680	-0,0185950674891975	65680	0,092632338184637439
65690	-0,04598185260358427	65690	0,10279427266560522
65700	-0,013613240359463721	65700	0,0904942872863452
65710	-0,017947840918977165	65710	0,098770089080362389
65720	-0,035475586045256947	65720	0,09511442859370875
65730	-0,0310055953782276	65730	0,10307624792773612
65740	-0,030551296145395035	65740	0,094831870649471309
65750	-0,011138864623504633	65750	0,10281092370010396
65760	-0,026501208447045968	65760	0,0901225295223705
65770	-0,034252389774508063	65770	0,09998055170943855
65780	-0,0068445289757201365	65780	0,088059206964774053
65790	-0,0326502147183696	65790	0,0867556445278929
65800	-0,025015504124379164	65800	0,097966920824445164
65810	-0,02531993711544954	65810	0,11026674655302694
65820	-0,0257833259026426	65820	0,098041371123205726
65830	-0,017421864795592566	65830	0,088731972941933787
65840	-0,040025891816291868	65840	0,071814124124331524
65850	-0,017041171257887733	65850	0,10300611181572777
65860	-0,020317076931653043	65860	0,11008850926588913
65870	-0,013493643322358534	65870	0,092630581285449612
65880	-0,015875326980851541	65880	0,095934474851911145
65890	-0,025394454349598191	65890	0,088138534269864011
65900	-0,023641885668769749	65900	0,10264843235333646
65910	-0,028167003736197831	65910	0,097568609181823335
65920	-0,030184998552906905	65920	0,075850836453082979
65930	-0,022018943396379484	65930	0,085407593436850546
65940	-0,03085040235616545	65940	0,090884280136412088
65950	-0,010508555187293269	65950	0,097867029688987639
65960	-0,020969244542581426	65960	0,089933717893472445
65970	-0,036996084219968091	65970	0,10083048571676098
65980	-0,015713736955334942	65980	0,089090560027176482
65990	-0,03461619883430591	65990	0,076272625920603257
66000	-0,018066489440443551	66000	0,096537185312570023
66010	-0,041073177603839842	66010	0,10336210681449912
66020	-0,024628394429973034	66020	0,092652297858158747
66030	-0,017704814271672455	66030	0,091782078284241578
66040	-0,036535445846828114	66040	0,083324917582522778
66050	-0,010671570754149568	66050	0,097681754566664739
66060	-0,020412080389865833	66060	0,090447036093082384
66070	-0,034852194344183	66070	0,094753104936014743
66080	-0,021373187522820809	66080	0,091988762321500939
66090	-0,038266320261721262	66090	0,099403079725854965
66100	-0,022601406098930979	66100	0,096063568147519832
66110	-0,030662098185018628	66110	0,092761033579103133
66120	-0,021107871366968321	66120	0,092211470481703
66130	-0,016396483758580025	66130	0,087959252831428025
66140	-0,0334385455109391	66140	0,089244802186450312
66150	-0,02171905526121802	66150	0,10147090222481436
66160	-0,023789832960021146	66160	0,099271739173377269
66170	-0,01758264714355989	66170	0,094664245424226051
66180	-0,022811755897365404	66180	0,10002893985767862
66190	-0,023925641009084835	66190	0,077822294253190483
66200	-0,028997732363672972	66200	0,10083497791899826
66210	-0,034906328740176774	66210	0,10385193408360358
66220	-0,019466722220447819	66220	0,10899559044439693
66230	-0,018043911639345562	66230	0,086775089135339725
66240	-0,04352926547929644	66240	0,08673220767373023
66250	-0,014722156582283052	66250	0,10463665152042451
66260	-0,023667788514857915	66260	0,10205054200336425
66270	-0,021150742631015948	66270	0,099228713844478941
66280	-0,0085225915484970372	66280	0,098444698870357658
66290	-0,028991932875057191	66290	0,096995852077342376
66300	-0,019032085773918118	66300	0,082810613252339016
66310	-0,030188078988898453	66310	0,087549636514778026
66320	-0,0359059452549402	66320	0,094857954986922677
66330	-0,038402299244718517	66330	0,0877374434875324
66340	-0,034675385580740611	66340	0,0863800484645699
66350	-0,022903781229569035	66350	0,10683210429553394
66360	-0,026860461140737465	66360	0,093599246619362753
66370	-0,030749141361542713	66370	0,0958721202173448
66380	-0,016311206811910894	66380	0,09448468734998948
66390	-0,0344658408306649	66390	0,10203505621935155
66400	-0,024037372542682761	66400	0,096837380744075247
66410	-0,037135683982196653	66410	0,084885855349834047
66420	-0,035015233936903249	66420	0,093356655624749749
66430	-0,0054858995971312306	66430	0,10698920746910923
66440	-0,033219238705385727	66440	0,084968336526949337
66450	-0,024280562076473791	66450	0,079188837958141287
66460	-0,036413301013539089	66460	0,10374168726032763
66470	-0,031199719956335102	66470	0,085171255265734908
66480	-0,022307401891038504	66480	0,10513775293119296
66490	-0,02770338238069435	66490	0,10581825218933375
66500	-0,01680233099400414	66500	0,0911408850956639
66510	-0,041514880680371131	66510	0,10098256621485083
66520	-0,026073458424465987	66520	0,093776231209315025
66530	-0,021255785583487403	66530	0,089232161296521922
66540	-0,0466288758511263	66540	0,096672554062766189
66550	-0,014424712536093575	66550	0,097047243057505644
66560	-0,016403273754460806	66560	0,0937174320278408
66570	-0,025655076033248379	66570	0,08573939548971117
66580	-0,011905843299475369	66580	0,085264342923838637
66590	-0,024131643435805622	66590	0,08702957076695246
66600	-0,024871494658682727	66600	0,10113585856516646
66610	-0,02854615655789915	66610	0,10196909137261329
66620	-0,033320395763981804	66620	0,090516311171683961
66630	-0,014095538352253519	66630	0,11175487273359354
66640	-0,028505035294216673	66640	0,1038438573909579
66650	-0,018350238436903876	66650	0,093596017496669862
66660	-0,025626546523575083	66660	0,10119129834778221
66670	-0,024531647101270204	66670	0,11878944323114084
66680	-0,0060221667875150747	66680	0,089330254673706991
66690	-0,035267538475318917	66690	0,099130766172036186
66700	-0,019815640361521319	66700	0,10030511364383704
66710	-0,023572971277721098	66710	0,11116276278651127
66720	-0,028740158370139757	66720	0,096757297096411982
66730	-0,019549311581908362	66730	0,087283160567384846
66740	-0,032270340982610973	66740	0,10210486926711655
66750	-0,011164658799802345	66750	0,12603379501266454
66760	-0,0094301012193258142	66760	0,091482967931366621
66770	-0,036868408327272936	66770	0,10306275726425913
66780	-0,0210726265205154	66780	0,10246565027730126
66790	-0,046269522156329186	66790	0,0987746800787883
66800	-0,015492795162896582	66800	0,10880237440312632
66810	-0,017841375779227633	66810	0,11137089086608591
66820	-0,019036057576842413	66820	0,088053325323679044
66830	-0,016484559555237026	66830	0,096158538341961433
66840	-0,024746876430997353	66840	0,0920450598116805
66850	-0,015992761743938405	66850	0,10626154237794389
66860	-0,02796758296808164	66860	0,093126320584212718
66870	-0,032380173581555989	66870	0,10153435748069764
66880	-0,017645917040363633	66880	0,098192464803170051
66890	-0,024030364168155984	66890	0,10040381734276652
66900	-0,021236186168589809	66900	0,11077184900922868
66910	-0,032092563927615066	66910	0,093635914535392856
66920	-0,019768641389907689	66920	0,10226296220674855
66930	-0,01278984470935674	66930	0,11229871823977428
66940	-0,034605459310410897	66940	0,091127020685238314
66950	-0,023396843530272493	66950	0,098562953605249082
66960	-0,011434216363736826	66960	0,10028882448381976
66970	-0,031976496312282596	66970	0,097199206052617226
66980	-0,0089615693654217371	66980	0,11295387280924159
66990	-0,034019458079405256	66990	0,089905151498231473
67000	-0,010034071147671598	67000	0,094932358276719073
67010	-0,012515264971451542	67010	0,090100370292581625
67020	-0,033341590934083752	67020	0,10374816190510938
67030	-0,018712255069100747	67030	0,1135995528329188
67040	-0,033412421814329463	67040	0,09089064410340604
67050	-0,018737037598016572	67050	0,10437545515045993
67060	-0,021254393775468068	67060	0,085758485423937
67070	-0,029872491104469247	67070	0,10068930606139047
67080	-0,024190531411479279	67080	0,10523544830087825
67090	-0,026661209564976866	67090	0,092691077524119
67100	-0,019392208971875286	67100	0,10376977473663404
67110	-0,02076526012222684	67110	0,10347951997480066
67120	-0,014116940415278445	67120	0,10738679789455906
67130	-0,0069940398253701217	67130	0,10855861165973565
67140	-0,030732694961194712	67140	0,098558630313310122
67150	-0,012035140376132939	67150	0,086905694712448689
67160	-0,022181037777664583	67160	0,095254685445024342
67170	-0,03492476448088639	67170	0,11181880712614264
67180	-0,021068140899781956	67180	0,10630690206334226
67190	-0,024187786942036587	67190	0,099603554016533855
67200	-0,010336531432709321	67200	0,097274917025507515
67210	-0,01221000286924874	67210	0,10082211416638869
67220	-0,03923605978054414	67220	0,10121739056711379
67230	-0,00063179014776908291	67230	0,10760716962216274
67240	-0,038662892507999418	67240	0,093289325608773857
67250	-0,024900131756940145	67250	0,10486371019264947
67260	-0,0266743258127293	67260	0,10000856744087255
67270	-0,02632611111820831	67270	0,095316784515988073
67280	-0,017436432764446688	67280	0,12203300818994341
67290	-0,026804952210486347	67290	0,10074716942535596
67300	-0,021706855998945795	67300	0,0983197038417911
67310	-0,028442209996536922	67310	0,093618425322479437
67320	-0,029182544973601433	67320	0,11196555220338841
67330	-0,034344429521172844	67330	0,099151693159327856
67340	-0,022931674319085941	67340	0,099193463018847808
67350	-0,016453784328169779	67350	0,10576352876714031
67360	-0,024172063060423649	67360	0,11327429419177755
67370	-0,015647370875838128	67370	0,093769136983861232
67380	-0,01824582810612271	67380	0,093786731142770668
67390	-0,032476242240916275	67390	0,1009522586534856
67400	-0,018698711179814625	67400	0,10122592957606962
67410	-0,025404108416508569	67410	0,094305018161132362
67420	-0,04063474500449292	67420	0,087915188094919147
67430	-0,018501498200808455	67430	0,088440137109423445
67440	-0,034517921101548277	67440	0,099851834970581477
67450	-0,0053209360139034262	67450	0,10676468753708841
67460	-0,01943186535676103	67460	0,10436905791043673
67470	-0,028435191380000304	67470	0,094298236783045955
67480	-0,006811174834681054	67480	0,089330574010728511
67490	-0,0280785665990807	67490	0,10245731659694883
67500	-0,016503162142756326	67500	0,095673844708121264
67510	-0,015963623154265527	67510	0,10092438908413348
67520	-0,026529700149180328	67520	0,094372485244438253
67530	-0,021145729515376611	67530	0,11002219819019317
67540	-0,029866145781839978	67540	0,09356464397510289
67550	-0,012539106740739265	67550	0,09951303159248058
67560	-0,018136358439102926	67560	0,10296453666583323
67570	-0,020209415235823574	67570	0,089208020685192152
67580	-0,017077666862078882	67580	0,10513295133968935
67590	-0,023947300136904558	67590	0,10134846120407773
67600	-0,031265959055185415	67600	0,10066848575414744
67610	-0,025128721499902845	67610	0,0962914389381357
67620	-0,022981985577452381	67620	0,099048559234215183
67630	-0,017246177049071176	67630	0,089680046708759023
67640	-0,031841417321118018	67640	0,088741129276494773
67650	-0,0186291550432505	67650	0,09905690394270443
67660	-0,036815419272329029	67660	0,092646194999354364
67670	-0,0247491475358395	67670	0,10556725761342928
67680	-0,0018702211920420689	67680	0,094844196306035564
67690	-0,016341875644700035	67690	0,11065592740920376
67700	-0,027394826434014863	67700	0,10203777353021173
67710	-0,023047954977678923	67710	0,0914925278139184
67720	-0,017836616112766067	67720	0,089282158497636988
67730	-0,00707367833337321	67730	0,10859019306906267
67740	-0,024247474442768105	67740	0,10144576848111502
67750	-0,014719575030393652	67750	0,11834187839015507
67760	-0,039491928597664594	67760	0,10391918869684161
67770	-0,044976907962733813	67770	0,099072431965716912
67780	-0,031074378716464512	67780	0,098353796798915066
67790	-0,059181352966892163	67790	0,095195462330857988
67800	-0,048410453914074045	67800	0,094050063691695024
67810	-0,038767739482076104	67810	0,0853448161807801
67820	-0,028861066363108694	67820	0,11401843658807943
67830	-0,021186338991956731	67830	0,0948923334092497
67840	-0,045257937028759986	67840	0,089482573746225452
67850	-0,030914658494323989	67850	0,096543430198751556
67860	-0,046571609390743715	67860	0,096824642007146078
67870	-0,043017497076971278	67870	0,096220231131540351
67880	-0,029194366531265885	67880	0,094760570313450448
67890	-0,036195561979926676	67890	0,094555885163687209
67900	-0,041522520125858622	67900	0,11062230984931872
67910	-0,041308764766861544	67910	0,096644211716964509
67920	-0,051071191656093459	67920	0,10507060221293961
67930	-0,024856558903923215	67930	0,098243320578399115
67940	-0,046443214106382073	67940	0,091600851154926041
67950	-0,044665529094126293	67950	0,092339329065123613
67960	-0,038041125371005118	67960	0,10536321387089392
67970	-0,051374617204859252	67970	0,099990792648377735
67980	-0,041250201279356427	67980	0,099897731165348239
67990	-0,041593694416025555	67990	0,0858453945330618
68000	-0,044852477113435124	68000	0,11101112788915894
68010	-0,041288146598345767	68010	0,10162712092780932
68020	-0,042214715420281344	68020	0,090628966566749347
68030	-0,039281420816863151	68030	0,10625553413260518
68040	-0,054237593470842789	68040	0,093471812783292516
68050	-0,03625621976797043	68050	0,09049702390160512
68060	-0,033249344165983838	68060	0,09097265196176621
68070	-0,027996206267855352	68070	0,10085442355816283
68080	-0,029757563713520431	68080	0,090378548881953014
68090	-0,054745579439975267	68090	0,10672846626321561
68100	-0,037482862624702858	68100	0,097619136815325122
68110	-0,031937729303567787	68110	0,10004022623833654
68120	-0,0418577582300251	68120	0,092994971742850888
68130	-0,03931621031594399	68130	0,10444583587840019
68140	-0,047203805276444293	68140	0,10030061354985462
68150	-0,0353562321897938	68150	0,093240965636476783
68160	-0,055050596431666779	68160	0,087948942674641289
68170	-0,040716249409575536	68170	0,072859544261067929
68180	-0,045896074211859053	68180	0,0576850725301494
68190	-0,053737788623797904	68190	0,021501398438159451
68200	-0,049248533632973969	68200	0,00412149695512752
68210	-0,04807259892432917	68210	-0,01516572158411076
68220	-0,055784646169037361	68220	-0,05289561832127971
68230	-0,0577357764432075	68230	-0,06376491797392507
68240	-0,058291456939816307	68240	-0,076723260580911543
68250	-0,057779172644750708	68250	-0,0671843471967179
68260	-0,049141398172764292	68260	-0,065397809457982514
68270	-0,062621038704002721	68270	-0,064964055838283408
68280	-0,054909111211887567	68280	-0,072776959299963292
68290	-0,053971715687090659	68290	-0,067626620236434759
68300	-0,06303246029636464	68300	-0,071547639991988238
68310	-0,050005972702032525	68310	-0,080146739916425985
68320	-0,0520360568482673	68320	-0,0858310294612307
68330	-0,059516713749945507	68330	-0,075485565459518483
68340	-0,061874290463906426	68340	-0,070334764471388075
68350	-0,062130844112511768	68350	-0,11129244903924382
68360	-0,072637546224579019	68360	-0,13236602984880541
68370	-0,077154023097413732	68370	-0,13841456332995847
68380	-0,076293929489422985	68380	-0,12027740179468409
68390	-0,069193950561784984	68390	-0,11589412592734408
68400	-0,059613711623299925	68400	-0,11322423577849862
68410	-0,0658303761558955	68410	-0,10827922446129566
68420	-0,062160868339823767	68420	-0,10877289789541952
68430	-0,067882813061214478	68430	-0,1024174349920117
68440	-0,060863779943581608	68440	-0,10715412158755282
68450	-0,051807540370900747	68450	-0,10645929384039583
68460	-0,054581323288777572	68460	-0,089861599657454758
68470	-0,058980828162028487	68470	-0,0993008884648138
68480	-0,062531042861451017	68480	-0,10269171748260893
68490	-0,060129224478273492	68490	-0,10464213756089268
68500	-0,060330292820095222	68500	-0,095159417071867772
68510	-0,075287771996302655	68510	-0,10011797956583428
68520	-0,053218187468613391	68520	-0,098109507896299644
68530	-0,071034481764951835	68530	-0,099475686779459976
68540	-0,057258292899701538	68540	-0,098972576870935025
68550	-0,0511934404092957	68550	-0,087000815470225978
68560	-0,055296006446235627	68560	-0,10153398484253487
68570	-0,057798416653005204	68570	-0,087670257165666315
68580	-0,061243848665287093	68580	-0,10028273940328744
68590	-0,058418048142281381	68590	-0,09320355635352949
68600	-0,056543770728642986	68600	-0,09761749132550375
68610	-0,06649155046255957	68610	-0,087974284119225143
68620	-0,059654798623719	68620	-0,098397546033154315
68630	-0,063241237886269536	68630	-0,1001456284091585
68640	-0,05898038820542284	68640	-0,099105526984537132
68650	-0,065321105511833635	68650	-0,095221402381754486
68660	-0,0625932664902843	68660	-0,097441996434701514
68670	-0,055094536071373046	68670	-0,10330738638285934
68680	-0,06012145727134089	68680	-0,10435995818510564
68690	-0,056083054170681663	68690	-0,10819393913088131
68700	-0,0689674239329887	68700	-0,10550419201440908
68710	-0,062143944164553572	68710	-0,10912649197108189
68720	-0,071598931805221616	68720	-0,10123216714037135
68730	-0,06360869378132418	68730	-0,10367404174888689
68740	-0,063967950516776242	68740	-0,09480607727960419
68750	-0,069505616635809217	68750	-0,11031352538942059
68760	-0,0605480052438256	68760	-0,10639314581108128
68770	-0,062302154489883993	68770	-0,10009468545640796
68780	-0,052759231914388818	68780	-0,093817765541159226
68790	-0,06436654109946513	68790	-0,10361710706317413
68800	-0,0630748400244231	68800	-0,08834318325581865
68810	-0,06201845417859593	68810	-0,098965392965441934
68820	-0,062077616969983665	68820	-0,0949387262687997
68830	-0,073920463712128556	68830	-0,092190630062239029
68840	-0,055836760829664468	68840	-0,10549530174570546
68850	-0,058267402116099827	68850	-0,09664735960154075
68860	-0,056877780637378063	68860	-0,09188182373632027
68870	-0,0590833529971759	68870	-0,088912602651538025
68880	-0,053874716079118534	68880	-0,095677336441312322
68890	-0,06566872361304818	68890	-0,097359599280932532
68900	-0,059398438694287785	68900	-0,10258659573110711
68910	-0,057918353125481353	68910	-0,088720210374054864
68920	-0,057185840252690794	68920	-0,095661551782152937
68930	-0,06671147108468399	68930	-0,095499053213082982
68940	-0,058025712404084571	68940	-0,0963962583341555
68950	-0,06634610883693251	68950	-0,093752740010540223
68960	-0,056486249924064626	68960	-0,10468997951562921
68970	-0,056978780648770877	68970	-0,10379553745267718
68980	-0,058086500519643335	68980	-0,0903331171399477
68990	-0,053273949945245876	68990	-0,098001619491526984
69000	-0,06373501193066837	69000	-0,1007623945769765
69010	-0,063070608762940128	69010	-0,0955425769093213
69020	-0,0604403418365764	69020	-0,096391861257769343
69030	-0,059830505388993441	69030	-0,084401558112882191
69040	-0,063898015881383122	69040	-0,099658773567229131
69050	-0,057213430078807852	69050	-0,098114266610673545
69060	-0,0584513987432576	69060	-0,099187725255932321
69070	-0,054993940103779726	69070	-0,094885014043271113
69080	-0,043500969970181394	69080	-0,10055322754706758
69090	-0,069662517109993008	69090	-0,099537041300995333
69100	-0,062971000545530842	69100	-0,096386412186916376
69110	-0,056690324670019228	69110	-0,095194867638762684
69120	-0,0545297429884554	69120	-0,09301537773632261
69130	-0,057206852258578675	69130	-0,10427014967269373
69140	-0,053997806386078422	69140	-0,095495917347480766
69150	-0,055982062692247335	69150	-0,11515635150551443
69160	-0,057188868104566054	69160	-0,10411874654614781
69170	-0,061276789843778844	69170	-0,10160278121683226
69180	-0,060504094433133232	69180	-0,10479268155830122
69190	-0,059518664531049037	69190	-0,0940687683790593
69200	-0,0629889375773487	69200	-0,099364336326177319
69210	-0,05800724374440084	69210	-0,095735647739772292
69220	-0,065537085073891665	69220	-0,10207720865544952
69230	-0,0640071340541686	69230	-0,085660108073167332
69240	-0,0605746667790746	69240	-0,11344693542591891
69250	-0,05706450428664385	69250	-0,10413608391521678
69260	-0,060861195038642686	69260	-0,0970242781938809
69270	-0,055889354335141361	69270	-0,09779694835965308
69280	-0,062538772927816233	69280	-0,0924856992204695
69290	-0,0645903119234687	69290	-0,097573544686251165
69300	-0,065687322661619973	69300	-0,10224936194688104
69310	-0,052923991259022737	69310	-0,097291447752534385
69320	-0,057144850678150429	69320	-0,0985071129824021
69330	-0,059518675022065405	69330	-0,10481306017134549
69340	-0,059116680876386773	69340	-0,10350743642998722
69350	-0,0622920253864218	69350	-0,096729356213594339
69360	-0,058740859223855232	69360	-0,10139037047446277
69370	-0,060899377994401926	69370	-0,10431273306719578
69380	-0,068162782151969067	69380	-0,10329254353215671
69390	-0,056065656096073418	69390	-0,093703614117937858
69400	-0,061356992713328472	69400	-0,10195261504075889
69410	-0,051657286154452114	69410	-0,092801585710149528
69420	-0,055794487977768557	69420	-0,099777408311375562
69430	-0,061939561010416117	69430	-0,095554395714120666
69440	-0,063563960741814779	69440	-0,10772620864918635
69450	-0,061093639980135638	69450	-0,094383806679933013
69460	-0,063878474817820871	69460	-0,097273871974736387
69470	-0,070175127985523833	69470	-0,098212713744380911
69480	-0,059503449555466839	69480	-0,091921333552060586
69490	-0,052468376992569621	69490	-0,10089905046443896
69500	-0,04945834317885	69500	-0,10074607676961797
69510	-0,06153305696797251	69510	-0,097748712178894123
69520	-0,054575488770113111	69520	-0,0924298583792369
69530	-0,058048196970066045	69530	-0,098228861753205457
69540	-0,064890879732451071	69540	-0,095201687629484139
69550	-0,066894670742209422	69550	-0,0943033580792494
69560	-0,063714719115061644	69560	-0,091253941814684533
69570	-0,067601689553634228	69570	-0,10284565238707473
69580	-0,062423799247305282	69580	-0,095264969483406334
69590	-0,060233214174994533	69590	-0,10565556131588513
69600	-0,059156599601529039	69600	-0,097910669948583065
69610	-0,059465302471658474	69610	-0,099550554797904325
69620	-0,063897885089743284	69620	-0,098290738018876236
69630	-0,048871869887498462	69630	-0,10063913793215827
69640	-0,063489748007408878	69640	-0,099798631759081852
69650	-0,052441262619190812	69650	-0,10739777705710504
69660	-0,05345754512729757	69660	-0,0909570019199393
69670	-0,057876055249926728	69670	-0,10735551552239524
69680	-0,064946977295362474	69680	-0,0967360385042723
69690	-0,0698651711807779	69690	-0,10165048232782369
69700	-0,057645598064309939	69700	-0,0840577579981049
69710	-0,059594595870662667	69710	-0,097833426557886349
69720	-0,061369285915012409	69720	-0,09887545343749779
69730	-0,058231030088853108	69730	-0,096442444522301163
69740	-0,05889631219755951	69740	-0,095911818029578239
69750	-0,0631684103208828	69750	-0,089196522351287527
69760	-0,054481920442656068	69760	-0,09612932267819152
69770	-0,061107333702516635	69770	-0,087962027098852369
69780	-0,060753012992886206	69780	-0,10816522103828638
69790	-0,060614794638239315	69790	-0,097922512932568276
69800	-0,060288240383414328	69800	-0,097098882833159844
69810	-0,054035328194159793	69810	-0,10520354587335989
69820	-0,055988456797018513	69820	-0,095848321535573947
69830	-0,069163436684379451	69830	-0,090384327708963291
69840	-0,052586944707774724	69840	-0,09716327309304959
69850	-0,066723939600422874	69850	-0,10226880176110545
69860	-0,059950421732226616	69860	-0,099810873490265614
69870	-0,064013084106790685	69870	-0,098278338819275224
69880	-0,061464950101243233	69880	-0,0976298010226164
69890	-0,057647189757753022	69890	-0,097355895968338615
69900	-0,058759924856668283	69900	-0,092195865880053449
69910	-0,067431656740283355	69910	-0,092199276985426015
69920	-0,056452796360499678	69920	-0,10707897825930925
69930	-0,049629962142205664	69930	-0,095678962470341258
69940	-0,057467319229870355	69940	-0,11056690462775917
69950	-0,056869617350143231	69950	-0,09194830947636258
69960	-0,057286053311443479	69960	-0,099155477412223442
69970	-0,059104264371660858	69970	-0,099796635619181409
69980	-0,073612001677854075	69980	-0,099765875927702211
69990	-0,06635143412706751	69990	-0,093729308455678034
70000	-0,054135237525540461	70000	-0,11302107633105538
70010	-0,056866712069071075	70010	-0,088535272434807313
70020	-0,061675476101148589	70020	-0,0987377731038475
70030	-0,0593441111716846	70030	-0,10868463582494629
70040	-0,060297299692045989	70040	-0,0958456415253525
70050	-0,066151831849370762	70050	-0,10323271194971119
70060	-0,053381664305901667	70060	-0,10153719817790945
70070	-0,0724937230300387	70070	-0,099466302291440184
70080	-0,049138389538050671	70080	-0,091281329057088939
70090	-0,055831875024316385	70090	-0,1039538938892238
70100	-0,053883668727367988	70100	-0,098047989964544127
70110	-0,058728780059681525	70110	-0,10528201324509984
70120	-0,053544810505696372	70120	-0,086774007421236837
70130	-0,062584710046003078	70130	-0,10141058038234405
70140	-0,056117812650569907	70140	-0,10324433791534753
70150	-0,0615230449979452	70150	-0,090078336445741869
70160	-0,056020532501835141	70160	-0,095734723097615881
70170	-0,065107449482646851	70170	-0,092303268389859583
70180	-0,054486171869612736	70180	-0,10501999357911994
70190	-0,0499324350729078	70190	-0,0896515434585245
70200	-0,05392316709439391	70200	-0,09423526462239161
70210	-0,055209352453592174	70210	-0,10583472394146576
70220	-0,066723366406674436	70220	-0,096669528363459864
70230	-0,060086944394136546	70230	-0,087345764004038665
70240	-0,058437080515253738	70240	-0,0877977863920702
70250	-0,06398132354517376	70250	-0,10604054485348509
70260	-0,059839208151534991	70260	-0,097055069702589425
70270	-0,066985764175260573	70270	-0,11552141250430992
70280	-0,062435338108059721	70280	-0,099360799947495318
70290	-0,063431341926108123	70290	-0,10374592440333988
70300	-0,061563382037659591	70300	-0,099459590804529152
70310	-0,050434912137279138	70310	-0,10902411333257875
70320	-0,065060387635278161	70320	-0,10047023025549598
70330	-0,064014841611148413	70330	-0,091723442098274419
70340	-0,0571677457133966	70340	-0,1127524724218741
70350	-0,050834026812033792	70350	-0,10036993566639733
70360	-0,06223678538592152	70360	-0,091704730186567884
70370	-0,0625487469017373	70370	-0,089164718422819228
70380	-0,070889973933747241	70380	-0,099002894410050932
70390	-0,063673923531351692	70390	-0,097562697794932624
70400	-0,058585237642079839	70400	-0,10589519942218495
70410	-0,064272259609553323	70410	-0,09598782121382729
70420	-0,066964263291544174	70420	-0,0982151222969539
70430	-0,0725921655031269	70430	-0,0963591935156325
70440	-0,056151170391381532	70440	-0,10072371168317017
70450	-0,05588464483753499	70450	-0,092789663856824411
70460	-0,0627974668188347	70460	-0,10305591529094338
70470	-0,0555485339123074	70470	-0,11229023733234941
70480	-0,054360538871037825	70480	-0,10335586951092644
70490	-0,055010843066456087	70490	-0,091077576634728111
70500	-0,063209033649556878	70500	-0,10683145091874663
70510	-0,054286540341591194	70510	-0,091959867226076519
70520	-0,0593669030257558	70520	-0,089970689232773474
70530	-0,071550596429852481	70530	-0,10456007802305506
70540	-0,056844802387386151	70540	-0,10944320726879646
70550	-0,055837642061900089	70550	-0,099889454958479174
70560	-0,061681319179025931	70560	-0,10324279833812107
70570	-0,055176985455079874	70570	-0,094517211036894908
70580	-0,066210514861767669	70580	-0,092661395649874911
70590	-0,059529093742854769	70590	-0,10375948810314217
70600	-0,0647420589158299	70600	-0,094319733895092558
70610	-0,072937304288327828	70610	-0,083713098757757662
70620	-0,053068669994323796	70620	-0,11180422655693165
70630	-0,069914663265701144	70630	-0,0937988443494713
70640	-0,058578048415770009	70640	-0,091115220754616852
70650	-0,064653638638560718	70650	-0,10222972031758607
70660	-0,057260235962965561	70660	-0,098712798269949234
70670	-0,065743030742886274	70670	-0,090717589194577966
70680	-0,054301182971285306	70680	-0,083151110831693922
70690	-0,064112918768678917	70690	-0,12030561621750736
70700	-0,051381873762532164	70700	-0,0967058881006259
70710	-0,056704978962835849	70710	-0,10045840284300299
70720	-0,0526293596543398	70720	-0,10328213700846625
70730	-0,060877342835735045	70730	-0,10125297648353775
70740	-0,060196298920140792	70740	-0,10168289196125957
70750	-0,064248056438684156	70750	-0,10378383526937808
70760	-0,0620948172582599	70760	-0,0957002643028715
70770	-0,059757941205991427	70770	-0,091933020060739154
70780	-0,058988178538085141	70780	-0,10226911499454558
70790	-0,054830584142915979	70790	-0,098479739186291285
70800	-0,060302677627470248	70800	-0,10032062371445859
70810	-0,066561609966136137	70810	-0,10504535968310771
70820	-0,0594362292866036	70820	-0,10297641877290691
70830	-0,05610062871258828	70830	-0,08947152152737825
70840	-0,062928568426239645	70840	-0,097525122046432988
70850	-0,06929560744148118	70850	-0,10646441965747372
70860	-0,051785078055900546	70860	-0,10616421616005729
70870	-0,060374851311403258	70870	-0,10335897681780203
70880	-0,059696648172135325	70880	-0,096789360716485764
70890	-0,053154921514249033	70890	-0,10525427070792745
70900	-0,056542231484470969	70900	-0,094948838594725693
70910	-0,0672197610768557	70910	-0,10190231880768227
70920	-0,056763086599145973	70920	-0,0977831697150148
70930	-0,059871231065011507	70930	-0,10783117320878903
70940	-0,057085912906927314	70940	-0,095015705433786651
70950	-0,065783569870904376	70950	-0,0970377715570318
70960	-0,059388803118436279	70960	-0,10591286272152237
70970	-0,059274827177578614	70970	-0,094146720314855437
70980	-0,059911993188725393	70980	-0,090606626721457931
70990	-0,067160905213032751	70990	-0,098716194689470058
71000	-0,067664408911585455	71000	-0,10035563868433227
71010	-0,058835283210038961	71010	-0,0992905706863539
71020	-0,053576371638801114	71020	-0,091840444468213725
71030	-0,052001633452058042	71030	-0,10550135637345535
71040	-0,060337365506129427	71040	-0,0959162302841613
71050	-0,057867815661316262	71050	-0,1082459046112528
71060	-0,060370827046668768	71060	-0,0949217709926978
71070	-0,061591081540427722	71070	-0,10326250964622034
71080	-0,067985024453376369	71080	-0,10232904740237751
71090	-0,0621511053005364	71090	-0,093484539118104268
71100	-0,056085071274373344	71100	-0,098699917399700951
71110	-0,061675909262792247	71110	-0,1023121788283306
71120	-0,053110740103664469	71120	-0,099974942402566713
71130	-0,063609974285930182	71130	-0,10605666121392787
71140	-0,053407036770370529	71140	-0,10118420291868886
71150	-0,053024395048131293	71150	-0,10227081530396472
71160	-0,057070351402933137	71160	-0,096696720349802451
71170	-0,051985961458946746	71170	-0,1005445934829889
71180	-0,062193358601184495	71180	-0,11205491446619421
71190	-0,060844197193861062	71190	-0,0897250565191937
71200	-0,056930851941798144	71200	-0,10755234257007536
71210	-0,054028251936812939	71210	-0,090507696142146932
71220	-0,049577009243789424	71220	-0,095941317251247993
71230	-0,065376709782920372	71230	-0,095333421353152
71240	-0,052118294916778531	71240	-0,096495692315121742
71250	-0,054845049733625958	71250	-0,10480577246122245
71260	-0,046237913731265561	71260	-0,096853155029562626
71270	-0,064763521967243234	71270	-0,10088510714649779
71280	-0,062818811479314215	71280	-0,10054369785937851
71290	-0,058831704336765607	71290	-0,1112636571697971
71300	-0,063748512453624714	71300	-0,088192916622510664
71310	-0,061424803464634942	71310	-0,0915493517970083
71320	-0,064338829282156937	71320	-0,1007656376180246
71330	-0,062945808131396	71330	-0,10116804874152213
71340	-0,058359303560063247	71340	-0,099353232601539138
71350	-0,049076533231983056	71350	-0,1039755524657736
71360	-0,051977203788257022	71360	-0,10138196990938124
71370	-0,060590640035893172	71370	-0,10982261693039819
71380	-0,059233485206885657	71380	-0,095230599417428077
71390	-0,06006509984241	71390	-0,10437142368961086
71400	-0,061177135056314065	71400	-0,10417790961416462
71410	-0,056921378949773983	71410	-0,10171906280001343
71420	-0,058987560270460183	71420	-0,091951886544211686
71430	-0,060050986820796563	71430	-0,095379504565086828
71440	-0,051754739639999922	71440	-0,098489829078656027
71450	-0,061239183513870657	71450	-0,092197777574901024
71460	-0,071257066642888583	71460	-0,10863790654799511
71470	-0,064943927456928618	71470	-0,10289910680853065
71480	-0,054929562960394855	71480	-0,10653498491822698
71490	-0,061682048575236015	71490	-0,096852502953426289
71500	-0,061121263153406276	71500	-0,10118794329980857
71510	-0,05660690052184239	71510	-0,1003545924867383
71520	-0,050202592273328552	71520	-0,10590849152120327
71530	-0,061532294974485438	71530	-0,092614176628769557
71540	-0,061046951166497006	71540	-0,10196535481524358
71550	-0,060160838210706863	71550	-0,090597756779096386
71560	-0,060555033474820809	71560	-0,094182717672091326
71570	-0,054780358452710134	71570	-0,10595368860005171
71580	-0,053965048125105185	71580	-0,09123557120247211
71590	-0,067942679541764459	71590	-0,10494820554821979
71600	-0,057279087210569783	71600	-0,09914484145874386
71610	-0,06429065098027377	71610	-0,097473938796771922
71620	-0,063023599790245272	71620	-0,0931661686010278
71630	-0,066860262902446052	71630	-0,0912917596349455
71640	-0,05205549193993033	71640	-0,0919176231045173
71650	-0,05387434550816763	71650	-0,10148120456935224
71660	-0,061495268113954074	71660	-0,10039262739073032
71670	-0,055676402279866935	71670	-0,098210547328594716
71680	-0,069708730418213544	71680	-0,10262884895378746
71690	-0,057273863966827064	71690	-0,098016507764157226
71700	-0,067226117309687042	71700	-0,099157761450143
71710	-0,055789588981366364	71710	-0,091562916663506591
71720	-0,062055821443483018	71720	-0,10102005762074888
71730	-0,060996070344884412	71730	-0,099199404549248416
71740	-0,054034396286686319	71740	-0,10167764994130776
71750	-0,058087343056585194	71750	-0,10719161626614093
71760	-0,060835012172740781	71760	-0,11478900548225626
71770	-0,05693075407914714	71770	-0,088328153445582175
71780	-0,060405557736038118	71780	-0,10059721955949884
71790	-0,066745294529905144	71790	-0,091183062120522212
71800	-0,058307248639957454	71800	-0,10350466831953803
71810	-0,062634396899866954	71810	-0,097390508730159017
71820	-0,05201750724162725	71820	-0,10564670849870457
71830	-0,051610855251482339	71830	-0,10271672820991022
71840	-0,049059283836717156	71840	-0,10110881928416515
71850	-0,055938778781570817	71850	-0,089286611300389382
71860	-0,052150774067413551	71860	-0,095951963653100963
71870	-0,067735083594412993	71870	-0,096059134891823619
71880	-0,068431223596127036	71880	-0,092135098104471444
71890	-0,053331110310574886	71890	-0,10197232328811047
71900	-0,063044028683201289	71900	-0,10109167981633324
71910	-0,0527710557354315	71910	-0,10053961236166309
71920	-0,06003981186435723	71920	-0,10158723019942885
71930	-0,056670713429459452	71930	-0,0964301822355687
71940	-0,065982038743210181	71940	-0,090728312152915283
71950	-0,052147611495648352	71950	-0,10147697397525574
71960	-0,06540201516485962	71960	-0,10622820107995609
71970	-0,067400524972657819	71970	-0,09084789014857729
71980	-0,05668332952446354	71980	-0,10074884214720511
71990	-0,05618980775187446	71990	-0,1063795940541251
72000	-0,060998470143833569	72000	-0,10119955585226996
72010	-0,0547293614447247	72010	-0,099780960439412758
72020	-0,050615935698577051	72020	-0,0905777128069051
72030	-0,05530091917077655	72030	-0,086233031157684575
72040	-0,060382953931811083	72040	-0,11407072034146777
72050	-0,057680125103309533	72050	-0,092339121885588946
72060	-0,059547896496860715	72060	-0,097769693183040129
72070	-0,053723421521405315	72070	-0,095833940879923987
72080	-0,064682683191722989	72080	-0,10841306671490825
72090	-0,058452201504866665	72090	-0,098752253204033122
72100	-0,058066096836536275	72100	-0,10316977025749202
72110	-0,065291360624987083	72110	-0,10596533400343823
72120	-0,058532021259070907	72120	-0,094537254105037535
72130	-0,0623667199204862	72130	-0,10210573003329596
72140	-0,0570862699104401	72140	-0,10558892252916065
72150	-0,05724069400901477	72150	-0,092809787982867889
72160	-0,0731486698630289	72160	-0,10513283069777935
72170	-0,06614642665373778	72170	-0,095602937515552239
72180	-0,060430077716751934	72180	-0,11383390126403802
72190	-0,057989026837147489	72190	-0,10239708058718137
72200	-0,052708900776417177	72200	-0,097244212447916437
72210	-0,055696247654300257	72210	-0,09733395436701614
72220	-0,059447207727632172	72220	-0,090848197393936611
72230	-0,067378393696894148	72230	-0,10154766795959941
72240	-0,062500023463129842	72240	-0,097971584702444534
72250	-0,058250241152037176	72250	-0,082361559535258144
72260	-0,060347168924902425	72260	-0,096618859455107467
72270	-0,053090862311753258	72270	-0,10561009217242824
72280	-0,060027025647850056	72280	-0,11073086741689132
72290	-0,059208442596210921	72290	-0,092455856316029289
72300	-0,068254869445166441	72300	-0,10366257143980562
72310	-0,057814633199341887	72310	-0,10114665766947892
72320	-0,057841347630938546	72320	-0,096822513966615412
72330	-0,058695772797933046	72330	-0,10313492176979822
72340	-0,06683347526658355	72340	-0,0935862361526034
72350	-0,058972603555722335	72350	-0,11415605045859453
72360	-0,057974624119270388	72360	-0,0990305251166514
72370	-0,064109756320243724	72370	-0,096014330455164137
72380	-0,05852962663185847	72380	-0,11458703602799705
72390	-0,0699135927832991	72390	-0,096807928200064716
72400	-0,066794454512784915	72400	-0,10147140396021612
72410	-0,05291046359152	72410	-0,098627437938684975
72420	-0,05999219287502925	72420	-0,097726706266428612
72430	-0,061532190313712778	72430	-0,10344487816026639
72440	-0,053378602591375057	72440	-0,10173856438754501
72450	-0,068983860077704434	72450	-0,10144966426188791
72460	-0,066091712502502287	72460	-0,0975853944187011
72470	-0,052929752792646716	72470	-0,10793685066226742
72480	-0,059711133608749349	72480	-0,095529164999282851
72490	-0,058539740049346228	72490	-0,092537392956147255
72500	-0,062544641999862982	72500	-0,10730267035245197
72510	-0,059149434911744431	72510	-0,097120871530129479
72520	-0,051513578746399225	72520	-0,092099070161748189
72530	-0,060190409035188464	72530	-0,098021160179917771
72540	-0,056796354020482352	72540	-0,1031254808993097
72550	-0,056890892787939448	72550	-0,10780097178033948
72560	-0,052657065093485209	72560	-0,1011929119172959
72570	-0,057937369227078123	72570	-0,0933054271337197
72580	-0,062360551677608206	72580	-0,09601393130675509
72590	-0,057866633699514773	72590	-0,10153925252129595
72600	-0,06188381819705268	72600	-0,095263840118669674
72610	-0,060690668440559939	72610	-0,10119654492908449
72620	-0,055566478194094965	72620	-0,10019339394323637
72630	-0,067209006230167012	72630	-0,097994891304602219
72640	-0,05773473066309532	72640	-0,10426924932407118
72650	-0,06284893893011162	72650	-0,099844778433227421
72660	-0,061370284078206327	72660	-0,09618620702641216
72670	-0,058324776276771371	72670	-0,10389217140939337
72680	-0,06887178022604537	72680	-0,089896579368617988
72690	-0,057798350295640379	72690	-0,10320949345835422
72700	-0,061681153439440584	72700	-0,096237711035126558
72710	-0,05058037764426835	72710	-0,10664523679807528
72720	-0,065793922643131733	72720	-0,10673495707978256
72730	-0,064729974046756414	72730	-0,098737130000058085
72740	-0,0649643558137846	72740	-0,10127137218421325
72750	-0,0677547408645454	72750	-0,099073470075345033
72760	-0,065957827970143768	72760	-0,088316989725973211
72770	-0,048938531897806545	72770	-0,098427415270143689
72780	-0,059361057793619568	72780	-0,093199346501833813
72790	-0,058465352292545493	72790	-0,099775589155339
72800	-0,067238306476818888	72800	-0,10538391941455857
72810	-0,052789340773463728	72810	-0,10163240647334033
72820	-0,06811985928943512	72820	-0,099612568771153126
72830	-0,05479266598073642	72830	-0,095605987932089131
72840	-0,053522335878713273	72840	-0,10019976345559423
72850	-0,058455899619777	72850	-0,10477929272175121
72860	-0,0605572350479635	72860	-0,10757540481014419
72870	-0,058994062155697191	72870	-0,10078642860838041
72880	-0,060057201946176815	72880	-0,10041285874554651
72890	-0,066504356578172066	72890	-0,10446303693499261
72900	-0,047445697562397623	72900	-0,098878475676474287
72910	-0,063911800642947908	72910	-0,098498229637208279
72920	-0,06140556912754859	72920	-0,0917521303829092
72930	-0,05943802147723927	72930	-0,10466875020832483
72940	-0,061633780127239517	72940	-0,1022205602216483
72950	-0,063412668215367354	72950	-0,096834857971180341
72960	-0,063376417086106793	72960	-0,099974483999196326
72970	-0,065218940935633227	72970	-0,10603874043606375
72980	-0,06426334828623044	72980	-0,099108340197483852
72990	-0,0621528693231044	72990	-0,0908623884204123
73000	-0,0603796647100956	73000	-0,095619555407470969
73010	-0,063559932430048	73010	-0,10402607426623388
73020	-0,057689422471147569	73020	-0,10594765993935759
73030	-0,065833112767812063	73030	-0,084329824162924436
73040	-0,059854193536830719	73040	-0,10491763317954411
73050	-0,062728572899557342	73050	-0,10707364088855846
73060	-0,064076748383536039	73060	-0,0972686655754236
73070	-0,054540889174380783	73070	-0,095530977583171667
73080	-0,054804275470288134	73080	-0,11398401054873
73090	-0,060414802663215396	73090	-0,09469755559473822
73100	-0,060626371910810752	73100	-0,10380373186000165
73110	-0,060155616015998135	73110	-0,0965352258262573
73120	-0,059539978939550195	73120	-0,10645581606475431
73130	-0,062897676212832182	73130	-0,093745414953245412
73140	-0,069735848676625176	73140	-0,0943825342001359
73150	-0,065672725985360544	73150	-0,09614385943896539
73160	-0,069539136926416181	73160	-0,08894063794413723
73170	-0,094276073549043257	73170	-0,11124519913700666
73180	-0,13105911316707097	73180	-0,10587174676956947
73190	-0,16211039251279513	73190	-0,11517579135988143
73200	-0,18643140055813695	73200	-0,095813684824067186
73210	-0,16339896491038172	73210	-0,090513635549116955
73220	-0,16153277173921	73220	-0,090784751953955967
73230	-0,1142478481680675	73230	-0,077473462670319432
73240	-0,1060127311934225	73240	-0,076925418757367359
73250	-0,084544572728589423	73250	-0,086203570595504986
73260	-0,074302318662515368	73260	-0,079345096038210314
73270	-0,089098876904046068	73270	-0,0999611518613229
73280	-0,0675083237048595	73280	-0,10219239081547021
73290	-0,070334254562167964	73290	-0,10036696208134507
73300	-0,079818754509386	73300	-0,0931269986404076
73310	-0,085093313500767292	73310	-0,091370335726584845
73320	-0,072423798774885265	73320	-0,10501786347155159
73330	-0,061648123010307213	73330	-0,098141931003929858
73340	-0,076172140799178834	73340	-0,096320941922952874
73350	-0,0801916392783407	73350	-0,11280441149424285
73360	-0,049738760499045381	73360	-0,10155784090770509
73370	-0,080452309371042252	73370	-0,089181371416722416
73380	-0,077638304360137772	73380	-0,085018158754765608
73390	-0,074060052828657463	73390	-0,093876833590464476
73400	-0,0772207570980871	73400	-0,10184699169215893
73410	-0,068448961441559542	73410	-0,10228888675450727
73420	-0,078585468200452729	73420	-0,10432802896846624
73430	-0,0635404181532896	73430	-0,089324200236490542
73440	-0,074883387739484025	73440	-0,094836921634870217
73450	-0,087018550119764462	73450	-0,10492429673745603
73460	-0,062804557617692561	73460	-0,10326754524586458
73470	-0,070907625315398543	73470	-0,10466593589080644
73480	-0,071325883315486963	73480	-0,10628093629785733
73490	-0,071641274328450133	73490	-0,093932663164508781
73500	-0,081669613436505778	73500	-0,1146885172937486
73510	-0,067740462380325814	73510	-0,10943532373719424
73520	-0,081512589072505692	73520	-0,11158399168632523
73530	-0,067910540664762917	73530	-0,08525147150078842
73540	-0,0784989866332474	73540	-0,10685143143419652
73550	-0,074718192067672135	73550	-0,10135242600811949
73560	-0,062989454784459456	73560	-0,097820080156138869
73570	-0,07872413648645718	73570	-0,10044611890684452
73580	-0,075979539271419219	73580	-0,081378805500954943
73590	-0,080540456032452135	73590	-0,098363344646012846
73600	-0,066551590262726737	73600	-0,092249018474077307
73610	-0,064101062878009735	73610	-0,10947815862243
73620	-0,07976813658115435	73620	-0,088307521993884378
73630	-0,052910696623084091	73630	-0,099896133796497713
73640	-0,073726484681792548	73640	-0,098572634409592713
73650	-0,074569270662037321	73650	-0,089945903962499421
73660	-0,0727067284901178	73660	-0,096276692962273952
73670	-0,072426516036364186	73670	-0,10565115865694626
73680	-0,055258088757229956	73680	-0,1067443161463995
73690	-0,07078519996022159	73690	-0,0960698939015436
73700	-0,0791959810333507	73700	-0,12275831722286304
73710	-0,064660797604528975	73710	-0,093044098476375611
73720	-0,0807985987336729	73720	-0,096513662640294082
73730	-0,0671629608573573	73730	-0,098567462979772133
73740	-0,073181975337961	73740	-0,0935913951216662
73750	-0,078139507402202477	73750	-0,10753750303491852
73760	-0,055989627761348582	73760	-0,098220856186661334
73770	-0,077260711744943561	73770	-0,095798937632909809
73780	-0,071658569757590482	73780	-0,086705500386181855
73790	-0,0749731687108994	73790	-0,096106501776372533
73800	-0,073418005050205987	73800	-0,097118218288849228
73810	-0,07412934935864654	73810	-0,097030681421116385
73820	-0,071103848166207989	73820	-0,11187021613434924
73830	-0,059876043719517269	73830	-0,11001918166036656
73840	-0,0765825785366479	73840	-0,098246509448789737
73850	-0,0847679365464958	73850	-0,094635928104456535
73860	-0,051677065096835686	73860	-0,097967287956943441
73870	-0,0851903019554893	73870	-0,0968204582259593
73880	-0,05945095580069084	73880	-0,096383063552007653
73890	-0,086335994306354663	73890	-0,097273976049593425
73900	-0,074051887381317349	73900	-0,10024779872851149
73910	-0,070541836313178119	73910	-0,095448824802305876
73920	-0,081376222723481578	73920	-0,10443669658324122
73930	-0,069108859762946867	73930	-0,10132031220858903
73940	-0,089685876536660061	73940	-0,087660093155545835
73950	-0,079619899441234959	73950	-0,093259055300771734
73960	-0,065716462405915291	73960	-0,10553573675424732
73970	-0,072986946369713993	73970	-0,094771017171619856
73980	-0,068359354137101036	73980	-0,10215414951325931
73990	-0,0688361688334818	73990	-0,093872564538194952
74000	-0,0777814815388154	74000	-0,0975502068481124
74010	-0,066981717170126756	74010	-0,10265863604428119
74020	-0,076427920270762034	74020	-0,0957953238652677
74030	-0,065880143692517573	74030	-0,10902370402917935
74040	-0,079596289486099564	74040	-0,1029037177139234
74050	-0,061678044911638363	74050	-0,091439758768188883
74060	-0,075208132705437358	74060	-0,10537668629065226
74070	-0,097804150108109889	74070	-0,10285495792323714
74080	-0,062539004513817262	74080	-0,093750497363911334
74090	-0,05835233548943599	74090	-0,10110116857871865
74100	-0,076869292484790436	74100	-0,10831940716604226
74110	-0,064245121024151711	74110	-0,095445815141525239
74120	-0,084447113215544947	74120	-0,096312610160816145
74130	-0,064494262777502059	74130	-0,10687111646213893
74140	-0,0700474881367049	74140	-0,088940613102312743
74150	-0,085914782965404765	74150	-0,10945546581483179
74160	-0,072394459347330145	74160	-0,10951943685455658
74170	-0,090745941535203184	74170	-0,10048474640709725
74180	-0,062390024445999663	74180	-0,0935376887508317
74190	-0,074248967636948007	74190	-0,096321418860998931
74200	-0,057219172393565408	74200	-0,10463752288715439
74210	-0,070970626616654528	74210	-0,099692839376538958
74220	-0,07986910101284489	74220	-0,10186368453572445
74230	-0,076363635319259063	74230	-0,10129619798173928
74240	-0,079873420102419476	74240	-0,099242028137215887
74250	-0,075285151556767141	74250	-0,1002454192156203
74260	-0,072331772382675755	74260	-0,09823561314264477
74270	-0,082677018339666439	74270	-0,099240306538172826
74280	-0,062966702567653493	74280	-0,094541000864521677
74290	-0,0723745443961623	74290	-0,10574264773983477
74300	-0,083413695726097456	74300	-0,10969667510011046
74310	-0,065572062565356581	74310	-0,10502349974598614
74320	-0,086273504014156732	74320	-0,091590315798945846
74330	-0,064102424843847261	74330	-0,096788191261273235
74340	-0,077083768586534748	74340	-0,10689547069383557
74350	-0,0716065144160542	74350	-0,088449638813735923
74360	-0,069641127735881339	74360	-0,099151186646591616
74370	-0,077932024048845611	74370	-0,098382410856090313
74380	-0,068092016446666334	74380	-0,11738212830087758
74390	-0,074367838318054325	74390	-0,10353193116330431
74400	-0,070784087004383309	74400	-0,098697637266810967
74410	-0,067114541179320211	74410	-0,0955486333923371
74420	-0,0896257295188955	74420	-0,094977452575466817
74430	-0,0700692458433777	74430	-0,10792953105853846
74440	-0,06936457913400533	74440	-0,1055075589870942
74450	-0,05543246019299853	74450	-0,10052591963861317
74460	-0,071137433289537325	74460	-0,09240664349628068
74470	-0,0962137728034561	74470	-0,090071975737660417
74480	-0,0747440517564681	74480	-0,096077068504502539
74490	-0,082941618346266829	74490	-0,097770243797712125
74500	-0,07466284879936988	74500	-0,08952616651439628
74510	-0,067955753765830657	74510	-0,0896444568247592
74520	-0,088011290151707666	74520	-0,095060733228961442
74530	-0,062843180932073361	74530	-0,083401018636216712
74540	-0,079029481314147373	74540	-0,096229089779181487
74550	-0,081687336102842109	74550	-0,091210195057277413
74560	-0,074517463931632569	74560	-0,09308691119716013
74570	-0,07383896261776042	74570	-0,086359747567859926
74580	-0,069413623163249449	74580	-0,074761409103886484
74590	-0,083472896840051047	74590	-0,12093651780208202
74600	-0,074936120286714092	74600	-0,098686732353998927
74610	-0,071683383360287109	74610	-0,088046449571156982
74620	-0,0776181292472701	74620	-0,089786877079833238
74630	-0,070980078274247682	74630	-0,093475609360090445
74640	-0,081552309618106486	74640	-0,094670343385276
74650	-0,078255412339977792	74650	-0,10286212519790719
74660	-0,077768505591137377	74660	-0,094366382874018981
74670	-0,09351803384912	74670	-0,09896555527518
74680	-0,066787087016118268	74680	-0,088011983336163571
74690	-0,082723589226832817	74690	-0,080025032356640324
74700	-0,082185068305164019	74700	-0,091043603707854692
74710	-0,0584512622727511	74710	-0,10300535079318829
74720	-0,082934637500661157	74720	-0,0922153281988818
74730	-0,060047135803966742	74730	-0,098006015708265823
74740	-0,078776009260232413	74740	-0,09529239380968009
74750	-0,08475139981493876	74750	-0,10169048033242423
74760	-0,0633990952647007	74760	-0,089212137215863657
74770	-0,086333071523977414	74770	-0,095482262296389453
74780	-0,066971688912167371	74780	-0,0925821583086792
74790	-0,071647357593230238	74790	-0,1014499356999576
74800	-0,085936743927815251	74800	-0,0969635121999341
74810	-0,070773213075459487	74810	-0,090947365019002732
74820	-0,070262246100165918	74820	-0,087366121228048418
74830	-0,08196441133863272	74830	-0,091300866506782472
74840	-0,083692763556953848	74840	-0,091210922367639252
74850	-0,080287335374586155	74850	-0,092237887926627724
74860	-0,071799933449786621	74860	-0,088197684156634371
74870	-0,08523504336192507	74870	-0,094117003331975022
74880	-0,071292170615229508	74880	-0,096722388842572865
74890	-0,07189914648588587	74890	-0,10338803358981302
74900	-0,09120154851373255	74900	-0,095187866557420217
74910	-0,067519582518200755	74910	-0,092958561648956869
74920	-0,088353869181363009	74920	-0,0915693169352296
74930	-0,06719934133603718	74930	-0,082989609493215655
74940	-0,073802419542816231	74940	-0,11209725490580766
74950	-0,084093323421337587	74950	-0,087628555874364342
74960	-0,079286640214057832	74960	-0,10127061525176256
74970	-0,086245753953881829	74970	-0,093220419289113718
74980	-0,071574201132955623	74980	-0,080041830440719622
74990	-0,07783102115696712	74990	-0,089690912914482987
75000	-0,076329882493566592	75000	-0,11551972994481165
75010	-0,060326996131947065	75010	-0,086766512106884491
75020	-0,078937570604117241	75020	-0,093160871704087087
75030	-0,065643590837331817	75030	-0,10174160184760167
75040	-0,094640712506916053	75040	-0,1014754342709292
75050	-0,065740433979044666	75050	-0,10550927411125689
75060	-0,064675305531661439	75060	-0,0936881183857774
75070	-0,086751823404972922	75070	-0,082025666171181844
75080	-0,057087016013811866	75080	-0,094641034035553323
75090	-0,090375565133235178	75090	-0,094218869341259767
75100	-0,085541718443947826	75100	-0,096579956081359067
75110	-0,068600557160208492	75110	-0,10416623856401099
75120	-0,073935428320774335	75120	-0,096999327986222031
75130	-0,086841261424419267	75130	-0,086173755226324977
75140	-0,075440500141772365	75140	-0,096116636683318046
75150	-0,080142245123239836	75150	-0,0958737642835646
75160	-0,07489277367595859	75160	-0,085620223938254858
75170	-0,098753236825093391	75170	-0,093127889975563233
75180	-0,072521383614958482	75180	-0,095233665627578234
75190	-0,075258598243257424	75190	-0,0886783424603044
75200	-0,067098848726462448	75200	-0,093771543044791211
75210	-0,065897161881689675	75210	-0,090455435981618176
75220	-0,094001885626344109	75220	-0,084372416291860652
75230	-0,072285997842015212	75230	-0,084673897766315037
75240	-0,08107406492399119	75240	-0,083963645239323537
75250	-0,08005261387785155	75250	-0,10345007952238164
75260	-0,05814754339735384	75260	-0,087522962212073785
75270	-0,088398958745762007	75270	-0,10818949119220046
75280	-0,066875375087134772	75280	-0,085392116951678185
75290	-0,078130848410735365	75290	-0,10140154765311576
75300	-0,077963026261908042	75300	-0,086349730345853637
75310	-0,085884327275312061	75310	-0,083842004402552517
75320	-0,092480858455088147	75320	-0,094476185831028445
75330	-0,072835585385986917	75330	-0,10134342557827811
75340	-0,082151245699757375	75340	-0,086241247829992054
75350	-0,076769935925343327	75350	-0,10639617512656484
75360	-0,07066717172008305	75360	-0,090423185776751111
75370	-0,07349108574526847	75370	-0,098732803336613315
75380	-0,07518302846163917	75380	-0,077353215934191338
75390	-0,084767467629017434	75390	-0,10560152675574321
75400	-0,071328500932896763	75400	-0,10011934558158406
75410	-0,07111086419836872	75410	-0,10913259543947941
75420	-0,072449579045700319	75420	-0,089201830725422634
75430	-0,069442978378224024	75430	-0,0917224775112414
75440	-0,09357797106328504	75440	-0,082222713483377
75450	-0,071486293516072677	75450	-0,0897352185354291
75460	-0,066840704390408984	75460	-0,091282072549062052
75470	-0,0741486038917599	75470	-0,10414785824447467
75480	-0,064763976936168949	75480	-0,092507587218727122
75490	-0,089558626807040048	75490	-0,0940473585080014
75500	-0,0827018163304507	75500	-0,093839712667966063
75510	-0,072058847333386328	75510	-0,077809563849652971
75520	-0,0908795775449881	75520	-0,11183235560300132
75530	-0,070784789610833385	75530	-0,08667510294484862
75540	-0,068175137122396492	75540	-0,0991969466282959
75550	-0,079436366362459723	75550	-0,084116891530259918
75560	-0,052538743257625108	75560	-0,09851414606940255
75570	-0,095453016108267341	75570	-0,10525164342614783
75580	-0,0769185663325684	75580	-0,086314252399473448
75590	-0,0818870174753267	75590	-0,11125037724546737
75600	-0,079094503246329911	75600	-0,0975808634701662
75610	-0,068910804347022472	75610	-0,084999076811798607
75620	-0,0715127719369411	75620	-0,106080526356506
75630	-0,08490204028689502	75630	-0,097588059849718287
75640	-0,078371760358564455	75640	-0,09133320950524948
75650	-0,08390084231478627	75650	-0,099298504537705945
75660	-0,063108617575991469	75660	-0,079269095168743559
75670	-0,078680386349074261	75670	-0,0900007066080208
75680	-0,082050227486176963	75680	-0,1021352338777456
75690	-0,077976073330493487	75690	-0,094878924118355024
75700	-0,08245473262019748	75700	-0,089720889304618329
75710	-0,068320039640427946	75710	-0,1048684552055766
75720	-0,080922032833069993	75720	-0,10850329591162
75730	-0,071272286891688838	75730	-0,078156309407035468
75740	-0,070605942115824327	75740	-0,10059628615991652
75750	-0,073720082785321148	75750	-0,0997954453242848
75760	-0,062908931078100222	75760	-0,077705050265024764
75770	-0,084968900955055257	75770	-0,1162933465323876
75780	-0,073833317558066436	75780	-0,085494455010084444
75790	-0,084260360003625939	75790	-0,097226722192677931
75800	-0,072949550288139209	75800	-0,08097679310100897
75810	-0,088182275983119535	75810	-0,088315190633269952
75820	-0,082694409350420037	75820	-0,10793487384385866
75830	-0,076102007839800478	75830	-0,09243977329137576
75840	-0,073493080937768046	75840	-0,083133859777143784
75850	-0,078831606505846016	75850	-0,097014990875734633
75860	-0,077486711752084964	75860	-0,097649940795893758
75870	-0,083963092854767371	75870	-0,092945189495928976
75880	-0,078507594267102382	75880	-0,091176538073386063
75890	-0,06850308695151483	75890	-0,091551197231470233
75900	-0,079704221346035359	75900	-0,10449053779435945
75910	-0,0738010694291675	75910	-0,085333133339418124
75920	-0,094751915192537131	75920	-0,11029336906493713
75930	-0,075833375079108589	75930	-0,09036520843235861
75940	-0,073013496604400152	75940	-0,09054950559831576
75950	-0,0916587193829882	75950	-0,088768493831711676
75960	-0,0728698525152773	75960	-0,10440444366148366
75970	-0,0887597227390634	75970	-0,099032869821098976
75980	-0,065805417802507538	75980	-0,082617722025163362
75990	-0,070223912299063065	75990	-0,080478349471752184
76000	-0,084339424030551516	76000	-0,1033171048069676
76010	-0,075097013849501112	76010	-0,090931421453811737
76020	-0,085518466457087425	76020	-0,11055403645095518
76030	-0,071224080421776817	76030	-0,093800757112784669
76040	-0,083424012573970238	76040	-0,08109231432425143
76050	-0,0762868089734731	76050	-0,089421922298286549
76060	-0,0654675586513918	76060	-0,091080040527953016
76070	-0,090822172689237757	76070	-0,098249049481952344
76080	-0,065686469369232059	76080	-0,093649202141592322
76090	-0,07452176002527007	76090	-0,088858016663028408
76100	-0,081033618556177744	76100	-0,10911611177872314
76110	-0,068699183923239662	76110	-0,081016917189098064
76120	-0,085405573872598214	76120	-0,10165293680515122
76130	-0,06813525566655762	76130	-0,090831151755104519
76140	-0,078078630109737	76140	-0,10530496975196062
76150	-0,079190918665808532	76150	-0,095201923062862487
76160	-0,063429430727721323	76160	-0,086966455816491886
76170	-0,0914029194176488	76170	-0,10982060130880916
76180	-0,060875898100653865	76180	-0,084007684836685637
76190	-0,079216348186022731	76190	-0,091662946921741609
76200	-0,082687795009416129	76200	-0,096026820001164387
76210	-0,0726798519136867	76210	-0,1012351435444908
76220	-0,093617410385666178	76220	-0,096689407014580869
76230	-0,060670967190689339	76230	-0,1036813055571595
76240	-0,082750573108829342	76240	-0,09457690488535854
76250	-0,075246280240150287	76250	-0,0969826592970895
76260	-0,072687432963100415	76260	-0,095351243324846319
76270	-0,07930270286230176	76270	-0,095404658113445853
76280	-0,074827753114197246	76280	-0,088287395175756178
76290	-0,080033187942529727	76290	-0,098741596490197
76300	-0,088332711917389561	76300	-0,097497348752237964
76310	-0,069304895551904666	76310	-0,092882951460237353
76320	-0,091319337365548078	76320	-0,10618272789348243
76330	-0,070069923829097533	76330	-0,0851626040141449
76340	-0,084086894046302582	76340	-0,10539859932287456
76350	-0,079494879207153854	76350	-0,087774591939786623
76360	-0,063964070771184989	76360	-0,0975278953927426
76370	-0,099250988823695235	76370	-0,089303727105724554
76380	-0,0659323719364568	76380	-0,0853327354830877
76390	-0,08318421354155961	76390	-0,09595254567276712
76400	-0,076415471465870521	76400	-0,091552780508592752
76410	-0,069346349203443444	76410	-0,091448353943508878
76420	-0,094867364613361121	76420	-0,093939615935119944
76430	-0,059928302411922423	76430	-0,093828151263291429
76440	-0,092744723753594591	76440	-0,093382846829382207
76450	-0,070301380493127813	76450	-0,099227433154102124
76460	-0,067973494808082652	76460	-0,093101888940087946
76470	-0,076988866561535529	76470	-0,089659087660922857
76480	-0,069275844343273135	76480	-0,092690270417194853
76490	-0,06328726322563609	76490	-0,098414223708739881
76500	-0,079623921149673829	76500	-0,091744664276956586
76510	-0,070599131273995211	76510	-0,099602249521249978
76520	-0,069912900370191072	76520	-0,0897217154251451
76530	-0,071699844509587815	76530	-0,087960445366278311
76540	-0,086765464359376931	76540	-0,0964603905958306
76550	-0,071419134695349648	76550	-0,1066807409206479
76560	-0,064089780273530919	76560	-0,084087480163736711
76570	-0,082264070801172484	76570	-0,10546776682484366
76580	-0,082304939692492168	76580	-0,093905728120747337
76590	-0,069248477476879511	76590	-0,0944829713074291
76600	-0,07570845095788982	76600	-0,085153516380827535
76610	-0,061294102150610028	76610	-0,088611589550493156
76620	-0,079289188866191074	76620	-0,088525478986960685
76630	-0,0723392352191928	76630	-0,096510889226189514
76640	-0,081626273173999009	76640	-0,096046627038113175
76650	-0,080137454037235878	76650	-0,090708531966251782
76660	-0,063834544007523961	76660	-0,089366936781994685
76670	-0,093109983240739935	76670	-0,102424426072853
76680	-0,07095437689663707	76680	-0,080180694463933375
76690	-0,066303764162834913	76690	-0,09997035073886093
76700	-0,084489876722588064	76700	-0,10034093041173031
76710	-0,070237782128489884	76710	-0,085972650345031959
76720	-0,095446862527153065	76720	-0,0989533873461892
76730	-0,063550395469737425	76730	-0,098141831593801646
76740	-0,072577357777199591	76740	-0,086840201864883657
76750	-0,076407838239321388	76750	-0,099535638373141028
76760	-0,090727234696075687	76760	-0,09660719056426359
76770	-0,082183976586121255	76770	-0,094453674837241416
76780	-0,065070044339749653	76780	-0,08809497912086002
76790	-0,070487448557623941	76790	-0,099413676566356732
76800	-0,0921293070675204	76800	-0,091821184597375108
76810	-0,08959942877824717	76810	-0,086158493853411275
76820	-0,0766214387601148	76820	-0,10303496119154562
76830	-0,078218527604487928	76830	-0,094672124744259248
76840	-0,087352912755137319	76840	-0,087252444942472349
76850	-0,078054713838314957	76850	-0,10135359561445015
76860	-0,078419665152867774	76860	-0,098010861135063049
76870	-0,091542873203345379	76870	-0,10151558938491727
76880	-0,06901667516148291	76880	-0,090221626530505736
76890	-0,080336558477999212	76890	-0,10461078238851181
76900	-0,0834407881494698	76900	-0,10123684316769778
76910	-0,073777996786044492	76910	-0,091461118270228459
76920	-0,0824331381382857	76920	-0,089657227311647866
76930	-0,061323549864642758	76930	-0,092634778191600237
76940	-0,083399707253912145	76940	-0,087393587960274979
76950	-0,0787633080124573	76950	-0,088410403210468946
76960	-0,061757696199359585	76960	-0,079416371909150213
76970	-0,0892703032931756	76970	-0,096891689495522154
76980	-0,066636845353703039	76980	-0,099444997899648266
76990	-0,082292518595204853	76990	-0,09116664201400454
77000	-0,075167578079983755	77000	-0,091043605806815281
77010	-0,066072192135052624	77010	-0,080768687832311087
77020	-0,079238246683162761	77020	-0,09070394318685715
77030	-0,060408392574457279	77030	-0,097394586465193542
77040	-0,074903279361237779	77040	-0,088578113894385038
77050	-0,07911602228731214	77050	-0,089815863937019361
77060	-0,073964204094010222	77060	-0,08210758094500574
77070	-0,0774257930213271	77070	-0,10328159870801178
77080	-0,082124643293291444	77080	-0,10186772136136027
77090	-0,070761167910036241	77090	-0,091273035406843145
77100	-0,066241960173255468	77100	-0,1016286904937644
77110	-0,042221220487813987	77110	-0,097778762193159244
77120	-0,056562389898878934	77120	-0,10771615462202359
77130	-0,025394668977646914	77130	-0,075213688103672141
77140	-0,018856594433933806	77140	-0,097337256734343541
77150	-0,018026205260331222	77150	-0,093185610874743266
77160	-0,00524925149362348	77160	-0,090693851373274154
77170	-0,010092368189363104	77170	-0,087770109571497293
77180	-0,00054142528762544993	77180	-0,089423809617413738
77190	-0,0080019859900756288	77190	-0,10858766648216107
77200	-0,00052047857619279009	77200	-0,096099869179479311
77210	0,0045850913356883446	77210	-0,094465952997711336
77220	-0,026989520686756464	77220	-0,094346945671660729
77230	0,0035622289259550658	77230	-0,094612965673670238
77240	0,0046803420545469222	77240	-0,095319378161392118
77250	-1,8495229525454556E-06	77250	-0,093096560061531608
77260	0,00864863490564581	77260	-0,095288724209819986
77270	-0,0097873570299250329	77270	-0,096051236778611465
77280	0,0035605610925299588	77280	-0,09387735548800516
77290	0,0016688237679381777	77290	-0,0840615249423711
77300	0,0069416081426777283	77300	-0,0912140107156685
77310	0,0031648100885834094	77310	-0,093022699231053357
77320	-0,0037184073718504571	77320	-0,0936953382972715
77330	-0,0059583734988428432	77330	-0,10809628957100838
77340	-0,0055229295626973568	77340	-0,10479139255112939
77350	-0,0020704899840213184	77350	-0,090188733182824415
77360	0,0041708084749848846	77360	-0,082309793960280944
77370	-0,014077325165141019	77370	-0,07950203245661229
77380	0,0067512314369728814	77380	-0,096775007367588345
77390	-0,0013022005475703427	77390	-0,10660638258186521
77400	0,0022532526095308532	77400	-0,10188389011049247
77410	-0,008080167611824729	77410	-0,10051758217428601
77420	-0,0055936221052785727	77420	-0,088117004622070658
77430	0,013059609208802449	77430	-0,095160258873506168
77440	0,011876251327357862	77440	-0,089202673917372091
77450	-0,019257012087127	77450	-0,093883422686326545
77460	0,015906707982610947	77460	-0,08436188467399551
77470	-0,0032494278713243495	77470	-0,10822363149316068
77480	-0,023811171093902996	77480	-0,10858618675389022
77490	0,0041649402031300976	77490	-0,088348937193116275
77500	-0,00083074953489302059	77500	-0,097256201051978672
77510	0,00012816686411625677	77510	-0,090498576161971475
77520	-0,017014049193812303	77520	-0,10223801135993751
77530	0,0062912639885217532	77530	-0,082514886541873236
77540	-0,0047650018509818792	77540	-0,093550311795322
77550	-0,01741174111695467	77550	-0,096350671361425874
77560	0,0070945470480977477	77560	-0,092853256220567
77570	-0,018505511815216029	77570	-0,0942562211385346
77580	0,012481060772861197	77580	-0,096151179378272625
77590	-0,00781020165549703	77590	-0,10055447516282065
77600	-0,0065723484900104883	77600	-0,095999206438698123
77610	-0,0057264917750876367	77610	-0,089495949083074788
77620	-0,0034567014179392821	77620	-0,090419189971825117
77630	0,0070657087799968817	77630	-0,10557541156082767
77640	-0,0060328318697132517	77640	-0,0751656481849345
77650	-0,0056948990256540377	77650	-0,10363189731236989
77660	0,00041408420691084789	77660	-0,097803870580032565
77670	-0,010970028266919197	77670	-0,093431848252721383
77680	-0,0028145065101517729	77680	-0,090529110678174818
77690	-0,014267469744526419	77690	-0,0927025648865081
77700	-0,0082903749492949947	77700	-0,10142899876810785
77710	-0,0081534730070120381	77710	-0,087529895046839473
77720	0,0038859780797574606	77720	-0,10387679500389126
77730	0,011874830650695721	77730	-0,098505900235542482
77740	-0,00381374189811342	77740	-0,09000658379648166
77750	0,0031138764100823767	77750	-0,081585198407771023
77760	0,002696833552968991	77760	-0,089381785606930955
77770	-0,0068282308574345351	77770	-0,09048395479256216
77780	-0,010681721065270822	77780	-0,09984499190501829
77790	-0,0042319348613144691	77790	-0,10437554793303606
77800	-0,00387320906122358	77800	-0,099297864750237289
77810	0,0085223713860682927	77810	-0,089676222241162715
77820	-0,0005730549244566598	77820	-0,091481712527499412
77830	0,0024123403796254645	77830	-0,098737352528915912
77840	-0,0021802602037961126	77840	-0,10203468904763656
77850	0,0012888577508699901	77850	-0,10700228930060327
77860	0,0051382616934208571	77860	-0,087040252187496475
77870	-0,0061163806943042324	77870	-0,094653001062752484
77880	0,015116721962963856	77880	-0,089167523448659025
77890	-0,015776142373299877	77890	-0,0944486953792599
77900	-0,0060217874068622251	77900	-0,0975658341366599
77910	0,015361958345469846	77910	-0,089429492083926046
77920	-0,0044083009314081576	77920	-0,079102121142986231
77930	-0,0019335672702359649	77930	-0,08722212529155221
77940	-0,010725131396610214	77940	-0,10440129319340445
77950	-0,012516655966856279	77950	-0,084216532576627853
77960	0,011702880672275018	77960	-0,08079806937263484
77970	-0,0047677676700559977	77970	-0,0981142260465418
77980	-0,0095125407632226759	77980	-0,088804396957746543
77990	-0,0048561483807012615	77990	-0,079214076553612428
78000	-0,004800630246329274	78000	-0,082606590475950731
78010	-0,0063098358427710818	78010	-0,063565245381126192
78020	-0,00076600100394327213	78020	-0,06132318762913317
78030	0,0026347024779481165	78030	-0,029177107225368943
78040	0,0025625661419721225	78040	-0,02920077543044353
78050	-0,0050396831571582089	78050	-0,029341993779405197
78060	0,0088620676771726126	78060	0,00068570298919113791
78070	-0,019726016141904515	78070	-0,010661163758715363
78080	0,012265784003554686	78080	0,01017197905305442
78090	0,0042185538546049058	78090	-0,0069232282208630275
78100	-0,0061373580014468755	78100	-0,0029962972335323872
78110	0,014092420551402659	78110	-0,0015796209967419237
78120	-0,0089714282462253336	78120	0,0070917727638741624
78130	-0,0031587473272128848	78130	-0,0073679613258958322
78140	-0,0017424626561885028	78140	-0,011438413722899818
78150	-0,0011834085345397111	78150	0,0020958578932994474
78160	0,0089267194594097876	78160	0,012651356631141459
78170	-0,0068869732087519881	78170	-0,0037606006364069816
78180	0,006969315552457272	78180	-0,008767316855938968
78190	0,0056105502264688833	78190	-0,00941248653245239
78200	-0,0030560914776725985	78200	0,0042980636661428609
78210	0,012088814004484602	78210	0,004946891590371625
78220	-0,0051843220427404864	78220	-0,01168727415433329
78230	-0,016398521986458654	78230	-0,012060233441633907
78240	0,00051554485448109867	78240	0,018625102222068944
78250	-0,0089140600138943853	78250	0,00173578150232317
78260	0,0033495145341281424	78260	0,0017671135240832905
78270	-0,0063371261625169576	78270	-0,0072220243132327631
78280	0,0081429948272628647	78280	-0,0053065462886181611
78290	-0,016832827782869077	78290	0,017180604104901707
78300	-0,0052600876666444845	78300	-0,0066432828305714444
78310	0,012384984594951168	78310	0,014271069190022872
78320	-0,0041713469916382032	78320	0,00863557625153853
78330	0,018235454295781391	78330	-0,017838497648071324
78340	0,000617877858928086	78340	0,003122804313545449
78350	-0,0047286875635070636	78350	0,00043682957725657697
78360	0,014865605856515599	78360	0,0071371136846451371
78370	-0,017376823811654205	78370	0,0053578077714291714
78380	0,0039425022327678689	78380	-0,012753319894753857
78390	0,001730028805587668	78390	0,0029814742133963215
78400	-0,00025550299862186132	78400	0,0097882971070813972
78410	-0,00079608132728586564	78410	0,0024201522154733393
78420	-0,0055914814433073307	78420	0,0019999758863223495
78430	0,0052186661559492208	78430	-0,0010816057883810285
78440	-0,00738382305656629	78440	0,0014423709158041941
78450	0,001068166120538058	78450	-0,00024342188412429741
78460	0,01124078381758677	78460	0,013095896270444494
78470	-0,01500702044638535	78470	0,0028974512481847975
78480	0,0028661470286553731	78480	-0,0067845234534168464
78490	0,0029992625969986813	78490	-0,0095295362205433543
78500	-0,00027475228623304623	78500	0,0042844358302514905
78510	0,0018758233421840617	78510	0,010876498619981715
78520	-0,0019155417914874329	78520	-0,0096133385646017186
78530	-0,0019240626305978672	78530	-0,0026411369260017355
78540	0,0030757157466283036	78540	0,005490739516087779
78550	-0,00072847827148598957	78550	0,0020896973824637965
78560	0,013041376508827604	78560	0,01279826200407906
78570	-0,016644661413353343	78570	0,0099125291982458136
78580	0,0068406373155744443	78580	-0,008485505032795649
78590	-0,012664625921115816	78590	-0,010201329363879142
78600	0,00067041860425270862	78600	-0,01016693843092541
78610	0,011418060092343377	78610	0,010746331473386214
78620	0,0023832951252924059	78620	0,01370992980488322
78630	-0,0048324825560517376	78630	-0,0069779496867155991
78640	0,013681774806120905	78640	-0,010530276129006299
78650	-0,0082410200238083788	78650	-0,006664573264371052
78660	0,0012677584938833937	78660	0,0045677720851499621
78670	-0,0055607799686970922	78670	0,00035486568440537151
78680	-0,0016051104189850536	78680	-0,0099496453890989267
78690	0,0054100764396386065	78690	-0,0027548118416433976
78700	-0,0098676824759422743	78700	0,00088443809610871341
78710	0,0041499937225458984	78710	0,011283373257758212
78720	-0,00667940618685946	78720	0,0002024756463329094
78730	0,0066544972198837827	78730	0,0070635317010402376
78740	0,0073292496278321113	78740	0,0046786934013385122
78750	-0,012737240304341172	78750	-0,011745040665041793
78760	0,016822429202686357	78760	-0,0072262103551989981
78770	-0,0049097868725210478	78770	-0,012523224529198717
78780	0,00200870872050601	78780	0,016772517999212345
78790	0,0041386738621181337	78790	0,010164196554305682
78800	0,0049594103065273166	78800	-0,000497273600637655
78810	0,018893365185629649	78810	-0,0090971052434447031
78820	-0,014064271183601387	78820	0,0031422806797141815
78830	0,0039602821920111447	78830	0,008198606508601507
78840	-0,0092066499222145121	78840	0,0048124392845882973
78850	-0,0081279041533217529	78850	0,00056319320418556952
78860	0,0061319936989780348	78860	-0,011065117918161917
78870	-0,013123514345538491	78870	0,0029842431567380853
78880	-0,0080086716184896416	78880	0,0033167495690890536
78890	0,0034499173098051328	78890	0,0068362096141150012
78900	-0,0084747548530303887	78900	0,005598948245321758
78910	0,006097944319928621	78910	3,5639150879717332E-06
78920	-0,0016620776516747188	78920	-0,002795608162767358
78930	0,0079338367361852791	78930	0,004326325302712106
78940	0,0049845965954708367	78940	0,00021791176179999567
78950	0,0022409459136559185	78950	0,0065176698477172959
78960	0,01785477323930525	78960	-0,0019705296509367294
78970	-0,01817845311269832	78970	0,014142042851564261
78980	0,010002447945162672	78980	-0,0071402893731963872
78990	-0,0016456995115266874	78990	0,0089761179859040047
79000	-0,0034288624706533717	79000	-0,0035756413052561091
79010	0,013187287820063972	79010	0,00022043114163710471
79020	-0,012840609030117835	79020	0,0065104280966062182
79030	0,0053651313734144092	79030	-0,008294050133532644
79040	0,0009513174930714279	79040	-0,010393613820023764
79050	-0,010185206676432558	79050	-0,003918111395033807
79060	0,015189529575839428	79060	0,01670115493529498
79070	-0,00264686588515776	79070	-0,021052192737869124
79080	0,0050482560980249216	79080	-0,0064464362433098417
79090	0,012129017579540184	79090	0,0047875768721328087
79100	0,0089004185872779591	79100	-0,010603404312758795
79110	-0,0015718380792327292	79110	0,0058558400764041514
79120	-0,0022979077464880811	79120	-0,0058110283105012595
79130	0,00058265698017967828	79130	-0,00362336167114053
79140	0,011189286039649332	79140	-0,006579936251083331
79150	-0,01248180305550623	79150	0,0035859737466743011
79160	0,018059679478856693	79160	0,012529259260789408
79170	-0,01313523550969878	79170	-0,013195955194338855
79180	0,00226375521191974	79180	0,006500556999959807
79190	0,0058444314373842024	79190	0,010323308917198215
79200	-0,012869253631598156	79200	-0,0086120370042546811
79210	0,0078338870717971267	79210	0,014190170250536904
79220	0,0010257641855141019	79220	0,0038976416938559773
79230	-0,00486968850459047	79230	0,0017688804952814355
79240	-0,0023050644844213935	79240	0,015151896658146705
79250	-0,012566211780894777	79250	-0,012968786895824988
79260	0,0082981598616849415	79260	0,01317876787672846
79270	0,0042004978305098051	79270	0,0055159346153831942
79280	0,0029542446927338065	79280	-0,013404381111409321
79290	0,00866302540180932	79290	-0,0030556012826010405
79300	-0,011549456690213797	79300	-0,011394668127417656
79310	0,019038117189547722	79310	-0,0041882225141642209
79320	-0,016803813812255739	79320	-0,010175585803686892
79330	-0,0066960423637150027	79330	0,00833270073136609
79340	0,002257949160674995	79340	0,00696193586942245
79350	-0,0034114178624770524	79350	0,0025662228781787254
79360	0,0060120449709808741	79360	0,0014613370112136405
79370	-0,0075182229558136207	79370	-0,019726185160006782
79380	-0,010182765265501893	79380	0,017791614994967873
79390	-0,0029920011412391803	79390	0,00078443643321195221
79400	0,001446009008600915	79400	0,0085896074909638763
79410	0,0037575015132623119	79410	0,00867999985772059
79420	0,009536032086549245	79420	-0,0096395654912715765
79430	-0,00060300680566251056	79430	0,014375880871115394
79440	-0,0034226444954243811	79440	0,0095352069445377146
79450	-0,010558678280028499	79450	-0,016466623652180164
79460	0,00531235086946703	79460	-0,011315066566162749
79470	-0,002835195638283051	79470	-0,0054043539916145385
79480	0,011897575159542368	79480	-0,014100093430858695
79490	0,0058144403804591144	79490	0,010601122797963507
79500	-0,0097724773289542873	79500	-0,0085637777324135359
79510	0,0050159128863518157	79510	0,022514076305324912
79520	-0,010531581946433171	79520	-0,011257415022492933
79530	-0,0048304859633380333	79530	0,014980097768636281
79540	0,00901912708095856	79540	-0,018215703071019756
79550	-0,016923544235765312	79550	0,01304843057210274
79560	-0,004350446905965962	79560	-9,262133674852813E-05
79570	-0,0086817050763629972	79570	-0,004149192677448353
79580	-0,012175600784156389	79580	0,01077754154432144
79590	0,0057802195421303472	79590	0,0068113207570496591
79600	-0,0040981902960386561	79600	-0,0022441304937012457
79610	0,013572194985131653	79610	0,0077319684494464268
79620	-0,011529259877021685	79620	-0,00011540554181692326
79630	-0,007101871022116131	79630	0,00092079980961776154
79640	-0,0022355405989049845	79640	-0,0024894394977831528
79650	-0,011764024610713119	79650	-0,00024765283544444085
79660	0,0060718726896723235	79660	-0,0041215374835227919
79670	-0,0127145505979868	79670	-0,006345753816856029
79680	0,017472537738146207	79680	0,012726391571325305
79690	0,0035264570422801097	79690	0,0069014475239453678
79700	-0,0024185259642087696	79700	0,0026843301250005637
79710	0,00963124064536989	79710	0,0034985464414186997
79720	-0,012528496867875999	79720	-0,01656015505957353
79730	0,011850107938705973	79730	0,0025110664467339013
79740	0,0039735312854182444	79740	0,010621356873411682
79750	-0,0021119159000109584	79750	-0,00055934960005471241
79760	-0,011144988521224803	79760	0,0015176124182849538
79770	-0,010692981957416437	79770	0,00089827486532662547
79780	0,00685943486211126	79780	0,024249533742449047
79790	-0,00246130177021244	79790	0,0013278185221865359
79800	-0,014594703208663932	79800	-0,0084807280154829221
79810	-0,0007108633931439827	79810	-0,0081699058398441958
79820	-0,0034365407496901403	79820	-0,0048263390487396519
79830	0,013797341542173226	79830	-0,0061632422438386847
79840	-0,014186794322169698	79840	0,011601573795037517
79850	-0,0041755309518984847	79850	-0,0070930243479546832
79860	0,015497034316486271	79860	0,0073201754977217579
79870	-0,0031149469824629308	79870	-0,0036785348447929502
79880	-0,0045049788525550706	79880	-0,010809159841456086
79890	0,006625165929046121	79890	0,022685342249663582
79900	-0,014503093654800823	79900	-0,0097079301271892921
79910	0,0029188987383089921	79910	-0,0087073658633765646
79920	-0,0084035531690757909	79920	-0,00037861263294925455
79930	0,0046976391556904553	79930	-0,0029548561366969225
79940	-0,0059853215290338827	79940	0,0082194536744181965
79950	-0,00873275859334559	79950	0,00909793263869181
79960	0,0051472402690567647	79960	-0,0010770012327820495
79970	0,00240792748170428	79970	-0,014120106480661279
79980	-0,0042534155502384615	79980	-0,0013521605965669263
79990	0,0076748657499946327	79990	-0,0022454826549654777
80000	0,001102400896977263	80000	0,014787814182596691
80010	0,011633507666723171	80010	0,0016163834729601241
80020	-0,010662325925406843	80020	-0,0024342130878283806
80030	-0,0047446104731111664	80030	0,002171891024714369
80040	-0,0017434103526852071	80040	0,0075404398145644978
80050	-0,0054319046621315063	80050	0,0024886807591917659
80060	0,005978064959361231	80060	-0,0056945857642967676
80070	-0,00057212040430158545	80070	-0,011894028378257327
80080	0,0089605114175494421	80080	-0,000815423447513988
80090	-0,00047810808882985323	80090	-0,0037173417220085219
80100	0,0068588626998000142	80100	-0,018416183533416418
80110	0,0039738686914562145	80110	-0,001794730855966913
80120	-0,013740950245786705	80120	-0,0024723452989707149
80130	-0,0099869323877895353	80130	-0,0080202072132350023
80140	0,009431862362143521	80140	0,0016086183752660683
80150	-0,0088991400911768957	80150	-0,0081617443159823864
80160	0,014080268766123722	80160	0,00668640472889378
80170	-0,0096462627202734946	80170	-0,01897463239137755
80180	0,0068339736086728943	80180	-0,00010767404205736315
80190	0,0024365296909454564	80190	-0,0042331447545530558
80200	-0,0073694582665216465	80200	-0,014921693055009885
80210	0,013690305313047978	80210	0,0030685810113776656
80220	0,0026849917026505205	80220	-0,0062333454048038106
80230	-0,0089450255362994325	80230	0,013265886430661631
80240	-0,00088586236920139717	80240	0,0082559989090854585
80250	0,0037487143282737218	80250	-0,0055791544873652612
80260	0,017196142170090061	80260	-0,0031516364619743032
80270	0,002463115563861815	80270	-0,007244687940788674
80280	0,002290754794559857	80280	0,0039968148101905748
80290	0,010896669342458103	80290	-0,00020193386924654587
80300	0,000680662885357756	80300	-0,0042099887973202355
80310	0,0050210224343371747	80310	-0,0033876499879934179
80320	-0,00056559915842842648	80320	-0,0081253812311610149
80330	-0,006582098624730766	80330	-0,0077686079140838011
80340	0,0061696764042795714	80340	0,012301830322702496
80350	-0,017814666365771812	80350	0,0096020650616707951
80360	0,009794375761389874	80360	-0,010449718684223579
80370	-0,0017805995681075318	80370	-0,010504702885559641
80380	0,000618124583468001	80380	0,0049703227268277214
80390	-0,0027139152675551312	80390	0,013964063205536436
80400	-0,0081687964644893037	80400	-0,0067118966165917188
80410	0,0063527281232520633	80410	0,0020346095084485052
80420	-0,0066713254260001879	80420	0,010279542590008767
80430	0,0035502649910427626	80430	-0,0050418445957230683
80440	-0,00026224294246685254	80440	0,00086986881090508948
80450	-0,0084111352010218972	80450	-0,010182390385647798
80460	0,0099648954861571749	80460	0,0081792093233893082
80470	-0,00039535247250422153	80470	0,0030642171652670537
80480	-0,010757214538945114	80480	0,00073462564664898342
80490	0,009319547988096857	80490	-0,0017630627014259027
80500	-0,0022785749731650275	80500	0,0094599648622910766
80510	0,010470574246756658	80510	0,0034802567636427651
80520	0,0060656164456146591	80520	-0,0059362563222850849
80530	-0,00081478876088519957	80530	-0,0038256098076076004
80540	0,010982735712600012	80540	0,0044298073715109678
80550	-0,0046819759377744238	80550	-0,0083097109670571337
80560	0,011282965854107234	80560	-0,013121496399840317
80570	0,0013540456207286663	80570	0,0011901458764486139
80580	-0,0013388889020569479	80580	-0,0011298667026460776
80590	0,0075023373501253605	80590	0,0030950434351575246
80600	-0,0030473774783552239	80600	-0,0060791097031741613
80610	0,0076670125777682013	80610	-0,0022683693153560773
80620	-0,0025046905126485967	80620	-0,0051118930656833912
80630	-0,00047042928083648505	80630	-0,0090351618178941134
80640	0,012092915698629107	80640	-0,0078874058095948652
80650	-0,004313296461989722	80650	-0,0069640054189200858
80660	-0,0053560245108008305	80660	0,013747185707085904
80670	-0,011735973348350614	80670	-0,012155000374655552
80680	-0,0039915666268752455	80680	0,010399008789423597
80690	0,0059096179164655413	80690	-0,0071945531137648537
80700	0,0050777408909859654	80700	0,0012360609699574631
80710	0,0032709733769018113	80710	-0,0053732240920723005
80720	-0,00215186748857466	80720	-0,0010427353411402902
80730	-0,00057173879541390956	80730	0,013567060378191049
80740	-0,00795022309841679	80740	0,007475964750480877
80750	0,0010627397487314692	80750	0,0027147637170147564
80760	0,0037017461222589839	80760	0,0027987597540826943
80770	-0,010539151639093211	80770	-0,0077408705579585591
80780	0,0043661933518234523	80780	-0,0026350036432662865
80790	0,0025499539728312251	80790	-0,005069085207120484
80800	-0,0050240749641176849	80800	-0,0026100728178963519
80810	0,015280539014454107	80810	0,00013888279035063165
80820	0,001648288447806413	80820	0,0025988360623887051
80830	0,004631748491832015	80830	-0,014881482986504982
80840	0,0060409641869851351	80840	0,0037514993823264484
80850	-0,0051260039408038546	80850	0,012110740284472574
80860	-0,010808454144890444	80860	-0,0086795918533707772
80870	-0,00053070065755037726	80870	0,009590767353857001
80880	0,0087926368883363346	80880	-0,0082525633072266912
80890	0,012003378918778599	80890	-0,01608167401402448
80900	-0,0020994251755411114	80900	-0,00048834427820694558
80910	0,0075593114189597852	80910	0,0051035002535915969
80920	-0,013745639305125117	80920	-0,0028925722998813046
80930	-0,0071505424012905478	80930	0,026803603016073093
80940	0,0021077019763210483	80940	-0,013247744635858792
80950	-0,0020973617354240245	80950	0,0030840758486577365
80960	0,0096451806519345963	80960	0,0098299923071596216
80970	0,0041485522002481477	80970	0,00025906744687428213
80980	0,0010442250330946078	80980	0,0076213972889156434
80990	-0,004238928015292855	80990	-0,000981263614499162
81000	-0,0012111463605825772	81000	0,0051850608725196095
81010	0,0026600846528955975	81010	0,012178763951577826
81020	-0,013932064712984903	81020	-0,0020685549673355045
81030	0,011923809320342602	81030	0,0076006924611732012
81040	0,0068260792709080647	81040	-0,0062400956406523395
81050	-0,010485210919298603	81050	-0,0077632184962670627
81060	0,003959738138886437	81060	-0,00304581866915221
81070	0,001164189536336473	81070	-0,013680927014353748
81080	0,0016252950214705854	81080	0,0060788510659226342
81090	-0,00073122010025017175	81090	0,001185815443759412
81100	-0,013511060631252627	81100	0,0038598630873545032
81110	0,015851631939322763	81110	-0,0024115438123523225
81120	-0,016487678855744911	81120	0,0059378610290337893
81130	0,012746147661873888	81130	-0,0041793105400908951
81140	-0,0071800121439857542	81140	-0,00127338182423724
81150	-0,010191196399925242	81150	-0,011684008915207426
81160	0,0066350627231898376	81160	0,00817596687955398
81170	-0,0046357969959430678	81170	-0,0028560191337777194
81180	-0,0052707155474311538	81180	0,0015415684847840117
81190	0,0042317400563453376	81190	0,014669284358601183
81200	-0,0058074887798507165	81200	0,0042558330528894711
81210	0,014531945670176967	81210	-0,000441935056060848
81220	-0,0056078441265134654	81220	-0,0088008242523012065
81230	-0,0072355097258924791	81230	-0,0047693584044525431
81240	-0,00907475492353397	81240	0,016202903672668273
81250	-0,0032963920638390057	81250	-0,012620651372855367
81260	0,0063796984273991261	81260	0,0027780146170586213
81270	-0,0070726592061447395	81270	0,0041630205222383514
81280	0,0033445547827820241	81280	0,015415880958403044
81290	0,0062079016824459991	81290	0,0091786465605751
81300	0,0045618857002988	81300	-0,011534872762121029
81310	-0,0056550538303050879	81310	-0,0032205218911935843
81320	-0,011080248748060002	81320	-0,00012844653567225487
81330	0,00524438505822388	81330	0,00034079573930360197
81340	0,0013831087766713757	81340	-0,0091894198275165265
81350	-0,0093277634289655239	81350	0,01726204125653685
81360	0,0098220345803912059	81360	0,00571978574830371
81370	-0,0038669237159518113	81370	0,0050351991342465095
81380	0,0054601634408671723	81380	-0,00079076043124422821
81390	0,0038893380759067809	81390	-0,00099728261766038567
81400	-0,013099116337542108	81400	-0,013725311477468359
81410	0,016779472053477251	81410	-0,010113482113113605
81420	-0,0081946705089772642	81420	0,003302484063507383
81430	-0,0081196284398849065	81430	0,00490509975266409
81440	-0,00051528257296721614	81440	0,010867334499090581
81450	-0,014575882429828555	81450	-0,0094615412974689821
81460	0,0030828043991079027	81460	0,00552736993741083
81470	-0,0023938133545417465	81470	-0,0038810227747762926
81480	-0,0015668587047757338	81480	0,00731940249997281
81490	0,015973542227830151	81490	-0,0017900069415855053
81500	0,0048691140068333237	81500	0,0022823171517209911
81510	0,0055526293889140857	81510	0,015105533084983287
81520	-0,0028787680303427906	81520	0,00086202815888560046
81530	0,0020989073561502071	81530	-0,011539045403876536
81540	0,016191890312438655	81540	0,010385287613250638
81550	-0,016742080961163353	81550	0,015159758824481881
81560	0,014309043856466327	81560	-0,0035939640984656638
81570	-0,012139658941291905	81570	-0,0022881965596993682
81580	-0,020563073684262235	81580	0,013263453370284851
81590	0,0031968867044954758	81590	0,0058461335044504145
81600	-0,0034417754434127152	81600	-0,001926052164339615
81610	0,015780306058407936	81610	0,0046127832144551954
81620	-0,0182952367903961	81620	-0,010286604923597535
81630	0,01027401815795599	81630	-0,011564442339341967
81640	-0,002867612840631827	81640	0,01488975200346322
81650	-0,0068710383613502304	81650	-0,019542407738849715
81660	0,0097601330021284821	81660	-0,0096031310378303335
81670	-0,014217301596497405	81670	-0,0030725931671477446
81680	0,0021465852368253348	81680	-0,0013770267844387984
81690	0,0053714049652929157	81690	0,011983203511541009
81700	-0,00031360502435148128	81700	-0,012324786152622698
81710	0,0053424221984369356	81710	0,00598863256182944
81720	0,00015240622483083776	81720	0,00837261309311271
81730	-0,0074913584016267406	81730	7,6918324214588727E-05
81740	-0,0056484778958862548	81740	-0,0033563018848909872
81750	-0,016633569461748023	81750	-0,0053333484780201711
81760	0,0077038110977746665	81760	-0,0081804506307842952
81770	0,00077612033892425231	81770	-0,013589221232472122
81780	0,0018224430969812184	81780	0,014980410984950243
81790	0,0070480092427598548	81790	0,0037859528271521016
81800	-0,01766848073110695	81800	0,0046943819132994761
81810	0,020332009516914874	81810	0,0080810947866704255
81820	0,011694250284270716	81820	-0,0065901659061448964
81830	0,00050687123200565828	81830	0,013445968057928852
81840	-0,00018427669520354554	81840	0,0022815506761869526
81850	-0,0093220963497637529	81850	-0,012705004431698549
81860	0,00701295315647981	81860	-0,0030755414399770394
81870	-0,0086894363795806326	81870	0,011035049280352802
81880	0,00038152885204830649	81880	-0,00083180348117128824
81890	0,0099066405136236223	81890	-0,013268158084237236
81900	0,00836963270308851	81900	-0,013902935061825815
81910	0,0072641638683861951	81910	0,00406750082943671
81920	5,8996450728404912E-05	81920	0,00068881754877333351
81930	-0,010139495131149253	81930	-0,0011278733256821544
81940	0,002518153961213312	81940	-0,0058059244428972324
81950	-0,0060778640152186446	81950	-0,010699442979315223
81960	0,012904246094353715	81960	0,011428643502398705
81970	-0,017434744090229798	81970	0,017972682003865533
81980	0,0050096799166784089	81980	0,0021061570494655705
81990	0,0064702337218961545	81990	-0,0054790300639213632
82000	-0,0043173304518115364	82000	0,010234309427057092
82010	0,0078626630953524054	82010	0,0077812745278700605
82020	0,0040154617461913358	82020	-0,00365514764645447
82030	0,0026190062302001611	82030	0,013370222149351215
82040	0,0099966425519438136	82040	-0,018059690478767168
82050	-0,0058555117316874822	82050	0,0090409833603946315
82060	-5,7536742700792278E-05	82060	-0,006471020078913493
82070	-0,012403624005710413	82070	0,012103375609635578
82080	-0,0031903820783516414	82080	0,000721296727271061
82090	-0,0039985595722724313	82090	0,00803776418959336
82100	-0,013431157048193618	82100	-0,013280265610192231
82110	0,0039598109307101871	82110	0,011871922699406788
82120	-0,00032817978824996677	82120	-9,25592874261177E-05
82130	-0,010881890690688446	82130	-0,0011632381686486001
82140	0,013784138681118141	82140	-0,0010123553787763806
82150	-0,013471404403940583	82150	-0,018451052053200544
82160	0,015972266903453838	82160	0,0063209368441477327
82170	-0,011504894900404713	82170	-0,011457493888406887
82180	-0,0057903835105004142	82180	0,0043314546290185241
82190	0,0058952425014611306	82190	0,020391425259065073
82200	-0,00564604321563858	82200	0,0077903636189258834
82210	0,00831009405182835	82210	0,005425542741945062
82220	-0,013204297624939056	82220	0,0011641048773298806
82230	0,0030777446376046122	82230	0,0047394014921414282
82240	0,0040179011979745429	82240	-0,00054603633980570448
82250	-0,00952667822611557	82250	0,0013153664455283673
82260	-0,0032410931999315969	82260	0,010792562400197839
82270	-0,0016915549177790412	82270	-0,0057241336666470034
82280	-1,3615034921828258E-05	82280	0,01108350616820907
82290	0,003892686679828305	82290	0,0016774313482981289
82300	-0,0044305315454467933	82300	-0,024758342178483848
82310	0,0088072636017643684	82310	-0,0046899235375495113
82320	-0,0072428701579061927	82320	-0,00083692653671346121
82330	0,0029356207441158092	82330	0,000805685688259158
82340	0,011135663893193985	82340	-0,0036221979646966478
82350	-0,0076413627764376447	82350	-0,0048451584298519427
82360	0,018246730309677654	82360	-0,010337527210183869
82370	-0,010207183702153162	82370	0,0042642014058592009
82380	-0,012740573767669071	82380	0,010759767977259062
82390	0,00822531486400983	82390	0,0063747385267058669
82400	-0,013312718646928916	82400	-0,0024529478705721591
82410	0,0092321111211840154	82410	-0,0063580018288539944
82420	-0,0057584897342382469	82420	-0,0029184492847841477
82430	-0,0015096943678987631	82430	0,0015490211948413328
82440	-0,00020245009491548169	82440	0,011785537450348022
82450	-0,0041507730667091946	82450	0,004910919233069023
82460	-0,0079319129065724709	82460	0,0036228384844123941
82470	0,0041898988766762004	82470	-0,0029809150371193816
82480	0,0011439455068739505	82480	-0,0046702305119491628
82490	0,00446049414429409	82490	0,016304350923296039
82500	-0,0060701919924924259	82500	0,013612786618206186
82510	0,016940757786086749	82510	-0,02384948431135395
82520	0,0020958674190584077	82520	0,01310290426254733
82530	0,0053676575408965225	82530	-0,0041618441308607
82540	0,0070340746341742083	82540	-0,012325905133677137
82550	-0,013234726975908443	82550	-0,012244308168603018
82560	0,007422276383672384	82560	-0,0035835487406139514
82570	0,014145773428234403	82570	0,002997525371611672
82580	-0,01068274956315529	82580	-0,0096029300934522381
82590	0,010568933713019819	82590	-0,00305923961817498
82600	-0,0071696113961655008	82600	-0,0087290219123785234
82610	0,0024171622201735964	82610	0,019770407117554432
82620	-0,0094316628410985835	82620	-0,010299104048116061
82630	0,0070224008386440915	82630	0,00969948864601129
82640	0,0073197323722810365	82640	0,0081334856778321543
82650	-0,015421311324076556	82650	-0,003397077037237572
82660	-0,007778281692259522	82660	0,000955867154283818
82670	-0,014905603647538394	82670	0,0079906545462204211
82680	0,0093883353699393112	82680	0,0088462256589107776
82690	0,0074706183146481019	82690	0,00845417428365544
82700	-0,0066307215477527737	82700	-0,0015638661172569118
82710	0,00809989975692691	82710	0,0098308790758811944
82720	-0,0024682870871008543	82720	-0,0052216927925346221
82730	0,015405290965529067	82730	0,0020160692675447235
82740	0,0023671688230835742	82740	-0,006534945289135256
82750	-0,0034632068648459613	82750	0,00082370995778187914
82760	0,017506527906957288	82760	0,0003939448308208279
82770	-0,0066068513345420828	82770	-0,0085147050924006679
82780	-0,0029814015712110995	82780	0,00089600345978793367
82790	0,0060999828140398966	82790	-0,00053177656411537049
82800	-0,014150748948208461	82800	-0,019403849906667697
82810	0,012248920565697742	82810	-0,0115829906114212
82820	0,0016079666072709156	82820	0,0073059240934028212
82830	0,0031297770037125019	82830	0,0015255691755958227
82840	0,01595675969139717	82840	-0,0029686737658682566
82850	0,00057936280133278218	82850	0,014809766801800815
82860	0,006034830136500139	82860	0,0038254065669531367
82870	-0,013077872404430186	82870	0,0013775614819158868
82880	-0,011341817140582002	82880	-0,0078166749269215439
82890	0,0032155274543562914	82890	-0,0064790953551698439
82900	-0,0086105613248227131	82900	-0,000547189722546005
82910	-0,00057812941559205007	82910	0,010860070779828436
82920	-0,0027099610292510372	82920	-0,0044985900771319894
82930	-0,011461426493507709	82930	0,00023342505092929642
82940	0,0054081154003368511	82940	-0,00074017245126319119
82950	-0,011434447909827747	82950	0,00048567920332939605
82960	0,0079637792560418291	82960	-0,00061407394054832209
82970	-0,013514097609172361	82970	-0,0044870902236082135
82980	0,0039223079935925761	82980	-0,0081119943605454589
82990	-0,013482170644466473	82990	0,0085236243558112
83000	0,0087871112205914152	83000	-0,017766510166412688
83010	0,010047779905913557	83010	0,008088551867982
83020	-0,0145065457134764	83020	-0,0075397720375461105
83030	-0,011488725998110287	83030	-0,011108622274286075
83040	0,009411718650237013	83040	0,014465396461188369
83050	-0,0052635971258039758	83050	-0,0036739470465560792
83060	0,012964478729668634	83060	0,00015300754609926762
83070	0,010515376135179911	83070	-0,0013320517704311628
83080	-0,0033064974473332705	83080	0,0052356559273785876
83090	0,015644915065088808	83090	-0,00026236265170515071
83100	-0,021882791193224532	83100	-0,013410348880434266
83110	0,00479734886674824	83110	0,003953509050832681
83120	-0,011378714715673423	83120	-0,0059012165929418431
83130	0,0027694112087406609	83130	-0,0019556020931710545
83140	0,0063863106324381462	83140	-0,0081602084308301116
83150	-0,0083872318994123729	83150	-7,8214930446831216E-05
83160	-0,00040087121608901958	83160	0,0089506438410535925
83170	-0,0032670198786358584	83170	-0,0063609907101924235
83180	0,0027685202193861408	83180	-0,016090688005573794
83190	0,018128838729417486	83190	0,012081973924695684
83200	-0,0075945197410885309	83200	-0,003809189600775672
83210	0,0046735309028826848	83210	0,01587686247918833
83220	-0,012317973456254565	83220	-0,0058097334201500511
83230	0,0035968074039901456	83230	-0,0058408781709593993
83240	-0,00448548320144768	83240	-0,0017040379063510702
83250	-0,0063703685367644831	83250	-0,029084381423561352
83260	0,017732030317810368	83260	0,0010208095941959636
83270	-0,010737525779949545	83270	-0,0070893358109251556
83280	0,0099633777220331857	83280	-0,00097505113734263358
83290	0,00741638660352109	83290	0,000909865326047044
83300	-0,0057412679703949653	83300	0,00938105823250005
83310	0,0098486486386427929	83310	-0,0026071846350509244
83320	0,0014663291546669641	83320	0,0076228452254828482
83330	-0,011392553286408475	83330	0,0021014290837172486
83340	-0,0017732360715695544	83340	-0,0011267533063294645
83350	-0,00053529931450611835	83350	-0,0057664852994227262
83360	-0,0063414834924416146	83360	0,01350320922838885
83370	0,0043146108637485475	83370	-0,0040621755649741641
83380	0,0045772778517071929	83380	0,0076668477011207145
83390	0,00945985729381401	83390	0,017122159280191108
83400	-0,0054097360336390777	83400	-0,015984788144549827
83410	-0,0096952605588844828	83410	0,0023238605821940365
83420	-8,3449667924701286E-05	83420	0,00055695063142037417
83430	0,0120214252613257	83430	0,010143618644754536
83440	0,0056318373110666219	83440	0,0031657250851208165
83450	-0,004978041158750425	83450	0,00876509531158538
83460	0,0084318092600343553	83460	-0,0067846282598551487
83470	-0,0035319824588186154	83470	-0,003637026222835819
83480	-0,0030348166386808041	83480	-0,0010731427618455392
83490	-0,0052476097981984824	83490	-0,0040993251750396816
83500	-0,0069613329954942215	83500	0,012623294208947386
83510	0,0039237771073074431	83510	-0,016875234598071508
83520	0,010083453755252476	83520	-0,0047575122510378738
83530	0,00037552849264512437	83530	0,0044263550892114176
83540	0,0027263070350354514	83540	0,00484959332447231
83550	-0,010875690124330709	83550	-0,0053453189429069816
83560	0,0019606197902811017	83560	0,0063744262240263356
83570	0,0022350855244010356	83570	-0,00961766549353917
83580	0,0084733375478238827	83580	-0,0091501177928886655
83590	0,011532517622520954	83590	-0,0044309624646675285
83600	-0,01975564960261416	83600	-0,012259553379549648
83610	5,2985756987694955E-05	83610	0,012131751480202695
83620	0,0021097524519772047	83620	0,011339422523865415
83630	-0,0052846315301204481	83630	-0,011072352785154263
83640	0,013618799325415902	83640	0,0047490707408193063
83650	-0,00731099113450845	83650	-0,0060037297568797891
83660	0,0080415684015609137	83660	0,0064042651202144982
83670	0,013037252955586689	83670	-0,0011564059177711845
83680	0,0044626828857169355	83680	-0,010235682702788558
83690	0,0043115329639762815	83690	0,0032802117196851425
83700	0,0028485238305196569	83700	-0,010832163895999157
83710	-0,002119074395952427	83710	-0,011025127821158488
83720	-0,01742006268625821	83720	0,015326000055574907
83730	0,00090462103159236966	83730	0,0061476117389434072
83740	0,0017590845094395576	83740	-0,0021496654491584485
83750	-0,0043314449486288233	83750	0,0064887119967952369
83760	0,005180826760559378	83760	-0,013250226935663689
83770	3,217795456016589E-05	83770	-0,0078560793052662222
83780	-0,0089199059387966087	83780	0,010273044814783607
83790	0,0035155749309153722	83790	-0,0058136681564545448
83800	-0,0054373804428375864	83800	0,0094387574591948669
83810	0,0014811743465490484	83810	-0,0016835366839248423
83820	-0,001673907505982383	83820	-0,0036853198980935438
83830	-0,0057862437479046583	83830	0,0096554281867055718
83840	0,0042934348582684585	83840	0,0057807650141611924
83850	-0,0014356390042310826	83850	-0,0043926655409833116
83860	-0,011635985792821994	83860	0,0050957153683309523
83870	-0,0055901060665949666	83870	0,0078871571454857767
83880	-0,0022429920870029162	83880	0,0017712127840006392
83890	0,014745115959750043	83890	0,00936181579661105
83900	-0,0018393734533200716	83900	0,0055392275625076341
83910	0,016471123445650559	83910	0,0080305765613646832
83920	0,0096339583853922838	83920	-0,005200855332149491
83930	0,0023941710759879543	83930	-0,005101180035155071
83940	0,0093449060669363159	83940	0,0073722467621364874
83950	-0,013195936392226035	83950	0,0072882512113274026
83960	0,0053251267316997142	83960	-0,004796182944658391
83970	-0,010901226359152945	83970	0,0025028300393568695
83980	0,0086513988296961115	83980	0,015082003093724622
83990	0,01123896070498475	83990	-0,0030984517815739248
84000	-0,0098802123000816863	84000	-0,0035727331629177134
84010	0,01351674535293159	84010	-0,0019994479271867411
84020	-0,00066514709580209384	84020	-0,0061264042520961506
84030	-0,023009115314877555	84030	-0,011333721806547811
84040	0,0088887624969059345	84040	-0,003798808089958024
84050	-0,0050122896785698172	84050	0,010280579387820669
84060	0,000975336608761636	84060	-0,001513772053528837
84070	-0,0040398880470717191	84070	0,0054913779179525026
84080	-0,010341237976695073	84080	-0,000504607962063094
84090	0,012776847147978398	84090	0,0020133971339023914
84100	0,0047435296457729939	84100	-0,002965650766789488
84110	0,016953342647086981	84110	0,0077845699788880148
84120	-0,00062196536221966316	84120	0,0025374900073339051
84130	-0,013778389796090588	84130	0,0023330848948237403
84140	0,0047353098399805851	84140	-0,004466902544065684
84150	0,00012477500083267284	84150	-0,011365118474506733
84160	0,010602696087286239	84160	-0,010643373748547869
84170	-0,00044706226513907581	84170	0,0020143661617497708
84180	-0,002066983761566517	84180	-0,0085492861593684539
84190	0,0050884360179154573	84190	0,0098493159911628436
84200	0,00043394596723906237	84200	-0,01008449859635043
84210	0,0019967003711146383	84210	0,00089243413629246581
84220	-0,0037259756908533319	84220	0,004623391022298644
84230	-0,0026279001552436685	84230	0,000573529836222927
84240	0,019836420822278628	84240	0,0028691771039516486
84250	-0,005663206096836312	84250	-0,0039379865399260163
84260	0,0076983144087309245	84260	0,00035967415788557
84270	0,0079867016528538861	84270	-0,002588725081619466
84280	-0,0010819595139679354	84280	-0,0062476615423108861
84290	0,0099946359223496879	84290	0,0078366510853497065
84300	-0,021392226644488071	84300	-0,0056380172294743106
84310	0,0036649852898493489	84310	-0,0027415562249586472
84320	0,0017915402080564836	84320	-0,0046044239618807953
84330	-0,0096033688035229523	84330	-0,0036821826852920783
84340	0,010046672220228	84340	-0,004995445226394629
84350	-0,0091123586900293558	84350	-0,0087880721942017858
84360	-0,0032494592983661882	84360	0,0045801308826482886
84370	-0,0013482992056794976	84370	0,01791086399413
84380	5,7147568939208584E-05	84380	0,0038727993659032549
84390	0,0060578863825072934	84390	-0,003748929255455427
84400	-0,016290243334227527	84400	-0,0070827529825454854
84410	0,0011129139771884136	84410	0,0029696012935469074
84420	-0,0062038722613688225	84420	-0,011795563414672361
84430	-0,013560074177067354	84430	0,0066837913014017227
84440	0,022994489362996411	84440	0,0052652630869590555
84450	-0,014190377342664037	84450	-0,012054282891149189
84460	-0,0027199800782376589	84460	-1,2484014191915937E-06
84470	-0,0028802188786538206	84470	0,00458221235617727
84480	0,0041407478816215719	84480	-0,0054352114617343891
84490	0,00922039768936352	84490	-0,0020796040195680491
84500	0,0038428893631841576	84500	-0,013876113029642926
84510	0,0040199272413185159	84510	0,0034090350450241527
84520	-0,007695417764952802	84520	0,012509772718254568
84530	3,3070281356871449E-05	84530	-0,010333574870533113
84540	0,0048057338415204405	84540	0,024930943432071681
84550	-0,0055446102903281	84550	0,011355880057579483
84560	-0,0023697245300165377	84560	0,00055538686728008732
84570	0,0053152440458653465	84570	-0,0028775128126530942
84580	0,0012227021030914379	84580	0,00080675022450248243
84590	-0,0035232088471710966	84590	0,0093910783897466037
84600	0,00015820860487869915	84600	-0,012994944409907547
84610	0,010052440141763337	84610	0,00585239329703212
84620	0,0047365404229490734	84620	-0,00037349641672696589
84630	0,0026097243735467364	84630	-0,0052194767934708409
84640	0,00068161989026075038	84640	0,023697562798999646
84650	-0,015495984515644308	84650	6,8262932234087388E-05
84660	-0,0032800762638425856	84660	0,0051154471940574311
84670	-0,0017244016160379014	84670	-0,0035082737769511845
84680	-0,017216118909825166	84680	-0,0044689994347463687
84690	0,020096368427690105	84690	-0,0013734298397193247
84700	-0,013973477019678915	84700	0,007860083673376924
84710	0,010902703100394937	84710	-0,0075829644191840262
84720	0,0036719072381252551	84720	-0,014532489982610808
84730	0,0042724788401033087	84730	-0,0018652973290019153
84740	0,014428585900468836	84740	0,0056661763524096225
84750	-0,017775121872787025	84750	-0,00061680326547697436
84760	0,0014491838664932809	84760	-0,0068860326438371748
84770	-6,1491891707556655E-05	84770	0,0090046337515767728
84780	0,0043835938389346725	84780	-0,01436685261653926
84790	-0,00022285065316460963	84790	0,0055185200011674193
84800	0,00784992000053655	84800	-0,014621939467739858
84810	0,0063361028527397761	84810	0,010177401373431524
84820	0,0024953153261673008	84820	0,0068635442503603029
84830	0,0089922167583017572	84830	-0,015560968720855453
84840	0,012733881956895623	84840	0,010204505775345331
84850	-0,0063321370218654685	84850	0,0048697563676268936
84860	0,017894592185389656	84860	-0,017038535595833355
84870	-0,0045845535048164073	84870	0,0033721109760156904
84880	-0,0086012671593608068	84880	-0,014066762846645878
84890	0,0038670586704468413	84890	0,00061104373455246955
84900	-0,017008217511843695	84900	-0,00025222552006609551
84910	-0,0023420390466137421	84910	0,0044599941234866438
84920	-0,0014907378718530756	84920	-0,007295867664410205
84930	-0,0079929317772396442	84930	0,0049163445085166355
84940	0,023141483252724689	84940	-0,00043855773117146437
84950	-0,0080355949436300526	84950	-0,011136372131508763
84960	-0,0012524810482583	84960	0,0001215175284347727
84970	-0,0028450974143853711	84970	-0,0022025186397484028
84980	-0,00066087908568012712	84980	-0,0025283593797249195
84990	-0,000741384702356556	84990	0,01064009238995171
85000	-0,016401922528551747	85000	-0,0031469990768779803
85010	0,010554628762061234	85010	0,0064680728012501583
85020	-0,0096560162534814909	85020	-0,00046162398025230672
85030	-0,0037739935730274933	85030	0,0080190055259215885
85040	0,0206249302348374	85040	-0,0012559790309676243
85050	-0,01568123605725107	85050	0,0019801761018048507
85060	0,0024781427482336127	85060	0,0060905744530853319
85070	-0,0053424563262544937	85070	0,0020872675850734492
85080	-0,00053374151007429791	85080	0,0047608778700716737
85090	-0,00092090988767308719	85090	0,0056415989837046276
85100	0,0029557394223240579	85100	-0,013313927707926061
85110	0,014536707696541432	85110	0,0062891939350298047
85120	0,010569837773187049	85120	0,014811291724927313
85130	-0,0042587401534168743	85130	0,0019748879195933861
85140	0,0015694189004529483	85140	-0,015409641332055957
85150	-0,017488261895754378	85150	-0,012486206882562516
85160	0,0040391665053570776	85160	0,022114255452047427
85170	0,0012104891549919157	85170	-0,0037012487765755503
85180	-0,0072196744888958168	85180	-0,0017730496113399568
85190	0,0013119203733054374	85190	-0,015563010544476135
85200	-0,0079423923538246427	85200	0,0079063833480526643
85210	0,005553256410046949	85210	-0,0066012459710056053
85220	-0,00357620440756798	85220	0,0026931136116995413
85230	-0,0056472749945147257	85230	0,002580908126634706
85240	0,012890997422706427	85240	-0,0034023464518191386
85250	-0,02402588074202635	85250	-0,0101329484338898
85260	-0,0065231086665044416	85260	0,0052232908753211613
85270	-0,0053659441546025886	85270	0,024117173664639207
85280	-0,010304825742357365	85280	0,0082394089196432627
85290	0,0079180986687656125	85290	-0,0085523198354954845
85300	-0,00418938732632915	85300	-0,0073638862528728494
85310	0,0022294123368278617	85310	0,013338375734607156
85320	0,0048952944812154821	85320	-0,0191033689050282
85330	-0,0080493420552826371	85330	0,0055450809888477068
85340	0,0053848074509823506	85340	0,0062432728464997846
85350	-0,0067363177991689	85350	0,00019567533001987688
85360	0,0024498557861935394	85360	-0,0049503356774204
85370	-0,013729743178558152	85370	0,00087617029179937092
85380	0,00061196113959649566	85380	-0,000677133630984584
85390	0,00066453380669173883	85390	0,0043699303714923431
85400	0,00032529903588138692	85400	-0,0027319480001727469
85410	-0,00025663805139135824	85410	0,005342696648058599
85420	-0,0071417120049022415	85420	0,013146480931673242
85430	-0,014645121056452125	85430	0,0056979934000159728
85440	0,015506019069310512	85440	-0,0020958924023467165
85450	-0,0058644935528122119	85450	-0,0075278235517474267
85460	0,020600600403568186	85460	0,0096731656324660371
85470	-0,0018314013615340179	85470	0,0089655951536989475
85480	-0,005184626894482864	85480	-0,0064107124724465791
85490	0,0045466910726230806	85490	0,014172113064677996
85500	-0,0032825066659318007	85500	-0,00823512667352
85510	0,0096038483185857289	85510	-0,0083991253848218744
85520	-0,008122198872104169	85520	-0,0049013777014622834
85530	0,0044359006157745724	85530	-0,00684759752962618
85540	0,0080303696348634421	85540	-0,015939656352931035
85550	-0,0092633109135412447	85550	-0,068951736594956611
85560	0,015177466657898495	85560	-0,12095545021502149
85570	0,0043671162546552265	85570	-0,18615723118140815
85580	0,019956344427940705	85580	-0,23785886128639069
85590	0,021195581879352225	85590	-0,30176634783390166
85600	0,0069336878194563613	85600	-0,34573363630597576
85610	0,079155771918858323	85610	-0,34214243363597863
85620	0,039108133854098004	85620	-0,40883928847221579
85630	-0,019484309756420667	85630	-0,40467849453912919
85640	-0,048329635296549107	85640	-0,41881821775493522
85650	-0,050053860876584311	85650	-0,51811294486755388
85660	0,029387643351306506	85660	-0,33250441430285765
85670	-0,055640720315532084	85670	0,07329665469211015
85680	0,01117444899655793	85680	0,29194524815491291
85690	0,11091199538150008	85690	0,41640878093645378
85700	-0,032336432859936454	85700	0,467224902823837
85710	0,065416623203819149	85710	0,22939206908728252
85720	-0,19315634934757123	85720	0,52857082704984615
85730	-0,063779638337112254	85730	0,41714858483666184
85740	0,049485381534648258	85740	0,41644246097280818
85750	-0,14428425019082883	85750	0,34482154036200763
85760	0,077904407967585146	85760	0,059974805882769607
85770	-0,11259665375008601	85770	0,44562250674742176
85780	0,027654862894389485	85780	0,3720955538402233
85790	0,062164016086549589	85790	0,32395911275885503
85800	-0,040806935146437004	85800	0,25228514305470723
85810	0,046287302701751229	85810	0,16145050918535495
85820	0,0047283549280880965	85820	0,33140746524790976
85830	-0,0049279171942229047	85830	0,45688284895434483
85840	0,11547301332837397	85840	0,45846909598966012
85850	0,11198685668159254	85850	0,412815776584309
85860	0,041159060255461642	85860	0,36107223742065592
85870	0,040151446179932965	85870	0,24087333648371109
85880	-0,00010264083924707469	85880	0,081646411510259975
85890	-0,031085643020956295	85890	-0,064039311998956322
85900	-0,05082452962724187	85900	-0,17383932171709479
85910	-0,048186601653142008	85910	-0,24919891901284402
85920	-0,024336835542702249	85920	-0,30261103003801276
85930	-0,016302719752467446	85930	-0,35961685943293159
85940	-0,004629758790466937	85940	-0,36258395753239642
85950	0,0043351687863740582	85950	-0,36827912100895205
85960	0,00802178721275468	85960	-0,34419811274954187
85970	-0,00619874585165174	85970	-0,3164760970315
85980	-0,01045149150619145	85980	-0,24575496687796036
85990	0,021475786548347593	85990	-0,1980240721778114
86000	0,0012662050488092352	86000	-0,15894824525570378
86010	0,0025879208902741977	86010	-0,11620486523803598
86020	-0,0037136846568909575	86020	-0,058374720571310448
86030	0,0066862140444823711	86030	-0,037995041792086508
86040	0,000835545260286335	86040	-0,036095262109401748
86050	0,00092087102559003636	86050	-0,023473461732456947
86060	-0,0035490035395647451	86060	-0,041331327195713044
86070	-0,0052275528093692226	86070	-0,022661775097474864
86080	-0,011257935942749986	86080	-0,031319034514534265
86090	-0,0055472899058259138	86090	-0,03249258490115068
86100	-0,0012632356044591946	86100	-0,0068631893348536713
86110	0,0014819902622510651	86110	-0,019658479204952024
86120	-0,01049329404135149	86120	-0,014613677078310686
86130	0,0027977408459899347	86130	-0,016124308614755591
86140	0,0056253577042875719	86140	0,00735344189414213
86150	0,0026100220641996396	86150	-0,0013466011395402121
86160	-0,0034886546800274028	86160	-0,0080477348293640245
86170	-0,0096931551276453268	86170	-0,00044611950288086843
86180	-0,0031362342809752607	86180	-0,0021414948888424227
86190	-0,026551740836477555	86190	0,00095880460776261926
86200	0,0010359910223038669	86200	-0,0042068297831895874
86210	-0,012272933869100854	86210	-0,000322319807102625
86220	0,0014816928517889061	86220	-0,0038028411437428015
86230	0,016947893528613811	86230	-0,0018967766711650833
86240	-0,0073940764406065741	86240	-0,0060832708022718453
86250	-0,004670142268492797	86250	-0,009601794469518395
86260	-0,014960631462707786	86260	-0,001057374606689455
86270	0,0094340224258547267	86270	-0,0014480779556895682
86280	0,0027701494361629972	86280	0,0068921136140686077
86290	0,0050448705465833289	86290	0,0116882300534151
86300	0,0019924240847100428	86300	-0,0099264877145660325
86310	-0,0017056120772903057	86310	-0,0024231189786746228
86320	-0,0072084810240539629	86320	-0,00078602047635068775
86330	0,003598561935200311	86330	0,0094763370982488878
86340	-0,0067286928634894046	86340	-0,0074679221274563815
86350	-0,010431817090864682	86350	-0,0081925597357540569
86360	0,017444020878112216	86360	-0,0069274230142165414
86370	-0,0073824543954848151	86370	0,0027933075714545782
86380	0,010283881029439347	86380	0,00094410015462141682
86390	-0,0074628110090346591	86390	0,0010804628441360568
86400	0,0011225708711663392	86400	-0,007395285502070751
86410	-0,00049196636411672216	86410	-0,0066515133680994159
86420	0,0134477680039133	86420	0,0050225726772761157
86430	0,0016074184930694379	86430	0,004565836183772101
86440	-0,0047259395019694081	86440	-0,0010369316309350642
86450	0,00011146807818723364	86450	-0,0030294262697160854
86460	0,012630201420247253	86460	-0,0073711071176414816
86470	-0,01053044832166738	86470	-0,0030284131186552529
86480	-0,012700204461253974	86480	0,00089199728412319346
86490	0,00047231272682167832	86490	-0,0051332946431792755
86500	0,0035751642670924203	86500	0,0052489676279204728
86510	-0,0017622148768287854	86510	0,0080613571551051109
86520	0,005698801137910236	86520	0,0013156901464853874
86530	-0,014826128015559758	86530	0,012584886847745124
86540	-0,0016124424959714691	86540	-0,015060877311815138
86550	-0,00097580323111454029	86550	-0,0067521915963685564
86560	0,0051674557570946921	86560	-0,000953000341163174
86570	0,002238916901732496	86570	0,0017087908728528702
86580	-0,014457673000265169	86580	-0,0089118956686082829
86590	-0,00070582313316794733	86590	0,00517319143005046
86600	0,0058397879790480821	86600	-0,015509157864528105
86610	-0,00032680651137775206	86610	0,0081287906235966486
86620	0,012282563768726816	86620	0,019404369854831082
86630	-0,0046022067651608	86630	-0,011730082062125613
86640	0,011735320017050053	86640	0,017842671070417215
86650	0,00052900656505639474	86650	0,015721599499438684
86660	-0,0098017085020756824	86660	0,0042044475770747708
86670	0,0033268591671302061	86670	-0,0043976112437716965
86680	0,010870244494498155	86680	0,0022244817027677762
86690	-0,0052611078804809643	86690	0,00450988960017142
86700	0,0011589477244099903	86700	0,0078015669420547131
86710	-0,010211185836245411	86710	0,010771726530839467
86720	-0,0016735322703814823	86720	0,00012104952569772351
86730	0,0048308159378042583	86730	-0,00021712871402643271
86740	0,0095500348181695033	86740	-0,002463313239236758
86750	-0,0041533779411646876	86750	0,0017107067350668648
86760	-0,0060526449907247976	86760	0,011577875985379203
86770	-0,0014414108844199071	86770	-0,0015128973703777675
86780	0,0023934408434811063	86780	-0,0013178851801950581
86790	-0,010012162488103719	86790	0,00076477906500731945
86800	-2,2788116530159128E-05	86800	-0,00095711896600888635
86810	-0,0085871411598060082	86810	0,0047190851599620727
86820	0,0021391028982227804	86820	-0,0032130599423307732
86830	0,0027714937550840282	86830	-0,0041435877411591738
86840	0,0070063659613159648	86840	-0,0053498542351182315
86850	0,0025867337827551852	86850	-0,0014737079421551366
86860	-0,003059530169081007	86860	0,010600579624884256
86870	-0,0096666041382795151	86870	-0,0093825345856382754
86880	-0,019602587252128663	86880	0,0011769184575159619
86890	0,015833723152519231	86890	0,0038635151733800721
86900	0,0063879989786700883	86900	-0,0015522294124467376
86910	0,0026973492432819358	86910	-0,0087612049606385148
86920	-0,011286523944194968	86920	0,00277925368257893
86930	0,013503475853483361	86930	0,020107607311965783
86940	0,0091176646442419334	86940	-0,0066770863652929491
86950	0,0049152053101154374	86950	-0,011186478335015479
86960	-0,0061756464421701849	86960	0,010421621987766933
86970	0,0027327486102985995	86970	-0,0031308324353552363
86980	0,0061613088701698007	86980	0,011004577974361208
86990	0,0072486293345660775	86990	-0,0015632189920290127
87000	-0,00426640885871046	87000	-0,021952993232102747
87010	0,010834790396845113	87010	-0,00470460838776025
87020	-0,013964843706292579	87020	0,001790484276398884
87030	-0,016890991982617603	87030	-0,0084299833168055109
87040	-0,0082496044869948722	87040	-0,00085902346372460363
87050	0,0074057646705038812	87050	0,0037721629004483013
87060	0,017597858310210934	87060	0,002282180012101937
87070	-0,010979755528159418	87070	-0,00533661146190224
87080	-0,0036981802841119693	87080	-0,0055183545200888223
87090	0,0063951417162564387	87090	0,0014444168189141988
87100	-0,013686794932986258	87100	-0,0017834949166975883
87110	0,0053902625412133127	87110	0,0013957877153983795
87120	0,0079980545399508472	87120	0,011261061839845382
87130	-0,0067004968024726606	87130	-0,0056199933495805062
87140	-0,017737498573514972	87140	-0,0027108325532674057
87150	0,02432525574369027	87150	-0,0015842489909645239
87160	0,0024026932540732954	87160	0,0071645841704182367
87170	-0,010758853306463484	87170	0,01282253971207504
87180	0,0046027482854858756	87180	0,006022631812590773
87190	0,011793315501991985	87190	-0,013408873227177778
87200	-0,0168988788630339	87200	0,0056458484969720973
87210	0,0098595764103068442	87210	0,0012655637605561967
87220	-0,017392430476341127	87220	0,0072573960451646283
87230	0,0069342529199953934	87230	0,013943033185029782
87240	0,0080739858197485456	87240	-0,0022056370374927362
87250	-0,0057161130234926966	87250	0,0023143573994989126
87260	-0,010671342248245024	87260	-0,013954613102976085
87270	-0,0053821023794422889	87270	-0,0066324738989645077
87280	0,0074918791017011465	87280	0,0025249375549374359
87290	-0,012692817079416418	87290	-0,0076314581328127875
87300	-0,0055561463923815019	87300	0,0082022875053304987
87310	-0,004612121904662413	87310	-0,005689840642047069
87320	0,0030884554048476215	87320	-0,0058353928373141026
87330	0,0073695848020007325	87330	-0,0030964828024360597
87340	-0,012476604324952654	87340	-0,0070173898331711256
87350	-0,0019246095503633732	87350	-0,0033821626721404737
87360	-0,0091944790080604171	87360	0,0036479718597247769
87370	0,0076234137909637813	87370	-0,0064449204298665632
87380	0,0127243951065858	87380	-0,00250018101608355
87390	-0,0024107341471471264	87390	0,0066634914019657919
87400	-0,018551513990931551	87400	-0,00796808274576695
87410	0,003729487892872062	87410	0,00643927171821474
87420	-0,0019886358744109879	87420	0,0098770101530623548
87430	0,001896177344092782	87430	0,0044211798252708984
87440	-0,0070529765647896533	87440	0,00309209181871465
87450	-0,0095016541970374558	87450	-0,0027417258839305975
87460	0,00833616362003171	87460	-0,0017583411973462813
87470	-0,0011954834421267853	87470	-0,014457954163414446
87480	0,0075463419746092924	87480	-0,013841340528332056
87490	-0,0082308246499980756	87490	-0,0026149037170955431
87500	0,012646034317086455	87500	0,010241095157109942
87510	-0,01350557227896625	87510	-0,00138164824564797
87520	-9,5426078271909872E-05	87520	0,0075920687829911437
87530	0,013021779102122865	87530	-0,0016697380733640096
87540	-0,027670124481128135	87540	0,0039420185910133071
87550	0,015293169880998311	87550	0,0048744513079808111
87560	-0,010995722268106844	87560	0,0015718844084686699
87570	0,0077696100191953473	87570	-0,012394716276813031
87580	0,0034582200352661764	87580	-0,00057341594994483663
87590	-0,0040830008980813461	87590	0,0052480007528220973
87600	0,006225102044537043	87600	0,0092527211065740744
87610	-0,0072114183593532727	87610	-0,0020340131274306688
87620	0,0059900965717822365	87620	-0,00061383381674745628
87630	-0,00011586111141695045	87630	-0,0012116659236327653
87640	-0,00047137257811756262	87640	0,0018317758487533327
87650	0,011660276428836262	87650	0,0017967832086425977
87660	-0,017226346368268145	87660	0,0061199472683705165
87670	-0,014408421753404618	87670	-0,0086863851752658344
87680	-0,00073658017333651617	87680	-0,0025471332162678682
87690	0,000732375189525743	87690	0,0056683967099793366
87700	-0,00095864122964775869	87700	-0,016335978882298086
87710	0,01759170397335863	87710	0,0089032739224776253
87720	-0,00655843730620288	87720	-0,0043057752342851811
87730	-0,0043291874276266615	87730	0,0040123551095468928
87740	-0,0045368972832856508	87740	0,0099211897548692925
87750	0,012553224388225894	87750	0,002474126806156851
87760	-0,012100479322864179	87760	-0,0015083702843587277
87770	0,0073805113520453271	87770	-0,0053882868142836864
87780	0,0051556544905547478	87780	-0,00062809860730798559
87790	0,00457498720508236	87790	0,0060896211175873044
87800	0,0024049878854640666	87800	-0,0078452077340553841
87810	0,0098628692936156125	87810	-0,010446140759330792
87820	0,003069801165602105	87820	0,02135480835455655
87830	-0,0035153608595209071	87830	0,0030744130689105554
87840	0,013964760943958453	87840	-0,00053096894066631615
87850	-0,0004026121235978873	87850	-0,009004208959398928
87860	0,002517069157240016	87860	0,0055655431757496163
87870	-0,00028454951814595511	87870	0,0075574074405286374
87880	0,00867274145025918	87880	0,003629152440772171
87890	-0,00037817598268362427	87890	-0,0051940660660761131
87900	0,0041039175440067861	87900	0,010039436133503308
87910	-0,0083589968231455522	87910	-0,0063131269773934488
87920	-0,0029748111352783093	87920	0,0020568317751491223
87930	0,0069880242542166866	87930	0,0002622882840829192
87940	0,0029187678623073493	87940	0,0011674430803938843
87950	0,0067804864662246158	87950	-0,016034642814603629
87960	0,0042023893837212171	87960	-0,0012443689558122618
87970	0,010248973527256573	87970	0,0015346345522232795
87980	-0,010719051334673269	87980	-3,7464049271232994E-05
87990	0,010431683598492976	87990	-0,0032306260193604329
88000	-0,0026736933211311243	88000	-0,0056489236826188418
88010	0,010935784290047317	88010	-0,013249735623600191
88020	-0,00057745246632466324	88020	-0,0023863179441978551
88030	0,015484616425996502	88030	0,016236138856514152
88040	-0,023379168453951535	88040	-0,0048481993416513566
88050	-0,00863795912698552	88050	-0,013163850506774667
88060	0,0024955433081709391	88060	-0,0013207108386030083
88070	0,0035116634299870654	88070	-0,0025864097534031472
88080	0,00070888444153469033	88080	-0,00034783575069908856
88090	0,009271251676916949	88090	0,0021128919576824941
88100	0,0057140261322002383	88100	-0,0046833757100408517
88110	-0,010855820838086509	88110	-0,0039481939079161884
88120	0,0059562382608979135	88120	-0,00080449116538461069
88130	0,0025485803995904479	88130	0,0084038160347388677
88140	-0,014702767188469003	88140	0,0053229196925467662
88150	0,01301736395197645	88150	-0,0073008549172548041
88160	0,001127692035594294	88160	-0,0060257468995849649
88170	-0,0048547355155575738	88170	0,0038026872548399238
88180	-0,00798337993500795	88180	-0,0069944011602821659
88190	0,00725639101726396	88190	0,0030604110644581115
88200	-0,012010821691653649	88200	-0,011296136186775274
88210	0,0098437872591517414	88210	0,0057862998730010854
88220	0,0080350025424805113	88220	-0,0066916602438740454
88230	-0,004390863189610736	88230	0,0037608754630783486
88240	-0,0036638419062119719	88240	0,0084872095327251477
88250	0,011388746861833672	88250	-0,0046655893119947568
88260	-0,0071856616321299823	88260	-0,011078086519216464
88270	-0,004106349032871319	88270	-0,00784164335238118
88280	0,010796553257996618	88280	0,0038941608101002042
88290	0,0050604532434282579	88290	0,01393550587470253
88300	-0,011310555816221011	88300	-0,0045275284106478554
88310	-0,010448597603425038	88310	0,0079244809391192036
88320	-0,0007204306079845003	88320	0,0051891965608499334
88330	0,0077760137453973879	88330	0,00010362212239900587
88340	-0,00010822175062174862	88340	0,0064386415380061129
88350	-0,00054263704177650413	88350	0,0099965731621437931
88360	0,0052899855195211792	88360	-0,0015734858607774202
88370	-0,013161724900654748	88370	-0,00721222648297911
88380	0,0068629051610687979	88380	0,006362775597253045
88390	0,017210379233185063	88390	0,0054749835260500326
88400	0,0022581093326326704	88400	-0,00599648381182158
88410	0,00039247593331394646	88410	0,0065576597792945225
88420	-0,0039227829050120832	88420	-0,0078457773268695626
88430	0,016710575446792206	88430	-0,00969877415055989
88440	-0,0036344358633709517	88440	-0,00634424624058563
88450	-0,0076356773742725041	88450	-0,0022676347918269436
88460	0,0096989321305136576	88460	0,0052265919396711769
88470	-0,025254625506224038	88470	-0,0011523324798738775
88480	0,0062931988327487205	88480	-0,0037678753341553765
88490	0,013944464876765293	88490	0,010494814491308633
88500	0,0032444517478871894	88500	-0,0057814331744175176
88510	-0,0072772322891916669	88510	-0,00042872289211594213
88520	0,0024032000525630237	88520	-0,006309723184547973
88530	0,0019222908796452834	88530	-0,0075752487631718796
88540	-0,00012427606920064089	88540	0,0019213000198973049
88550	-0,002775731224646655	88550	-0,0019219869611592465
88560	-0,0048362869261242515	88560	0,0010605942901387364
88570	0,019113182201065403	88570	0,014056690301090254
88580	0,0082032116293492881	88580	-0,0055275300497322419
88590	-0,0084105306672217529	88590	-0,0024483310032621252
88600	0,00026475227447622489	88600	0,0023472435552144479
88610	-0,0053878187172684651	88610	-0,0038665423510310117
88620	-0,0022681319419455277	88620	-0,0035178921774041312
88630	-0,0045412416222201345	88630	-0,00060734488758442914
88640	-0,0086695988036653016	88640	0,014368413020431584
88650	-0,0044961849696822462	88650	-0,016076413460854016
88660	0,00901444447626688	88660	0,0026997900648771831
88670	0,015417244037861367	88670	-0,00019951344823507952
88680	-0,0085137255309619686	88680	0,0031130896706747105
88690	-0,0080305835540238433	88690	-0,0014756342166536353
88700	0,018054272408080514	88700	-0,014070332147598666
88710	-0,016732549645832661	88710	0,00680406589820178
88720	0,0089051249994210047	88720	-0,0050210932815577865
88730	-0,00070698178056079349	88730	-0,00073354469021433982
88740	-0,00922731733890364	88740	0,0060133322948414053
88750	0,0015503598623543328	88750	-0,010971284843966084
88760	0,014029540719636004	88760	0,0062491746942423829
88770	-0,00629465138892516	88770	-0,019573327907474198
88780	-0,007858002219171269	88780	-0,0074148417008574208
88790	-0,0018001657063242557	88790	-0,00024014841181257019
88800	-0,00798185615987456	88800	0,0067222049818935637
88810	-0,014551415206710393	88810	-0,008510042614681813
88820	0,0054840468736757457	88820	-0,0050540400817341864
88830	0,0084212706724589737	88830	-0,00023972383022047316
88840	0,0068500727680582737	88840	0,0089641409584133285
88850	-0,0020250569625639152	88850	-0,0092855959160791854
88860	0,00020860746255747976	88860	0,0035099572850916419
88870	0,0033386029082623937	88870	0,003483031158018362
88880	0,0062889849943015275	88880	-0,002524375361724545
88890	0,003481373339481128	88890	9,5423528726605166E-05
88900	-0,0068205312016064506	88900	-0,003268489627304002
88910	0,0017393496799065003	88910	-0,0086060534942120383
88920	0,00054867443709574835	88920	0,018555573092328952
88930	0,0067421257766286718	88930	-0,004828272756837693
88940	-0,0086854545093249091	88940	-0,0052972140924564112
88950	0,010690269499156704	88950	-5,9114717820994888E-05
88960	0,00792358029120259	88960	-0,00821830151883183
88970	0,0023993437055870306	88970	0,00050929986565700219
88980	-0,0046566137790735708	88980	0,0013608346722895127
88990	0,0051833140958185437	88990	0,00239539792128272
89000	0,0068652414364368418	89000	-0,0019055204983164022
89010	0,010369538943387742	89010	0,0036957105360077426
89020	-0,011428311244022995	89020	-0,0056250573942257407
89030	0,001719515928355674	89030	0,0011522337261538819
89040	-0,011195155728416197	89040	-0,011325212683776169
89050	0,0028061534090918624	89050	0,00756496556068382
89060	-0,001375545472599013	89060	0,0028018053533652616
89070	-0,0098212862359576547	89070	0,00017198606749008533
89080	-0,017942724366808	89080	-0,0065733437658004054
89090	-0,010123684287604953	89090	-0,0019166731631223648
89100	0,00829341484506499	89100	0,0056313074197323959
89110	-0,0017161827771925225	89110	0,010576914419693162
89120	-0,0066252445986266506	89120	-0,0020721403838566271
89130	-0,00854350075048491	89130	0,0024125827659320647
89140	0,0056055181025133913	89140	0,0087454522594600844
89150	0,0036564124972607442	89150	0,0064613185712488943
89160	0,0021499886060961648	89160	0,0031090288750115929
89170	-0,0071776553619404522	89170	-0,0035813531475065003
89180	0,0074437388381700812	89180	0,0027725390191581331
89190	0,0041564128983779735	89190	0,00477592512807406
89200	-0,0036966584334101496	89200	0,0053549880651516755
89210	-0,0097056107985805471	89210	0,0029750412863077287
89220	-0,0070388371174357808	89220	-0,0057883192793508438
89230	0,0056153354998606251	89230	0,0035625933507918038
89240	-0,011358733575160275	89240	0,00036587506869871603
89250	-0,0012261410450981412	89250	-0,0045460080016877106
89260	-0,0071330112729024557	89260	0,0103376717044213
89270	0,0077276375011831287	89270	-0,00360100416577636
89280	0,0029478215000664819	89280	0,013317314918556566
89290	0,00097286521215529133	89290	0,0117028737287868
89300	-0,023760697710495927	89300	-0,00463288891191014
89310	-0,0086929490336375721	89310	0,0027237764721369738
89320	0,0052944979152921168	89320	-0,0052443101217371432
89330	-0,00091578585085846551	89330	0,0046271650816942095
89340	-0,014679386691597672	89340	-0,0047824751781645356
89350	-0,0075277969526934829	89350	0,0034739088666759605
89360	0,0025717319726125511	89360	0,0086654278545890643
89370	0,0033739160773037851	89370	-0,010117223134506264
89380	0,0023600052861238343	89380	0,0017347609691351843
89390	-0,0025246998604697116	89390	-0,011330679099194725
89400	-0,0038478874254541584	89400	0,0052566807585920942
89410	-0,0047185029779629635	89410	0,0019094299497989322
89420	-0,0068592228186251	89420	0,0094540711437966045
89430	-0,0039176660061066362	89430	0,0041180905861570678
89440	0,001219838558458797	89440	0,0037222965109100893
89450	0,0027109433702594112	89450	-0,0021599151360631786
89460	-0,0099570384753702845	89460	0,00078211645573984182
89470	-0,01057850471644361	89470	-0,0046205362028713679
89480	0,0016376859672509318	89480	-0,0010100890712406996
89490	-0,019541758011721536	89490	-0,0020457166431450437
89500	0,0022050783800584045	89500	-0,0046077691557755056
89510	0,013815984687807776	89510	0,00073943403017352033
89520	-0,0025111398178723392	89520	-0,015426756301911131
89530	-0,0061394620675569358	89530	-0,017691249474152793
89540	0,0068009238041336966	89540	0,0074968060074129452
89550	0,0065085283354095452	89550	0,001900497529410972
89560	-0,0010594322678486598	89560	-0,0073832006999384053
89570	-0,0042823207100073507	89570	0,0078224912305683552
89580	-0,016626746692746084	89580	-0,0026086784244167723
89590	-0,0059078838049200612	89590	-0,0018660724382701956
89600	0,0073885743852366188	89600	-0,0088673680037460977
89610	-0,0049229629065247263	89610	-0,00947735495788486
89620	0,0079466529078512371	89620	-6,62115500948601E-05
89630	0,013391407053790928	89630	-0,0058806799845963582
89640	-0,0072617507976421554	89640	0,012620779546850657
89650	-0,0014508440623990984	89650	-0,0047114837871004862
89660	0,0087964380749318543	89660	0,0006712931755049065
89670	-0,013603697671003796	89670	0,018026872301004311
89680	0,0031888505320322451	89680	-0,0094834657544370024
89690	-0,0062667945690273313	89690	0,012418508968737951
89700	0,0020422324730871651	89700	-0,010564682911051303
89710	0,0035259119551773904	89710	0,0006442870166695916
89720	-0,00356743388531322	89720	0,0025525750542858259
89730	0,00022970506506828428	89730	-0,020403382664865865
89740	-0,011747149827389402	89740	0,010707485585283019
89750	0,0048062546254834986	89750	0,00015533322623108734
89760	0,0006736772312011	89760	0,0097260824850823654
89770	-0,008361525059229628	89770	-0,01320836007700457
89780	0,0053967006680165552	89780	0,0068503803160337882
89790	0,0070507253028970858	89790	-0,0054602717906009953
89800	0,0046493197402019265	89800	-0,0076156935109823153
89810	-0,00271928071664278	89810	-0,0073241575484842107
89820	-0,0090726764175252817	89820	-0,0051961486662904519
89830	-0,0016726085979844028	89830	0,00045132492393360157
89840	-0,0074178853671742536	89840	0,011164196275840997
89850	-0,0046269312795880566	89850	-0,0089344184433804517
89860	0,0012013039165359916	89860	-0,0069819451505893637
89870	0,007874320681265673	89870	-0,00887805512702336
89880	-0,0091034290255660576	89880	-0,0074860203934162791
89890	-0,009075297263425439	89890	0,0069390897409424661
89900	-0,010951340871491527	89900	-0,0063661437812783314
89910	0,0019510763407413181	89910	0,00947199940502688
89920	0,003471553752242416	89920	0,004697911466115123
89930	0,0060182087000138123	89930	-0,0085535569783937847
89940	-0,012077142467045443	89940	-0,010567458101728698
89950	0,0160870752265364	89950	-0,00089885207951044717
89960	-0,0030431711684914104	89960	0,000738923939795229
89970	0,00077587402785265667	89970	0,0040626426597952948
89980	0,019086468458751851	89980	0,001606968386580357
89990	-0,0097545361860842377	89990	-0,0063527909419406909
90000	0,0083601916465284882	90000	-0,00962545767978221
90010	-0,0012616373739414788	90010	0,00012687579380831214
90020	-0,011190677426460224	90020	-0,00088678665052354083
90030	0,0059883330144010084	90030	0,0034579044402705959
90040	0,0023975222491628124	90040	-0,0050599551022785308
90050	0,013210872665701022	90050	0,0030644804876699921
90060	-0,0013699730530271949	90060	0,0050137723671215308
90070	0,01174928565707347	90070	-0,0050769251150454544
90080	-0,0067230414761415567	90080	-0,0076801911216496082
90090	-0,0015275521317859027	90090	0,001747565556013742
90100	-0,0052237043846192115	90100	-0,011439772790823623
90110	-0,0037610089063080982	90110	0,0085434959556560316
90120	-0,007805281326515554	90120	0,0004189882540505373
90130	-0,010016180253962819	90130	0,0013449131228782381
90140	0,013562653514227415	90140	0,020513817234950941
90150	0,0068684943421349351	90150	0,0015116383356960227
90160	0,0017336863040994558	90160	-0,0025759431217470719
90170	0,010786664803520842	90170	0,014148635545315572
90180	0,0044413065047727556	90180	-0,020278130995726708
90190	0,004067176299509246	90190	0,0069008822373729014
90200	-0,012961532721710028	90200	-0,0042477308598939112
90210	0,0070344336678926644	90210	0,016317887869328876
90220	0,0010587433161189919	90220	-0,0047794925031066577
90230	0,0042478469766562658	90230	-0,00094862056148736643
90240	-0,0079328127337861577	90240	0,0037494528734073446
90250	-0,0019355046435611722	90250	-0,013111407257601661
90260	0,00083038356891595273	90260	-0,0096922791725188358
90270	-0,0019713550802810545	90270	-0,00437928659949423
90280	0,013633431761266463	90280	-0,003837054339018531
90290	0,011747079336178667	90290	0,0017573103839765975
90300	-0,00638068952250781	90300	0,0027752296699886684
90310	0,0058358337403279737	90310	-0,0073436024895417286
90320	-0,0003265663336283594	90320	0,0048710467982757836
90330	-0,0047159970083388526	90330	-0,014690478505102141
90340	-0,018490969298560863	90340	-0,0044234358192693944
90350	0,018734266017350693	90350	0,004244474826444633
90360	-0,001479732007220022	90360	-0,0015178855364621831
90370	0,0091894919940992987	90370	0,018876357556772076
90380	-0,013714130388934199	90380	-0,0026683633215434915
90390	-0,00816554558395768	90390	-0,0033232480656220482
90400	0,016498305857082028	90400	-0,011409668829680184
90410	0,0002994109472263771	90410	-0,011465099688350243
90420	-0,00015587730845922546	90420	-0,00028425729614123897
90430	-0,0031513099013416091	90430	-0,00593727648046091
90440	0,0078670249856479281	90440	0,0047085372244403782
90450	6,8874371144664374E-06	90450	-0,00062379219537768839
90460	0,010299501024414811	90460	0,010492615346652657
90470	-0,0011170940195965185	90470	-0,0032315747219259553
90480	0,0076592055145354495	90480	-0,0098782795310805027
90490	-0,0055640847158065785	90490	0,0157909451132246
90500	-0,00026013502349917384	90500	-0,0093369665138935166
90510	0,0039042457386769488	90510	0,0014669078278619556
90520	-0,00023508152307447809	90520	0,00860786631060591
90530	0,00014709817370311631	90530	6,9115021595524066E-05
90540	-0,015221427261564348	90540	0,0028798803732136761
90550	0,0068197393248515094	90550	-0,015066622943568708
90560	-0,0051917477190599514	90560	-0,002997510724302628
90570	-0,0097178420116821665	90570	0,0036731540760331222
90580	0,0098386083695276086	90580	0,0091066313130065725
90590	-0,01511515475945743	90590	-0,0071574430958582513
90600	0,0033579850732855803	90600	-0,0005099186973227289
90610	-0,00209797136415	90610	0,0093160390219083466
90620	-0,0025212983105061182	90620	-0,0050321657159237386
90630	0,010767175826833944	90630	0,0080988662139506642
90640	0,0055068244315406136	90640	-0,0081063300517861727
90650	-0,0023888823992509779	90650	9,1100954918417525E-05
90660	0,0038260798866329073	90660	-0,0027195221067776074
90670	0,0014550413198305347	90670	-0,0081302058524754
90680	-0,0039744504073646863	90680	0,029848034960369859
90690	-0,0061820309682436431	90690	-0,0090523439437114779
90700	0,0073201955585512736	90700	-0,0046332121996280617
90710	-0,0043821357296323828	90710	-0,0020799266545347816
90720	0,0010030215601157975	90720	-0,002521582615093873
90730	0,00421526020680024	90730	0,0054806344293681268
90740	-0,0035063177039854122	90740	-0,011563644054981569
90750	0,0017657209717118906	90750	0,0015093166192911521
90760	0,0080221436615395634	90760	0,0098302651323101016
90770	0,010681286072386394	90770	0,00042376911073091364
90780	0,0088649768528341229	90780	0,008603116285215524
90790	0,001192140482212576	90790	0,013421938485985413
90800	0,0075824310862555961	90800	-0,004581247922590825
90810	-0,0090620199992465771	90810	-0,00013992050557690426
90820	-0,0010005017298559476	90820	0,011727542790957481
90830	-0,00018636829234191745	90830	0,0010776480890977943
90840	-0,0023863976037616424	90840	-0,00545383694821462
90850	0,0087759430769314174	90850	0,0092497863489933423
90860	-0,0092613582785823264	90860	-0,0013725664872459684
90870	0,011304520635587194	90870	-0,0052309251557122044
90880	-0,004354910913252413	90880	-0,001367171220488466
90890	0,0023056565062686118	90890	0,0056146245049371957
90900	0,0041070908099225057	90900	-0,0010618285015628105
90910	-0,00457817474105699	90910	0,0045857284924651137
90920	-0,0025691217824640386	90920	-0,0060023405369525069
90930	-0,0014772372054440172	90930	0,0040022233483229643
90940	0,0049577661022254553	90940	-0,0028621338219921317
90950	0,0072313069938011376	90950	0,00013901206585744587
90960	-0,015276738782398177	90960	0,014100687900765043
90970	0,0048123755086730479	90970	0,0028382639529717403
90980	0,0021514024643500777	90980	-0,00068685050947212109
90990	0,0016146583984420592	90990	-0,0051339149956151145
91000	-0,0019541948108050288	91000	-0,0032056595870443997
91010	-0,0099434070352613178	91010	3,5367733518975224E-05
91020	-0,013596160866668502	91020	0,010613451514651644
91030	0,013292625865030924	91030	-0,0035735584478999083
91040	-0,0081027719306416175	91040	-0,0029933939912661876
91050	-0,00064127418928631346	91050	0,0013943282666513985
91060	-5,9899200479607433E-05	91060	-0,0084950708347970028
91070	-0,011036325894936328	91070	0,0033208041431431606
91080	0,0090822826494430242	91080	-0,017708381420122935
91090	0,0033937481123105895	91090	-0,011030587584098726
91100	0,0061718587273488354	91100	0,00051075514852288149
91110	0,0061250669242651308	91110	0,0063654513776410758
91120	-0,011445902667575605	91120	-0,0041674968247066013
91130	-0,0055967783497631162	91130	0,0069884387491344815
91140	-0,0098147188545867261	91140	-0,00046963777160676353
91150	0,016334097493304285	91150	-0,0050237699335876429
91160	0,010404381027453478	91160	-0,0029884377760897043
91170	-0,0047927419807007494	91170	-0,0064755119731713618
91180	-0,009803639396131764	91180	-0,0027261108205687465
91190	0,0016725221067344107	91190	0,0034264709922342158
91200	0,0086833146888004066	91200	-0,0020776286788682439
91210	0,0020579258113186836	91210	0,000716218196401432
91220	0,00091055066921479067	91220	0,01002283803631631
91230	0,011138244392414327	91230	-0,002639474702254732
91240	-0,012829594054104663	91240	-0,0062372103645835448
91250	0,0030520946142653612	91250	-0,0032313975448841794
91260	0,0024395293479919345	91260	0,0024097265039837454
91270	-0,0032333405086425317	91270	-0,0012085189468307922
91280	0,0031701548600579104	91280	0,0009164785334057089
91290	0,0093504557101198142	91290	-4,6841677820613494E-05
91300	0,0034945605892057825	91300	-0,0020831447353419166
91310	-0,0027728511771757977	91310	0,0043423183878097057
91320	-0,0033650405133622907	91320	0,014997544915036026
91330	-0,0022938499945244829	91330	-0,0035809460576616608
91340	-0,0082775758279452476	91340	-0,0042011475323006737
91350	0,0016265035374894573	91350	0,009766774288822444
91360	-0,0016934498109961911	91360	-0,0049290643466666645
91370	-0,0072534994184345987	91370	0,0013833935170885633
91380	0,0042108471956316708	91380	-0,00028671547819489264
91390	0,0053632603489436751	91390	0,0024352487525599784
91400	-0,0055842764337890151	91400	-0,0029952161601719922
91410	-0,015421341931587883	91410	0,00073593082634123641
91420	-0,004321414548593	91420	-0,0066265735369796875
91430	-0,0022867558625718556	91430	-0,0013957590955592689
91440	-0,0072493951484354068	91440	0,0012569572159611469
91450	-0,0023207094151302455	91450	-0,0059457848826354638
91460	0,017271450157163522	91460	0,0026219132418843103
91470	0,01189674979634494	91470	-0,0017702336594194268
91480	0,0094027146836282958	91480	0,011703300550854385
91490	-0,00046936825555864668	91490	0,005952711005258818
91500	-0,0046942235876294936	91500	-0,0011387724855738773
91510	-0,016574750124856381	91510	-0,0053317921768992393
91520	-0,0043776912476467672	91520	-0,00412989555195659
91530	-0,0098879894564828826	91530	0,0048131298546188455
91540	-0,00016373032846116737	91540	0,0039900714932287534
91550	0,0071657276181648017	91550	-0,0034658570079211582
91560	0,0042343410343286328	91560	-0,015619003893024903
91570	-0,00038891805230268354	91570	-0,00051324628875604075
91580	0,00045825159470060572	91580	0,0051685279249460382
91590	0,00021860291740017669	91590	-0,00873014484172736
91600	0,006705636021260758	91600	0,002783256004190696
91610	0,0054004070926404217	91610	0,0010497253858068913
91620	0,0030609978335428	91620	-0,00616017982367908
91630	0,0051401460194573628	91630	-0,0024428843235915947
91640	-0,011883128413641714	91640	-0,0035036341012753339
91650	-0,021406597229614719	91650	-0,0060116105687247059
91660	0,01427776912494398	91660	0,0066892275525527291
91670	-0,003140984495822599	91670	-0,0046976699326390474
91680	-0,0022883155785410315	91680	0,0046809275151785922
91690	-0,023426407026017854	91690	0,010978838131182436
91700	-0,019040428655835471	91700	0,013507490018686513
91710	0,010704774348173653	91710	-0,0080465794783380132
91720	0,0026979560943943106	91720	-0,012575438329324132
91730	0,0021162729181719475	91730	0,0080614149016150286
91740	-0,0026539507069633685	91740	-0,0068925891541365466
91750	-0,0004519015379282499	91750	-0,0094797405311803657
91760	-0,012751938881664208	91760	-0,00556986497912906
91770	-0,0021877337674970875	91770	0,0083122091360575464
91780	-0,0088110518837645358	91780	-0,0045353476611737428
91790	0,011267260516179547	91790	-0,0015851875894592189
91800	-0,0026823314938682861	91800	-0,0035298761674180286
91810	-0,018506098939599137	91810	-0,0015463652566038214
91820	0,019267612355853832	91820	0,0067308751263951893
91830	0,0084231458672472635	91830	-0,0046602666725426055
91840	-0,0018784522818020282	91840	0,013591694876759184
91850	-0,0006730439354719214	91850	-0,012261742261089278
91860	0,0040201367005755851	91860	0,00072664687566312454
91870	-0,00629529368857101	91870	0,0045120255209588414
91880	-0,01015681995954122	91880	0,002774952075115274
91890	-0,0081877626492375261	91890	0,0089247005130775187
91900	-0,00016472426320904979	91900	0,0021599267408578741
91910	0,0085190730638465585	91910	-0,0006203054952981749
91920	0,0062452747230550823	91920	-0,0054883806533916717
91930	-0,01051082373516183	91930	-0,0036075574305429953
91940	-0,015658100706017506	91940	-0,002160549087999794
91950	0,017504993188854564	91950	-0,0045694163568533305
91960	0,00056359140164025893	91960	-0,0024743968222127343
91970	-0,01643346021564571	91970	0,0045878947549829767
91980	0,0096326324483150035	91980	-0,0016532932000410657
91990	0,00065952638721227192	91990	-0,0022894243431496731
92000	-0,0024030757884336094	92000	-0,0005982881196385239
92010	0,0073507435395117589	92010	0,009266151217231457
92020	0,0082611980732262419	92020	-0,0015431876901528582
92030	0,0060341669845833	92030	-0,00081104865396006392
92040	-0,0046060040627164877	92040	-0,0078315293843110156
92050	-0,0062169142704319056	92050	0,00048774741695535432
92060	-0,0092177077576717573	92060	0,0073749955346870122
92070	0,00030629183687881965	92070	0,0055333615822417371
92080	0,008332353001565632	92080	0,0033940222612739682
92090	0,0052010240908936687	92090	0,015915039890783335
92100	0,0035401959143283711	92100	-0,012844545858402322
92110	-0,0041156554159405712	92110	0,0011990707276134853
92120	0,00041989497904076429	92120	0,0015687812073035385
92130	-0,0021994719658491924	92130	0,0015737988459441851
92140	-0,00027525006033661396	92140	-0,0058802683015256865
92150	-0,0042304595944815775	92150	-0,0075181232002315586
92160	0,0064005473865359026	92160	-0,0023619153767897505
92170	0,0046465473089078455	92170	-0,0027285974500745841
92180	0,0061144237083358578	92180	-0,0099351492880914768
92190	0,016814191932846539	92190	-0,0049762802193055143
92200	-0,019894986823373307	92200	-0,01317874630879063
92210	-0,00096201984820851031	92210	-0,010497253140306983
92220	0,0004570504323501711	92220	-0,0018647542864645935
92230	0,00033903501678164352	92230	-0,012549134960822167
92240	-0,015775299977836617	92240	0,0021767925280182124
92250	0,01193926033237646	92250	0,0034087761830645723
92260	0,004100916345095843	92260	-0,005265818200538834
92270	0,010054887307269965	92270	0,0085579166160617264
92280	-0,000679376084538388	92280	0,0011564716381009007
92290	0,0010191373166130895	92290	-0,0028456906664245372
92300	-0,00093188748129534977	92300	-0,0033300099847799677
92310	-0,0022705322420814313	92310	-0,00011795953579001704
92320	-0,0034342790933641404	92320	0,012590052016431264
92330	0,014279586240217157	92330	0,0063878513592871529
92340	0,0051564154682039245	92340	0,00049957624841000454
92350	-0,00936759365453094	92350	-0,012651174418701649
92360	0,0045255796754612122	92360	-0,0036367086370196334
92370	0,0076179008779151923	92370	-0,0017753510686380947
92380	0,0027998936178260134	92380	0,0044703358930126332
92390	-0,0031933051036019907	92390	0,00078054272867396758
92400	-0,0014360941273296648	92400	-0,0046425971367063468
92410	-0,0048035633239869304	92410	0,013088186365374167
92420	-0,012273150803470623	92420	-0,0071900351675243876
92430	0,008771423752379031	92430	0,0041640878116556909
92440	-0,002788411875453338	92440	-0,0007826872213134333
92450	-0,00972605257853413	92450	-0,0028087871051209238
92460	-0,0058578333743276156	92460	0,0059833905487384244
92470	-0,0029184109472966424	92470	-0,000350898841321908
92480	0,0057412580360832787	92480	0,011289105724138994
92490	0,0010142281064105482	92490	-0,0046821399707017266
92500	0,0041574003447605347	92500	-0,013294274396818226
92510	0,002054990883118178	92510	0,0010030773541335879
92520	0,0038593144716542391	92520	-0,00016048936419705174
92530	-0,0036708702824794878	92530	0,0014980114996022685
92540	-0,005318964502735603	92540	-0,0050182896037806327
92550	-0,001031209531721759	92550	-0,0018683400040759148
92560	0,018477380501491471	92560	-0,0044217264564211933
92570	-0,0031621855977824352	92570	0,01188136393246508
92580	0,023096974534010255	92580	-0,0042302629260750771
92590	-0,001384887362672831	92590	-0,0010985341418053396
92600	0,002661708699192261	92600	-0,0074844383899693324
92610	0,0028913142580107238	92610	0,0098856046849656251
92620	0,0047072418354605159	92620	-0,006118176690234102
92630	-0,0043888866864995307	92630	-0,0091078649573487439
92640	0,0042953439378121457	92640	0,0069552805516006934
92650	-0,0011950789623697395	92650	-0,004324869223327709
92660	0,0074096531337360314	92660	0,018492335137783648
92670	0,010555847242241762	92670	-0,0021333158781370754
92680	-0,0014808033917334919	92680	0,0057164796645011
92690	0,0081955937612621672	92690	-0,0029308446278474096
92700	-0,013444854395882045	92700	0,00085610773389915656
92710	-0,010098234337570485	92710	-0,0012571575050936009
92720	0,00696096399147712	92720	-0,00466668052907954
92730	0,011466648001857437	92730	-0,0093746429312470351
92740	-0,0013595884553654282	92740	0,0073328209638775441
92750	0,0047041613043527211	92750	-0,0134294595908655
92760	-0,0011473712691061487	92760	-0,0027608839303937338
92770	0,0070413849901997524	92770	0,0045450154126160562
92780	0,0053985047483049746	92780	-0,0026312211529688915
92790	-0,0090151284715855717	92790	0,0057439690861995855
92800	0,01996798433306186	92800	0,0091270644755283362
92810	-0,017163498413205906	92810	0,002024737771768178
92820	0,0018584728729015613	92820	0,0072224820073802463
92830	0,0059429424082103116	92830	-0,0091828000725976515
92840	-0,0084691696792299816	92840	-0,011020140679776351
92850	0,0096318044188441025	92850	-0,0056992283510089656
92860	-0,0044184641853810521	92860	0,0061704946823065761
92870	0,00853519901399937	92870	-0,005796088197862103
92880	-0,0034295813806366512	92880	0,0018482206365962154
92890	0,0069752452283565053	92890	0,0022053265280681136
92900	0,0088864806758565847	92900	-0,00877579323752986
92910	0,0061652754342813587	92910	0,0036841864195300837
92920	-0,016339198172837369	92920	0,0012908819631007222
92930	0,0057458939089535957	92930	-0,0020356464896126377
92940	0,010864338213435416	92940	-0,0067268316714487672
92950	-0,0069718860258693388	92950	0,0087900155549472166
92960	-0,0089860944043312647	92960	-0,010408927184922272
92970	-0,00092741290280080944	92970	-0,000852123381470328
92980	-0,004700383428191646	92980	0,0024039971281154958
92990	-0,0062063110425945485	92990	0,00052326809751070623
93000	-0,0083030380997163485	93000	-0,0010845107986517724
93010	0,0086651023050583267	93010	-0,0087334726613077437
93020	0,002651757693774565	93020	-0,00096268940276658644
93030	-0,0074069460495484844	93030	0,00267509998471236
93040	0,00048225189621846489	93040	0,00963927644913818
93050	-0,011497224611751629	93050	-0,0060993877108782429
93060	0,0010454162745799202	93060	0,014727538370626021
93070	-0,010320399086221906	93070	0,0084309155024401613
93080	0,016986292640718024	93080	0,01060395039050068
93090	-0,0011132594080885572	93090	-0,003494271497646795
93100	0,00907769235249306	93100	-0,011840180963822132
93110	0,0099689962206918926	93110	0,0035093351121458886
93120	-0,010346207354622718	93120	0,0033356400215681977
93130	-0,0014569619263556247	93130	-0,018389403931399737
93140	0,0067765974732143909	93140	0,0088507665604026162
93150	0,00051921185385707771	93150	-0,014161998082281038
93160	0,007922790397560265	93160	0,0096799924179465438
93170	0,013194855119009096	93170	-0,0064202029778557311
93180	0,0075314731081759035	93180	0,0050934349915325505
93190	-0,0050647615671347013	93190	-0,0070978496532374223
93200	0,0037966296724983545	93200	-0,0032162999156866373
93210	-0,0094078586989844778	93210	0,0025738196626275047
93220	-0,0048705770702132684	93220	0,0045927867113685792
93230	-0,0093428851602508616	93230	-0,0011060287460678171
93240	0,010112771713468189	93240	-0,012924447369992206
93250	0,0050035326443030942	93250	-0,00663525011208027
93260	-0,0042956708862739975	93260	-0,0030017870448521633
93270	0,0051794171934430953	93270	-0,0010541717357561086
93280	-0,0084038756196134785	93280	0,0046663819600360965
93290	0,0095295352346510265	93290	-0,018104431224731647
93300	0,014474578393516561	93300	0,0040945639507823615
93310	0,0033620333078364065	93310	0,0017476945741363645
93320	0,0053614607450166996	93320	-0,0085828051948966047
93330	-0,013650512731044959	93330	-0,014000252519899227
93340	-0,00889505725628674	93340	0,0069588426214924615
93350	0,011797677115254403	93350	0,0015120645589782997
93360	-0,0019569887981920509	93360	-0,00073221103069718413
93370	-0,007974336003643898	93370	-0,0035565662203281656
93380	0,0035860804339287108	93380	-0,00502131976703862
93390	0,00465669162625362	93390	0,019322035169800977
93400	0,0049391213825777719	93400	0,0010261460310057641
93410	0,0085022456655115611	93410	-0,0019924797151037762
93420	-0,0046927230223387665	93420	-0,010852648259475673
93430	0,0049837064347315156	93430	0,00812663955101011
93440	-0,013642324230752432	93440	-0,0034205940832245513
93450	-0,016897731131443862	93450	0,0030641089806113689
93460	-0,0055961335796624791	93460	0,00030408036431982239
93470	0,0075803627345601993	93470	0,0063144867274127544
93480	0,0018583939195392213	93480	-0,014100569029102129
93490	-0,016180250635932061	93490	0,010539880238015994
93500	0,0051443712209223256	93500	0,0028003002477980515
93510	-0,004961987801951815	93510	0,0083387932347538368
93520	0,019171770827049007	93520	0,00049625256466939477
93530	0,0033878426287724064	93530	0,012449616404882555
93540	0,0016087129911471411	93540	0,000836229613594395
93550	0,0068572772502758107	93550	-0,0014339526809794545
93560	-0,017356164823094239	93560	0,00020036928581579415
93570	0,00692273815311235	93570	-0,012198654290026978
93580	0,0031063993661617764	93580	0,010482126381049632
93590	0,0081142845936263072	93590	0,012899424192767257
93600	0,0056227392580292749	93600	0,0029157780027960112
93610	-0,015019431565930708	93610	-0,015826326409230224
93620	-0,0023659859702893577	93620	0,00080453262863315318
93630	-0,0024443247350926451	93630	-0,013405827766889086
93640	0,0003537617573930283	93640	0,016323320436604852
93650	0,004959714055389597	93650	0,0018817428846118435
93660	0,00059218197151700259	93660	-0,011140983988013735
93670	-0,004415440178235518	93670	-0,0051166937698579338
93680	-0,0065355134800544256	93680	-0,00069460631952068417
93690	-0,011315027678048381	93690	0,002720180256626925
93700	0,00029457104840036611	93700	0,012237915674603075
93710	-0,021240080683558381	93710	0,0067083425215286605
93720	0,019171203415588079	93720	-0,01322107592511383
93730	0,0078372683417757324	93730	0,001515949172127246
93740	0,00786803692873139	93740	0,0037181587011972006
93750	0,0046771604332719206	93750	0,0087712875400405826
93760	-0,0026430507322351281	93760	-0,0030373956878886514
93770	0,0062320373936594507	93770	-0,0094263127317644937
93780	-0,0096549616969715153	93780	-0,0033034132312522529
93790	0,010493433168023947	93790	0,015081482446652115
93800	-0,00043085120150451435	93800	0,0020317143450246534
93810	-0,0037482716066985296	93810	-0,010964146816433167
93820	-0,006473108884650503	93820	0,0047149244118298789
93830	-0,0078360638527437947	93830	0,00982377764605939
93840	0,018591770420011405	93840	0,012066925733478008
93850	-0,017576141748159649	93850	0,014464519181080993
93860	0,00033236869651139184	93860	-0,0053741585355074045
93870	0,0063008684862234489	93870	0,00411381563753707
93880	-0,0043852894441900664	93880	-0,0092706993248468268
93890	-0,013042808725939574	93890	0,0059026482303567995
93900	0,0047797939839132808	93900	0,00049642405297159128
93910	0,0012107161131013316	93910	0,014084746981862751
93920	-0,0075140116366306121	93920	-0,0057535458848377028
93930	-0,0041558721409295923	93930	-0,0068356978660969311
93940	0,0016266877151197906	93940	0,0038368033854040105
93950	-0,011121659802277931	93950	0,0010872399545219455
93960	-0,0076090530075093119	93960	0,0033431808775640668
93970	-0,0025973506997866466	93970	-0,00295256579571346
93980	0,0091734835624606523	93980	0,0080171103565893614
93990	-0,0075672785801478111	93990	0,0043468766020975666
94000	-0,0028316598776784319	94000	-0,0016695232534519493
94010	-0,0079583955875527444	94010	-0,0061622108704297643
94020	0,0017872782871840868	94020	-0,00185367477476682
94030	0,0022954601437844969	94030	0,015874497001261444
94040	0,00900940986481843	94040	0,0054294839614467023
94050	0,0024662370898168463	94050	0,00073036248762628605
94060	0,0013216203243820173	94060	0,0046317063481484963
94070	0,0010484193567411877	94070	0,0065487225642126548
94080	0,00053205526757971416	94080	-0,0081262016628435366
94090	0,003335476131433529	94090	0,00445846298626829
94100	0,0067949066693634378	94100	0,0076876257008761106
94110	-0,0063818908967076112	94110	0,016782428326657724
94120	0,0021566256775608903	94120	-0,0001243818085871941
94130	-0,0031828744420274208	94130	-0,0083403282775997949
94140	0,0093109777707345871	94140	-0,0027898375726509144
94150	-0,007050498431536341	94150	0,0065354332112001782
94160	0,0087713537451753476	94160	0,0010517893731698882
94170	-0,0016076241864124549	94170	0,0038225783505711364
94180	0,0031523583783095205	94180	0,0009424677262592808
94190	-0,0052951520732377735	94190	0,0041547111535264209
94200	0,0056201903884742629	94200	0,0032190852511575657
94210	0,004964682547636907	94210	0,00016398483975122046
94220	-0,0023050588904806823	94220	0,0059836315485145954
94230	-0,00077116426397716821	94230	0,0011132877863394394
94240	-0,0047726379584869978	94240	-0,0013281028315476925
94250	0,0012009212157850643	94250	-0,0088751352293882785
94260	-0,00674704887656223	94260	0,011538189272287626
94270	0,0059028853047973645	94270	-0,0018559916096242423
94280	-0,0034703141766799688	94280	0,00089334825267255646
94290	-0,019622031877269651	94290	0,0017097562816783837
94300	0,0072060552653467787	94300	0,0055370103069066609
94310	0,0063277461803127877	94310	-0,0010704175193154311
94320	-0,0015164785229512326	94320	-0,0059675005324022019
94330	-0,00064028435783462507	94330	-0,0044836630095887635
94340	-0,004004454929793894	94340	-0,00086359753440830745
94350	0,0038804146472405853	94350	-0,00814320011052424
94360	0,014519124813937807	94360	0,012280796013346267
94370	0,0095347938126075036	94370	-0,0088210706399812419
94380	-0,012536360935879294	94380	-0,0028050795811837741
94390	-0,0014098096632142231	94390	-0,004339087945700322
94400	0,018805307881663114	94400	0,0098064896525670887
94410	-0,0032467003174087455	94410	0,0083688475616412
94420	0,0069078786961206109	94420	0,048900873842260162
94430	0,012555109722500667	94430	0,13359547457690391
94440	-0,0201103480442875	94440	0,20522632686767886
94450	0,011557994183469134	94450	0,28091228813034674
94460	0,0017403700461203187	94460	0,36897780119822787
94470	-0,0041230403471500445	94470	0,37805825360112544
94480	-0,0047497347583689772	94480	0,38992616506309374
94490	0,028013014921011041	94490	0,35867079111689482
94500	0,041000580924785333	94500	0,31383569996096589
94510	0,068883184312926879	94510	0,32756785329189841
94520	-0,026851285002826505	94520	0,26495414314082
94530	-0,011405722034210085	94530	0,1359750465919802
94540	-0,0386129324027205	94540	0,34218853555127793
94550	-0,042639781671203615	94550	0,38640347481102771
94560	0,090253862438130328	94560	0,082978743063685551
94570	-0,11876848944297232	94570	-0,1165333334171535
94580	-0,05798303243415142	94580	-0,14436667962167696
94590	0,080840750133591113	94590	0,14902874566938196
94600	-0,11747363412250667	94600	-0,38157092391033759
94610	0,0878223493778019	94610	-0,96047713800456136
94620	-0,078850385374196086	94620	-0,61968931798523652
94630	0,13499743179208845	94630	-1,3366680622209164
94640	0,0015149655130318144	94640	-1,5330378383702481
94650	0,033883284313377712	94650	-1,4397323127132131
94660	-0,058476739442384219	94660	-0,84741565442686673
94670	-0,059100723033374665	94670	-0,72616628880427314
94680	-0,048571861351111148	94680	-0,53923589743266132
94690	-0,045936264025280921	94690	-0,26480889655720152
94700	-0,0572502028540014	94700	-0,08222784355902947
94710	-0,012334068623586308	94710	0,055183125740725175
94720	-0,010186058936313861	94720	0,14862626819881117
94730	0,0044574709297446361	94730	0,15725260199924263
94740	0,0041251520593955371	94740	0,11289332644824741
94750	0,017069011195010819	94750	0,10853765757141504
94760	0,048566462257195728	94760	0,28090389760460843
94770	0,035512583555919977	94770	0,54431860409862276
94780	0,019615781256691587	94780	0,68706377493064841
94790	-0,00028826679080691639	94790	0,750426105139215
94800	-0,014899172793074525	94800	0,71259386823767312
94810	-0,00044235525612402413	94810	0,64548947357690367
94820	0,00958154471055637	94820	0,47927866784518891
94830	-0,013890026904231185	94830	0,30903229484920886
94840	0,01458659775336826	94840	0,19754570227266252
94850	0,014188985269782505	94850	0,11618900788242978
94860	0,011336962837882651	94860	0,083943590755552716
94870	0,04624744038930554	94870	0,059747522173449974
94880	0,025687300105420256	94880	0,068867168268028134
94890	0,033737200203053992	94890	0,09835889841328381
94900	0,014932373945165613	94900	0,11347391731650504
94910	0,024782524120168858	94910	0,15451437472121091
94920	0,018215866360490288	94920	0,15259251105669724
94930	0,0073247787764203608	94930	0,16106875305405236
94940	0,023159861501863683	94940	0,14426894498447873
94950	0,004306339586969324	94950	0,13371755829509502
94960	0,018991114649530641	94960	0,095960547358512963
94970	0,018496273817369107	94970	0,096794489085095789
94980	0,022278183905298975	94980	0,088195911917547637
94990	0,019305191716008377	94990	0,0839954936082168
95000	0,016539391533616849	95000	0,0909046296428925
95010	0,023550153189378718	95010	0,091680998271003983
95020	0,026501276330610397	95020	0,10366426015410568
95030	0,012807848454786823	95030	0,10812661973376816
95040	0,019054870387505241	95040	0,11307634750445368
95050	0,0068108033817232778	95050	0,090164583784989108
95060	0,018664066395500951	95060	0,090340581914572227
95070	0,014494232461968249	95070	0,11268816602839651
95080	0,018776910463147729	95080	0,095374919558104
95090	0,012125255428514824	95090	0,10070135222256794
95100	0,019693248906970804	95100	0,0976403868836306
95110	0,017368783761144972	95110	0,087786211653115939
95120	0,027186207338242105	95120	0,088296993586824718
95130	0,017561261470906673	95130	0,08775751082986899
95140	0,016849225290510281	95140	0,096512766581254517
95150	0,009078896682465934	95150	0,091204713641599058
95160	0,021039280456599991	95160	0,085965845737892288
95170	0,021112043670829306	95170	0,094366049943511873
95180	0,024792204499551614	95180	0,090941732964280611
95190	0,016820797278742212	95190	0,0991187356424128
95200	0,012185151488946102	95200	0,10012128184839579
95210	0,020845631867602573	95210	0,082280662713906966
95220	0,028348699310995668	95220	0,086911031717585713
95230	0,012712031361705518	95230	0,090597686674267264
95240	0,026648454238721433	95240	0,08579801018903413
95250	0,010960057280261774	95250	0,083474465197700173
95260	0,024633063844663679	95260	0,093059265732853447
95270	0,017056923015477864	95270	0,0909823886353746
95280	0,018659916971164366	95280	0,07333931306901334
95290	0,017944554233663024	95290	0,091501331538235531
95300	0,01346494010313274	95300	0,0895927162282372
95310	0,010914460229184155	95310	0,084312567036098254
95320	0,018364838279475614	95320	0,10069926608010076
95330	0,023680628738980882	95330	0,097841417247603313
95340	0,013821605794133355	95340	0,093579643110242222
95350	0,019513852453567269	95350	0,090518015499739812
95360	0,023471446068022605	95360	0,10041177842009788
95370	0,016507301247075477	95370	0,095463581382153079
95380	0,020670948679805394	95380	0,0898809963690622
95390	0,02584249849172077	95390	0,0983695951643487
95400	0,0083668918713232475	95400	0,086707962968914171
95410	0,02715009272961199	95410	0,10054141626778397
95420	0,019284547644023577	95420	0,095515725564204068
95430	0,021908677795298506	95430	0,10543123174904664
95440	0,017938345561526771	95440	0,10071535249173776
95450	0,013141126717151964	95450	0,098680123866652661
95460	0,0050619422616214891	95460	0,096783167024325573
95470	0,031993030779778713	95470	0,10164715746296194
95480	0,011523044425198409	95480	0,093194349590285525
95490	0,015344193352403788	95490	0,085244628207629361
95500	0,016345159480957848	95500	0,079739912152675438
95510	0,012874998060822996	95510	0,087170925542561686
95520	0,022372467223178625	95520	0,095177054357307611
95530	0,021519320609096643	95530	0,090577236711644415
95540	0,015345438661740455	95540	0,098003418945295878
95550	0,0042393916453599282	95550	0,080598564432551811
95560	0,019252011463276552	95560	0,099663223322165484
95570	0,017381051066777561	95570	0,091151411749912162
95580	0,018910234553562971	95580	0,10456796606621827
95590	0,016380924484786751	95590	0,097047572343444424
95600	0,024595584726485202	95600	0,096141425954763438
95610	0,00956179015567723	95610	0,091425788224182014
95620	0,0087949645305103845	95620	0,094125743481296584
95630	0,001758944467140162	95630	0,10386003874587374
95640	0,015081718256596573	95640	0,088792599490586321
95650	0,019436786950655104	95650	0,10244628631555582
95660	0,014033736114898256	95660	0,10655074179068429
95670	0,01542222627323578	95670	0,096613115085740026
95680	0,0092254639518268029	95680	0,088973023206856516
95690	0,0012045241989615094	95690	0,10193118647273997
95700	0,033807490829441005	95700	0,10429393044931744
95710	0,030573484821568166	95710	0,086761117320027351
95720	0,022424709875965586	95720	0,09187098882851491
95730	0,022915651515245546	95730	0,0872786305142728
95740	0,0085222225066654122	95740	0,084748351346749254
95750	0,021643759822317154	95750	0,089736173964294258
95760	0,010370855170370341	95760	0,10268926277095351
95770	0,0064644040032740217	95770	0,099541926216059951
95780	0,020943893991310768	95780	0,080674523844070381
95790	0,015856229172398113	95790	0,10433777217755302
95800	0,014947714558863482	95800	0,0972074622923798
95810	0,0036747992421351876	95810	0,088479569271683323
95820	0,0184799024563721	95820	0,092912362832626522
95830	0,015781658300217313	95830	0,091273081881998411
95840	0,012831056655137009	95840	0,092974286322788188
95850	0,013899747096426034	95850	0,10106965042373359
95860	0,027239197069304277	95860	0,0871677079290561
95870	0,015235462955368262	95870	0,093072097731671632
95880	0,023897502922925709	95880	0,095491278467253346
95890	0,0065788120757745159	95890	0,10962909935135431
95900	0,019447578578477554	95900	0,088826557104585688
95910	0,0267044859290838	95910	0,097553734708518955
95920	0,02935358527169073	95920	0,0990629942246302
95930	0,02418059559470739	95930	0,094596583313727237
95940	0,00661026702381367	95940	0,094645485154245548
95950	0,0092251392836609335	95950	0,086626636977932422
95960	0,021709070465878933	95960	0,10250433570302492
95970	0,022955544909023753	95970	0,088605045345129169
95980	0,019400316896007814	95980	0,09594951685275363
95990	0,010160090794112524	95990	0,085314843395530776
96000	0,018880982860064767	96000	0,10486330651437084
96010	0,022829633199325315	96010	0,087190066520892964
96020	0,012489857428283759	96020	0,098958840366212553
96030	0,014058152048514036	96030	0,087576902082084809
96040	0,020131580939480493	96040	0,098299351458078763
96050	0,015774766796563238	96050	0,092618165684404064
96060	0,024131788577645658	96060	0,08841218984229679
96070	0,024681860990502971	96070	0,08795583832562337
96080	0,013499635904383455	96080	0,089096437019917776
96090	0,014210396389945668	96090	0,08350570126628841
96100	0,020103682549746923	96100	0,10349408201020349
96110	0,033032889104436275	96110	0,11372196716756514
96120	0,00969309203499633	96120	0,09798219981899052
96130	0,012341543161360484	96130	0,082351427709156322
96140	0,0097137136912587053	96140	0,09472262836553752
96150	0,007628066031228108	96150	0,089819807038654928
96160	0,026470077970877973	96160	0,098251515232999381
96170	0,016974087932003033	96170	0,084032172134109864
96180	0,027737110773797594	96180	0,10237439845424584
96190	0,0059648591620266121	96190	0,086064765430320211
96200	0,021558030487141756	96200	0,098313188816322714
96210	0,024310265170686754	96210	0,092515301862019672
96220	0,0315872409152474	96220	0,10299792591369605
96230	-0,0034567803064752597	96230	0,070833199493306478
96240	0,027046716259344069	96240	0,099895764288654681
96250	0,030379667429412623	96250	0,0850985386178409
96260	0,0093887707426246955	96260	0,086341970892914524
96270	0,010027019942374526	96270	0,098165817063010752
96280	0,017117962792159463	96280	0,09944045675683337
96290	0,0085529034689720163	96290	0,09488872537759
96300	0,011076705265361827	96300	0,0930091971472401
96310	0,015334283897126383	96310	0,09126246561455767
96320	0,025569098630237607	96320	0,085021878840194617
96330	0,01036640617204849	96330	0,10338868209990001
96340	0,0090499676033823518	96340	0,10616139166746272
96350	0,013091878817454987	96350	0,0975572446026305
96360	0,031813074029904471	96360	0,10104890456112516
96370	0,023741445349159562	96370	0,10164753294820653
96380	0,029719797826714862	96380	0,0938253795334156
96390	0,021446202101552556	96390	0,10874918475948822
96400	0,014816989222952794	96400	0,091661940274765666
96410	0,0095724208362095477	96410	0,0942728000157034
96420	0,021331142058373585	96420	0,099532230894278068
96430	0,013550358844538556	96430	0,085043508158800935
96440	0,021846831334463673	96440	0,096874509285849328
96450	0,017814691777434239	96450	0,08624754838529089
96460	0,0083239953174231839	96460	0,095681813612455355
96470	0,011591125906637174	96470	0,087369756279900235
96480	0,014802522193111503	96480	0,095938499650583875
96490	0,023059551038880789	96490	0,10183665952848531
96500	0,010352993882728147	96500	0,083329608771620337
96510	0,015030538468339681	96510	0,092918217510675041
96520	0,02119887590170844	96520	0,099572170987039979
96530	0,012902003309748476	96530	0,094650976555263083
96540	0,014022908080194666	96540	0,091009483862034057
96550	0,025490598062565577	96550	0,097009914738085845
96560	0,0093995457784461136	96560	0,095145321774426111
96570	0,018078136237645339	96570	0,092965007126169646
96580	0,028751749348603802	96580	0,10327726201396335
96590	0,015965939687580821	96590	0,094866634462276014
96600	0,0225665278665256	96600	0,092702029402666156
96610	0,0093629458572432	96610	0,10451904058149436
96620	0,010324909628167603	96620	0,0977337385117125
96630	0,011360463307789493	96630	0,074840939928211822
96640	0,025534845217637114	96640	0,11318240341174128
96650	0,024700629621931439	96650	0,091267145261648391
96660	0,0084473197794121147	96660	0,091208872949374548
96670	0,020069621831437335	96670	0,082608575015671232
96680	0,010018338319042508	96680	0,10916834445715093
96690	0,013430080464892946	96690	0,088837789144435866
96700	0,013190092284024358	96700	0,0926418456188632
96710	0,0087633526000443687	96710	0,09646934270432922
96720	0,032417974754389428	96720	0,095759474089054331
96730	0,028346959636559161	96730	0,096026281745918027
96740	0,021666389243040977	96740	0,081960160574031535
96750	0,014890899841394356	96750	0,0994142379188324
96760	0,02270797216006817	96760	0,087647596037636222
96770	0,01786088563790706	96770	0,088066283048051128
96780	0,020887992849315869	96780	0,091920428211666474
96790	0,014227318582313365	96790	0,10039427044891192
96800	0,021368677138990967	96800	0,096976671747941723
96810	0,02443048795012023	96810	0,0976701773494397
96820	0,02801480503658222	96820	0,099062184066619846
96830	0,02685849792132454	96830	0,087514772136884134
96840	0,023981877311676249	96840	0,087821936522513189
96850	0,020503651090619836	96850	0,096592000994983843
96860	0,023661504175139597	96860	0,085411895284897815
96870	0,009897691830832122	96870	0,089038203977576225
96880	0,017688401396073163	96880	0,087924986778959269
96890	0,034213063880118126	96890	0,10598517146455476
96900	0,011707207995959803	96900	0,08144344272524412
96910	0,026393610301472834	96910	0,088899152588976
96920	0,00040509438990051329	96920	0,10422972123326672
96930	0,0047047542611128321	96930	0,082401975184913587
96940	0,024368630032613817	96940	0,0984640210071688
96950	0,014719769651404533	96950	0,093297595051415341
96960	0,02770034101582541	96960	0,09525150124339099
96970	0,018308459946352679	96970	0,086726622355615929
96980	0,010477655004677124	96980	0,077365710984174732
96990	0,016670937404383537	96990	0,10423484395049121
97000	0,013304334470749893	97000	0,10219485112357679
97010	0,024594865957366305	97010	0,094994975909160229
97020	0,012659863659445351	97020	0,096507639244134691
97030	0,012902657274522505	97030	0,08134176485061706
97040	0,023985795858635053	97040	0,10351880741479015
97050	0,027931849555588771	97050	0,092517872853249264
97060	0,023035276268453034	97060	0,078409990724432638
97070	0,018643259354190846	97070	0,083084760406106711
97080	0,012323752085405842	97080	0,0889471131096434
97090	0,008610266805646527	97090	0,099134785136002782
97100	0,017637483366241422	97100	0,090843422820788583
97110	0,022640451932248059	97110	0,093856705250860165
97120	0,014316776839238789	97120	0,10091588586427075
97130	0,021576293484311688	97130	0,085025135048838837
97140	0,012762566779001686	97140	0,08946273577111985
97150	0,0095532881105191373	97150	0,088625075108697562
97160	0,016634124129742668	97160	0,093808780075307963
97170	0,026529042243677171	97170	0,092652948498528231
97180	0,024287917373850061	97180	0,089149708089247437
97190	0,013418557178212063	97190	0,099885765380477956
97200	0,0032195287744055164	97200	0,088628376126683436
97210	0,030424901682977307	97210	0,10869696858223699
97220	0,018309824746080061	97220	0,0898179312138303
97230	0,014314950951980435	97230	0,095023684826473678
97240	0,01414631023200898	97240	0,10194927074673169
97250	0,00013886277024561692	97250	0,0895966437171141
97260	0,028170407838728918	97260	0,099314703254470227
97270	0,017824046249840596	97270	0,090405098143515314
97280	0,024724132294954421	97280	0,08841503640234176
97290	0,015488365561285026	97290	0,0917292141287778
97300	0,024000408174647	97300	0,0870414574878963
97310	0,035349817964844217	97310	0,08542433966987821
97320	0,0178265496782518	97320	0,085827249407649381
97330	0,0015399601290416122	97330	0,101792611206471
97340	0,032237966190372086	97340	0,098053261275050763
97350	0,030121731323403154	97350	0,081831060278805615
97360	0,0267701062507773	97360	0,093404888392198418
97370	0,0050857863876113008	97370	0,097246903326002013
97380	0,027665754174104645	97380	0,091820296396590159
97390	0,027728087947915789	97390	0,10055284811120467
97400	0,012711822506855829	97400	0,090554488449585149
97410	0,001207311173227721	97410	0,088454252343311071
97420	0,022229808539146342	97420	0,0938117665527474
97430	0,0077185905611421371	97430	0,090087630002856536
97440	0,026941828649428658	97440	0,10323584595633722
97450	0,014354300410493745	97450	0,084940869775887384
97460	0,01506677580773861	97460	0,079404417385715173
97470	0,011230560738599099	97470	0,10208721827342032
97480	0,023234445273971265	97480	0,078094486886434764
97490	0,0067947874432772414	97490	0,088047540048141387
97500	0,0171121748340214	97500	0,085779139810764612
97510	0,022033086074777667	97510	0,0824138173619828
97520	0,017088266463150568	97520	0,10391074364370012
97530	0,023579961412320008	97530	0,10189752705025294
97540	0,016787586750314484	97540	0,095442954048384071
97550	0,017010101980604497	97550	0,071674064948037547
97560	0,028464488220080558	97560	0,10019721597452629
97570	0,018775397466711603	97570	0,10049266039677442
97580	0,027304095168648519	97580	0,091461766054703186
97590	0,01800114241079601	97590	0,09932165645486403
97600	0,0050623720255754557	97600	0,083584661182097231
97610	0,018649574203940335	97610	0,10088322833670313
97620	0,030058030994534034	97620	0,093762072343814964
97630	0,025961267237527362	97630	0,094113722350578674
97640	0,027711467342586477	97640	0,093684404881229866
97650	0,013833237622111035	97650	0,10082906316952627
97660	0,024988038360967291	97660	0,10704866013326375
97670	0,018147543711858036	97670	0,10288598225280753
97680	0,015368938642043422	97680	0,090611279369096576
97690	0,015530940496009569	97690	0,097276115537513461
97700	0,021488031636436422	97700	0,10231192409308987
97710	0,026304623239745757	97710	0,083390729369962321
97720	0,003053659179907158	97720	0,0900172296226663
97730	0,011410445519430336	97730	0,0890750162736003
97740	0,016988607631392986	97740	0,10011200307228349
97750	0,017567998246329462	97750	0,090806606048386362
97760	0,0039822690789692774	97760	0,085209494200149338
97770	0,021967705460191892	97770	0,10273999744996329
97780	0,015352165813580142	97780	0,089626333837314415
97790	0,017748931307608691	97790	0,085043392418225672
97800	0,0088399187159474511	97800	0,096000044581655716
97810	0,029693835140102567	97810	0,094324185769143837
97820	0,02591153564067793	97820	0,093372839770465
97830	0,022966551432413575	97830	0,094299446135122908
97840	0,022688022316903859	97840	0,0998233766688868
97850	0,01824203176025899	97850	0,093483975069856132
97860	0,012906417463414924	97860	0,094103738895957689
97870	0,020035996258440471	97870	0,089194159396830536
97880	0,021949280924422759	97880	0,086536119183043561
97890	0,0071991877171239029	97890	0,094401296575473165
97900	0,0194305701259875	97900	0,10526917277300051
97910	0,01830370198225743	97910	0,098593223000681962
97920	0,014915831031585647	97920	0,090018798694390931
97930	0,025727575905155189	97930	0,098209806032705918
97940	0,013464234882102421	97940	0,089339151853756585
97950	0,013370796975260325	97950	0,081542705196909718
97960	0,035278312997766736	97960	0,0997925515809283
97970	0,014240670494389434	97970	0,095109327341070263
97980	0,025378499732969659	97980	0,090493690053709913
97990	0,0041260357923189423	97990	0,085956614654010555
98000	0,016363477943185985	98000	0,10740266088293697
98010	0,016196284370622063	98010	0,0951222042290433
98020	0,014210747245308148	98020	0,087632609895877886
98030	0,028078508716976664	98030	0,091233124545556821
98040	0,024426398303897191	98040	0,092793221594312789
98050	0,026961537831217134	98050	0,10855707655513562
98060	0,022666789241856045	98060	0,092958936811803963
98070	0,012493154629591186	98070	0,085308859203609255
98080	0,023583449490687171	98080	0,085020139643685419
98090	0,004587657624053821	98090	0,084826437208408281
98100	0,02233657624008285	98100	0,10247461012000465
98110	0,011753686605015917	98110	0,091728693564612357
98120	0,027301016347400064	98120	0,089619113230321
98130	0,010333373948135698	98130	0,091569739436943715
98140	0,023950284469728113	98140	0,10059688757866797
98150	0,01682693746286695	98150	0,084417819125257573
98160	0,0068788361367323738	98160	0,09569054035690501
98170	0,019187631964572262	98170	0,092727960170748025
98180	0,027337664245221528	98180	0,0989152386374689
98190	0,016516113994315171	98190	0,10609080634892454
98200	0,022170213503500034	98200	0,10586502513771555
98210	0,01632067419374603	98210	0,090762813905992737
98220	0,017270797981222014	98220	0,092712930370981675
98230	0,019383953159948154	98230	0,084521316578203942
98240	0,01859956229973769	98240	0,096306636643558513
98250	0,01407132505605522	98250	0,10489949650015527
98260	0,0297730134931053	98260	0,10241954508465145
98270	0,023255038552472244	98270	0,083803994764296924
98280	-0,005850404836199358	98280	0,089482939345758752
98290	0,0088744895144156	98290	0,087213840405709717
98300	0,026829777759713742	98300	0,10496050464033883
98310	0,015684387992045707	98310	0,099082181787349857
98320	0,0064941805061765672	98320	0,10277211538748864
98330	0,0091494831242145483	98330	0,088856726428791166
98340	0,026933813145482807	98340	0,093349962430084948
98350	0,018102132266689764	98350	0,10407206664877872
98360	0,01649465481600014	98360	0,095064608683267424
98370	0,023588699448281913	98370	0,088225020061171264
98380	0,021020418123597274	98380	0,091918466783383349
98390	0,025857775508626776	98390	0,099596135289541324
98400	0,0085381512334432291	98400	0,07815201231999519
98410	0,027131773509526357	98410	0,0985297308063268
98420	0,0085910430656256538	98420	0,094671459585847856
98430	0,023059309204086574	98430	0,097082861724445968
98440	0,018562949302648877	98440	0,07299711746137702
98450	0,009587665706102531	98450	0,098175462704959471
98460	0,019280639218286884	98460	0,10063879540452052
98470	0,029558894999140418	98470	0,10062221129791156
98480	0,011403325875719392	98480	0,075351563959050738
98490	0,021318181703347906	98490	0,10576641703228792
98500	0,012033641604528507	98500	0,089570928851621615
98510	0,022488629811699981	98510	0,088336523239458384
98520	0,0002499108747743563	98520	0,094219033153945225
98530	0,014306496896158098	98530	0,093222135800177949
98540	0,014186369125992923	98540	0,090974887572539145
98550	0,023283515093242949	98550	0,0901667424787663
98560	0,012726360319618111	98560	0,0934508377347459
98570	0,019532644267960617	98570	0,098185712726074029
98580	0,017345207387246236	98580	0,094724530233784868
98590	0,016075230167368171	98590	0,098722043698043979
98600	0,010990270139208447	98600	0,093471740914851567
98610	0,02094431689745781	98610	0,090838691023208365
98620	0,021002564641766582	98620	0,080529382406881067
98630	0,010866280963012903	98630	0,089613995768558316
98640	0,025905021578756258	98640	0,10230528727192946
98650	0,011299881073720177	98650	0,088226381394834227
98660	0,021988232567611003	98660	0,085754846001555016
98670	0,011808181663324455	98670	0,088346641396513256
98680	0,016183671514305678	98680	0,10161238069156325
98690	0,024148504257941367	98690	0,082403150582373783
98700	0,014474944721257283	98700	0,0902005508943506
98710	0,025748198727466004	98710	0,099356830473218707
98720	0,00878556630472591	98720	0,087238358290726223
98730	0,013058136674614789	98730	0,084495059811630233
98740	0,012152597087977585	98740	0,10010949594398673
98750	0,018930515949354333	98750	0,086736079320600193
98760	0,0075210678158786652	98760	0,10023041525631679
98770	0,021710859656624948	98770	0,090599100750140549
98780	0,012147664654846506	98780	0,10132547305120696
98790	0,013225743765415481	98790	0,0969040807456777
98800	0,0329070481705854	98800	0,088958218318993018
98810	0,016672853320600735	98810	0,089747103915666038
98820	0,01593829854137882	98820	0,088716694580085631
98830	0,029280745785932857	98830	0,0888341344707009
98840	0,013722891785033694	98840	0,10087938304118344
98850	0,017237476660080742	98850	0,086966837420078144
98860	0,020819202312212459	98860	0,087891650889910383
98870	0,014790781954542191	98870	0,082711317719679489
98880	0,01668342583777644	98880	0,0953765200435154
98890	0,0292741512966004	98890	0,087499504481165058
98900	0,023301948753593975	98900	0,10015721518626897
98910	0,020521791425874628	98910	0,0945012276422995
98920	0,018527028128409812	98920	0,091880874888776956
98930	0,015796805890220991	98930	0,090872863795834508
98940	0,012921341399219532	98940	0,0952605292353694
98950	0,0079775849586082113	98950	0,083139811761925433
98960	0,013523372896362821	98960	0,0863333149907539
98970	0,010145607394256091	98970	0,089306298285209126
98980	0,02825410970806385	98980	0,10584129693503137
98990	0,025092229941001649	98990	0,083382205665334386
99000	0,020418450346718176	99000	0,097550257766421691
99010	0,026935197825145106	99010	0,10211320696518218
99020	0,013154788129411198	99020	0,082990768564494166
99030	0,011967351321659088	99030	0,092880081914393439
99040	0,015091981723621827	99040	0,097019940415471
99050	0,029916440777484288	99050	0,11261162653360562
99060	0,016079451639900325	99060	0,098494342642866231
99070	0,024352263539051542	99070	0,0914025697636873
99080	0,0068848110639271173	99080	0,0916170977268036
99090	-0,00359332838405242	99090	0,08464029768683029
99100	0,034021863089395678	99100	0,086533432245894132
99110	0,016404431339145906	99110	0,0925533038056825
99120	0,012279210986009951	99120	0,10440190358571239
99130	0,015156468058328593	99130	0,090831952864149385
99140	0,019167118352444334	99140	0,095510186125550581
99150	0,014919467110966029	99150	0,088442257173681552
99160	0,013122525946572903	99160	0,097447284169971407
99170	0,027254576688015498	99170	0,090073535048760478
99180	0,011085463575964452	99180	0,088491728213278456
99190	0,022515067343436057	99190	0,10688250093637142
99200	0,0070903347856255666	99200	0,086953469393074828
99210	0,012454284308802374	99210	0,092750814267646448
99220	0,016484741073444185	99220	0,0960817623991127
99230	0,026116983532037327	99230	0,099672393811536558
99240	0,01846504001572051	99240	0,082560066194694387
99250	0,019459242457721751	99250	0,09842968487755073
99260	0,00400481742260433	99260	0,0941976468125309
99270	0,024157611267213552	99270	0,0876270464064555
99280	0,013665145410434147	99280	0,094673463249611761
99290	0,013838071147254522	99290	0,098805834661163286
99300	0,022695488416134352	99300	0,097286092518265824
99310	0,016765508383223274	99310	0,092438203513669145
99320	0,020514245959417768	99320	0,093132063649232974
99330	0,034685657945570866	99330	0,091805362891037273
99340	0,016695890347425784	99340	0,0842526046973737
99350	0,022561149592610262	99350	0,08970008005856131
99360	0,015268660974979781	99360	0,10940447135030686
99370	0,019261358191809509	99370	0,0842990825375305
99380	0,008825700895870427	99380	0,095264297647158672
99390	0,011695613621171799	99390	0,1026457946693294
99400	0,035764740805792242	99400	0,092874397747847559
99410	0,030190119448327776	99410	0,0907547042585092
99420	0,015462893436696839	99420	0,10523758013094382
99430	0,014281357777512658	99430	0,093862394879996869
99440	0,0094561297255231526	99440	0,10164631254439309
99450	0,0012237622590946693	99450	0,087321823330387252
99460	0,017249964262705409	99460	0,0892030045970625
99470	0,0042255792029894908	99470	0,087905037322430657
99480	0,03324816961279442	99480	0,10036741196676277
99490	0,029152859762780498	99490	0,10744848461695677
99500	0,0041820349165412954	99500	0,099470957239817789
99510	0,027816956357783036	99510	0,098884762351610436
99520	0,015226731395564396	99520	0,097668245916084279
99530	0,024855353334793644	99530	0,099949716362094876
99540	0,020117486836303697	99540	0,08438441877133869
99550	0,013071292949097764	99550	0,093462933829255163
99560	0,0058523089157166358	99560	0,084758291121480756
99570	0,019915013156800318	99570	0,098688018562882757
99580	0,013813923388665248	99580	0,085488558896545011
99590	0,0188723394996864	99590	0,095756414202442658
99600	0,017680843030253128	99600	0,10216715109618968
99610	0,017176861405171769	99610	0,086307390024050787
99620	0,030312861752273011	99620	0,0867810129945329
99630	0,017829498603951013	99630	0,1065696608054509
99640	0,011374716516069095	99640	0,087498448630173351
99650	0,0076761357237834548	99650	0,086397077967076616
99660	0,02504316766020788	99660	0,11196667248047022
99670	0,023572588540331642	99670	0,10433296297401246
99680	0,011164550332888028	99680	0,085301203308171591
99690	0,026277540113772146	99690	0,094965450530520537
99700	0,015654075974175223	99700	0,088732134279503758
99710	0,020768379311045179	99710	0,099460512846181792
99720	0,022732711521136682	99720	0,091577001119349175
99730	0,011632557809254842	99730	0,092244764776971161
99740	0,021617891973660867	99740	0,092496693388685783
99750	0,029960866040436684	99750	0,099351180890384111
99760	0,0093100371803637189	99760	0,096061825392265029
99770	0,016885101810508257	99770	0,091507425059791536
99780	0,015306157515335825	99780	0,096327795907463654
99790	0,015743597480712742	99790	0,08816304812738085
99800	0,0033583298893545381	99800	0,09704176300392614
99810	0,035029719846783658	99810	0,086941009911555442
99820	0,016089159150966096	99820	0,092591852042863049
99830	0,011241735110749941	99830	0,09122389411411598
99840	0,0229485857964811	99840	0,092377566091663976
99850	0,011584272484931005	99850	0,0995169935059396
99860	0,0088063164380894256	99860	0,099113005234395424
99870	0,0050642588521783594	99870	0,090725406792875662
99880	0,020862468588692024	99880	0,0834572751859542
99890	0,02078945020417795	99890	0,0907167257105283
99900	0,020361099300221341	99900	0,09752439640714905
99910	0,029630593480610444	99910	0,077000535157597583
99920	0,016071171291978794	99920	0,11107246084623995
99930	0,025670048335424946	99930	0,0976470736138136
99940	0,018615603483330693	99940	0,0964522170560838
99950	0,0076139455700698425	99950	0,092917788814679853
99960	0,025468211120601176	99960	0,096144409457759344
99970	0,020071128017613918	99970	0,090214671455473475
99980	0,0066003863326817057	99980	0,094373544375586774
99990	0,019542313588755914	99990	0,088546513152010217
100000	0,018004944504757158	100000	0,0952401198005906
100010	0,023349188904483564	100010	0,093950222609536865
100020	0,013681227686194022	100020	0,092206805164709
100030	0,01521207172334019	100030	0,092848876867832483
100040	0,030216738508876847	100040	0,087334952472789121
100050	0,013089284209411549	100050	0,090624698452005159
100060	0,016074258423002002	100060	0,0960415385343323
100070	0,021130172281247358	100070	0,098014767286295559
100080	0,017996080127071531	100080	0,086682830476296741
100090	0,013971767727625978	100090	0,094327741786109254
100100	0,016351172908299107	100100	0,089878863837712389
100110	0,011318415113642254	100110	0,094701194895778509
100120	0,012632304070877122	100120	0,097839777473967424
100130	0,020999465253471586	100130	0,0731663719201365
100140	0,017206207075372987	100140	0,093208933412474229
100150	0,017091565140176065	100150	0,0793204996770417
100160	0,0039055966782869456	100160	0,086101604962898814
100170	0,023977839262494478	100170	0,11277503419617599
100180	0,0083765433924245722	100180	0,095265913862223592
100190	0,022237548021626325	100190	0,095677436574642963
100200	0,012946382879852643	100200	0,094632782615813829
100210	0,0027767236312368215	100210	0,082112486763365647
100220	0,0199993039316436	100220	0,11204059686018045
100230	0,013897748236567703	100230	0,081690417177730151
100240	0,022750781754942405	100240	0,079567612407843685
100250	0,0103815550757408	100250	0,09427754309362768
100260	0,016993299436484137	100260	0,0796453680229644
100270	0,015664078814479846	100270	0,093504924903182074
100280	0,025306247091581306	100280	0,093472390906956679
100290	0,0042101558352730089	100290	0,08481815038310217
100300	0,010812482158753477	100300	0,10560451460503147
100310	0,012739194836028088	100310	0,091065994631062186
100320	0,031595521564099074	100320	0,090414703216486023
100330	0,028918596461843415	100330	0,09094776613980847
100340	0,016202157233201585	100340	0,1040328165445522
100350	0,028445798312661905	100350	0,092362248202618166
100360	0,021384102461034962	100360	0,092526115443504545
100370	0,012697597249044575	100370	0,099236545078883714
100380	0,019797129737203868	100380	0,10750316437201229
100390	0,029663995316569863	100390	0,098009511897577214
100400	0,012785329685984533	100400	0,081771431423073124
100410	0,01754662400580952	100410	0,10139646530312257
100420	0,02128791191475082	100420	0,086801518073906153
100430	0,0075948466999322126	100430	0,099444650433584553
100440	0,014611417987438903	100440	0,09531927140458045
100450	0,025369415049729963	100450	0,087626929228882
100460	0,0072052900102050361	100460	0,095853015832768007
100470	0,030604163972585415	100470	0,10090387799437402
100480	0,0057510513837339128	100480	0,094965496718794451
100490	0,016429329441219949	100490	0,092254691572093539
100500	0,019532932431460176	100500	0,1002099740557568
100510	0,0079676851401057625	100510	0,095005949223907024
100520	0,029637215817377945	100520	0,099040001598654379
100530	0,027431516579804405	100530	0,10514778431620216
100540	0,017062037397100476	100540	0,08639630790708637
100550	0,014005398641596471	100550	0,088370005683816588
100560	0,018672526232819352	100560	0,093142773953012209
100570	0,019474339795463737	100570	0,096437129674502187
100580	0,014926423529737436	100580	0,10341778864454337
100590	0,023099045941247086	100590	0,092259592227241852
100600	0,013806910356819259	100600	0,093354871828452132
100610	0,025864403923585147	100610	0,095676732273471385
100620	0,007635464234575038	100620	0,094475479790289557
100630	0,020194972902993064	100630	0,0976217576830698
100640	0,0095412876061480231	100640	0,086552001805454137
100650	0,00940618202823682	100650	0,10314214365670231
100660	0,01447795376291562	100660	0,094019784980331034
100670	0,016212797801357162	100670	0,11209604997298257
100680	0,025159103196035992	100680	0,089420008786232685
100690	0,023328405969558354	100690	0,096861904076562491
100700	0,012732571430168494	100700	0,092299282157928014
100710	0,0218760004621777	100710	0,099652100919084552
100720	0,020020977333878819	100720	0,08607854321459367
100730	0,0099577675596964014	100730	0,082006656685184587
100740	0,0108379617025024	100740	0,0911266358401344
100750	0,012460129554752598	100750	0,096181255062390128
100760	0,025016071850732194	100760	0,098655421841028421
100770	0,014066058394862982	100770	0,086555940706548373
100780	0,020734199935131623	100780	0,098828849738792149
100790	0,013002261397955506	100790	0,083071402763290447
100800	0,025321380816377904	100800	0,08670662211565365
100810	0,016714874327238196	100810	0,094225116132770056
100820	0,0093078566846329647	100820	0,093841577482552826
100830	0,023831569635797013	100830	0,10229254406515541
100840	0,017414685351927837	100840	0,095726763252252475
100850	0,019556220956183531	100850	0,07987635666137799
100860	0,021643663577657294	100860	0,0947744056543738
100870	0,024008031471257942	100870	0,10449296785793742
100880	0,01207930458907249	100880	0,099757705764748489
100890	0,015802668210415104	100890	0,086223355040565011
100900	0,00554184765943749	100900	0,093671903829258316
100910	0,011309096189498887	100910	0,088785945574793246
100920	0,023295293364288112	100920	0,085691445745968667
100930	0,022896975752349138	100930	0,10934947637448331
100940	0,017097919278223846	100940	0,10327163170467917
100950	0,025285898208532425	100950	0,094674321417195423
100960	0,018440141964511953	100960	0,091307678306204107
100970	0,021094332648381845	100970	0,094158568557109454
100980	0,017636229768026521	100980	0,090953000236730849
100990	0,011431771685157475	100990	0,092084846260961375
101000	0,011779976330940896	101000	0,095824168017321826
101010	0,016646797410101489	101010	0,083029944609885886
101020	0,010339284041516029	101020	0,0847409098278142
101030	0,025756111373264851	101030	0,086282119682368763
101040	0,0123718692292714	101040	0,088046837561429184
101050	0,019345411320196505	101050	0,093959004917077718
101060	0,0195783805098707	101060	0,085730539305518688
101070	0,01999614046800418	101070	0,10351357761672717
101080	0,024725853333229669	101080	0,099006871874942934
101090	0,022231844571791948	101090	0,088647106555057281
101100	0,013545652432807209	101100	0,094244877787610065
101110	0,027660998637521323	101110	0,0821066658239703
101120	0,016970925334759027	101120	0,081844614835482749
101130	0,016391503244297081	101130	0,081691020755509866
101140	-0,0025861284306573826	101140	0,089728187971839887
101150	0,022893700684889429	101150	0,10718378656565955
101160	0,012015826088477165	101160	0,084537999633371386
101170	0,020375707163917383	101170	0,085210365546362535
101180	0,012088383877599866	101180	0,10552677450790403
101190	0,025035472428169493	101190	0,091806161727538138
101200	0,0057629347832113447	101200	0,090012698084679835
101210	0,018541430592918753	101210	0,10494554297662931
101220	0,012330373770969547	101220	0,0958007708978185
101230	0,016483105876988872	101230	0,095146567990335232
101240	0,024202373898509315	101240	0,087231560023198235
101250	0,02100541570831721	101250	0,10018737074827351
101260	0,0089399937743312227	101260	0,10296181034509502
101270	0,009764590968152383	101270	0,087644721884385129
101280	0,025938703183385172	101280	0,093088880623091036
101290	0,01682453797475187	101290	0,094445213528863411
101300	0,023227414310572406	101300	0,089727105584428729
101310	0,020814565459940086	101310	0,090524366625564928
101320	0,010362444408321446	101320	0,082135169441220041
101330	0,022495513408297869	101330	0,094043046752174245
101340	0,0032685526060140871	101340	0,086733217954887948
101350	0,026707348175127654	101350	0,10949589876450575
101360	0,02403102396203876	101360	0,095008906576898339
101370	-0,00066173526201202231	101370	0,095847742399341185
101380	0,026266776616757644	101380	0,099206271516131789
101390	0,018051263468233048	101390	0,090208503747624708
101400	0,021303764511458313	101400	0,095757451062321974
101410	0,017378889442795867	101410	0,093891389629837715
101420	0,011257141942057155	101420	0,0797128897073819
101430	0,023399588276961321	101430	0,086672777777603766
101440	0,011803690317403829	101440	0,095915616683961383
101450	0,0096019116604623873	101450	0,097593297060792381
101460	0,023294805469707178	101460	0,093566913938413709
101470	0,015365839008894893	101470	0,099067688740037962
101480	0,015007319535404575	101480	0,096262509271044377
101490	0,023792588662526565	101490	0,091730029095152876
101500	0,020619152059503668	101500	0,090316533611084188
101510	0,021632511169490019	101510	0,0913469529114823
101520	0,0040602123409623665	101520	0,064188323737060765
101530	0,022510843577097185	101530	0,094226602981659788
101540	0,017487003188011909	101540	0,0984303471950932
101550	0,031437306377654843	101550	0,096484679144357183
101560	0,019338045819523444	101560	0,096545947159235534
101570	0,022274975415146593	101570	0,083727957891005261
101580	0,016596288566075489	101580	0,093301174918563046
101590	0,015745060422790762	101590	0,087386892132279015
101600	0,017483312611150714	101600	0,099296437249762379
101610	0,011349264237908156	101610	0,10248615879168313
101620	0,014788140450227454	101620	0,092282430455975256
101630	0,01239500060145584	101630	0,0933738473213219
101640	0,026088558258925591	101640	0,10206398774279794
101650	0,0071143064560470941	101650	0,086892847853916239
101660	0,015638797652379046	101660	0,10264919958339187
101670	0,012845658133086782	101670	0,095691268468497959
101680	0,01054687343556409	101680	0,098005149519904175
101690	0,02499973836355399	101690	0,089571358493619885
101700	0,015740192571268113	101700	0,09470026218244347
101710	0,020763089769666846	101710	0,09375344260110928
101720	0,019732566349925523	101720	0,08644158818020671
101730	0,013092316457497106	101730	0,10451063443078376
101740	0,034997911168713508	101740	0,095119169461381214
101750	0,018967659017698792	101750	0,10063168809768015
101760	0,0053567038286962939	101760	0,082650604536225039
101770	0,025161068212333465	101770	0,094598931558944457
101780	0,012344178817923579	101780	0,0986023386129125
101790	0,018673787446372127	101790	0,085610342284003049
101800	0,01300888737692139	101800	0,084440291069323339
101810	0,021407151674834143	101810	0,10466296983322032
101820	0,0038543754954640046	101820	0,094736757561485058
101830	0,012429299552785041	101830	0,099611680120374135
101840	0,013056575194233845	101840	0,077636105246668224
101850	0,00834973962032477	101850	0,092584062131945172
101860	0,015566670044663122	101860	0,085628156084437079
101870	0,021736406585529368	101870	0,11227531779298693
101880	0,017642909159878959	101880	0,091811268450779415
101890	0,015701409834060792	101890	0,087131701061569256
101900	0,016409714064332552	101900	0,085553291608470944
101910	0,022100613146867377	101910	0,097731810391185309
101920	0,017796795788530925	101920	0,097227307351789874
101930	0,0069075704491210156	101930	0,094570498621655
101940	0,02402598563439	101940	0,097430626005148915
101950	-0,0014071379290709297	101950	0,090812490127392176
101960	0,02809778328343486	101960	0,10580262421121946
101970	0,017032233524541522	101970	0,081786303165739149
101980	0,018630091862487243	101980	0,0829993674076255
101990	0,021357358995450777	101990	0,090460057363870486
102000	0,0264587252100647	102000	0,10758815150532834
102010	0,021145880435157305	102010	0,092534361193933767
102020	0,0073243208536333685	102020	0,10098224080627927
102030	0,013312638446899701	102030	0,086908790046833967
102040	0,022860545204449377	102040	0,0913244762892145
102050	0,017190418886107922	102050	0,098703247975826428
102060	0,020085086435690777	102060	0,089259377281889957
102070	0,0086805243983130425	102070	0,10169373055121801
102080	0,012073323811105737	102080	0,10489014542215855
102090	0,00977436621630879	102090	0,094078116722175975
102100	5,5255925129196312E-05	102100	0,084791177346087224
102110	0,02237950354581612	102110	0,098430677410929285
102120	0,028353764056073424	102120	0,10170487343252213
102130	0,024506562664447916	102130	0,097824364450871754
102140	0,0076686428033074655	102140	0,093888411780037331
102150	0,024329561209675662	102150	0,10358698333732841
102160	0,0203429113069331	102160	0,094614288801222871
102170	0,019550105172854125	102170	0,10296564444910492
102180	0,017930134400483466	102180	0,084114084112468124
102190	0,017751663558179104	102190	0,10378328356096657
102200	0,013760440736841557	102200	0,090756031561252573
102210	0,013813600286243611	102210	0,088230739975205669
102220	0,015799248987655081	102220	0,09059413647979242
102230	0,02052466970612132	102230	0,094598808764538161
102240	0,016186308625628896	102240	0,10071950469687314
102250	0,02523876487319868	102250	0,096652318515817126
102260	0,0062998076235631362	102260	0,09487820776001156
102270	0,010784525010197029	102270	0,099597476080594827
102280	0,017004248752502931	102280	0,082268144309238178
102290	0,018323684486040107	102290	0,090341721193207089
102300	0,023365678652088981	102300	0,096700138149377071
102310	0,021125335121630829	102310	0,089452010156427272
102320	0,017898048480915904	102320	0,1006233063228055
102330	-0,0026289224010635002	102330	0,085796746995738929
102340	0,016877376706313927	102340	0,10118780446010027
102350	0,021660091653258075	102350	0,092474463669650342
102360	0,012502083875708959	102360	0,0915011344609898
102370	0,016037069457572328	102370	0,087665710201987213
102380	0,027943991101108272	102380	0,083877503581857332
102390	0,017794619958078024	102390	0,099249593937992264
102400	0,020041666569142934	102400	0,080587008504966723
102410	0,0086817507542899866	102410	0,095790028158403415
102420	0,010344870300405115	102420	0,094629843529926788
102430	0,036080478775836422	102430	0,10780596031972836
102440	-0,0035235187671304128	102440	0,0940034277206489
102450	0,026440804233174534	102450	0,0946125533848083
102460	0,0172680690037072	102460	0,083044376644880943
102470	0,0060552179511410269	102470	0,095695120993405214
102480	0,015991854787699104	102480	0,094223698894597224
102490	0,021390722496010144	102490	0,09420852185115848
102500	0,014150243224820235	102500	0,0913605851749078
102510	0,02067628831616224	102510	0,096085141749376
102520	0,0095170059872663332	102520	0,094620794499803818
102530	0,0081599108409178972	102530	0,088673638454746934
102540	0,01254193516621757	102540	0,081147214938258133
102550	0,017768184118431042	102550	0,09221413488057377
102560	0,018775910913186186	102560	0,096291825197635614
102570	0,013940523219995924	102570	0,10224535082173425
102580	0,014995422999233654	102580	0,084447385737796
102590	0,016444775018998423	102590	0,086351709007770783
102600	0,032890031533925251	102600	0,089069700867553961
102610	0,021998337925890489	102610	0,077675063122579921
102620	0,0030982593057281584	102620	0,095492443856799683
102630	0,017492349754037986	102630	0,089922550353519842
102640	0,023217849254991055	102640	0,08990016963141495
102650	0,021961859323037226	102650	0,096504580898812628
102660	0,0166341414556228	102660	0,10024340160921433
102670	0,021687027150176851	102670	0,08830961513784126
102680	0,018359184122248288	102680	0,085427849123154487
102690	0,03026614580214471	102690	0,081809625082215079
102700	0,0031201606402113721	102700	0,094687673702674072
102710	0,017957442862296259	102710	0,10149843629127867
102720	0,02648953363469601	102720	0,10003404554913672
102730	0,019849171367274571	102730	0,10269688064371377
102740	0,0083005147951644084	102740	0,0748416188914303
102750	0,021282752420558142	102750	0,11272923028119861
102760	0,013943686263109477	102760	0,086259133956943387
102770	0,0098980663555548968	102770	0,094028031988101016
102780	0,017138588185175309	102780	0,10028587375584762
102790	0,0079840178317821357	102790	0,07653223243592408
102800	0,0030467524000623836	102800	0,089851385022141475
102810	0,022950225828182166	102810	0,11609466429083888
102820	0,014836124129540418	102820	0,095452979844585478
102830	0,011415231470792478	102830	0,0874528424265484
102840	0,027237403753627158	102840	0,088495898356639
102850	0,024070018608088696	102850	0,0975592745133902
102860	0,015480860368864471	102860	0,086669242820181541
102870	0,0045519799203292419	102870	0,082758313800162742
102880	0,029447328084198792	102880	0,087708201930106131
102890	-0,0042454333119548967	102890	0,08555134589936314
102900	0,02389598825050664	102900	0,10341338721277787
102910	0,01947741299716841	102910	0,098599788787685161
102920	0,036897984100199337	102920	0,0766567203940786
102930	0,016179663894799086	102930	0,089427083462593177
102940	0,023083518561019589	102940	0,10751489672844573
102950	0,019446486319585485	102950	0,081403341185754027
102960	0,033852831202449869	102960	0,091218648925549178
102970	0,017887930460587419	102970	0,089965732970627779
102980	0,017895246831749055	102980	0,088082458750549888
102990	0,021084709798601126	102990	0,10321097848458151
103000	0,035305707467368205	103000	0,090936972256026621
103010	0,0062607474830040791	103010	0,10523224488169204
103020	0,012225522651493938	103020	0,069319495370631326
103030	0,017804658541961921	103030	0,091243519732045586
103040	0,012237100771131673	103040	0,09510536137728863
103050	0,020022173373495239	103050	0,095657077198178231
103060	0,021741688484331442	103060	0,085913506028852657
103070	0,016896286915026409	103070	0,10096486186491782
103080	0,010647984671197677	103080	0,099510853505636113
103090	0,0056260403374301434	103090	0,082174723328356472
103100	0,018193856924641962	103100	0,080450125249285034
103110	0,017546827832605829	103110	0,1032828858101803
103120	0,025402102485168835	103120	0,093177503004493248
103130	0,012861168197833957	103130	0,10511454126681125
103140	0,024146030480054335	103140	0,10005730803252763
103150	0,01049335942535253	103150	0,08220288317685949
103160	0,029977513740965512	103160	0,089485073923009278
103170	0,022303479131891586	103170	0,089637475446277953
103180	0,015491758125220453	103180	0,096970421128649939
103190	0,014719367085079158	103190	0,11830610396719632
103200	0,018704661918623113	103200	0,074902950028140083
103210	0,022308474840331612	103210	0,093883878484343555
103220	0,02200096508628293	103220	0,0947625723777462
103230	0,0079248273411222647	103230	0,092382026156852981
103240	0,0145075577613393	103240	0,083314985779697037
103250	0,034792944009764147	103250	0,091201407944588558
103260	0,012292822424846148	103260	0,10007977423038904
103270	0,012008761864317492	103270	0,09965438009410986
103280	0,019020404666563958	103280	0,091875739718356428
103290	0,0038288374425228611	103290	0,086969539663530882
103300	0,00969167594959909	103300	0,094711312119690166
103310	0,027551129618223123	103310	0,096197752330173372
103320	0,024347807105325935	103320	0,0956967582209307
103330	0,010678264818214173	103330	0,083306063563616167
103340	0,018448611262160387	103340	0,10118095272230006
103350	0,012943066042686678	103350	0,0825236656923943
103360	0,019782717642383086	103360	0,10750841234811194
103370	0,014442392888374978	103370	0,097065676411420665
103380	0,01414696309017939	103380	0,096361367717561319
103390	0,022605965591560979	103390	0,10195906832494299
103400	0,019782703045717869	103400	0,086816157407089048
103410	0,018075380698773538	103410	0,10221766435238437
103420	0,012354434689313678	103420	0,0941660957708188
103430	0,021104002016395312	103430	0,088279726271115258
103440	0,021510755113601763	103440	0,10095109276468867
103450	0,025653842378914642	103450	0,10680535408191388
103460	0,00938510216154353	103460	0,10457036698318339
103470	0,0093162996341885941	103470	0,099297990048067913
103480	0,029021518226326797	103480	0,10484559192967019
103490	0,02238691025904626	103490	0,086019048210617219
103500	0,02124211856753867	103500	0,097533862584356382
103510	0,0031094947339278161	103510	0,107420436867663
103520	0,019862060881743211	103520	0,097652189556958785
103530	0,023329156352975087	103530	0,098190763797151179
103540	0,036510151890453847	103540	0,090106466747241182
103550	0,011680620505066451	103550	0,0935552417761899
103560	0,019703848846456925	103560	0,10216638174680698
103570	0,016957495585378284	103570	0,095314185684688774
103580	0,012569717142449078	103580	0,085934911653915438
103590	0,018755510879623349	103590	0,095885313733254512
103600	0,018031299059665197	103600	0,091832067542977167
103610	0,010147402029806733	103610	0,091909202811376919
103620	0,021897958859768297	103620	0,1008982001727553
103630	0,0059985495309328877	103630	0,10534146866010313
103640	0,027616744098169044	103640	0,091978291899404485
103650	0,017115485479981894	103650	0,075016732925826682
103660	0,017694885466800925	103660	0,084874255836947771
103670	0,030038858643103628	103670	0,095331908212180669
103680	0,022915450872148722	103680	0,077891339203550125
103690	0,01697916336676214	103690	0,1103391455135431
103700	0,012432161832268909	103700	0,10427718893412093
103710	0,013058511895991139	103710	0,080347859716508888
103720	0,010184295990483353	103720	0,088101066542909431
103730	0,0080234882707562738	103730	0,081409683403264155
103740	0,026282995929589523	103740	0,082095020996273582
103750	0,023731948000226544	103750	0,0936754342625152
103760	0,02563487700780508	103760	0,10108731738971363
103770	0,016607466080870777	103770	0,095637572734676879
103780	0,023317989302675094	103780	0,0922714082344551
103790	0,0091470946438663384	103790	0,0991449628511235
103800	0,025734362793844962	103800	0,10214881939452579
103810	0,0044827498003167507	103810	0,09533873911752877
103820	0,015409852770845596	103820	0,09596321573116931
103830	0,016652900694418608	103830	0,0985380629702584
103840	0,015785983144898926	103840	0,089888327167656684
103850	0,0070940268610721951	103850	0,091564177218700762
103860	0,015508527614137051	103860	0,084927067043749249
103870	0,024666372984340938	103870	0,092879004527435235
103880	0,025761636992942174	103880	0,085905421275318264
103890	0,036558116147659858	103890	0,0964916220721301
103900	0,013828018082258014	103900	0,090433201248122652
103910	0,0043092068544368619	103910	0,0936321533693865
103920	0,021298028626715919	103920	0,088647672526293755
103930	0,0074899236223617879	103930	0,077837325621206821
103940	0,016978731672869538	103940	0,09241612865381893
103950	0,022156507003856719	103950	0,091251304717732046
103960	0,010467383462413963	103960	0,097462804349686766
103970	0,025175820117257715	103970	0,08481293882607592
103980	0,023868176442920167	103980	0,087486552315192048
103990	0,012602449205463214	103990	0,0926579453383247
104000	0,014165733626615893	104000	0,092564161048790991
104010	0,021177558517187344	104010	0,10053202256269009
104020	0,0010053185637339676	104020	0,08926147322926728
104030	0,023871318467977947	104030	0,0949395415057182
104040	0,021248324556526994	104040	0,0975766959389139
104050	0,0091865008062767661	104050	0,076067528678170571
104060	0,017868240480437718	104060	0,10424910190859703
104070	0,0070899892748843641	104070	0,089458725445576731
104080	0,0065157566776005756	104080	0,090484433830769553
104090	0,016763328754433593	104090	0,090625751588597231
104100	0,011652325267634092	104100	0,10284494941408146
104110	0,0052747954899881738	104110	0,10467644267883297
104120	0,024888199454474121	104120	0,087267874857770628
104130	0,027171722824107892	104130	0,0766363405836493
104140	0,02898645295728456	104140	0,11062287057459878
104150	0,023981916989816176	104150	0,086077773633757543
104160	0,019219137239670562	104160	0,08775460608104
104170	0,016815310206946543	104170	0,088350679989209688
104180	0,022525251990203485	104180	0,10457384851558023
104190	0,023742671364605956	104190	0,095926857059592183
104200	0,014836817686686928	104200	0,086047070364937223
104210	0,015131143742662122	104210	0,092412521721088811
104220	0,020079495119304968	104220	0,087676797808594623
104230	0,019474418872059716	104230	0,089212144597360585
104240	0,017467451452141108	104240	0,087854967296496653
104250	0,022750025828813962	104250	0,091109512375031385
104260	0,01515335606788327	104260	0,09837749171128575
104270	0,010961748708938419	104270	0,091196153125239585
104280	0,027106019752356884	104280	0,078814854900218251
104290	0,016587650787042937	104290	0,084055475621084064
104300	-0,000670411868101148	104300	0,090496923693184975
104310	0,027380476515188462	104310	0,10216047317265413
104320	0,0177104749457562	104320	0,0911317268426459
104330	0,013398332393086007	104330	0,087800838323320141
104340	0,02207042760941641	104340	0,099786837876992468
104350	0,017943676186098111	104350	0,095514165293472467
104360	0,013072657604164468	104360	0,10395328171447972
104370	0,010565566550374201	104370	0,090933648055162242
104380	0,021293955976150233	104380	0,0818211733016509
104390	0,027501555243115608	104390	0,10812828697172201
104400	0,012542788358120605	104400	0,090583552448208968
104410	0,014572055323643609	104410	0,084612451024949339
104420	0,017981481626438214	104420	0,10134633409681892
104430	0,026941505200854643	104430	0,0895940105537905
104440	0,0077140406313753636	104440	0,0955778703064422
104450	0,012008686952377208	104450	0,10138915904823227
104460	0,021570593912357591	104460	0,081779177131373754
104470	0,019771683692467158	104470	0,081892344093182912
104480	0,024928096415214828	104480	0,10405799028829739
104490	0,023120629710705491	104490	0,091808224535027724
104500	0,011913827288511012	104500	0,079541349547213869
104510	0,017819438437814066	104510	0,103338181053971
104520	0,022929660573054216	104520	0,089291946045880366
104530	0,0099544363387303117	104530	0,096431388254907047
104540	0,014616181074089766	104540	0,10703122303368678
104550	0,019279531246903195	104550	0,095360658213408486
104560	0,025049360306966084	104560	0,097607534738620508
104570	0,014647460781931822	104570	0,0896828559525436
104580	0,0035440315734080055	104580	0,080163944790740557
104590	0,029576225012303545	104590	0,099446304882475134
104600	0,01014242663676024	104600	0,0990309501699981
104610	0,020344138933553819	104610	0,083586569937037072
104620	0,0097631044764214525	104620	0,087935157335024855
104630	0,015711486851344717	104630	0,0844014532884667
104640	0,022605344507996269	104640	0,089298097204604535
104650	0,031281977874014696	104650	0,097885267507157467
104660	0,0087874334944824228	104660	0,083644661014100591
104670	0,014416075562736037	104670	0,098449632138181614
104680	0,023827604890107375	104680	0,0847670907660345
104690	0,011766398591155081	104690	0,10160088612328774
104700	0,019389630029032306	104700	0,077473219119664608
104710	0,018947739688183526	104710	0,095105633057549835
104720	0,022406910523939724	104720	0,094520642631536811
104730	0,013425868624656263	104730	0,0931078010200673
104740	0,022047837751191166	104740	0,094782974934564085
104750	0,014492520672350321	104750	0,0854635929121309
104760	0,01788148788656271	104760	0,091833696704972267
104770	0,013581958477795619	104770	0,085749831570750848
104780	0,0099765959835302932	104780	0,088690689668825526
104790	0,02372948888917073	104790	0,091838131989187721
104800	0,011144323609675566	104800	0,092393807746355139
104810	0,029789929013232894	104810	0,094034955937107867
104820	0,014342100151892034	104820	0,091323415452802509
104830	0,023764146160796869	104830	0,10074574757330417
104840	0,019103014344183319	104840	0,068833894742690457
104850	0,01480478218379282	104850	0,097166458438474532
104860	0,021273759510716944	104860	0,10533163696580895
104870	0,018296272130087807	104870	0,098009832538515473
104880	0,022836503319854262	104880	0,090547517555599852
104890	0,021137205054637752	104890	0,095834699322842873
104900	0,0077021165169145695	104900	0,088670567966220054
104910	0,015896097065965419	104910	0,083179745566363872
104920	0,027196385828473186	104920	0,11355566145407893
104930	0,012473746025622526	104930	0,074960932641782566
104940	0,024310519436229128	104940	0,086995849947734821
104950	0,015494658332735528	104950	0,10107674326571293
104960	0,0065886081788622559	104960	0,094457284839381539
104970	0,019322423125537055	104970	0,089475322423026041
104980	0,009643996950458299	104980	0,095030885685221791
104990	0,026190126688333818	104990	0,094578949696793813
105000	0,016360160776265859	105000	0,092139321675930252
105010	0,011369200070383792	105010	0,089043293262070666
105020	0,013215217117594512	105020	0,091447535960909432
105030	0,012349024475491448	105030	0,092300779065746
105040	0,014038439481924332	105040	0,081394327683201026
105050	0,028803698274138027	105050	0,10554312720601244
105060	0,011479418397011764	105060	0,10291854988230426
105070	0,010024877869477509	105070	0,099988266424861055
105080	0,024879194040854449	105080	0,090079903363641939
105090	0,0342161202062824	105090	0,084256507036199427
105100	0,016263286156343586	105100	0,08731224754892
105110	0,00957646130608432	105110	0,094754824773514462
105120	0,024643163298552297	105120	0,11473566349360892
105130	0,030161007324264084	105130	0,090048664641180248
105140	0,027087510365824085	105140	0,082415335960886515
105150	0,025417146101654391	105150	0,096330311687328155
105160	0,051048597470774545	105160	0,090992866470767361
105170	0,023602140229970592	105170	0,10800548180487925
105180	0,011774064906741127	105180	0,092612832452243915
105190	0,03141652773884563	105190	0,088754110483843227
105200	0,023545270500080633	105200	0,084884073534949228
105210	0,030276592605891887	105210	0,078081876840828235
105220	0,0289748130331513	105220	0,088293361529118986
105230	0,030574931637556271	105230	0,087560234404280929
105240	0,031040269722356222	105240	0,082094548360955477
105250	0,03347431207301562	105250	0,08365127362172349
105260	0,018773396547202014	105260	0,081901654452848291
105270	0,031973000063549716	105270	0,096627974199266553
105280	0,018752446587462085	105280	0,09007562132416097
105290	0,018461051841444059	105290	0,0886663000856884
105300	0,025220218487717907	105300	0,0993013926206924
105310	0,026095435361941123	105310	0,1007518826597219
105320	0,026249444472046864	105320	0,0790045816265549
105330	0,028517157559902036	105330	0,10262364594591376
105340	0,03133569355686739	105340	0,094369528643138467
105350	0,027973712230181604	105350	0,076294412535121772
105360	0,033097163209445717	105360	0,10693352292834005
105370	0,026680770962470447	105370	0,081154731473317268
105380	0,019472371725693893	105380	0,089610162815678546
105390	0,026197059947647549	105390	0,0921057162002404
105400	0,0318373650129539	105400	0,08992407744941408
105410	0,027412470480573208	105410	0,0913530820605663
105420	0,036814991085566982	105420	0,10215873729495577
105430	0,031328987318581976	105430	0,0843101855915812
105440	0,032068693974400771	105440	0,1069922419995747
105450	0,021301158527654462	105450	0,093846115200879654
105460	0,029016775706824476	105460	0,10729109375444268
105470	0,024132828510412378	105470	0,10110753754966995
105480	0,026492661844703898	105480	0,087058587989210956
105490	0,03200574004954166	105490	0,097152695337088243
105500	0,040304619841075841	105500	0,1048682519037215
105510	0,025278686842443832	105510	0,088939240828313171
105520	0,034340629605543564	105520	0,095094865887448143
105530	0,025900755770077454	105530	0,077266119600365057
105540	0,033047333670244081	105540	0,0955854349936564
105550	0,022719243251220749	105550	0,10308975721763772
105560	0,023614978436857156	105560	0,072722577841687008
105570	0,022815653715173793	105570	0,0976639174362146
105580	0,031427668202867659	105580	0,0907481558819835
105590	0,025763083118413882	105590	0,094031767617867829
105600	0,014417506384596962	105600	0,077876630730470159
105610	0,031429686145908374	105610	0,097048371923364879
105620	0,017343674587234167	105620	0,095952567263032237
105630	0,023076142962928849	105630	0,1033115068566651
105640	0,02219933168450821	105640	0,08436919271960322
105650	0,01837600262380773	105650	0,083429485514053867
105660	0,032588635176784737	105660	0,090338854224642065
105670	0,017259384575115253	105670	0,088799719733480248
105680	0,019037316146873283	105680	0,10378368076499217
105690	0,029630253535254492	105690	0,09315308843781285
105700	0,020475085502550179	105700	0,073344007809643424
105710	0,021443644628898965	105710	0,094634365919014238
105720	0,034457164800786033	105720	0,097085435034968651
105730	0,031514504254408472	105730	0,088799880408229767
105740	0,025869534047474128	105740	0,087210562005190062
105750	0,038798650235492248	105750	0,09589205091011016
105760	0,031914529928899323	105760	0,088652127980619749
105770	0,023318237786965859	105770	0,092025043428664174
105780	0,030865580028150718	105780	0,098225987777089824
105790	0,029871793453579952	105790	0,080991396087155221
105800	0,020835045510119728	105800	0,090692763292761852
105810	0,035946099605124029	105810	0,094435106163525309
105820	0,031490242687462394	105820	0,080865624369522576
105830	0,029464086934566817	105830	0,088401889489015936
105840	0,021332933833093665	105840	0,090288954698758916
105850	0,024376284259201794	105850	0,087245735027185717
105860	0,0303278591358888	105860	0,091102839533509047
105870	0,024285874929684	105870	0,08450353442010447
105880	0,023855068587714981	105880	0,0875971449862505
105890	0,025626191789207556	105890	0,091236487041141776
105900	0,037828192718950007	105900	0,086389941245474541
105910	0,023464046764470559	105910	0,08938396039555839
105920	0,03715713368934874	105920	0,09800994371391436
105930	0,033904655018703912	105930	0,0859571693962838
105940	0,033794188113672928	105940	0,0990778604176932
105950	0,035820753709124076	105950	0,098270186587249592
105960	0,034589317944661392	105960	0,090181449741112141
105970	0,03377786520572193	105970	0,080688600652092157
105980	0,033762528978449356	105980	0,094208097568802
105990	0,031540857317042523	105990	0,096717992852220866
106000	0,033130790487334895	106000	0,079374712274468115
106010	0,032648797296031	106010	0,098728158520176468
106020	0,032772066705721775	106020	0,086379741187939285
106030	0,016867771101971157	106030	0,098339623503888918
106040	0,031265121650733252	106040	0,097937673165122419
106050	0,035623064944843144	106050	0,090381313189629817
106060	0,023682453835515038	106060	0,091540034704251566
106070	0,025005826604348	106070	0,084723066713353529
106080	0,046929870846055995	106080	0,096202040931945135
106090	0,017647203246950093	106090	0,093641162503726227
106100	0,028044447267811346	106100	0,088351027652714256
106110	0,019858855722536345	106110	0,094648917168396213
106120	0,027001837051270558	106120	0,10388196541846465
106130	0,027908477531597056	106130	0,09812579849560224
106140	0,032840305530298021	106140	0,099722905086307878
106150	0,027424975649706283	106150	0,10081744576494758
106160	0,025756446459377996	106160	0,097262465867029829
106170	0,0229545094285032	106170	0,10291152597925822
106180	0,033677260439691326	106180	0,09133664678948579
106190	0,02920858749023951	106190	0,089961624834199741
106200	0,027606529072403817	106200	0,10473147620463627
106210	0,028901499782346581	106210	0,098424830080672945
106220	0,030194509899260879	106220	0,10109458950403602
106230	0,028059028388421829	106230	0,094685496181421427
106240	0,030218027504112888	106240	0,096208283687178833
106250	0,027499475104030897	106250	0,088792766367927
106260	0,015156213253157122	106260	0,10335643804309168
106270	0,041309321776971809	106270	0,089299604330097371
106280	0,017846329965646335	106280	0,090779086867115416
106290	0,016457424962846325	106290	0,092431321689598014
106300	0,01497958127762721	106300	0,0670465940297881
106310	-0,0075763002981072622	106310	0,061349132649193165
106320	-0,026950345096470107	106320	0,0214916486937788
106330	-0,023572785065576203	106330	-0,0099643917298598145
106340	-0,0298794420399893	106340	-0,020714436700321567
106350	-0,053464314385243669	106350	-0,044183145156446647
106360	-0,045332400410917753	106360	-0,0681734003710379
106370	-0,057196482836660928	106370	-0,095277865889125138
106380	-0,056022740353939483	106380	-0,09710105707655059
106390	-0,052152439135974137	106390	-0,10772312813115589
106400	-0,062913541424873279	106400	-0,10251960015114564
106410	-0,055875409218119579	106410	-0,10053406218540685
106420	-0,053278846891936085	106420	-0,0999920807183028
106430	-0,04894759561916015	106430	-0,0997343438014089
106440	-0,050648770923384982	106440	-0,10315211409574442
106450	-0,057359590893269946	106450	-0,10956261743940145
106460	-0,060404712957194483	106460	-0,1043231861207871
106470	-0,049582609242284879	106470	-0,10991556763377666
106480	-0,057091287262695883	106480	-0,10570415401182136
106490	-0,049482585936790571	106490	-0,11171302036812252
106500	-0,082398616226917881	106500	-0,14275664855955197
106510	-0,10294020977825127	106510	-0,18952128044557659
106520	-0,10474840469005006	106520	-0,18004510371712129
106530	-0,0834063029785666	106530	-0,17115605094970246
106540	-0,077968466800597269	106540	-0,16130557148513924
106550	-0,088015915809075515	106550	-0,15791124601044268
106560	-0,079591984363950485	106560	-0,15168471253625787
106570	-0,0716442580948509	106570	-0,15366929152613298
106580	-0,067140983477428154	106580	-0,15030379357001278
106590	-0,078016232316968789	106590	-0,1490910478177461
106600	-0,075453592459950772	106600	-0,14170970577827213
106610	-0,0652726296069628	106610	-0,1399049735122162
106620	-0,068109413019121059	106620	-0,14892889934110448
106630	-0,066931068656475773	106630	-0,12906691051330513
106640	-0,073596697544265011	106640	-0,13680164982217832
106650	-0,062897799705666058	106650	-0,13261418281023146
106660	-0,075828665533574535	106660	-0,12991421460085886
106670	-0,071987674938680565	106670	-0,14074004268239171
106680	-0,068148977065633165	106680	-0,1289961725044434
106690	-0,068320621665203418	106690	-0,14452593537416722
106700	-0,060986346999073106	106700	-0,13766124405263258
106710	-0,05613328297721723	106710	-0,13322104065703672
106720	-0,070861462106764431	106720	-0,12675937466816473
106730	-0,067097322210053364	106730	-0,1363694374483676
106740	-0,074591442321618254	106740	-0,14664868268679837
106750	-0,06340168413882076	106750	-0,13342810174509595
106760	-0,065236372080784907	106760	-0,13218027312719019
106770	-0,061656704986312968	106770	-0,13584548828989781
106780	-0,067014220944359	106780	-0,14013713323778315
106790	-0,0659723713657944	106790	-0,13414428154185965
106800	-0,0708423658009647	106800	-0,14013841915546213
106810	-0,067976994911679869	106810	-0,14052064810503151
106820	-0,074068393079694983	106820	-0,13810109039787627
106830	-0,068099224339210646	106830	-0,14179657617908198
106840	-0,065772893235198443	106840	-0,12451412103593744
106850	-0,072264434323344	106850	-0,13338781909247319
106860	-0,065076715060640236	106860	-0,133194603416807
106870	-0,072792107380451138	106870	-0,13068281966651726
106880	-0,061616077365654193	106880	-0,13140509561015842
106890	-0,060536027846498759	106890	-0,13262810442895157
106900	-0,063616774003582066	106900	-0,12872170095418667
106910	-0,06683054112304404	106910	-0,13782992771481314
106920	-0,063829943366311009	106920	-0,13699232041405732
106930	-0,067687959254979765	106930	-0,13013190850720693
106940	-0,054736258613876466	106940	-0,13073789928820767
106950	-0,062467547285765083	106950	-0,13188837585447222
106960	-0,066912547584455626	106960	-0,13857279291379421
106970	-0,0685918872161257	106970	-0,13376912318191708
106980	-0,07207649608921686	106980	-0,14117181615743238
106990	-0,064345786634546473	106990	-0,13964275487314057
107000	-0,0676375998868848	107000	-0,13991869996378345
107010	-0,061223893423996346	107010	-0,13959927665195313
107020	-0,065867039368431107	107020	-0,13507829992587464
107030	-0,0659705273040957	107030	-0,13404139393110054
107040	-0,062604593484579252	107040	-0,12877234014497691
107050	-0,06446373089775212	107050	-0,129402090133647
107060	-0,072648639085499	107060	-0,14727758137048469
107070	-0,0640641649694506	107070	-0,14121268948479074
107080	-0,058150173602270878	107080	-0,12513602881551586
107090	-0,054727496229419033	107090	-0,12912100321242132
107100	-0,060497526438845192	107100	-0,12826699812926076
107110	-0,070282077393663114	107110	-0,13565229999881565
107120	-0,065019710277717746	107120	-0,14491159611816062
107130	-0,064300107653669725	107130	-0,1354152324044777
107140	-0,060451647616568453	107140	-0,11994021217810566
107150	-0,066417413125481134	107150	-0,13226240302692258
107160	-0,06501448331475923	107160	-0,13470813458542394
107170	-0,06644817134763302	107170	-0,12336673107182607
107180	-0,063553114390029489	107180	-0,14685861927952174
107190	-0,062327152602114105	107190	-0,12868523752355385
107200	-0,067649107907342562	107200	-0,13854295618050022
107210	-0,063746228355391954	107210	-0,13525267906194394
107220	-0,066601704958227578	107220	-0,14589956644397659
107230	-0,059451655279087266	107230	-0,13479578217765079
107240	-0,067160260829434354	107240	-0,1315310677229932
107250	-0,069667543921149683	107250	-0,13563214689830813
107260	-0,067873678069016716	107260	-0,13697780926877312
107270	-0,0722574083828176	107270	-0,14196130243867777
107280	-0,067834130767067943	107280	-0,13327123451904424
107290	-0,057955175462321977	107290	-0,13753298934087052
107300	-0,06746427316761637	107300	-0,14107205754987934
107310	-0,070243852225172626	107310	-0,12665309122745286
107320	-0,060727669151759638	107320	-0,13296614569060752
107330	-0,066522547994996586	107330	-0,13219535790948311
107340	-0,067388585762954312	107340	-0,13064658108554164
107350	-0,067480376984501655	107350	-0,14248696461782623
107360	-0,064103996593567122	107360	-0,14251403033483293
107370	-0,07238371507728697	107370	-0,12968578850070867
107380	-0,066975146929977011	107380	-0,1319744117453088
107390	-0,0707531243046063	107390	-0,12764791690987618
107400	-0,059495870142222844	107400	-0,13603945465652917
107410	-0,063514514819893481	107410	-0,12848678975043334
107420	-0,05745649607247625	107420	-0,14047551882807757
107430	-0,070057379246488277	107430	-0,13386092615493242
107440	-0,060787084066563926	107440	-0,1344064030892623
107450	-0,063646288125540879	107450	-0,13593872077427591
107460	-0,06527509151598	107460	-0,13674644791337337
107470	-0,057447166011607605	107470	-0,1277343020836044
107480	-0,061978027919044505	107480	-0,13052390791529311
107490	-0,0760165704029689	107490	-0,12740570268834209
107500	-0,061622794495457288	107500	-0,14014102123726216
107510	-0,067854600259828673	107510	-0,13992591584250178
107520	-0,063590940663186879	107520	-0,13619126512291055
107530	-0,046782123297837937	107530	-0,13555670377489199
107540	-0,060488524542120482	107540	-0,14274385977471918
107550	-0,054336770833148647	107550	-0,13698585726980384
107560	-0,068707303692561991	107560	-0,13111460770253713
107570	-0,0797240374271013	107570	-0,1415954230058539
107580	-0,072115156368061276	107580	-0,12946757886389113
107590	-0,063635631988216382	107590	-0,13010260054401759
107600	-0,066154687295780057	107600	-0,13658071624319595
107610	-0,070856304332153258	107610	-0,13425976484633817
107620	-0,06366285992994565	107620	-0,1341757679543418
107630	-0,059367863864549258	107630	-0,12460303068847872
107640	-0,07459489218084292	107640	-0,14343068839072304
107650	-0,0632866517846526	107650	-0,14084211755778581
107660	-0,064119955445111773	107660	-0,13335992447451808
107670	-0,0613680069128174	107670	-0,13159608158107361
107680	-0,066697990879076255	107680	-0,1386113999125779
107690	-0,064354307038456071	107690	-0,14021604821411648
107700	-0,065085585801663084	107700	-0,13588805235669701
107710	-0,069443132183752865	107710	-0,13456271540911843
107720	-0,064317208027070041	107720	-0,13474694607144838
107730	-0,066016477249633818	107730	-0,1363262519528857
107740	-0,065024113670681977	107740	-0,13738579273751836
107750	-0,069865657545440024	107750	-0,135261906030815
107760	-0,064480166644468984	107760	-0,13012017244381735
107770	-0,0648275511561244	107770	-0,12554248107047211
107780	-0,070491760401956843	107780	-0,1358587222531461
107790	-0,077402466728331967	107790	-0,13442261500218769
107800	-0,070053370509354645	107800	-0,14666830240186318
107810	-0,086517963080964211	107810	-0,14652192922888785
107820	-0,11653956601145883	107820	-0,14685086874477774
107830	-0,16411155496825078	107830	-0,1480229240969736
107840	-0,21373144320568902	107840	-0,14848089406604773
107850	-0,21899921395784769	107850	-0,13613037866762118
107860	-0,18759111264150993	107860	-0,12877480989666509
107870	-0,17942228720304643	107870	-0,13435154335364302
107880	-0,13294202876038377	107880	-0,12994104390986044
107890	-0,095810031292244607	107890	-0,13728270270831308
107900	-0,078230511502458661	107900	-0,13895140256975402
107910	-0,049452236834610523	107910	-0,13866286509782472
107920	-0,065445355460612545	107920	-0,14647110506597694
107930	-0,059347244350324888	107930	-0,13608733634238035
107940	-0,06332994877262979	107940	-0,13340112575226881
107950	-0,065878970166547257	107950	-0,14315800038738849
107960	-0,072484381265993381	107960	-0,127465695326747
107970	-0,0691177572781212	107970	-0,13557334084025419
107980	-0,077094345297185229	107980	-0,13696079341093587
107990	-0,063319917091539016	107990	-0,13606805159077234
108000	-0,070322367571974964	108000	-0,13393385849323441
108010	-0,075544201824551557	108010	-0,13439919457226171
108020	-0,075044888964010861	108020	-0,14078594227347119
108030	-0,082635068356563854	108030	-0,15877236684697343
108040	-0,0706379399450382	108040	-0,15969744839866767
108050	-0,074113398250447521	108050	-0,1370545479758912
108060	-0,070045100666459234	108060	-0,13853321226710216
108070	-0,071661508601915447	108070	-0,1374304273796868
108080	-0,078400205789179431	108080	-0,14390011796169644
108090	-0,057108889815532256	108090	-0,14189164436661608
108100	-0,066712142064036223	108100	-0,15252202465113313
108110	-0,07878973148764104	108110	-0,14328011567995425
108120	-0,055407652519950189	108120	-0,13209273226450871
108130	-0,070193796631500591	108130	-0,14414938320776685
108140	-0,084075327240233116	108140	-0,13222469698916739
108150	-0,073237964003925793	108150	-0,15263688987783936
108160	-0,070534436916096108	108160	-0,14220492164950893
108170	-0,063630723070666334	108170	-0,13225567574561956
108180	-0,070997659786933648	108180	-0,1437896028669752
108190	-0,065871610326912855	108190	-0,13361615779216035
108200	-0,071936424878656646	108200	-0,14588528866778419
108210	-0,0803320801299983	108210	-0,13360935785253805
108220	-0,064012530927416919	108220	-0,13779172472496948
108230	-0,064158214323480442	108230	-0,16455963570473067
108240	-0,077624200583547992	108240	-0,12993562919365354
108250	-0,057160795525159909	108250	-0,13907696893527372
108260	-0,0769398492831566	108260	-0,13872210530322393
108270	-0,081439368837507256	108270	-0,13551120132996197
108280	-0,068076387804495944	108280	-0,13035695236009307
108290	-0,068470621041600455	108290	-0,13452504060698514
108300	-0,0815288867369178	108300	-0,14534661899643928
108310	-0,070261195499081455	108310	-0,13890151950346277
108320	-0,066458510819918035	108320	-0,13615952598596398
108330	-0,069755825338945615	108330	-0,13583210857501041
108340	-0,072592756674666817	108340	-0,14922290470864494
108350	-0,078376939187242325	108350	-0,13830459451955124
108360	-0,087700579035400766	108360	-0,13236642447438157
108370	-0,092799858744243791	108370	-0,13348048879907742
108380	-0,069502242260487526	108380	-0,141522118578429
108390	-0,081576916304851643	108390	-0,14640811112410421
108400	-0,072139721378057561	108400	-0,15639993566297733
108410	-0,087625718905852412	108410	-0,12636858717737837
108420	-0,068986592748458267	108420	-0,14794700762177479
108430	-0,085585712409793652	108430	-0,14439739312848693
108440	-0,063097737816556837	108440	-0,12930916047077704
108450	-0,0753581774148199	108450	-0,13503004043620956
108460	-0,061981091063168972	108460	-0,13303360384270555
108470	-0,082743330684158067	108470	-0,11983049225837293
108480	-0,074934379333209067	108480	-0,15221563398207683
108490	-0,077914535067982	108490	-0,13074897748727962
108500	-0,074931000850736257	108500	-0,13490456926290828
108510	-0,069034798391103519	108510	-0,12843356266742334
108520	-0,078510935011170652	108520	-0,15457982802822179
108530	-0,069462611774582628	108530	-0,14244838751881128
108540	-0,069073559715090174	108540	-0,13181567778582576
108550	-0,07937049312028352	108550	-0,15035519240510972
108560	-0,077658684725350813	108560	-0,13101695765262214
108570	-0,080329940512206321	108570	-0,14653179226635724
108580	-0,072738403035694552	108580	-0,13193065818407748
108590	-0,082906119593155053	108590	-0,13213048892714821
108600	-0,076491770093583558	108600	-0,13576909963296424
108610	-0,062126726365696612	108610	-0,13825149207626475
108620	-0,061823478178304976	108620	-0,14121290988876231
108630	-0,0608057101857294	108630	-0,14196680008551546
108640	-0,066999065460268972	108640	-0,12719982956881226
108650	-0,086413850347385149	108650	-0,13283844614447821
108660	-0,083296230907292323	108660	-0,14908776733619641
108670	-0,071732184172970032	108670	-0,1279889045728082
108680	-0,066028295291519115	108680	-0,13179177772041953
108690	-0,081927283801409512	108690	-0,14690141444033514
108700	-0,0878379023538324	108700	-0,14736366596785924
108710	-0,073930925898424912	108710	-0,14153653690752679
108720	-0,083888666476499479	108720	-0,13254475522059248
108730	-0,082485220620553357	108730	-0,13581040021883589
108740	-0,079586764442320573	108740	-0,14568062632085127
108750	-0,059672477322506336	108750	-0,13655354206192988
108760	-0,070635531276966868	108760	-0,12990865235048166
108770	-0,0648670331996548	108770	-0,13924856029483326
108780	-0,076373472101632242	108780	-0,14511539062004644
108790	-0,07666052037148402	108790	-0,12240682507057514
108800	-0,084879581378420957	108800	-0,15266855798139531
108810	-0,071617174002804915	108810	-0,13596271633075679
108820	-0,065815479066716615	108820	-0,1318848633908106
108830	-0,076374548257962666	108830	-0,13226022905751123
108840	-0,082027552741458634	108840	-0,13591130878203331
108850	-0,071410339049254062	108850	-0,14265838714959914
108860	-0,082982692334189465	108860	-0,14688630457692606
108870	-0,09116875589870263	108870	-0,14825300847819303
108880	-0,087109132188682312	108880	-0,1458010625151118
108890	-0,0739816812905017	108890	-0,14532426714312122
108900	-0,078092641769688109	108900	-0,14571841940391411
108910	-0,076082282922023584	108910	-0,14115289672120349
108920	-0,084659220381713751	108920	-0,14096314717725458
108930	-0,073397447891446158	108930	-0,14472432837046123
108940	-0,070882059739510839	108940	-0,13520216374059504
108950	-0,079150326475452851	108950	-0,14432012459223684
108960	-0,07527996974532887	108960	-0,1288698679494866
108970	-0,077706287707489469	108970	-0,13907794410420368
108980	-0,073393939802845642	108980	-0,13888417756305743
108990	-0,073393660660365942	108990	-0,13382113529883813
109000	-0,081853906710287958	109000	-0,13934546162391959
109010	-0,074219028479512325	109010	-0,14348308506507279
109020	-0,075203284609013862	109020	-0,14804287429606894
109030	-0,083173779533994852	109030	-0,13745704761016847
109040	-0,073824429833029212	109040	-0,13829407043287137
109050	-0,084785263468618019	109050	-0,14761132673293154
109060	-0,066183740900026822	109060	-0,13420038349302582
109070	-0,095889722899220681	109070	-0,14804262422149417
109080	-0,077454164719605617	109080	-0,14123135184423782
109090	-0,081574917601750979	109090	-0,13073944315706756
109100	-0,079801689853452873	109100	-0,14404783773258231
109110	-0,08817722870731283	109110	-0,13373203894921432
109120	-0,088915472128540021	109120	-0,149520254829182
109130	-0,07167664685189104	109130	-0,14412581470099878
109140	-0,091593556775455637	109140	-0,15723553414614577
109150	-0,092950746050234734	109150	-0,14945282492724837
109160	-0,11285333182166633	109160	-0,13818533239167524
109170	-0,085501006162604351	109170	-0,15192861055983972
109180	-0,0814775502172351	109180	-0,15480255097456896
109190	-0,087440449837144371	109190	-0,16024248482981235
109200	-0,075126169978485521	109200	-0,15451278903139973
109210	-0,071002768443101383	109210	-0,14789450712663194
109220	-0,084153361305027083	109220	-0,15059499571401885
109230	-0,091700548363560161	109230	-0,13852557654321626
109240	-0,089937273994177849	109240	-0,14159258585359691
109250	-0,081532983931475816	109250	-0,14947647949281484
109260	-0,088263392139378255	109260	-0,14598112612454095
109270	-0,089846919185500071	109270	-0,14749108032786285
109280	-0,1031172522688603	109280	-0,15849874242766177
109290	-0,093920577428307561	109290	-0,1550681254726097
109300	-0,089873849077765272	109300	-0,13681702369060195
109310	-0,084330174171243263	109310	-0,15350089822592902
109320	-0,0889918823817606	109320	-0,14941423933124218
109330	-0,10334006055340453	109330	-0,15405966461140894
109340	-0,094039377871193527	109340	-0,14968287289436955
109350	-0,082799332565140063	109350	-0,14286038287902078
109360	-0,09210127649489977	109360	-0,14082080654435963
109370	-0,095270333405746838	109370	-0,14481033974652652
109380	-0,097341760964686344	109380	-0,15969544113343448
109390	-0,086136198663249508	109390	-0,14344121385302236
109400	-0,08560926741791286	109400	-0,15172571839831622
109410	-0,0808209015408521	109410	-0,15057993789683058
109420	-0,0895466236621652	109420	-0,1512644805831832
109430	-0,07879863720477627	109430	-0,13502097402651869
109440	-0,10037055518684758	109440	-0,15282021197922163
109450	-0,095398221291042085	109450	-0,15737552511699651
109460	-0,076651260002498292	109460	-0,13909265651662431
109470	-0,096984321086432457	109470	-0,15333635754166311
109480	-0,089195384839665923	109480	-0,15107484240523159
109490	-0,09863756503523223	109490	-0,1476701544134259
109500	-0,08816458133883609	109500	-0,15646970455771375
109510	-0,07857887850323135	109510	-0,15564372725482498
109520	-0,087972139633358634	109520	-0,1433946531476672
109530	-0,10194460590502738	109530	-0,16016836245877111
109540	-0,098035300156098237	109540	-0,16072222953402271
109550	-0,070743337293788025	109550	-0,13804311446016176
109560	-0,088377525597471224	109560	-0,15961254850316242
109570	-0,08520224031091253	109570	-0,15354472782864384
109580	-0,083039945053928615	109580	-0,14106081439523974
109590	-0,089596377330052671	109590	-0,16169199267049886
109600	-0,0965768712076665	109600	-0,13585069918789972
109610	-0,0858152905302394	109610	-0,16365528681829486
109620	-0,080514479360465643	109620	-0,14763772438859504
109630	-0,091255823091182312	109630	-0,14705642975172159
109640	-0,098500375075667057	109640	-0,15680827791932359
109650	-0,092387653843580234	109650	-0,15677133501609622
109660	-0,084633297816194886	109660	-0,14838365950222107
109670	-0,099618485034349516	109670	-0,15085038664987324
109680	-0,088277976163758182	109680	-0,1383853430499904
109690	-0,0946231572596363	109690	-0,1537124373007438
109700	-0,0805595954838985	109700	-0,13680513463735808
109710	-0,096772839936947949	109710	-0,14159796196862171
109720	-0,083217975589014989	109720	-0,13833862180881545
109730	-0,083905429406394838	109730	-0,1467933394454736
109740	-0,0860317975141044	109740	-0,15405573362659442
109750	-0,095665569339721715	109750	-0,15385403439863823
109760	-0,088067547141604488	109760	-0,14246404049437136
109770	-0,085455533639363854	109770	-0,15234196840600284
109780	-0,079201240111274468	109780	-0,14437297649792044
109790	-0,075936093957785944	109790	-0,15049763502454061
109800	-0,10614064584986621	109800	-0,16009507279065421
109810	-0,070108213356269808	109810	-0,14726384059396916
109820	-0,1031142166033928	109820	-0,17165306036589112
109830	-0,088477959253288579	109830	-0,14264262060760485
109840	-0,089923408907154986	109840	-0,16113559952958342
109850	-0,097189474170304921	109850	-0,14961273546594386
109860	-0,091872218749799742	109860	-0,14741960448427338
109870	-0,089164926885813567	109870	-0,14442775127644428
109880	-0,096417480565199443	109880	-0,12676312933748596
109890	-0,083774056214715648	109890	-0,15720168184735547
109900	-0,0917246065645044	109900	-0,15861146208528554
109910	-0,10402424831457917	109910	-0,15278352988473173
109920	-0,074967019177914637	109920	-0,13132083908217179
109930	-0,0918738368129422	109930	-0,15613168207557471
109940	-0,0885609877668883	109940	-0,14339283698914274
109950	-0,097532620770111766	109950	-0,159136138070991
109960	-0,088588282647088151	109960	-0,14364564447296027
109970	-0,085813422687829155	109970	-0,1420838050470972
109980	-0,088406590659713929	109980	-0,14927850195643144
109990	-0,095209519237560616	109990	-0,14584748668692552
110000	-0,072249366139155641	110000	-0,14778585149193371
110010	-0,08969127910831251	110010	-0,14831406468487288
110020	-0,10228852901068616	110020	-0,14795391143592218
110030	-0,092294445795693486	110030	-0,16106386213935792
110040	-0,086475433325658477	110040	-0,14706073008398887
110050	-0,0814621597536724	110050	-0,14520078724656671
110060	-0,089660071707366326	110060	-0,14735708782364188
110070	-0,083885882985098789	110070	-0,14829817871132853
110080	-0,086669908524386885	110080	-0,15055890157778151
110090	-0,077011063114506423	110090	-0,13313316460472335
110100	-0,091588205547787627	110100	-0,15207476148362484
110110	-0,083359753133043821	110110	-0,14709023071238025
110120	-0,093292580318273755	110120	-0,14921607061731285
110130	-0,096590203418576978	110130	-0,14678221541615652
110140	-0,0905426159152312	110140	-0,15169493485673241
110150	-0,097688049233187815	110150	-0,1389515124564874
110160	-0,096802560428722428	110160	-0,15151546973270325
110170	-0,079458670614559038	110170	-0,159333175746208
110180	-0,090483211999877022	110180	-0,13820662398933517
110190	-0,094521614456923989	110190	-0,15157499214297132
110200	-0,075414503104680758	110200	-0,15072166932314968
110210	-0,10035911394485329	110210	-0,15026552532092186
110220	-0,10893547001777816	110220	-0,15061404335271703
110230	-0,090751732970279358	110230	-0,15535840598491124
110240	-0,086158083758625451	110240	-0,14266730655662016
110250	-0,0986675660579054	110250	-0,15122933855093612
110260	-0,090947209800731024	110260	-0,14826354652548573
110270	-0,089574748769739879	110270	-0,13165934494738724
110280	-0,089817891973643	110280	-0,13974989738036692
110290	-0,093240462701827356	110290	-0,14846276435054479
110300	-0,088740189424038121	110300	-0,1646919110649491
110310	-0,08712139128421445	110310	-0,14858121919958531
110320	-0,097584238161376777	110320	-0,14808698260402778
110330	-0,097806587943028184	110330	-0,15114966691472165
110340	-0,092124515132355131	110340	-0,14967366268350202
110350	-0,083277373917263114	110350	-0,15285314755161758
110360	-0,08908003963330699	110360	-0,1522364825151056
110370	-0,0944346241568352	110370	-0,14606440413246594
110380	-0,077864112724604584	110380	-0,15508137266008187
110390	-0,090244837896061969	110390	-0,15144391929480819
110400	-0,084345508361241814	110400	-0,149765675925607
110410	-0,082459457510522249	110410	-0,15642648248962957
110420	-0,088026141989291762	110420	-0,16066038752315853
110430	-0,090465310837571339	110430	-0,14626988938333296
110440	-0,085475336981526859	110440	-0,15210485976086849
110450	-0,070581211845146069	110450	-0,13462580302790603
110460	-0,090274051232718769	110460	-0,1465967568696562
110470	-0,097691680683668847	110470	-0,15733489459559175
110480	-0,073728012000420312	110480	-0,14683904096889672
110490	-0,094185927207477135	110490	-0,16164037757372216
110500	-0,0825143402459182	110500	-0,15821884293657329
110510	-0,09915928661066109	110510	-0,14652359617246247
110520	-0,077095452629809852	110520	-0,15247270573877703
110530	-0,08910369268315381	110530	-0,14506931201961898
110540	-0,096811726160410769	110540	-0,1502962869420687
110550	-0,088321161518958163	110550	-0,14517522008824207
110560	-0,094843299939913223	110560	-0,14819779820466766
110570	-0,091669204397942655	110570	-0,15769529381326916
110580	-0,090910769522323354	110580	-0,14380229528281438
110590	-0,073569933477304533	110590	-0,15792941001453986
110600	-0,10525106647891538	110600	-0,14277211794070469
110610	-0,084551968451461165	110610	-0,14124188348155645
110620	-0,084300926582891969	110620	-0,15930959421719679
110630	-0,094986518089493474	110630	-0,14842589039722584
110640	-0,095535280404546313	110640	-0,1604199172492389
110650	-0,0740295954570057	110650	-0,1431766584689127
110660	-0,082022261719382455	110660	-0,13057765679155242
110670	-0,097161175484850884	110670	-0,14371053901700553
110680	-0,097831275357680256	110680	-0,1555383612464756
110690	-0,0933409368113785	110690	-0,15153616918336413
110700	-0,10102635639147839	110700	-0,15259000427517766
110710	-0,083774134802592035	110710	-0,16140364766090251
110720	-0,08956227136293235	110720	-0,14630195395998918
110730	-0,07871461258685003	110730	-0,15331849564934869
110740	-0,089043317956125842	110740	-0,14703093184048791
110750	-0,0932425911628305	110750	-0,14774365420507377
110760	-0,0889375447751229	110760	-0,14724354857948707
110770	-0,082108921101047366	110770	-0,1411140897135241
110780	-0,080852206879281685	110780	-0,14617394495843467
110790	-0,092803307950358807	110790	-0,15212805128127838
110800	-0,10567190741078236	110800	-0,15486504203049875
110810	-0,075133279783701448	110810	-0,14520468995590241
110820	-0,0813968232297165	110820	-0,14183857691051272
110830	-0,093298733719855281	110830	-0,14824032056498832
110840	-0,0994819504859825	110840	-0,16433625471795638
110850	-0,084395840757847077	110850	-0,15652445911219787
110860	-0,088507713154869078	110860	-0,14121235860202483
110870	-0,09055647069171148	110870	-0,14682619831140167
110880	-0,091061228442267952	110880	-0,15409645487917173
110890	-0,089638438999573328	110890	-0,15977687833085544
110900	-0,090876526538060512	110900	-0,15297234825189582
110910	-0,077248117095064489	110910	-0,15143303262888694
110920	-0,0871772707074825	110920	-0,15849546042602547
110930	-0,085368024627486744	110930	-0,14446373939585122
110940	-0,090472968277074683	110940	-0,14283982989588429
110950	-0,098365761562734785	110950	-0,15862673373174543
110960	-0,088471706472600414	110960	-0,1410153506492926
110970	-0,0907820870069276	110970	-0,16306941892562105
110980	-0,086916171884396848	110980	-0,15605172495282885
110990	-0,087198573351109018	110990	-0,13957898800195398
111000	-0,085317174347586372	111000	-0,14842371588157141
111010	-0,081511736854992523	111010	-0,15037867226301291
111020	-0,073341326154085326	111020	-0,1432502043520939
111030	-0,050726553331106573	111030	-0,14892089470015971
111040	-0,041161188517669332	111040	-0,13345400951353162
111050	-0,015188683581872734	111050	-0,16521819193245368
111060	-0,0167492456852661	111060	-0,13874584897760064
111070	0,00521326228479596	111070	-0,15395567569775995
111080	-0,012695940758741836	111080	-0,15349730568753636
111090	-0,021505000456740385	111090	-0,14690563643307442
111100	-0,0096469619712053287	111100	-0,13798494281139392
111110	-0,0037878655946792031	111110	-0,15333173623685475
111120	-0,0052632106583220505	111120	-0,15124217939386753
111130	-0,0094848518918357813	111130	-0,15335767922362015
111140	0,011205855382479264	111140	-0,14137166987154229
111150	-0,01126866676508238	111150	-0,16324884179517774
111160	0,0030671380961597773	111160	-0,14451573647516161
111170	0,0019116312143714429	111170	-0,15170314530307261
111180	0,015178771113929394	111180	-0,14667629927706988
111190	-0,008442425702175807	111190	-0,14647563297765368
111200	-0,001495617825090261	111200	-0,14186880305862343
111210	0,009195914900575048	111210	-0,15334148256363622
111220	0,0037146780296562478	111220	-0,14427402975262244
111230	0,00050566404488032739	111230	-0,16237634383933972
111240	0,0031013093465031955	111240	-0,1460026460018056
111250	-0,0016788838400436594	111250	-0,1429096718895185
111260	0,014194921526328772	111260	-0,14061319850199738
111270	-0,012937880114823204	111270	-0,16090721519467868
111280	-0,012557658576070713	111280	-0,1606225216201855
111290	0,0035792273824874596	111290	-0,14804057433674647
111300	-0,0050597663644633391	111300	-0,1479981602745391
111310	0,0032048319177779079	111310	-0,1483606211423695
111320	0,00948234478811355	111320	-0,14699154216593233
111330	0,0015083257748484248	111330	-0,153660730603576
111340	-0,0090710459278711842	111340	-0,15343014701049729
111350	0,0056933016418768976	111350	-0,15550867179034467
111360	0,010046809909396711	111360	-0,15441248264399865
111370	-0,0011875048480180508	111370	-0,14824066575103079
111380	-0,004298210866503273	111380	-0,14828586354928183
111390	-0,0038189360954276512	111390	-0,15024632608005459
111400	0,0031172953157353749	111400	-0,14931456716930411
111410	-0,0044610548004144195	111410	-0,16314004972111781
111420	-0,00023149714043828686	111420	-0,15222331954621857
111430	-0,0019907667475431066	111430	-0,16096797056809642
111440	-0,012263254842739315	111440	-0,15229912312386906
111450	0,0096411560727063354	111450	-0,13836155716676238
111460	0,0012973907775473189	111460	-0,14438555909271381
111470	-0,0035586214789032305	111470	-0,14747323196453357
111480	-5,246065322318741E-05	111480	-0,16214342545817964
111490	0,0052037782405689815	111490	-0,14919876261772225
111500	-0,0055254991339819693	111500	-0,16834606363414589
111510	-0,0043640314868501158	111510	-0,15357315163347451
111520	-0,0045405839768719357	111520	-0,14959480356775673
111530	0,0023224428410270944	111530	-0,14614444643710103
111540	-0,0019789443709641126	111540	-0,15190283033663662
111550	0,011735031864529321	111550	-0,14065336315917712
111560	0,0045298469011723292	111560	-0,11356323696341675
111570	-0,0066217871208471947	111570	-0,11938517937653476
111580	-0,00092975744867629341	111580	-0,08866099528292791
111590	0,012781668285746648	111590	-0,060578459926651604
111600	-0,015408417670909778	111600	-0,055219276262464555
111610	-0,0088347632231226946	111610	-0,030371446780435445
111620	0,0056872818370611493	111620	-0,013132863586783774
111630	0,008070351365183	111630	-0,010412951049276812
111640	-0,00908868993544434	111640	-0,010948308832519153
111650	0,0059788774923769522	111650	-0,0016231693765480447
111660	-0,0055271271683849993	111660	-0,020209642785779684
111670	0,0095480164927193648	111670	-0,015281868001858084
111680	0,0060061305897542187	111680	-0,012344112262885176
111690	-0,0089221229369581	111690	0,001025952884947155
111700	0,0044071478245748816	111700	-0,0007633261489138211
111710	-0,0022023798672874558	111710	-0,002669303163802165
111720	-0,0081942780993258888	111720	-0,0052855265265867955
111730	-0,0048685190210958611	111730	-0,007605527345803594
111740	0,0038967578312621523	111740	0,012310830945656969
111750	0,0095879067618439024	111750	0,0031956518386636063
111760	-0,0016825419551195276	111760	0,0005434159635427689
111770	-0,0071572008714361948	111770	-0,017467738777498163
111780	3,9244254392115506E-05	111780	-0,00028940661002330729
111790	-0,0052630559846034517	111790	-0,00083689398913437034
111800	0,0046804086530962555	111800	-0,0057021700731393708
111810	0,011103803454852615	111810	0,0011239152328607186
111820	0,0039331470601705791	111820	0,0052055621731343068
111830	-0,0022010832970843454	111830	0,018746072121201364
111840	-0,00011139727720044298	111840	-0,003387595471099352
111850	0,0045834766212597029	111850	0,0072973525502699572
111860	-8,2819840264832873E-05	111860	-0,0045590857977654371
111870	-0,0073616995919571207	111870	0,0040086549400987119
111880	-0,011035739943399441	111880	0,003982218078668792
111890	-0,0097861314928641974	111890	-0,011806618023790067
111900	0,012203083590353216	111900	0,003570092640902218
111910	0,006117671713410335	111910	0,0044225518320642815
111920	-0,0054162468532188614	111920	0,0048716040507031724
111930	-0,0056847848362321218	111930	0,0044541116956373136
111940	0,01539728900008912	111940	0,0020589318343366128
111950	0,0018677798077605988	111950	0,0052459584479797854
111960	-0,0018737847699757811	111960	0,00411521754487702
111970	-0,010751474231385415	111970	-0,0087197614003186267
111980	-0,012415888697358622	111980	-0,0082205396675696825
111990	0,014324570079641974	111990	0,0071824824098195876
112000	0,0014876816107631562	112000	-0,0086244705565361336
112010	0,0066944061910028186	112010	0,0022013990878665284
112020	-0,0058899635980561166	112020	0,0045294741393701928
112030	-0,0083040853776797218	112030	-0,0077774070153859062
112040	0,010333383975665323	112040	0,0023122201341692866
112050	-0,0073107449120098904	112050	0,0053247326840208057
112060	-0,004581726741901034	112060	-0,0032463116857560374
112070	0,0063281780960872227	112070	0,0084165752657461828
112080	-0,0060515897875334963	112080	-0,0042567631868166865
112090	0,012628613407605523	112090	0,0060279394309162362
112100	-0,013002760111494437	112100	0,009185617174632725
112110	-0,0019373167433388136	112110	0,0065844855038339617
112120	-0,0028580283111820288	112120	0,008461747434390994
112130	0,010795827240773877	112130	-0,0056386948883939154
112140	0,0058962396110575641	112140	-0,0023315274292609548
112150	-0,00942056540460901	112150	-0,016071259151428371
112160	2,0689929194830662E-05	112160	-0,0055667968022028507
112170	-0,00793101988524059	112170	0,00041297956612538665
112180	-0,0032872342112629104	112180	0,00030941877264593529
112190	-0,0078646026481566742	112190	0,0036948781054498897
112200	-0,0042851141283880793	112200	0,012837723851326227
112210	0,010647641232098642	112210	-0,00956571141456467
112220	0,00091352144322927624	112220	-0,0042798295861632384
112230	0,0017725957386383459	112230	-0,00041134499224536873
112240	-0,00892366810421801	112240	0,007911447747543569
112250	0,0012988010136405009	112250	-0,0008322328297060837
112260	-0,0048180117831284662	112260	0,0038882847214190093
112270	0,003913918615262699	112270	-0,0074945916654269506
112280	-0,011262074329069149	112280	0,0084515486956936153
112290	-0,0029227427898812887	112290	0,011680805363434865
112300	-0,013839802049304274	112300	0,0005785367555721084
112310	0,0031377592982912918	112310	0,00705566747742438
112320	-0,0020976512481220718	112320	-0,010654542553064104
112330	-0,0076077649463076307	112330	-0,0040571397883867634
112340	0,0091464797812625467	112340	-0,01283508160906144
112350	-0,011308391585563868	112350	0,0053628546332301907
112360	-0,000468644956708572	112360	-0,0069376265232497982
112370	-0,018441051413340938	112370	0,0081429206836706909
112380	0,0021334440406041892	112380	0,020040944160573088
112390	0,0017078150794272574	112390	0,0063348653317603842
112400	0,00048145081714024714	112400	-0,0096592789764793335
112410	-0,0014250654689652222	112410	0,016713324499199569
112420	-0,0062029128238642248	112420	0,00080936733241614015
112430	-0,0034925854657744974	112430	-0,010736055862965631
112440	0,0056148104488465038	112440	-0,00317570045787341
112450	0,01037487475810525	112450	0,0015843977227633093
112460	-0,0039617622923353111	112460	0,0073173200070673688
112470	0,00089973302847674906	112470	-0,0032494844052069235
112480	-0,017717063868285313	112480	-0,00793454592740506
112490	-0,0044969654633669424	112490	0,0021695327232413796
112500	-0,0080359618076860373	112500	0,00020482064355901205
112510	0,010561241711446068	112510	-0,0030886476395810751
112520	-0,0071526468845480463	112520	-0,010745349775804422
112530	0,00486502447669403	112530	0,010585238067619072
112540	0,0071174996335052424	112540	-0,0003425240941143027
112550	-0,01363863741253361	112550	0,00079080035228742745
112560	0,0018490347713837187	112560	0,0042771019407496945
112570	0,009022362261012648	112570	-0,025802544686347597
112580	-0,0023581953756312544	112580	0,019063356668104207
112590	0,0013676651337606791	112590	0,012661506163488708
112600	-0,0065626411689271571	112600	0,0072751921925078974
112610	6,8311214012935883E-07	112610	-0,0039689589082729489
112620	-0,0014590011347882337	112620	-0,011189876837052897
112630	0,0043389980616674127	112630	-0,00796767714340653
112640	-0,0041264918519334842	112640	0,0014273275522292742
112650	-0,0089934026613418244	112650	0,0044821056829526295
112660	-0,0054111961787509013	112660	0,0043167672055232113
112670	0,00536234694249207	112670	0,0043318660362358652
112680	0,0033537459210116051	112680	-0,0016164412780699129
112690	0,025138619738702486	112690	-0,0054320673748134629
112700	-0,00052578850833002978	112700	0,0088699289352113624
112710	-0,0062509212656727446	112710	-0,0086120040167871389
112720	-0,0054052667985874893	112720	-0,00028855454778192497
112730	0,0006082694363053041	112730	0,0023949097995368007
112740	0,000847123605852506	112740	-0,0070814955243157941
112750	0,0045699488422244836	112750	0,0050951651049921613
112760	0,0037794355368724773	112760	0,011613192255556905
112770	-0,0025148966806065858	112770	-0,010094173187566233
112780	-0,007552032366344546	112780	-0,0049409145074910945
112790	-0,0052518159689899039	112790	0,00059886608161998907
112800	-0,0046589369202336885	112800	-0,00918190013253751
112810	0,0021561084399230627	112810	0,001721527782277122
112820	0,0054736798022392659	112820	0,0044125990010706962
112830	0,00090587888621180581	112830	-0,010873679984401544
112840	0,0018645689710097924	112840	0,0074367065601684823
112850	-0,0038366478107221122	112850	-0,015583769356639183
112860	0,00017958179698366055	112860	-0,0032182175427230785
112870	0,0080248893844820941	112870	0,0063005788145177166
112880	-0,000731274604972691	112880	-0,016669861704687716
112890	-0,025014048627421834	112890	-0,00092430242689520484
112900	0,01493879990462749	112900	0,0033239987192732693
112910	0,0050072954087685547	112910	0,0011631205696647196
112920	-0,014382600407569049	112920	0,0081511299050786752
112930	0,0092983199013185365	112930	-0,00716177229713889
112940	-0,0028281903160392711	112940	0,0035822925480406293
112950	0,0046872646770744668	112950	0,0083907938788601328
112960	0,0049370934113031955	112960	0,0051762278148102863
112970	0,0054800054410359192	112970	-0,0066619396787941029
112980	0,015073042455348344	112980	0,0035640000984058051
112990	0,0013267799953108805	112990	0,019988997740489595
113000	-0,0075576414554499732	113000	-0,0065419869739631441
113010	-0,0086532387318604253	113010	-0,0078553651480301762
113020	0,0050144521575616781	113020	-0,0091083884489591913
113030	0,00034218628376034087	113030	-0,013763907067108899
113040	0,0013212238912347178	113040	0,0070677353525890668
113050	0,0030641774045663374	113050	0,0068587432880621076
113060	0,0022005683230262867	113060	0,011575975607054347
113070	-0,010449809654476233	113070	-0,015794120367902474
113080	0,0087754884123092351	113080	-0,00074942138407181689
113090	-0,0035514786455248695	113090	-0,0031601879474494362
113100	-0,0038187018336553924	113100	0,00097273522086305231
113110	0,0041548611513648418	113110	6,3981891078450958E-05
113120	-0,00099214539041977035	113120	-0,0058481367555466776
113130	-0,00330386803780785	113130	0,0051327086834882943
113140	0,0042106241871697151	113140	0,00034941447722956168
113150	0,0031312476554539938	113150	0,0035728538102974407
113160	0,00596157706889075	113160	0,0017825027770638846
113170	-0,0060244653582067842	113170	0,0030963320887533773
113180	-0,00758185426567425	113180	-0,014411384455014773
113190	-0,013119602917294113	113190	0,0058870875461932513
113200	0,0069577422927533123	113200	-0,0017670691867181067
113210	-0,011450098484229497	113210	0,011499071301975352
113220	-0,0019051728649781712	113220	0,0022024736559140673
113230	0,00872719706816951	113230	0,0039328227107278636
113240	-0,003636036551006186	113240	-0,0014313079902537195
113250	0,0021022520367664833	113250	-0,002121011729157045
113260	0,018696773202621628	113260	-0,0033752370445414492
113270	-0,0070612574749551651	113270	-0,017206269474576104
113280	-0,0066269882098947321	113280	0,004320683745365172
113290	0,0037058390057003962	113290	0,0073459746376329542
113300	0,0016069561847538761	113300	-0,0040565923999238375
113310	0,0014159478591975379	113310	-0,0058711743283735712
113320	0,0023771289335089109	113320	-0,0061791997334471023
113330	0,0086686316459698015	113330	-0,00027054285213288316
113340	0,0075035723410991212	113340	0,0076746510258621833
113350	0,0014690299960241611	113350	-0,0032132818557697933
113360	-0,0091708442797872186	113360	0,0073835189168599416
113370	-0,0032435271699307066	113370	0,00086889989615969779
113380	0,0093577732236561958	113380	-0,0013830214063890877
113390	-0,0070103000626809782	113390	0,0053632720592647221
113400	-0,0049660150823716822	113400	-0,0061354523332469149
113410	0,0083726401485107876	113410	-0,0063994552853555552
113420	-0,011637922643888549	113420	0,012082195516686553
113430	-0,0020245662263502677	113430	-0,0016296970647134031
113440	-0,00050001303456478679	113440	-0,008752954722739327
113450	0,0021330396189623464	113450	0,001055401001781264
113460	0,0090764137657859973	113460	0,00072575598901307632
113470	0,00065461603652764138	113470	-0,00072929571768651832
113480	-0,0128306644127275	113480	0,0072970709504905275
113490	0,00635091660920182	113490	-0,00094084173082832037
113500	-0,012556988372369345	113500	-0,0037053197763770142
113510	0,0011204368459654362	113510	-0,02740049624603583
113520	-0,0077551657113152442	113520	0,0011390021953542177
113530	-0,01233087908879601	113530	-0,0039474378832329146
113540	-0,0015909019567894402	113540	-0,0019198739712999108
113550	-7,1827799918020428E-05	113550	-0,0096222538657825159
113560	-0,0031899734568339357	113560	-6,0148647904501E-05
113570	-0,021397098452739734	113570	0,0048192388894831347
113580	0,00402420764886769	113580	-0,0099089250876247623
113590	-0,009070798062245776	113590	0,0035402090211752325
113600	0,0052110569205293753	113600	-0,014484636581336178
113610	0,00087848404890443607	113610	0,002085084506205578
113620	0,0046257262993826612	113620	0,0056780612059132611
113630	0,0070994815026795884	113630	0,0038356234520704985
113640	-0,014326372918590253	113640	0,0067061326593470024
113650	0,0054958051480456706	113650	0,0031008291421966891
113660	0,0092452468211625515	113660	0,0029736397213184613
113670	-0,0033233405572439443	113670	-0,013552106001149264
113680	-0,0013456019727005714	113680	-0,00012432916494642109
113690	0,011131358716662454	113690	0,0092509383576593052
113700	0,0051161356057575335	113700	0,0090012319876160984
113710	-0,012922137879620181	113710	-0,010641410894490049
113720	0,0072004435384270026	113720	-0,012533032678629831
113730	0,007173134742200135	113730	0,018394398042853307
113740	0,0016350227854069251	113740	0,0028746191371755753
113750	-0,010886054017960979	113750	0,0072848202359020349
113760	0,00084764850974315686	113760	0,0040097426361800723
113770	0,00020901699639960404	113770	-0,00089569741208477081
113780	0,004469997025142094	113780	-0,0045476618327135541
113790	0,0026741644887057583	113790	-0,018167280683320557
113800	-0,010054022017484662	113800	-0,00019083566786462497
113810	0,017522794138906932	113810	0,011717362198176609
113820	-0,0056432862883386793	113820	0,00557482330304656
113830	-0,0028254175024168961	113830	0,0030316280186362078
113840	-0,007063511820039118	113840	-0,0079744163871770975
113850	0,004437384091081388	113850	0,0050209928662213856
113860	-0,0020600900011835785	113860	0,0044152659004592729
113870	0,010788556647126959	113870	0,0093105759751090835
113880	0,0017083975113521481	113880	-0,00097717001639170968
113890	-0,0099732348350714244	113890	-0,0041365614360195525
113900	-0,0013518142449232507	113900	0,0039032238104633639
113910	-0,0027250073538387484	113910	0,0067566886433907724
113920	0,0046158537619330016	113920	-0,0035272689577985029
113930	0,010728495765081272	113930	-0,0016790336348310431
113940	-0,0080227801001527335	113940	0,00493969242239165
113950	-0,0034638463510387068	113950	0,0046438642993510588
113960	0,0007042404244968878	113960	0,014781494635552601
113970	0,0070500238598274053	113970	-0,003573499054064054
113980	0,0067011554830756466	113980	-0,0096115284163532863
113990	-0,00997869280793954	113990	-0,00037982980557903722
114000	0,0051268161559059429	114000	-0,0022254618153145622
114010	-0,0023384489996324397	114010	0,013255786259517226
114020	0,0014301163365104386	114020	0,007296024356115584
114030	-0,0023248407496560914	114030	-0,0072176360942496172
114040	0,0018867996820370035	114040	-0,0085501290670233279
114050	-0,0021687914078904976	114050	-0,0050195574574021622
114060	-0,0012002229936428958	114060	0,0082704740838097819
114070	-0,0044383059027089259	114070	0,0011915298708680467
114080	-0,00047005372209596918	114080	-0,011222837661581954
114090	0,0066951848195390233	114090	-0,0041308044152081943
114100	-0,008321367565899726	114100	-0,0081001022212251073
114110	0,0058550132030428768	114110	0,014566904073986911
114120	0,007173745841578455	114120	0,0022936872642015291
114130	-0,0046462006613982526	114130	0,002167957208830762
114140	0,0091652122318838115	114140	0,0060173873693935712
114150	-0,008657703994036153	114150	-0,0077226255197389475
114160	-0,0042716983126504012	114160	-0,002405713077279143
114170	0,0114554595294099	114170	-0,0030624801778292477
114180	-0,0012403960583543729	114180	-0,0033473197384041808
114190	-0,0044234522027821145	114190	-0,0086698000009569273
114200	0,00024527307331648977	114200	-0,015361869430235228
114210	-0,0031066103079720434	114210	0,012969185273261482
114220	0,011511707165371777	114220	0,0096716771764211677
114230	-0,0071175604646853885	114230	0,010157269366406927
114240	0,0014731447917311158	114240	-0,013932464230139026
114250	0,0014686009445819491	114250	-0,0061780419717510976
114260	0,00584473485503134	114260	-0,0035955016141893071
114270	0,0039426679797483289	114270	0,0048996296133070223
114280	-0,0044147046028052217	114280	0,0020268001066152757
114290	-0,0046583371104943093	114290	-0,0078902640195640025
114300	-0,0020572003973397877	114300	0,020217363203628793
114310	-0,010583000433559886	114310	0,0039304633381908411
114320	-0,0071386175370113528	114320	-0,0018445420275114241
114330	-0,0051339655944852534	114330	-0,00829210867723034
114340	0,0083154658271563167	114340	0,0029768189710426404
114350	-0,0011532710559633676	114350	0,00845019769008344
114360	-0,00065374417059428224	114360	-0,0022409542830916025
114370	-0,0032519240018400262	114370	-0,012916142520834643
114380	-0,008044388728417496	114380	0,011070647161399237
114390	-0,00046608543686179764	114390	0,0048808316002331292
114400	0,0080170286652232713	114400	-0,02376579053780286
114410	0,0070857935915825069	114410	0,011223590531512912
114420	0,002599288866031732	114420	0,0049026234531219992
114430	-0,0013089280607268955	114430	-0,0051918211407274645
114440	0,012379388476063855	114440	-0,0076405252682397113
114450	0,0076266455970802728	114450	0,0058205456378741848
114460	0,0043219032362750822	114460	-0,0016268233584015317
114470	-0,0025905432330275658	114470	0,0042143539760850779
114480	-0,0011799465613047963	114480	0,0050620273001578345
114490	-0,0042316794203650469	114490	0,015197208497621002
114500	-0,0017004115248763962	114500	-0,00066790660923245909
114510	0,0029352058001202797	114510	0,0078348997773327565
114520	-0,0017905559888676049	114520	0,0023668579774996567
114530	-0,0042162442465220433	114530	-0,0036645497208663471
114540	0,001758868993832646	114540	0,0042110614371717939
114550	-0,0058627587723953925	114550	-0,0099995848861161359
114560	0,011056253426954425	114560	-0,014750728113810528
114570	-0,0054727243317919958	114570	-0,0028137714234208384
114580	0,0049243881772249882	114580	0,0066229895026550245
114590	0,0019107854218247205	114590	0,001351925086407173
114600	-0,0077313635554617432	114600	0,00028974498054247055
114610	0,00165303674120471	114610	-0,0028423375757633236
114620	0,0062315950143643122	114620	-0,0011754111705757049
114630	0,0012213393007733751	114630	0,0037780265096381688
114640	-0,0061323593296655965	114640	0,0050399068802938511
114650	-0,0037934464382679343	114650	0,016282771778972263
114660	0,010738097796150337	114660	-0,010232948754021738
114670	-0,013560579810016665	114670	-0,001493697346269299
114680	-0,0035860324507765522	114680	-0,02125700019071811
114690	-0,0017285765176982704	114690	0,015551334980159015
114700	-0,00530403670802229	114700	-0,014276296453332364
114710	-0,0031761543214640676	114710	0,0074770504781670214
114720	0,0035139663693382604	114720	0,0066144247721519923
114730	-0,00199980145311985	114730	-0,00099546639278080373
114740	0,0085918892661072718	114740	0,015064561754261546
114750	-0,015253402816183309	114750	-0,00067021867926648126
114760	0,0016330791286723692	114760	0,015077802224979509
114770	0,014013497199359815	114770	0,0027856179886814182
114780	0,00912494897193915	114780	-0,0033946116062075829
114790	-0,01165460415249688	114790	-0,0074228599923956348
114800	0,006699709015802054	114800	0,011109085050595415
114810	-0,0057886252457095954	114810	0,0056817513999751811
114820	-0,010463095771330469	114820	-0,012835480610122883
114830	0,0034936555027195951	114830	0,0076180184969792033
114840	-0,0002626603348868908	114840	-0,0053333272620617132
114850	0,016108840721124135	114850	-0,0069298083395883019
114860	-0,0033390658791159354	114860	-0,00728628238156653
114870	0,0047004742833241606	114870	-0,002409169790941319
114880	0,0010435576196890126	114880	0,0070936369552509846
114890	-0,00089555335893096492	114890	-0,0079086155206480081
114900	-0,005186568748937275	114900	-0,0081515538141338668
114910	-0,0094469917049174543	114910	-0,0020082552055974471
114920	0,00284344865717721	114920	-0,0059378605365126144
114930	0,0053582426955917925	114930	-0,0011142056396443302
114940	0,0031721689463076138	114940	0,0013850188629148811
114950	-0,00063511760737166982	114950	-0,0046427098014613808
114960	0,018624181536605954	114960	0,0076802220997212621
114970	-0,002410870474517832	114970	0,00075278709667139928
114980	0,0031150877755707	114980	0,0049892023258463845
114990	-0,0012465318079476291	114990	0,018841288852161974
115000	0,00497865891024395	115000	0,0036147379487608648
115010	-0,00020221490564408876	115010	-0,006480976110115385
115020	0,0051732177154442437	115020	-0,0079869378048743368
115030	-0,00834200304788772	115030	0,0071913283564180421
115040	0,0029239586521787432	115040	-0,011570007480906967
115050	0,0090529365395495814	115050	-0,0058003704789725543
115060	-0,005196580413418272	115060	-0,001444763752142336
115070	0,0034067531806418884	115070	0,0054579989755595137
115080	0,0057505795830734936	115080	0,010750017065295825
115090	0,0054618410584765078	115090	-0,0052297484886571185
115100	0,0039043091292717156	115100	0,011816137844260582
115110	-0,003203510162207907	115110	-0,0099610677188465609
115120	-0,0080646621010797021	115120	-0,010759520088424839
115130	-0,0093659635899962287	115130	0,0128215593782595
115140	-0,00060529152845629325	115140	-0,011531083651506794
115150	0,00024456557735589224	115150	0,0022001434116134724
115160	-0,0040923195157574546	115160	0,0084823625313427565
115170	0,0034939502539568334	115170	0,0058515509060387428
115180	0,0013454859207309503	115180	0,0010870150215403767
115190	-0,0054185604197769044	115190	0,00071678603106997555
115200	-0,0035627506383395157	115200	0,0060080126454205192
115210	-0,0047038760575516892	115210	-0,0058018178795930112
115220	0,0061296582946544706	115220	0,012715566272097698
115230	-0,0014141946850648286	115230	-0,0083798992579118079
115240	-0,0018379980266321953	115240	-0,0042617649086963425
115250	0,0070074565727503034	115250	0,0046715186748446267
115260	-0,0046774857023081425	115260	0,0046145493690150138
115270	0,0018560000146350707	115270	-0,0091000543958585263
115280	-0,011932931356840083	115280	-0,018728255900072353
115290	0,0089915935398198858	115290	0,0032666638358755627
115300	-0,0022402539369516345	115300	0,0052951044862419956
115310	0,0041753563424238253	115310	0,0053348010141442987
115320	0,011435034289879477	115320	0,00090303688107299827
115330	0,00064939536750129024	115330	-0,01264814202150116
115340	0,0018289317776992058	115340	-0,0075887486472287543
115350	0,00013604864332604776	115350	0,0076482840915333772
115360	-0,010780857685125656	115360	-0,015905867608688919
115370	-0,0020041920653248381	115370	0,01687399806142293
115380	0,0079577601213408171	115380	-0,010787741957051929
115390	-0,000835875845891617	115390	0,0013596392266558618
115400	0,012030176169431311	115400	0,0066533010082609027
115410	0,0061203150368017217	115410	0,0076957756447302407
115420	-0,0028907738746565682	115420	0,0020203085488379037
115430	0,0071431613809152415	115430	0,0080499166802068759
115440	0,00098106300296303	115440	0,019166478581809376
115450	-0,0023907928332717954	115450	0,012537716136811029
115460	-0,018566631609011876	115460	-0,0030495182355982065
115470	0,0039759962460547546	115470	-0,0056433528154853268
115480	-0,0062753004125323756	115480	-0,00012184878648769217
115490	0,005580402853859614	115490	0,0085698529514814763
115500	0,0034419745215112907	115500	0,0017347543540417972
115510	-0,0046230585729520228	115510	0,00892518658057041
115520	-0,0054516186067660221	115520	-0,0076432420630832155
115530	-0,012291584483590398	115530	-0,0053871683079365351
115540	-0,0052195440101198073	115540	0,0014198162220253597
115550	0,005230959514891804	115550	-0,00014599479753010265
115560	0,0076017829608499747	115560	0,016471815562586978
115570	-0,010254753676880227	115570	0,002947708895798702
115580	-0,0052536812694131668	115580	0,0025102928641660646
115590	-0,0069740246516283048	115590	0,01385683221979387
115600	-0,00056523384777006514	115600	-0,003612684512949273
115610	0,0054844199632201824	115610	0,0032291156524908069
115620	-0,0073804502801300487	115620	-0,016877243573312137
115630	-0,0043705915369980928	115630	0,0050315215183012619
115640	0,0022244899586308657	115640	0,0030392270228617418
115650	0,0090389576410574261	115650	0,0060482191898749973
115660	-0,00064424691612550457	115660	0,00944703840282503
115670	0,0065086312787570252	115670	-0,0026244855403188237
115680	-0,0062567493148571992	115680	-0,00087882676568823025
115690	0,0015936375616558325	115690	0,012037025423250948
115700	0,0020649932658952396	115700	-0,011257670995897712
115710	-0,0077492216891368107	115710	0,0012584472518625926
115720	-0,0080907495331186373	115720	-0,010804270513070917
115730	0,0017503342026710716	115730	-0,0035903774124669561
115740	0,021159462719425492	115740	0,00514741417072729
115750	0,00018760676422721441	115750	-0,0080130750334728666
115760	-0,0043560746156509943	115760	-0,011382035648675109
115770	0,0019127638598903831	115770	0,0032449509411813485
115780	-0,00072645310987209087	115780	-0,0083281233460368136
115790	-0,0096174777344892222	115790	0,0091316542722825189
115800	-0,0051595162792398381	115800	0,0009367742530692005
115810	-0,0021133280768886433	115810	0,0031277984579792936
115820	-0,00056844089851339349	115820	-0,0048307049197589633
115830	0,00025626559602523518	115830	-0,0013272873903678046
115840	0,0027703803164458815	115840	-0,0080567837281334664
115850	0,0054506756378679636	115850	-0,0072831675718490006
115860	0,0078754098039125042	115860	-0,00049801179944786742
115870	-0,013699333688854029	115870	-0,0080971653085728165
115880	-0,0055438032311756064	115880	-0,0024601430026995248
115890	0,00747773350170887	115890	0,0112323652705028
115900	0,0065576237235263433	115900	-0,005570328023421469
115910	0,0077845971896869882	115910	0,0054604112247987726
115920	-0,006894894655444973	115920	0,00037062522599320589
115930	-0,010613996725487868	115930	0,01159777086453804
115940	-0,0022973625511107012	115940	-0,00048845961089217388
115950	-0,00044097478289998032	115950	0,0055863536024778676
115960	0,00878171525655036	115960	-0,000530464102269353
115970	0,0047715245964958025	115970	0,0057695636502393928
115980	0,0080793628156061188	115980	0,0032170966707102391
115990	0,0069374632461511512	115990	-0,0082459788636411162
116000	-0,00047323522626301328	116000	-0,0057170971820994527
116010	0,0037214087794718302	116010	-0,00810935966689018
116020	-0,003954070406371718	116020	-7,5100416133972681E-05
116030	0,0017657075700007227	116030	0,0018519193665171292
116040	0,017249859498772363	116040	0,014864632309001943
116050	-0,011576815292659859	116050	0,063947441372710689
116060	-0,0014026664356143253	116060	0,12566485412275655
116070	0,011997863997163063	116070	0,19547366037643604
116080	0,01960930425804119	116080	0,26779850136848227
116090	0,010998789982485427	116090	0,33958337614544265
116100	0,019736760374577295	116100	0,39423289033214814
116110	0,016413924446841439	116110	0,45897757143594059
116120	0,02395444930452675	116120	0,42832312244796167
116130	0,036749939484087828	116130	0,36112617343155073
116140	0,086312235627287487	116140	0,2714177712945563
116150	0,010044237226418411	116150	0,32793697591889154
116160	0,01783408526751341	116160	0,15615101582110008
116170	0,0026046663325978632	116170	0,00557823628523328
116180	-0,056879102282545758	116180	0,2100617880917719
116190	0,043119975206345536	116190	-0,15958154075930298
116200	-0,025327802201980047	116200	-0,39898501124592683
116210	-0,061992961259352351	116210	-0,58474646876934666
116220	-0,032853313748513642	116220	-0,47296236540194209
116230	-0,050732563769970533	116230	-0,13848171474050752
116240	0,1377233336652422	116240	-0,58517426920094917
116250	-0,15226742672968271	116250	-0,47261577307024938
116260	0,0996770255094294	116260	-0,572425851317796
116270	-0,074936097196177789	116270	-0,12217298237512862
116280	0,16401395241400096	116280	-0,58044949984508609
116290	-0,047414346010465062	116290	-0,48525001615519114
116300	-0,012762886738685173	116300	-0,541321726582814
116310	-0,027666559710681996	116310	-0,26786605390696178
116320	-0,068017437320874008	116320	-0,15633169834155219
116330	0,026126412652429386	116330	-0,4172032463438427
116340	-0,0067153708121055235	116340	-0,453249652314923
116350	-0,0901055777926687	116350	-0,42627186135276418
116360	-0,020485209777535211	116360	-0,38260621023385705
116370	-0,0099567747298359415	116370	-0,2682737092289631
116380	0,011846082508944963	116380	-0,10943602384121183
116390	0,026034097755394173	116390	0,059014833088111868
116400	0,062514255229662	116400	0,20432420487825809
116410	0,028702934946129483	116410	0,29335035892660205
116420	0,037856524068526319	116420	0,33320766169932703
116430	0,0023499796493351597	116430	0,35194103183516873
116440	0,00015965113242944002	116440	0,35904634142318276
116450	-0,019773847091158168	116450	0,3538764669666527
116460	-0,0222690195482017	116460	0,36500685538021727
116470	-0,02188689971538901	116470	0,34286677802130172
116480	-0,014114398661294804	116480	0,30293067350663805
116490	-0,012705938976820829	116490	0,25283217937168806
116500	-0,0058764500921678437	116500	0,19637465522969838
116510	0,022081222591354217	116510	0,14486952656232535
116520	0,015280317472668557	116520	0,10595948942241658
116530	0,0015797741271784082	116530	0,055623850057429092
116540	0,027602564046610753	116540	0,0448173994297815
116550	0,015759876309439029	116550	0,017854057072014696
116560	-0,0033202046059867445	116560	0,032728661813833271
116570	-0,016033579951313808	116570	0,022663253719693549
116580	-0,0039563688654458392	116580	0,037674693809123978
116590	-0,00670375197711598	116590	0,03492967317706492
116600	0,00086571069509655877	116600	0,028792728814242597
116610	-0,0070847174354953966	116610	0,022422533099176859
116620	0,0077539670690644933	116620	0,024562469758225926
116630	-0,005934409929635418	116630	-0,0016157688099975665
116640	-0,012300212291745497	116640	0,01578606156088198
116650	-0,005162595656263775	116650	-0,0011790356213797139
116660	0,014103546417385851	116660	0,0087641510223135533
116670	-0,010713940656906916	116670	0,014150533069112932
116680	-0,003431706530024082	116680	0,0024444419935682965
116690	-0,0027863879710167071	116690	-0,0021583295219909614
116700	-9,20707757951356E-05	116700	0,0064004572086084621
116710	0,0025353624330369429	116710	0,0049853846349772182
116720	-0,0039623340346089456	116720	0,011686540549657089
116730	-0,002624197711404866	116730	0,0071660051063166617
116740	0,013094150618084515	116740	0,0087346610847081011
116750	-0,007797317295223434	116750	-0,0066484266130137585
116760	0,014799254551231008	116760	0,0012609868664379938
116770	-0,010254753151837095	116770	-0,00060923025923830931
116780	-0,013877862672104476	116780	-0,0023888914952569446
116790	0,015506551187322174	116790	-0,0013151462084439326
116800	0,0061516348660116153	116800	-0,0099015162437304741
116810	-0,00718692207258804	116810	0,0022344561136972314
116820	-0,017144904273169396	116820	-0,003320918243757129
116830	0,0060975009124473664	116830	0,0076112254722809731
116840	0,0079704763471022226	116840	0,0047620895296574253
116850	7,745773933877808E-05	116850	-0,003029796683467703
116860	0,0019268327853712917	116860	0,0044976798279728336
116870	0,0070120610571144928	116870	-0,0058527046509259176
116880	-0,0058743461566912146	116880	0,01314209482498385
116890	-0,01013015490713139	116890	-0,0011682577338816042
116900	-0,008783957369009894	116900	-0,0039798972479462204
116910	-0,0083568645508025931	116910	0,0033794102274820222
116920	-0,0048918684317946657	116920	0,0080076545659786887
116930	0,010171239020509917	116930	0,0136865121645756
116940	-0,0028545364139884867	116940	0,0054244175774457526
116950	0,016250261152287639	116950	-0,0043907486401818805
116960	-0,0093658955099540971	116960	0,00860954935090339
116970	0,0011748196689794074	116970	-0,013541804836328719
116980	-0,0065588437319095182	116980	-0,0015519344978338306
116990	0,0040532214307510157	116990	-0,0014657385969450909
117000	-0,000521172389230525	117000	-0,0050208273338541182
117010	0,0014480075436358968	117010	0,0043438999701394983
117020	0,0016674270883476712	117020	-0,00467485112614648
117030	0,00478165412562687	117030	0,0096919361979128423
117040	-0,013386607920492741	117040	-0,019135425809992241
117050	0,0087378003396300155	117050	-0,011258936749540462
117060	-0,0045515141285093269	117060	-0,0026449365009258456
117070	-0,0038586249745498468	117070	-0,017994333647892158
117080	-0,0065077263953011348	117080	-0,0088822700616217887
117090	0,0025232179298394467	117090	-0,00017266363455620455
117100	-0,0027489694614180218	117100	-0,0012837227644348455
117110	-0,0023371250445614069	117110	0,0026845676762934862
117120	0,0025237746015429907	117120	-0,00047849326843487641
117130	-0,0032428811906842917	117130	0,00139746996130261
117140	-0,012785042845047624	117140	-0,0037280758350050156
117150	0,0055428742968518987	117150	0,0026497384932541355
117160	0,00050739457662001962	117160	-0,00871448275588215
117170	-0,0092669801817915551	117170	0,014953508715647178
117180	0,012407743086570852	117180	0,0023709295757221257
117190	0,0050071729832065178	117190	-0,010260572741898731
117200	-0,0058141403158831831	117200	0,0058416968396929961
117210	0,00088127118050168769	117210	0,00025934813667357872
117220	-0,012202036895660236	117220	-0,00048610831307821029
117230	-0,0066822681374245378	117230	0,0069796245883309476
117240	0,0055158766952083183	117240	-0,0062565968580700028
117250	0,0027476867787088188	117250	-0,00024505683752810829
117260	-0,0025323229210173276	117260	0,0022505837066255836
117270	0,0041429767923085682	117270	-0,0031798127880211372
117280	-0,014584231503796192	117280	-0,0014014515573393968
117290	0,0045800984257799065	117290	0,015751062441227179
117300	0,01289842748676189	117300	-0,0010159385916594728
117310	0,0022508455681941085	117310	-0,010988361337292718
117320	0,0071952324133520654	117320	-0,00092942575520836752
117330	0,0020637035899845509	117330	-0,0020724646907071841
117340	-0,016442528845901236	117340	0,0057003699011402712
117350	0,0073108061130150725	117350	0,004136012390996196
117360	-0,0059164591205282686	117360	-0,0048585273776514584
117370	-0,00560514777917008	117370	0,0033890815253600636
117380	-0,00468908472882893	117380	0,014632249967604994
117390	-0,021822498010382361	117390	0,0023639772121618581
117400	0,015190871432129641	117400	-0,00033207974872380614
117410	-0,0057424720516126918	117410	-0,0056610283308232779
117420	-0,0062032311869176585	117420	-0,0047323641462704569
117430	0,004030744789759011	117430	-0,0080041831323859336
117440	-0,010611249841255763	117440	0,0010881627872158714
117450	0,00936234544517562	117450	0,0063038224612885253
117460	0,014096003073009438	117460	-0,010536691557949819
117470	-0,0021055066715699603	117470	0,0081287113056230376
117480	0,00478645767474854	117480	-0,0067193240627993825
117490	-0,010010523833153366	117490	-0,014667794423112106
117500	0,0089449449298297321	117500	-0,0075183383846271308
117510	-0,0066725807662319121	117510	-0,0012514839831423979
117520	0,0033533747252476914	117520	0,016773103525113981
117530	-0,0028073395680484497	117530	0,0072604723537066686
117540	-0,014275429587891844	117540	0,00790732052555911
117550	-0,0038249819972652429	117550	-0,006566000712959142
117560	0,011434494743826167	117560	0,0031321489753845426
117570	0,001355448716433588	117570	-0,01755647510068618
117580	0,0047272722444085665	117580	-0,0010135519068755763
117590	-0,0070162413819190843	117590	-0,010378028554170297
117600	0,0018435664619151329	117600	-0,00046113527271983955
117610	0,0045648362507028258	117610	0,0017528435709072057
117620	-0,0064480158603372048	117620	-0,00018271227171445331
117630	-0,015762506501665618	117630	-0,0156724449670837
117640	0,01397346406274497	117640	0,00736385974067456
117650	0,0028787047352796026	117650	-0,0022906619025386565
117660	-0,014281992307119011	117660	0,011436077457747903
117670	-0,006620895280740613	117670	0,0068131064708983795
117680	0,010539724790195874	117680	0,0058060347393530934
117690	-0,0099693586397730585	117690	0,014650606152636242
117700	0,023338896425820054	117700	0,0047026888875815725
117710	-0,00098221394313614211	117710	0,0036033426542564297
117720	-0,008848102470373766	117720	-0,0087798774404529833
117730	-0,00709955901572997	117730	-0,0027168700949224463
117740	-0,000534150913046185	117740	0,0013644547714675315
117750	0,023406174289162168	117750	-0,0019817908556446426
117760	-0,020485331941974303	117760	-0,011612365309361435
117770	-0,0074691046131870279	117770	-0,0018790099112001497
117780	-0,0080905825710215779	117780	0,0069002652417401627
117790	0,0015643838322448103	117790	-0,0029745166605763631
117800	0,0033202760614503704	117800	-0,00524348826997046
117810	0,0086364879537871239	117810	-0,01433880393028931
117820	0,0026782183006830271	117820	0,000667977624997752
117830	-0,0020709675273646059	117830	0,0082792446073447819
117840	-0,0032260101314187791	117840	-0,009646404683610884
117850	-0,0033879017202270343	117850	0,004264066463761376
117860	0,0029490044122064251	117860	-0,0015777478353113167
117870	0,0012679456768823836	117870	0,0084027805659205226
117880	-0,0053390136296518368	117880	-0,005988187223168781
117890	0,0072398470211133478	117890	0,0049075362805440651
117900	-0,0046354799957916554	117900	-0,00056810013932898616
117910	-0,0066256514249900525	117910	-0,0090074348815973211
117920	-0,0047664886415275257	117920	-0,00082231881474454619
117930	0,015486784097403245	117930	-0,0005226959024051145
117940	-0,00608682636555487	117940	0,010628257485570792
117950	-0,0038686474468485874	117950	-0,013290524422729258
117960	-0,00076591075796184353	117960	0,00024726693330932316
117970	-0,0089765130832691158	117970	-0,0049099003119177226
117980	-0,008316455111738931	117980	-0,005043203083754777
117990	0,014655903801375781	117990	0,0050906448502068095
118000	-0,0045789150791455168	118000	0,00539723901889084
118010	0,0066325520923496946	118010	0,004748688464389323
118020	-0,00038760288702670325	118020	-0,0021039069439828966
118030	0,0081470911703681557	118030	0,00251864451868199
118040	0,0018231626793458291	118040	-0,0087216423365490021
118050	0,019109273336711377	118050	0,0019667076776067596
118060	-0,0027977608752011011	118060	-0,0010422420551994271
118070	-0,0033255110226427706	118070	0,0017321515004835076
118080	-0,0026691565459524939	118080	-0,0031963716847600221
118090	-0,0061701377512664995	118090	0,0032111904411684755
118100	-0,0094577946584298144	118100	-0,007039410642482
118110	-0,0012892512275933031	118110	0,0024450288155821523
118120	0,0055005437220010276	118120	0,0055547710572070438
118130	-0,00013924621181081494	118130	-0,0013868427019477008
118140	-0,0074839952492724753	118140	0,00249320025668104
118150	-0,00047877106355882684	118150	-0,0080892657370230832
118160	0,0010289582718100909	118160	-0,0060873964257659617
118170	-0,011131204248248849	118170	0,0013437815373378917
118180	0,0070528522863122787	118180	-0,0010058995595851733
118190	-0,011936088150583947	118190	0,012561335476681677
118200	-0,0002231131609263992	118200	0,0073347492482911808
118210	-0,0097184697343499771	118210	0,0089374604606967268
118220	6,1772313237773072E-05	118220	0,010245096225893516
118230	0,013793418174462139	118230	-0,0069887897633885377
118240	0,0010092995867460198	118240	-0,0020332121652228458
118250	-0,0031499210277532814	118250	-0,0040614884711584363
118260	0,018104044452217163	118260	0,0054396705258899286
118270	0,00093835977724307941	118270	-0,0037992697481597057
118280	9,1821517970486761E-05	118280	-0,0022674247978588555
118290	0,015202382040834222	118290	0,002914496933125127
118300	0,0068563046048086924	118300	0,0035142407966101703
118310	0,005858112193036673	118310	0,010504516391109565
118320	-0,012073677047786535	118320	-0,0057483382257400894
118330	-0,010925656877611396	118330	0,002877061328012001
118340	0,010416592968360975	118340	0,00386117864483809
118350	-0,0091233035488482474	118350	-0,00505669516148116
118360	-0,0021625068104276358	118360	0,012464313782222293
118370	0,0036922999683627359	118370	-0,0080129462807692429
118380	0,0039519744576375655	118380	-0,013759975480392782
118390	0,0053867569865386957	118390	0,01537777537807586
118400	0,010896474831343522	118400	-0,0089319193163737137
118410	-0,013900208722773881	118410	-0,0062371493747235647
118420	-0,0051215392933242265	118420	0,005288018377797318
118430	-0,015521496277511832	118430	-0,0045078945371469963
118440	0,00044112300321740087	118440	-0,0089094359464787151
118450	0,0010391005844286002	118450	-0,0038350924691511407
118460	-0,0013668170905832239	118460	-0,0052470047539279049
118470	0,010335462953205706	118470	-0,0061812429684929265
118480	-0,0028853856568937858	118480	0,0035241327067916132
118490	0,0016250961053101757	118490	0,0040339469471503183
118500	0,0054216483418294019	118500	0,0027036399259372794
118510	-0,017880024012272889	118510	0,0046847597884090517
118520	0,0040577254639997933	118520	0,0015357977088132848
118530	0,011266629757623893	118530	0,0014202596654016594
118540	-0,011683941322495998	118540	-0,004262656853220117
118550	0,0073411295789683776	118550	-0,0030614670102356951
118560	-0,015561820000842613	118560	-0,0052264299445685
118570	-0,0033446180779457585	118570	0,0079200077395245316
118580	0,0027669200849556445	118580	-0,018542435902686831
118590	-0,017686202132286645	118590	0,0050572876558040826
118600	0,0065969593909645944	118600	0,0065738760148901067
118610	0,0002197209897708624	118610	0,014857730475666586
118620	-0,0066182099968131	118620	-0,012861311923757396
118630	0,0019083252995345534	118630	-0,00075785497044761146
118640	0,0012383310594649135	118640	0,0021939079364199786
118650	0,001872573500213209	118650	0,00079936444894192573
118660	-0,016323728111076127	118660	0,007622398669030808
118670	0,0072929133055909135	118670	0,014947959202301837
118680	0,0027639184921950158	118680	0,010243672031357511
118690	-0,0054436096274595464	118690	-0,016130108334559311
118700	0,0068653443165611694	118700	0,0010489776315345221
118710	-0,000524106649205179	118710	0,0053209446479972619
118720	0,0014592064777811083	118720	0,0061985739434252344
118730	0,0010135763144289206	118730	0,0028220211283834884
118740	0,008731971180761619	118740	0,010938903628956328
118750	0,0023435501634857655	118750	-0,0090723521082172777
118760	0,0049374121436173823	118760	0,00053179718434978064
118770	0,0079283577321479712	118770	-0,0020210331486460974
118780	0,017224108425948948	118780	0,0079615694809637254
118790	-0,0075735949567172509	118790	-0,0074575519552798133
118800	-0,0088310841492818988	118800	0,010198982451433558
118810	-0,01961434630281628	118810	-0,0014318223665580445
118820	-0,0040687353526799369	118820	-0,0077993458544088345
118830	0,012068528292718261	118830	0,012421939059699415
118840	-0,0041887134702964417	118840	-0,0081892236832424373
118850	0,0064404517477537884	118850	-0,01809847685804156
118860	-0,0042008221424871105	118860	-0,0015038036363951197
118870	0,01027038236421429	118870	0,013971467592582136
118880	-0,0072233094740721312	118880	-0,000566868287982385
118890	-0,0084436912082941334	118890	-0,0092583535225000679
118900	0,017244863008567295	118900	0,010032131117053826
118910	-0,010874602897428689	118910	0,0042803663741964853
118920	-0,0022996748821685386	118920	0,00589723286867855
118930	-0,0030295213188996236	118930	-0,0085119640699356253
118940	-0,019957271574170883	118940	0,00051086435222262778
118950	0,00099054340263020129	118950	0,0051068938777112756
118960	-0,0038990225544414817	118960	0,013220076672391402
118970	-0,0028842366430892269	118970	0,0053486916254539265
118980	0,010455519566168005	118980	-0,0015681887420233485
118990	-0,002367828678367349	118990	-0,013261158090880786
119000	0,004659882077603838	119000	-0,0024366097637328154
119010	-0,002051220834979473	119010	0,00572594082691213
119020	-0,0015408660477223592	119020	0,0069117144324263424
119030	0,010985649882095775	119030	0,00028342465811102358
119040	-0,000859554780014718	119040	0,012195966670161483
119050	0,0021420578026918624	119050	-0,0084933295074114262
119060	0,0035583864925672368	119060	-0,0096562449946742766
119070	-0,010332321818148336	119070	-0,0019918979560947818
119080	0,0037148497088808729	119080	-0,013196118132260229
119090	-0,00086999993710922929	119090	-0,0010403672607714638
119100	-0,0074849867921126618	119100	-0,004522410565010463
119110	-0,013086567274601431	119110	0,00072167438811019942
119120	-0,013396138583017674	119120	0,0066864268574365884
119130	-0,017316432472075705	119130	-0,00924345742760058
119140	-0,00045837950156999959	119140	0,00017861509020325345
119150	0,0054413882685408867	119150	0,0083087751795117865
119160	-0,019853196086620613	119160	-0,004556668458557591
119170	0,0068103536765830109	119170	-0,011168121844764622
119180	0,0043973837007688947	119180	0,0049470250573209838
119190	-0,0126265469746793	119190	-0,0035536751863842835
119200	-0,0046792241494121017	119200	0,0045971751282473808
119210	0,0046697275551337	119210	0,00099950312930689343
119220	0,025422467085831152	119220	0,013690993691844677
119230	0,0025052053622243967	119230	0,011694798886301688
119240	-0,022133446563542384	119240	-0,0092620309466226059
119250	-0,011524470749236441	119250	-0,00411889066627358
119260	-0,0030199985127343297	119260	0,0040247628675145171
119270	0,0025373673607646694	119270	-0,00086697892465377609
119280	0,013397271838680254	119280	0,0061378732011528577
119290	-0,0038404257364100859	119290	0,014306191723366316
119300	0,020846857136205814	119300	0,0027060261490180356
119310	-0,00974607603169552	119310	-0,00080330374413965691
119320	0,0054340088618701019	119320	-0,0020685739386012611
119330	-0,001421852010724304	119330	0,0069043188528611858
119340	-0,00830816760829995	119340	0,0090874935721082014
119350	-0,00025057796256200285	119350	0,0020218077685324391
119360	0,0035868247032617507	119360	1,2831546947220185E-05
119370	0,0038551533241408691	119370	-0,0039191667426220775
119380	-0,00049450718571755487	119380	0,0057612492464274986
119390	-0,0076236172697050405	119390	-0,010057122639794304
119400	0,0017117632625016359	119400	0,010079821094496138
119410	0,0066515216347325622	119410	0,01360277626852502
119420	-0,0079900999544420155	119420	-0,0061335725333171017
119430	-0,0047505359678538459	119430	0,0017192637174467374
119440	0,0060448976046122548	119440	0,00803194064439425
119450	0,0035462829069848505	119450	-0,0054909074863353259
119460	-0,0096038000963736478	119460	-0,0032304007052804565
119470	0,0069599663535814026	119470	-0,0019142027636451242
119480	0,01302711718321054	119480	-0,0078710893866099155
119490	-0,015054090650392829	119490	-0,0017729894263228056
119500	0,00465528382222657	119500	-0,0019717907704533081
119510	-0,0018971614726495517	119510	0,000344061024810108
119520	0,0050964382244988822	119520	0,0096234382761121815
119530	0,0034417349206302956	119530	0,0091203627325794016
119540	-0,0080763240951529734	119540	-0,010082329028689056
119550	0,014777973040160285	119550	-0,01089868574651484
119560	-0,005724062899135544	119560	0,016758470595059194
119570	0,0017828774193059589	119570	0,0069300325577276176
119580	-0,0042224523670891558	119580	-0,013988137830683837
119590	0,0099030013143595	119590	0,0085437783529289379
119600	-0,0079298362066583961	119600	0,0057999868730189861
119610	0,011634556056549996	119610	0,016750747012027684
119620	-0,0076744124898620678	119620	-0,00290749582657068
119630	0,0065841902405640055	119630	0,019661792804092405
119640	-0,0090044292035792485	119640	-0,00425466058102693
119650	0,003625562740063979	119650	0,0049162044106460289
119660	-0,0020429573476470142	119660	-0,00034886557662584464
119670	-0,0063185457778383129	119670	-0,010880311321461987
119680	-0,0087374807672309217	119680	-0,0069716401022451181
119690	-0,0067889827596296012	119690	0,0020756512190265326
119700	0,0048865409607697086	119700	0,011485318062060579
119710	-0,00046468213215516529	119710	0,0048145709814184845
119720	0,0066388877986627839	119720	-0,014266904082804758
119730	0,0036291345854839842	119730	0,0013074797070721427
119740	-0,00072232753144695571	119740	-0,0053929919737716542
119750	-0,0024319700847393664	119750	0,0082565383008444543
119760	0,0099148638354218232	119760	-0,00071007576873643823
119770	-0,0019137101672101597	119770	-0,0033871717604293376
119780	-0,00072298173951687594	119780	-0,0034988814165999235
119790	-0,00905834840791204	119790	-0,0017586333661600486
119800	-0,0020075353908393938	119800	-0,0031537498827328243
119810	-0,0025199379820889278	119810	0,0012244766898642852
119820	-0,0068134338378254338	119820	-0,0024452150264682665
119830	0,0033379902005377577	119830	-0,0051543715895602847
119840	0,0072974274872854095	119840	0,0065073833490668321
119850	-0,010347796440869988	119850	-0,0094168796066327522
119860	0,0068600238072284271	119860	0,011444302451961845
119870	0,015589669142963409	119870	-0,0042767190862764955
119880	0,0047039127743098673	119880	0,0082774805806061173
119890	-0,010827746426456737	119890	0,0050764539198565129
119900	0,0048047077471270339	119900	-0,0067843559271770909
119910	-0,0047461517816904664	119910	-0,0043264109744698149
119920	0,015563733182312465	119920	0,0045678227384244874
119930	0,0029024263609952103	119930	-0,0028498162671045883
119940	-0,0067995999515635926	119940	0,0040392307765912639
119950	-0,010712482675969252	119950	-0,0051411304709427742
119960	-0,00086524648677106016	119960	0,016847514755247962
119970	-0,0011398558585221242	119970	-0,0053921795556323478
119980	-0,010299407741444675	119980	0,0010292402726974617
119990	-0,0049768117468328493	119990	0,0026742411386256283
120000	0,0050727590519027595	120000	-0,0026092677549252618
120010	0,01161762231926845	120010	0,0033961787260220659
120020	-0,0029786679200636984	120020	-0,0030871853993601085
120030	0,0049731847051705264	120030	0,0035719327375103331
120040	-0,015514878411354875	120040	0,011683368162384055
120050	0,008654472749552191	120050	-0,00026419785500754109
120060	-0,004896626205170904	120060	0,0108739740844036
120070	-0,010063756154190718	120070	-0,014846601809728065
120080	0,006964230872765485	120080	-0,0053740576553917233
120090	-0,00016945407781962532	120090	0,0036002448350980609
120100	0,010803878889080743	120100	0,020301122998278121
120110	-0,0066259276399164863	120110	-0,0094503004984468359
120120	-0,0037421294239292397	120120	0,0022529996791399378
120130	0,0023683740279254015	120130	0,0090138671228437474
120140	0,0078637974471173541	120140	0,00053441934264646487
120150	0,0065515261865632815	120150	0,0016241114106165984
120160	0,00086617237305785817	120160	-0,024389476998716533
120170	0,006834249391922469	120170	0,0056308081999275131
120180	-0,00480565417851182	120180	0,0058886764699211678
120190	0,00858053519595474	120190	-0,0030437543518680192
120200	-0,0027172308045269036	120200	-0,0063410869038082913
120210	0,012677880097059396	120210	0,005593058331004098
120220	-0,0024397153546417607	120220	0,003857582552118989
120230	-0,015641891722809848	120230	-0,01031388210358633
120240	-0,014294306955423925	120240	-0,003154591080070599
120250	0,0016630374409293792	120250	-0,00869591369195661
120260	-0,003592814327003264	120260	-0,005030428670786658
120270	0,010190601665764404	120270	0,0081890087741554578
120280	0,00484041520887917	120280	-0,010205583450766548
120290	0,010892319584171488	120290	-0,0061646434757240479
120300	-0,00754589459451791	120300	0,014383492268559936
120310	-0,0056131346632559767	120310	0,0063119594152888881
120320	0,01058609250827347	120320	-0,0026830997297826462
120330	-0,0024924959906637654	120330	-0,0007874189211876314
120340	0,017459206626613287	120340	0,012609469599836037
120350	-0,00080945605425609968	120350	0,0056503989597591038
120360	-0,0048151622741810316	120360	-0,013621825440864672
120370	-0,0060071453582254443	120370	-0,010650038918818095
120380	-0,0038902033718363513	120380	0,0082735728510608363
120390	0,0041220008144148747	120390	-0,00409765711285177
120400	-0,0039088983662456762	120400	0,0021050462163765831
120410	0,013423226268566971	120410	0,0020076567659312932
120420	-0,0062655273603439681	120420	-0,00027586128082429445
120430	0,0072163225828126556	120430	0,0030423016914357527
120440	-0,0001829769205800343	120440	0,014955250625811073
120450	0,0046630012187265776	120450	-0,0012638691228863291
120460	0,011962165227293089	120460	-0,00084441905974032326
120470	0,0040664577389497468	120470	0,0057905357681666356
120480	0,015849681248711556	120480	-0,00607471582874571
120490	-0,011584405819924516	120490	0,0021871434968634565
120500	0,010586816789190602	120500	0,005775411476682756
120510	-0,0020956174134892495	120510	0,0041469494185932638
120520	0,0017082450779598438	120520	-0,0032391450379691765
120530	0,0038420565679000728	120530	0,00920432794952205
120540	0,01497067147649149	120540	0,00613843195939166
120550	0,0088277813590403112	120550	-0,013432761162447541
120560	-0,0065473760900043709	120560	-0,0017123711871873408
120570	-0,0038334927143690556	120570	0,0049762789066115859
120580	-0,0022195323049711111	120580	-0,0038460863412885632
120590	0,002303660713070697	120590	0,0091547284859042032
120600	-0,0072195029347669679	120600	-0,012264077423487455
120610	-0,0054610290042580055	120610	-0,014521723471073153
120620	0,0013092140121380674	120620	-0,0018621712900695193
120630	0,0064423450911120991	120630	0,0043823292368895435
120640	-0,024763784592220953	120640	-0,0017251753356800042
120650	-0,00031748663876763705	120650	0,010197136271777506
120660	0,0041060692548071593	120660	-0,0058685939330590138
120670	0,00967713349506678	120670	-0,0070860066271639542
120680	0,017029706027688572	120680	-0,0067521341958818194
120690	-0,0058447917082755964	120690	0,012695907828808988
120700	0,0021424958676586388	120700	-0,017836257724557155
120710	-0,0081496234367930635	120710	0,0039473355738117557
120720	-0,015245661923067318	120720	-0,012931449549519046
120730	0,008255843683207427	120730	0,0088341387944197731
120740	-0,018167313361690439	120740	-0,0015544387606995125
120750	0,0099017948751071831	120750	0,0045267722443497844
120760	-0,0035329894250356896	120760	0,0048115701434359968
120770	-0,017213884680934818	120770	0,012129817539321016
120780	0,0010801365935396291	120780	-0,0079855182513735249
120790	0,0080450127544306471	120790	0,0047814729418502412
120800	0,0044034978106945507	120800	0,0040141993115142289
120810	-0,00026779963827107308	120810	0,0010593164018627055
120820	-0,011635644248741479	120820	0,00090829123682200968
120830	-0,01304976451460756	120830	-0,0022569539420422033
120840	0,0030055830712249578	120840	-0,0051424131150638657
120850	0,004586993480274618	120850	0,010410883486230746
120860	-0,0023186831745062929	120860	-0,00722013545712855
120870	-0,0057330275404491107	120870	0,008037756864818401
120880	0,00068053286178015925	120880	-0,0069462004830619468
120890	-7,6733686181522124E-05	120890	0,010258242965083243
120900	0,00052906010655512294	120900	-0,0041213360161419478
120910	-0,011296727534567227	120910	-0,0043856512388979621
120920	-0,0080732217970375612	120920	-0,0050878168153431491
120930	0,014148903619887111	120930	0,0018150916664075889
120940	0,0050880069257490928	120940	0,0055917329892948711
120950	-0,011861247271662144	120950	-0,001744211332210759
120960	0,00734437636543514	120960	0,0044378794413337331
120970	0,00099870988988442675	120970	0,0076605500436771378
120980	0,0091983938924136664	120980	-0,015681954323639936
120990	-0,018715612126240955	120990	0,0026831995623621658
121000	-0,014845664780171075	121000	-0,0061607402213095354
121010	0,0053273357171961374	121010	0,012579284547813489
121020	0,00071609567781483251	121020	-0,0012892120044031908
121030	0,022980926224629546	121030	-0,01541557283524282
121040	-0,0026568235174082356	121040	-0,00010328512755578863
121050	-0,013162424758544329	121050	-0,0082596045930578826
121060	0,013519227893110658	121060	-0,0042152953610028673
121070	0,0037644460163862793	121070	0,0064528483243864072
121080	-0,0080442715423191258	121080	0,00240324083055487
121090	0,0067478993040655235	121090	-0,013611726478457025
121100	-0,0055395766117871288	121100	0,0071637273976472146
121110	-0,00873836524067664	121110	-0,00085204472730140328
121120	-0,012219322558918227	121120	0,014876623075902701
121130	0,01145146397784909	121130	0,017787335761248926
121140	0,004847467470817741	121140	-0,0064997088198811255
121150	-0,0041635083676571354	121150	0,0026328803613413767
121160	0,0030086883078630695	121160	0,01555930160393665
121170	0,013890377643466024	121170	0,0026965870104469617
121180	-0,0010364365058343423	121180	-0,0067518632683430226
121190	-0,005884641053233379	121190	-0,010143963110321183
121200	0,0011336275885172914	121200	0,00013775959926587392
121210	-0,026812024666729811	121210	-0,013604000041755233
121220	0,0039747607692754653	121220	0,011581235563135849
121230	0,0087739659084587543	121230	-0,012802601617529941
121240	-0,0023124915119438934	121240	0,007831806915469983
121250	0,014332525757940048	121250	0,0022065944233529517
121260	-0,0064647172996749828	121260	-0,00677355531871768
121270	-0,00855579686111027	121270	-0,00921455562865409
121280	0,0054951189518428053	121280	0,0033797342362424246
121290	-0,010131124663893518	121290	0,014828744010184157
121300	-0,00082721758719975919	121300	-0,0089887391279815
121310	0,0064567521078793353	121310	0,0059305098048296548
121320	-0,0068521980860697784	121320	-0,0035441568664181388
121330	0,0039603629407641864	121330	-0,0044146450537206582
121340	0,0060445483762340425	121340	0,018051393677665891
121350	0,00095879771554853628	121350	-0,022254440744437658
121360	0,0020098864181546674	121360	-0,010701738738681655
121370	-0,0074466662858095013	121370	0,0043873699969583912
121380	0,011646157928456885	121380	0,00058024086434913923
121390	0,00040041376171565682	121390	0,0012059752156588857
121400	-0,0025640805924804252	121400	-0,004477021918895035
121410	0,0041359397185448286	121410	0,0012889647516298262
121420	-0,0028133780100035423	121420	0,013710502059315243
121430	-0,005317275828595259	121430	-0,014865585205329176
121440	-0,0016368676773878585	121440	-0,0021726272005504095
121450	0,0035341763083970084	121450	-8,0252164876001324E-05
121460	-0,0071488607927920307	121460	-0,011839684539540296
121470	-0,0080624003326938629	121470	0,014895239123276583
121480	0,011764278654456723	121480	-0,0014385743810087876
121490	0,0031541073658116797	121490	-0,0043759491314653972
121500	-0,0053990484588070922	121500	0,016837843909055634
121510	-0,0041072341368596317	121510	-0,011149475569959893
121520	-0,0019216413603087949	121520	-0,010252376232231812
121530	0,0035951288409651625	121530	-0,00023779414261959357
121540	0,010859150693957927	121540	0,008575322368600001
121550	-0,010534227472441112	121550	-0,00206922820299066
121560	0,00829415702038527	121560	0,0011649060391490673
121570	0,0058899036178484184	121570	0,0062685962321615959
121580	0,002296618280508823	121580	0,013702653342709472
121590	-0,010162847277102462	121590	0,0025807311001567542
121600	-0,0016477907966020067	121600	0,0065106369672786107
121610	-0,0073253013913544187	121610	-0,0080208590568505433
121620	0,00632368121757023	121620	0,0068793762832055532
121630	0,01445447260964697	121630	-0,0042136661396207789
121640	0,00081060316597775565	121640	-0,0047989402094792315
121650	0,0019621841846111177	121650	-0,0014799995426373238
121660	0,002468891765580013	121660	-0,0019225887070919224
121670	0,00076278313952316825	121670	0,0064175576888010717
121680	0,0039394205035509656	121680	-0,0054387082973556622
121690	-0,0041362478351274655	121690	-0,022479016648470806
121700	0,013297449012541672	121700	0,013136859565459827
121710	-0,0025695452142040936	121710	0,0024015845250197425
121720	0,0082280223418659659	121720	0,010628973112077377
121730	0,012387214843673096	121730	-0,0069510918567430684
121740	-0,0092924227897854469	121740	0,0059549846359258883
121750	-0,0034524273594712862	121750	-0,0041442613960732079
121760	-0,012525541247606702	121760	-0,021857529310556026
121770	0,00040448926250435431	121770	0,001079196295864194
121780	0,010637358585436133	121780	0,011987122565014659
121790	-0,0100232901820667	121790	0,014625741739045399
121800	0,0052333466519731931	121800	0,00628691173955563
121810	0,015163750646648494	121810	0,0027220349910480929
121820	0,0042406729873189566	121820	-0,0010492126112381184
121830	0,0078889752802063871	121830	-0,0086360701584280615
121840	0,0019181969494997226	121840	-0,012388855167844453
121850	-0,0006287329293079893	121850	0,0084941395463326852
121860	0,007505073593321563	121860	0,0033607264530244141
121870	-0,009498198546983392	121870	0,0085701313320098067
121880	0,0015338251810974486	121880	-0,0021183716239966508
121890	0,0019534999975772183	121890	7,9973423399697638E-06
121900	-0,014447341133676878	121900	0,0010070698619265089
121910	-0,0068852208480062772	121910	0,0032186234654321727
121920	0,00554178260323951	121920	0,0065334676143575824
121930	0,012555202227770188	121930	-0,007726968236736795
121940	-0,017712337638965951	121940	0,00063777392501950566
121950	-0,0069062543164689957	121950	-0,0001389793207052263
121960	-0,012090786755394699	121960	-0,015637357981886018
121970	0,018270528714678876	121970	0,0030119960891279805
121980	0,0029871167934338821	121980	-0,0045317214169820217
121990	-0,00084842914330798629	121990	-0,0066021822063394471
122000	-0,0059415311914020642	122000	0,013806509859256628
122010	-0,00923909106611164	122010	-0,002221808155481236
122020	-0,015742886435498503	122020	0,003686487996452532
122030	0,0052180914025472059	122030	-0,01668187587705219
122040	-0,0034821822239448487	122040	-0,0088527114700424122
122050	-0,0020819716402995471	122050	0,0012495741615264505
122060	0,0093612981756620341	122060	0,0164731204307936
122070	0,0063358759852325253	122070	0,0076649209687292925
122080	0,00800787535994413	122080	0,0049925994196850154
122090	-0,012912031552662864	122090	0,0086594644532738789
122100	0,0090232954898906512	122100	-0,010831418993655206
122110	0,0047436359581341731	122110	0,0065607339683694255
122120	-0,0034374240886974388	122120	-0,0051605526683905709
122130	-0,0025334922608633045	122130	0,001034530125869822
122140	0,010423154470843627	122140	0,01393712143938913
122150	0,00091735936488438949	122150	0,00012377484396618077
122160	-0,010764443377980803	122160	-0,020227460647381717
122170	0,0083423742031811573	122170	0,00035807081210964678
122180	-0,011796599564252257	122180	-0,0043696193248770566
122190	0,007653425828441804	122190	0,0052119041663168273
122200	-0,0047695385871760294	122200	-0,00926050690989278
122210	-0,0040306875865076686	122210	0,0018043313773197104
122220	-0,0081265270899891478	122220	0,011873592867151468
122230	0,0086108002408630153	122230	0,0035724368157186914
122240	-1,643013892164266E-05	122240	0,011125287490681035
122250	0,00054471405390967519	122250	-0,0083109723145348285
122260	0,0038014850063698476	122260	0,00011965415900115197
122270	-0,0069558483161417765	122270	-0,0074805528170682678
122280	0,013195096468493928	122280	-0,0022271050848096975
122290	-0,00209456155849419	122290	-0,0047116760182408374
122300	-0,010853394502179517	122300	-0,0087326792948743074
122310	0,012047095924170869	122310	-0,0047239894843658986
122320	0,00627894523869291	122320	-0,0030985383248389822
122330	0,005884832770352985	122330	0,0085067152871553045
122340	-0,021170143032108898	122340	0,0090412395070873491
122350	0,00766688400991126	122350	0,010775484143099491
122360	-0,0047736055916309007	122360	0,0034211780075858425
122370	-0,00273584434276756	122370	-0,0088582522170577473
122380	-0,002587878999172484	122380	-0,0031658215693023948
122390	0,0030204079142676379	122390	-0,022477922036302507
122400	-0,014452803222196144	122400	-0,00097952070280522417
122410	0,0050101519827498615	122410	0,0056090304715788065
122420	-0,0025230877746325775	122420	-0,0053660344320485441
122430	0,011249212872834277	122430	-0,0040824625234999736
122440	-0,0057161975389662615	122440	-0,0030592112272896863
122450	0,01309078845641626	122450	0,0043566939692519782
122460	-0,0081133398551885647	122460	0,006968197253383504
122470	-0,0070927583831794337	122470	0,0024908118057414856
122480	0,0008932572509187136	122480	-0,0016286813599157293
122490	0,0068310602908978144	122490	0,00850970528069465
122500	0,010270140726615258	122500	-0,006997372523026929
122510	-0,011673282616438971	122510	-0,011256757848245058
122520	0,0121802566198582	122520	0,0028778007474813357
122530	-0,0021176232692191395	122530	0,0024319804800686292
122540	-0,007319562294759191	122540	-0,00022387584094446463
122550	0,0012205479331608264	122550	0,0032850292438163652
122560	-0,00024220936255500908	122560	-0,0044050033832924024
122570	-0,0052819964785045942	122570	-7,4996970267335319E-05
122580	-0,0025383149446581753	122580	0,00090794839486040067
122590	0,0072453587150818058	122590	-0,0074679693209098123
122600	0,00022616677666375997	122600	0,020680337506330155
122610	-0,014800697152258791	122610	-0,0083886774898543418
122620	-0,010521696664479325	122620	-0,017724324433854948
122630	-0,00042028911484501849	122630	-0,00045727186778830728
122640	-0,002095987259163891	122640	0,0052980457813765237
122650	0,0010790935602622003	122650	0,0042579045901237726
122660	-0,0040868260177622856	122660	-0,0073591079572952831
122670	0,0026564418685556643	122670	-0,00070843430233531149
122680	-0,00010937171960539182	122680	-0,0050559762564780075
122690	0,0013018592619943275	122690	0,0039979851967426013
122700	0,0031497139183691036	122700	-0,007356241418746824
122710	-0,0049266273711136132	122710	0,002511461152107662
122720	0,0085351232157615912	122720	0,014039204387592187
122730	0,00061093176636956091	122730	-0,0076683654911357708
122740	0,0074750470426131373	122740	0,0050764502205941165
122750	0,0010067113092648108	122750	-0,012906792716965602
122760	-0,017263152155543929	122760	-0,0081326460612672052
122770	0,000980855728215415	122770	0,00155152477678855
122780	0,0036009446087440157	122780	-0,0070125922659408689
122790	-0,0023669328094921508	122790	0,003106810594582979
122800	-0,0070941298296611768	122800	0,00083277754923853154
122810	0,00075996217530401229	122810	-0,0073287367560748084
122820	-0,0067629978160367414	122820	-0,0065352676202623753
122830	-0,0015795627196267805	122830	-0,0036454902447503289
122840	-0,0078058532538847281	122840	0,00023973757885734198
122850	-0,016391924578452739	122850	-0,00052824999152431865
122860	0,0013669457973160145	122860	0,0049865699105471626
122870	-0,013873466374825406	122870	-0,00012219582773467417
122880	0,011529550534087827	122880	-0,011990714366520473
122890	-0,0091626253260048921	122890	-0,0091196258219236517
122900	-0,012120806075829625	122900	0,0096714711451853647
122910	-0,0014185579810705121	122910	0,0075911443787510836
122920	-0,0038153311026162674	122920	-0,0051671451307738593
122930	0,00072419895975075024	122930	-0,001475130773769527
122940	-0,0029321440454219711	122940	0,0026727328008150615
122950	-0,00093136473403980144	122950	-0,013166972694899439
122960	0,0074044697247017677	122960	-0,00363851131763196
122970	-0,005806755388473043	122970	-0,0074366702995841581
122980	-0,0022600120148764348	122980	-0,0033146136402723955
122990	0,001330036650617398	122990	-0,006296921797229852
123000	0,0043124324433575084	123000	-0,007041967490080377
123010	-0,0070445489066533638	123010	-0,0053834466114811427
123020	-0,013532245927561045	123020	-0,0010605593004943286
123030	0,001862728587026654	123030	0,00452090878460012
123040	0,0017441105847548766	123040	-0,012396731058804499
123050	-0,0022104323632730254	123050	0,011127617422564308
123060	-0,012158372830005705	123060	-0,012426493303240712
123070	-0,0099976365798853731	123070	0,014637175619216594
123080	0,019225308287127412	123080	-0,01110996467485508
123090	-0,00079399917129455318	123090	0,011848570632714607
123100	0,016237103359844615	123100	0,0095741172019752543
123110	-0,0065915733479973652	123110	0,00054051614620511128
123120	-0,0097469811028108137	123120	-0,0015175555992181951
123130	0,0068906302274679516	123130	-0,0040335995291825577
123140	-0,00072277792787519548	123140	-0,0038940456939515942
123150	0,0024095087813117587	123150	0,0036335962496298656
123160	0,0043048970268906132	123160	-5,8538897186842723E-06
123170	-0,010576919829683252	123170	0,0038619930293188587
123180	0,0084267699754817967	123180	-0,0089524251290952709
123190	0,0066365002907476968	123190	-0,0083054733381204
123200	-0,00353725484637094	123200	0,0083875389761400212
123210	0,0043835255401383838	123210	0,0094218494317471323
123220	-0,0049954538301810987	123220	-0,0182480671365949
123230	-0,0071567850449175035	123230	-0,0078508356124176084
123240	0,016980980292103497	123240	1,3599424810428255E-05
123250	0,0040141432910571631	123250	-0,0072979573077936412
123260	0,00075194740387154882	123260	-9,3234724218569076E-05
123270	0,00672383068601409	123270	0,0099169527153207936
123280	-0,0035627394776189727	123280	-0,007742276953383846
123290	-0,0073855154490794928	123290	-0,007482956324650427
123300	-0,0036398852642957895	123300	0,00055593014894526145
123310	-0,0011594380321465338	123310	-0,010043371201637806
123320	-0,0005848217011775222	123320	-0,0042232682607532268
123330	0,011007988329269578	123330	0,0070531057070956464
123340	-0,0061647465393265474	123340	0,016190036196042347
123350	-0,0015962822753359974	123350	0,0084221584424001329
123360	-0,0010873419137981237	123360	-0,005393489430066181
123370	-0,0015050091637264379	123370	0,0047239001354392289
123380	0,0033929052714645226	123380	-0,0090743076125766979
123390	0,0173299012084447	123390	-0,0050563819528627995
123400	-0,0043923328476078681	123400	-0,010387296016680583
123410	0,003035064669440013	123410	0,012882741950813377
123420	-0,011170309718105908	123420	0,0018521119062862605
123430	0,013085775741081367	123430	0,002169772095707327
123440	-0,0037626475618257453	123440	-0,010748420095930966
123450	-0,014502491897307256	123450	-0,006340517002115284
123460	0,0026355763912869804	123460	0,0010751381977137757
123470	0,0049275930432107016	123470	0,0075080944471542172
123480	0,011645488619556759	123480	-0,0039871893804222808
123490	0,0027843945382616834	123490	0,008309063000819154
123500	0,011207931875846707	123500	-0,0023496054726152714
123510	-0,00034314931295822087	123510	-0,011067771058961081
123520	0,0031051255688889817	123520	0,011973133789909919
123530	0,009277943613728714	123530	0,015602336340819997
123540	-0,0029596348635577943	123540	-0,012225841995442606
123550	0,010106976146108896	123550	-0,0032695075706270955
123560	0,0207022397787372	123560	0,0065594497444998569
123570	-0,0048593483166504779	123570	0,0072580871037489347
123580	-0,011479286661088052	123580	-0,0098770282875513173
123590	-0,0015092139454086994	123590	-0,00096613630443713634
123600	-0,0077494504733091911	123600	0,012421664485211875
123610	0,010575654202592832	123610	0,012216089256061697
123620	0,014061593305539709	123620	0,005259858456300304
123630	-0,0099536177823604036	123630	-0,0050728640569281426
123640	-0,013114823452190852	123640	-0,0016622853025829985
123650	0,010586691190309194	123650	-0,0010267666636870304
123660	-0,001724339170830042	123660	-0,0001764936703695166
123670	0,0036418382541147966	123670	0,0012386603805683929
123680	0,0016256804419637727	123680	0,0073599170539877645
123690	0,016274388376790148	123690	-0,0015123160639216972
123700	0,0048711411062294686	123700	-0,0058489161262412492
123710	-0,0033628911111400371	123710	-0,016836082647561923
123720	-0,0053839408766890792	123720	0,00841592653280014
123730	0,0066733486096787779	123730	-0,008638104741493147
123740	0,0092610989166261436	123740	0,0044984509151236793
123750	-0,013342085288343814	123750	0,0050957902072146
123760	0,0014588263054999765	123760	0,0064710568863601652
123770	0,00546059890986863	123770	-0,0039191608770453778
123780	0,015318429133794198	123780	0,014412479704809675
123790	-0,0015794487587187437	123790	0,0046725913424677575
123800	0,001630390517765577	123800	0,0004694962711277095
123810	0,00947348810309544	123810	0,0014978897911997551
123820	-0,015809587078962951	123820	0,0052318975168775079
123830	0,0061225955588483328	123830	-0,0068629970122426253
123840	0,0045478331149589367	123840	0,002170163200980187
123850	-0,0031795214049525674	123850	8,1996162358124834E-05
123860	0,0081266836838506766	123860	-0,001414302130167609
123870	0,002241332089809677	123870	0,0092712917267500326
123880	-0,00014341860894767367	123880	0,0015710902009849644
123890	0,0069849487381276254	123890	0,01499593827425375
123900	-0,022384153740033039	123900	-0,022067749717797947
123910	0,011049313866670437	123910	-0,0049321500559750039
123920	-0,0032494230648166997	123920	0,00032613075814573976
123930	0,0042395231307825378	123930	-0,0034313342185057845
123940	-0,0066003592521415968	123940	0,0049964028277462618
123950	0,0023269134882680335	123950	-0,00087621739460351424
123960	0,0045312114976652842	123960	0,010266737384748065
123970	-0,0013619039252608632	123970	-0,01482636429947751
123980	0,011275899639914173	123980	0,0013916187113369781
123990	-0,0056751426210459111	123990	0,0033227955555646688
124000	-0,0050865128787550423	124000	0,0020540506585160342
124010	0,00072954376591249882	124010	0,007138227237195139
124020	0,0018859716178936626	124020	-0,0039556992593086735
124030	0,0088428751835942735	124030	0,010300556285084434
124040	-0,014539374497344725	124040	0,00125756987893649
124050	-0,004848018973775764	124050	0,00032447458281531559
124060	-0,021527272490055829	124060	-0,00408061100239653
124070	-0,0029176618635292457	124070	0,00030520107155798448
124080	0,0094001885010656979	124080	0,0014209796074078759
124090	0,005583262628493236	124090	0,000966979950633184
124100	-0,0048961217618056566	124100	-0,0041822650100980605
124110	0,014771971655574695	124110	0,017983477171101273
124120	-0,0049036818805726322	124120	0,00452644390254804
124130	0,010598334582908662	124130	-0,0050589504926392675
124140	-0,0016485687477363422	124140	0,0038586681206715309
124150	-0,004166430545328375	124150	0,0050814683576330191
124160	0,0056084395809834	124160	0,00593940744807046
124170	0,0018176964897601831	124170	0,0019026403297133648
124180	0,0035495505635110385	124180	-0,0048463371242870226
124190	0,00013598802985793606	124190	-0,0036840732336640369
124200	0,0019451102753850671	124200	0,0061205500286406261
124210	0,00049721360999890028	124210	-0,0057376524792389708
124220	0,017162307896916175	124220	0,0059737026962233221
124230	-0,00859252503279444	124230	0,010364419029782112
124240	-0,011386849378777554	124240	0,0060458518303407663
124250	0,0060800807090677115	124250	0,00075599761351348937
124260	0,016629553018063715	124260	0,00063534742725862017
124270	-0,017042175441618818	124270	-0,0047845390278328888
124280	0,0056988862194316	124280	-0,0086696876893304475
124290	-0,011069762786543598	124290	0,001509827917373838
124300	0,010173462787155618	124300	0,0073467821468696541
124310	0,011235653101277866	124310	0,0015529167796951935
124320	0,000946630020795079	124320	0,0028070451336610742
124330	-0,0061590474447684391	124330	-0,005790945739091136
124340	-0,010093411824929233	124340	-0,0018534367040513335
124350	0,011561793147494255	124350	0,014034621044481431
124360	-0,00213396393521551	124360	-0,00939323890289197
124370	0,0013297125989831138	124370	0,0057461222750398435
124380	-0,0035084118025853904	124380	0,00093084890340720816
124390	-0,0038325621115995489	124390	-0,0018812261015471034
124400	0,0011292380039082696	124400	0,013118831726596711
124410	0,007649916254937281	124410	-0,00040864057343282015
124420	-0,0068931924069541963	124420	-0,0010913246882713762
124430	0,0054251436004970057	124430	-0,0037123444843738529
124440	-0,0027997561389361131	124440	-0,0033902785640460994
124450	0,0043192397958629726	124450	0,0027395452967280951
124460	-0,012730923819757909	124460	0,013155573399977458
124470	-0,010071212808811732	124470	0,003476121732910726
124480	0,0039064368298211147	124480	-0,0082702467535712611
124490	-0,0046299597378981761	124490	-0,00140191115864388
124500	-0,0039864672479306964	124500	0,0051658676219527508
124510	-0,011420693630581682	124510	-0,00878024808005401
124520	-0,0072284154066467165	124520	-0,0068802169753505674
124530	0,0021573907133447317	124530	-0,0060460462100803882
124540	0,0040378580039640774	124540	-0,0154031377758319
124550	-0,0062423964203938464	124550	-0,006154123766647682
124560	0,0028842621992792674	124560	-0,0037778869050048643
124570	-0,0081572630110767347	124570	0,0076767738102968223
124580	0,018998394172674436	124580	0,00052366896790700783
124590	0,018467383026320984	124590	0,004759568420422907
124600	-0,001991817419510454	124600	-0,004244101804403223
124610	0,0024707738465121476	124610	0,0046361369909289
124620	0,0047233436287628661	124620	0,015215103614063264
124630	0,0051378198908503155	124630	-0,011682187942128754
124640	-0,0077648763586884682	124640	0,0014228739069641486
124650	-0,0051599206756777769	124650	-0,0023224252192611161
124660	-0,00412984406394146	124660	0,0044438211124818126
124670	0,0074918000711398066	124670	-0,0056367353126015275
124680	0,00032400145692085361	124680	-0,007019362375522838
124690	-0,012541129282281646	124690	0,0099701192516927183
124700	0,013065323384906801	124700	0,0042421472153620033
124710	-0,0040873049771307	124710	-0,0023565522403298351
124720	-0,017488675221194485	124720	-0,0051215600272120354
124730	0,0090987497252747254	124730	-0,0060292738512449729
124740	0,0019245126456606057	124740	0,0061291851562650474
124750	0,0050287381245056606	124750	0,013125186987817479
124760	0,0089766385576138513	124760	0,0015951158307657518
124770	-0,0051993943388271308	124770	-0,010722887379540884
124780	-0,00081939654755473854	124780	0,0086903330855612713
124790	0,0010301423341298548	124790	0,01867955949955908
124800	-0,010037154853067562	124800	0,0017997815512030987
124810	0,013732056769643498	124810	0,0025146945138082733
124820	-0,012728004971521869	124820	-0,0011487329199025792
124830	-0,0033366631766487548	124830	0,007779572935206305
124840	0,019414660212239445	124840	0,0068255268828175059
124850	-0,005464045490196928	124850	0,0010101295511357464
124860	-0,0024586306130436925	124860	-0,0019539012277177319
124870	0,00046847037341613522	124870	0,00071598518478799039
124880	-0,0079563792833607181	124880	-0,017024854461044694
124890	0,013457709667052009	124890	0,009089086949909753
124900	-0,0033184286051032652	124900	-0,0036460003191188819
124910	0,00780895819560851	124910	0,013749320691482034
124920	-0,0081586835922825337	124920	0,0091077648924085628
124930	0,016335311701770373	124930	-0,011942337676034408
124940	-0,0070623275358972573	124940	-0,0079170773561725773
124950	-0,0027765042770930854	124950	-0,00053537453846268668
124960	0,012952645075622403	124960	0,0073616934465193119
124970	-0,0013925426541595155	124970	-0,00081216957811398155
124980	0,0068253767236276849	124980	-0,0040455239756097168
124990	-0,0042369661617074686	124990	-0,001663082918567487
125000	-0,0042567052021470989	125000	-0,0014322114645859928
125010	-0,0054282141448788708	125010	-0,0032383942877343931
125020	-0,015350897495991282	125020	0,013395947382186281
125030	-0,0060897101922394855	125030	0,0021208490853549785
125040	-0,0022563983552099146	125040	0,013628886946231343
125050	-0,0039700188367651377	125050	-0,0016258229090388308
125060	-0,0063279639340711865	125060	0,00015847862714350386
125070	-0,0071350345130185627	125070	-0,00023119132258751047
125080	0,003114358389632955	125080	0,0035562485319364169
125090	0,0078002264131868723	125090	0,00042547124532563916
125100	-0,0073940901669191711	125100	-0,012622100627025741
125110	-0,000855025077480002	125110	-0,0046906954644025485
125120	0,005665557516867716	125120	0,0053046950451965669
125130	0,01344502874419852	125130	-0,013219804517851479
125140	-0,0039183374083562551	125140	-0,0029360037669243222
125150	0,0052872389277797876	125150	0,00091434512499995559
125160	-0,019759262936630648	125160	0,00093934387670213042
125170	-0,0036837511585623146	125170	0,0065953876129018459
125180	-0,0048188639052562116	125180	0,000295417738981513
125190	0,0071454501500733177	125190	0,0096026370819011064
125200	-0,005169194086160434	125200	0,012094819529947634
125210	0,006862259741877561	125210	-0,0012487579776989106
125220	0,0022006336462949403	125220	-0,014795949909064476
125230	0,010778205831642025	125230	0,0070662405735713836
125240	0,0099043046687190966	125240	0,0068670408461060364
125250	-0,0098888499577542352	125250	0,009801678611318608
125260	0,0049845408683138704	125260	-0,00098703224915895355
125270	-0,0061995348953019277	125270	-0,0073670846182908346
125280	-0,0027951846896948989	125280	-0,0042079422516375928
125290	0,0016592218043292764	125290	-0,018025372411524913
125300	-0,011797348042209098	125300	0,0062878609230331431
125310	0,0071692971319522146	125310	-0,00013459234267316632
125320	-0,016736422117095813	125320	-0,015143665397053984
125330	-0,0039458374924354707	125330	0,0084537853230710266
125340	0,0016736046166514695	125340	-0,0046462828609075751
125350	-0,0088151258380102845	125350	0,0061081056513425823
125360	-0,0020273251965623237	125360	-0,00949575157011764
125370	0,00759612707684699	125370	0,01328894979601764
125380	0,01582322828026515	125380	-0,014181321835878329
125390	0,01041350800643283	125390	-0,0056160666029687369
125400	-0,0086128999786985478	125400	-0,0015493369050661318
125410	0,011608749858753039	125410	-0,0030267120301578888
125420	-0,015514151519940183	125420	0,0022312716301240952
125430	0,0031985288626788216	125430	-0,00051340729585894814
125440	-0,013929863216172336	125440	0,006302992622903774
125450	-0,0068084557447571177	125450	0,01085193218986962
125460	0,0036391720697775782	125460	0,0011175204855154064
125470	-0,0061747966244140176	125470	-0,00080190625748011071
125480	-0,0042082698476303571	125480	-0,0022774439886214751
125490	-0,005496498255907022	125490	0,0016056406144456009
125500	0,0069467132226859627	125500	0,016700681584916995
125510	0,0028168128797920323	125510	-0,018175234615762377
125520	-0,0037391083895501618	125520	0,0030626509325609283
125530	-0,023863513480137211	125530	-0,0069919584619243377
125540	0,0055926036011972723	125540	-0,000734389490524075
125550	0,015810547609034952	125550	0,013549291082103536
125560	0,0096357050990845856	125560	-0,0063036116048689021
125570	-0,010102202364760771	125570	-0,0087938591406576429
125580	-0,0039793862702437923	125580	0,0058160756781888579
125590	0,0099593984901515872	125590	-0,0067522117874524263
125600	-0,013280271738876984	125600	-0,014846307337184728
125610	0,022513634303372554	125610	0,0013908077039484054
125620	-0,00648245170054564	125620	0,010163532140296026
125630	-0,0038998216959003555	125630	-0,00834200862195975
125640	0,0031174700400860762	125640	0,010318535620492822
125650	0,0034303339750080142	125650	-0,0034244584803002341
125660	-0,0023074340263341624	125660	0,0065292441976530823
125670	-0,002885029404445366	125670	-0,017838029294847197
125680	0,0023627697962553275	125680	-0,0022811834971015769
125690	0,003670834315460459	125690	0,0020292024367283197
125700	0,0022686083776619183	125700	0,0045548483821890575
125710	0,0017938961938688263	125710	-0,013512030884369983
125720	0,0032827905575293003	125720	0,011675319506292161
125730	-0,011829649843938592	125730	-0,00802227347754917
125740	0,009520412969239056	125740	0,012824573166021133
125750	-0,0051457374620926541	125750	0,014092487746710614
125760	0,0028065959551159332	125760	-0,0064189900529213507
125770	-0,0084402424219898013	125770	0,0082023592978384078
125780	0,00876219037972536	125780	0,00400766338934557
125790	0,0009657739645180588	125790	-0,0033432318387214104
125800	-0,00132308781823396	125800	-0,0019838737967162435
125810	-0,0055950451049233269	125810	-0,0047576001804746516
125820	-0,020087763686144643	125820	-0,0065118275434368489
125830	0,0082242303595498438	125830	0,00083467587010791736
125840	0,0059904221488867107	125840	0,0089479357905529137
125850	0,0099652834926503	125850	0,00059995067624399757
125860	0,0066825547509084988	125860	-0,0098973539554439924
125870	0,0017656256848450152	125870	-0,0081648388348244325
125880	0,0073809205865098459	125880	0,0052110025951884829
125890	-0,0016982143881623777	125890	0,0057863520817380883
125900	-0,00965224265649681	125900	-0,0065436220719927015
125910	0,0051154460848345986	125910	0,0059706818678252156
125920	-0,0084077860222874883	125920	-0,0043262960274243244
125930	-0,00863301231753912	125930	-0,0082789939481583558
125940	0,011799786116940375	125940	-0,0034817639513171688
125950	-0,0055516051586961294	125950	-0,0069336153866215349
125960	0,0086130406435336	125960	0,012668264848268999
125970	0,001601513873042456	125970	-0,0042359145302993837
125980	0,0028745750849976911	125980	-0,006038378804315887
125990	0,014364177276800566	125990	-0,013067116413897762
126000	-0,0024892441304909738	126000	0,00930640298141951
126010	0,016540947478456535	126010	-0,0053404229995571342
126020	-0,0025258739673827534	126020	0,012434765304707033
126030	-0,0024213177701781388	126030	0,0061253459883278379
126040	-0,0018817139789480456	126040	-0,012348183066319098
126050	0,000979704828798034	126050	0,0072969029085537514
126060	-0,0032069704529677522	126060	0,013599546262236032
126070	0,0034806409024203387	126070	0,0029987931429991347
126080	-0,0061491124330255078	126080	-0,0073197065346760539
126090	0,00095474988380109932	126090	-0,01607653337473719
126100	-0,0021271436458208015	126100	-0,006686453580125264
126110	-0,002694112801856662	126110	0,0033282967004111506
126120	-0,0061647255561146407	126120	-0,00523994517073506
126130	-0,0035084011017370497	126130	-0,010479692680958535
126140	0,010780328178391875	126140	0,02274912774991087
126150	-0,018168923997449352	126150	-0,0058724356958820686
126160	0,023976629445490456	126160	0,007889329367747968
126170	-0,0006519377722575885	126170	0,0032153725532190255
126180	0,0022714703304703436	126180	-0,0089063078351953612
126190	-0,0011322316854604836	126190	-0,0012113224260863226
126200	-0,013249603542204128	126200	0,010568091615855776
126210	-0,0031884213326961778	126210	0,0088464623163041264
126220	-0,0082688944407960582	126220	-0,0084040715905881035
126230	0,0080616601110670739	126230	-0,0085079403698052839
126240	-0,016155351654085343	126240	-0,0041799414758577295
126250	0,01217299493313715	126250	-0,0013233011028922349
126260	-0,0059933911304106795	126260	0,0016705938989273481
126270	-0,0079572465053036542	126270	0,0026137469790827295
126280	0,000447172954484317	126280	0,0029826989710489576
126290	-0,020353125039476869	126290	-0,016908693331006381
126300	-0,0023930528905936397	126300	0,0055958289970261333
126310	0,011911206463630411	126310	-0,0042045882728080144
126320	-0,0089837502964076055	126320	0,0050227869713252039
126330	-0,0062333673041343679	126330	-0,0040180375487723257
126340	8,182776482497019E-05	126340	0,0096126516155892027
126350	-0,015017440429813933	126350	-0,0031398310553309677
126360	0,0054341000425658049	126360	0,002241240468027067
126370	0,013914110568802983	126370	0,018873031574580163
126380	-0,010081822604905439	126380	0,0016088736985771423
126390	-0,0130360456889436	126390	-0,0029469698769574722
126400	-0,018894328289749195	126400	-0,006645932254736529
126410	-0,0057423255037383041	126410	-0,0012400152128300621
126420	0,00911497665653819	126420	0,010981562815361791
126430	0,00073319121034680845	126430	-0,012395196222167658
126440	0,0071991066568705443	126440	0,01016776416450124
126450	-0,00062969308457425815	126450	-0,0041717322989266144
126460	-0,014939101886337038	126460	0,0016192738165101759
126470	-0,007499242528557922	126470	0,0042589419367902864
126480	0,0088693348231572919	126480	0,0039164066894591051
126490	1,6966215096600382E-05	126490	-0,0070239209413357848
126500	0,0034385364626896638	126500	0,0083410673978026647
126510	0,013741002179957773	126510	-0,0063655981809803185
126520	-0,0079641152814800657	126520	0,00032211562590347509
126530	0,0022030526094521849	126530	-0,00025341442549950074
126540	0,0032847893341848991	126540	0,00058241480468159941
126550	0,0093943859383631527	126550	-0,0066050598809680077
126560	-0,0017677115506006102	126560	0,0054913010129094674
126570	-0,010219384865914375	126570	-0,0065651191859680356
126580	0,00822012166418226	126580	0,00514408770082428
126590	-0,011715797366991141	126590	-0,015648781520316533
126600	-0,0038642902169192996	126600	0,013004809017295319
126610	-0,0081567158615052683	126610	-0,00531551627616779
126620	0,0028762573413131454	126620	0,0032947883811864911
126630	0,022607761907879782	126630	0,00076012389717808749
126640	0,0045988914531615525	126640	-0,0073150420942048227
126650	-0,010761939580012566	126650	0,011596860126884562
126660	0,0040641646209119871	126660	-0,0037013374272392222
126670	0,0073207092775906309	126670	0,0055700476820681709
126680	-0,0035348197181804125	126680	-0,0074538952878324656
126690	-0,0088669852914438369	126690	-1,1013343262472509E-05
126700	-0,0023529498270257469	126700	-0,00046701996111158219
126710	0,005686371993359798	126710	-0,0092293865644696889
126720	0,00035030989661043974	126720	-0,00049171403067524758
126730	0,021099472000154072	126730	0,0013192803043774208
126740	-0,014409822747951826	126740	-0,0029038419046786106
126750	0,001082152001772933	126750	0,010564556359303853
126760	0,013163283710159332	126760	0,0034860920843978204
126770	-0,019736640441428303	126770	-0,0041344846597976218
126780	-0,0015210032997700726	126780	-0,0054420331766377884
126790	-0,011402483079042859	126790	0,01266608607795058
126800	-0,0037361682600098927	126800	0,0044384609367324069
126810	0,023112880687406655	126810	0,013472124873193367
126820	-0,00669966852032278	126820	-0,0099662040508410755
126830	-0,0024000115183594713	126830	-0,012983429581149704
126840	-0,0043316795351537093	126840	0,016946754819053032
126850	0,0038239909704613916	126850	0,0019515618873770138
126860	0,012534152726736039	126860	-0,00307720356527962
126870	0,0013352689932255139	126870	-0,0037954871237598788
126880	-0,0069348068974873422	126880	-0,004998918939087338
126890	-0,0096695019116148084	126890	0,00093425841973563382
126900	-0,0063669106402338919	126900	-0,0049362795997722007
126910	0,0087467837593161058	126910	-0,008251821784557932
126920	-0,0035436126633864445	126920	-0,0048932254898762595
126930	-0,0027046994105583474	126930	0,0025000220780238887
126940	0,0071906672533287889	126940	-0,0031026798765350816
126950	-0,0076168566125505363	126950	-0,0010333300849589809
126960	-0,00055971546530139715	126960	-0,012510249263977168
126970	0,0003828596810758699	126970	8,224291934809642E-05
126980	-0,0027235359817666832	126980	-0,00871367319700645
126990	0,010963768389312014	126990	-0,010944932150272913
127000	-0,0090099842571620334	127000	0,0072697210594431213
127010	0,013960091753210243	127010	-0,0011693239545919247
127020	0,0033694340706789607	127020	0,0060700248512300919
127030	-0,0056180931719834624	127030	0,019150017726104987
127040	0,011244986099003231	127040	-0,00084186313407070743
127050	-0,0090564322365897579	127050	0,005197677450865754
127060	-0,0042271295047288894	127060	-0,01193494302383508
127070	0,0045393898855359618	127070	0,00903516184225545
127080	0,0063582162460692317	127080	-0,00671281098642275
127090	0,0078481022923937663	127090	-0,00051013592132469123
127100	0,0020899120303524616	127100	0,01239275410268542
127110	-0,010047493888142998	127110	-0,00084850997113104592
127120	-0,0068983913757938416	127120	-0,0085932016472188757
127130	0,01106801419372716	127130	0,0075040440096120833
127140	0,0020490978877611482	127140	0,00081426715567395271
127150	0,0055496824890316852	127150	0,0062709665581717295
127160	-0,0049122117931075819	127160	-0,0044442391179384576
127170	-0,015492400581642028	127170	-0,00548265636794736
127180	0,00018878903626571076	127180	0,0037730987031302323
127190	-0,0070234114488336424	127190	0,0065863784617135671
127200	0,0089093500857095661	127200	0,010061188333556232
127210	-0,011001466051723	127210	-0,0054942076828121853
127220	0,0040350646930368619	127220	0,00029915599220441526
127230	0,013419403581098808	127230	-0,00687584568208012
127240	-0,0079802374950327642	127240	0,0014518821439335351
127250	-0,0010050654635895733	127250	0,011098277063031627
127260	-0,013734040435181406	127260	0,0055592278915236768
127270	-0,003528037260451347	127270	0,015166673826901589
127280	0,002682936658477054	127280	0,0030035447877197635
127290	0,0059790867666629291	127290	-0,0029670609532345704
127300	0,010518731426339648	127300	0,012299435395316196
127310	-0,0082494743417927448	127310	-0,015447932532711244
127320	-0,0029781578035952307	127320	-0,0032512307875376262
127330	-0,0050091775324996295	127330	0,0026967332653232974
127340	-0,0089021298733145768	127340	0,0033359308830013283
127350	0,0053150611814361337	127350	0,0075809698372028486
127360	0,0058143817912186023	127360	-0,0041188195639355893
127370	0,0016144827878933343	127370	-0,010949833769450502
127380	-0,00072289421667085906	127380	-0,001885382596164983
127390	0,002628142130098432	127390	0,000949042158749395
127400	0,012660083212456756	127400	0,0083076391271459347
127410	0,0077783685999136551	127410	-0,0064968326587610276
127420	-0,015627160784163284	127420	0,008717172958556528
127430	0,0035575771417980279	127430	0,0039781504631593769
127440	-0,0007049209663497649	127440	0,0091837877037093431
127450	0,02273590326881654	127450	0,011901850948688389
127460	-0,017939854626312309	127460	-0,0010676034813882362
127470	-0,00026896871014092818	127470	-0,0051898487915789885
127480	-0,013079053790941422	127480	-0,0055659719390336523
127490	-0,00010079099245867064	127490	-0,00370312888277025
127500	-0,0094957410402648785	127500	-0,0037145359111227542
127510	-0,002521151347065812	127510	-0,00688993681709142
127520	0,0049153352672967844	127520	-0,0016066518926388846
127530	-0,0011836614160879678	127530	-0,000940645560053236
127540	-0,0094794054884181668	127540	0,0044636638624609912
127550	0,00376943721831288	127550	-0,0011833005330385532
127560	0,0061799329952870229	127560	-0,00010368599579639419
127570	0,000594136440189899	127570	-0,010256845607801542
127580	-0,0025606326292234617	127580	0,013761635934285052
127590	0,008851284744803704	127590	0,0088710400203088485
127600	-0,014673905063846599	127600	0,010588847346529713
127610	-0,00249571300322485	127610	-0,0047384580951520426
127620	-0,0063769406136683681	127620	0,0028837295748306113
127630	0,011120418578721815	127630	-0,0033216629149135537
127640	-0,017543604397915372	127640	0,0055547690970249031
127650	-0,00026911647748319227	127650	0,009331493666844529
127660	0,0034768323023553925	127660	-0,010081479413493003
127670	-0,011730133594486377	127670	-0,0070514506722781549
127680	0,0041617085666590878	127680	-0,012708443140854257
127690	-0,0075285914648351975	127690	-0,001638257434165892
127700	-0,0059699675155405144	127700	-0,0012517724956016083
127710	0,011369694844804126	127710	0,0053370656181416952
127720	0,0096692729709406365	127720	-0,0022907313302148822
127730	-0,00073899259473210357	127730	0,0058376146461824622
127740	-0,015307724022518725	127740	0,0013551916228395947
127750	-0,0051497958669926265	127750	0,0083236763160050974
127760	0,016132355716643374	127760	-0,0013660213394494432
127770	0,0028028656748270661	127770	-0,00017802006554614675
127780	0,00039407295744987039	127780	-0,0064952317932653308
127790	-0,0089482551768938125	127790	-0,0036875444781661309
127800	0,009254316819755231	127800	0,0068698732132803529
127810	0,0098718685026061657	127810	-0,013706284806816496
127820	-0,0075961274869395653	127820	-0,0036643978561793772
127830	0,01903932842104232	127830	-0,0075904287760063935
127840	-0,0094873736171308953	127840	-0,002141471542831471
127850	-0,0032787361253601255	127850	0,0072772741972560806
127860	0,0021044669506460911	127860	0,0031445249313574149
127870	-0,0027130668388751968	127870	0,0021749050607922436
127880	-0,0010646320687492459	127880	-0,013705001134994468
127890	-0,014856873069771409	127890	0,0088675046854253467
127900	-0,0059173454018119727	127900	0,0011428434822826753
127910	0,013973626947300906	127910	-0,0066955789264843924
127920	0,00046730084914797191	127920	0,012905382091226977
127930	-0,0036509472714449814	127930	-0,01087709689425607
127940	0,0047818820531801681	127940	0,012806402066889161
127950	0,0095432455322651561	127950	-0,0019237656168686237
127960	-0,0040837666031109388	127960	-0,013979151429520876
127970	0,0063362435865561275	127970	0,015520519268883624
127980	-0,010964601832913331	127980	-0,00608228056328107
127990	0,0089564661813220162	127990	-0,0071729035261032031
128000	0,012974219534165376	128000	0,010619945103280326
128010	0,016691409938080718	128010	-0,0032958508401892761
128020	-0,0038651255872277543	128020	0,0070567491199219371
128030	-0,006550520629294624	128030	-0,011977415336282288
128040	-0,011947811765038209	128040	-0,020741521418230682
128050	-0,0071181204400080581	128050	0,0015178307714983027
128060	0,010420730287878361	128060	0,0085772482969540213
128070	-0,00665895610442235	128070	0,002361844260094221
128080	0,010244323299081726	128080	-0,014434890502620968
128090	0,0026977230619384812	128090	0,0043644720354760287
128100	-0,0038744295879179322	128100	0,0067162335514356179
128110	0,015553889015458896	128110	0,009283847711946144
128120	6,3365497686603748E-05	128120	0,0086324762970821488
128130	0,016066054261469589	128130	-0,00431770531547061
128140	-0,0087659628347679947	128140	-0,0014515885604544643
128150	-0,002499768547926304	128150	0,013334372438720767
128160	-0,00028632523162436371	128160	-0,0089822779443965144
128170	0,0001629926297365351	128170	-0,0010725587744012583
128180	0,0099493028779980217	128180	0,0035244470262015505
128190	-0,0085534559924991486	128190	0,0038529998096641384
128200	0,000696827408042698	128200	-0,0054183752289825556
128210	-0,015188051533825677	128210	0,0073944563268265378
128220	0,012906160186074399	128220	0,004857105127353995
128230	-0,014788517232626234	128230	0,0020863686411417806
128240	-0,0007598083017978899	128240	-4,8618700037577921E-05
128250	-0,0013396514117088414	128250	-0,0072627162835035191
128260	-0,0026413298169392354	128260	-0,0058297500610655275
128270	0,012622785883728315	128270	0,003296448230965073
128280	0,015043417664612336	128280	-0,000806304865195188
128290	-0,0043589018773855029	128290	0,010886088235994752
128300	0,01254033825098267	128300	0,0029333661387364522
128310	-0,0070165129599569784	128310	-0,013412992504209857
128320	-5,2824910572805533E-05	128320	0,014139207382039528
128330	-0,002983622678402699	128330	-0,0042797172647411627
128340	0,0029167609801531934	128340	-0,0028420078701500689
128350	0,0085435770340485991	128350	-0,020999085922375312
128360	-0,0038640159562622796	128360	-0,0021944953565433442
128370	0,0039018513213302736	128370	-0,011687205869514827
128380	-0,01518156430485855	128380	0,011051695667834732
128390	0,003021154118721009	128390	-0,0056537229891626163
128400	0,016443599638911715	128400	0,0076829186766978778
128410	0,018232896767993025	128410	-0,0012564634562498213
128420	0,008364399645902177	128420	0,009015408168486963
128430	-0,016233145673488422	128430	-0,00038260599404338656
128440	0,0144093448962649	128440	0,0010345432869045012
128450	-0,0082913183466901633	128450	-0,00050146012833249287
128460	0,011162079968156002	128460	0,0044107045736124471
128470	0,013480516372161674	128470	-0,00043770566553394071
128480	-0,0021789001641789956	128480	-0,016605384374702742
128490	-0,0032238618647933591	128490	0,0007327768197591594
128500	-0,0059719173020207454	128500	0,0030428784733928429
128510	0,0065360164377924138	128510	-0,008158012006907172
128520	-0,00028904328063252726	128520	0,016284267615357607
128530	0,0023325988805238079	128530	-0,0036722435733501368
128540	0,00024267972368493862	128540	0,0024124543724203494
128550	-0,00674433640084026	128550	0,0025941548493446393
128560	0,0031230242136956383	128560	-0,0051019321372261775
128570	-0,0035544100387642679	128570	-0,0060745281976912922
128580	-0,00753352322542511	128580	-0,02367671107982329
128590	-0,012222209520556193	128590	-0,00013796425352510851
128600	-0,0080568676805625374	128600	-0,0055519216657265178
128610	0,014346208547957403	128610	0,017289987005295996
128620	-0,00765739219021444	128620	0,013258741119552952
128630	0,010814065694318885	128630	-0,0089779457033169682
128640	-0,0047519177635750543	128640	-0,011933117485624187
128650	0,0037863617429927479	128650	-0,0038973257443496979
128660	-0,00056767198313155312	128660	-0,0071946079008180994
128670	0,00022561343798522152	128670	-0,00051410808034022242
128680	-0,017361473156745404	128680	-0,00044637868397271526
128690	-0,0073749936312921044	128690	0,0034191600556939565
128700	0,0076232405281374043	128700	0,010910135641088234
128710	0,0071662242736980171	128710	-0,001174089505534505
128720	-0,016287948870767583	128720	-0,0014073626689279657
128730	0,0005457500507128648	128730	0,015356929170595729
128740	0,0029719578970522622	128740	0,0052967461077363734
128750	-0,0020906461004388463	128750	0,0058808143065511341
128760	-0,0065333805727183685	128760	0,0069993768769138149
128770	-0,01438500697482171	128770	-0,0030805156461765908
128780	-0,0075237430940104854	128780	0,005846261111282846
128790	0,0067004399541473157	128790	-0,010694436725781981
128800	-0,010861484775079882	128800	0,0089998368417719809
128810	0,0047544630130347959	128810	0,0046867015205489292
128820	0,0065342963344876713	128820	-0,0019856721566427916
128830	0,015594086968071587	128830	0,00010112525312369523
128840	-0,010391206330596446	128840	-0,010807225587382513
128850	-0,0029768099442809876	128850	0,0072369587915125134
128860	-0,006150145118417512	128860	0,0097238412172156452
128870	-0,0061464701324835651	128870	-0,0040531278037098479
128880	0,00013297830821529632	128880	-0,00026078196817646323
128890	0,0020584541321704681	128890	-0,0039061406695594619
128900	-0,007406726456938204	128900	-0,000564921901519715
128910	0,0067937461326131625	128910	-0,00044265995237615914
128920	0,00052211668281027185	128920	0,010110520518088842
128930	0,00865756853834584	128930	-0,00510787509945639
128940	0,0089688658957856049	128940	0,0061071619000233664
128950	0,016421561985295877	128950	-0,000658939410245935
128960	-0,011497996608016229	128960	-0,011232632772701931
128970	0,0066580043771322737	128970	0,012755287734165361
128980	-0,0016139792400038742	128980	0,0031460236768721629
128990	0,014097630267452727	128990	-0,0022382412579903229
129000	-0,009419758439340991	129000	0,003376891552070797
129010	-0,012291513567884167	129010	0,0013398808084288121
129020	0,012090945229138414	129020	-0,010274865829951544
129030	-0,0027071087057618996	129030	-0,010649882440476937
129040	-0,00059801878147857637	129040	0,00496815747981052
129050	-0,0079929995798971934	129050	0,0073747600900107456
129060	0,00100850961097274	129060	-0,0209249173293413
129070	0,00043558345186912596	129070	-0,0016461934450493589
129080	0,0053301120073043521	129080	-0,0020354412216879851
129090	0,0084905075025003846	129090	-0,0082320741195272048
129100	-0,011814231619036674	129100	0,013992167735677656
129110	-0,00043870736485681055	129110	-0,015259689199451337
129120	-0,0071976002468089	129120	0,0058303411706912885
129130	-0,010023484670710466	129130	0,00589229938696489
129140	0,0017214092079373747	129140	-0,0023862749423208358
129150	-0,012788094678143985	129150	-0,011461903124735263
129160	0,0017377636783023176	129160	-0,00445036088246564
129170	0,009144546222337898	129170	-0,0044573484306351836
129180	0,00327754561654759	129180	-0,0023463532377362463
129190	-0,0064152135887618087	129190	0,00038334107003980614
129200	0,0026939208207501582	129200	0,010548708655122635
129210	0,014120176271561594	129210	-0,0018184249441892328
129220	-0,0084904682573912881	129220	-0,0084165396594344469
129230	-0,0041391593576504586	129230	-0,0017761910569814576
129240	0,0057291020452881836	129240	0,00403273044721072
129250	0,0036979518377779339	129250	-0,0058716668234920708
129260	-0,014148944880255369	129260	0,0065503148319041053
129270	0,008551790502656505	129270	0,0016682067513566902
129280	0,0066236576863803465	129280	0,0015774443408832035
129290	-0,011514638057777514	129290	0,00041684087287187556
129300	-0,0056421859985615469	129300	-0,0037945989798517888
129310	-0,0023313965128432153	129310	-0,0018902418941137732
129320	-0,0086177866693523328	129320	-0,0037713196974473954
129330	-0,0038210376666946845	129330	-0,0037712106879229418
129340	0,012294014684652814	129340	-0,0072148916525891157
129350	-0,0010943415167333716	129350	0,012427511167540878
129360	0,0034041938386913852	129360	0,0023512811451811637
129370	0,00895905816160768	129370	0,011936229830059148
129380	0,00016418837453324061	129380	-0,0016579009941908266
129390	-0,0053690415333723981	129390	-0,0043454247162180515
129400	-0,0020432466691851408	129400	0,002692757070316739
129410	-0,00417612011434331	129410	-0,0001692764183117875
129420	0,00060391446329958174	129420	-0,0013934479521155163
129430	0,0030264519755140891	129430	-0,00387502334679438
129440	0,0064882259468670373	129440	-0,012281097095566247
129450	0,00934678304030791	129450	0,0039111347074310887
129460	-0,0038114481721327454	129460	-0,0063486030356005793
129470	-0,01360604328375971	129470	0,014722758299875441
129480	0,017068924618998234	129480	-0,012743929960003663
129490	0,0031642928413981	129490	7,410058712162699E-05
129500	-0,0030190098149638256	129500	-0,0020578460396221306
129510	-0,0041578610289236522	129510	0,0010013520321128626
129520	-0,0060753729050551306	129520	-0,0015958458894623302
129530	0,0023269888898892152	129530	-0,0037300886083406421
129540	0,018206053629009844	129540	-0,0036356434626102449
129550	-0,018527603917112206	129550	0,0057966493869528743
129560	0,00061676147614200328	129560	-0,00876443372990912
129570	0,0017245380822316367	129570	0,0029107350990312461
129580	0,0047605196673954128	129580	0,0062592529855315261
129590	0,0046521694544792982	129590	-0,0034664056141601425
129600	0,011112550680743578	129600	0,0039024564145994497
129610	0,0093415789081536457	129610	-0,0078326103516144149
129620	-0,0013340905677759842	129620	0,0011795745586440074
129630	-0,006372977831233642	129630	0,00229131581558853
129640	0,014706888502724766	129640	0,0048845732150301314
129650	-0,0074891028825235855	129650	0,0046234627640044709
129660	0,0017264856013574264	129660	-0,010538228761718733
129670	0,0010980136055060111	129670	0,0060132300224856189
129680	-0,00029874262239371649	129680	0,014325472495705927
129690	0,010201425757325617	129690	-0,0085011459516401572
129700	-0,0076347742767699355	129700	-0,0072743841603863674
129710	0,0043853022269630627	129710	0,0072729046513128771
129720	-0,0089026085114709431	129720	-0,01172275121757508
129730	0,015789426146777731	129730	0,0064891569352713094
129740	0,021329400409584053	129740	-0,0059696468160982509
129750	-0,019091062928250566	129750	-0,00478235605595543
129760	0,0035056352388681579	129760	0,0070497301179922988
129770	-0,0108671752617418	129770	-0,006847863603024181
129780	0,0092769002191092562	129780	-0,0095929852069213655
129790	0,010238017266162611	129790	0,0041838738074740757
129800	-0,0064232818811091746	129800	0,0026556410205467503
129810	0,027020079315168092	129810	-0,00081912161355167129
129820	-0,0011730409735794078	129820	0,0058247573151431684
129830	-0,010013994016819119	129830	0,00079020001572221424
129840	0,0027447841287151923	129840	-0,0076349734780150934
129850	0,0022026133830823349	129850	-0,0080220723299425679
129860	-0,0091284875835776214	129860	0,0078261096870120509
129870	0,003588686983791375	129870	-0,010610387674129921
129880	0,007593635175794579	129880	-0,0045720835992029826
129890	-0,0056288685348143885	129890	0,00013211212095968483
129900	-0,010864373273851109	129900	0,0068892120652695819
129910	0,0017803942607007288	129910	-0,01280705134354689
129920	-0,00024002353375739491	129920	0,0029694599681406439
129930	-0,0038570830115539517	129930	-0,01303064556522511
129940	0,024881122443397637	129940	-0,004006921897064487
129950	-0,013652403753743016	129950	-0,00123309389802596
129960	-0,0082103025423481569	129960	-0,00916199834226839
129970	-0,0021570667381749	129970	-0,0014440139747766048
129980	0,0082609809542025271	129980	-0,0011448854940052516
129990	-0,01401996105134814	129990	0,0042139024805300986
130000	-0,0080838143661445764	130000	-0,0018521432871682661
130010	0,023113798935688795	130010	0,0056845053230387211
130020	-0,0068862958499553177	130020	-0,0017732005055757186
130030	0,0010968929351352365	130030	-0,0062552207742634213
130040	0,0096769917435109883	130040	0,011562629083993959
130050	-0,01886082862381501	130050	0,0060872430780396026
130060	0,0015501772000501431	130060	0,0021633858628098534
130070	0,011376002924314359	130070	0,0044573335297462624
130080	-0,0051201038367166369	130080	0,010446278963118096
130090	-0,011469510608227837	130090	-0,0095874153079766322
130100	0,0043046894544809923	130100	0,0063720700541365612
130110	0,019704027606694565	130110	0,0013340077959641994
130120	-0,0010826789832787086	130120	0,012291328841287162
130130	-0,011475671278093496	130130	0,0024727485913724544
130140	-0,012982165180476497	130140	-0,0066626561247331963
130150	-0,00033894376621501404	130150	-0,0018293259924876825
130160	-0,002021426722417475	130160	-0,0025107582019568237
130170	-0,001477833309763757	130170	0,0072572681909171821
130180	0,0055891414522453477	130180	0,0040142539711631835
130190	-0,0068593855172657476	130190	0,009009133276547017
130200	0,0051678749968500793	130200	0,007061592603963553
130210	0,001591055240707883	130210	-0,012582753587641724
130220	-0,0080918552344234028	130220	-0,007028710483508319
130230	-0,015510954505674707	130230	0,0029467865442135916
130240	-0,0013971464710163791	130240	-0,0030544490458998862
130250	0,00063406331558053233	130250	-0,0085505881967510231
130260	0,007805706577895654	130260	-0,0072733816145194585
130270	-0,014217497480005449	130270	-0,0036096529756589435
130280	0,00040647457457291787	130280	0,000687211107971622
130290	0,011122870785228828	130290	-0,0087659267465479643
130300	-0,0095802657154082579	130300	-0,0069666156806873856
130310	0,00273311465855844	130310	-0,0014232822726966872
130320	-0,0016451105345372987	130320	0,02500665070626246
130330	-0,0067230063128506335	130330	0,012754556943783961
130340	0,0039342943702578657	130340	-0,004043676227417174
130350	0,01272213956869543	130350	0,014586672090719966
130360	-0,007438724800049366	130360	-0,0090282594723290512
130370	-0,013619347639715909	130370	0,0046594908222140421
130380	0,00668621737007742	130380	0,011304773828483102
130390	-0,0060288071854654917	130390	0,0013179067499247377
130400	-0,0052023238983898981	130400	0,0049141967356750322
130410	-0,0067735842347833421	130410	-0,0043052447766030316
130420	-0,001653764571883397	130420	-0,0020870267068747251
130430	-0,0039908657144942447	130430	-0,016702434288467051
130440	-0,00036568832793411495	130440	0,00090481262569138624
130450	-5,1329761605530584E-05	130450	0,0024559222971547385
130460	0,0024205873478606037	130460	0,0059383074195603095
130470	0,004919204130101669	130470	0,00056659605932903013
130480	0,0093408067493309169	130480	-0,0065906127084177819
130490	0,010610313986017254	130490	-0,014478956412492951
130500	-0,017573292021955525	130500	0,018671796324866329
130510	0,016590253956461881	130510	-0,018911292114044527
130520	-0,0034797438695793772	130520	0,0017350821184695031
130530	-0,012979103492193998	130530	-0,007758575308313205
130540	0,0021902052313849422	130540	-0,0039318967294502951
130550	-0,00655599729146958	130550	-0,0024443700062269373
130560	0,0067223803098771335	130560	-0,00616426418177542
130570	0,0073427348775989693	130570	0,013102847443911948
130580	-0,0017568499617624672	130580	-0,0066548261527406916
130590	0,0035497388206927505	130590	-0,0063742780783431346
130600	0,010476193087873594	130600	0,00087596986552502826
130610	-0,0019615086201825792	130610	0,00040586346452218484
130620	-0,03170230611317304	130620	-0,0067784773198629328
130630	-0,0026359959577458127	130630	-0,0011954105838780965
130640	0,006488431931761008	130640	0,0077383811560030082
130650	-0,0065690970509818666	130650	-0,013735873214360487
130660	0,0042223519991811285	130660	0,0027334666059280776
130670	0,013684056247270768	130670	0,0017581118351904213
130680	0,0061927273205047862	130680	-0,0059949187645419195
130690	0,00904824674157793	130690	-0,0053474423918835065
130700	0,00054965122411816637	130700	0,0074024991510958267
130710	0,0039141876861550863	130710	-0,0075291698581003846
130720	-0,0072286135868742047	130720	0,014358030982173484
130730	0,00804521698122917	130730	0,003933352164327812
130740	0,00075508683243842871	130740	-0,0087503376345847671
130750	-0,0049873063513656262	130750	0,014460631239943971
130760	0,0087032864035696232	130760	0,00092005703463701456
130770	-0,0022572123804902862	130770	0,010242472766804955
130780	3,4453394292780944E-05	130780	-0,0040459318005719056
130790	-0,0019991294648416735	130790	-0,011345092478995034
130800	-0,011034611859938582	130800	0,0010050960046524035
130810	-0,014924020257617941	130810	-0,0029716833932835109
130820	0,018016983403066844	130820	0,0040744408370079832
130830	-0,0060964165438326563	130830	-0,0027232176251669785
130840	-0,0067181966446371658	130840	-0,018636681151936112
130850	0,010307114368907416	130850	0,00904323284757655
130860	0,0032179095934573086	130860	-0,0075306890945155041
130870	-0,0065045591778208969	130870	-0,00029598693848159217
130880	-0,0027037784474001321	130880	0,0027992428623016042
130890	-0,00035523420169128678	130890	0,0024931979602669063
130900	0,0066527566622105452	130900	0,0080364086894361073
130910	-0,0051365260543438634	130910	0,0047094974560784866
130920	0,0074940352849228991	130920	-0,0025335114111756148
130930	-0,0077580021736369052	130930	-0,002384132101503237
130940	0,010710801078498271	130940	0,0058714187540172564
130950	-0,011023394704743275	130950	0,00028168073945583177
130960	-0,003703803109196116	130960	-0,011940016620145426
130970	0,00045845919269351434	130970	-0,0021325245029649611
130980	-0,0029796272801190836	130980	-0,00036409893042925375
130990	0,0015302158226998563	130990	-0,0026030065095707447
131000	-0,015893200192381021	131000	0,0022251341757528855
131010	-0,0003706325408353938	131010	-0,0076718526505734517
131020	-0,0062531770587800958	131020	-0,0028947178528273276
131030	0,0074938525846295892	131030	0,005302864650748482
131040	0,011828568471986926	131040	-0,0067213494531437774
131050	0,0011800986032691522	131050	-0,0026026058763208696
131060	-0,00173995837573508	131060	-0,00549047682999732
131070	0,015107664993576997	131070	0,0072097387208226093
131080	0,011313863683279307	131080	-0,0057643148654380827
131090	-0,022280846819867511	131090	0,0014064967581631004
131100	-0,00983409926772304	131100	0,010315106285199938
131110	0,013298860261315547	131110	-0,012522227622897722
131120	0,0072926757069673633	131120	-0,003567749892954216
131130	-0,004638449665436941	131130	0,0086408742870237362
131140	0,0033192542913698911	131140	-0,0078590316467565587
131150	0,0025485484854008609	131150	-0,010367478584178649
131160	0,01447193322784473	131160	-0,06317312058604857
131170	-0,0086596641806418826	131170	-0,13438368262208747
131180	-0,0071979364714297046	131180	-0,19644249916749876
131190	-0,0029469047647153203	131190	-0,28726310577052971
131200	0,001394386505553617	131200	-0,35753483251102319
131210	0,0051139342733383169	131210	-0,38909254838741164
131220	-0,0076061059790307976	131220	-0,42410880554374825
131230	-0,0049762166339243109	131230	-0,41067702417689211
131240	-0,001859036499009806	131240	-0,34410271727671077
131250	0,060813799514756274	131250	-0,28418708115533814
131260	0,051003182139082483	131260	-0,25767229604041841
131270	0,013055622980712613	131270	-0,15746650028603842
131280	-0,0028431957182188136	131280	-0,35294262255198328
131290	-0,0068899895600174612	131290	-0,31233906539587941
131300	-0,041096401843723929	131300	-0,1495464086211829
131310	0,085437915917979709	131310	0,086718754415473873
131320	0,060127920883036062	131320	-0,11743360104956153
131330	-0,20108197307856998	131330	-0,00037834659911903579
131340	0,10210769039220929	131340	0,13454577854697811
131350	-0,1104998803618816	131350	0,43068747731914464
131360	-0,14098865178161171	131360	0,51348844480351274
131370	0,047128022352968195	131370	0,82824410799000114
131380	-0,0827944041789666	131380	0,787703092248948
131390	-0,11652939299483332	131390	0,585319997165474
131400	0,11225953579261279	131400	0,45982121955349436
131410	0,029535044106677472	131410	0,21070847490688824
131420	-0,06940001560329595	131420	-0,0069238250156221657
131430	0,12119583010786614	131430	-0,018305128088359303
131440	-0,003661771537196603	131440	0,051978484965509504
131450	-0,070419964577973573	131450	0,037731791677333072
131460	0,16871727328858335	131460	0,1308341250154984
131470	-0,0533644682224469	131470	0,36328740907271229
131480	-0,067924057682505312	131480	0,10597653379380979
131490	0,010699844517204557	131490	0,25790158545401021
131500	-0,1154772083836341	131500	0,65297304762417308
131510	0,10101083208610073	131510	0,13824526363558629
131520	-0,14378760906910368	131520	0,55934628098532446
131530	0,10411808005425273	131530	0,55244930445572649
131540	-0,030964966589140996	131540	0,52775434693065026
131550	0,03685768608037799	131550	0,24223942765337042
131560	0,0012009600337325832	131560	0,31366478437246614
131570	0,0137276781031892	131570	0,38975011469654408
131580	0,098433715588570309	131580	0,27532007301339839
131590	0,10506130344458046	131590	0,28576060060863651
131600	0,03446491521147222	131600	0,19436628626527003
131610	0,0463445118998397	131610	-0,0487824422638156
131620	0,0020724978036553996	131620	-0,22677203673324378
131630	-0,044308623957416686	131630	-0,36523394282516108
131640	-0,069839724872982983	131640	-0,43946449370396223
131650	-0,052181658310839277	131650	-0,44448005244161337
131660	-0,019667864173466082	131660	-0,44310102046323213
131670	-0,0191468487797568	131670	-0,42009852425333954
131680	-0,001288852408067127	131680	-0,39888401011541791
131690	0,0040367933243310649	131690	-0,37547359912690126
131700	0,0015261080175774312	131700	-0,33944270283707123
131710	-0,0052739583333719807	131710	-0,31428957022894211
131720	-0,019916031466609547	131720	-0,27082147679469337
131730	0,0071731392896650916	131730	-0,21621841815310372
131740	-0,0043765994660985028	131740	-0,18503406944624093
131750	0,005410668480685033	131750	-0,12488124048463976
131760	0,0017759797469312541	131760	-0,10500803998002985
131770	-0,00717010923367999	131770	-0,057251436502652311
131780	0,0086400770784315056	131780	-0,045961804025861162
131790	-0,010180226366552924	131790	-0,042547451640672244
131800	-0,024096630723540971	131800	-0,024226650093207246
131810	0,015159643082343724	131810	-0,037748157312525732
131820	-0,0038002197554704432	131820	-0,031389491929454477
131830	-0,0072074034895637787	131830	-0,011694884736698519
131840	-0,010406900921860425	131840	-0,01630578562448564
131850	-0,02126554073284977	131850	-0,021820960082623589
131860	0,014330680684542362	131860	-0,017286735800008904
131870	0,020592580954152596	131870	-0,014397550021785827
131880	-0,012542630016213953	131880	-0,013465928995935317
131890	-0,0066327314579243679	131890	-0,0167894317460255
131900	0,00991679756036622	131900	0,004470171022208376
131910	0,0017309173908869229	131910	0,0053195796069737235
131920	0,0045816809508308718	131920	0,015563276873032576
131930	0,002696665298364832	131930	-0,012176128446974747
131940	0,0094513763381498944	131940	-0,015191350800939347
131950	-0,0032822132622655916	131950	0,0020932850513055152
131960	-0,00214316451290006	131960	-0,000278290810085577
131970	0,0046206599374140718	131970	-0,0037151135535758583
131980	0,011580408527792295	131980	0,0012888671803095036
131990	0,0022499441999136883	131990	-0,0003337188714469806
132000	0,0026708774478515574	132000	0,00053202912489773489
132010	-0,0075790231674390416	132010	-0,0034321245013843545
132020	-0,001970553928313495	132020	-0,0069555980790731876
132030	-0,0030595430464950488	132030	-0,0020740805596110579
132040	0,0068715205910607991	132040	0,0034039952969762916
132050	0,00756069048791	132050	0,011814530346193905
132060	-0,0026574075798850875	132060	0,0060990751140950284
132070	-0,0034184787812790861	132070	0,0022932780187294279
132080	-0,00933646220030623	132080	5,6155215297004427E-05
132090	0,0041128068687708609	132090	-0,0065551221441767079
132100	-0,0081351167038192038	132100	0,0063603632616230678
132110	0,000838067554962991	132110	-0,0092921855541540279
132120	-0,0038109399858794117	132120	0,00040965279408344504
132130	-0,00023233413486979407	132130	0,0034267123248635277
132140	0,003822315294301304	132140	-0,00802799288424869
132150	-0,011960668427961533	132150	0,0079443831733204354
132160	0,019223449778593048	132160	0,010522687571837519
132170	0,0053712822111102046	132170	-0,0039005100569784222
132180	0,0085628492066426587	132180	0,0089623770172803843
132190	0,00074994296890256253	132190	-0,0093862235761204837
132200	-0,0077433166187807455	132200	0,0023664072902540097
132210	0,005619077010027819	132210	-0,00035597183311368282
132220	-0,003049664857369236	132220	0,010894069099719709
132230	0,0027815995860577219	132230	0,012424256037632484
132240	-0,0082393403101497335	132240	-0,01678823437993511
132250	0,0022799923487730376	132250	-0,0033948967063562184
132260	-0,013336321963029103	132260	-0,0048809423264889211
132270	0,0005658219793006268	132270	-0,00052169434456428364
132280	0,0018788285287106462	132280	-0,0023714554690415909
132290	-0,0093808649238959953	132290	0,0019637676138181182
132300	0,00087945425328381731	132300	0,0054621404509151055
132310	0,00085263069732902542	132310	-0,01041673076610874
132320	-0,0014374301732940022	132320	0,0048890388389615643
132330	-0,0018806423517462553	132330	0,0044032483731340551
132340	0,0020125397641830717	132340	0,003460957038601073
132350	-0,0075905217391424966	132350	8,0096166534659625E-05
132360	0,0026013427032658626	132360	-0,0060566732023379444
132370	0,0062858686298815853	132370	0,0062299956033769963
132380	0,0053886765919145064	132380	-0,0019773882154440967
132390	0,0083128408674394121	132390	0,0038763033347590974
132400	-0,00808384061925699	132400	-0,010093784226160684
132410	-0,0039619185094087878	132410	-0,013704554384240376
132420	0,0031989034876720446	132420	-0,0052903541540797582
132430	-0,010445690759255801	132430	0,0005774950797035629
132440	-0,008607173667967356	132440	0,0031737598751499741
132450	0,0030624664368599525	132450	0,0075290114558876518
132460	-0,0038606439733152825	132460	-0,007842718257717254
132470	-0,00056296463212297419	132470	0,0033595775339800931
132480	-0,018040022221030128	132480	0,0032258374448259834
132490	0,0038060521899533641	132490	-0,00073236287690497568
132500	0,013456156123415646	132500	0,0034828337083498647
132510	0,0097749530920343882	132510	-0,0053915235768532471
132520	0,005810751046561204	132520	-0,0028166971154644821
132530	-0,0036122071553599793	132530	0,013765774355141204
132540	0,00800144138417229	132540	0,011210421530015148
132550	-0,00037343297943066432	132550	0,00088368597223488683
132560	0,0037081943040258155	132560	-0,0027232434813861096
132570	-0,00988584609033471	132570	0,0025787715911724345
132580	-0,00504132374557672	132580	-0,0017232904396697331
132590	0,0088690470340400847	132590	0,0028921657112749495
132600	-0,0067647547906021866	132600	-0,011319448091163267
132610	0,00020822327820039168	132610	0,0054414676878438871
132620	0,0033785185273860876	132620	-0,00911668265286873
132630	0,0026048256695218384	132630	0,0087996022200337969
132640	-0,0010729257633446234	132640	0,0054631695177334693
132650	-0,0080225888103764159	132650	-0,0027993056264803782
132660	0,0081506536603625831	132660	0,0015574436474826085
132670	0,0022204937670567853	132670	0,0018655719416144337
132680	-0,0009518534034193008	132680	0,0042773712449744768
132690	-0,000920425870600334	132690	-0,0028602642884017022
132700	0,011851209958437945	132700	0,0067309340273914121
132710	-0,0043361327178477911	132710	0,011145757655431765
132720	-0,0072393460332898481	132720	-0,0071835062917334734
132730	-0,001779458152131846	132730	0,00353338095720548
132740	0,001933041684948403	132740	-0,0094446393715310814
132750	-0,011460000226211244	132750	0,000240416103583124
132760	-0,0044830375910582219	132760	-0,023281989837814123
132770	0,01060641865728873	132770	6,63565259125509E-05
132780	-0,01038043462843956	132780	0,0030068236146595017
132790	0,0013364737653268094	132790	-0,013913583305570127
132800	-0,009192412108446785	132800	0,0070423273868120088
132810	-0,0028842765509713895	132810	0,0014508578785767006
132820	-0,011266821384858846	132820	0,0066419443164991718
132830	0,013360171995370608	132830	-0,012879464625908745
132840	0,010315820041593312	132840	-0,0055361850529460936
132850	-0,0029980870113304183	132850	-0,00913952569995812
132860	0,012985054350443509	132860	0,0006884743656910624
132870	-0,0092626313997841159	132870	0,0205065562358145
132880	0,0080108960277405668	132880	-0,0038202261217805933
132890	0,012039821500549006	132890	0,00045734277570764662
132900	-0,0075630367612804358	132900	-0,02510403691646329
132910	-0,014871298934064284	132910	0,0011229122418308765
132920	0,015835158084881149	132920	0,0084040285670724489
132930	-0,021026879006491053	132930	0,0032639445753043033
132940	0,024907593469520879	132940	-0,00433354766524628
132950	-0,0079803839978191578	132950	-0,00074222388754439212
132960	-0,0018612229312338136	132960	-0,0073167518173917956
132970	0,003510793109382709	132970	0,006168250161831393
132980	0,0013449123584450527	132980	0,01101150077306611
132990	0,021440193903605111	132990	-0,00071229971079227151
133000	-0,0067694481403773373	133000	-0,00065169608338635316
133010	-0,011316917845625463	133010	-0,011006824221712862
133020	0,0051668436654322449	133020	-0,0012605294066799029
133030	-0,016041783476332994	133030	0,015615159453490396
133040	-0,0021600224700556031	133040	-0,0060542967084563888
133050	0,0039148076570152028	133050	0,0073040873061641859
133060	-0,0055514971143423427	133060	-0,0015691272575351115
133070	0,0012262500080607011	133070	0,0015922358648933575
133080	0,0042891943643637385	133080	0,0069226727087052953
133090	-0,0025781315146985351	133090	-0,0014578171454092334
133100	0,0074015077892539563	133100	-0,013654990162825233
133110	0,0013285656554086157	133110	0,0016729627369869327
133120	-0,00402646175251393	133120	-0,0092146821245907961
133130	-0,0006586542014085546	133130	-0,0071851758401366411
133140	0,00425211985929217	133140	0,0069803191626873814
133150	0,0033437294273957557	133150	0,00023211491162068325
133160	-0,0074404493731913745	133160	-0,0064262096489962738
133170	-0,006456371242460731	133170	-0,004890188305109633
133180	0,00259278148393902	133180	0,0032561586296090319
133190	0,0079707258075837617	133190	-0,0053918941060961643
133200	-0,0022544881137419523	133200	-0,011178072017861043
133210	-0,0053853805745704142	133210	0,0099741647076169154
133220	0,011759747346967317	133220	-0,0092733454326042828
133230	0,008697404171580032	133230	0,0024614759515585297
133240	-0,011145870432970252	133240	0,00077727745710341463
133250	-0,00939011673416183	133250	-0,0016222127244576851
133260	0,0081348947818624638	133260	0,012551127315326984
133270	0,004135897948973055	133270	-9,9187398773598517E-05
133280	0,005124685326593905	133280	-0,01383072188888434
133290	0,008269331061779097	133290	-0,0094995835743652435
133300	-0,0053955949057029979	133300	0,0027259195541528892
133310	0,0098077440517420223	133310	0,0030103588905319085
133320	0,0039895022629457813	133320	-0,007229964910879837
133330	-0,0051326729059898079	133330	-0,0065592299589955919
133340	0,0023652560808078444	133340	0,000284704766314321
133350	0,0073742997644290357	133350	0,0010783059355399848
133360	0,015214629927205377	133360	-0,012120302288529889
133370	-0,0045470993574700577	133370	-0,0073260731910059131
133380	0,00552472830680687	133380	0,0028155916991695483
133390	0,013025370809410271	133390	0,00020816742255696946
133400	0,0020945033532951377	133400	0,00519070071898426
133410	-0,0095452768738286935	133410	-0,010299305713499045
133420	-0,012655634318566688	133420	0,0042465801836511991
133430	-0,0017559198121503172	133430	-0,0052476747144466745
133440	0,0059704813179889465	133440	-0,0012714138177525086
133450	-0,0078589429825418212	133450	0,0043315683598467115
133460	0,0093842984713107067	133460	-0,00030850661521372534
133470	-0,0016328022931927681	133470	-0,0072181377053393662
133480	0,0092986978505066546	133480	-0,0042918820357687659
133490	0,0063939085242007108	133490	0,00056709744956671688
133500	0,00018463857758535367	133500	-0,0035971531157315412
133510	0,0086619448905504472	133510	-0,00790901957321041
133520	-0,00060504172721694309	133520	0,001830571749775902
133530	-0,00029974374882829141	133530	-0,0020010610144856875
133540	0,0039879341007200506	133540	0,0044260820684855866
133550	0,0030026436995827369	133550	0,01236104487174231
133560	-0,0082003834223070976	133560	0,0087724423375160759
133570	0,018368853865619619	133570	0,01125036793017173
133580	0,0052904010866488011	133580	-0,0026555515460023652
133590	0,00099012674949559864	133590	-0,015051217696007193
133600	-0,0074077750623514757	133600	0,003604891601012098
133610	0,0055842486853613536	133610	-0,010575640574311851
133620	-0,010390189039401683	133620	-0,008429570998256716
133630	0,010788853391121671	133630	0,0065171243999897939
133640	-0,0016460337291446631	133640	-0,0053110757180035864
133650	-0,0037795162249991709	133650	-0,0081920491609872564
133660	0,0080206236350532645	133660	0,0056079093256198595
133670	-0,0089728696346325527	133670	-0,0090164043929867356
133680	0,0006398976244082926	133680	-0,0081007598600531215
133690	-0,0060935285646379761	133690	0,0058402600748248511
133700	-0,014443337701186419	133700	0,0025091888102750956
133710	-0,0011090869274729082	133710	0,0010409346343004658
133720	0,0030016324404864209	133720	-0,000500629504405697
133730	-0,0013235757432340093	133730	-0,0077093851737059446
133740	0,0087433572361826726	133740	0,0072133221034989918
133750	-0,012790009241296285	133750	0,00032858854375943249
133760	-0,015317637156142415	133760	0,00092990872996787652
133770	0,017129741879777925	133770	0,0040033207002235791
133780	0,0083399946066086833	133780	0,0034476527502976047
133790	0,010528096787135993	133790	-0,0022445822518520142
133800	-0,0024855202628225573	133800	-0,005171847357859494
133810	-0,0061004569650324929	133810	-0,011328098600136345
133820	-0,0006853684931527812	133820	0,0031012752093863656
133830	-0,0042907292148894874	133830	-0,00019470533570237002
133840	0,014228239621459993	133840	-0,0005609886813599845
133850	0,00597208450082418	133850	-0,0060756413781161067
133860	-0,0020422825715165635	133860	-0,012071578022170187
133870	0,0022109765460906839	133870	-0,0097733973895207989
133880	0,0042302494396464141	133880	-0,0039991136059638931
133890	-0,0095667067260857917	133890	0,0043136754154411878
133900	0,0011818506335751469	133900	-0,00241828787098046
133910	-0,00339144974283993	133910	-0,0071215545855843219
133920	0,00949043186656183	133920	0,022472678570323763
133930	0,00031385252917277346	133930	-0,00409484099554085
133940	0,0017017996737532372	133940	0,002992581329333513
133950	-0,0014221013992201878	133950	0,0021061154103548885
133960	-0,0062821204009980936	133960	-0,0010976588613667345
133970	-0,013055498887931031	133970	-0,01041635564000987
133980	-0,0036327092976637422	133980	0,0066990478300582605
133990	-0,006506173580643264	133990	0,0033072807662860148
134000	-0,010618322545961246	134000	0,009162841227210082
134010	-0,0011481737785948359	134010	-0,0039811047553616127
134020	0,012597477989346238	134020	0,0095177068278858839
134030	-0,0025708509774984047	134030	-0,016590471528742354
134040	-0,012132505259171452	134040	0,007252001631184034
134050	-0,0019965483782470516	134050	-0,0039013921112317934
134060	0,010200635971239746	134060	0,004003280125131385
134070	0,0064879819908331667	134070	0,0060504727062989623
134080	-0,008022780293260319	134080	-0,011179712666118535
134090	0,0040156876698711286	134090	-0,0009266208164153526
134100	-0,01096664578358407	134100	0,0078070717313694664
134110	-0,011807389748367259	134110	0,0050147160888519933
134120	-0,010670421486438011	134120	-1,5628842621377942E-05
134130	-0,0010036299575025625	134130	0,011987384572893585
134140	0,013587718422533146	134140	0,00060007853257446726
134150	-0,0097657228416710862	134150	-0,0031439210270486737
134160	0,0063112243882909591	134160	0,0026694438869968441
134170	0,012670707493290459	134170	-0,0031074048857344305
134180	-0,00744581793923917	134180	0,0028445631883012913
134190	-0,0056191020824499236	134190	0,010760735440783573
134200	-0,014062160072186112	134200	-0,003427843865190198
134210	0,0035466993275621852	134210	-0,0023270816178554495
134220	-0,00054076125967985516	134220	-0,0099410238551744488
134230	-0,0057180191472954627	134230	0,014789070773337304
134240	0,013093564967788721	134240	-0,0075081649942555272
134250	-0,0070528964094172478	134250	0,002564561670672344
134260	-0,012611956719583038	134260	-0,0024274299496280919
134270	-0,00015209547143438688	134270	-0,005517549120372181
134280	-0,0079329224073750332	134280	0,0048656380097782774
134290	0,003912536074689367	134290	0,0046633500601619311
134300	0,01511125723925842	134300	0,015785436573241381
134310	0,0027145095394749581	134310	-0,0084831505989281814
134320	0,0096730401126054015	134320	-0,0050663610626212035
134330	-0,0051176532642541739	134330	0,015829420194847284
134340	-0,014785710090610171	134340	0,0067990010930849189
134350	0,0056953796077534565	134350	0,0023611066833471
134360	0,007701992536741668	134360	0,012878121127114605
134370	-0,0069632256201820029	134370	-0,0044435557109261019
134380	-0,0018256433271495842	134380	0,0015390378500760576
134390	-0,0068939660603819578	134390	0,00045384338958644454
134400	0,0054723117721143157	134400	0,006642239516690184
134410	-0,0008514942602583477	134410	0,0056694065808408477
134420	-0,013782107075245634	134420	0,0025522839442982562
134430	0,0056962794222567611	134430	-0,010108829670117937
134440	-0,00053341460761451107	134440	-0,0026880933248134
134450	-0,0037379358649280948	134450	0,0032231711218680664
134460	0,0021392336057425507	134460	0,01137526389113549
134470	-0,00843447440353509	134470	0,0024224615390677547
134480	0,0012284717996509124	134480	0,006910396043145208
134490	0,0019326441129614131	134490	-0,0063289038129647887
134500	0,0015426630768016756	134500	0,0040312707777239339
134510	-0,00982334811527489	134510	0,0034029534587888522
134520	-0,0062046880029024767	134520	-0,011184447751119486
134530	0,0012554361656692983	134530	0,011540752002875158
134540	0,014888283770468708	134540	-0,010242213134688614
134550	0,013366653728076645	134550	0,014219026869445961
134560	0,0030807908155973309	134560	-0,000163687009327306
134570	-0,0034458268370665917	134570	0,0021605149643135371
134580	0,0094509948720153929	134580	0,00089632213779908113
134590	0,0065867880985328231	134590	-0,001718535403141835
134600	-0,00907279860954114	134600	0,0016917762403685854
134610	0,010061356398734763	134610	-0,0055249361036320537
134620	-0,0093362088137162839	134620	0,0038836776104243754
134630	0,00451767871548933	134630	0,0048953157250807367
134640	0,01660337792942412	134640	-0,00935546712926054
134650	0,0028848117671518105	134650	0,0016409869070127805
134660	0,0041899058929963269	134660	-0,0027636539239930535
134670	0,019223059248121854	134670	0,0014480756775443393
134680	-0,011140223589495655	134680	-0,0054683906647685744
134690	0,00010009178043236637	134690	-0,0031583470279276816
134700	0,0018937628800485898	134700	-0,013357443432478971
134710	0,00080440227532774971	134710	-0,00503435989327568
134720	0,0068737138506607433	134720	0,020853535531920882
134730	-0,0015141697530533362	134730	-0,010745916643142639
134740	0,00813534205931815	134740	0,012196162618234559
134750	0,0042679982584650118	134750	0,0025296053863227267
134760	0,0074477481296783719	134760	0,017701629970347205
134770	-0,004750634726038123	134770	-0,0024174100830501588
134780	-0,0016275410257126006	134780	-0,015089489806271483
134790	-0,0060760910581701185	134790	0,002232324001431669
134800	-0,0066224946323481309	134800	-0,012013852002405866
134810	-0,0062079179538183649	134810	0,0071657499033815023
134820	0,0019194747123332523	134820	-0,0028609653844694667
134830	-0,0054399651237653874	134830	0,0085471547531963538
134840	-0,0029515090122205685	134840	0,023681256247384378
134850	-0,011126699212797958	134850	0,056389536605404404
134860	0,0097632196872238855	134860	0,11654051112009951
134870	0,016592154228882681	134870	0,19342441375163513
134880	0,012853355762195448	134880	0,27103735053671429
134890	0,01016552588191124	134890	0,35564740281097296
134900	-0,023435887109246052	134900	0,3955637485777212
134910	0,0007621416647153388	134910	0,38430428840704312
134920	0,027017979395018998	134920	0,35451174050591489
134930	0,060760887484809567	134930	0,30383858824269622
134940	0,014181537213189174	134940	0,3923276049610393
134950	-0,0034405072643599525	134950	0,273352077468527
134960	-0,00858649071308351	134960	0,14051183312638191
134970	-0,064783717397919521	134970	0,35849894765634738
134980	-0,021436637323686333	134980	0,362571097354205
134990	0,075266442089145458	134990	0,083270462013913929
135000	-0,10500950154803307	135000	-0,12831383786954856
135010	-0,056871500691926681	135010	-0,099957680073478827
135020	0,093935544409677538	135020	0,15201430051603598
135030	-0,1491059227815229	135030	-0,038127970602323064
135040	0,076277251624330231	135040	-0,39324279743390689
135050	0,055169148261589529	135050	-0,19374012759969789
135060	-0,0058501547984107618	135060	-0,69558478444495542
135070	0,018165427835907237	135070	-0,84163437424610432
135080	0,034488565112114178	135080	-0,64190545015516187
135090	-0,11105884626021884	135090	-0,62353813508537659
135100	0,017799494417436609	135100	-0,3259891113024222
135110	0,084046430521282467	135110	-0,087664097652808567
135120	-0,030947035749993815	135120	-0,11802885383085111
135130	0,032070132213588266	135130	-0,13419843127709885
135140	0,10100467071919986	135140	0,055500417414090793
135150	-0,14866796480141056	135150	-0,10360323123719244
135160	0,098310967726761109	135160	-0,43987910061472252
135170	-0,0079777958464619624	135170	0,086724685850881292
135180	-0,032003266075811075	135180	-0,29124963899799633
135190	0,0826210100427169	135190	-0,75087902843927179
135200	-0,13590941789904248	135200	-0,094837106240683922
135210	0,18198990381414462	135210	-0,5391876632779925
135220	-0,085685290493108787	135220	-0,5302468150278058
135230	0,038868222175740083	135230	-0,61064602357907449
135240	-0,095625849373036254	135240	-0,14922066279227189
135250	0,00036968705499995245	135250	-0,26233937643062372
135260	0,0014960464308306938	135260	-0,39585517067440773
135270	-0,026005799144953868	135270	-0,27174988538138478
135280	-0,024551531333738379	135280	-0,26361855734973055
135290	-0,031010815792084232	135290	-0,14691893721659793
135300	0,015712979465527594	135300	0,051608923691713611
135310	0,022601312375500417	135310	0,22582775390158436
135320	0,029143547578119541	135320	0,37534473481229336
135330	0,021917305927286527	135330	0,45520912420770132
135340	0,01711247330422418	135340	0,43633278223608107
135350	-0,0055126834022521318	135350	0,4191152693132677
135360	-0,011873087053023959	135360	0,41154111755659878
135370	-0,015128085445401859	135370	0,35258714199538976
135380	-0,021939867970082325	135380	0,36838660182463523
135390	-0,014595287934370458	135390	0,34888887426801507
135400	0,0012411883551582364	135400	0,31821954770432731
135410	-0,0065764331239838705	135410	0,28256678266268515
135420	0,0021220822950237376	135420	0,23884909320598449
135430	0,00010457119193572498	135430	0,18207843397772355
135440	0,010990828925447758	135440	0,14530993576545687
135450	0,0048061909343135156	135450	0,11158189885459555
135460	0,014763773360003335	135460	0,047653393200031584
135470	0,0056382103942744632	135470	0,050429142888437438
135480	-0,0062249496630438737	135480	0,01016103846903197
135490	-0,01220749201648794	135490	0,016259428138781444
135500	0,0038223475405902573	135500	0,042740146247119776
135510	-0,0011443033675748668	135510	0,020818058910748494
135520	-0,0044489204458288169	135520	0,034604417639896419
135530	-0,0063224089216956051	135530	0,040939160764731634
135540	-0,0031020843809589907	135540	0,012594886889207003
135550	0,0060496419846802763	135550	0,025725496818728617
135560	-0,0088428412864317678	135560	0,0078375116396438571
135570	-0,0025981552346088957	135570	-0,0066088544579443412
135580	-0,0080611812376101474	135580	0,014639158204431247
135590	0,0087928356087777944	135590	0,022796632588866873
135600	-0,0084194681325754119	135600	0,007270077423739002
135610	0,014933692018606453	135610	0,0053147923349045256
135620	-0,0027965139532203217	135620	0,00020577530937188149
135630	-0,00815007752021262	135630	-0,00061163243557339059
135640	-0,0023579967950034387	135640	0,001406175390716509
135650	-0,01000252071102615	135650	0,00045023267403126262
135660	0,0070141052390718219	135660	0,0066682579096979788
135670	0,0038882840864699411	135670	0,0097710177247616
135680	-0,0080114603661615453	135680	-0,0043580693949875245
135690	0,0032796900218418582	135690	0,0026576027898400387
135700	0,011374648162157093	135700	-0,0037125059301954971
135710	0,019256845962029492	135710	0,00895715127322609
135720	-0,018954792263153178	135720	-0,0041755024627494015
135730	-0,00897142354548026	135730	0,0085975095692989029
135740	-0,00943488667787569	135740	0,0076224547389151139
135750	-0,0083955234811908131	135750	0,0032893235421436982
135760	-0,0071464011340158706	135760	-0,011969211044269587
135770	-0,0069158463165723237	135770	0,0029274101671189143
135780	-0,004565137312982968	135780	-0,011109180912573182
135790	0,0085038639378649077	135790	-0,0042740544996901168
135800	-0,0039219766439555154	135800	-0,0016324962338163725
135810	0,018629808434709572	135810	-0,013545215545495081
135820	0,0024174021371405471	135820	-0,020176896285854895
135830	-0,0016329219999604181	135830	0,010681888439846545
135840	-0,011632727155710915	135840	0,0012023286332643423
135850	-0,0069363735115308359	135850	-0,00195942996824398
135860	-0,0030095234690217455	135860	-0,014385673978092905
135870	0,00040403157815456145	135870	-0,0014461771049185572
135880	-0,0062484898500415522	135880	0,0107141699730121
135890	-0,014258641557753018	135890	-0,0071928159107846577
135900	0,0082227663943198123	135900	0,0047961565635334857
135910	-0,0045407307801686135	135910	-0,012695947806437484
135920	-0,010381836304469936	135920	0,0023111491967903221
135930	0,0095956321462641846	135930	0,0024701996815300509
135940	0,0025730160474904274	135940	-0,0013341742576118882
135950	0,0038329501546525866	135950	-0,0015772751279542277
135960	0,0056141102065044163	135960	-0,00653797701707366
135970	-0,012480654459987013	135970	0,012015971457688108
135980	-0,0056339843094189782	135980	-0,010059283923084956
135990	0,0062038002730992444	135990	0,0023118481825642025
136000	-0,015506184796204246	136000	-0,0035476347948350489
136010	0,001136925040630085	136010	-0,012942473374573996
136020	0,00063528218907799255	136020	0,0024069429312060064
136030	-0,018684264224168433	136030	0,0039305480246596951
136040	0,009722833682158271	136040	-0,0022130289728072914
136050	-0,0095274797304042372	136050	-0,018746256265439461
136060	-0,0045636701261949023	136060	-0,0087328025816035167
136070	0,0032175051972227905	136070	-0,0016357524662050863
136080	-0,00016712094238417329	136080	0,010190907069679893
136090	-0,00084670337777957669	136090	0,021439674483023093
136100	0,0038890268530853479	136100	-0,0011852368580294813
136110	0,00098866848010694232	136110	-0,0058980079247099738
136120	-0,016017083849779474	136120	0,013152756215438965
136130	0,0011838625432024198	136130	-2,381717935805654E-05
136140	0,0024768258675038459	136140	-0,0064839700147057413
136150	0,009464281553966258	136150	0,0092894228756549447
136160	0,0023497483566650226	136160	0,0031284861575911213
136170	-0,0045262848287698689	136170	0,0024595746075806151
136180	0,0079272870101125478	136180	-0,0035741259320839929
136190	0,0081213585355501879	136190	-0,004215617907130759
136200	-0,0043544192362148671	136200	-0,0015691011975338468
136210	-0,0040722441575322087	136210	0,011106156039511945
136220	0,0088601059381863776	136220	-0,0028089279192861469
136230	-0,0031561773598938483	136230	-4,0971927813124667E-05
136240	0,00015292697545620684	136240	-0,0016608833094437071
136250	-0,0097408630019617075	136250	0,014697192771492255
136260	0,0025785340929023143	136260	-0,00843450179985285
136270	0,018140648396029697	136270	0,0016139215193496088
136280	0,0053109382434367892	136280	-0,0099751587823701648
136290	-0,0068392192652859986	136290	-0,010686188102291215
136300	0,010151650103391769	136300	0,0053482548244516079
136310	-0,015744138015720881	136310	0,0070108594562392672
136320	-0,0014624839687116288	136320	0,0015394240437560033
136330	-0,0035381090835314836	136330	0,011047696432164219
136340	0,0036459079716861741	136340	-0,0053149010113666866
136350	-2,210752081607045E-06	136350	-0,0072891926736476792
136360	0,0039331289696055123	136360	-0,0046134873085728334
136370	0,0026200656774111077	136370	0,012328842460129682
136380	-0,0045576267537412339	136380	0,004924154713604619
136390	0,0037157898923494731	136390	0,00050768428756068273
136400	-0,00328809137109463	136400	-0,00914959379919005
136410	-0,0001815287667904486	136410	0,013217055754182696
136420	0,0040431604958475562	136420	-0,016361100109270315
136430	0,0065757841199523834	136430	0,0016866719456447913
136440	0,0085454484807303745	136440	0,0082868241285442585
136450	-0,0090353549178251447	136450	-0,021998996866814134
136460	0,0033886134358089245	136460	-0,004201010924374163
136470	-0,012530659867815441	136470	-0,0054306162869053485
136480	0,0014726567680027479	136480	0,0012840177201191389
136490	0,00027419748645384043	136490	-0,0057015421843038851
136500	-0,0065650763031113906	136500	0,0087605233788084821
136510	0,014054172032218308	136510	-0,006455958719999105
136520	-0,00052027228465603269	136520	-0,00075309641863049634
136530	0,0012150364008098407	136530	0,00066895120723727409
136540	0,0032506614137962661	136540	0,0049151794884224279
136550	-0,0014945855041062256	136550	0,0041921969301299006
136560	-0,011041444247736964	136560	0,019832160260519684
136570	0,017479631947257903	136570	-0,00012334970587610144
136580	0,0085719072501963221	136580	-0,015511240998420061
136590	0,017101009521768688	136590	0,00015698585157776913
136600	-0,025897153588570806	136600	-0,00513814817075066
136610	0,012849490657266809	136610	0,0036861485992123722
136620	-0,00015903381008194068	136620	-0,0037684760749386636
136630	0,0043881314443801629	136630	-0,0024954367250942635
136640	-0,0096843966073069439	136640	-0,018523296528242857
136650	-0,0081409220869200268	136650	-0,0064269344651666825
136660	-0,0050131763555240827	136660	0,0098434925652879177
136670	-0,0097647445064958129	136670	0,00968543738287674
136680	-0,00083720975875128706	136680	0,0052206733023996135
136690	-0,00088689913765639629	136690	-0,010334406188135642
136700	-0,00059367618551123334	136700	-0,0062137615606837719
136710	0,0063909332720097608	136710	0,011027004323986888
136720	-0,0045986321693702314	136720	-0,013854287919229989
136730	-0,00022670256887402131	136730	0,007872266566419938
136740	-0,0015396561571661435	136740	-0,004789569989261111
136750	-0,013606778650470342	136750	-0,0048092310955923931
136760	0,0023513138888999071	136760	0,0024026757825674782
136770	0,012529005390655698	136770	0,0065739439076131622
136780	-0,010602750349596407	136780	0,012404897346071798
136790	0,012034907843727421	136790	0,0074989992032159589
136800	-0,0097109989673110544	136800	-0,0077002720599570014
136810	-0,0020658236967559048	136810	-0,0053292678863687774
136820	0,0038249805978178737	136820	-0,009141290114644679
136830	-0,0010087322660926829	136830	0,0043727340017314575
136840	-0,00089042897880739459	136840	0,0031991643145588031
136850	0,0096814216071919382	136850	0,00785655934266633
136860	0,0059719677939896682	136860	-0,0014568809604194823
136870	0,0045270248566013386	136870	-0,0014921527255906881
136880	-0,011528069721680575	136880	0,012318941114605676
136890	-0,0013217408022298378	136890	-0,013602477838526153
136900	0,00061225722438050913	136900	-0,0073498403002976416
136910	0,025633931365577418	136910	0,0060691651617969028
136920	0,0073355804934661841	136920	-0,0059370257418068957
136930	-0,011642807229858922	136930	-0,0042680503543620013
136940	0,0019643001643973755	136940	-0,0070032733701011441
136950	0,012910912177303172	136950	-0,00230068455237208
136960	0,0006890867072002196	136960	-0,0040900681436339239
136970	0,0028604075671115258	136970	0,00977414643226669
136980	-0,0035749525606991917	136980	0,0037780289344013164
136990	-0,0048359118472345195	136990	0,001305595186182002
137000	0,014491627000486507	137000	0,0029774126926985158
137010	-0,0074615910594131776	137010	-0,0028441668161999674
137020	0,012961348755081002	137020	-0,00017272192945988856
137030	-0,018920660380223078	137030	0,0039487909991717252
137040	-0,0025978284381265081	137040	-0,0057079970134118908
137050	0,0059437789465488187	137050	-0,014202214369850311
137060	-0,0092937923883307134	137060	0,0039794710058747053
137070	0,0030802984125671887	137070	-0,0014988225338389439
137080	0,0036565865400872755	137080	0,00556076185379639
137090	0,0019888995084843394	137090	0,0032013836175390489
137100	-0,011767376314457284	137100	0,0037012670716871157
137110	-0,018539113322411621	137110	-0,0070787835072563844
137120	0,0051254488046901915	137120	-0,00031001656437877368
137130	0,0010582433437648327	137130	-0,0032406583628672991
137140	-0,0018568379098389096	137140	-0,013550675465135584
137150	0,00352951502261306	137150	0,0033488451626378576
137160	-0,009345186990812708	137160	0,0023593700854738892
137170	0,0081453161604221076	137170	-0,018249066572375187
137180	-0,013390850767242711	137180	0,0014102144897820911
137190	0,0075703760032726072	137190	-0,0056047031317002548
137200	0,0036457766537103579	137200	0,00791762779618278
137210	0,007053399511980623	137210	-0,010472642946303496
137220	0,0086840808196090354	137220	-0,0079866515716001431
137230	0,0045822978661745955	137230	0,017010183666862182
137240	0,005513230082847478	137240	0,00550852125513609
137250	-0,001996167594317597	137250	-0,00046578369835795506
137260	-0,0039499320183994579	137260	0,0036468219934691947
137270	-0,012496241156425522	137270	-0,0063945993099916113
137280	-0,0088255736293941615	137280	-0,0027131320806409735
137290	0,0019194845898132952	137290	-0,0015911170633764961
137300	-0,0040045876903024719	137300	0,0087636168383697973
137310	0,0010021621765587572	137310	0,0019116657347274756
137320	0,0053549702491792741	137320	-0,011293294853485852
137330	-0,0078604541523416421	137330	0,0026678280702784828
137340	-0,004783673871039563	137340	0,00087385927998136811
137350	0,001992240049154445	137350	-0,00073894384326801763
137360	-0,011704411994023237	137360	0,005694514194042999
137370	0,0061153192757484043	137370	0,00061918950723073053
137380	0,0096816805294045426	137380	-0,0025578527074724927
137390	0,011676843959081768	137390	-0,008681960142496805
137400	-0,0060272669158732478	137400	0,0049348818414464762
137410	-0,0064310332905777355	137410	0,013137061291137285
137420	-0,0096820209420014	137420	-0,0053965225040030528
137430	0,0045372271541083307	137430	-0,0033140235123712111
137440	-0,0011726493512600412	137440	0,00096050893804677014
137450	0,020566286173890894	137450	0,008601624839807186
137460	-0,014606454541621046	137460	0,000746225162803426
137470	-0,015219506392287207	137470	0,0019770068398144132
137480	-0,010950020500367282	137480	0,0065071066534982212
137490	-0,0053149533042460562	137490	-0,014195451172640254
137500	0,0053930702358253538	137500	0,0039060546160322985
137510	0,009353252408825773	137510	0,0028093944421671824
137520	0,010192271979734227	137520	-0,0052539221609412563
137530	0,0026937541546961275	137530	0,0054361763793107382
137540	-0,006295545634368422	137540	0,014658122200286424
137550	-0,0030550431894852408	137550	0,0092308666878835356
137560	-0,0011665200691869724	137560	-0,0035195722385398622
137570	0,011615688793297175	137570	-0,0027420876079709642
137580	-0,00089276409755377928	137580	0,0056866182321115375
137590	0,0080415061120846544	137590	-0,003251097703838472
137600	-0,0099706677309666439	137600	-0,0049997078017312985
137610	-0,012188931338018436	137610	-0,016397448016542169
137620	-0,00711727478410471	137620	0,0070128738529549569
137630	-0,0058275507329774148	137630	-0,0054020617146681178
137640	-0,0040616070692852026	137640	0,0042620379220177466
137650	-0,0047419294321588467	137650	0,0045001417607185854
137660	0,0024916006850858683	137660	-0,0032872967549859829
137670	0,015974218377544164	137670	-0,0090049163670223222
137680	-7,6932349679642055E-05	137680	-0,0059277418521027636
137690	-0,0012746856269033387	137690	-0,0067740450471236308
137700	0,0023668693142104365	137700	-0,01095859451144857
137710	0,0051789224659487326	137710	-0,0051490934136444308
137720	-0,0031838421678260713	137720	0,010434934295834969
137730	0,0033248468309827954	137730	0,0080881411478365486
137740	0,0030695124455420567	137740	-0,01289743433733158
137750	0,00920060276981934	137750	0,016535786606567404
137760	-0,0051824722641888206	137760	-0,0017854367776445473
137770	-0,0058744777260113182	137770	-0,00568575923131684
137780	-0,0013470856629066428	137780	0,00013789967663095274
137790	0,011359557023105968	137790	0,00969890400069349
137800	-0,0012843311045468585	137800	-0,0064545656181433141
137810	-0,0031960093962618533	137810	-0,0016547522357762917
137820	-0,017020267515601373	137820	-0,0044794613992949726
137830	0,015072845995392405	137830	0,0051582962977964365
137840	-0,010149728287961971	137840	0,008080908589912934
137850	-0,00056742621385579212	137850	-0,0097007781409025988
137860	0,0031033399738771509	137860	-0,0013649211029602988
137870	0,0067180134351855362	137870	0,0018754918859613648
137880	-0,011831228686673816	137880	0,0049660810105704853
137890	0,010286788811995457	137890	-0,00062910719925691843
137900	0,0088779441310528964	137900	-0,0010822702117735765
137910	-0,020860602950195938	137910	-0,00647523403357239
137920	0,019545955247730187	137920	0,00093874138747068075
137930	-0,0075196982626235124	137930	-0,0060249851003155372
137940	0,012845820184895048	137940	0,013873779818130469
137950	0,0019474867250739057	137950	-0,00822489018294025
137960	-0,00025908626840173606	137960	0,0042891425077550352
137970	0,0090090815172710753	137970	0,016500773017079962
137980	0,0042395475074325376	137980	-0,00025030973927276246
137990	-0,0062539334191244978	137990	-0,0053885243277866039
138000	-0,00094770068544081749	138000	0,014838325480340793
138010	-0,0098602079831928112	138010	-0,010600646044423751
138020	0,0060308617654764125	138020	0,0029020965207977091
138030	-0,0063803429196093034	138030	0,003653640371331388
138040	0,01658668293610047	138040	-0,0061435188425956388
138050	-0,007493975936701187	138050	0,00054235217251266156
138060	-4,4060401447890035E-05	138060	-0,0061324141959259969
138070	0,011468190077661674	138070	-0,013556425094185455
138080	-0,00078984357932586813	138080	0,002106308225021961
138090	-0,0085499464499131511	138090	0,0011260132173259313
138100	0,0046670445601178128	138100	-0,001891312178320887
138110	0,011948048362003434	138110	0,00031931233363657408
138120	0,0087524695482550721	138120	-0,0049829777450085717
138130	0,0084033770908344511	138130	-0,0082134473663120558
138140	0,0013347548455579044	138140	-0,0044937630714460292
138150	-0,00793140441379126	138150	0,012038237016122229
138160	0,019705965801854276	138160	0,0016053717959121636
138170	-0,00812438412601779	138170	-0,00534012766657033
138180	-0,02071260229572373	138180	0,0050463710035754282
138190	-0,017312831341945844	138190	-0,012118657152211514
138200	0,0099098812045882445	138200	0,00826164013507215
138210	0,00017573572165810046	138210	-0,0068449358574242574
138220	-0,0050010074225663179	138220	-0,0096759251336373669
138230	0,0067371025437902455	138230	0,0049099293311967709
138240	0,011230417950936045	138240	-0,0003363586448927581
138250	-0,0068709400512307851	138250	0,001731938181423919
138260	-0,014225894189746893	138260	0,0071234388885790395
138270	0,0049394975792644968	138270	0,0021252845206160267
138280	-0,0017075255725470188	138280	-0,014704031169787213
138290	0,011027220265962425	138290	0,0078899513218216363
138300	-0,010457745526351057	138300	0,00941093079853311
138310	0,016454835962750495	138310	-0,00095686421501807852
138320	-0,0010369099257785985	138320	-0,011317550805824743
138330	0,0035448691535868619	138330	0,00011917479758277959
138340	0,0015098360105984937	138340	-0,0054741414545178878
138350	0,0020570339835104248	138350	-0,014668534608880289
138360	-0,0038864870483769306	138360	-0,0017339547124203699
138370	-0,017200243582974197	138370	-0,0065175838966609057
138380	-0,0096028696110026634	138380	0,0072505052887669738
138390	0,012585385690105849	138390	0,0010381872766907234
138400	0,00559088734058046	138400	-0,01009185402104185
138410	-0,011981204046054713	138410	0,0037415545940326449
138420	0,012235703115662121	138420	0,0038527809519485951
138430	-0,0014153794439379335	138430	0,0071132153910494341
138440	0,0025708688140546007	138440	0,0045774968670093692
138450	-0,00685424617264388	138450	-0,013426196226075613
138460	-0,0025329560786934032	138460	-0,0051786624114362051
138470	0,00477232992825146	138470	0,0045157164028689339
138480	0,00065917431529372429	138480	-0,012739976360215458
138490	0,0077361048658633417	138490	0,00014773303746110403
138500	0,006450321062345961	138500	-0,00078241228972631219
138510	0,011764342950837553	138510	0,00539397750696532
138520	0,0046408270963991145	138520	-0,0061785368185301778
138530	-0,0037555467070788315	138530	0,0075012580874723326
138540	0,003020591887816618	138540	0,0022271011309298368
138550	-0,0054754773161017024	138550	0,0076673130010135575
138560	-0,00024068010750693508	138560	-0,0018849855614749662
138570	0,013675741509245198	138570	0,0027203504656076894
138580	-0,0046802592505273913	138580	0,00071977742662887221
138590	0,0055820682099920922	138590	-0,0018210972982884003
138600	-0,0054762532564644325	138600	0,0067067124671807005
138610	-0,013770995567622594	138610	-0,0047571062343222913
138620	0,0003796844759941024	138620	-0,0028299353552453071
138630	-0,012285857960760977	138630	0,0028179034644912632
138640	0,009805177936106595	138640	-0,0065198745245919872
138650	-0,0053205051018607175	138650	0,0019652261497656097
138660	0,0018918893113421848	138660	-0,0042459404401811668
138670	0,011839131137423296	138670	0,0039148235428953021
138680	-0,021786888710983492	138680	0,0015653238140342861
138690	0,010565182721813525	138690	0,00574831945661107
138700	0,014934957473007195	138700	0,00569970986764824
138710	-0,0047621085416855221	138710	-0,0040070733452584545
138720	0,0069727142331527919	138720	-0,010471463489627806
138730	0,014925255794849665	138730	-0,0019297956221064646
138740	0,0064291529824608441	138740	0,0042068133993550735
138750	0,0088664830278725616	138750	-0,0094715807135034771
138760	0,0012240785589991137	138760	0,00986894083464948
138770	0,0018688728307705155	138770	0,00982839151163078
138780	-0,012058262824323367	138780	0,0030854252695087249
138790	0,011055483751376577	138790	0,0087419938513417748
138800	-0,018370772594950176	138800	-0,015634921590436165
138810	0,0062701962192708094	138810	-0,0033243862318233048
138820	-0,004297397093835865	138820	-0,0018056240140592362
138830	-0,0033978252279574369	138830	0,0043237048517584262
138840	0,005264718463341856	138840	-0,0013877879708604219
138850	0,011221754356651358	138850	0,0058552124100524714
138860	-0,0016199085229908229	138860	-0,008061780354674088
138870	0,0022759620055990536	138870	-0,00062417997744944407
138880	-0,0063240031966393809	138880	0,014382186042082103
138890	0,00024696470634992946	138890	-0,016337827008187884
138900	0,00701328289313996	138900	-0,013465400993406321
138910	-0,0047180161512336153	138910	-0,015320946694392023
138920	0,020033558085978533	138920	-0,0043710330420998087
138930	-0,0010844610119156342	138930	-0,0073907108916270257
138940	-0,00847749399354125	138940	0,0010856415208675046
138950	-0,00658994848998825	138950	0,0089129511398292841
138960	-0,00631544829391709	138960	0,0024259348744053652
138970	0,01823154679032293	138970	-0,013369582739245597
138980	0,0096660717506028351	138980	0,0051329135112542345
138990	-0,00010267481028524905	138990	0,002786525763145694
139000	-0,0061413078459308639	139000	0,0068674338037133121
139010	0,0027393718211078822	139010	0,00562687023468277
139020	-4,9180106346442916E-05	139020	0,00038608791185320668
139030	0,0060678723541998381	139030	0,00017545264258579058
139040	0,0010858880154032238	139040	0,000994376367566133
139050	-0,015502211035754014	139050	0,0017194478244156573
139060	0,0022055870386629072	139060	2,6225272608031676E-05
139070	-0,0022957951626912817	139070	-5,6653784478082444E-05
139080	0,0017093392806323802	139080	-0,0018167788069847653
139090	0,002756026692120698	139090	-0,0024562179651031937
139100	0,008466164104811276	139100	-0,0070535473361996127
139110	-0,012868605193123538	139110	0,011561832557468833
139120	0,0039578984339310669	139120	0,0044003510398486949
139130	-0,0061147897707691592	139130	0,029884289281758267
139140	0,01505566832651787	139140	-0,0075114771105809887
139150	-0,0094431648379304251	139150	0,001307700660799011
139160	-0,011463369623817431	139160	-0,0034493684738557211
139170	-0,0044877483463389069	139170	-0,00251699991787573
139180	-0,0039509339309120083	139180	-0,00031860214249140048
139190	0,00076238896514325472	139190	-0,0076471527731937355
139200	0,0019001798337683889	139200	0,0061418582150743681
139210	0,013639925583285055	139210	0,00035086247867222335
139220	0,010172048398094583	139220	-0,0046776450909999925
139230	-0,011703261895229735	139230	-0,0069222269654438473
139240	-0,00044485117545368539	139240	0,021254541790067347
139250	0,0022227985227115882	139250	-0,004464202392962714
139260	-0,0035175535211178061	139260	0,0032568677730528519
139270	0,0004764328199948274	139270	-0,008085592869195803
139280	-0,0079726363858258313	139280	0,0055780836381412744
139290	-0,011338705455147731	139290	0,0096544680126825089
139300	0,0020429541206629905	139300	0,0016921375171096197
139310	-0,012069358974985024	139310	0,0035526495671746004
139320	-0,00049464843336705089	139320	-0,0064749842222903992
139330	-0,0056349307168196017	139330	-0,0038392647338958393
139340	0,0076778140436572547	139340	-0,0029640841472103338
139350	-0,02089570367294722	139350	0,0017182840567865649
139360	-0,010660308398520151	139360	0,0010100351810512504
139370	-0,0016380972762383324	139370	0,010781131506391853
139380	-0,0036981524568548184	139380	-0,0053860568323138734
139390	-0,016192348895966716	139390	0,013212165006268281
139400	0,0066213020331955114	139400	-0,0097892372622938126
139410	-0,005272865890675462	139410	0,0081235928202376788
139420	-0,011665905390301695	139420	-0,00391854301320153
139430	0,0099305329027479169	139430	0,0019844720435804979
139440	0,0045739743264902235	139440	-0,0055834325826426947
139450	-0,0026580482696683242	139450	0,002770227791132839
139460	-0,0088291502172654964	139460	-0,006468335038647301
139470	9,0997818824788064E-06	139470	0,00401250895433811
139480	-0,014887019981934351	139480	0,000596655138265205
139490	-0,0003086473945627521	139490	-0,011534634405852019
139500	-0,0019045748882094669	139500	-0,0027898650676482107
139510	-0,0011626710073346903	139510	0,011194414471097008
139520	-0,0074510641720122849	139520	-0,0017999107143495344
139530	-0,006782625612713541	139530	-0,0050473711219187105
139540	-0,00043359219416746613	139540	-0,002279457721429038
139550	-0,00836926913862012	139550	0,013516476728978565
139560	5,4562230013671027E-06	139560	0,0057217218815911975
139570	-0,00031459829090871479	139570	-0,0018199246591791992
139580	-0,0022625931430052693	139580	-0,013083248510787212
139590	0,0010831391451660785	139590	-0,0045844765602973013
139600	0,011079291909774258	139600	0,0016291517531758994
139610	-0,0080446368436007214	139610	0,0036543606861139197
139620	0,016860150135697197	139620	0,00046562828585387003
139630	-0,0050721151305755949	139630	0,00653126464748088
139640	0,0059330079951043727	139640	-0,00090332087906260037
139650	-0,0029840067558087116	139650	0,00070203858724986808
139660	0,010394921559630333	139660	0,0074647138658772974
139670	0,01130721114581666	139670	0,0014792252784701437
139680	-0,010320983702247086	139680	0,0045109822922755078
139690	0,0046282866143561542	139690	0,0027460240373891423
139700	0,022393280222316413	139700	0,0037298910200308077
139710	-0,0080579698739756261	139710	0,0026838807301274347
139720	0,011354161039547424	139720	0,005211525359926761
139730	0,00710618296126809	139730	0,011129501151497337
139740	0,0037570044903867889	139740	-0,024163898430111481
139750	0,0015560788263253007	139750	0,0050832826740720618
139760	-0,00092944213407498164	139760	-0,001335019847636556
139770	-0,0036125679588475926	139770	-0,0056156479530643294
139780	-0,00645313489234304	139780	-0,00034130757944885148
139790	0,0042560770377320315	139790	-0,000278348562153447
139800	0,0010947085396168683	139800	0,0070721424687238792
139810	-0,0016847137147495642	139810	0,012402631686192867
139820	-0,00461786398051286	139820	-0,0097584892689675032
139830	-0,0097900725722886769	139830	-0,004502849610082473
139840	-0,0065402041122953614	139840	-0,0023987323526982237
139850	0,00036924040368303541	139850	-0,014671409790831815
139860	-0,0023847451275748688	139860	-0,012846095603530824
139870	0,0040062469558954615	139870	0,0065477439492011734
139880	0,0050684854834382237	139880	-0,0041245108737371673
139890	-0,0056969216445474855	139890	-0,0019031145729440759
139900	-0,0068021302414143321	139900	-0,0068852534245826035
139910	0,00014605808885889059	139910	-0,0061541835647235853
139920	0,015040826669714142	139920	-0,0032350188000368667
139930	-0,0042583091264614152	139930	-0,0022438634064136575
139940	0,00407077369731086	139940	0,010861970504407235
139950	0,004195258927147877	139950	-0,0023712209691443267
139960	0,0012677672956929872	139960	-0,0032335944191271364
139970	-0,0038666102054525885	139970	-0,00647523408722558
139980	-0,0048934098970574947	139980	-0,0067000071168550187
139990	0,011351999916796246	139990	-0,0149373690784836
140000	-0,00898800975771061	140000	0,0082197836035977825
140010	0,0046126754155713292	140010	-0,00618284815952597
140020	-0,0033987260216681667	140020	0,0051184076689212033
140030	-0,0066258444307682653	140030	0,0072584948858661373
140040	0,0014788322464186921	140040	-0,01482773859460383
140050	-0,0087828128604673233	140050	0,0013480093519081854
140060	0,0089118758929503956	140060	0,011359971242560434
140070	-0,011028602318054094	140070	-0,0072010050427406234
140080	0,0075780667263889755	140080	0,0048768818108462821
140090	0,0029042041733219077	140090	-0,012430368771899857
140100	0,006624299211346862	140100	0,0047640008496469266
140110	-0,010455843653157763	140110	0,0069941320953323151
140120	-0,0008079234881922323	140120	0,0068582188402400721
140130	-0,0037916828567660242	140130	0,00633707085447515
140140	0,026470659381963437	140140	-0,011980666823411477
140150	0,00638037471466728	140150	-0,0014548186847735611
140160	-0,0029129839937202819	140160	0,0028683670011223844
140170	0,014616094614196497	140170	0,014524764122040944
140180	0,00092687857658277524	140180	0,0025212205070142108
140190	-0,0046141976597723362	140190	0,0014231990293800104
140200	-0,00500314806464864	140200	-0,0038298179457434281
140210	0,0034104232778156629	140210	0,0045333550911812806
140220	0,012349572609625865	140220	-0,0053535120619767011
140230	0,0045472986120455661	140230	-0,0061800879871992311
140240	0,0057281695949928059	140240	-0,0043535167874187743
140250	-0,0072122851394123859	140250	-0,0047844328209056784
140260	-0,0074788002494469629	140260	0,011248091368298402
140270	0,016389063948004854	140270	0,0065080366054741544
140280	0,0087110607205552713	140280	-0,0022846820533795292
140290	0,014895200391060914	140290	-0,0026670593039910318
140300	0,018340776864343718	140300	-0,001868181950410586
140310	0,00024135903795687131	140310	-0,0072576660862082474
140320	0,00079726702290282118	140320	-0,0029164441006205278
140330	-0,0017801230042476322	140330	0,0052420474102557318
140340	0,0030778544849185906	140340	0,0039457467171302154
140350	0,0037901550876650041	140350	-0,0097911250017105548
140360	0,0061154526388098587	140360	0,0043271913907479585
140370	0,0015045717022973404	140370	0,0074964020828103889
140380	0,010563929941184255	140380	0,0047509513827508568
140390	-0,0069165320270086084	140390	-0,01243991406175095
140400	0,01004332761151195	140400	0,0038812273934814125
140410	-0,00075234329292531827	140410	0,0052749103706711568
140420	-0,00035748742044639073	140420	-0,0027850309283814494
140430	-0,00042868302515543211	140430	-0,00065478389269921
140440	0,0043496758996000055	140440	-0,013875480553502764
140450	0,0048208895539814554	140450	-0,00091357741276130522
140460	-0,0076257565977669688	140460	-0,0039429687720285867
140470	-0,0021124222833607481	140470	-0,0077496683008715173
140480	-0,018366482095011124	140480	0,0033152901890968617
140490	0,0002696549908566923	140490	0,0062441884279599586
140500	0,0006504652220278447	140500	-0,022854311109318019
140510	-0,0035932785785962587	140510	-0,003110897442679041
140520	-0,0014921653393933781	140520	0,0077628445827499825
140530	0,007110006988996549	140530	-0,0079242919995489644
140540	0,0018370914851177963	140540	-0,00027853625485413651
140550	0,0034489518021262023	140550	-0,004882248553473769
140560	0,0070280217602411129	140560	0,0088555432112068077
140570	-0,0025749152318516387	140570	0,0030432239753894336
140580	0,0074692885742407176	140580	0,0027522604946661417
140590	0,0076912113562405023	140590	0,0060768213683052626
140600	-0,00472834493739139	140600	-0,0011620299786019555
140610	-0,00912383801226217	140610	0,014019189686692368
140620	-0,0057350576232975308	140620	-0,007333063093851809
140630	0,00925049757514587	140630	-0,010614452085860903
140640	-0,012680544396547814	140640	-0,0034522174230003639
140650	-0,0054987899895793451	140650	-0,010084433574371627
140660	-0,010753504161947508	140660	-0,0010773962379377862
140670	0,025415227738113132	140670	0,0047833842674926165
140680	0,0007114553966611442	140680	0,00928080385140546
140690	-0,0080610119169111077	140690	-0,00976746985722807
140700	0,0065983698884955859	140700	0,011608133258825933
140710	-0,0016715362670791337	140710	0,0031065511847246478
140720	-0,015127368423959989	140720	-0,0074323278393673481
140730	-0,0049985407299518048	140730	0,0076115815865028654
140740	0,0094992727287106365	140740	-0,0017201920763530705
140750	0,0008767592553155704	140750	0,0047586195353556977
140760	0,0016207251356833994	140760	0,0020403615331854455
140770	-0,00479199204320815	140770	-0,014905402932629774
140780	0,0030990848916707292	140780	0,0059177062480545665
140790	0,0011523131173757995	140790	0,000581423911730433
140800	0,0097249744319885048	140800	-0,011083574060106485
140810	-0,0040541035108180145	140810	-0,0013163653571940321
140820	0,0057492813919311119	140820	0,010186771272176307
140830	-0,0089230205919606769	140830	-0,0030060181654423383
140840	0,013866532700316171	140840	-0,017271242676963391
140850	-0,004898065368739316	140850	0,011131991612344579
140860	-0,0092766936406869869	140860	0,00034729106939941889
140870	-0,0085220723460822743	140870	-0,0053827914181482795
140880	-0,015798544986199568	140880	-0,0033541447851943777
140890	0,0048887974778758277	140890	0,017530917693081197
140900	-0,0048338491368007039	140900	-0,0028135538034632364
140910	0,0030961740181838886	140910	0,0066956639407236935
140920	-0,006545257175893846	140920	0,014675337131322899
140930	0,0023024047232249952	140930	0,0056567810616932274
140940	0,006611841894861541	140940	0,0036240887952421678
140950	0,017296608097067945	140950	0,0071973540564787978
140960	0,0075340720792475115	140960	0,0071583886559003608
140970	0,0049347292090722748	140970	0,0031965878587101614
140980	-0,003930617461914759	140980	0,011444789460153591
140990	-0,0048365506837040138	140990	-0,0097837057582113186
141000	0,010527598102074882	141000	0,000911717663607373
141010	-0,0020407781238415191	141010	0,0010239621961288502
141020	-0,0087248159554723335	141020	-0,0039554742562488915
141030	-0,00696675919772638	141030	0,0021256607468529863
141040	0,00014506254928341576	141040	-0,0095263238951366729
141050	-0,0019278767920488955	141050	0,0031814041752056981
141060	0,0072472511282631524	141060	-0,0016561476647200802
141070	0,00082901914762436874	141070	-0,0020832609610830647
141080	0,001650245429429451	141080	0,0079674372578181132
141090	-0,00791724514863552	141090	0,0060465489445281325
141100	-0,013195392336184816	141100	-0,010975390703495637
141110	-0,0030097104618721062	141110	0,0052556249068718541
141120	-0,00012028018717069861	141120	0,003491418180690813
141130	-0,00075956773098148492	141130	-0,00015091754590545946
141140	-0,0044505067263547072	141140	-0,0080839429471698965
141150	0,01210436802528923	141150	-0,0075877188640500141
141160	-0,0087365984978322528	141160	-0,0062140629276448431
141170	0,010050774440540027	141170	-0,0038820229637055005
141180	-0,00456823986865384	141180	0,00016760524439603472
141190	-0,012905175923179642	141190	0,011189484972327629
141200	0,00030889881442498589	141200	-0,0042160540470547432
141210	-0,0026896703285985359	141210	0,0087178980927922443
141220	0,0085834446275180991	141220	-0,0056932614982240478
141230	-0,0014955320838712272	141230	-0,0073982634967494423
141240	0,00039532872665827188	141240	0,0071823249122708469
141250	0,0045764535426202754	141250	-0,0063630148575321227
141260	-0,022989083932597045	141260	-0,0049094722903358584
141270	0,015347973170657225	141270	0,0057737556421878404
141280	-0,023334390785183453	141280	-0,00073353948663412618
141290	0,0085022817973144666	141290	-0,0074443466551084893
141300	-0,0068533889370712168	141300	0,00096320748039355035
141310	-0,0092968703810160074	141310	-0,0020626364847954517
141320	-0,015589672657968958	141320	0,00930079417418754
141330	-0,016785482166952123	141330	-0,00789043725123611
141340	-0,01094357945620324	141340	-0,0020866398875366539
141350	0,00889378598242945	141350	-0,001014552336094376
141360	-0,0096738846340897067	141360	0,015287990596721269
141370	-0,00653816512405138	141370	-0,011826210391637431
141380	-0,0043595064105048167	141380	-0,00085534119213254926
141390	-0,000481178917135484	141390	-0,00049750894627487478
141400	0,0076000990478041434	141400	0,004289171241609162
141410	-0,0075573084157283775	141410	-0,0080766953599144663
141420	0,0021684295923730728	141420	5,6342550428064825E-05
141430	-0,00038427536283540474	141430	0,0037792281042885426
141440	0,0081405708268302117	141440	-0,0026595413629668775
141450	0,007887963946150588	141450	0,012669486376003561
141460	-0,006768963630682784	141460	0,0064575027974692134
141470	0,0064309918885956472	141470	-0,0063300118888027536
141480	0,001519048670089036	141480	-0,0052708110215748272
141490	0,016102264816736392	141490	-0,0021888508350927536
141500	-0,0021951385807844012	141500	-0,00056046636292920342
141510	0,0041379450495666438	141510	0,010290960279780782
141520	0,0035686422011964704	141520	-0,0015807041509096485
141530	-0,00011190974397055362	141530	0,014669817631962756
141540	-0,0056116868303002967	141540	0,00045596695440647993
141550	0,015370798086982038	141550	-0,002084714749039194
141560	0,0051226145334230489	141560	0,0019468800365842905
141570	-0,0014240853894393827	141570	0,010644423433149744
141580	-0,0076726529453507815	141580	0,0059151881050432389
141590	0,0014682968682984902	141590	-0,0016021772264249541
141600	0,0058160713270423306	141600	0,0014036630208754558
141610	0,0051464291453155332	141610	-0,0061433209329747225
141620	-0,0039055578501908488	141620	-0,013254700043818833
141630	-0,00017036003122402981	141630	-0,006975538742397547
141640	0,0069712840917865839	141640	0,0023806948333099849
141650	-0,0002004359232829675	141650	0,0094676195144530358
141660	-0,0052337359812725127	141660	0,017069930507026453
141670	0,011692247317308679	141670	-0,007288101728664652
141680	0,01041773469765001	141680	-0,0035470360759739046
141690	0,0016408523516976922	141690	-0,0051674748102770651
141700	-0,0090121597743060815	141700	-0,0041766886136529588
141710	0,0018356122208729325	141710	0,0074511587300713509
141720	-0,00888106511896498	141720	0,012261776276665986
141730	-0,011469208133670446	141730	-0,0081274234335481973
141740	-0,0012480755201747906	141740	-0,014621012815318286
141750	0,0036541541703634345	141750	-0,0052552769802580472
141760	-0,00239135875404149	141760	0,017697305910175078
141770	-0,0011547245267219486	141770	0,0023210889336153138
141780	0,012669904303729612	141780	-0,001679570644655242
141790	-0,0048870663256874525	141790	-0,0044711465288030392
141800	-0,0097662912897619782	141800	0,0068008927113077447
141810	-0,0059663327484267619	141810	0,00030070193889039968
141820	0,0026439940080375179	141820	0,00447152586992637
141830	0,00014502703328386012	141830	-0,014527824694645001
141840	-0,0034174897416148131	141840	-0,0066359144441309591
141850	-0,0037968658827508546	141850	0,00019749233348745598
141860	-0,011006514492539674	141860	0,010785710063925947
141870	0,0060671557589581744	141870	-0,000387421660378749
141880	-0,006795527700229567	141880	-0,013166732365920553
141890	0,00467021291790104	141890	0,0011914767049011166
141900	-0,0046044979354502667	141900	-0,003666743591190891
141910	-0,0010613937671577272	141910	0,00866916993502692
141920	0,015402665858298857	141920	0,005304035018862471
141930	-0,016878272866940072	141930	-0,00399194303962528
141940	0,0047073538327014105	141940	0,0020069371116334823
141950	0,00732457152062952	141950	-0,0076600989356618012
141960	-0,012256435426476014	141960	0,00942916232440624
141970	-0,0007719620648875405	141970	-0,016070420788671689
141980	0,001113718578389332	141980	0,018297228669077324
141990	-0,010741358195337199	141990	0,0014711679397774566
142000	0,00432697804873231	142000	-0,00023976403635808511
142010	0,0010276268152768075	142010	0,0027057088381408144
142020	-0,0001252889866980855	142020	-0,0028892901286085679
142030	-0,012207548736201675	142030	-0,00026070336940750994
142040	-0,011386602966744742	142040	-0,0034361485676337135
142050	-0,013474336128822356	142050	-0,013028960983726214
142060	0,011144756801152426	142060	0,0070527241052137941
142070	-0,00062370008830542193	142070	0,01219247999329208
142080	0,004105872255852093	142080	-0,0039727832690905161
142090	-0,011464123933373416	142090	0,00063496612213561233
142100	-0,012679342238596385	142100	-0,002364026432582537
142110	-0,0036016013526734844	142110	0,0092066611025453035
142120	-0,001475579995977443	142120	-0,014494986956451891
142130	-0,00713829860363458	142130	-0,0069476309323587967
142140	0,011245661562823138	142140	0,0004621127635377527
142150	0,008360908092699109	142150	-0,0063922103496121393
142160	-0,012377848090466692	142160	0,0030518353342829305
142170	-0,0014148267987322319	142170	-0,015376351493837488
142180	0,0040828108582970941	142180	0,0030093878155186067
142190	-0,00722703400309941	142190	-0,00065323188276797514
142200	0,0144582319377847	142200	0,0092103146415203167
142210	0,011490369243701558	142210	0,00817835891739632
142220	0,014681694998231716	142220	0,0045701415276943134
142230	-0,0077860929774396835	142230	-0,011792747211855605
142240	-0,010431723970183132	142240	-0,002284142936783726
142250	0,017264806831401976	142250	0,0045446154514325885
142260	-0,003462103994835891	142260	-0,016858478155027567
142270	0,0024958348800903549	142270	0,0077499270863151
142280	-0,0072930963823854937	142280	-0,0023058848354624993
142290	-0,0096358694902379943	142290	0,0024540010384804241
142300	0,0073256837738590406	142300	0,0022419647604017636
142310	0,01283954701030744	142310	0,019027944252868363
142320	-0,013307140581009172	142320	-0,0088534919962870162
142330	-0,0048358785172791224	142330	0,0018507220291614237
142340	0,0020602800018335392	142340	-0,0073758338725516169
142350	0,0017666077525425358	142350	-0,009181293812536186
142360	0,0031785473055250587	142360	0,0089851409067736414
142370	-0,000384992172959476	142370	-0,020648130432540421
142380	-0,024404908360522389	142380	0,0010024644263216048
142390	0,010915603376632679	142390	0,012629168367498363
142400	0,015912940754699192	142400	-0,00205340756346516
142410	-0,005967910145422385	142410	0,0079818263471447843
142420	-0,0093500395079844575	142420	-0,0074101320475009657
142430	0,00039555011237907636	142430	0,0028970583163090181
142440	0,010603350265642027	142440	0,0069667691005398952
142450	-0,0074634344551366512	142450	-0,0034289136810438862
142460	0,0048323294241521117	142460	0,0022746091236628277
142470	0,018131530624292874	142470	-0,014118770251913089
142480	-0,0010968624431497956	142480	0,0025266945922855859
142490	-0,0086535064959406931	142490	-0,01120924601778376
142500	0,011091974000661904	142500	0,011329955790950445
142510	-0,011235929291149213	142510	-0,010422712662252028
142520	0,0039708603841942013	142520	-0,0015486693079913687
142530	-0,022495881923888215	142530	-0,0027583726139952256
142540	0,0044901080896789045	142540	-0,0051381851619580407
142550	0,0048888488766099039	142550	0,0026877491761082414
142560	-0,003043597555634671	142560	-0,0019842934177214389
142570	0,0064096715115071765	142570	0,0017030103085614247
142580	-0,00939094615353501	142580	-0,0064019945850159934
142590	0,003529438698548579	142590	0,0036104210672158656
142600	0,0022062859022582426	142600	-0,0075391966379813012
142610	-0,0085132288527277559	142610	0,0040972973338044821
142620	-0,016950385203819446	142620	-0,0070335831924562327
142630	0,014086004850530826	142630	0,0064788385202736408
142640	-0,006425119056564739	142640	-0,0016432779691766652
142650	0,009131555630055575	142650	-0,0059878709353871134
142660	0,0066828400077764876	142660	-0,0005168228936223261
142670	0,00809559017180614	142670	-0,00532346071310295
142680	-0,0059881648516505971	142680	-1,8050267401285168E-05
142690	0,0061890760776137218	142690	0,0027392867076906548
142700	-0,013450353371969512	142700	-0,009088270575155
142710	-0,01696425699760359	142710	0,0064180630835537116
142720	0,019693489692225358	142720	-0,006354113180046795
142730	0,0021916009768169161	142730	0,0049988786806637207
142740	-0,012373670250889091	142740	0,0026913894218898787
142750	-0,0032200099737208	142750	-0,0069817864172021212
142760	-0,0071959126273330532	142760	-0,0035591389288245514
142770	0,00641951394121763	142770	0,00037729355013058232
142780	0,0087871232636205533	142780	-0,010715251753675287
142790	0,00679071142052771	142790	0,00782521273122595
142800	-0,0094758354319127956	142800	0,0057533686505576538
142810	0,0020988263874715282	142810	-0,0018686350542245092
142820	0,009125823274207993	142820	-0,0039811790024142169
142830	0,0043799893538004828	142830	0,0028260724028612142
142840	0,0011017112576018051	142840	-0,0028363182146545407
142850	-0,0091775503384272719	142850	-0,0024092875854119446
142860	0,00068499138361125987	142860	0,021423504771227862
142870	0,0066490336391197107	142870	0,0073477676362520734
142880	-0,014857131253805894	142880	0,00097910947928572366
142890	-0,0023078524153867181	142890	-0,00393781682748655
142900	-0,0030011177659441273	142900	0,0039069500004154161
142910	0,001018442431627527	142910	0,011222239112251358
142920	-0,005676917357815464	142920	-0,0032435254046878094
142930	-0,0033284640792813772	142930	-0,00432567669850398
142940	-0,011371509353503211	142940	-0,001307727473643339
142950	0,0092654574688989626	142950	-0,0015199890567246575
142960	-0,013894770668949279	142960	0,0076554497763648352
142970	0,003764718258403809	142970	0,0062925859836006695
142980	0,013823918130923407	142980	-0,0038582865336876521
142990	-0,023889176991038763	142990	-0,0050469198417475158
143000	0,0025814470838659144	143000	0,00095809958184289994
143010	-0,0039552415368615049	143010	0,0099653768263880376
143020	0,001278836442316991	143020	-0,013077372637965571
143030	0,0067030446130617958	143030	0,012523506856506978
143040	-0,0083811191053197211	143040	0,0066381075671703427
143050	0,016876208936301037	143050	0,006207232825594362
143060	-0,0096980969325792012	143060	0,014164479163723915
143070	-0,015706850332443224	143070	0,0066820470689657411
143080	-0,010739466729104794	143080	-0,010165342403058603
143090	-0,0018301994396996578	143090	-0,0071708050052837749
143100	-0,0050188800606917883	143100	-0,0051259987752858413
143110	-0,012104100153361226	143110	0,0012521635285065141
143120	0,0066974200633654066	143120	-0,0075490515941974042
143130	0,023307620440276077	143130	-0,00015253823639709265
143140	-0,00686548308354654	143140	0,0060905982202817078
143150	0,0063845517981759546	143150	0,0030053060800364836
143160	-0,00520304388769959	143160	0,0038538287090393907
143170	-0,00668398660699092	143170	0,0087016483847469853
143180	0,0048005428013133782	143180	-0,0015578971386030057
143190	0,0017401247807258217	143190	-0,0082293289961387871
143200	0,007775381885379508	143200	-0,0053976758465769164
143210	0,00075011498975289669	143210	0,010888789852037941
143220	0,012618051160155163	143220	0,00048262957342892234
143230	-0,011046559842960223	143230	0,013726839806945185
143240	0,002083170706237712	143240	-0,0049476486833216543
143250	-0,00048187343235354268	143250	-0,010658492997501915
143260	-0,0066000805874109865	143260	0,016939168070813151
143270	0,012219870776627596	143270	0,00071593119919557285
143280	0,014000105850000711	143280	0,0024420774012143907
143290	-0,0071766401662112407	143290	0,01525975654723594
143300	0,010717729388552786	143300	-0,0011990056778932933
143310	-0,01780890226539467	143310	0,00038820210571299785
143320	0,0057288301632187977	143320	-0,0005198672209811993
143330	0,0072715856308389216	143330	0,0051905825302797758
143340	-0,009111543355200008	143340	0,0026081781817376532
143350	-0,0089877302310039826	143350	-0,0035855548358853396
143360	-0,0090462862615959452	143360	-0,0044641171854107589
143370	-0,0062923333972778389	143370	-0,00800623176208369
143380	0,012579266651037032	143380	0,014387302799036732
143390	0,0045457949060304526	143390	0,0094671862241055959
143400	-0,0024777029642858517	143400	-0,00024996568638966965
143410	0,0123983359586132	143410	0,00012454095208974287
143420	0,014318226686793402	143420	0,0034936972635780605
143430	-0,00477381611789571	143430	-0,0008034224368151261
143440	-0,0031886671049891832	143440	-0,0017146000719210563
143450	-0,0037645208148488225	143450	-0,0032367028606431624
143460	0,015475376010681448	143460	0,0075747871388311449
143470	0,0024553459529750394	143470	0,0080888210459690042
143480	-0,0033545862322894976	143480	0,016341493616439051
143490	-0,0029504331828779273	143490	-0,0050647482554695361
143500	-0,002709121457966493	143500	-0,0040362440263565554
143510	-0,0025917995875627381	143510	-0,0037955955018839031
143520	0,01259867577035359	143520	0,0043023551314072123
143530	-0,0093004839823654217	143530	-0,0050702820801144478
143540	-0,0087678744204119467	143540	-0,0027442986039438624
143550	-0,0026973939254002384	143550	0,0017416608961755126
143560	-0,00048063705453587296	143560	0,0087198671862986753
143570	-0,0019576475190100618	143570	-0,002007491342551447
143580	0,011088226851093456	143580	-0,00039911263308338153
143590	0,013146846591153847	143590	0,0175072015271158
143600	0,011570634187282046	143600	0,0028508887186803316
143610	-0,0011769043154493315	143610	-0,006216337364270381
143620	0,0183355844263618	143620	0,0037335376885546485
143630	0,0016746844134854278	143630	0,0086240462829592617
143640	-0,013099595111139074	143640	0,0014452744871572673
143650	0,010239899561761192	143650	-0,0053985734699662459
143660	-0,0064329304048412542	143660	0,010250580677451672
143670	-0,0014654850757442736	143670	-0,00066138428261282582
143680	-0,002792075009051178	143680	-0,012696900426923875
143690	0,0051007614023059773	143690	0,0076326301400345842
143700	0,0048797262876775684	143700	-0,011857789219086805
143710	0,01306041001582892	143710	0,016203409175212471
143720	0,0055696524251305241	143720	-0,0094337510879521479
143730	-0,0001669749419150549	143730	0,003277283807550377
143740	-0,0099821398921407043	143740	-0,0058829414164296521
143750	-0,0033796662031055874	143750	-0,0094061468924927019
143760	0,0026367949914030517	143760	0,00644906384058427
143770	0,016421604338941864	143770	0,0078065955558515249
143780	0,0078984800340530757	143780	0,00462551015956925
143790	-0,0055685115524887838	143790	-0,0055698884062193674
143800	-0,0049643216194922854	143800	-0,0029940288255720796
143810	-0,0050475534299143192	143810	0,0083329476117062935
143820	-0,0018203032963892572	143820	-0,0083538513852454387
143830	0,0055055141425386037	143830	0,0022306519269860736
143840	-0,00068778520078402255	143840	-0,0068032511771244676
143850	0,0026161218441643481	143850	-0,00429633927116159
143860	-0,0012113469272126598	143860	0,02137889485403232
143870	0,0021262600904514719	143870	0,0019923221770822576
143880	0,0071673699979494972	143880	-0,007161409999270946
143890	0,014383065924919449	143890	0,0057269677017366179
143900	-0,0057195779397888275	143900	0,0083721651691989821
143910	-0,0089099996704701	143910	-0,00069053062690478933
143920	-0,011385263757617364	143920	-0,0024103811894176787
143930	0,0069655619176549376	143930	-0,0048152625296642472
143940	-0,0014810752273533051	143940	-0,0020291548262944539
143950	0,0072830416830106607	143950	0,0068081794773163437
143960	-0,0024170921272414292	143960	-0,0064154474849267258
143970	0,0074206373961737074	143970	0,0089981347637149139
143980	0,0013564858780007523	143980	-0,0091976416415872637
143990	0,0040883739935480218	143990	-0,01436312414711953
144000	0,0016482264213763334	144000	0,0025459225184016887
144010	-0,018719607759882767	144010	0,012504751568216073
144020	0,015768252750651818	144020	-0,0052815601858040356
144030	0,00033086129025313571	144030	-0,016335217034486624
144040	-0,011487104063791017	144040	-0,0031414937559405332
144050	-0,0045835445872728685	144050	-0,00477875359358835
144060	-0,0074208787358251453	144060	-0,00026262110074887484
144070	0,012192169890290799	144070	0,0066743389338290715
144080	0,0038171109292190059	144080	0,0052496818285994807
144090	0,0080095083346144371	144090	-0,0010863877747443161
144100	0,0036735644208286456	144100	-0,0006072070617395189
144110	-0,0064804032381404553	144110	-0,0018192490683914856
144120	-0,0020737578584147385	144120	-0,0032015100955552012
144130	-0,005966278902759619	144130	-0,00543545513045199
144140	-0,0061599116651472894	144140	-0,0023330813831064848
144150	-0,000693762993079465	144150	0,0053629886554465329
144160	-0,0012896225392260816	144160	-0,013326180057121335
144170	-0,00907983434425338	144170	9,3283995866486709E-05
144180	-0,0098128994155596838	144180	-0,00686384943297476
144190	0,020499569691632032	144190	0,010582767541630317
144200	0,0086224282090572452	144200	-0,0026215353170706726
144210	0,0060787779057497934	144210	0,013851615033089617
144220	-0,011795004537973592	144220	-0,0079034785125507868
144230	-0,0062603120099423383	144230	-0,0033474970255659921
144240	0,011300704457034076	144240	0,010723540740569052
144250	-0,013177627160222553	144250	0,0012240602180590553
144260	0,007797118385868702	144260	0,0009078857341437525
144270	-0,015654104028583006	144270	-0,00097443807515805577
144280	0,0018413206228009536	144280	-0,0066904842764827438
144290	0,00063875594611263406	144290	-0,00018961180458155374
144300	-0,0072567233753105141	144300	-0,0023224842351406631
144310	-0,0095105298123402439	144310	-0,018841350405603124
144320	0,00085042370229514923	144320	-0,0052062985694298443
144330	-0,011379639380668709	144330	0,00903895096351453
144340	-0,0065220855884174835	144340	-0,0071090757201131508
144350	-0,0014544728423912304	144350	0,0051971143152536739
144360	-0,0014033551663881932	144360	-0,00080211519713357883
144370	-0,0122064897065373	144370	-0,0093841572135409217
144380	0,011254510627642517	144380	-0,00087166579575709421
144390	0,005023929525111508	144390	0,011129526611679355
144400	0,0039503009920561468	144400	-0,0015046885654254993
144410	-0,015825317478548293	144410	-0,0021342158957114114
144420	0,014027032084679094	144420	0,002036262694340249
144430	0,0055439380954517628	144430	-0,016640417881357981
144440	0,012878749053598626	144440	0,0015837004518019209
144450	0,0044405535663230482	144450	0,00055291883075074078
144460	-0,0048635298164028413	144460	0,0073538732340869125
144470	-0,007843412939599826	144470	0,0049390594116070557
144480	-0,0034418854814819047	144480	-0,0060577627408392376
144490	-0,021663060687866411	144490	-0,013530520558117317
144500	-0,015593846035656568	144500	0,0055726563163819185
144510	0,00750383778146779	144510	0,010577033652221847
144520	0,013419708090429885	144520	0,0023424680166529059
144530	-0,0028045654997460997	144530	0,00071920402004875073
144540	0,0075904599771568736	144540	-0,0095869368338751572
144550	0,0078686269237285746	144550	0,0050398947933916
144560	0,0064964144598187732	144560	0,008509718507910104
144570	-0,0030791501468476795	144570	-0,014916767917713953
144580	-0,0038463316064831971	144580	-0,068730867638834209
144590	-0,00076043690733385006	144590	-0,11378095037764877
144600	-0,004570352278883868	144600	-0,20670345673226859
144610	0,010130013556930917	144610	-0,28107135216056817
144620	0,00095943689163260665	144620	-0,33670918046195464
144630	0,0009028928130351908	144630	-0,40145754809753009
144640	0,010778614430866881	144640	-0,42366124991140897
144650	-0,011515360251108739	144650	-0,39850845170233062
144660	0,031751463036473068	144660	-0,33150029266007863
144670	-0,000938231845879263	144670	-0,31884762437230935
144680	0,09993273640983516	144680	-0,19050224170172125
144690	0,0031848760879282113	144690	-0,14752978055439425
144700	0,0032708661267696272	144700	-0,3672314849597384
144710	-0,0024591789325298609	144710	-0,34465785684062772
144720	-0,065343542035909613	144720	-0,16221349881933417
144730	0,11151791149983781	144730	0,06174530525799652
144740	0,044213013809864157	144740	-0,075534925932600236
144750	-0,1655984931193776	144750	-0,052066563451064925
144760	0,12889619015186826	144760	0,16483514977916297
144770	-0,13005232190873056	144770	0,75532743514029654
144780	-0,00092434848945529148	144780	0,721908962427949
144790	-0,10466092664647055	144790	1,4284386618558846
144800	0,018406126612085676	144800	1,6945688982696587
144810	0,015095615485352792	144810	1,2855876550998224
144820	0,0903206048566594	144820	1,0248017597487398
144830	0,034430704234848647	144830	0,88575193151404708
144840	0,11617661078322474	144840	0,62132458620628883
144850	0,11992481890015443	144850	0,30381836366123965
144860	0,040216491836617851	144860	0,097797430504612093
144870	-0,018470102988141921	144870	-0,10122992908581571
144880	-0,048374545887758351	144880	-0,1711388512738927
144890	-0,062030090033724734	144890	-0,1374942770453628
144900	-0,069483463531492137	144900	-0,054689745078418658
144910	-0,0813858363750956	144910	0,027688551203355536
144920	-0,12076591981955283	144920	0,051892138588421073
144930	-0,12606246644912175	144930	-0,19593573207097551
144940	-0,12759036921356717	144940	-0,44539077660798843
144950	-0,10031787043958827	144950	-0,6016243382168226
144960	-0,079685664494158245	144960	-0,6329876525923902
144970	-0,077752143972529386	144970	-0,63379674723191148
144980	-0,072030120488123031	144980	-0,52824346021090773
144990	-0,051970333717503578	144990	-0,35943401066718089
145000	-0,0776762190847827	145000	-0,20040041953581944
145010	-0,075845361872633632	145010	-0,081271308268497114
145020	-0,090108212536623	145020	-6,38060632320331E-05
145030	-0,08106559004758894	145030	0,048535861591282224
145040	-0,088994753413473127	145040	0,060952603227841289
145050	-0,089425656150788554	145050	0,034548157125330277
145060	-0,079960560061265423	145060	0,0066734017555056431
145070	-0,0765290995027888	145070	-0,018178463988529927
145080	-0,10202768368433382	145080	-0,0347247020756842
145090	-0,094818744785513193	145090	-0,046999209988702294
145100	-0,079220049541343623	145100	-0,029698444572896911
145110	-0,068888536383307483	145110	-0,0173297612529603
145120	-0,075185096461376374	145120	-0,02247941798920566
145130	-0,062775443583682061	145130	0,0014802441264540006
145140	-0,075792886612875948	145140	0,012791102830560449
145150	-0,086446840664244851	145150	0,029110922607288134
145160	-0,080082206167977565	145160	0,039750383931896706
145170	-0,095312431860482327	145170	0,021701809384445603
145180	-0,087583042438104108	145180	0,018528283244447011
145190	-0,062099723505840962	145190	0,032810774937197293
145200	-0,076841890542362068	145200	0,00876464861797948
145210	-0,094714721091787343	145210	-0,0017133822855931449
145220	-0,084423496827747246	145220	0,0046012265896308762
145230	-0,077208910752191551	145230	0,018440442900589896
145240	-0,073725094106491723	145240	0,024612981789125316
145250	-0,066868063170314559	145250	0,021368512273274128
145260	-0,079902407361638089	145260	0,014166744436417552
145270	-0,060316114677267767	145270	0,0290220621028319
145280	-0,0928633779178814	145280	0,024632190700640072
145290	-0,084773273025450055	145290	0,017595924950284208
145300	-0,0700065974678444	145300	0,017577310187230331
145310	-0,08196149311953467	145310	0,021587397860261058
145320	-0,08753537937541675	145320	0,024555191499926691
145330	-0,080555385272047142	145330	0,016734866924094465
145340	-0,081037323866953226	145340	0,010191485616868612
145350	-0,077947052702985284	145350	0,025762027385797269
145360	-0,079709950121576389	145360	0,023561023159515544
145370	-0,0744602540304717	145370	0,029664910078335785
145380	-0,07544711070463779	145380	0,044890261440318387
145390	-0,084483990277117046	145390	0,021534761909870623
145400	-0,079092502795589284	145400	0,0310229865922952
145410	-0,08077188042303228	145410	0,023592058132634881
145420	-0,084109323271674252	145420	0,014941987838849882
145430	-0,0841160288445899	145430	0,020374999810688098
145440	-0,08055047641397875	145440	0,02739528630243538
145450	-0,090253483048661279	145450	0,023890935268667455
145460	-0,091496550110689329	145460	0,022118866389566602
145470	-0,086689223242918	145470	0,025130143122626514
145480	-0,0715516957252974	145480	0,02002881231492196
145490	-0,0817703667700418	145490	0,030071172433508066
145500	-0,09025852240546163	145500	0,015364973209037781
145510	-0,071871442008443212	145510	0,016917449651782865
145520	-0,057066987440855421	145520	0,033701245284580426
145530	-0,086886365945183522	145530	0,014505971945065567
145540	-0,0849190935936975	145540	0,010650646265409288
145550	-0,072484633845561891	145550	0,045731130309056275
145560	-0,081200901894109209	145560	0,015865006784933963
145570	-0,087438695193137808	145570	0,032313409359750134
145580	-0,094735021369057287	145580	0,0078726622245779178
145590	-0,0788603037156921	145590	0,032201841614988194
145600	-0,078774629673186033	145600	0,0046696050964003593
145610	-0,096425473828535058	145610	0,012728970710437873
145620	-0,095299022271458589	145620	0,024768234227824752
145630	-0,084281791457504307	145630	0,021118999949532969
145640	-0,074212991367524961	145640	0,02551047372958222
145650	-0,084873717968826576	145650	0,02567627893742358
145660	-0,071085676952651083	145660	0,023605051272663019
145670	-0,083960721986689343	145670	0,0064247906929001345
145680	-0,091676840860475908	145680	0,017284184664809285
145690	-0,0797784091494831	145690	0,024882796265027651
145700	-0,078981961597851522	145700	0,010473452056834956
145710	-0,084790238694401	145710	0,022961217386728881
145720	-0,081154775730061593	145720	0,028147832680128698
145730	-0,082125996259991507	145730	0,023351117382478411
145740	-0,082532306601636962	145740	0,016835752634904
145750	-0,08058320659537517	145750	0,0031560346836862637
145760	-0,086322865852504246	145760	0,027672152426168467
145770	-0,08041379228302209	145770	0,03210769753425026
145780	-0,0838357597250216	145780	0,022680011284357694
145790	-0,072144313660826853	145790	0,032386854105643043
145800	-0,10395517949162086	145800	0,023615158068415135
145810	-0,07890894322798013	145810	0,025550315650310372
145820	-0,0757645648555413	145820	0,01945171709569056
145830	-0,090371335043187992	145830	0,0049199566094700825
145840	-0,079642052953541667	145840	0,041650183692535196
145850	-0,082841630059076618	145850	0,02191858522411955
145860	-0,091012973046660089	145860	0,017583452241946643
145870	-0,076010452432717618	145870	0,025216956326990971
145880	-0,080560288121531112	145880	0,02466476814413272
145890	-0,076034040136417833	145890	0,023701289940097368
145900	-0,0824876341948269	145900	0,0087124575338498964
145910	-0,087959685192211	145910	0,025955794015311753
145920	-0,082661966674777279	145920	0,031432050103368837
145930	-0,0820647595582047	145930	0,027924379639879614
145940	-0,081010922384798525	145940	0,0099481867274577133
145950	-0,0753873648947014	145950	0,014855429310044651
145960	-0,0805114741489226	145960	0,022517882534084332
145970	-0,078936670065357969	145970	0,03046819610275953
145980	-0,075244318458139961	145980	0,030188653758638592
145990	-0,091680938798195152	145990	0,03070383626277683
146000	-0,075713247461851263	146000	0,0061160528210469148
146010	-0,085722043578950885	146010	0,02335953332655101
146020	-0,072662871180821653	146020	0,030094673869858861
146030	-0,088713997754146831	146030	0,02547971785431484
146040	-0,088211195540494128	146040	0,025568148098031603
146050	-0,0804956086119029	146050	0,032383375814183761
146060	-0,0789398698896965	146060	0,020920076011345597
146070	-0,075238186034598822	146070	0,017205054306120793
146080	-0,074910000282107148	146080	0,029941380133777847
146090	-0,086877761675358767	146090	0,016230422392310595
146100	-0,10385963833613129	146100	0,014394279586348417
146110	-0,076242081162161759	146110	0,016173005987075644
146120	-0,075984478883804885	146120	0,024144874082673108
146130	-0,0750949020107531	146130	0,03204432623250171
146140	-0,075821989357598943	146140	0,020901584405753623
146150	-0,08034951260918774	146150	0,014335581687349931
146160	-0,087188243475870883	146160	0,018741140538147232
146170	-0,091718999706520546	146170	0,019003947808127496
146180	-0,079374070725144616	146180	0,026288310170917737
146190	-0,077298233334069849	146190	0,020349629568590582
146200	-0,0927121041334604	146200	0,017937260205614237
146210	-0,077446183819288764	146210	0,028612091213076604
146220	-0,086688832303336877	146220	0,02596742949189023
146230	-0,079805296130775957	146230	0,016877881042991032
146240	-0,071835768776171441	146240	0,028407061596183066
146250	-0,079989846572180293	146250	0,032038323127073019
146260	-0,086749116226818385	146260	0,0035520434742894527
146270	-0,077815803692727531	146270	0,028813578149734474
146280	-0,095050158908656215	146280	0,014800487690256397
146290	-0,079531381040376214	146290	0,029730563954862198
146300	-0,097639624206606171	146300	0,0057159119089689216
146310	-0,085248217584899061	146310	0,02812167093835647
146320	-0,078618254098982848	146320	0,034120058043005046
146330	-0,077141416796524462	146330	0,015699717029465592
146340	-0,088890000040647663	146340	0,015125767353587765
146350	-0,082280093339221455	146350	0,027780876020788065
146360	-0,087619234089229836	146360	0,028933506770083488
146370	-0,082082312274341887	146370	0,026685052066143605
146380	-0,079656218632021117	146380	0,022553016754487568
146390	-0,077788298448753679	146390	0,017653360405904438
146400	-0,09037557056523475	146400	0,01683909041239157
146410	-0,08933845464517555	146410	0,02372871520571752
146420	-0,060052591271206095	146420	0,022622765927647819
146430	-0,08222224495068256	146430	0,0095146551909788529
146440	-0,083879972702556468	146440	0,034500186387943631
146450	-0,089898846685902492	146450	0,013649183535550643
146460	-0,087330024745928977	146460	0,011750934086531809
146470	-0,083575712195818178	146470	0,01836463459272094
146480	-0,094070182088947879	146480	0,034662062189503025
146490	-0,084460823033902982	146490	0,019347011543044648
146500	-0,083585035426214468	146500	0,027423232196306793
146510	-0,082650898815137611	146510	0,024653823348503769
146520	-0,083523722927613273	146520	0,014450500565658808
146530	-0,072423961517135843	146530	0,022831556563912146
146540	-0,084550826664695	146540	0,025148064079602933
146550	-0,0843729251506266	146550	0,012816409916490414
146560	-0,0822554757218074	146560	0,019150154535498162
146570	-0,071569611157669841	146570	0,014279966103740145
146580	-0,08511927449036874	146580	0,025307449723123744
146590	-0,086007040768660031	146590	0,021824354724950125
146600	-0,077096743671663331	146600	0,026329155766111292
146610	-0,079557555602634417	146610	0,022815687437709096
146620	-0,062322833765053112	146620	0,026071458326701522
146630	-0,077227697611011378	146630	0,027550848945404667
146640	-0,086905830973493	146640	0,024635108006848955
146650	-0,073170641396769251	146650	0,024267178760327846
146660	-0,086971847875299546	146660	0,012334779101562962
146670	-0,091339172015598269	146670	0,019855056234034118
146680	-0,057257652015777226	146680	0,0284270081531662
146690	-0,0900469885940466	146690	0,014884697512082596
146700	-0,080768128765298611	146700	0,031244970997704166
146710	-0,079909307454272091	146710	0,024730860245424664
146720	-0,077444095742484842	146720	0,021682374216214287
146730	-0,0765912175612164	146730	0,034213756426128054
146740	-0,093379887776473325	146740	0,015467869871976469
146750	-0,088340125204950271	146750	0,0026408212565225031
146760	-0,080027524908788519	146760	0,0170676880741674
146770	-0,082564146823418075	146770	0,016586881081088165
146780	-0,074117060810259081	146780	0,013952544561804503
146790	-0,0846021959207755	146790	0,028444518763027161
146800	-0,085275418770450737	146800	0,024184849446923624
146810	-0,081395644948873511	146810	0,032617168105924486
146820	-0,08436260919286323	146820	0,029503142464358128
146830	-0,069129189630351681	146830	0,01734517816195846
146840	-0,078084756622863877	146840	0,0194260928057938
146850	-0,0807152212869954	146850	0,033842962593138147
146860	-0,089537271723855213	146860	0,012820970201903792
146870	-0,07928440961271889	146870	0,016668184063667008
146880	-0,065545692623739049	146880	0,013506802623578229
146890	-0,087168084419106368	146890	0,038782476222394606
146900	-0,083031619513352889	146900	0,0071339161058375546
146910	-0,079543177338883483	146910	0,017912173165988865
146920	-0,077072806581914413	146920	0,023615200004280149
146930	-0,081711427369722145	146930	0,022545525955359923
146940	-0,080868471537213271	146940	0,023536075121344421
146950	-0,071655301891042925	146950	0,012748051547742065
146960	-0,077775654729543314	146960	0,022336364912940308
146970	-0,085366399452901934	146970	0,019847038790898445
146980	-0,084170770325607991	146980	0,016593166015166628
146990	-0,073936983128476561	146990	0,026309090820947411
147000	-0,08564184631429074	147000	0,034113304866094277
147010	-0,087575505325922273	147010	0,031022891044167191
147020	-0,0766558217590957	147020	0,012303234655715478
147030	-0,0952567143669068	147030	0,0229731092759771
147040	-0,09685837014104029	147040	0,019173437187732463
147050	-0,079090962472048179	147050	0,026132991185614091
147060	-0,080720250512644531	147060	0,030711338440507149
147070	-0,077379192669737723	147070	0,021322676769723617
147080	-0,078464381407985784	147080	0,025505148008409428
147090	-0,086449838211769783	147090	0,023478800156531629
147100	-0,088587807351446557	147100	0,01977518100745309
147110	-0,0876242736238187	147110	0,024730293261535852
147120	-0,0877785199716069	147120	0,015646473184536262
147130	-0,079912404982100407	147130	0,0444520407952599
147140	-0,074293316582388	147140	0,012853598213362681
147150	-0,084839974341993113	147150	0,019604023894560195
147160	-0,0938689658358092	147160	0,0297050163910766
147170	-0,072450966310039985	147170	0,015389004904818716
147180	-0,084087996334725565	147180	0,021608510664466025
147190	-0,0773808720497657	147190	0,02701883254720247
147200	-0,083804180070607789	147200	0,028598453016221628
147210	-0,0880076645721436	147210	0,015799991082006273
147220	-0,075052455220177186	147220	0,022030579363481378
147230	-0,073632942437740684	147230	0,022618376648918134
147240	-0,085827045614719849	147240	0,015033940129851703
147250	-0,093168748543087362	147250	0,013628820740196935
147260	-0,086441088731922022	147260	0,032997346097755051
147270	-0,074246842120582884	147270	0,012464576128140201
147280	-0,085660819529263244	147280	0,030631783449471761
147290	-0,072099430444533819	147290	0,0090392769935247023
147300	-0,085869406726395731	147300	0,024592332999559069
147310	-0,0688900691400476	147310	0,017229396216121382
147320	-0,070355232551451624	147320	0,026245717616951113
147330	-0,084715581429443354	147330	0,015368668994093535
147340	-0,076134247585061057	147340	0,029827962754253787
147350	-0,08297806003383501	147350	0,028127606494258214
147360	-0,0735068180078235	147360	0,024248425165174108
147370	-0,091657782271064872	147370	0,014173741418359757
147380	-0,07797086662801278	147380	0,0072972641267380787
147390	-0,0812476790441594	147390	0,0368880922279542
147400	-0,085038380362525021	147400	0,014607530569556968
147410	-0,075594954009357035	147410	0,03850917043154338
147420	-0,09430064433355631	147420	0,000349732446365663
147430	-0,068624201531694476	147430	0,0207794114134716
147440	-0,085826921897651579	147440	0,010755319912416772
147450	-0,08928783997426204	147450	0,031916754514392125
147460	-0,078113590806160829	147460	0,037172863332693068
147470	-0,085093105929691368	147470	0,014589788634087457
147480	-0,083907133634300857	147480	0,021670514464745331
147490	-0,078835835263396367	147490	0,018860484074618412
147500	-0,076935333820617555	147500	0,022108362861231211
147510	-0,096433065348993818	147510	0,016624641886187948
147520	-0,08702214852914246	147520	0,019765342420366341
147530	-0,07567490538411821	147530	0,027582412302213602
147540	-0,07985614890855719	147540	0,021454836733617807
147550	-0,084102252060942448	147550	0,017302503251655433
147560	-0,081914726984401456	147560	0,013451553725207847
147570	-0,07104236552694769	147570	0,031399912429532245
147580	-0,077844195960398807	147580	0,030130837920427395
147590	-0,069926240901775627	147590	0,015624001764492293
147600	-0,089739629243903843	147600	0,020929758638090976
147610	-0,0743465779569144	147610	0,023951360575164223
147620	-0,083473515771956455	147620	0,024698977753053214
147630	-0,081105305709953876	147630	0,023427372565261038
147640	-0,077885593387254676	147640	0,017256123259030153
147650	-0,086172493464039226	147650	0,018343020995446935
147660	-0,084167084815968712	147660	0,019075796499020865
147670	-0,085618646182077762	147670	0,013315217083836992
147680	-0,077331309532950934	147680	0,0316628939544251
147690	-0,08498509767132334	147690	0,023666333904507123
147700	-0,088793148016305376	147700	0,028673360796908812
147710	-0,075349179804565888	147710	0,0073411129575533286
147720	-0,061789275940248592	147720	0,020961709275421722
147730	-0,075571780976508116	147730	0,01681351768648193
147740	-0,085673173674232384	147740	0,035224373008143774
147750	-0,079139352440415534	147750	0,015240317456725345
147760	-0,079275787625994673	147760	0,026282088598135394
147770	-0,082743295622081159	147770	0,039922119614725839
147780	-0,09214567648874715	147780	0,012110405607184505
147790	-0,081257081959184727	147790	0,0176827662901459
147800	-0,068334519959937084	147800	0,023714043454413528
147810	-0,088325502039765441	147810	0,01497455796079138
147820	-0,094298161698469926	147820	0,024377166704343069
147830	-0,086666339686148577	147830	0,036019915344452605
147840	-0,083322672733200126	147840	0,03133521924788453
147850	-0,07600843676554446	147850	0,025446854754308926
147860	-0,0911084284262843	147860	0,022236487694229975
147870	-0,075583049727151255	147870	0,010763868090416346
147880	-0,081154650745419388	147880	0,020779352754403645
147890	-0,064337410050357216	147890	0,024915478784116006
147900	-0,094905210372794077	147900	0,012717618273362862
147910	-0,083540690438916626	147910	0,036342605988328794
147920	-0,082983191562975164	147920	0,01873961261671607
147930	-0,086310528692747759	147930	0,014465080784457386
147940	-0,092672618339073642	147940	0,018726477649205747
147950	-0,089040798696391074	147950	0,021167146159056148
147960	-0,0773198583283045	147960	0,024689695274186178
147970	-0,083048017173368308	147970	0,02288526226926595
147980	-0,082934360653566783	147980	0,013565622786039797
147990	-0,072292976900762737	147990	0,028263205240405355
148000	-0,072883983885642531	148000	0,021312809307727189
148010	-0,084688878827024375	148010	0,0044574697877947508
148020	-0,076795602786092071	148020	0,019204293045362777
148030	-0,076395823643863547	148030	0,029329245636915292
148040	-0,091948667615754334	148040	0,023956801181904071
148050	-0,077753689160083517	148050	0,021793788816013654
148060	-0,067407108656261608	148060	0,011539617477436906
148070	-0,058261851564194139	148070	0,028868479268365596
148080	-0,082541794777372474	148080	0,0171179992243535
148090	-0,07329963331044069	148090	0,028365460417316111
148100	-0,086653986844848888	148100	0,025813264247791408
148110	-0,087561940606123614	148110	0,026001575354688649
148120	-0,077302279743852273	148120	0,0087500754333527248
148130	-0,079193447554067861	148130	0,03314024753065746
148140	-0,078782688812060769	148140	0,02889021649776977
148150	-0,061680395191627935	148150	0,012229326953280823
148160	-0,08841249261235809	148160	0,034738266857197823
148170	-0,072803830551570886	148170	0,017733011554573113
148180	-0,084278836952647651	148180	0,025945296009829689
148190	-0,075294131345877285	148190	0,0279259334708568
148200	-0,082430165051305057	148200	0,017812697029352117
148210	-0,077247520043743037	148210	0,026405319262040396
148220	-0,086490688975562155	148220	0,02771393596800072
148230	-0,078365454180862187	148230	0,021244458935396119
148240	-0,081619135200972123	148240	0,02565920849287141
148250	-0,086073226094219246	148250	0,020733015589788188
148260	-0,076761933759453616	148260	0,0097179393664965676
148270	-0,076340645422633774	148270	0,020180708876279478
148280	-0,073501805449936647	148280	0,034918013977141983
148290	-0,076713659721007854	148290	0,019323705834826895
148300	-0,080066651209096271	148300	0,017496585084907194
148310	-0,065968749601815688	148310	0,012463308158950325
148320	-0,07193877564076917	148320	0,035017495956393196
148330	-0,08374815552563171	148330	0,012410865607578219
148340	-0,083767270086157766	148340	0,039028044966955944
148350	-0,087683700278216647	148350	0,011374725222912106
148360	-0,0768875020538315	148360	0,013268515202249876
148370	-0,086583089103708627	148370	0,015195099676446194
148380	-0,090014023415386349	148380	0,034652566968742193
148390	-0,0786894138032152	148390	0,031460341482983691
148400	-0,089152232593432731	148400	0,011442968727672559
148410	-0,0829260007679739	148410	0,035046172805007623
148420	-0,064864405377075926	148420	0,019687976543541756
148430	-0,085948025574479656	148430	0,015099973938508565
148440	-0,0829390685536439	148440	0,040747194911893152
148450	-0,092982081095410993	148450	0,014021018695224237
148460	-0,070399980029910186	148460	0,028913382613580015
148470	-0,084572527419812707	148470	0,018704700363540459
148480	-0,094204995646972337	148480	0,014942592311468729
148490	-0,067975301462681492	148490	0,018538341183851004
148500	-0,079136405941353211	148500	0,026435984506265386
148510	-0,086691985431264232	148510	0,023110374594482057
148520	-0,081750893404797687	148520	0,010307196522250886
148530	-0,075401520129906766	148530	0,02195092617343334
148540	-0,084921984530117275	148540	0,027787948077373979
148550	-0,077085101205777842	148550	0,013244996933602066
148560	-0,081809724200531564	148560	0,025140433777209637
148570	-0,085364526946862043	148570	0,011892855146575019
148580	-0,079670196625541354	148580	0,029254789269651405
148590	-0,069597734685720641	148590	0,02249005460596434
148600	-0,085455422503264031	148600	0,022254798980773011
148610	-0,079810315141385854	148610	0,019636601999642986
148620	-0,072221166927591132	148620	0,02997029511087456
148630	-0,08279449762034681	148630	0,024839600515808774
148640	-0,069967771784786484	148640	0,029672316176858116
148650	-0,073945059345950914	148650	0,030968827017992053
148660	-0,0770624122548942	148660	0,00888598087341968
148670	-0,081894373567761164	148670	0,013303963343499004
148680	-0,088120086331336639	148680	0,025211097174290119
148690	-0,083623006960099222	148690	0,016543552907649368
148700	-0,08469668864545532	148700	0,010994614737488872
148710	-0,082651845672352717	148710	0,020593867979091594
148720	-0,0904887408529633	148720	0,022382889000997521
148730	-0,088381147902564516	148730	0,021699976515995253
148740	-0,079392044109548143	148740	0,027134226201383671
148750	-0,0750638673227981	148750	0,024976231125347741
148760	-0,08015887465781095	148760	0,021712054365176
148770	-0,075630183081932742	148770	0,02210028198575837
148780	-0,087332144417558752	148780	0,024848445249212835
148790	-0,079525086867564015	148790	0,024982454109987763
148800	-0,08052069910661197	148800	0,02114837473054296
148810	-0,0904765815007905	148810	0,021998592704467572
148820	-0,080597344785839423	148820	0,024471236791486353
148830	-0,079975155448514773	148830	0,034977997654886447
148840	-0,077734197572070521	148840	0,01684285339363845
148850	-0,085564313177745488	148850	0,018581279074456784
148860	-0,07383865930279486	148860	0,02842064799731793
148870	-0,083034463451221355	148870	0,018089277660952353
148880	-0,075341469503698563	148880	0,019042691112067738
148890	-0,068784867820223333	148890	0,024794057595115868
148900	-0,069918519891293884	148900	0,015237619891529941
148910	-0,08042719068883708	148910	0,014922060846676287
148920	-0,086296845976741143	148920	0,0272736950891151
148930	-0,080976862665132224	148930	0,021744886067600906
148940	-0,075969628007547085	148940	0,029614619297803759
148950	-0,087956772312201392	148950	0,029406347713044314
148960	-0,089245560006038213	148960	0,014724281424580432
148970	-0,056918205833768096	148970	0,028998462031505502
148980	-0,094808869521371	148980	0,023069605536917937
148990	-0,073538461913495459	148990	0,0131839621629328
149000	-0,081103354833651359	149000	0,033642952966865008
149010	-0,076105681157260449	149010	0,022039374914411502
149020	-0,084448855641449688	149020	0,0313313909930202
149030	-0,073006190610877444	149030	0,024253201072748923
149040	-0,094166038947391048	149040	0,028933989639099475
149050	-0,084655854620705545	149050	0,015763118924533959
149060	-0,069219686527383043	149060	0,023192792079923048
149070	-0,074634878237988533	149070	0,03786436008427662
149080	-0,07788269239203989	149080	0,029185435431494461
149090	-0,087396572032008055	149090	0,022501777839790772
149100	-0,081232414287715979	149100	0,02389365405064095
149110	-0,0710249354283943	149110	0,01020489571713715
149120	-0,08938877516732037	149120	0,022347934630451604
149130	-0,066514489261919385	149130	0,023232135972986307
149140	-0,093449809517212559	149140	0,017741971736097879
149150	-0,083178960911342512	149150	0,013317175278721385
149160	-0,075283414848795777	149160	0,013074764753654307
149170	-0,0940712338466372	149170	0,02359789758198727
149180	-0,081752735477598648	149180	0,023921339507834049
149190	-0,0699418194836154	149190	0,028045499553869192
149200	-0,076135652546573521	149200	0,011897899019189412
149210	-0,0732632254656651	149210	0,028756371826107369
149220	-0,079689198424114274	149220	0,00949125630262774
149230	-0,073782835815155962	149230	0,017929018830999188
149240	-0,082974367468278978	149240	0,027115629006763221
149250	-0,080911861074694863	149250	0,0038288154706640925
149260	-0,088240653837347485	149260	0,014066164331242206
149270	-0,084494646687006361	149270	0,032635580148051693
149280	-0,077216631389200485	149280	0,036080986045306927
149290	-0,073883421553045517	149290	0,02273217262779401
149300	-0,091170773082098255	149300	0,021872496199665019
149310	-0,07617366937924426	149310	0,018887462325171352
149320	-0,075913580697828539	149320	0,025447733204841314
149330	-0,078392485167529863	149330	0,03217878166922352
149340	-0,08217889954438605	149340	0,022571040020449806
149350	-0,073219955024690045	149350	0,022170691364986721
149360	-0,060057525455065576	149360	0,033037379445531
149370	-0,077760399593121587	149370	0,026751565128595022
149380	-0,063121900288314367	149380	0,026676009032285144
149390	-0,0886430120233861	149390	0,025814462842940946
149400	-0,072499790423489988	149400	0,014313341630532205
149410	-0,08031761398352362	149410	0,013527141501261535
149420	-0,098150620074848052	149420	0,014964834610671347
149430	-0,075726436460802155	149430	0,030856148487302573
149440	-0,083740888709867775	149440	0,016543878367159228
149450	-0,058457937732814193	149450	0,011671920420438377
149460	-0,095569952138180411	149460	0,019141984734016234
149470	-0,085416952796602677	149470	0,024526052267441981
149480	-0,084216587420962427	149480	0,02166809493288082
149490	-0,099318390021529743	149490	0,0087688224391989835
149500	-0,082941284265959314	149500	0,013841653415438303
149510	-0,093488450744279569	149510	0,016597287594273827
149520	-0,081798851826628535	149520	0,030143053957614428
149530	-0,086721764567843571	149530	0,021342453405926474
149540	-0,0693716750963347	149540	0,039601954448623349
149550	-0,093648534395383856	149550	0,022763679258798821
149560	-0,093183493410675708	149560	0,012123038237982041
149570	-0,0856737623678698	149570	0,021597948661280841
149580	-0,086215574382767377	149580	0,022844148101185079
149590	-0,081099803446480448	149590	0,028347536604371722
149600	-0,088098480678062044	149600	0,026739614549119457
149610	-0,086155131118239553	149610	0,022365615589678388
149620	-0,085463584007466342	149620	0,017172597875819987
149630	-0,071780663446281256	149630	0,01134657250589626
149640	-0,076233478623298628	149640	0,024658694663887409
149650	-0,0785656960908781	149650	0,011004917644588063
149660	-0,076126991562342608	149660	0,034999740176168061
149670	-0,083745223374652969	149670	0,019725754814496115
149680	-0,075838551379023442	149680	0,02283657314891983
149690	-0,072200574404883852	149690	0,025607827669390897
149700	-0,079392350617161017	149700	0,016734436829946429
149710	-0,06935133260193195	149710	0,024959031094325807
149720	-0,088672063897732634	149720	0,012318226904305679
149730	-0,093190862856414383	149730	0,019618963022536545
149740	-0,061878131533542512	149740	0,018441597414587552
149750	-0,083818172428309	149750	0,030454825459318775
149760	-0,079198075327528109	149760	0,024253047033941533
149770	-0,075574528970664773	149770	0,020177017183270866
149780	-0,083604425807904739	149780	0,0204677711316604
149790	-0,081715774755077353	149790	0,0162729629859388
149800	-0,092695724817526984	149800	0,017726600470858788
149810	-0,071874812373964148	149810	0,026893381855901479
149820	-0,08609861137703069	149820	0,031214537758969013
149830	-0,077753961622754664	149830	0,020423109742429384
149840	-0,060867937278205463	149840	0,018197416684287787
149850	-0,082977694444558825	149850	0,025748094890233407
149860	-0,081247848667272929	149860	0,024777296378776643
149870	-0,087022465546069891	149870	0,026037465544500937
149880	-0,085162214102161	149880	0,025368168821941411
149890	-0,073592802090803128	149890	0,016091032438892025
149900	-0,088697734968950642	149900	0,011744144133975357
149910	-0,075181729058683686	149910	0,012140012550227142
149920	-0,087076905365688642	149920	0,023407235782744906
149930	-0,081507416333744448	149930	0,022908892173565853
149940	-0,078235759844808447	149940	0,017267684194904483
149950	-0,095850482633516365	149950	0,032616799887824496
149960	-0,089349527962252193	149960	0,0097247748220753629
149970	-0,066907173833049879	149970	0,02663079089829205
149980	-0,084804695816064452	149980	0,016916489922508493
149990	-0,079421313628170245	149990	0,020151630351325396
150000	-0,0877263361005593	150000	0,026087861467245264
150010	-0,080823545330467358	150010	0,026718510709261605
150020	-0,085815603655158557	150020	0,023029540825046751
150030	-0,090853356783789668	150030	0,0022167693562391744
150040	-0,075243415992550966	150040	0,035104075099530452
150050	-0,081891306484872056	150050	0,009275709329857839
150060	-0,081237323478270521	150060	0,021715752942147424
150070	-0,0718736383312304	150070	0,019494863077341856
150080	-0,082836544745102728	150080	0,0176218189961874
150090	-0,084474345811532542	150090	0,020138544677588549
150100	-0,072351760221880182	150100	0,028069492101518913
150110	-0,087772523149162965	150110	0,026010882199474485
150120	-0,090227766320537126	150120	0,019425852690429884
150130	-0,090343490685479769	150130	0,021613650203280717
150140	-0,077341293025566249	150140	0,020555084081200596
150150	-0,072666466962499052	150150	0,029038901913355297
150160	-0,088423935791645744	150160	0,018699815401012163
150170	-0,082594546641459252	150170	0,02848311394938292
150180	-0,0637376070680128	150180	0,034984414658783138
150190	-0,072917588332856775	150190	0,025895816330936541
150200	-0,086916626685147547	150200	0,0015464324382112652
150210	-0,077619011623890691	150210	0,013961219607457951
150220	-0,093647860893305471	150220	0,021278533656651222
150230	-0,074654306405619819	150230	0,031809603986443537
150240	-0,075363777254241843	150240	0,025442986181659254
150250	-0,075703601521880409	150250	0,01794088272213834
150260	-0,070176105768036	150260	0,030635358683040258
150270	-0,076264072322876339	150270	0,033810195809015425
150280	-0,082488827154442154	150280	0,027518949373363771
150290	-0,080123405272535642	150290	0,015543315431927111
150300	-0,075227941935166034	150300	0,017693347909753021
150310	-0,094144813064619984	150310	0,02156038876913163
150320	-0,082189845512789142	150320	0,021805953306737156
150330	-0,081017556326996	150330	0,022547124620811976
150340	-0,081368746310871529	150340	0,033614996374214147
150350	-0,091410884524484176	150350	0,013915200284877513
150360	-0,074147518294528411	150360	0,027466968176582385
150370	-0,0928333278787905	150370	0,01420078410401257
150380	-0,081140314203140315	150380	0,022710812810080985
150390	-0,078681119115409148	150390	0,024245301487197075
150400	-0,076114632601588669	150400	0,022711112920356463
150410	-0,092482148598069525	150410	0,010312778487306957
150420	-0,085766494250381312	150420	0,019911039530652489
150430	-0,0859080827336314	150430	0,020397896121143708
150440	-0,085402986248407267	150440	0,027988231316451066
150450	-0,088329497144070276	150450	0,015661620477759337
150460	-0,07851078320257196	150460	0,01467328775303367
150470	-0,086893559936795137	150470	0,036440518459223276
150480	-0,0711070475832206	150480	0,03114599638961563
150490	-0,07648968944541415	150490	0,015534906954335171
150500	-0,084690482573018991	150500	0,023525819595315252
150510	-0,07495679206514072	150510	0,034093821514212093
150520	-0,07306952556468678	150520	0,019256366506401314
150530	-0,090119381882613744	150530	0,018713607688358485
150540	-0,088595523635635193	150540	0,037706578183842987
150550	-0,06343567940996471	150550	0,020309536720806688
150560	-0,092706527794926635	150560	0,0075868002386764053
150570	-0,089713395852618547	150570	0,023144258634932937
150580	-0,090381637710014368	150580	0,0034030834350197471
150590	-0,090252878287586866	150590	0,01642874965350799
150600	-0,092933258956771542	150600	0,022471222654384514
150610	-0,072246406018127637	150610	0,019032708293644261
150620	-0,080005048424965045	150620	0,033843114713558532
150630	-0,080611175085150838	150630	0,017584987807975024
150640	-0,078498720447774936	150640	0,02262767881688835
150650	-0,083054048576233913	150650	0,039937216235361221
150660	-0,072670970789637371	150660	0,019761656887049259
150670	-0,084992372947832712	150670	0,017400645655850377
150680	-0,089085149285721477	150680	0,012313719246958515
150690	-0,07765737517636348	150690	0,023773383340739557
150700	-0,079667323442593779	150700	0,026831873550925634
150710	-0,081831932207519692	150710	0,043763634473157426
150720	-0,08180820975980628	150720	0,01854910397427869
150730	-0,075923545920667315	150730	0,025411762993504242
150740	-0,088573995431239755	150740	0,021694560112324703
150750	-0,089137856411959968	150750	0,023923547673378082
150760	-0,077291846708450546	150760	0,016918198079057197
150770	-0,07979738973135525	150770	0,029347110798989426
150780	-0,086258385579707553	150780	0,028782434009156473
150790	-0,076946624124125812	150790	0,037980206159668829
150800	-0,082908307189280717	150800	0,01649479746094791
150810	-0,065347369631409455	150810	0,025634628077895707
150820	-0,086710000823601752	150820	0,023727961637651437
150830	-0,086236451316610618	150830	0,029512576504405766
150840	-0,0870542585510387	150840	0,011033710793946164
150850	-0,06617479328026149	150850	0,0284906033326899
150860	-0,0916512087898728	150860	0,020069329042229304
150870	-0,07860198616773556	150870	0,026236987472776144
150880	-0,084292960893392055	150880	0,029244691491788925
150890	-0,080401194198522943	150890	0,017024588350882813
150900	-0,0720365393668929	150900	0,024553008802449712
150910	-0,092936106130368054	150910	0,029901220773895888
150920	-0,089370032914808939	150920	0,038098507894373246
150930	-0,10147346167601759	150930	0,0088271304168944641
150940	-0,076933884624739921	150940	0,016766128548569011
150950	-0,073585986755322366	150950	0,031401238203923619
150960	-0,0866280837915398	150960	0,018106090671120297
150970	-0,0944500464667281	150970	0,019112163616087977
150980	-0,066813919408160366	150980	0,024492762580457975
150990	-0,08971430016061066	150990	0,0179825513079141
151000	-0,094036712147481646	151000	0,01947952244175578
151010	-0,087809589263466367	151010	0,018006930390711166
151020	-0,07856496864147855	151020	0,029238560206299832
151030	-0,078478406556925631	151030	0,023348035966838133
151040	-0,088427560328679	151040	0,01998623795237375
151050	-0,075903190807558987	151050	0,015290702082218504
151060	-0,074829898992173058	151060	0,016131470846669063
151070	-0,07397703461319767	151070	0,023621487289367249
151080	-0,088739607676777646	151080	0,012511996084010602
151090	-0,085787919482231065	151090	0,021524339595471023
151100	-0,094199972292104084	151100	0,020504103114528133
151110	-0,073285853272504489	151110	0,019441117564536675
151120	-0,077610483633828192	151120	0,034545828327930628
151130	-0,083631420696192491	151130	0,025257044161516803
151140	-0,090714332793682226	151140	0,0092686651831519612
151150	-0,079489887909690068	151150	0,019112601285862511
151160	-0,085242449633494838	151160	0,0065309639886598414
151170	-0,070599495258218431	151170	0,046369126637930927
151180	-0,088622252015125164	151180	0,014355439633437162
151190	-0,08404145792057674	151190	0,027619292598860284
151200	-0,078405161936402124	151200	0,021520491904026873
151210	-0,0750821956294227	151210	0,023724243898219879
151220	-0,072415781523540793	151220	0,018592371071454592
151230	-0,083122837995792259	151230	0,022457357759976992
151240	-0,0930801625576723	151240	0,02026931038514251
151250	-0,087428818596375052	151250	0,016720395921594175
151260	-0,083906957571148216	151260	0,013961449484735173
151270	-0,066841445917027259	151270	0,023058146543755046
151280	-0,084032359929456	151280	0,0318431057871887
151290	-0,085379883070144227	151290	0,016669866419736053
151300	-0,0791315661352525	151300	0,015835326652228761
151310	-0,085051480870528412	151310	0,0383454763854562
151320	-0,076813437807300322	151320	0,0071703861002889247
151330	-0,085168403040991256	151330	0,01064763726548967
151340	-0,07865988264463715	151340	0,016087915556952142
151350	-0,075051693288552768	151350	0,015507146600602543
151360	-0,0773466959240118	151360	0,016138517637829475
151370	-0,094752938085356952	151370	0,020552956817085206
151380	-0,071525641320447156	151380	0,021825111022762869
151390	-0,076008365837995445	151390	-0,0010129710846762759
151400	-0,081111199651820384	151400	0,034349805764615736
151410	-0,091344881768551142	151410	0,027655575337159236
151420	-0,078930607009056186	151420	0,010282845510199219
151430	-0,079269437405745324	151430	0,028392345620344959
151440	-0,086449453183630523	151440	0,0049536593276676118
151450	-0,087596551939579312	151450	0,022349669144313668
151460	-0,075294359904855987	151460	0,016821749122196049
151470	-0,085744091621687668	151470	0,018702584443996282
151480	-0,085551252091940075	151480	0,023238076498765688
151490	-0,093166422956392436	151490	0,025764202061895176
151500	-0,070512723051339238	151500	0,020314887272886724
151510	-0,074756360521892343	151510	0,02379497122585144
151520	-0,087346363642843775	151520	0,03796258170080262
151530	-0,062916485938846661	151530	0,022790451156738896
151540	-0,076248605379848525	151540	0,011513576267438109
151550	-0,079274993135434915	151550	0,01373898433853934
151560	-0,087744617318795043	151560	0,030824696806355203
151570	-0,080724206562515943	151570	0,032614510252146851
151580	-0,076236426474520363	151580	0,013187030482783484
151590	-0,082072791311488535	151590	0,022712542272549405
151600	-0,085045862466184868	151600	0,014086127339655592
151610	-0,072099611399780758	151610	0,014291743160707937
151620	-0,084089951314837874	151620	0,034198950464651663
151630	-0,081554073414775718	151630	0,019727467419632608
151640	-0,068111729889444181	151640	0,022570438382749275
151650	-0,089283461557802632	151650	0,02175856049033896
151660	-0,082523380694474208	151660	0,02043666978260656
151670	-0,079657227288107244	151670	0,024041526367186088
151680	-0,0813348238530461	151680	0,027403138644963188
151690	-0,075389384731691	151690	0,025484126478280539
151700	-0,094535906792974356	151700	0,0069520214757149632
151710	-0,08769776206201	151710	0,021313030122045055
151720	-0,060072245825065977	151720	0,025554803604677455
151730	-0,090345010591194513	151730	0,020294152747689313
151740	-0,083470557501469034	151740	0,026561799701238512
151750	-0,078791736517271518	151750	0,025403941950233454
151760	-0,089480822663868656	151760	0,017110530945115165
151770	-0,070607820319388517	151770	0,021476360224085708
151780	-0,087447626513378784	151780	0,025584063614691979
151790	-0,085830802266675443	151790	0,027112367680240546
151800	-0,098738700440175187	151800	0,028247645150224689
151810	-0,080996079229419066	151810	0,014924240259821404
151820	-0,061488418797797373	151820	0,010789412957332442
151830	-0,070174585321299845	151830	0,028204962189563431
151840	-0,080659732247907734	151840	0,0087435140934828629
151850	-0,076398660548999173	151850	0,029232029469176021
151860	-0,079102978860918813	151860	0,028680680235902034
151870	-0,090574919722773178	151870	0,022570707205779635
151880	-0,098845639991169	151880	0,024791641720119811
151890	-0,071462049416450624	151890	0,020601392126291834
151900	-0,081408656263221676	151900	0,0041560774704021116
151910	-0,0875906340037263	151910	0,019233612246055853
151920	-0,07284208931942647	151920	0,039302553290103695
151930	-0,085849704548087491	151930	0,01301809312537938
151940	-0,087149323628718425	151940	0,025821625379773203
151950	-0,079084276058068739	151950	0,022214041064381764
151960	-0,083278260601583068	151960	0,033136497339668031
151970	-0,078174600539117983	151970	0,025102200223876
151980	-0,088900135228668242	151980	0,013316014310033849
151990	-0,08865241030550132	151990	0,012254998365065635
152000	-0,0847648018781991	152000	0,018386440975528554
152010	-0,07652153372997976	152010	0,02387856880954882
152020	-0,08563341447853004	152020	0,021365430493842982
152030	-0,073428599053305788	152030	0,025109535741254362
152040	-0,069358935596201987	152040	0,020353020057814274
152050	-0,083611743280739	152050	0,024217618905139522
152060	-0,090600996873897985	152060	0,0033699062077467315
152070	-0,087526736750609652	152070	0,030889656011527006
152080	-0,082679601436415937	152080	0,028410123583345007
152090	-0,082127976627479934	152090	0,017989032963376176
152100	-0,082754132081635554	152100	0,022069468631756222
152110	-0,096062263723945343	152110	0,02079032991408674
152120	-0,078071506895708964	152120	0,019623353927381335
152130	-0,079625929796045616	152130	0,0070568428359692771
152140	-0,064187397375823532	152140	0,028731242066306974
152150	-0,078384202427348337	152150	0,0057202745527170909
152160	-0,09333962352000974	152160	0,014671316810239107
152170	-0,0857410193193608	152170	0,012160378577751105
152180	-0,092877969640212651	152180	0,02025740861879537
152190	-0,072902800544666219	152190	0,018132248683933077
152200	-0,088335175126957446	152200	0,0249583208131849
152210	-0,07945256046326396	152210	0,033584099556486127
152220	-0,066931437163411253	152220	0,015936318242726354
152230	-0,084220004009493	152230	0,024800103101361635
152240	-0,089506086611061922	152240	0,013378936307401671
152250	-0,083356203746005733	152250	0,016771190788256694
152260	-0,088147590126381514	152260	0,0077625239396569047
152270	-0,075140641695106189	152270	0,028533403684555588
152280	-0,083354895062829934	152280	0,011817106762895283
152290	-0,0803417145579773	152290	0,018649727976095858
152300	-0,0761980072194131	152300	0,033125788186967806
152310	-0,088019300782079979	152310	0,015303685194742504
152320	-0,074497959113744211	152320	0,03006727250206933
152330	-0,088393125614710313	152330	0,025064988642269269
152340	-0,072029142450467681	152340	0,028565634780823829
152350	-0,07607566087827472	152350	0,026289837250531058
152360	-0,072419372983655653	152360	0,020070378927149819
152370	-0,08725854562429157	152370	0,018383629714970727
152380	-0,0824581071352805	152380	0,018536853317641953
152390	-0,091328781460488381	152390	0,03166964303822533
152400	-0,081138044282386745	152400	0,017277366630658944
152410	-0,086879373632774162	152410	0,021396343843229124
152420	-0,078330518464507948	152420	0,029438707937768874
152430	-0,081532962212328738	152430	0,00516174054432547
152440	-0,073783307347103269	152440	0,02074238296545286
152450	-0,077318466586397627	152450	0,015665107814997647
152460	-0,081598472815833878	152460	0,025093090157111368
152470	-0,081324368227073826	152470	0,030578018701351246
152480	-0,073462544154469636	152480	0,015803769386486869
152490	-0,0746617826214433	152490	0,023136164400526155
152500	-0,083285633704628034	152500	0,010088861838942809
152510	-0,07601036331718955	152510	0,022782302236181232
152520	-0,07347949105274082	152520	0,0322579608222323
152530	-0,076306897117194836	152530	0,025480843831466246
152540	-0,077164043570914942	152540	0,026430920425893237
152550	-0,068935296600976761	152550	0,031388131860418125
152560	-0,078713679562401925	152560	0,027150522024408551
152570	-0,0866082996570019	152570	0,020661365631820722
152580	-0,085170568308582759	152580	0,027226843761730631
152590	-0,072037601961184472	152590	0,029589780647293951
152600	-0,085259965147379338	152600	0,02645590290202517
152610	-0,078390660728174077	152610	0,023940313457782664
152620	-0,068047400583740023	152620	0,022061208065775724
152630	-0,080590992050646723	152630	0,027184961546496102
152640	-0,084409695197673537	152640	0,019015257862254824
152650	-0,078132185723013045	152650	0,026067734812447105
152660	-0,088641997687088858	152660	0,039043929999732691
152670	-0,07854169310953503	152670	0,028586281115772744
152680	-0,077552698850296	152680	0,026350285126754327
152690	-0,075176332974309312	152690	0,025682857992778356
152700	-0,077938473255558791	152700	0,017009538264557152
152710	-0,077415578914412975	152710	0,029110613232267456
152720	-0,079981273306016371	152720	0,010772436425977713
152730	-0,082527894374708019	152730	0,011914703164323956
152740	-0,0886782920102808	152740	0,041307183779487326
152750	-0,083087794320758787	152750	0,02362893657092106
152760	-0,067714796506439467	152760	0,0224826040108005
152770	-0,069979666830836867	152770	0,02017635563360299
152780	-0,08367764054506914	152780	0,023315626876822086
152790	-0,084722836947663416	152790	0,027864067409380307
152800	-0,077316772647022164	152800	0,013486062507824062
152810	-0,081488079949282116	152810	0,017073570485637089
152820	-0,076071908027670623	152820	0,017636408857370226
152830	-0,080936819157904238	152830	0,013236004188102868
152840	-0,08684475502467176	152840	0,028017500811258211
152850	-0,089688278466506	152850	0,024328459214720943
152860	-0,076088558539491619	152860	0,029836640179411209
152870	-0,0679396841636457	152870	0,029308476960702733
152880	-0,082675334610779347	152880	0,011980986976300099
152890	-0,084220885429828612	152890	0,025128120382213216
152900	-0,077803609400437082	152900	0,039893052207022557
152910	-0,087124393409267656	152910	0,016749761794383967
152920	-0,0828966951332028	152920	0,017239493762337597
152930	-0,061085263671640078	152930	0,027120197148508923
152940	-0,077261442286052529	152940	0,014614654032676847
152950	-0,0846021187585359	152950	0,029274903768284139
152960	-0,080014871471865021	152960	0,013329673635128849
152970	-0,075209084778799715	152970	0,0351923736929753
152980	-0,076734283810231965	152980	0,00791172488496624
152990	-0,080141370130277834	152990	0,024774181906360448
153000	-0,079469705514489064	153000	0,037948952563145476
153010	-0,07847336547172995	153010	0,030236829814770511
153020	-0,085707471645399144	153020	0,011879799936468299
153030	-0,089749358131255869	153030	0,026462190184759725
153040	-0,07336074935685058	153040	0,018056835322024976
153050	-0,08579429011731636	153050	0,031493562612599231
153060	-0,07748814726294552	153060	0,010282979191987085
153070	-0,077657965479251231	153070	0,021600580698505553
153080	-0,0801427059827411	153080	0,024339023598588236
153090	-0,077219234920199747	153090	0,026107678218747418
153100	-0,089580518942761839	153100	0,024947082632754757
153110	-0,086157994155061743	153110	0,027044664777362226
153120	-0,083044775902168258	153120	0,013460256347065823
153130	-0,079103361702926048	153130	0,023418513540397576
153140	-0,073986866972110335	153140	0,012086375264042095
153150	-0,077569425751640511	153150	0,025533032837765271
153160	-0,088312201436681573	153160	0,017990694622997041
153170	-0,09680752903022137	153170	0,019775987699818587
153180	-0,073380010062535014	153180	0,034540829777308137
153190	-0,0766683428256383	153190	0,014661368875696079
153200	-0,078088781810653915	153200	0,028958062785465467
153210	-0,083140617622313756	153210	0,031211151948390612
153220	-0,0782781168150615	153220	0,01989219728598755
153230	-0,076706811370171851	153230	0,018642294417841893
153240	-0,088113517265379582	153240	0,027788314006707403
153250	-0,078131964634716083	153250	0,037981993520732955
153260	-0,081575714124549017	153260	0,01768358605207699
153270	-0,071837401512393179	153270	0,024976500731622834
153280	-0,084529780438882179	153280	0,030882795628761926
153290	-0,086733460858612554	153290	0,031391198325904535
153300	-0,070391248086221214	153300	0,0091650031198981189
153310	-0,075469515580940935	153310	0,023731771522453527
153320	-0,089715981405333	153320	0,020865296573440328
153330	-0,073894878420335666	153330	0,028922915569105753
153340	-0,078676240028611719	153340	0,00997037634942379
153350	-0,079476661894894246	153350	0,019942328468352321
153360	-0,098685965194462447	153360	0,00064558083643843857
153370	-0,086865761325680857	153370	0,018278715657003966
153380	-0,080809113210193725	153380	0,013493812983989899
153390	-0,062877444065832247	153390	0,031131106654233232
153400	-0,067224303432673632	153400	0,029508808035983543
153410	-0,088397053607487619	153410	0,026238764716432297
153420	-0,087866030189474226	153420	0,02260698279087137
153430	-0,087151477524357882	153430	0,022936489983467083
153440	-0,066353046539636112	153440	0,018734996986432356
153450	-0,079444815987318326	153450	0,015773956033341394
153460	-0,091596699237029774	153460	0,016591154659257163
153470	-0,085323303922760232	153470	0,02707596962126944
153480	-0,078115293722180665	153480	0,024191900753043057
153490	-0,079584479727587074	153490	0,025048353998011211
153500	-0,082342280304883358	153500	0,02400137549925899
153510	-0,069000058368481318	153510	0,030063228647164729
153520	-0,084517076498616409	153520	0,02001661259028854
153530	-0,077239432698356827	153530	0,031598770510912838
153540	-0,0912513396918979	153540	0,016434449312495394
153550	-0,072548228222289665	153550	0,023563789455270358
153560	-0,093592306956046409	153560	0,016493289504167744
153570	-0,076678603501970838	153570	0,021458425381601764
153580	-0,079310396737534261	153580	0,017305953069134829
153590	-0,079575406484578462	153590	0,021880098184678138
153600	-0,088795702369811436	153600	0,020521524586537804
153610	-0,079651419638572321	153610	0,013495273029512455
153620	-0,0869930235127268	153620	0,023272531474638591
153630	-0,084058986632124272	153630	0,022695376599966528
153640	-0,076842686695175161	153640	0,013064484591801949
153650	-0,085629937163590991	153650	0,015940759010269357
153660	-0,07913517876931446	153660	0,023146403256727524
153670	-0,072807103229070677	153670	0,021679188710439855
153680	-0,081052588003723391	153680	0,01177646972954634
153690	-0,08845625977222496	153690	0,013488206138841963
153700	-0,081351979975077579	153700	0,023284608693480043
153710	-0,078464941647680017	153710	0,03276696675308096
153720	-0,078456544257597	153720	0,024124067886550273
153730	-0,063764575708225746	153730	0,020375560031719451
153740	-0,087422234166087423	153740	0,016428532985871932
153750	-0,091435989451894809	153750	0,020338574565369371
153760	-0,08720847527768498	153760	0,018694678778575266
153770	-0,075310849946120292	153770	0,023180818983323703
153780	-0,081580701761841651	153780	0,017033988259674081
153790	-0,08698200694041365	153790	0,0015014967405714314
153800	-0,091966575764593633	153800	0,043590458902125581
153810	-0,071975287786158693	153810	0,0194628193848301
153820	-0,084342062596159742	153820	0,02233225308878365
153830	-0,079168967876855553	153830	0,013659270716134707
153840	-0,0622724343570035	153840	0,015842307718826547
153850	-0,0891777894191282	153850	0,020053835597412986
153860	-0,090262708469249164	153860	0,018520929010557203
153870	-0,09077052165624519	153870	0,027066842513332679
153880	-0,083873840138085992	153880	0,021587178126179447
153890	-0,092730378253932752	153890	0,012858124983232364
153900	-0,076474165568279559	153900	0,029436134384523787
153910	-0,08176742197067656	153910	0,023769564047348889
153920	-0,081017108840710658	153920	0,019463856145401318
153930	-0,070251302467904814	153930	0,028669143609462822
153940	-0,0768195193114961	153940	0,026984369759136175
153950	-0,0908605360311816	153950	0,016536005049780703
153960	-0,07840952269021817	153960	0,0198614623474462
153970	-0,083542664300298677	153970	0,026836295524712929
153980	-0,076851916271904408	153980	0,025639441964779811
153990	-0,0779044652800988	153990	0,020463889105055953
154000	-0,074005509200942357	154000	0,030982273773125193
154010	-0,09649586758134103	154010	0,018697038505319896
154020	-0,07011646508144849	154020	0,017425058934582963
154030	-0,086337772548174666	154030	0,0161487969075138
154040	-0,081640544919391669	154040	0,021070748022162539
154050	-0,079855777489941673	154050	0,037052037099926036
154060	-0,083423556000162644	154060	0,012366567297735791
154070	-0,075321751240967641	154070	0,022863239671961466
154080	-0,0771120181444705	154080	0,021940132007055333
154090	-0,0836934866677648	154090	0,026118655040131538
154100	-0,089246573503714136	154100	0,016801354849501828
154110	-0,076123672196905023	154110	0,025052994533306311
154120	-0,073861940868801684	154120	0,012287040917853546
154130	-0,091363263441715067	154130	0,0075020691796774067
154140	-0,0736266465782603	154140	0,026728204541103938
154150	-0,0769923110026296	154150	0,018948649834284126
154160	-0,0779424714279862	154160	0,025056474999258581
154170	-0,080098453947896872	154170	0,025575341384496103
154180	-0,0725782735132611	154180	0,021934097090717516
154190	-0,091664373896128692	154190	0,018717993404575129
154200	-0,096109825746354016	154200	0,026533676224180049
154210	-0,087194622725808163	154210	0,017271252692470478
154220	-0,075881145176054418	154220	0,03366929472232208
154230	-0,086771630641012246	154230	0,014060997814501838
154240	-0,074617824684593062	154240	0,038818710893530804
154250	-0,079529117842449079	154250	0,03293395447353771
154260	-0,073076916924981541	154260	0,014465951638800106
154270	-0,071063314459324137	154270	0,019454912426286285
154280	-0,079184791475083435	154280	0,025783853436736278
154290	-0,078599837992768	154290	0,024019781537045724
154300	-0,088375244830252553	154300	0,029193497204308902
154310	-0,087343261737980946	154310	0,013653537770921502
154320	-0,0973713690667922	154320	0,018350700416461641
154330	-0,082221556277696214	154330	0,0204961423364378
154340	-0,10320449884077031	154340	0,043414502147327359
154350	-0,070654440943339766	154350	0,0049175300912262338
154360	-0,085352257288202338	154360	0,03183763702776457
154370	-0,092451301354687668	154370	0,012958377247340752
154380	-0,072228013574739985	154380	0,028207982112345483
154390	-0,088401484027664179	154390	0,0088570627239696487
154400	-0,081620836729322813	154400	0,0295422813141861
154410	-0,084880226653405555	154410	0,027182312798925728
154420	-0,062890573036363043	154420	0,016840661247275346
154430	-0,0844348660798338	154430	0,015464256040384709
154440	-0,0692264689232503	154440	0,024037578594513002
154450	-0,078620843862178186	154450	0,030793943453133722
154460	-0,0809052503475164	154460	0,019669507174091279
154470	-0,09572290269618422	154470	0,0092063145702058428
154480	-0,084479021284459138	154480	0,0056593617154739638
154490	-0,089863390052816683	154490	0,03711834681840951
154500	-0,085228218799023189	154500	0,03754141962083983
EOF
